word,decade,cluster,cluster_size,rank_in_cluster,distance_to_centroid,target_word_visible,snippet
tobacco,1870,0,1900,32,3.9432,True,"portion op their btock to 90, st. mary street, formerly occupied by mr. cohen, jeweller and tobacconist, where many articles which have not hitherto been on view can now be seen to advantage. beyond d"
tobacco,1870,0,1900,71,4.1106,True,"fittings, strings, &c. new sheet music at half price. tweddell & sons, booksellers, stationers, & tobacconists, 87, linthorpe road, middlesbrough, have just received a new stock of account books, note"
tobacco,1870,0,1900,104,4.2298,True,"bird's eye returns. tobacco manufacturer, 22 and 21. bigg 11apiiet, newcistle- on-tyne. d h 311 it t 5 adlitcsscrl. darlington wire work's, 8, tubwell row, darlington. -- nivire..."
tobacco,1870,0,1900,173,4.3652,True,only tobacco manuf actory in cleveland. importan i' to smokers. briar pipes stamped a.d.p. are guaranteed againit burning and cracking. price from is each. the bo...
tobacco,1870,0,1900,192,4.402,True,"ritip,'s eye returns. titotttnqn7st: tobacco manufacturer. 22 and 24. bigg vorfri,77et, newcastle- on-tyne. dli 'ittsine3s addre,sses. orb and maddison, agricultural engineers, iron founders and..."
tobacco,1870,0,1900,209,4.4247,True,"t weddell & sons, booksellers, stationers. & tobacconists, 87, linthorpe boad. middlesbrough, have jii.t received a new stock of acrount books, note paper. knvf.lopes, photogra- phic lbums, purses, en"
tobacco,1870,0,1900,307,4.6051,True,"a pure tobacco sold everywhere in ounce packets at 3d. guaranteed by our name and trade mark vt. d. & 11. 0. wills iublitgains. 2, story square. rislsit' oorikosno4..."
tobacco,1870,0,1900,322,4.6213,True,"have removed the chinese and japanese portion of their stock to 90, st. mary street, formerly occupied by mr. conen, jeweller and tobacconist, where many articles which have not hitherto been on view "
tobacco,1870,0,1900,336,4.6585,True,"tobaccos of every description b. kiii.ruld cox, official liquidator, ill,. last .tenive lt.,.mbers, 1111.te friar's btrert. lw:u.)i4 buunid bn cc i.,ttie.tu ..."
tobacco,1870,0,1900,381,4.7112,True,"favourlte bird's ye t obacco to be had of all tobacconists in 1,2, and 4oz packets, bearing the ""black tulip and ""eagle bird's eye"" brands. proceedings will be taken against anyone infringing the same"
tobacco,1870,0,1900,395,4.7431,True,"iltvio renovjgd tl3l chinese and japanese portion of their stock to 90, st, mary street, formerly occupied by ma. coilin, jeweller and tobacconist, where many articles which have not hitherto been on "
tobacco,1870,0,1900,402,4.7516,True,"established 1740. dickinson,. tobacco manufacturer 22 and 21, bigg market, newcastle-on-tyne. 14-7-eating's cough lozenges —lmportant remedy in cases of incipient consumption. 1[47-eating..."
tobacco,1870,0,1900,411,4.7704,True,"781. registered as a. newspaper, and for transmission abroad. bird's eye returns. dickinson, tobacco manufacturer, 22 and 24, bigg 7,iapket, newcastle- on-tyne. o,tducation. rowland gregory, • ale and"
tobacco,1870,0,1900,412,4.7713,True,"j registered for 1 1 transmission abroad. i ""black jack"" a pure tobacco sold everywhere in ozykts. at 3d. guaranteed by our/me trad e man< w mold lrgood colliery company, mold,"" pleasantly surprised w"
tobacco,1870,0,1900,468,4.8585,True,"41111d's-eyi rbtiienb. dickinson, tobacco manufacturer, '42 vied 24,, 810111 yams, nnwcanyl3ii-ox-trif notice. rental surgery. messrs. l mosly —and— —son, of london, snrgeon dentists, 10, eld..."
tobacco,1870,0,1900,538,4.9478,True,"only tobacco manuf tictory in cleveland. sole a gent x for ivlllog7,rough messrs ey.& p (4inolair, 10, south street, 31iddlesbrougki 17, sussex street, mr ddlesbr..."
tobacco,1870,0,1900,542,4.9515,True,"iluce --lid. wok s ellis 6 and stationery. newspapers daily and weekly. and monthly periodicals as published. noted house for copes tobacco. market smith. place. hednesford. john stevens, high street,"
tobacco,1870,0,1900,547,4.9636,True,"bird's eye eli:urns. dtcrinson, tobacco manufacturer, 22 and 24. mg ni.kl""t. newcastle- on-tyne. dh addrezes. 3iutni darlington wire works, 8, tunivell row, darlington. w ire work of every ..."
tobacco,1870,0,1900,582,5.0127,True,"bird's eye returns. dt-munson: tobacco manufacturer. 22 and 24. mgc4- litapiiet, newcastle- on-tyne. a h )3115111m ~thidtr3e.s. tidwa rd cooke, la fruiter, &c.. 32, bondgate, darlington. f..."
tobacco,1870,0,1900,585,5.0135,True,"proof the best criterion of quality t"" procieter's tobacco, cigars, limerick roll, naelbod die. 47, piccadilly (corner of pall mall) hanley. and 25, lowerhoed row (corner of vicar-lame), leeds the bri"
tobacco,1870,0,1900,611,5.0548,True,"bird's eye returns. dickinson, tobacco manufacturer, 22 and 24, bigg market, newcastle- on-tyne. auriit. beethoven house, northgate, darlin gto n. notice of removal op piano-forte and musi..."
tobacco,1870,0,1900,629,5.101,True,"bird's-iyi riturna. dickinson, tobacco isanittactu 888, 22 and 24, bias yuma% nimaiitl3.oii-ttne. bees! bees!! bees!!! john lexiiie, clothier, :- haltwhistle, s in stock a few good ikon ad..."
tobacco,1870,0,1900,633,5.107,True,"...-in-makerfield. colliers and their pipes.—at the wigan- county police-court, on friday, william davies, collier, of ashton, was charged with having a tobacco pipe in his possession in the seve"
tobacco,1870,0,1900,642,5.1228,True,"a tobacco dei3ate. a. meeting of the wycliffs mte del imprevemeut society, warrington, wes held on monday under the presidency of the rev. j.nn toe ce. when th..."
tobacco,1870,0,1900,645,5.1308,True,"re:u-css. r'-`-rtrinson, tobacco manufacturer, 22 and 24. 1111;(1 p77f,t, newcastle- on-tyne. d n los ord and maddison, agricultural engineers, iron founders and mineral mer- chants,..."
tobacco,1870,0,1900,650,5.1375,True,"...pany, a, market ulm 41, fianicey stbeet, and market place. warrington. captains, shippers, publicans, and the trade supplied with 1.11 1 f fr 010 all tobacco. "
tobacco,1870,0,1900,652,5.1391,True,"price one penny. birds eye returns. dickinson) tobacco manufacturerj 22 and 24, bigg mabkict, newcastle-on-tyne.24 portrack lane coal depot. wm. rod d am, coal mercdant, stockton-on-tees. coals for ho"
tobacco,1870,0,1900,654,5.1422,True,"bulbs, snowdzom .i,thl good quail* the london tobacco juice an& powder, aid •tobacco rag, for the destruction of tam of all descriptions. liciv,11) manure. every man nis own painter. pea.ooch and 13uc"
tobacco,1870,0,1900,663,5.1521,True,"...ourt. wednesda y.—before the hon. j. c. dundee, m.p., chairman. alleged robbery from the person. thomas welburn was indicted for stealing el 5s and a tobacco box, belouging to john metcalfe, a"
tobacco,1870,0,1900,665,5.1532,True,"bird's eye returns. dickinson, tobacco manufacturer, 22 and 21, bigg iloket. newcastle on-tyne. 3ttsiitos addresso. (it 'alit. beethoven house. nortiiga.te, • dapilington. notice of remova..."
tobacco,1870,0,1900,672,5.1633,True,"bird's eye returns. 'dickinson, tobacco manufacturer, 22 and 24. btgg newcastle- on-tyne. d h darlington wire works, 8, tubwell row, darlington. -- wire work of every de- scription. iron an..."
tobacco,1870,0,1900,674,5.1662,True,"...on-in-makerfield. colliers and their pipes—at the wigan county police-court, on friday, william davies, collier, of ashton, was charged with having a tobacco pipe in his possession in the seven-f"
tobacco,1870,0,1900,676,5.1723,True,"bit,p's eye itel'l!),:\:,3. dickinson: tobacco manufacturer 22- an 24, big a""kft, .ne‘it.a.stle on-tyne. • • 111 t btetho wen. 7touse, ""northgate, darlington. • no7ice of removal of piano-forte an..."
tobacco,1870,0,1900,683,5.1818,True,"cigar and tobacco business 26, ti t. main stu eet, :ind trusts that by strict attention to the condition and quality of these articles to obtain a share of their euppo..."
tobacco,1870,0,1900,699,5.2151,True,"... and day school, norton road, stockton. the duties of miss leng's school will be resvmed on wednesday. 27th instant. isw established 1740. dickinson, tobacco manufacturer, 22 and 24, rio° mark"
tobacco,1870,0,1900,708,5.2322,True,tobacco manufacturers aberavon. iihe tobaccos prepared by the above firm are .1 acknowledged to be the bust and cbeapost inthe market.. 6005 prat% ting! prin...
tobacco,1870,0,1900,721,5.2588,True,"bird's eye returns. dickinson, tobacco manufacturer, 22 and 24. digg k""-t.:7,t, newcastle- on-tyne. 1 h 33 11511105 zddrous. ord and mad'dison, agricultural engineers, iron founders and mi..."
tobacco,1870,0,1900,722,5.2623,True,"bird's eye returns. ptcktnson, tobacco manufacturer, 22 and 24. btgg maiet, newcastle- on-tyne. d h (rd and maddison, i-, agricultural engineers, iron founders and mineral mer- chants, coa..."
tobacco,1870,0,1900,724,5.2643,True,"bird's eye returns. inciunson, tobacco manufacturer, 22 and 21. digg ma.pi:f.t, newcastle- on-tyne. d h oiid and maddison, agricultural engineers, iron founders and mineral mer- chants, co..."
tobacco,1870,0,1900,725,5.2662,True,"a_ • r • 4. ta:lim; iyre r int s on, tobacco manufacturer. 22 and 24. digg mat, newcastt e- on-tyne. d h 311 cox's yorkshire spice. keen the vp+erinary, frnrn vonr door. by nainv th a above for ..."
tobacco,1870,0,1900,726,5.2663,True,"other optic,. a rthitil simpson, (late a. turnees,) wholesale and retail tobacconist, deal* in foreign cigars, meerschaum and other fancy pipes in great variety. smith's tobaccv tillpplied, walking st"
tobacco,1870,0,1900,728,5.2688,True,"bird's eye returns. dickinson, tobacco manufacturer, 22 and 24, bigg market, newcastle on-tyne. beethoven house, northgate, darlington. notice of removal of piano-forte and music-rooms. mr..."
tobacco,1870,0,1900,729,5.2691,True,tobacco manufacturer abera von. jones's celebrated star return. the tobacco manufactured at this factory is the best and cheapest in the market. 8068 scab in...
tobacco,1870,0,1900,731,5.2742,True,"a tobacco dei3ate. a. meeting of the wycliffs mte del imprevemeut society, warrington, wes held on monday under the presidency of the rev. j.nn toe ce. when th..."
tobacco,1870,0,1900,732,5.2777,True,"what is snuff alleged fraud on the customs. at the dale-street police court, on thursday before air. kafdes, francis baker, tobacco manu- facturer, stockport, was summoned for attempt. ing to defraud "
tobacco,1870,0,1900,739,5.2836,True,"established 1740. g. t. dickinson, • tobacco manufacturer, g 2 and 24, bigg market, newcastle- on-tyne. west hartlepool academy, conducted by mr j. k. anderson., of belfast college, and college ..."
tobacco,1870,0,1900,744,5.289,True,"bird's eve returns. dickinson, tobacco manufacturer, 22 and 24, bigg liatqut, newcastle ,)n-tyne. ‘ll mac. beethoven house, northgate, darlington. notice of removal of piano-forte and musi..."
tobacco,1870,0,1900,755,5.3083,True,"bird's eye returns. dickinson, tobacco manufacturer, 22 and 24. bigg lifts.tt.et. newcastle- on-tyne. h 111,5iltess addre.sso. ord and maddison, agricultural engineers, iron founders and m..."
tobacco,1870,0,1900,766,5.3316,True,"estao 41s11 ed 1740. dickinson, tobacco manufacturer, 22 and 24 1i1440 market, newcastle-0-tyne. 7,404 education. albeat ac 'i )eniy, 38 & 40, marton road. ml i..sbr mgh. principal t. k. bl..."
tobacco,1870,0,1900,772,5.3348,True,"police niai alleged ribbbery of tobacco at kocused. olice court, t ;dewsbury. joseph nortt timothy connolley and michael gillaghan, both of -king fellow, fritawgreen, two little boys, vere ..."
tobacco,1870,0,1900,790,5.3628,True,"price one penny .birds eye rbturnr. dickinson, tobacco manufacturer 2 and 4, bigo maribt niwcastlz-on-t ine. 240 udboi4 • pybus, ud'ic accountants, auditors, mortgage firokere, and commercial agents. "
tobacco,1870,0,1900,792,5.3671,True,"(ening of a branch establishment, top of piccadilly, hanley. at this old prices. dark tobacco, 33. 6d. per lb., op 3d. per oz. limerick roll, pigtail, nailrod, cut caven- dish, and target, 33. 6d. per"
tobacco,1870,0,1900,799,5.3795,True,"...-in-aiakerfield. colliers and their pipes.—at the wigan county police-court, on friday, william davies, collier, of ashton, was charged with having a tobacco pipe in his possession in the seven"
tobacco,1870,0,1900,800,5.3797,True,"bird's eye returns. dickinson, tobacco manufacturer, 22 and 24. bigg mapiiet, newcastle- on-tyne. a h william bolton, is, northgate darlington, begs to thank his friends and the public for..."
tobacco,1870,0,1900,806,5.3948,True,"cigar and tobacco business a'r 26, st. miry street, and trusts that by trict attention to the condition and quality orthese articles to obtain a share of their support..."
tobacco,1870,0,1900,810,5.4001,True,"... toi3 cco.—before the borough magis- trates, a moitte lambert. a boy about fifteen years of age, from jersey, was charged with stealing a quaniity of tobacco from the ketch, standard"
tobacco,1870,0,1900,819,5.4176,True,"robbery of tobacco from tioulondon and north wertnrn railway. at merthyr pollerecond, on satttrday, thomas jones, diner, mid 23, and lds wife hannah, aged 120, were dad..."
tobacco,1870,0,1900,821,5.4232,True,"•birds bpi re t ur,r 8. • dickinson, tobacco manufacturer, 2 1 and 24, bigig market newcastlz-on-tyns. 240 the new life assurance system. positive government security life assurance society. chi..."
tobacco,1870,0,1900,833,5.4537,True,"foreign toy warehouse cigar and tobacco merchan t, 4, king-strezt, wzymoitth, adjacent to the railway station, the shore, and the esplanade. all kinds of children's sand spades, pails, ago...."
tobacco,1870,0,1900,834,5.4559,True,"bird's eye returns. dickinson,! tobacco manufacturer, ia and 24, rigg- ica9ett. newcastle on-tyne"": it's a fact! what's a fact? wj. robertson & co. have • opened th- premises, ne. 2, nvestb..."
tobacco,1870,0,1900,835,5.4569,True,"...- 0 34 0 3 0 34 0 :23 o 9 1 2 0 10 o 10 o 10 12 1 4 o 11 p. b. “:. 0 9 0 9 o 10 r 0 11 1 0 1 4 i. d. 31 7 2 vall,l s one oz. packet, 31. oold friend"" tobacco 0017 in oz. and halt-z. packots, protec"
tobacco,1870,0,1900,843,5.4652,True,tobacco ma nupacturers aberavon. 111118 tobaccos prepared by the above firm are .1 acknowledged to be the 111 st and cheapist inthe markets. 5005 pitnernio p...
tobacco,1870,0,1900,844,5.4659,True,"what is snuff alleged fraud on the customs. at the dale-street police court, on thursday before air. kafdes, francis baker, tobacco manu- facturer, stockport, was summoned for attempt. ing to defraud "
tobacco,1870,0,1900,850,5.4758,True,"the tobacco pipe wtartes. a. mass meeting was held on monday, at the prince of wales, banner-street, st. lukes, mr. george watts in the chair, who said the prese..."
tobacco,1870,0,1900,854,5.4785,True,"misfamiusits ammo. gnat jones & m'lean, tobacco maiv u facturb.rb aberavon. the tobaccos prepared by the above firm are acknowledged to be the mist and chearett in the markets. 61:03 aperhangiitob...."
tobacco,1870,0,1900,856,5.4817,True,"est.ktiligaiied 1740. g. t. dickinson, tobacco manufacturer, 22 and 24, bigg market, newcastle- on-777,7-1. christmas pre9ents and new year's gifts. _1 d. rtjtherford, t-f• 4, bondgate, darlington..."
tobacco,1870,0,1900,862,5.487,True,"cigar and tobacco business at 26. st. ma.ry street, and trusts that by strict attention to the condition and quality of these articlea to obtain a share of their suppo..."
tobacco,1870,0,1900,865,5.4906,True,"establisited 1740. g. t. dickinson, tobacco manufacturer, 22 and bigg market, newcastle. on-tyne. rulford field house, york. 'conducted by mrs armstrong. this establishment is strongly recorn- ..."
tobacco,1870,0,1900,871,5.495,True,"birds eye returns.-- dickinsa, tobacco manufacturer, 92 and 14, bigg market newcastle-on-tyne. 240 cleveland academy corporation-roab, middlesbrough. particaral--dn'vx. grieve, 8.a., ll.d...."
tobacco,1870,0,1900,877,5.5042,True,"11 • i-- g. t. dickinson, k: tobacco manufaci urer, 22 and 21, bigg market, newcastle- on-tyne. john f. craggs, buii der, joiner, undertaker, licensed valuer, &c., 37, hume-street, stock..."
tobacco,1870,0,1900,882,5.5157,True,"rept in stock. observe the address richard r. abraham, wholesale and retail tobacco and cigar merchant 105, stafford street, hanley. the vriginal sausage and pork pie est ablishment. charles keates, p"
tobacco,1870,0,1900,888,5.5267,True,"r. one p, price establibhb_ 1740. dickinson, tobacco manufactijr er, 22 and 24, bigg market, newcasttean-tyne. 240 theatre royal, middle sb ro'. proprietor mr john ineson. manager mr flosecz butler. t"
tobacco,1870,0,1900,891,5.5275,True,"established i dickinson, tobacco manufactur er, 22 and 24, big° market, newcastle-on-tyne. 2124 robinson de dennis, auctioneers and valuers, sale room, bridge street west, middl esbr..."
tobacco,1870,0,1900,899,5.5468,True,"police courts. d a le-street.—satiirday. allzgld thyst os tobacco.—a young girl, named christina packwood, was remanded for a week on a charge of stealing a quantity of tobacco and cigars belonging to"
tobacco,1870,0,1900,903,5.5512,True,"an athlete on alcohol. writing to a correspondent who had asked ma opinion as to the use of alcohol and tobacco in athletic exercises, mr. /team, the champion cruller, says i have to state that in my "
tobacco,1870,0,1900,905,5.5537,True,"birds eye returns. dickinson, tobacco manufacturer, 22 aim 24, bigg market newcastle-on-tyne. 240 middlesbrough high school was ne-opened on monday, .taa. toth. tems,lke.oesy be obtaiaed ..."
tobacco,1870,0,1900,907,5.5584,True,"bird's eye returns. dickinson, tobacco manufacturer, 22 and 24. digo mapt:et, newcastle- on-tyne. ah rphe south durham and north york branch of the -royal so- ciety for the prevention of c..."
tobacco,1870,0,1900,909,5.5636,True,"top of piccadllly, hanley. kt the old prices. bare tobacco, 32. 61. per lb., or 31. per on. limerick roll, pigtail, nailrou, cut cavsn- disk, sod taii4et, 3.1. 6d. per lb., or 3d. per 02. super bright"
tobacco,1870,0,1900,913,5.5717,True,"staincliff e. ceeeist churcie"" yinniu men's i.3itf.oveizent class.— tobacco and snuff:"" was the topic discussed by the mem- bers of this class on monday evening last. mr- j. e. thurman introduced.the "
tobacco,1870,0,1900,914,5.5735,True,"'new wholesale and rettzil tobacco and cigar scores, 63, high street, tßekween the black lion and vane arms hotels,) stockton-on-tees. henry i_jaing begs to inform the public of stockt..."
tobacco,1870,0,1900,915,5.5745,True,"bird's-eye returns. dickinson, tobacco manufacturer/ 22 and 24, bine market, newcastle-on-i'mr. the wedding day. f"" a good gold ring you cannot go to a bet- ter or cheaper establishment in..."
tobacco,1870,0,1900,927,5.5898,True,"birds rjr returns.. dickinson, tobacco manuf act""r r 29 and 24, bigg market newcastle-on-tyne. 240 cleveland academy corporation-road, middlesbrough. piuncipal—dii wm. grieve, 8.a., ll.d. ..."
tobacco,1870,0,1900,929,5.5919,True,"babe""! d i.:atleit 17 6 33ds. tobacco k cigars. every va ioty of pipes. books, magazines, and music on hand or pro- geny& to ode'. bibles, pieytv books, cku b services, and hymn books aor..."
tobacco,1870,0,1900,932,5.5954,True,"larceny at maestro. a man named ;phomas smith was chaqied by p.c. .bcynon with stoaliog a sovereign, a shilling, and a tobacco box, tl,e property of thomas lee, collier, maesteg. thomas lee said that "
tobacco,1870,0,1900,933,5.598,True,"bird's eye returns. dickinson, tobacco manufacturer, 22 and 24. bigg map.iiet, newcastle- on-tyne. d h fard and maddison, agricultural engineers, iron founders and mineral mer- chants, coa..."
tobacco,1870,0,1900,935,5.5996,True,"finest double tulipo russian mats. silver sound. tobacco paper for fumigating mushroom spawn. split and whole boiling new. harricot beans. indian corn, and every article in the trade. wedding and othe"
tobacco,1870,0,1900,945,5.6101,True,"...----- -- the snoring propensity in youtil—wrint charles johnson and archibald murray, two boys, were charged with having stolen a cake of caven- dish tobacco front the shoo of henry g"
tobacco,1870,0,1900,950,5.62,True,"richmond herald, south imr, established 1740. g. t. dickinson, tobacco manufacturer, 22 and 24, bigg market, newcastle- on-tyne. .a.dies' school, o, attnlch- --1-a street, west 1-iartleporol. the miss"
tobacco,1870,0,1900,953,5.6262,True,"foreign toy wareciouse cigar and tobacco mercha.nr, 4, king-street, weymouth, adjacent to the railway station, the shore, and the esplanade. all kinds of children's sand spades, pails, &c., ..."
tobacco,1870,0,1900,963,5.6379,True,"king street toy warehouse. henry edgson, wholesale and retail english and foreign toy warehouse cigar and tobacco mer.chan.c, 4, king-street, weymouth, adjacent to the railway station, the shore, and "
tobacco,1870,0,1900,964,5.6396,True,"birds rife returns. dickinson, tobacco manufactur er, 22 aird 24, bigg market ne wcastli-on-tine. ho • • 187$. great annual' drapery clearance sale, during the month of february, messrs ca..."
tobacco,1870,0,1900,966,5.6447,True,"widnei3day. charge oe semaling and raman:go toragco. —james syron, a rough-looking youth, was charged on suspicion with having stolen a roll of tobacco, valued at £l4, from the shop of thomas wilkinso"
tobacco,1870,0,1900,967,5.6451,True,"james slade, t.. inform his ;thl the inh, weymouth generally, thdt he has entel,r,l int() the cigar and tobacco business 20, st. 31. rl' street, .katl trusts that i.y ,triet. att.•;:ti 1) to the confl"
tobacco,1870,0,1900,969,5.6536,True,"new wholesale and retail tobacco and, cigar stores, 63, high street, (between the back lion and vane arms hotels,) stockton -on-tem. henry t_jaing 13. to inform the public of stockto..."
tobacco,1870,0,1900,971,5.6576,True,"j;a.maica tobacco. the following is an extract from the report of sir joseph hooker, royal raw gardens, for the past year ""the history of the development of the tobacc..."
tobacco,1870,0,1900,972,5.6585,True,"sale of a tobacconist and confectioner's stook. mr. t. g. bryer has received instructions from the trustee, to sell by auction, on fiuny, july 6th, 1877, the whole of ..."
tobacco,1870,0,1900,976,5.6661,True,"established 17m). dickinson, tobacco manufacturer, 22 and 24, bigg market, newc astle-oti-tyne. 240 a miss appleby's day school for yoe og ladies, corporstion•road, middlesbrough, bs ita..."
tobacco,1870,0,1900,977,5.6684,True,"cigar and tobacco business .‘..:' ...‘l, st. .7%1 ai; y st it e et, and frusta that by ftrict attention to the condition and quality of these article to obtain a share..."
tobacco,1870,0,1900,980,5.6791,True,"birds eye returns. dickinson, tobacco manufacturer, 22 and 24, bigo market newcastle-on-tyne. 240 oleveland academy n.., corporation-road. middleserouge. principas—da wu. grieve, 8.a.., l..."
tobacco,1870,0,1900,981,5.6814,True,"bird's eye retiiiiiss. tirrittmtc4on, tobacco manufacturer, 22 and 24. lugg 14tat'tzet. newcartt,e. on-tyne. beethoven fouse. northgate, 'darlington. notice of removal of piano-forte and music-ro..."
tobacco,1870,0,1900,983,5.6857,True,"a tobacco dei3ate. a. meeting of the wycliffs mte del imprevemeut society, warrington, wes held on monday under the presidency of the rev. j.nn toe ce. when th..."
tobacco,1870,0,1900,984,5.6869,True,"general printing orders executed with neatness, and at moderate charges. offices :—qu:en strut, bridgeitd. t. e. jones. (late jones and bi'l(an), tobacco manufacturer a beeavon. jones's celebrated. st"
tobacco,1870,0,1900,986,5.6922,True,"sale of a tobacconist and confectioner's stook. mr. t. g. bryer has received instructions from the trustee, to sell by auction, on fiuny, july 6th, 1877, the whole of ..."
tobacco,1870,0,1900,990,5.7008,True,"birds eye returns. dickinson, tobacco manufactur er, 22 ur 24, bigg market newcastle-on-tyne. 240 at iddlesb rough high school kv a- was re-opened on monday, july 29th. tenws,km,sosy be o..."
tobacco,1870,0,1900,992,5.7028,True,"bird's eye returns. dickinson, tobacco manufacturer, 22 and 21, mg market, newcastle- on-tyne. 4 beethoven house. northgate, darlington. notice of removal of piano-forte and music-rooms. 3..."
tobacco,1870,0,1900,993,5.7033,True,"3ind'b-by-1-11111turnb. dickinson, tobacco manufacturer, 22 and 24, bios ma11"" nwimaiitui-on.tiiiii. notiob. dental surgery. messrs. b. mosely and son, of london, burgeon dentists, 10, eldon s..."
tobacco,1870,0,1900,997,5.7076,True,"esta.blisiied 1740. • g. t. dickinson, tobacco manufacturer, 22 and 24, bigg market, newcastle- on-tyne. the misses watson receive young ladies to instruct in the usual branches of an english educ..."
tobacco,1870,0,1900,998,5.7078,True,"bird's eye •.eturns. dickinson, tobacco manufacturer, 22 and 24, dig g mkpket, newcastle 0-tyne. sausage chopping and mincing machines and fellers, suitable for butchers. confectioners, hot..."
tobacco,1870,0,1900,1001,5.7122,True,"im9ky i chimneys. ggb _ .n.. c c to, --""' --, •, • .. i '8 superfine bristol birds.ete, thislifeated tobacco manufactured only by ed wards, iringer & co., bristol, is allowed to be superior p? any oth"
tobacco,1870,0,1900,1003,5.7186,True,"cigar and tobacco business at 26, st. mary street, and trusts that by strict attention to the condition and quality of these articles to obtain a share of their suppor..."
tobacco,1870,0,1900,1004,5.7189,True,"eye !:eturns. .ptck/nson, tobacco manufacturer. 22 ayr) 24. 131gc, *nfat,v.7..t. newcastle on-tyne. }mete 0"", en 'rouse, northgate, dat!lington. -- notice of removal of piano-forte an..."
tobacco,1870,0,1900,1009,5.7266,True,"tobacco papers, &c. • •': • garden seeds of the best quality. miticroit's little heath melon plants. cucumber plants of the best quality, including blue. gow..."
tobacco,1870,0,1900,1012,5.731,True,"the trade supplied wholesale lc retail tobacco warehouse, five ways, ciiai)lei- heath t homer, pliqp 1 notice. innkeepers', grocers', and oteilr businesses, an e speedily & effectively transferred..."
tobacco,1870,0,1900,1014,5.7322,True,"birds zyz dickinson, tobacco manufactrabb • and 4. n maryet newcastli4-on-tyne. 240 to famers, asmienltoratists, three and cattle dealers. no charge made for any a, titles remain..."
tobacco,1870,0,1900,1015,5.7329,True,"the week's gossip. cope's tobacco plant."" one of the oddities of literature is cope's tobacco plant,"" a monthly publication devoted to puffing ""the weed."" and this it does in a way wh..."
tobacco,1870,0,1900,1017,5.7355,True,"tc 711‘nle- rin-d htt'na d south durham and north york review. no. 626. 11riaistered for transmission abroad. established 1740. g. t. dickinson, tobacco manufacturer, 22 and 24, 1316 g market, newcast"
tobacco,1870,0,1900,1018,5.7394,True,"~-. 00rtrurrx article 001- pure american tobac dickinson, tobacco manufactiiittit, 22 and 24, biog marbiit, newcastle-on•tynz. fides look out for tue grratest treat 01 the season. agrand open air conc"
tobacco,1870,0,1900,1021,5.7424,True,"there's no sweeter tobacco comes from virginia, and no better bram the 'three castles.' vide ""the virginians."" only in and cigarettes, protected by the name and trade mark. ""di..."
tobacco,1870,0,1900,1027,5.7489,True,"...i north york review. no. 627• rbotaticred at the general post office as news- faper, and for tbansmibsion abroad. established 1740. g. t,. dickinson, tobacco manufact"
tobacco,1870,0,1900,1029,5.7496,True,"birds eve returns. dickinson, tobacco manufactur kr, 22 and 24, bigg mkrickt nrwcastle-on-tynk. 240 r • to* • • • • j i r 6 4 ,••• • • 4873. t, • • ,t • • •'0 k • • .r'tt .7.lseenar.“. al..."
tobacco,1870,0,1900,1031,5.754,True,"american items. dolma dr mouth of ji • single tobacco company yonmesta all•mitaelined 1,600 imo dams twarty.live 'ming 3lormon women are atudying molls. at fallt dear we numerous in virginia. when, th"
tobacco,1870,0,1900,1034,5.7632,True,"cigars! cigars!! cigars c4l sample boxes, at wholesale prices, can be. lad art t garner's noted tobacco tr • cigar store, 16, rope street, 11.a.nliet the fragrant weed, to smokers dear, come purchase "
tobacco,1870,0,1900,1041,5.7797,True,"widnei3day. charge oe semaling and raman:go toragco. —james syron, a rough-looking youth, was charged on suspicion with having stolen a roll of tobacco, valued at £l4, from the shop of thomas wilkinso"
tobacco,1870,0,1900,1043,5.7827,True,"estait lashed 1740. dickinson, tobacco manufacturer, 22 and 24, big() market, newcastle-on-tyne. 240 a the wonder of middlesbro'. tune—"" the campbells are coming."" -- what a wonderful deal..."
tobacco,1870,0,1900,1044,5.7846,True,"occas lona l notes. the tobacco questibi.r. all that courbe said in favour of the proceedings of the dock board on thursday is that they are consistent."" this was all the credit mr...."
tobacco,1870,0,1900,1046,5.7876,True,"[bird's eye returns. dickinson, tobacco manufacturer, 22 and 24. bigg mapi:et, newcastle- on-tyne. d h 31tusic. beethoven house, northga.te, darlington. notice of removal of piano-forte and..."
tobacco,1870,0,1900,1049,5.7904,True,"established 1710. dickinson, tobacco manufacturer, 22 awn 24, bigg market, newcastle-on-tyne. 240. the wonder of itiddlesbro'. turns—"" the campbells are coming."" -- what a wonderful deal..."
tobacco,1870,0,1900,1050,5.7917,True,"the cost of tobacco to the na'iion. ---- upon this rierootic the britieu nation is esti- mated to bees spent, between 1801 anu 1879, the sum a £178,000,000 sterling, and..."
tobacco,1870,0,1900,1052,5.7976,True,"hy. rodolie.. mr: b. hearne. first officer of muse t)ms, egpinined that .1.2!) ol foreign manufactored tobacco lens fund in a recess covered by .secret pan.-1 itt the.. htt rcastle of the stesmo.hip p"
tobacco,1870,0,1900,1053,5.7999,True,"tea and coffee at any hour. chops and steaks. tobacco and cigars of the finest brands. j. 11 unt er, wholesale and family grocer, corn, flour, & provision merchant, liverpool rouse, 1 & 3, paxton st,,"
tobacco,1870,0,1900,1057,5.8093,True,"estai3lisiied 1740. dickinson, tobacco manufacturer, 22 and 14,81gg market, newcastle-on-tyne. albert academy, 38 & 40, marton road, middlesbrough. purucan.: t. k. braithwaite, late of the..."
tobacco,1870,0,1900,1058,5.8135,True,"a, 60, 62, 64, 66, lord dtbeet, livfrpool captains, ishippans, publicans, and the trade supplied with i i' cigars, tobacco: 0080 e beckett and company, cioar merchants, wholesale tobacconists, ivoto f"
tobacco,1870,0,1900,1060,5.8147,True,"haberdashery goods. tobacco & cigars. every variety of pipes. books, magazines, and music on hand or pro- cured to order. bibles, prayer books, church services, and hymn books a..."
tobacco,1870,0,1900,1062,5.8188,True,"baskets, moth trunke, and camphor boxes.' oribytal cilia dolls, tobacco jam, an.l a ariety of articles far to numerous g. mration in an whet-theme:a, which...ill be found wen worth • vuit flngstration"
tobacco,1870,0,1900,1067,5.8313,True,"established 1740. g. t, dickinson, tobacco manufacturer, t 2 and 24, bigg market, newcastle- on-tm. tb e misses watson receive young ladies for instruction in the 'netted tra'nehes of an engli..."
tobacco,1870,0,1900,1069,5.8341,True,"local and district news. theft of tobacco at stocieton.-011 friday morning three youths, named john thompson, william green, and william williams, were placed in the dock at the fitockton bor..."
tobacco,1870,0,1900,1070,5.8366,True,"birdei eye betuiti4b. dickinson, tobacco manufacture it and 4, 13100 market newcastly-on-tyne. cleveland academy, corporation road, middlesbpough. principal: dr. wm. grieve, 8.a., ll.d. the ..."
tobacco,1870,0,1900,1075,5.8439,True,"foreign toy warehouse cigar and tobacco riercra.nr, 4, king-strzikt, witmouth, adjacent to the railway station, the shore, and the eop au kbids of children's sand spades, pails, dco., in st..."
tobacco,1870,0,1900,1076,5.8443,True,"mi ddlesb rough borough police court. thursday. —(before mr. t. dalkin, mayor, and mr. h. thompson.) smuggling tobacco. —johan benchard jan- sen, mate on board the schooner lugeborg anne, from breyig,"
tobacco,1870,0,1900,1078,5.849,True,"bird's-ye 11,11tiiens. dicilinson, tobacco manufa.ctubeb, 22 and 24, bum winrearna.ow-trws. dental surgery. messrs. n. mosely and son, of london, surgeon dentists, 10, eldon square, new. martl..."
tobacco,1870,0,1900,1083,5.8533,True,abera.von tobacco manufactory. we found on the occasion of a recent visit to the i ancient borough that the above local branch of manufacture has been revived. the bus...
tobacco,1870,0,1900,1088,5.8663,True,"established 1740. g. t. dickinson, tobacco manufacturer, 22 and 24, bigg market, newcastle- on-tyne. under distinguished patronage.- geor4e dent, pianoforte and harmonium tuner, 14, commercial..."
tobacco,1870,0,1900,1089,5.8726,True,"...ay.—before the mayor and aid. thompson. smuogling.—johan benchard jonsen, mate of the schooner ingeborg anne,"" was charged with smug- gling 4ilbs. of tobacco yesterda"
tobacco,1870,0,1900,1090,5.8733,True,each guaranteed. foreign ci g are. cops brothers is co. bag to aanoone• that they hare &un to their workta special department for this branch ore tobacco busispil. au the bess brands 1/4441 h lvanl ma
tobacco,1870,0,1900,1092,5.8789,True,"meerschaum pipes. also a splendid assortment of sealskin cigar cases, tobacco boltbes, /11\1) itsee boxes and other articles in great variety. the choicest tob_a_ccos. wilsons scotch snuff- field, 92,"
tobacco,1870,0,1900,1096,5.8872,True,"c9rp°.lvld• price one penny. birds eye returns. • dickinson, tobacco manufactur bi 22 amp 44, bigg wariest, newcastle-on-tyne. 140 ""bode ga hot and cold luncheon, bd and 8d 'nab. at v jp fish dinner e"
tobacco,1870,0,1900,1100,5.8908,True,abera.von tobacco manufactory. we found on the occasion of a recent visit to the i ancient borough that the above local branch of manufacture has been revived. the bus...
tobacco,1870,0,1900,1101,5.8919,True,"... to announce that he ha received his sainual supply of flowering bulbs, hyacinths, crocuses, snowdrops, tulips, of the usual good quality. the london tobacco juice and powder, and tob"
tobacco,1870,0,1900,1102,5.8977,True,"bl ack jack. a pure tobacco sold everywhere in ounce packets at 3d. guaranteed by our name and trade mark y. d. & h.. o. wills john woodaitl, family grocer & tea dealer cumberla..."
tobacco,1870,0,1900,1107,5.9077,True,"t e jonis, (late jones and wlean), tobacco manufacturer, aberavon. the tobacco manufactured at this factory is the best and obeeptet in tie market. son graham 'young, d.d.s., dental surgeon, n..."
tobacco,1870,0,1900,1111,5.9111,True,"_ iuiddlesbrough high school. am- the peat quarter will eomem oa monday, aril 3rd. fm: 35s a-quarter. john sewell, 13.11 heed master. pure american tobacco. dickinson, tobacco manufacturer 2 2 and 24,"
tobacco,1870,0,1900,1113,5.9165,True,"...! con be la! of all tolneconists, in i. 2, and 4,5 z. packets. hand's cfif.yry blossom smoking mixture! manufactured from the first seloct,d american tobaccos. a rich flavoured ainekiog mi"
tobacco,1870,0,1900,1115,5.9184,True,"no, 816. bird's eye returns. 'picrinson, tobacco manufacturer. 22 a.l) 24, eigg mapket, newcastle on-tyne. d h ltumt. beetiioven fouse. icortiigate, darlington, notice of removal or piano-forte and ..."
tobacco,1870,0,1900,1116,5.9236,True,"2s. 911.4""1gat; itivatte""i.. d bottle, :rice is it sod co, lam&y. clarke, chemist, .•ii•ow'''—'----.-- all unpleaßant tobacco qtoke. floun-xxx i—troz th3 tthirrit and biniatii.-41 few drops of the liq"
tobacco,1870,0,1900,1118,5.9288,True,local and district news. we have had to leave over our report of the anti. tobacco meeting at middlesbrough and several other items of news. we understand that the stockton tradesmen's bail is fixed f
tobacco,1870,0,1900,1119,5.931,True,"• ataatsj it ...., ared at the general post ofdoe for transmission abroad i no. 581. education. pure american tobacco. miss appleby's day school, 105 dickinson, guseisgate tarmacs, middlesbrough, sill"
tobacco,1870,0,1900,1123,5.9418,True,"walter worren, • • 115 a 116, new road, great brit/ge, importer of the finest qualities of tobacco and snuff, for which this establishment bas been so long famous. w. w. would direct particular attent"
tobacco,1870,0,1900,1126,5.946,True,"bird's eye returns. dickinson, tobacco manuacturer, 22 and 24. btog newcastle- on-tyne. d h _ a toincz' ..addrcssts.' beetb 0 vex house, northgate, • darlington. notice of removal of piano..."
tobacco,1870,0,1900,1127,5.9477,True,"nipp's eyt4i p.f.turns. tyriiittnnon. tobacco ivianitfactureb. 22 and 24. moo- matf.t. newc./61-t.f,- on-tyne. ilb xlitointo addroscs. (rd and 'iviaddison, agricultural engineers, iron founders a..."
tobacco,1870,0,1900,1130,5.957,True,"w al ter w 0r ren, 115 & 116, new road, great bridge, tmporter of the finest qualities of tobacco and snuff, for which this estab- lishment has been so long. famous. w. w. would direct particular atte"
tobacco,1870,0,1900,1137,5.9747,True,"established 1740. dickinson, tobacco manufacturer, 22 and 24, bios market, newcastle-on-tyne. 240 a the wonder of middlesbro'. tc.nb—"" the campbells are coming."" -- what a wonderful deal..."
tobacco,1870,0,1900,1141,5.9834,True,"tobacco statistics. in the list of american exporlb tobacco takes the fifth place, cotton, wheat, petroleum, and the precioom meals exceeding it iu value as ..."
tobacco,1870,0,1900,1144,5.9882,True,"established 1740. dickinson, tobacco manufacturer, 22 and 24,8 ilie market, newcastle-on-ttnii. 240 a the wonder of middlesbro'. tune—"" the campbells are coming."" what a wonderful dealer..."
tobacco,1870,0,1900,1147,6.0011,True,"the smoker's bonbon immediately end effectually removes ye wile •ild &t ef tobacco from the month and breath, sod reales"" them perfectly free end clean. if one or two sr. urea after smoking, every gen"
tobacco,1870,0,1900,1149,6.0061,True,"establismed 1740. g. t. dickinson, tobacco manufacturer, 22 as6 24, bigg market, newcastle- on-tyne. a misses watson receive young ladies for instrdction in the usual tratches of an english ed..."
tobacco,1870,0,1900,1152,6.0114,True,"cigar and tobacco business at 26, st. mary street, and trusts that by strict attention to the condition and quality of these articles to obtain a share of their suppor..."
tobacco,1870,0,1900,1155,6.0138,True,"wholesale tobacco and cigar merchant, 8, park street, walsall. publicans and shopkeepers will find this one of the with a pair of ass's ears, are about the only re- ch..."
tobacco,1870,0,1900,1156,6.0141,True,"ecclesiastical views of smoking the following extracts are fr nil ""cope's tobacco plant"":— an englishman once went up to the garret of his house to see something horror of horrors be found his son smo"
tobacco,1870,0,1900,1157,6.0143,True,"birkenhead. smuggling tobacco.--john kelly, cook on board the aconcagua, one of the pacific couipany's steamships, lyiug he the morpeth dock, was brought up obargal with nulewfull..."
tobacco,1870,0,1900,1158,6.0165,True,"police niai alleged ribbbery of tobacco at kocused. olice court, t ;dewsbury. joseph nortt timothy connolley and michael gillaghan, both of -king fellow, fritawgreen, two little boys, vere ..."
tobacco,1870,0,1900,1159,6.0169,True,"44411**, nt all gawp* (leto donee tobacco manarfa.c.ture aberatoif. the tni-- allred beet r market. and cheapest in the f a n, n. i e at this factory is the rushee. fancy stationer, toys, 'be..."
tobacco,1870,0,1900,1161,6.0214,True,"american items. dolma dr mouth of ji • single tobacco company yonmesta all•mitaelined 1,600 imo dams twarty.live 'ming 3lormon women are atudying molls. at fallt dear we numerous in virginia. when, th"
tobacco,1870,0,1900,1162,6.0242,True,"pure american tobacco. dickinson, tobacco manufacturer 22 and 24, bigo market, newcabtle-on-tyne. 24ea -viiddlesbrough high school. it the next quarter will commence oa mo..."
tobacco,1870,0,1900,1163,6.0254,True,"and general ad birds eye returns. dickinson, tobacco manufacture et 22 4iro 24, bigg mi bet newcastle-on-tyne. 240 77,e new life abburance system. positive (3-overndient security life assurance societ"
tobacco,1870,0,1900,1164,6.0256,True,"genuine tobacco and cigars. lynn street, west hartlepool, opposite altham's tea shop. northumberland carriage and harness manufactory and northern counties' carriage..."
tobacco,1870,0,1900,1170,6.0322,True,"birds eye returns. dickinson, tobacco manufacturer, 3 and 24, bigg market nrwcastle-on-ttnr. 240 middlesbrough high school 17-a- was re-opened on monday, july 29th, teamis,dte.,ssay be ob..."
tobacco,1870,0,1900,1172,6.04,True,"... north york review. no. 630. registered at tiie general post off/ce as a news- paped, and for transmission adroad. established 1740. g. t. dickinson, tobacco manufactu"
tobacco,1870,0,1900,1174,6.0426,True,"...ht at last:—at the llukinfield police court on saturday, edwin clarke, described as a slater. residiog at astton, was charged with et aliag 3filbs of tobacco, valu"
tobacco,1870,0,1900,1176,6.0472,True,"pure american tobacco. dickinson, tobacco manufacturer 22 and 24, bigo market, newcastle-on-tyne. 240 a middles br ou g h high school the next quarter will commence on mon..."
tobacco,1870,0,1900,1177,6.0515,True,"new wholesale and retail tobacco and cigar stores, 63, high street, (between the black lion and vane arms hotels,) stockton-on-tees. henry i_a ain g was to inform the public of stock..."
tobacco,1870,0,1900,1178,6.0521,True,"established 7 4 o. dickinson, tobacco manufactu e 22 and 24, bigg market, newcastle-on-tyne. '2 j. fothergill. law stationer, reny and debt collector. house vt general commission agent, °..."
tobacco,1870,0,1900,1180,6.057,True,"publications. received.-. -"" woman's suffrage journal,"" and cope's tobacco plant."" ""the hydro-incuilition,"" a guide to commer- cial poultry farming, by thomas christy, f.l.s., has reached its fourth e"
tobacco,1870,0,1900,1183,6.0615,True,"birds eye returns. dickinson, tobacco manufactur b r atatu 4, 1130 mariet nswcastlx-on-tims. cleveland academy, corporation road, middlesbrough. rincipal dr. wm. grieve, ba., ll.d. the sc..."
tobacco,1870,0,1900,1186,6.0635,True,"birds eye returns. dickinson, tobacco manufactur kr, 99 am 24, digo 111 lert niiwcastlic-014-tyne. 240 middlesbrough, 3, cleveland terrace, near. the station. me gunn has opened a new fin..."
tobacco,1870,0,1900,1191,6.0718,True,"a pure tobacco sold everywhere in ounce packets at 3d. guaranteed by our name and trade mark w _ d. & u. 0. will s. ul."".ntier the sanction of her majesty's most ho..."
tobacco,1870,0,1900,1192,6.072,True,"curiosities of smuoglinia from the report of the commissioners oi customs which has just appeared we learn that last year 19,2631 be. of tobacco and cigars and 862 gallons of spirits were seized at th"
tobacco,1870,0,1900,1193,6.0763,True,"s. s. hand & co., cigar and tobacco manufacturers; little cherry street, the largest manufacturers in fifiiingham carriages by special appointment. h.r.h the plzink:e of wale landaus, b..."
tobacco,1870,0,1900,1194,6.0773,True,"biltp's eye returns. tobacco i‘i,anitfactureii, 22 and 24.,81gg et, newcastle- on-tyne. d h 1l,44; 11111s1c _ • beet2o ven pouse. northgate, da iilington. notice of -removal or p..."
tobacco,1870,0,1900,1197,6.0813,True,"evade witrroto. black jack. a pure tobacco °sold everywhere in ounce packets at 3d. guaranteed by our name and trade mark w. d. & h. o. wills. barrow-in-purnebb, tuesday, july 10a, 1877. parli..."
tobacco,1870,0,1900,1199,6.0835,True,"established 1740. g. t. dickinson, tobacco manufacturer, 22 and 24, bigg market, newcastle- on-tyne. the mimes vi7apson receive young ladies for instruction in the usual branches of an english..."
tobacco,1870,0,1900,1200,6.087,True,tobacco smoke:ng. a little paragraph from the era« returns showing the anneal consumption of tobeweee h« attracted a.are attdontam. in 1841 we consumed it.. ...
tobacco,1870,0,1900,1203,6.0917,True,the tobacco bag. my old doctor has been telling me the following tale which may be of service in enlightening ale and beer drinkers as to the inspiringqualities ...
tobacco,1870,0,1900,1205,6.0953,True,"w al ter w 0r ren, 115 & 116, new road, great bridge, tmporter of the finest qualities of tobacco and snuff, for which this estab- lishment has been so long. famous. w. w. would direct particular atte"
tobacco,1870,0,1900,1206,6.0964,True,abera.von tobacco manufactory. we found on the occasion of a recent visit to the i ancient borough that the above local branch of manufacture has been revived. the bus...
tobacco,1870,0,1900,1207,6.1021,True,"established 1740. g, t. dickinson, tobacco manufacturer, 22 and 24, bigg market, newcastle- on-tyne. coatham grammar school, redcar. innen master —the env. j. davey, ma..., (late scholar of qn..."
tobacco,1870,0,1900,1211,6.1127,True,"notion up rdioval st and dli-uwist. tobacco a' .2, dorchister, 1' t r.ten• his sincere thank, to the nobility. .•ntry. ,01.1 inhabitants general}, a 1,1 chest, 1111. i ite hbourhoonl, for the k..."
tobacco,1870,0,1900,1214,6.1184,True,"on ssale. patent coir yarn, the best and cheapest cord for thatching. thomas pier. point, 126, bridge•street, warrington. • tobacco cloth for fumigating fur- poßes. thomas pierpoint, se%lsmail, 1416, "
tobacco,1870,0,1900,1215,6.1238,True,"(elz 3alt. p atent cole yarn, the best and cheapest cord for thatching. thomas pier. point, 126, bridge-street, warrington. tobacco glom for fumigating rur- poses. thomas pierpoint, bewisraan, 118, br"
tobacco,1870,0,1900,1216,6.1281,True,"a smuggler who had been detected with 7011,. weight of foreign manufactured tobacco in his pos- session was on monday fined .2100 by the southwark police magistrate. local liquidations—the loodfka goz"
tobacco,1870,0,1900,1217,6.132,True,"birds eye retitrnb. dickinson, tobacco manufacturer, 11 aro 14. sigg ma lit newcs stle-0 a-tyne. 240 g. lambert, plumber, glazier, gas fitter, &e.,„ • middlesbrough, begs to thank his frie..."
tobacco,1870,0,1900,1218,6.1395,True,"c local and district. • r t the wigan tobacconists have resolved to raise price of tobacco *d. per ounce. captain arrowsuoth, thief-constable of cheshire, /he th las appointed captain e hon. cuth..."
tobacco,1870,0,1900,1219,6.1431,True,"monmore green. at the wolverhampton police court, on tuesday, thomas morton (46), of monmore greeu,was charged with having received a quantity of tobacco, well knowing it to have been stolen.—mr. ward"
tobacco,1870,0,1900,1221,6.1481,True,"liverpool. a delightful solace and liralteful stimulant. the justly celebrated & renowned cigarettes and smoking tobaccos, made by messrs. j. f. allen & co., of richmond. virginia, d.8.a., from she fi"
tobacco,1870,0,1900,1222,6.1488,True,"established 1740. dickinson, tobacco manufacturer, 22 and 24, bigg market, newcastle-on-tyne. alfred middlemist, (late middlemist & son, established 18270 steam dying and cleaning works,..."
tobacco,1870,0,1900,1223,6.1538,True,"'ibtabi..io*kb 1740. dickinson, tobacco manufacturer, 22 aro 94, btg.o market, tiewcaeitle-on.tyne. 240 a gloves! gloves!! gloves!!! bowron's danish kid mo- bowron's french kid gloves. bowr..."
tobacco,1870,0,1900,1224,6.1545,True,"'bird's eye returns. • dickinson, • tobacco manufacturer, -22 ayd 24. bigg maet, newcastle- on-tyne. d h limincs 'llldrcf,,bss. • s c • • virilliam bolton, 18, northgate darlington, begs to tha..."
tobacco,1870,0,1900,1226,6.161,True,"jones & m'lean, tobacco manufacturers aberavon. mhe tobaccos prepared by the above firm are _l_ acknowledged to be the best and cheapest in the market*. 5005 liith farm, wal..."
tobacco,1870,0,1900,1228,6.1627,True,"h xtotice to ciga ette smok e ftt4. —the in et turkish 1.1 (oubec babagei) cigarettes and tobacco —j. grunebaum, cigarette manufacturer, 45, ohl bond-street. l .nd ,n, w. (est ibli•ihed 25 rears) rupp"
tobacco,1870,0,1900,1229,6.1631,True,"birds eye returns. dickinson, tobacco manufactur er, 92 aim 24, bigd ma lebt newcastle-on-tyne. 'cleveland. rouse."" dbpartment. john hed„ber and co. s beg to call special attention to the..."
tobacco,1870,0,1900,1231,6.1666,True,"new wholesale and retail tobacco and cigar stores, 68, high street, (between tie black lion and vane arms hotels,) stockton -0 n -te es. ---- lienry i_j ain g b. to inform the public..."
tobacco,1870,0,1900,1233,6.168,True,"bird's eye returns. dickinson, tobacco aianufacturer, 92 and 24. bigg ivikri:et, newcastle- on-tyne. h photography i photography! for first-class portraiture, go to tame s cooper, ivy hous..."
tobacco,1870,0,1900,1235,6.1693,True,"walter worren, • • 115 a 116, new road, great brit/ge, importer of the finest qualities of tobacco and snuff, for which this establishment bas been so long famous. w. w. would direct particular attent"
tobacco,1870,0,1900,1238,6.1735,True,"richmond deral-i, slum durham and north york review, no 62 5 engistkrzit tnlxnns,sion abroad. establisneb 1740. g. t. dickinson, tobacco manufacturer, 22 and 24, rigg market, newcastle- on-tyne. t oub"
tobacco,1870,0,1900,1240,6.1807,True,"will open shortly liiedley's tobacco shoi', 36, sussex street, liiddlesbeoviiii, three doors rimier up than the pnesent shop. wednesday, dec. _2otl!, is the last day for ticicets. 1871.-..."
tobacco,1870,0,1900,1242,6.1849,True,"birds eye returns. dickinson, tobacco manufacturer 22 and 24, b/12113 ma mit newcaeitlic-on-ttitz. 240 xiiddlesbrougii a.nadenut iliad master:—mr j. s. calveiit. &.aseical and mathematica..."
tobacco,1870,0,1900,1244,6.1898,True,"established 1740. dickinson, tobacco manufacturer, 22 and 2 4,8100 market, newcastle-on-tyne. 240 a the fliiti beg to intimate that -m‘- the duties of their school are now resumed. tem, ..."
tobacco,1870,0,1900,1248,6.1997,True,"the glamorgan gazette. friday, february ist, 1878. tobacco and the revende. the chancellor of the exchequer is very grateful to the tobacco consumers of the realm. they have, in spite of bad times, ou"
tobacco,1870,0,1900,1249,6.2011,True,"illegal sale of tobacco and spirits. at the second pollee court, on tuesday, before mr. j. a. pintos and mr. h. il hornby, hall renshaw, a sprees mad ginger-beer manufacture..."
tobacco,1870,0,1900,1251,6.2026,True,"the trade supplied. t. m. itsrer, wholf.sale tobacco and cigar merchant, 8, park street, walsall. publicans and shopkeepers will find this one of the cheapest houses in the trade for all kinds of toba"
tobacco,1870,0,1900,1252,6.2059,True,"the glamorgan gazette. friday, february ist, 1878. tobacco and the revende. the chancellor of the exchequer is very grateful to the tobacco consumers of the realm. they have, in spite of bad times, ou"
tobacco,1870,0,1900,1255,6.2098,True,"no, 770. imini....n,.f bird's eye returns. dickinson, tobacco -manufacturer, 22,..and 24, bigg market, newcastle on-tynp.. v üblicationo. new books and new edtttons. some elements of religion, by cano"
tobacco,1870,0,1900,1257,6.2125,True,"birds eye returns. dickinson, tobacco manufacture r, 22 mid 24. biog ma yet niwcabtle-on-tyite. 940 eddy, mokinla.y, and gilchrist, pui3lic accountants and auditors, 7etiand road, middles..."
tobacco,1870,0,1900,1258,6.2131,True,"from ""judy."" to a correspondent—decidediy bloaters are smoked, but we think tobacco is preferable. we, how- ever, have no experience. adding insult to injury.—cheerful conductor (to cod and hungry old"
tobacco,1870,0,1900,1259,6.2144,True,"established 1740. dickinson, tobacco manufacturer, 22 and 24, bigg market, newcastle-on-tyne. 240 a lie duties of mrs mills's estab- shment. 1, west-terrace, newport-road, will be ricsum..."
tobacco,1870,0,1900,1261,6.22,True,"the tobacco tax nr france. --.-- of all the indirect tax. whirh cootriboto tr rho public tresoury franoe, thore to+. • • • gi;;;.-si;cll—a-ronitiant and 'awl rev..."
tobacco,1870,0,1900,1262,6.2205,True,"liverpool. a delightful solace and liralteful stimulant. the justly celebrated & renowned cigarettes and smoking tobaccos, made by messrs. j. f. allen & co., of richmond. virginia, d.8.a., from she fi"
tobacco,1870,0,1900,1266,6.2251,True,"...for ill', confec- tionery %sinew —a pply at once to sa'dtio an tnomson, weat-row, stockton-on-tees. wanted, 'l'‘, aetiv youtkl as at'• prenticp's the tobacco mann:.., ~r"
tobacco,1870,0,1900,1269,6.2284,True,"established 1740. g. t. dickinson, tobacco manufacturer, 32 and 24, big() market, newcastle- on-tyne. rrhe misses watson receive young ladies to instruct in. the usual branches of an english e..."
tobacco,1870,0,1900,1270,6.2301,True,"during tl of le ea co ecti4 thing r -•- the wl/7"". i the star mixture, .yclombinatlon ot choioe tobaccos, carefully blended. ,-pw its marvellorue soothing powers zeispread every pm breeze- — that floa"
tobacco,1870,0,1900,1273,6.2368,True,"birds eye returns. dickinson, tobacco manufacture it 22 and 24. 81043 mk het n&wcastle-un-tyne. 240 't if • _la itivriar-road 4.01 m • s. • / 4. 4.. gew pialno-pobm. barmenntom, mr gener ..."
tobacco,1870,0,1900,1276,6.24,True,"established 1740. _ dickinson, tobacco manufacturer, 22 amp 24,81gg market, newcastle-on-tyne. 240 a the wonder of middlesbro'. trni-6. the campbells are coming."" what a wonderful dealer t..."
tobacco,1870,0,1900,1277,6.24,True,"birds eye returns. dickinson, tobacco mani7iractur r 9 and 4, blla varikict niwcastli-on-tyne. 140 vewport-crescent seminary, l. middlesbroijgh-on-tees. pratocrp,or., mrs. a. t. mills. ri..."
tobacco,1870,0,1900,1281,6.2485,True,"rrir •‘ i • • d 111.16.1*••• ~ .... v.,. ~. om j 2 to smokers! car be had of all tobacconith in 1,2, and 4os. packets. hand's cherry blossom established 1849. smoking mixture manufactured from the fir"
tobacco,1870,0,1900,1282,6.2579,True,"liverpool. a delightful solace and liralteful stimulant. the justly celebrated & renowned cigarettes and smoking tobaccos, made by messrs. j. f. allen & co., of richmond. virginia, d.8.a., from she fi"
tobacco,1870,0,1900,1284,6.2638,True,"birds eye returns. dickinson, tobacco manutactur b st aim 24, bigo ma het liswcastle-on-tyne. 240 •"
tobacco,1870,0,1900,1289,6.278,True,"to smokers can be had of all tobacconi,ts in 1,2, an 4011 packets. f 1 and's cherry blossom smoking mixture manufactured frotn_the first selected amtrican tobaccos. a rich flavoured suai..."
tobacco,1870,0,1900,1290,6.2803,True,"the smoker's bonbon immediately and eithetually removes the taste and smell of tobacco from the month and breath, and renders them perfectly free and clean. if one or two are taken after smoking, ever"
tobacco,1870,0,1900,1294,6.2978,True,"arprlets post free ll' ""and' s hand's in every case a perfe,ct fit guaranteed smoking mixture manufactured from the first selected american tobaccos. a rich flavoured smoking mixture. wand's lake supe"
tobacco,1870,0,1900,1298,6.3068,True,"cigars! cigars cigars !! sample boxes, at wholesale prices, sae be had a 1- garner's noted tobacco and e/ • cigar store, 16, hope street, hanley. the fragrant weed, to smokers dear, come purchase at o"
tobacco,1870,0,1900,1299,6.3072,True,"iweydioitth: stealing tobacco.—before the 'borough magis- trates, antoine lambert, a boy about fifteen yearn of age, from jersey, wrb charged with stealing a quantity of tobacco f..."
tobacco,1870,0,1900,1301,6.3134,True,"new wholesale and retail tobacco and cigar stores, 63, high street, (between tke black lion and vane arms hotels,) stockton-on-tees. eienry t.jaing was to inform the public of stockt..."
tobacco,1870,0,1900,1303,6.3209,True,"monmore green. at the wolverhampton police court, on tuesday, thomas morton (46), of monmore greeu,was charged with having received a quantity of tobacco, well knowing it to have been stolen.—mr. ward"
tobacco,1870,0,1900,1304,6.3239,True,"n wanted wanted, two active youths, as ap- prentices to tobacco spjuning.—apply at the tobacco matufactory, bishopton-lane, stockton. wanted, in stockton, premises suitable t.d. a itarine store dealer"
tobacco,1870,0,1900,1306,6.3259,True,"the trade supplied. t. m. itshe ft, wiioli tobacco and cigar merchant, this is to certify that professor r. hill herbalist, no. 47, wolverhampton street, bile- ton, is duly licensed a vendor of medi- "
tobacco,1870,0,1900,1307,6.3266,True,"alive eye returns. dickinson, tobacco manufactur br i ears 4, bm market 111woastly-on-ttne. 440 business i3irectory. n.b.—names and addresses added to the following list (daily) at is per..."
tobacco,1870,0,1900,1308,6.3281,True,"literary notices. cope's tobacco plant. liverpool :• john fraser, 10, lord nelson-street—this periodical, issued in the interests of the ""smoking com- munity, is beautifully printed ..."
tobacco,1870,0,1900,1309,6.3311,True,"illegal sale of tobacco and spirits. at the second pollee court, on tuesday, before mr. j. a. pintos and mr. h. il hornby, hall renshaw, a sprees mad ginger-beer manufacture..."
tobacco,1870,0,1900,1310,6.332,True,"birds eye returns. dickinson, tobacco lit a.nufacturbk 22 am 24.121gg ma yet tfivioasti4s-on-tyne. 246 middlesbrough academy thad master—mr j. s. calvert. classical and mathematical maste..."
tobacco,1870,0,1900,1311,6.3331,True,"""stockton gazette"" and middlesbrough times"" incorporated. price one penny. birds eye retuitr4s. dickinson, tobacco manufacturer 2 and 4, 3130 mar ic t nrwcastli-on-tynr. _ kiloves i glo-ves !! loves! "
tobacco,1870,0,1900,1312,6.3372,True,"ea sate. datent coir yarn, the beet and a. cheapest cord for thatching. thomu pier. point, 126, bridge-street, warrington. tobacco cloth for fumigating pnr. poses. thomas fierpoint, beadsman, 126, bri"
tobacco,1870,0,1900,1313,6.3378,True,"new wholesale and retail tobacco and cigar stores, 63, high street, (between the black lion and vane arms ho,eli,) stockton-on-tees. renry begs to inform the public and surrounding n..."
tobacco,1870,0,1900,1317,6.3522,True,"walter worren, • • 115 a 116, new road, great brit/ge, importer of the finest qualities of tobacco and snuff, for which this establishment bas been so long famous. w. w. would direct particular attent"
tobacco,1870,0,1900,1318,6.3536,True,"established 1740. g. t. dickinson, tobacco manufacturer, 22 and 24, bigg market, newcastle- on-tyne. tire mtsses watson receive young ladies for instruction in the usual branches of an english..."
tobacco,1870,0,1900,1319,6.3538,True,"bird's eye beturns. dickinson, tobacco manufacturer, 22 and 24, bigg ,aiat?tiet, newcastle on-tyne. 011ildren's dresses, capes, costumes, pelisses, sun hats. dresses for braiding. a large ..."
tobacco,1870,0,1900,1320,6.3641,True,"a champion oarsman on tobacco and alcohol. to 14v) apector _ for the purpose of line +if rajlway froin liverpool, j=tory. traffic on t prjecot petty siii4bions. —on weineeihr, mat..."
tobacco,1870,0,1900,1321,6.3684,True,"established 1740. g. t. dickinson, tobacco manufacturer, 22 and 24, bigg market, newcastle. on-tyne. the mrsles watson receive young labies for instruction in the usual branches of an english ..."
tobacco,1870,0,1900,1323,6.3754,True,"irh. jib wo :ampti tobacco and 01(4ar making in birmingham. /vim to ifinsinia, telt wolltd. *loll ewe lord lytton w to that he who smoked not had denied himself one of the grea..."
tobacco,1870,0,1900,1325,6.3798,True,"birds et* returns. dickinson, tobacco manufacturer 22 awn 24, big° ma het nbwcastlz-on-tynt. 240 middlesbrough anadeinit an-a- head master—mr j. s. calvert. cassis:sal and biathenvitiml m..."
tobacco,1870,0,1900,1326,6.3799,True,"a. pure tobacco sold everywhere in ounce rackets at 3d. guaranteed by our name and trade mark w. d. & 11, o. wills zrat ammo. hay fever and colds crimp by dr. dunbar..."
tobacco,1870,0,1900,1328,6.3861,True,"wholesale & retail tobacco warehouse, five ways, ()hadley heath. ptilvermacher's -14-1 lectro-generating 58. b and g, 1.14 belts, sze., l'ulvermacher, inv. of the celebrated to..."
tobacco,1870,0,1900,1330,6.3871,True,"established 1740. g. t. dickinson, tobacco manufacturer, 22 and 241 bigg market, newcastle- on-tyne. ws. sto well, jun., agricultural seedsman, &c., darlington. • a gent for vickers's fertilis..."
tobacco,1870,0,1900,1332,6.3935,True,"established 1740. g. t. dickinson, tobacco manufacturer, 22 and 24, bigg. market, newcastle- on-tyne. the misses watson receive young ladies to instruct in the usual branches of an english edu..."
tobacco,1870,0,1900,1333,6.3947,True,special agent fob- w. a a. giiabbyt wll7ll a/7d bplilits. b. & j. hill's tobacco & oigabei. chas. codd a co's. mineral waters. k. eibbilbt & co's french coffer. van houten's ithie soluble cocoa. note 
tobacco,1870,0,1900,1334,6.396,True,"a pure tobacco sold everywhere in ounce packets at 3d. guaranteed by our name and trade mark w. d. & 11. o. w.i l l 8. totr future.—courtship, marriage, and i all m..."
tobacco,1870,0,1900,1335,6.3962,True,"virginia gold leaf and sun-cured tobacco from the choicest garden crops, grown in the states of atlrginia. and north carolina, manufactured into cigarettes and smoking tobac- cos by debility..."
tobacco,1870,0,1900,1337,6.4029,True,"the tobacco trade. the local tobacco importers have once more memorialised the dock board, in the hope that they will provide warehouse accommodation ade- quate ..."
tobacco,1870,0,1900,1338,6.408,True,"established 1740. dickinson, tobacco manufacturer, 22 and 2 4,810 g market, newcastle-on-tyne. 240 a academy of music, newport road, middlesbrough. under the direction of mr franz groeni..."
tobacco,1870,0,1900,1339,6.4101,True,"foreign toy warehouse cigar and tobacco merchant, 4, king-street, weymouth, adjacent to the railway station, the shore, and the esplanade. all kinds of children's sand spades, pails, in sto..."
tobacco,1870,0,1900,1341,6.4125,True,"a very large tre.ci ov seal, beaver, ivory, and leather purses of first-class workmanship. cigar stands and tobacco boxes. telescopic 0 rapiioscopes. ladies' bags in leather and seal. skin. games of c"
tobacco,1870,0,1900,1344,6.4255,True,"inoorpore.teet 'enny, • .g. established 1740. 111.1 r t dickinson, tobacco manufacturez, 1 il 22 and 24, bigg mabieet, a newcastle-on-tyne. 240 y nixey's f' royal exchange dinrng roomes., kiddlesbitou"
tobacco,1870,0,1900,1345,6.4328,True,"bird's eye returns. dickinson, tobacco manufacturer, 22 and 24. bigg mapiiet, newcastle- on-tyne. a h william bolton, is, northgate darlington, begs to thank his friends and the public for..."
tobacco,1870,0,1900,1346,6.4338,True,"usual pies collinei & ca, best oalf gloves, best freud. 7,' meet for the sale the tobaccos are manufactured. and lower prices than before. leale's ""ow than they okay on tobacco quality, and economy. c"
tobacco,1870,0,1900,1347,6.4371,True,"t j 0'8' (tau jona and, m'llitan),/ tobacco mantrie.actirb er, abm:la von. the tobacco manufactured at this factory is the best and cheapest in the market. 80011"
tobacco,1870,0,1900,1348,6.4378,True,"w al ter wor hen, 115 & 116, new road, great bridge, thporter, of the finest qualities of tobacco and snuff, for which this estab- lishment has been so long famous. w. w. would direct particular atten"
tobacco,1870,0,1900,1349,6.4412,True,tiik tobacco question. ix months' rumination has had a wholesome influence on the opinions of the dock bard. in october they rejected the whole proposal for pro- ...
tobacco,1870,0,1900,1353,6.462,True,"tobacco statistics. theo het number of the ',net-wi .5/ et ger- tor compwre the taxation et the thief ustion• of i the world in reap,* to tetweee. of the rem..."
tobacco,1870,0,1900,1357,6.4672,True,"dickinson, tobacco manufacturer, 22 and 24, bios maitrr, niewatirrts-os.this. notice. dental surgery._ rif essrs. l mosely;;;cson, of london, me surgeon dentists, 10, e..."
tobacco,1870,0,1900,1359,6.472,True,"...whisky, hit haig • 00., cameron brides diegllery, plfeddre. itotatco. —sun-cured 'rennebbre bithys-sye, returns, or mao, out from chia peri eetion of tobacco leal, oats be obinised tralsofi"
tobacco,1870,0,1900,1360,6.472,True,"pure american tobacco. dickinson, tobacco manufacturer 9 9 and 24, rio° market, newcastle-on-tyne. 2404 fiihe seminary, 1, warr tarracz, nicw- a- port ro sd. conducted by ..."
tobacco,1870,0,1900,1361,6.4744,True,"@u csate. patent coir yarn, the best and cheapest cord for thatching. thomas pier. point, 126, bridge-street, warrington. tobacco cloth for fumigating fur- poses. thomas pierpoint, seedsnian, 126, bri"
tobacco,1870,0,1900,1362,6.4749,True,"bird's eye returns. dickinson, tobacco manufacturer, 22 and 24. bigg atadi:et, newcastle- on-tyne. d h itstitess addresses. edward cooke, fruiter. &c.. 32, bondgate, darlington. fresh frui..."
tobacco,1870,0,1900,1363,6.4798,True,"tobacco culture in germany. a men of germany hae been just published showing the districts in the german enipier which tobacco is grown, the percentage of he..."
tobacco,1870,0,1900,1365,6.4827,True,"illegal sale of tobacco and spirits. at the second pollee court, on tuesday, before mr. j. a. pintos and mr. h. il hornby, hall renshaw, a sprees mad ginger-beer manufacture..."
tobacco,1870,0,1900,1366,6.4831,True,"...e lists on application. comm oildeils forwarded by first train or eon- and carriage paid on order of .£5 value and 'mech. s. s. hand & co., cigar and tobacco imanufacturebs, little cherry street, "
tobacco,1870,0,1900,1367,6.4837,True,"through to them tiiiii caake 111u.7, tobacco pipe stem into a gimlet hole, ---,ugh izhicit they sucked the wine. the captain called to them, and they then ran away. but were apprehended. the pri..."
tobacco,1870,0,1900,1369,6.4911,True,"r. r. abraham, .---- wholesale and retail tobacco and cigar merchant, 97, stafford-street, hanley. for first-class funerals see below /11.00 d oak coffin, with handles corn- 'j plots, an best hearse,..."
tobacco,1870,0,1900,1371,6.4945,True,"... herald, scut durb am an t 0ii) registered at the general post office as a news- -1.-.d for transmission abroad. t established 17 0. g. t. dicktn on, tobacco manufacturer, 22 and 24, b"
tobacco,1870,0,1900,1372,6.495,True,"...lic notice. t homer, news agent, cradley heath, to m • pplent6eommwfitrhinththetorz, that 1171/ 27e8411; papers. cx order at once. wholesale & retail tobacco warehouse, fivic ways, ciradley heath t"
tobacco,1870,0,1900,1375,6.5126,True,"censor's jottings. tobacco smokers may rejoice in the fact that the annual consumption of tobaoco all over tho world ox. comas two millions of tons' would freight a fleet of 2,..."
tobacco,1870,0,1900,1377,6.5149,True,":i3uurnru anb. milatts. $lll4 vatent coir yarn, the beet and 1 cheapest cord for thatching. thomas pier. point, 12b, bridge-street, warrington. tobacco cloth for fumigating fur- j. poses. thomas berpo"
tobacco,1870,0,1900,1379,6.5197,True,"l totiampor • 11-1/4.1.1v p • i kktritzt exa.3/11,xet1.- )ay„ attgitst 5. 17g, • • 1,00 i), drink, and tobacco. the !blackburn murder. how much money does the average londoner con- at the liverpool as"
tobacco,1870,0,1900,1380,6.5211,True,"tobacco culture in germany. a men of germany hae been just published showing the districts in the german enipier which tobacco is grown, the percentage of he..."
tobacco,1870,0,1900,1381,6.5211,True,"to smokers' i can be had of all tobacconists in 1,2, anti 4oz packets. hand's cheri y blossom 8?.10kinc: mixture manufactured from the first selected americ:m tobaccos. a rich flavoured smo..."
tobacco,1870,0,1900,1382,6.5277,True,"ou patent coir yarn, the best and cheapest cord for thatching. thomas pier. point, 126, bridge-street, warrington. tobacco cloth for fumigating pur- poses. thomas pierpoint, beedsman, 1261 bridge-stre"
tobacco,1870,0,1900,1383,6.5376,True,"establd3red 1740. dickinson, tobacco manufacturer, 22 and 24,81gg market, newcastle-on-tyne. 240 a academy of music. newport road, middlesbrough. under the direction of mr franz groening..."
tobacco,1870,0,1900,1384,6.5404,True,"monmore green. at the wolverhampton police court, on tuesday, thomas morton (46), of monmore greeu,was charged with having received a quantity of tobacco, well knowing it to have been stolen.—mr. ward"
tobacco,1870,0,1900,1385,6.5406,True,"foreign intellige*ce. tub late ealimates of tho trade with regard to the probabilities of the growing tobacco crop in the west, have been well verified by late reports. at the close of the planting se"
tobacco,1870,0,1900,1386,6.5439,True,"to smokers can be had of a// tobacconists in 1,2, awl 4ot paikets. hand's cherry blossom • smoking mixture manufactured from the first selected american tobaccos. a rich flavoured smokin..."
tobacco,1870,0,1900,1387,6.553,True,"established 1740. dickinson, tobacco manufacturer, 22 and 24,81gg market, newcastle-on.tyne. 240 a a°' of music, newport road, middlesbrough. under the direction of mr franz groenings, a..."
tobacco,1870,0,1900,1389,6.5717,True,"american items. during the month of july a single tobacco company in california manufactured 1,500,@00 cigars. twenty-five young mormon women are studying medicine at salt lake. deer are nurkterons in"
tobacco,1870,0,1900,1391,6.575,True,pontg. black jack. a pur e tobacco sold everywhere in ounce packets at 3d. guaranteed by our name 1)- hark w. b. & h 0. \
tobacco,1870,0,1900,1393,6.5866,True,tobacco statistics. the last number of the imperial statistics of ger- many compares the taxation of the chief nations of the world in respect to tobacco. of...
tobacco,1870,0,1900,1394,6.5869,True,"extensive robberies oir tobacco. • ~,, at preston police court, on saturdat, four young men, named wm. henry robinson, stanley field. lug, john perkins, and michael welch, were char..."
tobacco,1870,0,1900,1398,6.5939,True,"the tobacco tax nr france. --.-- of all the indirect tax. whirh cootriboto tr rho public tresoury franoe, thore to+. • • • gi;;;.-si;cll—a-ronitiant and 'awl rev..."
tobacco,1870,0,1900,1399,6.5948,True,"biud's eye .11e urns. dickinson, tobacco kanufacturer, tl2 and 24, big( 1 market, newcastle on-tynf. gib son and co:, grocers' printers, ind paper-bag manufacturers offices and works— leaden..."
tobacco,1870,0,1900,1400,6.5959,True,"aberavon, we learn that the first importation of tobacco leaf of recent crops has arrived at swansea, and messrs. jones and m 'lean, of this town, have secured the first lot of the unmanufactured leaf"
tobacco,1870,0,1900,1401,6.5993,True,bir3fingiiam. tobacco and _ _cigar _ making in a visit tto messrs. hand's works. when the late lord lytton 'wrote that he who smoked not had denied himself one of the area...
tobacco,1870,0,1900,1402,6.6079,True,"birds eye returns. dickinson, tobacco manufacturer 92 an 24, bigo ma ic b t newcastle-on-tyne. 240 the new life assurance system. positive government security life assurance society. chie..."
tobacco,1870,0,1900,1403,6.6107,True,"...voured smoking mixture. hand's lake superior, a golden virginia shag. can be confidently reannmenderl. iiabid's primrose honey dew. a mild, sun-dried tobacco, comae out, of delicate flavour "
tobacco,1870,0,1900,1405,6.6166,True,the london street merchants. tobacco statistics. the last number of the imperial marietta of germanp compares the taxation of the chief nations of he world in respect to tobacco. of the ...
tobacco,1870,0,1900,1407,6.6216,True,"cigars cigars cigars sample boxes, at wholesale prime, ean be had at (11_ garners noted tobacco and cioar store, 16, hope street, hanley. the fragrant weed, to emokers dewr, come purchaae at our store"
tobacco,1870,0,1900,1408,6.6299,True,"bird's-eye returns. dickinson, tobacco irritinfactußßit, 22 and 24, limo limilei,erwatinia-or-tnii. notion. den. tal sitrgery. messrs. n. moult and son, of loamy surgeon dentists, 10, sido..."
tobacco,1870,0,1900,1409,6.6312,True,"established 1740. _ dickinson, tobacco manufacturer, 22 and 24, bigg market, newcastle-on-tyne. 240 a a striking proof of the value of life insurance has just come under our notice. some t..."
tobacco,1870,0,1900,1410,6.6322,True,"larceny. william robinson aryton was charged with feloniously stealing 9s. 6d. and a tobacco box. from robert baines, on the 24th inst. complainant said: i live in barrow and am a labourer. on saturda"
tobacco,1870,0,1900,1411,6.6345,True,"...rton road, middlesbrough. principal t. k. braiihw a ite. late of the flounders college, ackwerth. terms, references. ace., on sapliestion. dickinson, tobacco manufacturer, 2"
tobacco,1870,0,1900,1412,6.6362,True,"birds nye br turns. dickinson, tobacco manufactueb it 9 iso 4, digo markbt niwcastllon-ttne. 440 _ business directory. n.b.—names and addresses added to the following list (daily) at is pe..."
tobacco,1870,0,1900,1415,6.6451,True,"irh. jib wo :ampti tobacco and 01(4ar making in birmingham. /vim to ifinsinia, telt wolltd. *loll ewe lord lytton w to that he who smoked not had denied himself one of the grea..."
tobacco,1870,0,1900,1416,6.6463,True,"revenue item& cuotama. duty au tobacco and muff, so appears tram tim flamm amounts just wood, amounted in tba yaw nodal the 314 al ilan* to 0,864,113 m. 4d. grom and £,05,574 lin bd. mt. z..."
tobacco,1870,0,1900,1419,6.6546,True,"...gh school was re-open ted on monday, july 29th. tersts,tte.,ziay be obtaiired from the kipail master. john sewell, b.a. birds eye returns. dickinson, tobacco manufacture 2"
tobacco,1870,0,1900,1420,6.6556,True,tobacco manufacturer abera von. jones's celebrated star return. the tobacco manufactured at this factory is the best and cheapest in the market. 8068 scab in...
tobacco,1870,0,1900,1422,6.663,True,"...eneral printing orders executed with neatness, and at moderate charger. offices :—queen street, bridgend. 'f. e. j 0 n e st (late jones and )ficsti), tobacco manufacttib elt abera von. jones's celebr"
tobacco,1870,0,1900,1423,6.6645,True,"there's no sweeter tobacco comes from virginia, and no better brand than the three castles.""— vide ""the virginians."" only in packcts and cigarettes, protected by the name and t..."
tobacco,1870,0,1900,1424,6.6658,True,"birds eye it4idrns. dickinson, tobacco manufacture 92 and 24, blettl market new abtl,l4 -oh ti e. 240 olaveland academy cu corporation-road, hinmutssoouon. • ,s• tiknlkint,-15n. w. grim's,..."
tobacco,1870,0,1900,1425,6.6673,True,"lanterns, fans, magic flowers. baskets, moth trunks, and camphor oriental china dolls, tobacco jars, ao a variety of articles far too nu:neraus to mention in au uhertiselarnt, will iv found well -- th"
tobacco,1870,0,1900,1426,6.6679,True,"may 7th, 1874. tonacco.—there was a material decrease in the importation of nnmanufactured and manufactared tobacco in the last four months, compared with the same period in the preceding year. in the"
tobacco,1870,0,1900,1428,6.6729,True,special agent for- w. & a. gilbey's wine and spirits. b. it j. hill's tobacco it cigars. crab. codd & co'b. minebal waters. k. hirbbilt & co's french cof.lfilig. van router's pure soluble cocoa. note 
tobacco,1870,0,1900,1429,6.6743,True,"tobacco and c marl—buyers should buy direct from the manufacturer, jllol, watt', steam mills, 14 and 15, snow hill, and 81 and 82, slaney-street, back of sno..."
tobacco,1870,0,1900,1430,6.6744,True,tobacco statistics. the last number of the imperial statistics of gmnany comperes the taxation of the chief nations of the world in respect to tobacco. of th...
tobacco,1870,0,1900,1432,6.678,True,"news! news!! ne w si!! field, wrolssale is retail news agent 94, high-street, ytourbrielge. daily pont and gazette,"" 9d per doz wholksale & retail tobacco w&as hou se five ways, uiiadley heath. v. 11'"
tobacco,1870,0,1900,1434,6.6791,True,"...plication. countia ordein forwarded by first train or eon- veyance. and carriage paid on order of £5 value sod upwards. s. s. hand and co., cigar and tobacco manufacturers little cher"
tobacco,1870,0,1900,1436,6.682,True,"...duties of the misses ple:tts' school will be r ssc med on ,innunry se, 1871. 86, l.nthorge-road, middlesbrough. 'cs £stabi.lhltlid 1740. •-dickinson, tobacco manufacturer, 12 and 94, bigg market"
tobacco,1870,0,1900,1437,6.6874,True,"bird's eye returns. dickinson, tobacco manufacturer, 22 and'24,ibigg mat?ket, newcastle- on-tyne. _ darlington wire works, 8, ttjbwell row, darlington. wire work of every de- scription. • ..."
tobacco,1870,0,1900,1438,6.6876,True,"wholesale k retail tobacco warzhoijsz, five ivave, vradley ream waggoner.—wanted immediately, a steady. single man, ind,air. must be a pod ploughman —apply, h. wright, wassail ..."
tobacco,1870,0,1900,1441,6.7024,True,"irh. jib wo :ampti tobacco and 01(4ar making in birmingham. /vim to ifinsinia, telt wolltd. *loll ewe lord lytton w to that he who smoked not had denied himself one of the grea..."
tobacco,1870,0,1900,1443,6.7141,True,"sault xthirents. t e. jones. (late 4,o,i4iiiapocxciptiit), • tobacco manufacture r, aberavon. fanni,e ,rusher. fancy st a t 1.0-n n -r., toys, berlin wool, cigars, fancy tobaccos, tea, coffee, etc., 1"
tobacco,1870,0,1900,1444,6.7164,True,the london street merchants. tobacco statistics. the last number of the imperial marietta of germanp compares the taxation of the chief nations of he world in respect to tobacco. of the ...
tobacco,1870,0,1900,1445,6.717,True,"bird's eye returns. dickinson, tobacco manufacturer, 22 and 24, bigg matket, newcastle- on-tyne. pure sweets for the million 1111 enry noble wholes \le and retail confectioner, 17, bondga...."
tobacco,1870,0,1900,1448,6.7316,True,"dickinson, tobacco manufacturer, 2 2 and 24, bioci market, newcastle-on-tyne. 2401 jno. jones, stock and share broker, royal exchange, middlesbrough. 542 s john hunter,..."
tobacco,1870,0,1900,1449,6.7348,True,"orporsted p itice one pknn ).,. 1;j i:us eye retiten dickinson, tobacco manufacturer; 22 am 21, g g nafit ne w cnille-on-tyni 140 posener's patent pipes colour equal to meerschaitm. three half-pence e"
tobacco,1870,0,1900,1452,6.7422,True,each guaranteed. foreign ci g are. cops brothers is co. bag to aanoone• that they hare &un to their workta special department for this branch ore tobacco busispil. au the bess brands 1/4441 h lvanl ma
tobacco,1870,0,1900,1453,6.7433,True,"west hartlepool. extensive tobacco smuggling at west hartlepool.—fine of £loo.—on monday, at the west hartlepool sessions, henry hawkins, one of the firemen of the navigation company's..."
tobacco,1870,0,1900,1457,6.7497,True,black jack. 1:ia pure tobacco sold everywhere in ounce packets at 3d. guarantee i by our name and trade mark w. d. & h. 0. wills.
tobacco,1870,0,1900,1458,6.7513,True,"extensive robberies oir tobacco. • ~,, at preston police court, on saturdat, four young men, named wm. henry robinson, stanley field. lug, john perkins, and michael welch, were char..."
tobacco,1870,0,1900,1460,6.7592,True,"bird's ey returns. dickinson, tobacco manufactur;74r, 22 and 24, bigg market, newcastle on-tynf. oduration. g ainford academy. -- principal—rev. w. bowman. vice-pxincipal j. selkirk charl..."
tobacco,1870,0,1900,1461,6.7597,True,"deana et the tobacco tram an tate lest brands of tha havana manufao. turens ens be seen and prided known on apylics lion foiieign elt} r depiliityrnt, tobacco works, lord..."
tobacco,1870,0,1900,1462,6.7633,True,special agent for- w. & a. gilbey's wine and spirits. r. & j. hill's tobacco dz cigkrs. chas. codd & cos. mineral waters. e. herbert & co's french coffee. van routes's pure soluble 0000 a. note the ad
tobacco,1870,0,1900,1463,6.769,True,"...okers!! can be had of ail toigteconists in 1,2, and 4os. packets. hand's cherry blossom smoking mixture manufactured from the first selected american tobaccos. a rich flavoured :-3rnubing mixture"
tobacco,1870,0,1900,1464,6.7706,True,roßziax aolus. cope brothers & co. beg to ea..e that they hare u4te their balaton • special department for *it rt.rh of the tobacco trade. all the 13eht brands of the havana atanufac. tubers 000 be se
tobacco,1870,0,1900,1468,6.7773,True,"favourite bird's eye tobacco to be had of all tobacconists in 1,2, and 4oz. packets, bearing the black tulip and eagle bird's eye"" brands. proceedings will be taken against anyon..."
tobacco,1870,0,1900,1469,6.7801,True,"adams's grand general hair-cutting and shampoong saloon, 171:10xdoe stflezt, hydnesford, a choice selection of perfumery, tobacco andumara of finest qiudity. paevage, i ba tter son • seedsman, newsage"
tobacco,1870,0,1900,1472,6.7883,True,"the cost of tobacco to the na'iion. ---- upon this rierootic the britieu nation is esti- mated to bees spent, between 1801 anu 1879, the sum a £178,000,000 sterling, and..."
tobacco,1870,0,1900,1474,6.79,True,"birds eye returns. dickinson, tobacco manufacturer, 22 and 24, bigg market, newcas'tlr-on-tyne. 240 mrddlesbrough high school terms,c4c.,may be obtained from the head master, john sewell,..."
tobacco,1870,0,1900,1475,6.7916,True,"repository the liquor traffic christmas presents. new tear's gifts. t. m. ij s h e h., wholzfikle tobacco and cigar merchant, s. park street, wmjiall. baby ""--otherwise mr. edward jenkinx, the junior "
tobacco,1870,0,1900,1476,6.8,True,"tobaccos in packets. and hignntt.b cigar cases and tobacco pouchsn great var nos. 6 anl/ 8, sussex street, middlesbrough. mr. george telwaxte s, wholesale. a..."
tobacco,1870,0,1900,1477,6.8019,True,"cigar cases .&151 tobacco ie pee- i when 28 had 2 gould ainded a have 3sw ?ji- bing in mr said am ?dr, d, ana 2. to be • inr ..._,....,----. works floral d st the mos. ill i. ..."
tobacco,1870,0,1900,1478,6.8021,True,"richmond herald, south durham and north york review. no. 615. established 1740. g. t. dickinson, tobacco manufacturer, 22 and 24, bigg market, newcastle- on-tyne. gainford academy, near darlington..__"
tobacco,1870,0,1900,1479,6.8025,True,"latakia. mae from pun rots:lc:o,i 2. s. hind's blacut tulip. this tobacco is unsurtaysch iu the trad,, 1.1 pr or matauftaetu,elfectu the aturrieen leaf. etand's smokers should try these tobaccos. n.b."
tobacco,1870,0,1900,1490,6.8262,True,tobacco winning the approval consumbr hedley's bristol shag hedlet3 bristol shag hebley's brbtol shag hedley's brist l shag hedley'b bristol shag hedley's br...
tobacco,1870,0,1900,1491,6.8347,True,"larceny. william robinson aryton was charged with feloniously stealing 9s. 6d. and a tobacco box. from robert baines, on the 24th inst. complainant said: i live in barrow and am a labourer. on saturda"
tobacco,1870,0,1900,1492,6.8381,True,"\ tirginia gold leaf and sun-cured tobacco from the choicest garden crops, grown in the states of virginia and north carolina, manufactured into debility and nervousness. re-issue of the ""warn..."
tobacco,1870,0,1900,1493,6.8384,True,"birds kyr returns. dickinson, tobacco manufactur er in 4, digg maribt newcastli-on-tynk. 240 business directory. n.b.—namee and addresdea added to the following list (daily) at is per ree..."
tobacco,1870,0,1900,1494,6.8454,True,"illegal sale of tobacco and spirits. at the second pollee court, on tuesday, before mr. j. a. pintos and mr. h. il hornby, hall renshaw, a sprees mad ginger-beer manufacture..."
tobacco,1870,0,1900,1496,6.8511,True,"...uring last year l 157 seizures were znede of smug- gled goods in the united kingdom, and-1,,094 persons were convicted of smuggling. the ,quantity of tobacco and cigars seized was 10,7381b"
tobacco,1870,0,1900,1498,6.8572,True,"the war ""scare"" at the -2 of tobacco and about '25 cigars. on being gum tioned, irelend denied that be bad any otbet excisable articles. searching further, however, witness discovered, w..."
tobacco,1870,0,1900,1499,6.8587,True,"biud's eye .11e urns. dickinson, tobacco kanufacturer, tl2 and 24, big( 1 market, newcastle on-tynf. gib son and co:, grocers' printers, ind paper-bag manufacturers offices and works— leaden..."
tobacco,1870,0,1900,1500,6.861,True,"tobacco poison. a rather unusual ease of nicotine poisoning occurred a day or two since in a parisian suburb the victim, a man in the prime of life, had been..."
tobacco,1870,0,1900,1501,6.8611,True,"to smokers can he had of al/ tobacconists in 1,2, and 4os packets. hand's caeb.ry blossom smoking biltivre manufactured from the first selected american tobaccos. a rich flavoured smokin..."
tobacco,1870,0,1900,1502,6.8633,True,"iii is a large falling off in the value and amount of brimstone imported, and still larger de- creases in those of saltpetre. my auti-tobacco friends may be charmed with the news that the imports of t"
tobacco,1870,0,1900,1503,6.8636,True,a pure tobacco sold everywhere in ounce packets at 3d. guaranteed by our name and trade mark w. d. & h. o. wills hay fever and colds cubed by dr. dunbar's alkara.m ...
tobacco,1870,0,1900,1505,6.8646,True,"tobacco papers. blue, pink, buff, and white demy grocers paper bags. rice bags, seed bags, powder bags, lump sugar bags, moist sugar bags, coffee bags, tea b..."
tobacco,1870,0,1900,1507,6.8755,True,"!cigar and tobacco manufacttjbers, little cherry street, the largest manitf'acturers in birmingham. carriages. by special appointment. h.r.h the prince of wales. landau..."
tobacco,1870,0,1900,1508,6.8756,True,"charge of straling. ann grant. a young servant girl, of dorchester, was brought up for stealing db. of tobacco and • gold from elizabeth burt butt, and thomas barbet, of frampton, for receiving the pi"
tobacco,1870,0,1900,1511,6.8817,True,"...agent, cradley heath, begs to inform the public that be is of. to supply them with thelondon daily news papers. tir order at once. wholesale & retail tobacco warehoubis, "
tobacco,1870,0,1900,1513,6.8896,True,bir3fingiiam. tobacco and _ _cigar _ making in a visit tto messrs. hand's works. when the late lord lytton 'wrote that he who smoked not had denied himself one of the area...
tobacco,1870,0,1900,1514,6.8921,True,"birds eye returns. dickinson, tobacco manufacture r 9 lim 4, big° market newcastle-on-tyne. 940 _business directory. • n.d.—nettles and addresses added to the following list (daily) at is..."
tobacco,1870,0,1900,1516,6.8939,True,"... polish —cubs was held on friday at is hen over seventy in number changed hood, use prices averaging from 91 guineas to 30 guineas tack, aii npai the tobacconists of sou"
tobacco,1870,0,1900,1517,6.8953,True,_a-.. a pure tobacco sold everywhere in ounce packets a: 3d. guarantee i by our name and trade mark w. d. & ji. o. wills
tobacco,1870,0,1900,1518,6.8992,True,"favourite b ird 's eye tobacco approved by all smokers for their superior quality and flavour. yze e ih) --iikrili ftv-- iislt ,- r,i.1,3-,,,, --r1 ~ '-- im i -,51 r''•;-""--,3:,- :..."
tobacco,1870,0,1900,1519,6.9,True,"all smokers should try these tobaccos. n.b.—ln asking for hande packet tobacco re that you wat them. each packet bears our trade mark or signature, which are copyright. proceedings will ..."
tobacco,1870,0,1900,1521,6.9057,True,"wills' ""h oney cur. in consequence of the disturbed state of the retail tobacco trade, through the recent advance in the duty, w. d. & h. 0. wills have introduced ""honey cut,"" a shag tobacco, in ounce"
tobacco,1870,0,1900,1522,6.9072,True,tobacco statistics. the last number of the imperial statistics of gmnany comperes the taxation of the chief nations of the world in respect to tobacco. of th...
tobacco,1870,0,1900,1523,6.9075,True,"dickinson, tobacco manufacture it, 22 and 24, bigg market, newcastle-on-tyne. 240 • rip homas 11 ixey, proprietor, • bed lion hotel, redcar. 1558 bells, robson, & co., ..."
tobacco,1870,0,1900,1524,6.9084,True,"tobacco papers. blue, pink, buff, sod white demy grocers' paper bags. rice bags, seed bags, powder bags, lump sugar bags, moist sugar bags, coffee bags, tea ..."
tobacco,1870,0,1900,1526,6.9146,True,"tobacconists' profits. an unlucky correspondent of ours, who, happily for his own comfort, is known only as ""a. j.,"" has fallen into a hornets' nest among th..."
tobacco,1870,0,1900,1527,6.9154,True,"established 1740. g. t. dickinson, tobacco manufacturer, '22 and 24, mo market, newcastle- on-tyne. the ivltssts watson receive young lames to instruct in the usual branches of an english educ..."
tobacco,1870,0,1900,1529,6.9204,True,"tobacco statistics. in the list of american exporlb tobacco takes the fifth place, cotton, wheat, petroleum, and the precioom meals exceeding it iu value as ..."
tobacco,1870,0,1900,1531,6.933,True,tobacco manijfacti7 re b a bee avon. jones's celebrated star returns. the tobacco manufactured at this factory is the best and cheapest in the market. goes c...
tobacco,1870,0,1900,1532,6.9354,True,"mini herald, south durham and north york eview. no. 631. established r 740. g. t. dickinson, tobacco manufacturer, '22 and 24, big market, newcastle- on-tyne. d orboc x, having recovered from severe i"
tobacco,1870,0,1900,1533,6.9488,True,"i, tobacco and cigars. in the first two cases the i value of the goods stolen amounted to about 30, and boots of the value of £l7. 10s. were also taken from mr...."
tobacco,1870,0,1900,1541,6.9645,True,"general notices. bibdo bye beteittns. dickin-601n, tobacco manufac'au'r elt 2 and 4, b igo 14 ark)? t"
tobacco,1870,0,1900,1542,6.9649,True,"bird's eye returns. dickinson, tobacco manufacturer, 22 and 24, bigg market, newcastle- on-tyne. john hodge, botanical and eclectic practitioner, darlington. consultation daily. patients v..."
tobacco,1870,0,1900,1544,6.9678,True,"...biliath. produces the teeth from all ms the (omb, pre- progress of i.y. it mel beautiful whiteness, :once to the breath. ii r arising from decayed or tobacco s"
tobacco,1870,0,1900,1545,6.9681,True,"bird's-bye returns. dickinson, tobacco manufacturer, ee and 24, bias maxim, newcastle-on-mg r. notice. dental surgery. messes. 11.—moseli -t;ird eon, of london, surgeon dentists, 10, sidon..."
tobacco,1870,0,1900,1547,6.9735,True,"literary notices. cope's tobacco plant. liverpool :• john fraser, 10, lord nelson-street—this periodical, issued in the interests of the ""smoking com- munity, is beautifully printed ..."
tobacco,1870,0,1900,1549,6.9759,True,"the illustrated idland news. price three•penc'e. sold by s. fim1.0:), agent. the trade supplied. wholesale & retail tobacco warehouse, five ways, gii.ii)ley reatii. t. homer, propulit3i4. notice. mr. "
tobacco,1870,0,1900,1550,6.9785,True,"tobacco poison. a rather unusual cage of nicotine pawning occurred • day or two since in • parisian suburb the victim, a man in the prinie of life, hail been..."
tobacco,1870,0,1900,1555,6.9933,True,"registered at the general post office as a news- paper, und for transmission abroad. established 1740. g. t. dickinson, tobacco manufacturer, 22 and 24, bigg market, newcastle- nn-tyne. christmas pres"
tobacco,1870,0,1900,1556,6.9978,True,"bird's fiye returns. dickinson, tobacco manufacturer, .22 and 24, bigg market, newcastle on-tyne. .-tur armit age, 17/i.s king street steam sawing and moulding mills. sashes, doors, frames,..."
tobacco,1870,0,1900,1558,6.9982,True,"to smokers!! cm be had of all tobacconists in 1,2, and 4oz. packets. hand's crerp.y blossom ____ smoking mixture manufactured from tbe first selected american tobaccos. a rich flavoured s..."
tobacco,1870,0,1900,1559,6.9982,True,"...lists on application. comet orders forwarded by firat train or con- mum and carriage paid on order of .£5 value and snania s. s. hind & co., cigar in tobacco 'manufacturers, little cherry street"
tobacco,1870,0,1900,1560,7.0019,True,"bla,ck jack. a pure tobacco sold everywhere in ounce packets at 3d. guaranteed by our name and trade mark w. d. sc. 11,. 0; wills."
tobacco,1870,0,1900,1562,7.0092,True,"birds eye returns. dickinson, tobacco manufacture r, 22 and 24, bigg market, newcastle-on-tyne. 240 middlesbrough high school terms, bre may be obtained from the head master, john sewell,..."
tobacco,1870,0,1900,1563,7.0109,True,"...s on application, country orders forwarded by first train or con- veyance, and carriage paid on order of 44 value and upwards. s. s. hand & cigar and tobacco :xiancfacturein, little cherry s"
tobacco,1870,0,1900,1564,7.014,True,viontg. punctually black jack. a pure tobacco sold everywhere in ounoe packets at 3d. guaranteed by our name and trade mark e d. 1/. o. wills
tobacco,1870,0,1900,1565,7.0187,True,"...cation. country orders forwarded by first train or con• veyance, and carriage paid on order of .£5 value lull upwards. s. s. hind and co., cigar- and tobacco manufacturer little c"
tobacco,1870,0,1900,1566,7.0191,True,"london and provincial tea, coffee, sugar, and tobacco company, stratford, london, e. .pmscompanv eapplx, dr. put.lx dlr.., or. utx.l..• tlan. coffia, t; klits to .. 7•l7;:av a;y;;;ik the 'val., ,4 jr "
tobacco,1870,0,1900,1568,7.0226,True,"walter worren, 115 & 116, new road, great bridge, importer of the finest qualities of tobacco and snuff, for which this establishment has been so long famous. w. w. would direct particular attention t"
tobacco,1870,0,1900,1570,7.036,True,a pure tobacco sold everywhere in ounce packets at 3. guaranteed by our name and trade mark w. d. & h. o. wills
tobacco,1870,0,1900,1576,7.0448,True,"an old tobacco bill. mr. archibald forbes, the daily news war cor- respondent, was sued in the edinburgh sheriff court, on the 24th may, by a tobacconist, for £l7. ..."
tobacco,1870,0,1900,1579,7.0574,True,a pure tobacco sold everywhere in ounce packets at 3d. guaranteed by our name and trade mark w. d. 8: h. o. wills
tobacco,1870,0,1900,1580,7.0677,True,"bird's eye returns. dickinson, tobacco manufacturer, 22 and 1,24, bigg mapret, newcastle on-tyne. 'publications. just publis aed, aletter to the parishioners of croft, by the rev. frederic..."
tobacco,1870,0,1900,1582,7.0793,True,lack jack. a pure tobacco sold everywhere in ounce packets at 3d. guaranteed. by our name and tralle mark w. d. & h. o. wills
tobacco,1870,0,1900,1584,7.0849,True,"...s worcester journal is .1.1 the largest, cheat' et, and best family paper in the county. sold by s. field, news agent, stourbridge wholesale & retail tobacco warehouse, five "
tobacco,1870,0,1900,1585,7.0849,True,"to smokers 1 can n had of all tobacconists in 1,2, ass 4 4.. packets. hand's cherry blossom smoking mixture manufactured from the first selected american tobaccos. a rich flavoured smokin..."
tobacco,1870,0,1900,1587,7.0889,True,"an american's impression of liverpool. mr. f. h. hager, editor of tho arne- ricau tobacco leaf, who recently visaed liverpool, has jotted down his impressions in the journal he conducts. fie says:— th"
tobacco,1870,0,1900,1590,7.1058,True,"...•••46.1 1tao?! (""stockton gazette and ""middlesbrcituch p at moderate charges. allan or t 9 .w.. 1 4 a 4ot, l a-an treii birds eye returns. dickinson, tobacco manti"
tobacco,1870,0,1900,1593,7.1205,True,"try evans's rose antiseptic tooth powder. it removes all unpleasant odour from the breath, arising from decayed teeth, or from tobacco smoke. it prevent. tarter, and given a pearly whiteness to the 'f"
tobacco,1870,0,1900,1594,7.123,True,"...llaneous business. the chancellor a the exchequer, in rsply to mr. callan, stated that be was not prepared to modify the prohibition of the growth of tobacco in great britain and ireland. the mar"
tobacco,1870,0,1900,1595,7.1253,True,"tobacco papers. blue, pink, buff, and white demy grocers' paper bags. rice bags, seed bags, powder bags, lump sugar bags, moist sugar bags, coffee bags, tea ..."
tobacco,1870,0,1900,1596,7.1308,True,"foreign intellige*ce. tub late ealimates of tho trade with regard to the probabilities of the growing tobacco crop in the west, have been well verified by late reports. at the close of the planting se"
tobacco,1870,0,1900,1597,7.1352,True,"tobacco • ,paphttl3; tke. qaralcii seecla of th.o3est quality. 3iiineoe's little. ,heath melon plants. cucuinber plants of the beat including blu4. own, marq..."
tobacco,1870,0,1900,1599,7.1422,True,"manilla house the new tobacco and cigar stores, 13, market street wolverhampton. john james, with mr. singleton for many years) begs to inform his friends and the public generally..."
tobacco,1870,0,1900,1600,7.1482,True,"...s! take notice ii you want a really good smoke go to h. e. lowe's celebrated establishment, 1, church street, blackpool, cigars of the finest brands, tobacco of tke 2 dity, and every smokers' re"
tobacco,1870,0,1900,1601,7.1484,True,"wholesale i retail news agent 92, high-street, 4tourbridge. -- daily post and gazette,"" ed per doz wholesale & retail tobacco wareroveis, five ways, übadley heath. v. r. playing cards. laying cards, l"
tobacco,1870,0,1900,1602,7.1487,True,bir3fingiiam. tobacco and _ _cigar _ making in a visit tto messrs. hand's works. when the late lord lytton 'wrote that he who smoked not had denied himself one of the area...
tobacco,1870,0,1900,1609,7.1661,True,"m rs. leitch's servants registry. printing, stationeuy, bookbinding, picture framing and re-gilding, fancy goods, t..,ys tobacco i cigars, daily i weekly papars, 32, bitlghton4tilist, okaoonsil"
tobacco,1870,0,1900,1611,7.1692,True,"police courts. d a le-street.—satiirday. allzgld thyst os tobacco.—a young girl, named christina packwood, was remanded for a week on a charge of stealing a quantity of tobacco and cigars belonging to"
tobacco,1870,0,1900,1612,7.1876,True,"poulton county court. wednesday. —before w. a. hulton, esq., judge. claim for costs.—john c. walsh, wholesale tobacco dealer, sued charles philips, of blackpool, for £5 l3s. for cigars supplied. the a"
tobacco,1870,0,1900,1614,7.2055,True,strong b ca s jack. a p4it.re tobacco sold everywhere in ounce packets at 3d. guaranteed by our name and trade mark w. d. & h. o. wills
tobacco,1870,0,1900,1616,7.2153,True,"estisiates forwarded per post. works: 58, hope street, hanley. to smokers!!! can be had of all tobacconists in 1 2, and 4es. packets. hand's cheery blossom smoking mixture! manufactured from the first"
tobacco,1870,0,1900,1618,7.2379,True,"thm-ov-m4013- -*mb- airriemptio petypw powpbe. iirieszevta a ll_ unpleasant. odour hum the breath, from decayed teeth, or from tobacco ppeventa tartar, and gives a pearly virhilenees to the teeth. sol"
tobacco,1870,0,1900,1620,7.2628,True,"...s supplied on ~..01e8- ex a min mr. witfinall, 50, mar' fenton, bogs to inform the fenton, that he h. on sale • ch, tea, which ht.ic offermg at gran* tobacco and cigars of nessramers and perio"
tobacco,1870,0,1900,1622,7.2826,True,"established 1740. dickinson, tobacco manufacturer, 22 and 24,81gg market, newcastle-on-tyne. 240 a dental surgery. thirty-ninth year of attendance in new castle and its vicinity. messrs ..."
tobacco,1870,0,1900,1623,7.2835,True,"birds eye re turns. dickinson, tobacco manufacture r 92 and 24, bigg ma ent newcastle-on-tyne. 240 cricket club engag,ements. 1873. practise commenced monday, may 5. _— june 2 and s. -gran..."
tobacco,1870,0,1900,1625,7.2951,True,"t. lvi• usher, who] il11:8a1 tobacco and cigar merchant, 8, park street, walsall. publicans and shopkeepers will find this one of the cheapest houses in the trade for all kinds of tobacc..."
tobacco,1870,0,1900,1626,7.2986,True,"richmond herald, south durham and north york review: establimed 1740. g. t. dickinson, tobacco manufacturer, 22 and 24, bigg market, newcastle. on-tyne. coatham grammar school, redcar. treai3 master: "
tobacco,1870,0,1900,1628,7.3301,True,"established 1740. g. t. dickinson, tobacco ma.nufactiirer, 22 and 24, bigg market, newcastle- on-tyne. gainfo rd academy, near darlington. principal....rxv. wm. bowman. at the last cambridge u..."
tobacco,1870,0,1900,1630,7.3333,True,"the an n tobacco movement, a conference, convened by the english anti- tobacco socit,4 and anti-narcotic league, was held on tuesday evening, at the central i offices..."
tobacco,1870,0,1900,1631,7.3352,True,"the dutchman mw floriculture. the devotion of the dutchman to floricultrtre is ar notorious as his passion for tobacco (says the .standard) the soil f his low-lying country, only ramparted ageinst the"
tobacco,1870,0,1900,1632,7.3375,True,"wiiolizale tobacco and cigar merchant 8, paak street, walsall. publicans and shopkeepers will find this one of the cheapest houses in the trade for all kinds of tobacco..."
tobacco,1870,0,1900,1633,7.3439,True,humour in tobacco smoke. the gentlemen who have been working so assiduously for some time past to bring about a revival of the due arts in liverpool must be gratified ...
tobacco,1870,0,1900,1634,7.3495,True,"the dutchman and flormiltuile. tr &notice af the dorfman to intimater.i. r reneire le• parer a tobacco (asp the standard). is mg of ine-lytag country. ouly rem, and i aping*. eteetreareete of the jere"
tobacco,1870,0,1900,1637,7.3634,True,"...oli-aw(3"" and cigar stores,— 10a sttr.ford strut, hanley. braham's celebrated smoking lt mixture may be had at 34.1. per oz., or 2 o, for 6. ordinary tobacco from "
tobacco,1870,0,1900,1638,7.3637,True,"tobacco and the diseases it produces. %oka abov• subjvt., ta< tuned of woi..ins os %w.i. bfr,—the anaemia. coessomptiffin et line la all europese statue make..."
tobacco,1870,0,1900,1639,7.3665,True,"retuhrs or shag, of tobacco can be obted elb actier i.e. (erholesea e way) el 10.. londen, sole manufsettusele. medal. i powder kw end semen erilhost tenet. swximo _ ------- fut..."
tobacco,1870,0,1900,1640,7.3705,True,"established 1740. dickinson, tobacco manufacturer, 22 and 24, big market, newcastle-on-tyne. 240 a academy of' music, newport road, middlesbrough. under the direction of mr franz groenin..."
tobacco,1870,0,1900,1642,7.3752,True,"7, 1 rogistared t lie. 821. birds kt dici tobacco m. i lid 4, b newcas. business _ nj3.—narno ma add list (clan: a l•inter, john, bolckov :lounant, jchn, 10, go auctioneer klikek. and sons, non foste..."
tobacco,1870,0,1900,1644,7.3765,True,"11 5 j 1 importer of the.finesi faruot bar bran's eye. i wilson's s. s., band ligarettes, cigar ca, with tobacco from 3 where bong] at wo booicsell 1"
tobacco,1870,0,1900,1645,7.3788,True,"r ober t hall, hairdresser, news-agent, and tobacconist, no. 15, church row, stockto. ur tobacco and cigars of the finest quality. the new patent metach- rozed"" spectacles itie the only ones which rea"
tobacco,1870,0,1900,1647,7.3871,True,"birds eye returns. dickinson, tobacco mantjfactur e and 4, bigli market nzwcasily-on-ttne. 240 gloves t gloves gloves bowron's danish kid imp bowron's rrench kid gloves. bowron's town-mad..."
tobacco,1870,0,1900,1648,7.3959,True,"tobacco papers. blue, pink, buff, and white demy grocers' paper bags. rice bags, seed bags, powder bags, lump sugar bags, moist sugar bags, coffee bags, tea ..."
tobacco,1870,0,1900,1649,7.4155,True,"thoroughly tnipariti.est h.ar4_eni decay, and a t. all cuiplc. tobacco sm. composed in cions to t' the age. prepared by wady& gives to d!ilightfill unpleaant the tails, fries 28"
tobacco,1870,0,1900,1650,7.4168,True,a pure tobacco sold everywhere in ounce packets at 3d. guaranteed by our name and trade mark w. d. & h. 0. wills england preparing for war. hurried despatch of troo...
tobacco,1870,0,1900,1657,7.4446,True,"the commissioners' ""teas, tobacco, and cllialib."" the district auditor (mr. john dolby) presented lis repoit of the annual audit, in which tae following paragraph appeared --'• in the..."
tobacco,1870,0,1900,1659,7.4631,True,"latakia. made from imum -ta ][ands black tulip. this tobacco is arils., :u the tr.l, 't 3l manufactured frem the american leaf. ""rands eagle bird's eye. al smokers should. try these 1 ity tisl.l. lis "
tobacco,1870,0,1900,1660,7.4656,True,"otwert -11 l i p • _ a ;. eitoolrton g•szette"" middlisbrough times 'inoorporated. price one penny. birds ii ye returns. dickinson, tobacco manufacturer 9 and 4, bigg market newcastli-on-tynk. 1140 sta"
tobacco,1870,0,1900,1662,7.4691,True,"t9fig%i9wfitly general cary, in considering i drinking, ur personal of months. the question morally, said that drink- :alike the the use of tobacco (which was a persona.. vice), im- perilled the lives"
tobacco,1870,0,1900,1665,7.4855,True,"loimi=miii pence. • qv. .11 •• jones k ivizan i william, p1.40,,.._-_.- ....... tobacco id it if vf a c7ll/izes abeeavon; anchor.• h ii f# v diinbaten piacie, bridgimid: mee tobaccos prepared. by the "
tobacco,1870,0,1900,1668,7.5046,True,"wholesale & retail tobacco w arehouse, five way& gbadley 17114t11."
tobacco,1870,0,1900,1673,7.5119,True,"poisoned by tobacco oil. dr, thomas, deputy-corquer for central middle- sex, held an inquiry on tuesday, as to the death of arthur george stevens, aged three, of highgat..."
tobacco,1870,0,1900,1676,7.5163,True,"an infant smoker. the pal? nall gwette remarks s—the me of tobacco in the nursery i. not generally recommended by the inedmel pedession, hut from the detail* given by. cor. respondent of the cincinnat"
tobacco,1870,0,1900,1677,7.5282,True,"establ 11411 ed 1740. .0.1..*a. dickinson, tobacco manufacturer 23 awn 24, rig° market, szwcastlk-on-tynil"
tobacco,1870,0,1900,1678,7.5308,True,"gardening, ao. parn hones.—fenis, in their present state, are in the best condition to bear • good application of tobacco smoke, which ought to be repeated sufficiently often to destroy thrips and oth"
tobacco,1870,0,1900,1683,7.5702,True,"dickinson, tobacco -atanufacturee, • 22 and 21. 111(10' ir.a.pr.f.t, newcastle- on-tyne. tlh"
tobacco,1870,0,1900,1685,7.5793,True,"11. ivind-street, swansea. london and provincial tea. coffee, sugar. and tobacco company, stratford, london, e. dime. ea, vim qua • arbeb.a.:ente bna arm imp{ /kw omb me, milk mai ibb boas me me will "
tobacco,1870,0,1900,1688,7.5888,True,"price one penny birds eve returns. dickinson, tobacco manufacturer 12 and 4. big° varist n twcastlz-ok-tynz. 340 j ust recnived."
tobacco,1870,0,1900,1690,7.6034,True,"tobacco statistics. in the list of american exporlb tobacco takes the fifth place, cotton, wheat, petroleum, and the precioom meals exceeding it iu value as ..."
tobacco,1870,0,1900,1691,7.6045,True,"latakia. made from pure latakia tolmeeo, in 2ez. sod kz, canist,z, ""'and's black tulip. this tobacco is unsurpassed in the trade at &i p, oz. illumfactui [rem the am. rican leaf. 0 .11:,';',,, c 7,• ~"
tobacco,1870,0,1900,1692,7.6063,True,"leave that question wlivoecilia now; hermits, you may malt, and tobacco in 1873.4 ,r, £35,027,810, and in iwe do not want a meddling policy, which may involve into the soil, the land under cultivation"
tobacco,1870,0,1900,1698,7.629,True,"black jack a pure tobacco sold everywhere in ounce packets at 3d. guaranteed by our name and trade mark w. d. & h. o. wi i,l"
tobacco,1870,0,1900,1699,7.6323,True,"cigars! cigars cigars !! sample boxes, at wholesale prices, can be bad at t garner's noted tobacco and tft • cigar store, 16, hope street, hanley. the fragrant weed, to smokers dear, come purchase at "
tobacco,1870,0,1900,1709,7.7024,True,"shipping disasit,ks. the number of wrech. reported aniug the park week is .27, waking for the preset year 721 the salvors have recovereil balee of tobacco from the wreck ol the bogue. tim coffee bags "
tobacco,1870,0,1900,1710,7.7076,True,"... h jt been promoted to parliament which mow. that during the year odd march 31, 1876, the excuse duty on alcoholic drinks wan 436.012,194 mad that ma tobacco .67,"
tobacco,1870,0,1900,1711,7.7137,True,"...wron's french kid gloves. bowron's town-made kid gloves. s. bowron, t i he n...jorner shop, newport-road middlesbrough. birds eye returnii. dickinson tobacco manukaoto t:1 24. b ig6 mrkt nawcastls-0"
tobacco,1870,0,1900,1712,7.7143,True,"c. p. bella cnoice tobacco and cluaßs. c. parsons would respectfully ohcid a trial, and comparison of him goode' now on sale, and would leave his friends and the public to judg..."
tobacco,1870,0,1900,1714,7.7213,True,special agent for- w. di a. gilbey's wine and spirits. r. dg j. bill's tobacco & cigars. chas. codd & cos. mineral waters. e. herbert dc co's french coffee. tab houten's pure soluble coook. note the a
tobacco,1870,0,1900,1717,7.7474,True,"wills' ""iioney _ cut • in conscqueuce of the tlisturbed state 01 i..te retail tobacco t. itb.luros2•lt then:cola atica tt itt 'w. d. o. tiov,l cut,"" a shag toba-co, lii ouoce i'ocnvo,tee, and f ottuce"
tobacco,1870,0,1900,1719,7.7544,True,"...dlesbrough high school it-a- the next quarter will commence on monday, april 3rd. fees: 354 a-quarter. john sewell, 8.a., heiul master. pure american tobacco. dickinson, tobacco manufact"
tobacco,1870,0,1900,1723,7.7933,True,"the culture of tobacco di algeria. the culture of tobacco may now be imbed mvo ito. of the principal pumultn of algeria filmset. the pod most (larone). the tobacco me, of 1..."
tobacco,1870,0,1900,1725,7.7943,True,"richmond herald, south durham and north york review. no. 612. established 1740. g. t. dickinson, tobacco manufacturer, 22 and 24, bigg market, newcastle- registered tor transmission abroad. saturday, "
tobacco,1870,0,1900,1726,7.8002,True,"biiide eye betuktro. dickinson, tobacco manufacturer ii aim 4, digo market ez7icketle-on-yyne. a copy should be in every household the bible! local issue. -just publish/id, a splendid editi..."
tobacco,1870,0,1900,1728,7.8006,True,";ilver cloud. bright hoopydew tobireo, fine cut, of delicate 4 &pour and mild smoking. liandes latakia. made from pare laskittobacco, in 2oz. and 4oz. canisters. black .tklip.• this tobacco is unsurpa"
tobacco,1870,0,1900,1729,7.8043,True,"and g establmiim 1740. dickinson, tobacco manufacturer 22 and 24, vigo market, newcastle-on-tyne. 11406 posener's patent pipes colour equal to meerschaum. three half-pence each. waoutt.az aar..."
tobacco,1870,0,1900,1730,7.8108,True,"try evans's rose antiseptic tooth powder. it removes all unpleasant odour from the breath, arising from decayed teeth, or from tobacco smoke. it prevents tartar, and gives a pearly whiteness to the te"
tobacco,1870,0,1900,1731,7.8344,True,"...ltsxs tv apnication. c,junti,7 ormns fors, fir,t erm., 0 en, vprtnee, and earring: paid on ordar of £5 vnlue and upward,. s. s. hand and 00 cigar and tobacco mancfactcurbs, • t.tttle iz eet. the"
tobacco,1870,0,1900,1732,7.8352,True,"powder. it removcs all unpleasant odour from the breath, arb.ing from decayed teeth, or from tobacco smoke. it pr. vents tartar, and gives a pearly whiteness to the teeth. sold in boxes, is. ar:cl is."
tobacco,1870,0,1900,1738,7.8546,True,"i-10r cheap printing, bookbinding adpiciuite raming, go to t. homer, five ways, cradle): heath. --- wholesale & retail tobacco warehouse, five ways, uiiadley beath. v. 11101126, plowegiess•"
tobacco,1870,0,1900,1741,7.897,True,"...icy. a_ ll who want a leg loaf' or limb money ehould apply to moses rushton, opposite the george inn, st. georoe's, salop. t. ne. it 13 h e wholesale tobacco 'and cigar merchant 8, park street, wal"
tobacco,1870,0,1900,1742,7.9025,True,"serious charge of robbery. at low-street police-court, william richardson has been charged on remand, before mr. flowers, with stealing a quantity of tobacco and cigars from his employers, messrs. jon"
tobacco,1870,0,1900,1745,7.9077,True,"birds eye ret urn s. dic kinson tobacco mani; factu it k., 2 2 w.wr, 24, bigg m a ke t newcastle-0:::-t1ne. 24,1 to the burgnsei of the north-east ward. .adies and gentlemen. one of -i-4 yo..."
tobacco,1870,0,1900,1748,7.9152,True,"...wzoian in taowits.—a young man, named john pembroke, whom it was stated waa a norwe- gian, appeared in answer to a summons charging him willi smoking tobacco in the galley of the brig"
tobacco,1870,0,1900,1750,7.9281,True,"ada m s's grand gentral hair-cutting and shampoong saloon, uxbridge street, hxdniisford, a choice selection of perfumery, tobacco eald agars of finest quality."
tobacco,1870,0,1900,1754,7.9928,True,"pianos!! tobacco for the million. _ opening of a branch establishment, top of piccadilly, hanley. lt the old prices. dark tomicco, 3s. 6d. per lb., or 3,1. per or. li..."
tobacco,1870,0,1900,1757,8.008,True,"tieidley, tobacco king, opened tobacco only tobacco manitf a.ctory in cleveland."
tobacco,1870,0,1900,1764,8.0366,True,"wholesale & retail tobacco warehouse, five ways, beath. t. homer, proprimijr."
tobacco,1870,0,1900,1765,8.0461,True,"tobacco the i 14gu1s.tion committee. olevel&nd iron market. middlisorough,.thesday. the market was only moderately attended to-day, and more time was occupie..."
tobacco,1870,0,1900,1766,8.0547,True,"""black jack"" a pure tobacco sold everywhere in eiz.pkts. at 3d• gtuante e d by ouiname &trade mark w"
tobacco,1870,0,1900,1768,8.0586,True,"try evans's rose antiseptic tooth powder. it removes all unpleasant odour from the breath, arising from decayed teeth, or from tobacco smoke. it prevents tartar, and gives a pearly whitetail sold ix ."
tobacco,1870,0,1900,1770,8.066,True,"...was held on friday at southampton, when over seventy in number changed hands, the prices averaging from 20 guineas to 36 guineas each. craid upon the tobacconist"
tobacco,1870,0,1900,1776,8.1029,True,"13 fore-st warehouse il) 7i bpm 2 themes and mersey 21 marine itisur .. 2.lpm 100 fgn and colonial gov st. tobacco 0 p c loan. trust 0p c uombi.. 98 100 guar by italian gov. 87 89 991, 9 5 trust and l"
tobacco,1870,0,1900,1778,8.1468,True,"robert hall, hairdresser, news-agent, and tobacconist, no. 15, church row, stockton. • sir tobacco and cigars of the finest qaality."
tobacco,1870,0,1900,1780,8.1516,True,roßziax aolus. cope brothers & co. beg to ea..e that they hare u4te their balaton • special department for *it rt.rh of the tobacco trade. all the 13eht brands of the havana atanufac. tubers 000 be se
tobacco,1870,0,1900,1782,8.1629,True,"w al ter wor hen, 115 & 116, new road, great bridge, thporter, of the finest qualities of tobacco and snuff, for which this estab- lishment has been so long famous. w. w. would direct particular atten"
tobacco,1870,0,1900,1783,8.1701,True,"birds zye returns. dickinson, tobacco man.cfactur e 2 and 4, big market newcabtli-on-tyns. • 240 business directory. -------- s.d.—names and addresses added to the following list (daily) ..."
tobacco,1870,0,1900,1784,8.1947,True,"r. fothergill, tobacco manufacturer, 53, high-streit, stockton. factoeil-22, lint horpe -road, middlebbboiigh."
tobacco,1870,0,1900,1785,8.2119,True,"shocking suicide at birkenhead. on taesiay,ltiehd. clarke, tobacco manufactu- rer, of birkenhead, committed suicide. it appears that lween half-past two and half-past three o'cloemeorge overend, of 62"
tobacco,1870,0,1900,1790,8.2493,True,"notice of removal w. how, chemist and derradi st, tobacco s ist, ,le., dorchester, begs to return his sincere thanks to the nobility, clergy, gentry. and inhabitants g,nerally ~f dor- chester and its "
tobacco,1870,0,1900,1791,8.2514,True,"...ue above space was intended for w. h. robinson's smoking mixture, but the demand for it is so great that it is not now required. note the address: al tobacco & cigar stores, i a, bri"
tobacco,1870,0,1900,1792,8.2656,True,"tobacco opened tobacco manufactory, 36, sussex street, middlesbrough. the first and"
tobacco,1870,0,1900,1793,8.2662,True,"ficidion i herald, south -.tama' and north york review. paper, and for transmission abroad. 'r. dickinson, tobacco manufacturer, 22 an)) 24, bigg market, newcastle. riaisterri, at the general post off"
tobacco,1870,0,1900,1798,8.3055,True,"terruption). now, what is it lam to argue— • bemuse, and i commend it to your good judgment you express disapprobation- of tobacco smoking, i agree with you, and.l hope my good friend at the other tab"
tobacco,1870,0,1900,1800,8.3257,True,"biltly,i; 37.-e .1: 7117771'175. i)teikinson, • tobacco manufacturer, 22-6,nd 24. iiitg(1- maet, newcastle- on•ty.n- e. d h e • '.ll • neetliove7: topgr. northgate, daplington. notice of reatov al or "
tobacco,1870,0,1900,1801,8.3405,True,"nd the ed a note to mishing par' 6relessness of ational obli"" -ote has heel neat. s, the pope ept the office tho tobacco m killed bf ;ate elections 9 is a demoia. in lowa 1 nebraska, didates were esid"
tobacco,1870,0,1900,1803,8.3589,True,black tulip. this tobacco is unsurpassed in the trade at 3d. per ounce.
tobacco,1870,0,1900,1811,8.4456,True,"4> nov. 26. v 874 for sale? a pony, lg bands high; good action wed gentle in harness. also a smart, two-wbeeled trap. apply .to a. hadley, tobacco maaufacturet, $6, busses-street, middlesbrough. to me"
tobacco,1870,0,1900,1812,8.449,True,"price one penny • birds eye returns. dickinson, tobacco manufacturer 2 am 4, digo market nzwcastii-on-tyne. 240 notice to butchers. ralf skins and hides are purchased in large or small quantities, at "
tobacco,1870,0,1900,1813,8.4584,True,"...he above space was intended for w. h. robinson's smoking mixture, but the demand for it is so great that it is not now required. note the address: al tobacco & cigar 18f bbidqe-street, wa ha"
tobacco,1870,0,1900,1816,8.4708,True,"0 registered as a newspaper, and for transmission abroad. bietvs eye i:eturns 115 i ii c. 55 a ddr6.ssm prefinfz,on, tobacco _manufacturer, 22 and 424, -digo ma peet. newcastle on-tyne. d h • liteuove"
tobacco,1870,0,1900,1820,8.576,True,"100 fgn and colonial go v 2 thames and mersey trust 6p c bonds.. 97 110 marine lusur (i, .. 313„ pu. 71 gen credt &diset (l) idisrar st tobacco 6p e loan. 14 gen sun navigation 261 211- guar by italia"
tobacco,1870,0,1900,1825,8.6411,True,"favourite bird's eye tobacco 1 -- 1 ee,a`oe 41 • "".4 44.:12;f praots st-1--et st ^ 4 „n't• = _ o to be had of all tobacconists in 1,2, and doz. packets, bearing the ""black tulip""..."
tobacco,1870,0,1900,1828,8.6854,True,"eli. le rk tanstered pak.kri""foraccob. atakia. frlack tulip si cut taviai,i,ii. lake ,cpv.i.rov. ci i; -c„,,,.,,, favourite i;: eye tobacco approved by all smokers for their superioit quality and flav"
tobacco,1870,0,1900,1829,8.6931,True,"where perique tobacco grows. the settlement of grand point, fambus for perique (says the new orleans times) is situated on the left bank of the mississippi, 'fifty-five mi..."
tobacco,1870,0,1900,1832,8.8149,True,"• g ip bird's-bye returns. dickinson, tobacco 'manufacturer, 22 and 24, bigg maw% nzwc.astle-on-ttne."
tobacco,1870,0,1900,1835,8.8312,True,":11f.dickinson, tobacco maip:tfa.ctitbz-b if and *4, 1/010 xl x/it newcastly izia( !his ""w‘ntob )w ioi t4.l.a` iii ef. great c g roi.! ,ttia •a • a cri •71114,11.-il fai4 t ..."
tobacco,1870,0,1900,1837,8.8552,True,"tobacco! tobacco! smoke banks & james's virginia per 3d. a very superior full-flavoured tobacco, cut from oz. the finest american tobacco. sold by all public..."
tobacco,1870,0,1900,1840,8.9124,True,"... customs returns for the port of stockton for the year just closed show that there has been a decline of 390 in the gross amount received for duties. tobacco, wi"
tobacco,1870,0,1900,1842,8.9532,True,reliable dark tobacco. latakia. black tulip. ilver cloud. trr cavendisii. are superior -- pruntizose honey dew. cherry' blossom mixture. favourite bird's eye tobacco _----...
tobacco,1870,0,1900,1845,8.9944,True,"...tamped 2d 3 fore-st warehouse (l) 54 644 pm 231, 4 fgn and colonial gov 2 thames and mersey trust 6p c bonds 94 98 marine insur (l) .. 3 34 pm 974 st tobacco 6 p c loan, i gen credt &d"
tobacco,1870,0,1900,1846,8.9946,True,black tulip. this tobacco is unsurpassed in the trade
tobacco,1870,0,1900,1847,9.0256,True,"ab'etre to itis i combined vitt i via tobacco pitt, mod iriagair na pot galant vam gzitonynaij euutuadul jaltr. aa keddygintaiii yn al cantos oil y me akerroß 011. ya 411111 al na. tamaaair anaar..."
tobacco,1870,0,1900,1850,9.1332,True,"news! news!! news!!! s • wholesale & retail news agent 92, high-street, stourbridge. daily poet and gazette,"" 9d pee doz ----- wholesale & retail tobacco warehouse, five ways, uiiadley heath. w. r. pl"
tobacco,1870,0,1900,1851,9.1396,True,"...ere it is now because you may depend upon one thing. that the liberal party will try to select a man who endeavours to unite them on some i malt, and tobacco in 1873.4 was a 35,0"
tobacco,1870,0,1900,1852,9.1445,True,"itls brands, tobacco of tile i 1' requisite, are always premises notice of removal. m. q ohe a fish, game, and poultry salesman, begs to inform the public and visitors of..."
tobacco,1870,0,1900,1854,9.1941,True,"wholesale & retail news agent 92, high-street, stourbridge. daily post and ""gazette,"" 9d per doz wholesale & retail tobacco warehouse, five ways, uiiadley beath. v. r. playing cards. laying cards, is."
tobacco,1870,0,1900,1863,9.4485,True,"... wednesd ay, september 21, i. 870. trust 6p c bonds.. 92 96 2 thames and mersey 73 gen credt &disct (l) 3 3 dis marine insur (l .. 42133 pin 73, 7 st tobacco 6 p c loan, gen stm naviga"
tobacco,1870,0,1900,1878,10.0284,True,"the alston herald, saturday, january 16, 1875‘ i al. nv it4 8 yit it et la% in2l dickinson, tobacco xanitbacturer, 22 and 24, blew ilisurr,`nrygesnv-ox-isms."
tobacco,1870,0,1900,1881,10.1001,True,"stealing money and a tobacco b )x. jane brooks was brought up in custody charged with having stolen, at ulverston, on the sth of june, from the person of j tmes dickson, £1 4s. i..."
tobacco,1870,0,1900,1882,10.1497,True,"of peel tobacco and made and 'ntorni ,he orpool _ • ha t 4.utting axt) sham"" 16 market olio ""mao ent tick. umbrellas"
tobacco,1870,0,1900,1884,10.6074,True,"nailrod tobacco hedley and co., wholesale tobacconists, v, sussex street, middlesbrough. the building material depot is removed from taylor's wharf to n. 71, dundas ..."
tobacco,1870,0,1900,1886,12.3247,True,"_ warimousi, wv, ways, oradlay 41114711. whoilksale k retail tobacco"
tobacco,1870,0,1900,1896,21.7092,True,"manufactured from the first selected american tobaccos. a rich flavoured smoking:mixture. hand's lake superior, a golden virginia shag. can be confidently recommended. -hand's primrose honey dew. a mi"
tobacco,1870,1,1235,4,5.4631,True,"...by john wood, 11, baxter-street, middlesbrough, sols agent for middlesbrough and ive district. n.b.—the trade supplied to any extent. cigar cases and tobacco pouches in great variety. n"
tobacco,1870,1,1235,11,5.6843,True,"cigar and tobacco business at 26. st. mary street, and trusts that by strict attention to the condition and quality of these articles to obtain a share of their suppor..."
tobacco,1870,1,1235,21,5.8094,True,"old-established tobacconist business lately occupied by mr. henry li/wwii, at 19, queen street, bul'slem, and that he keeps in stock a good assortment of choice cigars and t..."
tobacco,1870,1,1235,23,5.8115,True,"k .___ i t i,‘ pe 1 ^ k 1 f liii+l 1 1 t 1-irir a l e a_ thursday, august 13, 1874. cigar cases and tobacco pouches harareaves' black lead produces a magnificent polisia, with scarcely any labour, and"
tobacco,1870,1,1235,27,5.8301,True,"cigar and tobacco business at 26, st. mary street, and trusts that by strict attention to the condition and quality of these articles to obtain a share of their suppor..."
tobacco,1870,1,1235,36,5.8668,True,"cigar and tobacco business at 26, st. mary street, and trusts that by strict attention to the condition and quality of these articles to obtain a share of their suppor..."
tobacco,1870,1,1235,41,5.9194,True,"...oiclst. business lately occupied by mr. henry lawton, at 18, queen street, burslem, and that he keeps in stock a good aasortment of choice cigars and tobacco, plain and fancy p"
tobacco,1870,1,1235,49,5.9579,True,cigar and tobacco business at 26. st. ma.ry street. _ and trnsts that by strict attention to the condition and quality of these articles to obtain a share of their sup...
tobacco,1870,1,1235,55,6.0055,True,"...ed s. d. mr. w. drake, houghton 2 0 0- rev. and mrs. clark, houghton 114 0 heiii,r,y edgson, wholesale and retail english and foreign toy, cigar, and tobacco warehouse, 4, kou-stn"
tobacco,1870,1,1235,58,6.023,True,"baskets, moth trunks and camphor boxes.' oriental cuis4 dolls, tobacco jars, and • variety of articles far too numerous to mention in en tall erti.ment. whirowill be found well worth a time of inspech"
tobacco,1870,1,1235,69,6.0948,True,"wholesale tobacco and ciq.ar merchant 8, park street, walsall. publicans and shopkeepers will find this one of the cheapest houses in the trade for all kinds of tobacc..."
tobacco,1870,1,1235,70,6.1033,True,"old-established tobacconist business lately occupied by mr. henry lawton, at 19, queen street, bursle3ii, and that he keeps in stock a good assortment of choice cigars and t..."
tobacco,1870,1,1235,82,6.1562,True,"...wron's yrench kid gloves. bowron's town-made rid gloves. s. bowron, the corner shop, newport road. m iddlesbroug il 376 birds eye returns. dickinson, tobacco manufactur eit i um 4, bigg 741,1/4rxxt "
tobacco,1870,1,1235,88,6.1758,True,"brass and store bins flour bins tea bins treacle cisterns )1: _ 1 f paraffin show silo\ vinegar jairs, tobacco jars snuff jars, 1 1 _ 1 siigar choppers c eege tasters utter triers tter. stands tter kn"
tobacco,1870,1,1235,92,6.2038,True,"cigar and tobacco business at 26, st. mary street, and trusts that by strict attention to the condition and quality of these articles to obtain a share of their suppor..."
tobacco,1870,1,1235,94,6.2219,True,"cigars, t r 4 tobaccos. irish roll. nail rod. yiwr srlg. catindish. 811,,ling miturn. golden cloud. n bristol birds'aite. tanner pride. curs's, wilse's, li and monett's to..."
tobacco,1870,1,1235,95,6.2268,True,"...ication. country orders forwarded by first train or con- reyauce, and carriage paid on order of .£5 value and upwards. s • s. hand and co.. cigar and tobacco mani7facturers, little "
tobacco,1870,1,1235,98,6.2416,True,"and general advertiser trir:iisda:y, september 3, 1874. snuffs, l'igarettos, vevey fins. cigars, tobaccos, cigar cases and tobacco pouches in great variety. mr. george tiiwaites, wholesale and retail "
tobacco,1870,1,1235,114,6.2534,True,"vinegar jars, tobacco jars, snuff jars sugar -hoppers ci) eese tasters butter triers butter stands butter knives bacon knives tea scoops, flour scoops, t 6 funnels vinegar..."
tobacco,1870,1,1235,121,6.3005,True,"t. m• itsher, tobacco and cigar merchant, 8, park street, wamall. publicans and shopkeepers will find this one of the cheapest houses in the trade for all kinds of tobacco..."
tobacco,1870,1,1235,126,6.3168,True,the german pipe manufacture. among the results of interest brought out in con- nexion with the official inquiry into the extent of the tobacco trade of germany are some figures relating to the manufac
tobacco,1870,1,1235,131,6.3266,True,"walter worren, 115 and 116, new-road, great bridge, importer of the finest qualities of tobacco and snuff, for which this establishment has been so long famous. w. w. would direct particular attention"
tobacco,1870,1,1235,135,6.3362,True,"foreign toy warehouse cigar and tobacco merchanr, 4, king-street, weymouth, adjacent to the railway station, the shore, and the esplanade. all kinds of children's sand spades, pails, &c., i..."
tobacco,1870,1,1235,136,6.3369,True,"shildon anti-tobacco society and penny savings' bank. the tenth annual meeting of the above society was held in the mechanics hall, new shildon, on monday evening last. m..."
tobacco,1870,1,1235,144,6.3715,True,"a very large 13toqr of seal, beaver, ivory, and leather purses of first-class workmanship. cigar stands and tobacco boxes. telescopic graphoscopes. ladies' bags in leather and seal- skin. games of cre"
tobacco,1870,1,1235,146,6.3955,True,"• ..• .•. 7, v,. • -.- 5..-. g • hatton's hair cutting and shampooing rooms, 16 market street. choice assortment of perfumery,..tipes, walk* sticks, tobacco and olgare. umbrellas made and repaired. la"
tobacco,1870,1,1235,147,6.3959,True,"wholesale tobacco and cigar merchant 8, park street, walsall. p 111,141111. and shopkeepers will find this one of the cheapest houses in the trade for all kinds of tob..."
tobacco,1870,1,1235,150,6.4061,True,"walter worren, 115 and 116, new-road, great bridge, importer of the finest qualities of tobacco and snuff, for which this establishment has been so long famous. w. w. would direct particular attention"
tobacco,1870,1,1235,151,6.4094,True,"walter worren, 115 & 116, new road, great bridge, importer of the finest qualities of tobacco and snuff, for which this establishment has been so long famous. w. w. would direct particular attention t"
tobacco,1870,1,1235,152,6.4116,True,"4d. per quart. 6d —no. 11, east side, longton. cigars! cigars cigars !! sample boxes, at wholemle prices, can be had at t garner's noted tobacco and ti • cigar store, 16, rope street, hanley. the frag"
tobacco,1870,1,1235,153,6.4152,True,"snit 11, wiilesaln and retail tobacconist, begs to inform the public generally that he has opened the shop, 144, waterloo road, burslehl (opposite the blue bell), with an entirely new and..."
tobacco,1870,1,1235,154,6.4162,True,"general notices. and ge cigars, to el p., 14 smoking mixture. cc n. tobaccos. irish roll. bail rod. fine shag. cavendish. golden cloud. bristol birds'-)ye. yankee pride. cope's, wilse's, •nd hignett's"
tobacco,1870,1,1235,158,6.4297,True,"t"" cheapest bedstead bedding, and furniture warehouse. w. barrett, 207, duke-street paper bags, tea. papers, tobacco papers, wrapping papers, &c. g. carruthe rs, printer, stationer, bookbindei &c., ba"
tobacco,1870,1,1235,159,6.4332,True,"cigar and tobacco business at 26, st. mary street, and trusts that by strict attention to the cou,litioi, and quality of these articles to obtain a sh:tre of their sup..."
tobacco,1870,1,1235,161,6.4509,True,"walter worren, 115 and 116, new-road, great bridge, importer of the finest qualities of tobacco and snuff, for which this establishment has been so long famous. w. w. would direct particular attention"
tobacco,1870,1,1235,162,6.4539,True,tobacco dyes. psis no dads': a very general belief among smokers that if they obtain their cigars from a respectable tobseconist and pay a fair price for the...
tobacco,1870,1,1235,163,6.4583,True,"0 pened tobacco manufactory, 3g, sussex street, middlesbrough. the first and"
tobacco,1870,1,1235,165,6.4634,True,"walter worren, 115 & 116, new road, great bridge, importer of the finest qualities of tobacco and snuff, for which this establishment has been so long famous. w. w. would direct particular attention t"
tobacco,1870,1,1235,166,6.4646,True,"cigars! cigars! cigars !! sample boxes, at wholesale prices, can be had at t garnews noted tobacco and j • cigar store, 16, hope street, hanley. the fragrant weed, to smokers dear, come purchase at ou"
tobacco,1870,1,1235,167,6.4672,True,"special agent foe- w. & a. gilbet's wine and sehleta. r. & j. hill's tobacco & cigars, chas. codd & col. mine/ill watileb. e. herbert & co'p frelict coffee. van hotiteni3 pure soluble cocoa. note the "
tobacco,1870,1,1235,168,6.4708,True,"67, union-street, nitednesbury, queen -street, (opposite station entrance) wolverhampton, to smokers can be hatl of all tobacconists in 1,2, anti 40 'packets. hand's cherry blossom smoking imixtijite "
tobacco,1870,1,1235,172,6.4791,True,"...nting done in the best style. orders addressed to queen-street, btidgend promptly attended to. (trade addrtsoto. t e. j""e 8' (late jones and mi tan), tobacco manufacturer, abera von. the t"
tobacco,1870,1,1235,177,6.4944,True,"a very large st 'ch ow seal, beaver, ivory, and leather purses of first-mass workmanship. cigar stands and tobacco boxes. telescopic graphoscopes. l i.dies' bags in leather and seal- skin. games 07 ch"
tobacco,1870,1,1235,178,6.4983,True,"april 6, xb7b. manufactory. the workers in the tobacco trade at winthetthur have also founded a ""productive association for cigar and tobacco workers."" members will consist of two classes—private memb"
tobacco,1870,1,1235,179,6.5055,True,cigar cases and tobacco pouches in gre sales by aiicttion .i3y mr t. w. hornby.
tobacco,1870,1,1235,185,6.5114,True,"manilla house the new tobacco and cigar stores, 13 514rk et street wolverhampton. john james, (with mr. singleton for many years) begs to inform his friends and the public general..."
tobacco,1870,1,1235,186,6.5163,True,"manilla house the new tobacco and cioar stores, 13, market street"
tobacco,1870,1,1235,189,6.5182,True,"walter worren, 115 & 116, new road, great bridge, importer of the finest qualities of tobacco and snuff, for which this establishment has been so long famous. w. w. would direct particular attention t"
tobacco,1870,1,1235,190,6.5261,True,the tobacco bag. my old doctor has been telling me the following tale which may be of service in enlightening ale and beer drinkers as to the inspiringqualities ...
tobacco,1870,1,1235,193,6.5437,True,"xublic xotitts. the new tobacco shop. james hackle, tobacconist, printer and stationer, formian-street and slater-vrexet, barrow real limerick, kendal, whitehaven tobacco's. cope's,..."
tobacco,1870,1,1235,194,6.5448,True,"p aper bags, tea papers, tobacco papers, wrapping papers, &c. g. carruthers. printer, stationer, bookbinder, &c., barrow-in-furness, has commenced the manufacture and printing of the..."
tobacco,1870,1,1235,198,6.5517,True,"...he above space was intended for w. h. robinson's smoking mixture, but the demand for it is so great that it is not now required. note the address: al tobacco & cigar stores, 18r aridoe•titreet, warb"
tobacco,1870,1,1235,199,6.5541,True,"0. p. sells choice tobacco and cigars. c. parsons would respectfully solicit a trial. and comparison of his goods now on ash, and would leave his friends and the public to judg..."
tobacco,1870,1,1235,200,6.5546,True,"important to the agricultural and horticultural public. ground tobacco (free of duty), for the destruction of grub and blight in plants and turnip fly, a 12s. per cwt., or in tins at is. to 4s. each. "
tobacco,1870,1,1235,203,6.5603,True,"a very large stock of seal, beaver, ivory, anro leather purses of first-olass workmanship. cigar stands and tobacco boxes. telescopic graphoscopes. ladies' bags di leather in seal- skin. games of ches"
tobacco,1870,1,1235,205,6.5704,True,"58,—*9;r1;;;;o•al:ii1ibslem. cigars! cigars i i cigars !! i sample boxes, at wholesale prime, eon be had at t garner's noted tobacco and cigar store, 16, hope street, hanley. the fragrant weed, to smo"
tobacco,1870,1,1235,206,6.5779,True,"tobacco papers. blue, pink, buff, and white demy grocers' paper bags. rice bags, seed bags, powder bags, lump sugar bags, moist sugar bags, coffee bags, tea ..."
tobacco,1870,1,1235,209,6.5864,True,"wills' ""tt oney c ""."" in consequence of the disturbed state of the retail tobacco trade, through the recent advance in the duty, w. d. & h. 0. wills have introduced ""honey cut,"" a shag tobacco, in oun"
tobacco,1870,1,1235,214,6.6149,True,"shildon anti-tobacco society and penny savings' bank. the tenth annual meeting of the above society was held in the mechanics hall, new shildon, on monday evening last. m..."
tobacco,1870,1,1235,216,6.6182,True,"oadrick oen tobacconist, .x street, oprositz the crown. la ca.iii cigar cases and tobacco pouches in great variety."
tobacco,1870,1,1235,217,6.6267,True,"james slade, begs to inform_ his friends.and the inhabitants of cve.y-in—o.u-th-generally, that he hat.; enteled into the cigar and tobacco business al 241, st. mary street, and trusts that by strict "
tobacco,1870,1,1235,221,6.6344,True,"...lication. country orders forwar led by first train or en veyance, and carriage paid on order of ..t5 value and upwards. s. s. hand and co.. cigar and tobacco manufacturer little cher"
tobacco,1870,1,1235,226,6.6594,True,"on ring the been hick (nig- wlte creosoted ca.rbolic soap and two +irk, anion from ringdog- ttot, 7,nco• t. m. it s h b r, wholisale tobacco and cigar merchant 11, park street, walsall. publicans and "
tobacco,1870,1,1235,228,6.6603,True,"paper bags, tea. papers, tobacco papers, wrapping papers, &c. g. carruthers. printer, stationer, bookbinder, etc., besaow-ns-fvuxzes, ras commenced the manufacture and printing of th..."
tobacco,1870,1,1235,229,6.6626,True,special agent for- w. & a. gilbey's wine and spirits. r. & j. hill's tobacco & cigars. chas. codd & co's. mineral waters. e. herbert a co's french coffee. van houten's pune soluble 0000 a.
tobacco,1870,1,1235,230,6.6638,True,"tobacco and cigar merchant 8, park street, walsall. publicans and shopkeepers will find this one of the cheapest houses in the trade for all kinds of tobaooo..."
tobacco,1870,1,1235,231,6.6679,True,"...street, hanley'. h. stone, tea dealer & provision merchant fohn• 8, markefettiifil lioscatove. fine wiltshire smoked hams and bacon. fine chester cut tobacco (weighed with- out paper). try s•rorrs'"
tobacco,1870,1,1235,232,6.6729,True,"...g rooms, 2, cheapside, wolverhampton. wine end spirit merchant—t. walker & co., 20, 21, and 22, vietoriretreet, wolverhampton. manilla house. the new tobacco and cigar stores, 1 3, mark"
tobacco,1870,1,1235,233,6.6736,True,special agent for- w. & a. gilbey's wine and spirits. r. & j. rill's tobacco & cigars. chas. codd & co's. mineral waters. e. herbert & co's french coffee. van router's pure soluble cocoa. note the add
tobacco,1870,1,1235,234,6.6899,True,"vinegar j nrs, tobacco jars, snuff jars sugar choppers cheese tattias utter pliers butter stands butter knives bacon knives"
tobacco,1870,1,1235,239,6.6965,True,"foreign cigars, cope brothers k co. beg to announce that they bee. fide] to thole easiness • special department tor this branch of the tobacco trade. all the ist brands of the havana stanufao. timers "
tobacco,1870,1,1235,241,6.702,True,"... notice if you want a really good smoke go to h• e. l owe's celebrated establishment, 5, church street, blackpool, where cigars of the finest brands, tobacco of the best quality, and ever"
tobacco,1870,1,1235,242,6.7024,True,"n wanted wanted, two active youths, as ap- prentices to tobacco spjuning.—apply at the tobacco matufactory, bishopton-lane, stockton. wanted, in stockton, premises suitable t.d. a itarine store dealer"
tobacco,1870,1,1235,245,6.7144,True,"opened tobacco manufactory, 36, sussex street, middlesbrough. the first and"
tobacco,1870,1,1235,247,6.7226,True,"pure american tobacco. dickinson, tobacco manufacturer 22 and 24, bigg market, newcastle-on-tyne. 2404, e. a. proudlock & co., the tea dealers, top of sussex street, middl..."
tobacco,1870,1,1235,249,6.7243,True,"..artices; jams, mabmalad! ibh, lump, tub butteb, )dab, dzo., eggs. j. prime cheshire, chedt and gloucester cheeses. mild hams and bacon, lard, &e. tobacco and pme cigars. i ic4`"" note the address-19,"
tobacco,1870,1,1235,250,6.7251,True,"tobacco and cigar stores, abraitamb celebrated smoktno mixture may be bad at 34d. per or., or 2 oz. for sid. ordinary tobacco from ss. per lb. cigars from is..."
tobacco,1870,1,1235,251,6.7295,True,"tobacco manufactur er aberavon. jones's celebrated star returns. the tobacco manufactured at this factory is the best and cheapest izt the market, 8068 cheap..."
tobacco,1870,1,1235,252,6.7297,True,"cigar and tobacco merchant, 4, king-streit, weymouth, adjacent to the railway station, the shore, and the esplanade. all kinds of children's sand spades, pails, agaq i..."
tobacco,1870,1,1235,253,6.7328,True,"serious fire in preston. about midnight, on monday, a fire broke out at the establishment carried on by the executors of the late john woods, tobacco dealer and manufacturer, old shambles, preston. th"
tobacco,1870,1,1235,257,6.7395,True,"iaifaand clqajstoins, a brahams celebrated smoking mixture may be had at 30. per on., or 2 oz. for 64,1. ordinary tobacco from 3e. per lb. cigars from 23. 6d. per box. a lawn asmortment of fancy and p"
tobacco,1870,1,1235,261,6.7434,True,"tobacco manufactur er aberavon. jones's celebrated star returns. the tobacco manufactured at this factory is the best and cheapest izt the market, 8068 cheap..."
tobacco,1870,1,1235,268,6.7514,True,"midgley's cigar d4pot 7011 genuine tobacco and cigars. lynn street, west hartlepool opposite altham's tea shop. 118"
tobacco,1870,1,1235,270,6.7569,True,abera.von tobacco manufactory. we found on the occasion of a recent visit to the i ancient borough that the above local branch of manufacture has been revived. the bus...
tobacco,1870,1,1235,271,6.7659,True,"a simpson, waterloo road. • burslem, is now prepared to sell the best john malpas, proprietor. tobacco and cigars in the trade at whole. agent for huxley's american sun.dried tobaccos. sale prices. th"
tobacco,1870,1,1235,274,6.778,True,"wanted wanted, two active youths. as ap- ri:ent eva to tehteco ppi,inieg.—apply at the tobacco manufactory, bishopton-lana, r•tockton. wanted, in stockton. imeniises suitable for a marine store dealer"
tobacco,1870,1,1235,275,6.781,True,"sale of a tobacconist and confectioner's stook. mr. t. g. bryer has received instructions from the trustee, to sell by auction, on fiuny, july 6th, 1877, the whole of ..."
tobacco,1870,1,1235,279,6.8007,True,"a. pure tobacco sold everywhere in ()linen pickets at 3d. guaranteed by our natno and trade mark d.&h. nv 0. wills printed ay.? 12,1-r)lbbcdby gr.c.aor. caaßtrrieer...."
tobacco,1870,1,1235,280,6.8015,True,"...plication. coi.7ntry orders forwarded by first train or con- veyance, and carriage paid on order of £5 value and upwards. s. s. hand & co., cigar and tobacco imanufac rureus, little c"
tobacco,1870,1,1235,281,6.8022,True,"ad ins's grand general haiwciitting and shampoong saloon, uxbridge strut, hildneedded. a choice selection of perfumery, tobacco cud cigars of finest quality. william bimoox, builder and contractor est"
tobacco,1870,1,1235,286,6.8226,True,tobacco adulteration. the popular belief that had cigars are made of cabtage leaves is not ilustified by the last official report on tobacco adulteration. th...
tobacco,1870,1,1235,289,6.8285,True,"established i dickinson, tobacco manufactur er, 22 and 24, big° market, newcastle-on-tyne. 2124 robinson de dennis, auctioneers and valuers, sale room, bridge street west, middl esbr..."
tobacco,1870,1,1235,291,6.8356,True,"cigar and tobacco merchant, 4, king-street, weymouth, jacent to the railway station, the shore, and the esplanade. kinds of children's sand spades, pails, &c., in stoc..."
tobacco,1870,1,1235,293,6.8376,True,"cigar and tobacco business at 26, st. mary street, and trusts that by strict attention to the condition and quality of these articles to obtain a share of their suppor..."
tobacco,1870,1,1235,295,6.8379,True,"to smokers: c6ll be had of ait tobacconide in 1,2, and 40,:. packets. liknd's cherry_ blossom smoking mixture manufactured from the first selected american tobaccos. a rich flavoured smoki..."
tobacco,1870,1,1235,301,6.8517,True,special agent for-- w. & a. gilbey's wine and spirit r. & j. hill's tobacco & cigars. chas. codd & co's. mineral waters. e. herbert & co's french coffee. van houten's pure soluble cocoa. note the addr
tobacco,1870,1,1235,303,6.8542,True,"p aper bags, tea papers, tobacco papers, wrapping papers, &c. g. carruthers. printer, liwationer, bookbinder, &c., bab/low-in-furness, has commenced the manufacture and printing of t..."
tobacco,1870,1,1235,306,6.8593,True,special agent for-- w. & a. gilvy's wine and spirits. r. & j. rill's tobacco & cigars. chas. codd & co's. minebal watimb. e. herbert & co'b french comm. van houten's pure soluble cocoa.
tobacco,1870,1,1235,307,6.8612,True,"...otice if you want a really good smoke go to h. e • lowe's celebrated establishment, • 5, church street, blackpool, where cigars of the finest brands, tobacco of the best quality, and ev"
tobacco,1870,1,1235,313,6.8688,True,"g. ha- tt on's' hair cutting and shampooing r 0( 16 market street. choice asnortrcent of perfumery, pipes' 'walking sticks, tobacco and cigars. umbrellas made and repaird. d. iv eston, (4.) k. 3-41/ w"
tobacco,1870,1,1235,315,6.8785,True,"employ one of the prisoners had feemeily beam the magistrates sent *soh of the viewers to gaol for four months. birkenhead. theft of tobacco.—a youth, named george fisher, was alarged with stealing la"
tobacco,1870,1,1235,316,6.8796,True,"g • er at t on's hair cutting and shampooing rooms, 16, market street. choice assortment of perfumery, pipes, walking sticks, tobacco and cigars. umbrellas made and repaired. i woriia.ld's celebrated "
tobacco,1870,1,1235,317,6.8871,True,"... i, 1- i• r ill [pc z! _ \ l _. \ i, ..------ \ -• --i -, n ',.-, ~, 1, 1 1 ~ 4 al\ .‘ i.. ''•••., ::,\ 1i i .1 • oif l birds eye returns. dickinson, tobacco manufactu e 22 wiz 24, bigg market n"
tobacco,1870,1,1235,318,6.8902,True,"removal. great reduction in meerschaum and briar pipes, cigar holders, cases, tobacco boxes, pouches snuff boxes, tobacco jars, &c., 4:c. upwards of 500 meerschaum pipes and cigap. holders will be sol"
tobacco,1870,1,1235,319,6.8904,True,"... to announce that he ha received his sainual supply of flowering bulbs, hyacinths, crocuses, snowdrops, tulips, of the usual good quality. the london tobacco juice and powder, and tob"
tobacco,1870,1,1235,323,6.9062,True,"...pplication. country orders forwarded by first train or coll. veyance, and carriage paid on order of £5 value and upwards. s s hand and co., cigar and tobacco manufacturers, little cherr"
tobacco,1870,1,1235,327,6.9098,True,"tobacco culture in germany. a men of germany hae been just published showing the districts in the german enipier which tobacco is grown, the percentage of he..."
tobacco,1870,1,1235,334,6.9229,True,"illicit* trade in tobacco. a merchant sent to gaol on tuesday, at the bradford borough court, charles william hartley, paper merchant, of hor- ton-lane, bradford, was charged ..."
tobacco,1870,1,1235,335,6.9256,True,"the exoeispor wholesale and retail tobacco and cigar stores, 105, stafford street, hanley. a braham's celebrated smoking si- mixture may be had at 30. per oz., or 2 oz. for 64d. ordinary tobac..."
tobacco,1870,1,1235,336,6.9289,True,"...take notice if you want a really goon smoke go to e. lowe's celebrated establishient, 5, church street, blackpool, where cigars of the finest brands, tobacco offthe best quality, and every sm"
tobacco,1870,1,1235,337,6.9326,True,"jig cheapest bedstead bedding, and furniture warehouse. if. barrett, 207, duke-street paper bags, tea papers, tobacco papers, wrapping papers, &c. g. carruthers. printer, stationer, bookbinder, &c., b"
tobacco,1870,1,1235,338,6.9332,True,"...ourt. wednesda y.—before the hon. j. c. dundee, m.p., chairman. alleged robbery from the person. thomas welburn was indicted for stealing el 5s and a tobacco box, belouging to john metcalfe, a"
tobacco,1870,1,1235,339,6.9373,True,"the tobacco trade. the local tobacco importers have once more memorialised the dock board, in the hope that they will provide warehouse accommodation ade- quate ..."
tobacco,1870,1,1235,344,6.9423,True,"...e notice!! if you want a really good smoke go to e. l owe's celebrated establishment, 5, church street, blackpool, where cigars of the finest brands, tobacco of the best quality, and every"
tobacco,1870,1,1235,345,6.9437,True,"speciati agent fob,- w. & a. gilbry's wine and spirits. b. & j. hill's tobacco & cigars. chas. codd & co's. mineral waters. e. herbert & co'. french coffee. van houten's pure soluble 0000 a. note the "
tobacco,1870,1,1235,346,6.9439,True,"781. registered as a. newspaper, and for transmission abroad. bird's eye returns. dickinson, tobacco manufacturer, 22 and 24, bigg 7,iapket, newcastle- on-tyne. o,tducation. rowland gregory, • ale and"
tobacco,1870,1,1235,349,6.9548,True,the german pipe manufacture. among the results of interest brought out in con- nexion with the official inquiry into the extent of the tobacco trade of germany are some figures relating to the manufac
tobacco,1870,1,1235,352,6.9616,True,"tobacconist named far had the following painted shove his shop-7"" the best tobacco by far."" a rival tobacconist on the other side of the street, not to be ou..."
tobacco,1870,1,1235,355,6.964,True,"d, south street, afiddlesbrough. j. and re sinclair, tobacco manufacturers and cigar importers. wright derweisit, accountant and commission agent, 70, linthorpe road, middlesbrough. from"
tobacco,1870,1,1235,356,6.9642,True,"to smokers can be had of all tobacconists in 1,2, and 4os. packets. hand's cheery blossom smoking mixture manufactured from the first selected american tobaccos. a rich flavoured smoking..."
tobacco,1870,1,1235,357,6.9661,True,"tobacco and cigar stores, abraitamb celebrated smoktno mixture may be bad at 34d. per or., or 2 oz. for sid. ordinary tobacco from ss. per lb. cigars from is..."
tobacco,1870,1,1235,362,6.9685,True,"cigar and tobacco idanijfacturebs, little cherry street, the largest manufacturers in birmingham."
tobacco,1870,1,1235,364,6.9715,True,"manilla house the new tobacco and cigar stores, 13, market street,"
tobacco,1870,1,1235,365,6.9715,True,"manilla house the new tobacco and cigar stores, 13, market street,"
tobacco,1870,1,1235,366,6.9817,True,"smoking mixture manufactured from. the first selected american tobaccos. a rich flavoured smoking mixture. hand' 8 lake superior, a golden virginia shag. can be confidently recommended. hand's primros"
tobacco,1870,1,1235,369,6.9909,True,"also foreign cigars of the choicest anl most esteemed brands. wilson 8.5., band s.p. snuff. mortnu mixture, itc. cope's, hignett's, and fancy tobaccos. cigarettes, cigar cases, policing. fr.c. tobacco"
tobacco,1870,1,1235,371,6.9935,True,"...ay.—before the mayor and aid. thompson. smuogling.—johan benchard jonsen, mate of the schooner ingeborg anne,"" was charged with smug- gling 4ilbs. of tobacco yesterda"
tobacco,1870,1,1235,373,6.9943,True,"w. h. robinson, is, bridge istreet, warrington, eiiiforte/1 liendine. meerschaum pipes groice —iiastern tor &coos, b.a emir), descril tion of tobacconists' goods robinson's syrlln smoking mixture i. m"
tobacco,1870,1,1235,374,6.9956,True,special agent fob- w. & a. gilbey's wine and spirits. b. & j. hill's tobacco & cigars. chas. codd & co's. mineral waters. e. miebert ~co's trench come. van houma's pure soli:mug cocoa.
tobacco,1870,1,1235,375,6.9962,True,"to siviokers! can be had of all tobacconests i,t 1,2, and 402 i packets. hand's cherry blossom smoking mixture manufacturafrom the first selected american tobaccos. a rich flavoured smoking..."
tobacco,1870,1,1235,376,6.9973,True,"...nting done in the best style. orders addressed to queen-street, btidgend promptly attended to. (trade addrtsoto. t e. j""e 8' (late jones and mi tan), tobacco manufacturer, abera von. the t"
tobacco,1870,1,1235,377,6.9987,True,"foreign intellige*ce. tub late ealimates of tho trade with regard to the probabilities of the growing tobacco crop in the west, have been well verified by late reports. at the close of the planting se"
tobacco,1870,1,1235,378,6.9989,True,"the above space was intended for w. h. robinson's smoking mixture, but the demand for it is so great that it is not now required. note the address al tobacco & cigar stores, 18, bridge•stbeet,' warrin"
tobacco,1870,1,1235,379,6.9993,True,"to smokers can be had of all tobacconists in 1,2, and 4o: packets. hand's cherry blossom smoking mixture manufactured from the first selected american tobaccos. a rich flavoured smoking ..."
tobacco,1870,1,1235,383,7.0033,True,"cigar and tobacco manitfactiirers, little cherry street,"
tobacco,1870,1,1235,384,7.0034,True,"important to the agricultural and horticultural public. ground tobacco (free of duty), for the destruction of grub and blight in plants and turnip fly, £3120. per cwt., or in tins at is. to 4s. each. "
tobacco,1870,1,1235,385,7.0044,True,"other optic,. a rthitil simpson, (late a. turnees,) wholesale and retail tobacconist, deal* in foreign cigars, meerschaum and other fancy pipes in great variety. smith's tobaccv tillpplied, walking st"
tobacco,1870,1,1235,387,7.0058,True,"the excelsior wholesale and retail tobacco and cigar stores, 105, sta..fford street, ilanley. abraham's celebrated smoking mixture may be bad at 30. per or., or 2 oz. for 60. ordinto7 top,a,a ..."
tobacco,1870,1,1235,392,7.0203,True,"nlsi prius court. (before baron pollock.) claim fob goods sold.—sinoleton v. graves. —the plaintiff, who is a tobacconist, of wolverhamp- ton, sought to recover the stun of £56, for tobacco and pipes "
tobacco,1870,1,1235,394,7.0263,True,"cigar and tobacco manufacturers, little cherry street, the lar=est manufacturers dt bdimlngram."
tobacco,1870,1,1235,396,7.0267,True,"t. m. 11 h e ft, tobacco and cigar merchant, 8, park street, walsall. pub essays and shopkeepers will find this one of the cheapest houses in the trade for all kinds of 'toba..."
tobacco,1870,1,1235,398,7.027,True,"important to the agricultural and horticultural public. ground tobacco (free of duty), for the destruction of grub and blight in plants and turnip fly, a 12s. per cwt., or in tins at is. to 4s. each. "
tobacco,1870,1,1235,401,7.0311,True,"important to the agricultural and horticultural public. ground tobacco (free of duty), for the destruction of grub and blight in plants and turnip fly, £3120. per cwt., or in tins at is. to 4s. each. "
tobacco,1870,1,1235,402,7.0323,True,"business addresses. business addresses. asimpson, waterloo road, • burslem, is now prepared to sell the best tobacco and cigars in the trade at whole- sale prices. the lopez a. thi royal arms cigars a"
tobacco,1870,1,1235,404,7.0371,True,"g. hair ton's hair cutting .uro shampooing rooms. 16 market street. choice assortment of perfumery, pipes, 'walking sticks, tobacco and cigars. umbrellas made and repaired. d. weston. wholesale tobacc"
tobacco,1870,1,1235,406,7.0413,True,"to smokers!! can n hoxl of all tobaccolists in 1,2, and 4n. 'land's ciiebby blossom smoking mixture manufactured from...tim first selected american a rich &mowed smoking mixture. hand's la..."
tobacco,1870,1,1235,409,7.0471,True,"tiie duty on tobacco. the chancellor of the exchequer has sent the following letter in reply to an inquiry relative to the duty on tobacco :- 11, downing-street, whitehal..."
tobacco,1870,1,1235,412,7.0496,True,"bookselling and stationery. newspapers daily and weekly, and monthly periodicals as published. noted house for copes tobacco. j. smith, market place, hednesford. ad am s's grand general haircutting an"
tobacco,1870,1,1235,413,7.0509,True,"...e notice if you want a really good smoke go to h• e. lowe's celebrated establishment, 5, church street, blackpool, where cigars of the finest brands, tobacco of the beet quality, and every "
tobacco,1870,1,1235,418,7.0681,True,"...ce court. monday. —before the mayor, aldermen thompson, g. watson. and w. fallows, smuggling.—hy. archer was charged with conceal- ing 2 lb. 4 oz. of tobacco on the (ss) glencairn. f"
tobacco,1870,1,1235,419,7.0699,True,"king street toy warehouse. henry edcison, wholesale and retail english an foreign toy warehouse cigar and tobacco merchanr, 4, king-streit, wkyiioi7th, adjacent to the railway station, the shore, and "
tobacco,1870,1,1235,422,7.0798,True,"the tobacco question. mr. lowe's recent budget reminded us of the many millions sterling expended every year upon intoxicating drinks and tobacco, involving a wa..."
tobacco,1870,1,1235,426,7.0813,True,"illegal sale of tobacco and spirits. at the second pollee court, on tuesday, before mr. j. a. pintos and mr. h. il hornby, hall renshaw, a sprees mad ginger-beer manufacture..."
tobacco,1870,1,1235,427,7.0858,True,"pure american tobacco. dickinson, tobacco manufacture r 22 and 24, bigo market, newcastle-on-tyne. 240 a middlesbrough high school. tbe quarter commenced ou mon vat, april..."
tobacco,1870,1,1235,429,7.089,True,"king street toy warehouse. henry edgson, wholesale and retail englisei an foreign' toy warehouse cigar and tobacco merchant, 4, king-street, weymouth, adjacent to the railway station, the shore, and t"
tobacco,1870,1,1235,430,7.0903,True,"smoking mixture manufactured from. the first selected american tobaccos. a rich flavoured smoking mixture. hand' 8 lake superior, a golden virginia shag. can be confidently recommended. hand's primros"
tobacco,1870,1,1235,434,7.0956,True,"...lication. country order-1 forwarded by first train or con- veyance, and carriage paid on order of £5 value and upwards. s s jlland and co.. cigar and tobacco manufacturers little che"
tobacco,1870,1,1235,435,7.097,True,"grand aigtal hair-cutting and shampoong saloon, uxbridge 'street, hednestord, a choice selection of perfumery, tobacco and cigars of finest quality. thobus barton, ale and porter merchant, gamines sup"
tobacco,1870,1,1235,436,7.0975,True,"tobacco papers, &c. garden seeds of the best quality. munroe's little heath melon plants. cucumber plants of the best quality, including blue gown, marquis o..."
tobacco,1870,1,1235,443,7.1057,True,tobacco dyes. psis no dads': a very general belief among smokers that if they obtain their cigars from a respectable tobseconist and pay a fair price for the...
tobacco,1870,1,1235,445,7.1067,True,"...e gun lock .1 works, beek of the white lion inn, dam lawron, will supply store or rifle forgings on advan- tageous terms. ri:18*w mats, silver sound, tobacco paper "
tobacco,1870,1,1235,447,7.1089,True,"removal. great reduction in meerschaum and briar pipes, cigar holders, cases, tobacco boxes, pouches snuff boxes, tobacco jars, &c., 4:c. upwards of 500 meerschaum pipes and cigap. holders will be sol"
tobacco,1870,1,1235,448,7.1103,True,"new wholesale and retail tobacco and cigar stores, 68, high street, fßetween the black lion aud vane arms hatelb,) stockton-on-tees. henry laing bkgb to inform the public of stockton..."
tobacco,1870,1,1235,449,7.112,True,"pure american tobacco. dickinson, tobacco manufactur er; 22 aso 24, bigg market, newcastle-on-tyne. 240 a middlesbrough high school will commence sr. rk oil july 24th. ter..."
tobacco,1870,1,1235,453,7.1195,True,"cigar and tobacco 3fanufacivrebs, little cherry street."
tobacco,1870,1,1235,454,7.1227,True,"4 nottce, a ll who want a big loaf or little i. money should apply to nioses ritshton, opposite the george inn, st. george's, t. m. it.hen, tobacco and cigar miirchant"
tobacco,1870,1,1235,455,7.123,True,pure tobacco sold everywhere in ounce packets at 3d. guaranteed by our name and trade mark d. & h. 0. wills.
tobacco,1870,1,1235,459,7.1286,True,"ummains g. hatton's hair cutting and shampooing rooms, 16 market street. choice assortment of perfumery, pipes, walking sticks, tobacco and cigars. umbrellas mule and repaired. d. weston, wholesale to"
tobacco,1870,1,1235,462,7.1408,True,"yesterday. than or toxixcco.—james wood, a middle- aged roan of respectable appearance, was charged on remand with stealing 95 lbs, of tobacco, the property of the loudon and•northweatern rail- way co"
tobacco,1870,1,1235,467,7.1546,True,pure tobacco sold everywhere in ounce packets at 3d. guaranteed by our name and trade mark w. d. & h. 0. wills.
tobacco,1870,1,1235,469,7.1573,True,"... notice if you want a really good smoke go to il e. l owe's celebrated establishment, 5, church street, blackpool, where cigars of the finest brands, tobacco of the best quality, and ever"
tobacco,1870,1,1235,470,7.1585,True,"..., in a pit at coleford, dean forest, went out on strike on tuesday for ilo advance of wages. the masters having conceded the demands of the liverpool tobacco pipe "
tobacco,1870,1,1235,471,7.1596,True,"the tobacco duty. the manufacturers of tobacco, in common with most other people, have a grievance; it is not a sentimental grievance, but real, tangible. financ..."
tobacco,1870,1,1235,472,7.1622,True,tobacco dyes. psis no dads': a very general belief among smokers that if they obtain their cigars from a respectable tobseconist and pay a fair price for the...
tobacco,1870,1,1235,475,7.1643,True,tiik tobacco question. ix months' rumination has had a wholesome influence on the opinions of the dock bard. in october they rejected the whole proposal for pro- ...
tobacco,1870,1,1235,477,7.1683,True,"adams's grand general haes-cdtting and shampoong -saloon, lixbeidgicstzrr, hednzeipoed, a choice selection of perfumery, tobacco and cigars of finest quality."
tobacco,1870,1,1235,478,7.1718,True,"g. hatton's hair cutting and shampooino rooms, 16 market street. choice assortment of perfumery, pipes, walking sticks, tobacco and cigars. tjmbrellas made and repaired. d. weston, wholesale tobacconi"
tobacco,1870,1,1235,483,7.18,True,"the excelsior wholesale and retail tobacco and cigar stores, 105, stafford street, hanley. abraham's celebrated smoking mixture may he had at 3.0. per on., or 2 ex. for go. ordinary tobacco fr..."
tobacco,1870,1,1235,485,7.1857,True,"... application. country orderr forwarded by first train or con- veyance, and carriage paid on order of value and tip wards. s. s. hand & co., cigar and tobacco manufacturers, little cherry"
tobacco,1870,1,1235,486,7.1865,True,"plantador. j. & r. sinclair's tobacco manufactory, no. 11, south street, middlesbrough. 1 hearse and mourning coaches.' murray /ii 00 r giiocers, provision and wine merchants, beg to info..."
tobacco,1870,1,1235,487,7.1873,True,new appliances in tobacco. the british anti-tobacco association will be terribly affected by some paii fed intelligence which appears in the virginia territorial enterprise. i...
tobacco,1870,1,1235,488,7.1875,True,"important to the agricultural and horticultural public. ground tobacco (free of duty), for the destruction of grub and blight in plants and turnip fly, a 12s. per cwt., or in tins at is. to 4s. each. "
tobacco,1870,1,1235,490,7.1923,True,... unions.—a fair day's work for a fair week's wages.—puncli. mr. ellis has been appointed chairman of the midland railway company. the constant use of tobacco and whisky fo
tobacco,1870,1,1235,492,7.1969,True,"...pplication. countiit ospena fora.. led ly first train or cow 'mance, and carriago paid on order of xs vain,: and upwarda. s. s. hand & co., cigar and tobacco !manufacturers, little che"
tobacco,1870,1,1235,493,7.1976,True,"the week's gossip. cope's tobacco plant."" one of the oddities of literature is cope's tobacco plant,"" a monthly publication devoted to puffing ""the weed."" and this it does in a way wh..."
tobacco,1870,1,1235,494,7.2027,True,"richmond herald, south bur no. 605. registered for transmission abroad. established 1740. g. t. dickinson, tobacco manufacturer, 22 and 24, bigg market, newcastle- on-tyne. *under distinguished patron"
tobacco,1870,1,1235,495,7.2037,True,"...application. country orders forwarded by first train or con- veyance, and carriage paid on order of £5 value and upwards. s. s. hand & co., cigar and tobacco manufacturers, little cherr"
tobacco,1870,1,1235,496,7.2076,True,"• • g. hatton's hair cutting and shampooing rooms, 16 market street. choice assortment of perfumery, pipes, walking sticks, tobacco and cigars. umbrellas made and repaired. d. weston, whoiabsala tobac"
tobacco,1870,1,1235,497,7.2118,True,"...----- -- the snoring propensity in youtil—wrint charles johnson and archibald murray, two boys, were charged with having stolen a cake of caven- dish tobacco front the shoo of henry g"
tobacco,1870,1,1235,499,7.213,True,pure tobacco sold everywhere in ounce packets at 3d. guaranteed by our name and trade mark w. d. & h. 0. wills
tobacco,1870,1,1235,503,7.2202,True,".iird foreign cigar& cope bbotiers as 00. beg to .a. that thay be,. *mei to t eir damao special department tor mos dranea ot the tobacco trade. all the -drat brands of the iiavaici,itiif.to- tokeilei "
tobacco,1870,1,1235,506,7.2273,True,"walter worren, • • 115 a 116, new road, great brit/ge, importer of the finest qualities of tobacco and snuff, for which this establishment bas been so long famous. w. w. would direct particular attent"
tobacco,1870,1,1235,507,7.2297,True,"st. augustine's church, alston. sunday, november 28th. morning—hymns 33, 185, 188. evening—hymns 34, 295, 11. gkigon bird's-eye returns. dickinson, tobacco manufacturer, 22 and 24, bise market, newcas"
tobacco,1870,1,1235,509,7.2346,True,"s. s. hand & co., cigar and tobacco manufacturers, little cherry street, the laraif st manufacturers in biiibiingha.si. arriages ey special appointment. et a h.r.h the prince of wales. ..."
tobacco,1870,1,1235,510,7.2354,True,"xathematical instruments & electric bells. • j. & w. e. arohbutt, 8, bridge street, westminster, facing the houses of parliament. smokers.-ask your tobacconist,or send kj is stamps, for the ab c, the "
tobacco,1870,1,1235,511,7.2361,True,"....) america. anoteier fire at boston. boston, titurstlay.—another firo broke out in boston yesterday, doing damage to the amount of 350,000 collars. a tobacco store house in jersey city, h"
tobacco,1870,1,1235,512,7.238,True,"to smokers can be had of all tobacconists in 1,2, and 4oz packets. hand's cherry blossom smoking mixture manufactured from the first selected american tobaccos. a rich flavoured smoking ..."
tobacco,1870,1,1235,514,7.2397,True,"...pplication. country orders forwarded by first train or eon veyance, and carriage paid on order of £5 value and upwards. se se hand and co., cigar and tobacco manufacturer little cherr"
tobacco,1870,1,1235,515,7.2413,True,"larceny. william robinson aryton was charged with feloniously stealing 9s. 6d. and a tobacco box. from robert baines, on the 24th inst. complainant said: i live in barrow and am a labourer. on saturda"
tobacco,1870,1,1235,520,7.2466,True,"to smokers!! can be had of all tobacconists in 1,2, and 4oz packets. hand's cheiiizy elossou smoking mixture manufactured from the first selected american ---- tobaccos. a rich flavoured s..."
tobacco,1870,1,1235,523,7.2479,True,"advertisements. the excelsior wholesale and arum tobacco and cigar stores, 105, sta.ffinal street, hanley. a braham's celebrated smoking ix. mixture may be had et 3id. per oz., or 2 oz. for 61d. ordin"
tobacco,1870,1,1235,524,7.2493,True,tobacco statistics. the last number of the imperial statistics of ger- many compares the taxation of the chief nations of the world in respect to tobacco. of...
tobacco,1870,1,1235,525,7.2493,True,"cigars. cigars. viceroy and sinclair's plantador. j. & r. sinclair, tobacco manufacturers, no. 11, south s !meet, middlesbrough 345, high stref:t, su derla nd 21, nun street, newcastle-on-tyne."
tobacco,1870,1,1235,528,7.2543,True,"illicit* trade in tobacco. a merchant sent to gaol on tuesday, at the bradford borough court, charles william hartley, paper merchant, of hor- ton-lane, bradford, was charged ..."
tobacco,1870,1,1235,529,7.2544,True,"rangic plaza, at 200 'nuns. private g. gorst, tobacco box (mr. wilson) 15 g ~t. renshaw, bottle of whisky (exors. of j. burgess) at 400 yards. private w. dobell, teapot (mr. j. bebbington).. 16 „ coom"
tobacco,1870,1,1235,531,7.2594,True,"mondat.—before alderman gilkes. smuggling tobacco.—edward ward, steward on board the s.s. gleumore, was charged with smuggling 2ilbs of cut tobacco. john dodds, customs' officer, found the tobacco co..."
tobacco,1870,1,1235,532,7.2607,True,"...on-in-makerfield. colliers and their pipes—at the wigan county police-court, on friday, william davies, collier, of ashton, was charged with having a tobacco pipe in his possession in the seven-f"
tobacco,1870,1,1235,534,7.2647,True,"the tobacco question. mr. lowe's recent budget reminded us of the many millions sterling expended every year upon intoxicating drinks and tobacco, involving a wa..."
tobacco,1870,1,1235,537,7.2734,True,"foreign cigars, cope brothers k co. beg to announce that they bee. fide] to thole easiness • special department tor this branch of the tobacco trade. all the ist brands of the havana stanufao. timers "
tobacco,1870,1,1235,538,7.2738,True,"t e jonis, (late jones and wlean), tobacco manufacturer, aberavon. the tobacco manufactured at this factory is the best and obeeptet in tie market. son graham 'young, d.d.s., dental surgeon, n..."
tobacco,1870,1,1235,539,7.2739,True,"anti-tobacco. the annual meeting of the friends of thi anti• tobacco society was keld on monday at exeter-hall, dr. james ellis in the cha attendance was extremel..."
tobacco,1870,1,1235,542,7.2757,True,"tobacconists' profits. an unlucky correspondent of ours, who, happily for his own comfort, is known only as ""a. j.,"" has fallen into a hornets' nest among th..."
tobacco,1870,1,1235,543,7.2782,True,the german pipe manufacture. among the results of interest brought out in eon. flexion with the official inquiry into the extent of the tobacco trade of germany are some figures relating to the manufa
tobacco,1870,1,1235,544,7.2794,True,"viceroy plantador. j. & r. sinclair's tobacco manufactory, no. [i, south street, middlesbrough. sinclai r's"
tobacco,1870,1,1235,547,7.2815,True,"-subscriptii)] t. e. jr 0 n e s, (late jones and dl'lean), tobacco manufactvbeb, aberavoil the tobacco manufactured at this factory is the best sad cheapestin the market. 8068 lade addrtosts. or (*alt"
tobacco,1870,1,1235,548,7.2823,True,"literary notices. cope's tobacco plant. liverpool :• john fraser, 10, lord nelson-street—this periodical, issued in the interests of the ""smoking com- munity, is beautifully printed ..."
tobacco,1870,1,1235,550,7.2856,True,"very kind of them! dr. angell tells • good story f french wit and friisslan practicality. there is •grest tobacco manufactory in nancy, on which the prussians docended ith irrehbtable flan. chars and "
tobacco,1870,1,1235,552,7.2888,True,"ammtr, the interests of labouit ronworkers. etc. messrs. morfey, psqfessoas of music, observe the address richard r. abraham, wholesale and retail tobacco and cigar merchant 106, stafford street, hanl"
tobacco,1870,1,1235,555,7.2911,True,"pure american tobacco. dickinson, tobacco manufacturer, 22 aim 24, bigo market, newcastle-on-tynk. las middlesbrough high school. the quarter commenced on monday, april 3r..."
tobacco,1870,1,1235,556,7.2927,True,"opinions of the press on tory extravagance. the times says :—there can be no doubt that the addition of id per ounce to the tobacco duty will affect all classes of her majesty's subjects, but it canno"
tobacco,1870,1,1235,558,7.2964,True,"april 6, xb7b. manufactory. the workers in the tobacco trade at winthetthur have also founded a ""productive association for cigar and tobacco workers."" members will consist of two classes—private memb"
tobacco,1870,1,1235,559,7.2966,True,"middlesbrough ,police court. fblday.—before the stipendiary (c. j. coleman, esq.), and the mayor (j. dunning, esq.). smuggling tobacco and cigabs.—wiumg wil-. son, fireman on board the ss. hilda, frnm"
tobacco,1870,1,1235,561,7.2995,True,"...ion. coviotiiy oftoraii forwarded by drat train or con- veyance, and carriage paid on order of r. value and upward's. s. s. li.in i) & co., cigar and tobacco manufacturers, litt"
tobacco,1870,1,1235,564,7.31,True,"kidsgrove—tam,tspe7. (before if. c. greenwood, ea.) a tobacco pipe in eve pin—robert clayton, a collier in the employ of the north staffordshire coal and iron corn- pany,,at .talke, was charged with t"
tobacco,1870,1,1235,566,7.3111,True,"wholesale & retail tobacco ware noun, fivr w4yb, grabley heath."
tobacco,1870,1,1235,569,7.3197,True,"g • hatton's hair cutting and shampooing rooms, 16, market street. choice assortment of perfumery, pipes, walking sticks, tobacco and cigars. umbrellas made and repaired. the? blackpool herald, friday"
tobacco,1870,1,1235,571,7.3219,True,"the tobacco trade. the local tobacco importers have once more memorialised the dock board, in the hope that they will provide warehouse accommodation ade- quate ..."
tobacco,1870,1,1235,575,7.332,True,black tulip. hand's this tobacco is unsurpassed in the trade at 31 per ounce. a reliable dark tobacco. ii and's eagle bird's eye. mild smoking and fine flavoured. a favourite bird's ...
tobacco,1870,1,1235,576,7.333,True,"...-in-makerfield. colliers and their pipes.—at the wigan- county police-court, on friday, william davies, collier, of ashton, was charged with having a tobacco pipe in his possession in the seve"
tobacco,1870,1,1235,578,7.3363,True,"g. att on's hair cutting and shampooing rooms, 16, market street. choice assortment of perfumery, pipes, walking sticks, tobacco and cigars. umbrellas made and repaired."
tobacco,1870,1,1235,580,7.3375,True,"...middlesbrough police-court on wednesday, before the stipendiary (c. j. cole- man, esq.), wm. baxter. sailor, was charged with smuggling 281bs. of cut tobacco oa "
tobacco,1870,1,1235,581,7.3402,True,"serious charge of robbery. at low-street police-court, william richardson has been charged on remand, before mr. flowers, with stealing a quantity of tobacco and cigars from his employers, messrs. jon"
tobacco,1870,1,1235,582,7.3447,True,"what do we smoke? pas american tobacco in england it has remained for the year 1:,77 to fie 'narked ni the first time in the histkry of england when vire unadulterated, or non-"" dor t,red""..."
tobacco,1870,1,1235,584,7.3474,True,"manufactured from the first selected american tobaccos. a rich 11hvoured smoking mixture. liand's lake supeejor, a golden virginia shag. can be confideotly recommended. hand's primrose honey dew. a mi"
tobacco,1870,1,1235,585,7.3513,True,"iaifaand clqajstoins, a brahams celebrated smoking mixture may be had at 30. per on., or 2 oz. for 64,1. ordinary tobacco from 3e. per lb. cigars from 23. 6d. per box. a lawn asmortment of fancy and p"
tobacco,1870,1,1235,590,7.3629,True,"...application. country orders forwarded by first train or con- veyance, and carriage paid on order of £5 value and upwards. s. s. hand & co., cigar and tobacco manufacturers, little cherr"
tobacco,1870,1,1235,595,7.37,True,"r. fothergill, tobacco manufacturer, „ 03, joligh-otreet, stockton. factoii7.-22, lint hobpe -road, i t i- rein tel. anthony' slater, 'tor of the reindeer' hotel, ransoatz,..."
tobacco,1870,1,1235,598,7.3737,True,"advertisements. the excelsior wholesale and arum tobacco and cigar stores, 105, sta.ffinal street, hanley. a braham's celebrated smoking ix. mixture may be had et 3id. per oz., or 2 oz. for 61d. ordin"
tobacco,1870,1,1235,601,7.3773,True,"advertisements. the excelsior wholesale and arum tobacco and cigar stores, 105, sta.ffinal street, hanley. a braham's celebrated smoking ix. mixture may be had et 3id. per oz., or 2 oz. for 61d. ordin"
tobacco,1870,1,1235,602,7.3811,True,"april 6, xb7b. manufactory. the workers in the tobacco trade at winthetthur have also founded a ""productive association for cigar and tobacco workers."" members will consist of two classes—private memb"
tobacco,1870,1,1235,606,7.3839,True,"...pplioation. country onnsies forwarded by first train or con- veyance, and carriage paid on order of value and upara.rdig. s. s. hand & co., cigar and tobacco manufacturers, little cher"
tobacco,1870,1,1235,608,7.3842,True,"business add] asimpson, watimloo rom,• 111311slem. ia 11,w papa', dto .11 the best' tobacco and cigars ie tbe trade at whole. sale prices. the lopez end royal arms cigars are in the primest eendition "
tobacco,1870,1,1235,609,7.3862,True,"j;a.maica tobacco. the following is an extract from the report of sir joseph hooker, royal raw gardens, for the past year ""the history of the development of the tobacc..."
tobacco,1870,1,1235,611,7.3867,True,"to smokers can be had of all tobacconists in 1,2, an 4os packets. feand's cherry blossom smoking mixture manufactared from the first selected american tobaccos. a rich flavoured smoking ..."
tobacco,1870,1,1235,612,7.3873,True,"...cation. country orders forwarded by first train or coi. ireyance, and carriage paid on order of ..£5 value and upwards. s. s. hand and co.. cigar and tobacco manufacturers, little "
tobacco,1870,1,1235,615,7.3956,True,"tobacconist named far had the following painted shove his shop-7"" the best tobacco by far."" a rival tobacconist on the other side of the street, not to be ou..."
tobacco,1870,1,1235,616,7.3975,True,"tobacco and cigar stores, abraitamb celebrated smoktno mixture may be bad at 34d. per or., or 2 oz. for sid. ordinary tobacco from ss. per lb. cigars from is..."
tobacco,1870,1,1235,618,7.3996,True,"... application. couxtry oiideus forwarded by first train or con- veyance, and carriage paid on order of £5 value and upwards. s. 5. 1-lagin & cigar and tobacco manufacturer, little cherry "
tobacco,1870,1,1235,621,7.4017,True,"...-in-aiakerfield. colliers and their pipes.—at the wigan county police-court, on friday, william davies, collier, of ashton, was charged with having a tobacco pipe in his possession in the seven"
tobacco,1870,1,1235,622,7.4098,True,"tweddell & sons, 1199 booksellers, stationers, et tobacconists, 87, linthorpe road, middlesbrough, have just received a new stock of account books, note paper, envelopes, photogra- phic albums, purses"
tobacco,1870,1,1235,623,7.4103,True,tiik tobacco question. ix months' rumination has had a wholesome influence on the opinions of the dock bard. in october they rejected the whole proposal for pro- ...
tobacco,1870,1,1235,624,7.4107,True,black tulip. this tobacco is unsurpassed in the trade at 31 per ounce. a reliable dark tobacco. bland' s eagle bird's eye. all *smokers _should try these -tobiao'ol: n.b.—ln a...
tobacco,1870,1,1235,625,7.4125,True,"adam s's grind general hair-cutting and shampoo:cur saloon, i.7xbilidue &met, hednesford, a choice selection of perfumery, tobacco and cigars of finest quality."
tobacco,1870,1,1235,641,7.4142,True,"a raid on tobacconists. as the birmingham police-court, on thursday, edward wilkinson, wholesale tobacco dealer, was summoned by the excise for selling a pound of cut ..."
tobacco,1870,1,1235,642,7.4152,True,"yesterday. a ""caution' to ma. rafflzb.-11m1 j. rooney, a middle-aged erotism was charged on remand with receiving 6 lbs. of tobacco, knowing it to have been stolen. the prisoner had been remanded for "
tobacco,1870,1,1235,643,7.4154,True,"u. hatton's hair currlng and shampooing rooms, 16, market street. choice assortment of perfumery, pipes, walking sticks, tobacco and cigars. umbrellas made and repaired."
tobacco,1870,1,1235,645,7.4166,True,"tobacco statistics. in the list of american exporlb tobacco takes the fifth place, cotton, wheat, petroleum, and the precioom meals exceeding it iu value as ..."
tobacco,1870,1,1235,646,7.417,True,"april 6, xb7b. manufactory. the workers in the tobacco trade at winthetthur have also founded a ""productive association for cigar and tobacco workers."" members will consist of two classes—private memb"
tobacco,1870,1,1235,649,7.4195,True,"s. s. hand & co., cigar and tobacco manufacturers, little cherry street, the largest manufacturers in birmingham. j • pointon,• tailor and hatter _ market-street, oakengates, ilas a lar..."
tobacco,1870,1,1235,651,7.4257,True,"...application. country orders forwarded by first train or con- veyance, and carriage paid on order of £5 value and upwards. s. s. hand & co., cigar and tobacco mani7factithers, little che"
tobacco,1870,1,1235,655,7.4314,True,"the tobacco trade and the increased duty. the committee of the central tobacco associa- tion, of which body mr. thomas cope is chairman, have issued a circular c..."
tobacco,1870,1,1235,657,7.4344,True,"...n application. country orders forwarded by first train or coll. veyance, and carriage paid on order of value and upwards. s. s. hand & co., cigar and tobacco manl'factrrers, little cherry"
tobacco,1870,1,1235,663,7.4508,True,"t. m. usher, wholesale tobacco and cigar merchant, 8, park street, walsall. publicans and shopkeeper.; will find this one of the cheapest houses in the trade for all kinds of tobac..."
tobacco,1870,1,1235,666,7.4639,True,"...ference to the pending elections, the pope has declared that no catholic ought to accept the office of deputy to the italian parliament. america. the tobacco"
tobacco,1870,1,1235,667,7.4643,True,"lienry edgson. wholesale and retail english and foreign toy, cigar, and tobacco warehouse, 4, king-street. weymouth, close to the railway station and esplanade. a choice assortment of briar root, clay"
tobacco,1870,1,1235,670,7.4669,True,"... and day school, norton road, stockton. the duties of miss leng's school will be resvmed on wednesday. 27th instant. isw established 1740. dickinson, tobacco manufacturer, 22 and 24, rio° mark"
tobacco,1870,1,1235,671,7.4687,True,"try evans's rose antiseptic tooth _ powder, it removes all unpleasant odour from the breath, arising from dewed teeth, or from tobacco smoke. it prevents tartar, sad gives a pearly whiteness to the te"
tobacco,1870,1,1235,673,7.4715,True,"the tobacco trade and the increased duty. the committee of the central tobacco associa- tion, of which body mr. thomas cope is chairman, have issued a circular c..."
tobacco,1870,1,1235,674,7.4725,True,"...nual export trade of the united states amounts to a value of about 656,000,000 dollars, or £131,200,000. towards this large amount raw cotton, wheat, tobacco live sto"
tobacco,1870,1,1235,676,7.4789,True,"lewhis have just 07 ment for the sale of the tobaccos are all mannfaetured, and are lower peas than they bet ore. lewla's sell now than they were duty on tobacco was •"
tobacco,1870,1,1235,678,7.4802,True,"...s on application. country °bosses forwarded by first train at eon. veyanee, and carriage raid on order of .25 value and upwards. s. s. hand cigar and tobacco manufacturers, little cherry str"
tobacco,1870,1,1235,679,7.4806,True,russian tobacco. although the *we root has given a formal denial to the rumours in circulation respecting the establishment of a tobacco monopoly in russia despatche...
tobacco,1870,1,1235,683,7.49,True,"...middlesbrough police-court on wednesday, before the stipendiary (c. j. cole- man, esq.), wm. baxter. sailor, was charged with smuggling 281bs. of cut tobacco oa "
tobacco,1870,1,1235,686,7.5002,True,"the tobacco trade. the local tobacco importers have once more memorialised the dock board, in the hope that they will provide warehouse accommodation ade- quate ..."
tobacco,1870,1,1235,688,7.5019,True,"foreign intellige*ce. tub late ealimates of tho trade with regard to the probabilities of the growing tobacco crop in the west, have been well verified by late reports. at the close of the planting se"
tobacco,1870,1,1235,689,7.5022,True,"to smokers can be had of all tobacconists in 1,2, an,t packets. hand's cherry blossom 'smoking mixture manufactured from the first selected american tobaccos. a rich flavoured smoking mi..."
tobacco,1870,1,1235,691,7.5039,True,"the cheapest bedstead bedding, and furniture warehouse. w. baum, 207, duke-street the new tobacco shop. ej ames m a ck le, tobacconist, printer and stationer, 1, forshaw-erfeeet and slater-frreebt, bl"
tobacco,1870,1,1235,693,7.5069,True,"the glamorgan gazette. friday, february ist, 1878. tobacco and the revende. the chancellor of the exchequer is very grateful to the tobacco consumers of the realm. they have, in spite of bad times, ou"
tobacco,1870,1,1235,697,7.51,True,"tobacco in new zealand. it is curious how readily an aboriginal race, as soon ea it shall be brosight into contact with a more civilised one, will take to ce..."
tobacco,1870,1,1235,700,7.5164,True,"cigar and tobacco manufacturers, little cherry street, the largest manufacturers in birmingradi."
tobacco,1870,1,1235,701,7.5166,True,"ilradr wills' (""honey c ""."" in consequence of the disturbed state of the retail tobacco trade, throngli the recent advance in the duty, /. d. & h. 0. wills have introduced ""honey cat,"" a shag tobacco,"
tobacco,1870,1,1235,703,7.5208,True,"...pplication. counmv orders forwarded by first train or con- veyance, and carriage paid on order of .25 value and upwards. s. s. hand & co., ,cigar and tobacco manufacturers little cherr"
tobacco,1870,1,1235,704,7.5227,True,"...ce if you want a rfally good smoilia go to 111.• e • lowe's celebrated establishment, 5, church street, blackpool, where cigars of the finest brands, tobacco off the best quality, an"
tobacco,1870,1,1235,705,7.5238,True,"established 1833. h ar gb ayes, xi- tobacco & cigar manufactory, 44, swan street, 2to 10, mason street, and cross street, manchester. hargraves' smoking mixture and golden flake, in one and two..."
tobacco,1870,1,1235,711,7.5301,True,"bird's eye returns. dickinson, tobacco manufacturer, 22 and 24, bigg market, newcastle. on-tyne."
tobacco,1870,1,1235,713,7.5313,True,"s. s. hand & co., cigar and tobacco manufac'turers, • little cherry street, the largest manufacturers' in birmingham carriag.es. ey special ka appointment. 11.r.11 the prince of waleft ..."
tobacco,1870,1,1235,714,7.5327,True,"tt boukobinder robert hali., hairdresser, news-agent, and tobacconist, no. 15, church row, stockton. sir tobacco and cigars of the finest quality."
tobacco,1870,1,1235,715,7.5335,True,"walter worren, 115 and 116, new-road, great bridge, importer of the finest qualities of tobacco and snuff, for which this establishment has been so long famous. w. w. would direct particular attention"
tobacco,1870,1,1235,717,7.5381,True,"to smoker's i! can be had of all tobacconists in, 1,2, and 4oz packets. hand's cherry blossom iii`x.i)king mixture manufactured from the first selected american tobaccos. a rich flavoured sm..."
tobacco,1870,1,1235,721,7.543,True,second vew. a public-house in the centre of a populous village. we see is room filled with a promiskus assembly. clouds of tobacco smoke wreath around the heztimed ceiling. jolly topers are dissolving
tobacco,1870,1,1235,723,7.5474,True,"the tobacco pipe makers. the following memorial having been sent .te the master tobacco pipe makers of london, and its terms not having been conceded, the men ar..."
tobacco,1870,1,1235,724,7.5475,True,"thames. william brown, who said he was 16 years of age, was charged with stealing 22 ounces of tobacco from a shop, no. 29, high-street, poplar. edward weston, a shopman, saw the prisoner enter his ma"
tobacco,1870,1,1235,728,7.5551,True,"coffee papers. buff and yellow cap, demy, royal, and double pot tobacco papers. blue, pink, buff, and white demy grocers paper bags. rico bags, seed bap, powder bags, lamp sugar bags, moist sugar bags"
tobacco,1870,1,1235,731,7.5587,True,"fcmale cigaiimakers on unionism. a meeting of journeywomen employed in the cigar branches of the tobacco trade, was held in the cmaden-roorns, camden-street, on tuesday, to consider the desirability o"
tobacco,1870,1,1235,733,7.5605,True,"ad a ms's grand gentral hair-cutting and shampoong saloon, uxbridge street, hednesford, a choice selection of perfumery, tobacco and cigars of finest quality."
tobacco,1870,1,1235,740,7.5668,True,"r. fothergill, tobacco manufacturer, 53, 1110h-strrist, stockton. factory-22, linthorpe-road, middlesbrough."
tobacco,1870,1,1235,742,7.5691,True,"swindlehurs t fashionable hatter 1, duke-street, babro'n. stationery and tobacco business, thomas jones, late of newborns, has opened ths shop, 238, dalton road, three doors from abbey-road, where he "
tobacco,1870,1,1235,744,7.5712,True,"...notice if you want a really good smous go to el• e • lowe's celebrated establishment, 5, church street, blackpool, where cigars of the finest brands, tobacco of;the best quality, and eve"
tobacco,1870,1,1235,746,7.5756,True,"the exoeispor wholesale and retail tobacco and cigar stores, 105, stafford street, hanley. a braham's celebrated smoking si- mixture may be had at 30. per oz., or 2 oz. for 64d. ordinary tobac..."
tobacco,1870,1,1235,747,7.5761,True,"...pplication. country orders forwarded by first train or con- veyance, and carriage paid on order of .25 value and upwards. s. s. hand & co., cigar and tobacco manufacturers, little cher"
tobacco,1870,1,1235,752,7.5886,True,"the tobacco trade and the increased duty. the committee of the central tobacco associa- tion, of which body mr. thomas cope is chairman, have issued a circular c..."
tobacco,1870,1,1235,754,7.5927,True,black tulip. this tobacco is unsurpassed in the trade at 3d. per ounce. a ieliable dark tobacco. itand's mild smoking and fine flavoured. a favourite bird's eye tobacco. all s...
tobacco,1870,1,1235,758,7.5946,True,"and general advertiser. dickinson, tobacco manufacturer, 240 a 22 an id 24, bigg market, newcastle-on-tyne. auctioneer, valuer, land and estate agent. mr. charles willman. offices-3, cleveland..."
tobacco,1870,1,1235,759,7.595,True,"bird's-eye returns. dickinson, tobacco manufacturer, 22 and 24, 8106 maxim% newcami-on-ttni."
tobacco,1870,1,1235,760,7.5961,True,tiik tobacco question. ix months' rumination has had a wholesome influence on the opinions of the dock bard. in october they rejected the whole proposal for pro- ...
tobacco,1870,1,1235,774,7.6085,True,"literary notices. cope's tobacco plant. liverpool :• john fraser, 10, lord nelson-street—this periodical, issued in the interests of the ""smoking com- munity, is beautifully printed ..."
tobacco,1870,1,1235,775,7.6085,True,"robbery of tobacco from tioulondon and north wertnrn railway. at merthyr pollerecond, on satttrday, thomas jones, diner, mid 23, and lds wife hannah, aged 120, were dad..."
tobacco,1870,1,1235,776,7.6107,True,"local and district news. theft of tobacco at stocieton.-011 friday morning three youths, named john thompson, william green, and william williams, were placed in the dock at the fitockton bor..."
tobacco,1870,1,1235,779,7.6136,True,"illicit* trade in tobacco. a merchant sent to gaol on tuesday, at the bradford borough court, charles william hartley, paper merchant, of hor- ton-lane, bradford, was charged ..."
tobacco,1870,1,1235,780,7.614,True,tobacco adulteration. the popular belief that had cigars are made of cabtage leaves is not ilustified by the last official report on tobacco adulteration. th...
tobacco,1870,1,1235,781,7.616,True,tobacco manufactu re r aberavon. jones's celebrated star returns. the tobacco manufactured at this factory is the best and cheapest in the market. 8068 cheap...
tobacco,1870,1,1235,785,7.6264,True,"...pplication. country orders forwarded by first train or con. veyanee, and carriage paid on order of .£5 value and upwards. s. s. hand & co., cigar and tobacco manitfaudj refs, little ch"
tobacco,1870,1,1235,788,7.6279,True,"the tobacco trade and the increased duty. the committee of the central tobacco associa- tion, of which body mr. thomas cope is chairman, have issued a circular c..."
tobacco,1870,1,1235,789,7.6308,True,"women and tobacco. there are many women, wives particularly, who make tobacco a source of a large amount of family unhappiness. they are everlastingly rallying against..."
tobacco,1870,1,1235,790,7.6312,True,"...cation. country' ordeiib forwarded by first train or con- veyance, and carriage paid on order of .r. 5 value and upwards. s. s. hand & co., cigar and tobacco manufacturers, little "
tobacco,1870,1,1235,791,7.6364,True,"the tobacco trade. the local tobacco importers have once more memorialised the dock board, in the hope that they will provide warehouse accommodation ade- quate ..."
tobacco,1870,1,1235,792,7.6367,True,"tiie duty on tobacco. the chancellor of the exchequer has sent the following letter in reply to an inquiry relative to the duty on tobacco :- 11, downing-street, whitehal..."
tobacco,1870,1,1235,793,7.6375,True,"monmore green. at the wolverhampton police court, on tuesday, thomas morton (46), of monmore greeu,was charged with having received a quantity of tobacco, well knowing it to have been stolen.—mr. ward"
tobacco,1870,1,1235,798,7.6484,True,"...application. country orders fonvarled by first train or con- veyance, and carriage paid on order of as value and upwards. s. s. hand & co., cigar and tobacco manufacturers, little cherr"
tobacco,1870,1,1235,809,7.656,True,"...tonacco and swlww—lt is shown by a parliamcntary book published on wednesday that in tho yoar curled tic 31st of march last. the moss customs duty on tobacco and snuff was £7,104,616 da. 2d., and th"
tobacco,1870,1,1235,811,7.6616,True,"jones & ki'lean, tobacco manufacturers abera von. liihe tobaccos prepared by the above firm are _l acknowledged to be the best and cheapest inthe markets. 5005 wyndham street..."
tobacco,1870,1,1235,815,7.6704,True,"serious fire in preston. about midnight, on monday, a fire broke out at the establishment carried on by the executors of the late john woods, tobacco dealer and manufacturer, old shambles, preston. th"
tobacco,1870,1,1235,816,7.6712,True,"the glamorgan gazette. friday, february ist, 1878. tobacco and the revende. the chancellor of the exchequer is very grateful to the tobacco consumers of the realm. they have, in spite of bad times, ou"
tobacco,1870,1,1235,824,7.6881,True,"manufactured from the first eelected american tobaccos. a rich savoured smoking mixture. hand's lake superior, a golden virginia shag. can be confidently recommended. • hand's primrose honey dew. a mi"
tobacco,1870,1,1235,825,7.6937,True,"...lesbrough high school. at-1- the imes quarter will ceronewee oa monday, aril 3rd. fees: 353 a-qaarter. john sewell, 8.a.., head master. pure american tobacco. dickinson, tobacco m"
tobacco,1870,1,1235,826,7.7002,True,"cherry blossom smoking mixture manufactured from the first selected american tobacco.. a rich flavoured smoking':mixture. hand's lake superior, a golden virginia shag. can be confidently recommended. "
tobacco,1870,1,1235,829,7.7046,True,"king street toy warehouse. _ henry edgson, wholesale and retail english al foreign my warehouse cigar and tobacco merchan2, 4, king-strew, weymouth, adjacent to the railway station, the shore, ea.:lit"
tobacco,1870,1,1235,835,7.7091,True,"...s on application. coevrsy ordcks forwarded by first train or coi. veyance, and carriage paid on order of £5 value and upwards. s. s. hand & cigar and tobacco manufacturers, little cherry str"
tobacco,1870,1,1235,838,7.712,True,"tobacco in new zealand. it is curious how readily an aboriginal race, as soon ea it shall be brosight into contact with a more civilised one, will take to ce..."
tobacco,1870,1,1235,840,7.7141,True,"the week's gossip. cope's tobacco plant."" one of the oddities of literature is cope's tobacco plant,"" a monthly publication devoted to puffing ""the weed."" and this it does in a way wh..."
tobacco,1870,1,1235,842,7.7195,True,"birds eye returns. dickinson, tobacco manufacturer, 22 mid 24, bigg market newcastle-on-tyne."
tobacco,1870,1,1235,846,7.7278,True,"hand's lake superior. a golden virginia shag. can be oonfidently recommended. hand's primrose honey dew. a mild sumaried tobacco, coarse cut, of delicate flavour and mild smoking. rands silver cloud. "
tobacco,1870,1,1235,849,7.733,True,"the culture of tobacco di algeria. the culture of tobacco may now be imbed mvo ito. of the principal pumultn of algeria filmset. the pod most (larone). the tobacco me, of 1..."
tobacco,1870,1,1235,850,7.7361,True,"tea papers. white and coloured derry, foolscap, and double crown coffee papers. buff and yellow cap, demy, royal, and double pot tobacco papers. blue, pink, buff, and white demy grocers' papf.r bags. "
tobacco,1870,1,1235,854,7.741,True,a precocious smoilice. a remarkable illustration of the effect of tobacco smoking is afforded by a fact lately published by the french anti-tobacco association. nro twin children (boys) were growing q
tobacco,1870,1,1235,856,7.7478,True,"!cigar and tobacco imanufactureils, little cherry street,"
tobacco,1870,1,1235,857,7.7483,True,"i.iept in stock. observe the address— richard r. abraham, whole:tale aid retail tobacco and cigar merchant 105, stafford street, ramat."
tobacco,1870,1,1235,858,7.7515,True,"the excelsior wholesale and retail tobacco and cigar stores, 105, stafford street, hanley. abraham's celebrated smoking mixture may he had at 3.0. per on., or 2 ex. for go. ordinary tobacco fr..."
tobacco,1870,1,1235,859,7.7518,True,"...plication. country orders forwarded by first train or con- veyance, and carriage paid on order of .c 5 value and upwards. s. s. hand & co., cigar and tobacco manufacti7bers, little ch"
tobacco,1870,1,1235,860,7.752,True,"anti-tobacco. the annual meeting of the friends of thi anti• tobacco society was keld on monday at exeter-hall, dr. james ellis in the cha attendance was extremel..."
tobacco,1870,1,1235,862,7.7562,True,"the smoker's bonbon immediately and effectually remorse take taisio and smel of tobacco from the month and breath, sad »saws illem perfectly free and clean. if one or two are sakes lifter emoting, eve"
tobacco,1870,1,1235,863,7.7598,True,",adh bird's-eye retu.rns. dickinson, tobacco manufacturer, 22 and 24, bien market, newcesms-on-tine."
tobacco,1870,1,1235,865,7.7625,True,"and general birds rite returns. dickinson, tobacco manufacturer, 22 mid 24, bigo marebt newcame-on.tynei 240 thursday, ma."
tobacco,1870,1,1235,866,7.7627,True,"tieidley, tobacco king, opened tobacco only tobacco manitf a.ctory in cleveland."
tobacco,1870,1,1235,867,7.7646,True,"...ly co the duty on penny stamps in the yeet ending march last produced £724,030. 19s. ild. the leeds school board election is fixed the excise duty on tobacco licences for saturday,"
tobacco,1870,1,1235,869,7.7685,True,smoking mixture! manufactured from the first selected american tobaccos. a rich flavoured smoking mixture. ttand's lake superior. a golden virginia shag. can be confidently recommended. preagns primro
tobacco,1870,1,1235,871,7.7687,True,"... thursdar.—llefore the mayer (alder- man f. tityring), mosrs. w. d. dug,ltle, and j. b. dural. flown? was charged on remand with stealing quantity of tobacco from the fonmiry arm"
tobacco,1870,1,1235,874,7.7715,True,"...oli-aw(3"" and cigar stores,— 10a sttr.ford strut, hanley. braham's celebrated smoking lt mixture may be had at 34.1. per oz., or 2 o, for 6. ordinary tobacco from "
tobacco,1870,1,1235,876,7.7727,True,"...ers. 'city bouquet' (registered), the best smoking mixture id. per ounce. griffiths & aviss high st., coventry. sold by all innkeepers and dealers in tobacco. genuine virgini"
tobacco,1870,1,1235,878,7.7762,True,"w al ter worren, 115 & 116, new road, great bridge, tmporter of the finest qualities of tobacco and snuff, for which this fatah- lishment has been so long famous. w. w. would direct particular attenti"
tobacco,1870,1,1235,879,7.782,True,"tobacconist named far had the following painted shove his shop-7"" the best tobacco by far."" a rival tobacconist on the other side of the street, not to be ou..."
tobacco,1870,1,1235,883,7.7877,True,"iron br i dc,- e. larose y.-at the police court, on tuesday, john cookson, miner, madeley, was brought up on remand, charged with stealing a tobacco pipe. the property of mr. thomas weak, tobacconist."
tobacco,1870,1,1235,884,7.7877,True,"new wholesale and retail tobacco and cigar stores, he"
tobacco,1870,1,1235,886,7.7949,True,"cigar and tobacco manufacturers, little cherry street."
tobacco,1870,1,1235,887,7.7976,True,"theft of a ,htceet. geo. leek, 22, pitman, pleaded guilty to stealing a pilot jacket and a tobacco box, value 2s. 6d., belonging to richard graham, at the ehapelry of cramlington, on the 4th of januar"
tobacco,1870,1,1235,888,7.801,True,russian tobacco. although the *we root has given a formal denial to the rumours in circulation respecting the establishment of a tobacco monopoly in russia despatche...
tobacco,1870,1,1235,889,7.8011,True,black tulip. this tobacco is unsurpassed in the trade at 3d. pee ounce. a reliable dark tobacco. ttand's eagle bird's eye. all smokers should try these tobaccos. na—ln asking ...
tobacco,1870,1,1235,896,7.8151,True,tobacco manijfacti7 re b a bee avon. jones's celebrated star returns. the tobacco manufactured at this factory is the best and cheapest in the market. goes c...
tobacco,1870,1,1235,899,7.8238,True,"lode faddrasso. wills' 4 ‘ii oney cut. in consequence of the disturbed state of the retail tobacco trade, through the recent advance in the duty, w. d. & h. 0. wills have introduced ""honey cut,"" a sha"
tobacco,1870,1,1235,902,7.8293,True,"walter worren, 115 & 116, new road, great bridge, importer of the finest qualities of tobacco and snuff, for which this establishment has been so long famous. w. w. would direct particular attention t"
tobacco,1870,1,1235,903,7.8336,True,a przcociout3 8410k/tit. a remaric-sfole ill-t-utti&-tion —ofthe effect of tobacco smoking is afforded by & fact lately published by the french anti-tobacco .association. two twin children (boys) were
tobacco,1870,1,1235,904,7.8364,True,"a choke selection of perfumery, tobacco and cigars of finest quality."
tobacco,1870,1,1235,906,7.8383,True,"deana et the tobacco tram an tate lest brands of tha havana manufao. turens ens be seen and prided known on apylics lion foiieign elt} r depiliityrnt, tobacco works, lord..."
tobacco,1870,1,1235,907,7.8433,True,"w h • obinson, 18. bridge sireet, warrington, ndrurter os genuine meerschaum pipes _ g.b.d. briars, choice eastern tobaccos, and every description gf tobacconists' goods. robinson's syrian smcking mix"
tobacco,1870,1,1235,908,7.8435,True,"the tobacco duty. the manufacturers of tobacco, in common with most other people, have a grievance; it is not a sentimental grievance, but real, tangible. financ..."
tobacco,1870,1,1235,910,7.8477,True,"...in field. alleged theft.—at a special petty sessions held at dukinfield, on tuesday, johh m'carty was charged with stealing the sum of 4s. 6d.. and a tobacco box, from the person of thomas timpson."
tobacco,1870,1,1235,912,7.8538,True,"wllj beds. this tobacco is now put up in 1-oz. packets, in idit ion to other sizes, the label being a reduced fac-simile of that used"
tobacco,1870,1,1235,913,7.8615,True,"thames. william brown, who said he was 16 years of age, was charged with stealing 22 ounces of tobacco from a shop, no. 29, high-street, poplar. edward weston, a shopman, saw the prisoner enter his ma"
tobacco,1870,1,1235,914,7.8617,True,"... toi3 cco.—before the borough magis- trates, a moitte lambert. a boy about fifteen years of age, from jersey, was charged with stealing a quaniity of tobacco from the ketch, standard"
tobacco,1870,1,1235,916,7.8649,True,"important to the agricultural and horticultural public. ground tobacco (free of duty), for the destruction of grub and blight in plants and turnip fly, £3120. per cwt., or in tins at is. to 4s. each. "
tobacco,1870,1,1235,923,7.875,True,"t j 0'8' (tau jona and, m'llitan),/ tobacco mantrie.actirb er, abm:la von. the tobacco manufactured at this factory is the best and cheapest in the market. 80011"
tobacco,1870,1,1235,941,7.8827,True,"rind's like superior. a golden virginia shag. can be confidently rocommended. hand's primrose honey dew. a sfild sun-aried tobacco,. coarse cut, of delicate flavour and mild snaking. ttand's silver cl"
tobacco,1870,1,1235,951,7.9015,True,"gossip about tobacco. the society for discountenancing the abuse of tobacco has just presented a memorial to m. albert gigot, prefect of police, pointing out that the par..."
tobacco,1870,1,1235,953,7.9039,True,"...application. country orders forwarded by first train or con. veyance, and carriage paid on order of x 5 value and upward. s. s. hand & co., cigar and tobacco imanufactitrers, little che"
tobacco,1870,1,1235,955,7.9061,True,"wedding the excelsior wholesale and retail tobacco and cigar stores, 105, stafford street, hanley. a braham's celebrated smoking 11. mixture may be had at 31d. per oz., or 2 oz. for 64d. ordinary toba"
tobacco,1870,1,1235,956,7.9077,True,"what do we smoke? pas american tobacco in england it has remained for the year 1:,77 to fie 'narked ni the first time in the histkry of england when vire unadulterated, or non-"" dor t,red""..."
tobacco,1870,1,1235,957,7.9083,True,"the best smoking mixture id. per ounce. griffiths & aviss high st., coventry. sold by all innkeepers and dealers in tobacco. genuine virginia, the old-fashioned sort. the best tobacco at 3d. per ounoe"
tobacco,1870,1,1235,964,7.9328,True,"thames. william brown, who said he was 16 years of age, was charged with stealing 22 ounces of tobacco from a shop, no. 29, high-street, poplar. edward weston, a shopman, saw the prisoner enter his ma"
tobacco,1870,1,1235,965,7.9367,True,"tieidley, tobacco king, opened tobacco only tobacco manitf a.ctory in cleveland."
tobacco,1870,1,1235,966,7.9381,True,"occas lona l notes. the tobacco questibi.r. all that courbe said in favour of the proceedings of the dock board on thursday is that they are consistent."" this was all the credit mr...."
tobacco,1870,1,1235,967,7.9389,True,"anti-tobacco. the annual meeting of the friends of thi anti• tobacco society was keld on monday at exeter-hall, dr. james ellis in the cha attendance was extremel..."
tobacco,1870,1,1235,969,7.9409,True,"the budget. increase of the income and dog tax and tobacco duty. in the house of commons, on thursday, the chancellor of the exchequer made his financial statement. he pointed out that the position of"
tobacco,1870,1,1235,974,7.9501,True,"...----- -- the snoring propensity in youtil—wrint charles johnson and archibald murray, two boys, were charged with having stolen a cake of caven- dish tobacco front the shoo of henry g"
tobacco,1870,1,1235,976,7.9531,True,"a year's revenue eros! drink and tobacco, ctsturu has juct bash ploccuted to parliament which how during fhlf chthd match 81, 1576, the cute@ duty on alcoholic drinks wc, 4.13,012,i92, and t..."
tobacco,1870,1,1235,977,7.9578,True,new appliances in tobacco. the british anti-tobacco association will be terribly affected by some paii fed intelligence which appears in the virginia territorial enterprise. i...
tobacco,1870,1,1235,978,7.9583,True,"...plication. country orders forwarded by first train or con- veyance, and carriage paid on order of ..t5 value and upwards. s. s. hand & co., cigar and tobacco manufacturers, little che"
tobacco,1870,1,1235,979,7.9594,True,"the culture of tobacco di algeria. the culture of tobacco may now be imbed mvo ito. of the principal pumultn of algeria filmset. the pod most (larone). the tobacco me, of 1..."
tobacco,1870,1,1235,985,7.9705,True,"larceny. william robinson aryton was charged with feloniously stealing 9s. 6d. and a tobacco box. from robert baines, on the 24th inst. complainant said: i live in barrow and am a labourer. on saturda"
tobacco,1870,1,1235,986,7.9719,True,"women and tobacco. there are many women, wives particularly, who make tobacco a source of a large amount of family unhappiness. they are everlastingly rallying against..."
tobacco,1870,1,1235,990,7.9921,True,"...mr spurgeon has addressed a letter to the daily telegraph, in which he says :-1 demur al- together and most positively to the statement that to smoke tobacco is in itself a si"
tobacco,1870,1,1235,992,7.9959,True,"the best smoking mixture id. per ounce. griffiths & aviss high st., coventry. sold by all innkeepers and dealers in tobacco. genuine virginia, the old-fashioned sort. the best tobacco at 3d. per ounce"
tobacco,1870,1,1235,994,7.9967,True,"...plication. country orders forwarded by first train or con- veyance, and carriage paid on order of £5 value and upwards. s. s. hand (c, co', cigar and tobacco manufacturers, little che"
tobacco,1870,1,1235,995,7.9999,True,"smuggling. a shipmaster, named stephen smith, was fined £loo at liverpool, yesterday, for having concealed in his ship a quantity of tobacco of foreign manufacture. boiler explosion in fifeshire. yest"
tobacco,1870,1,1235,998,8.0022,True,".... —the inmates of the workhomo had i.o.net, beef, plum pudding, and beer for dinner on christmas day, and the men were also plentifully supplied with tobacco a"
tobacco,1870,1,1235,1000,8.0045,True,"what is snuff alleged fraud on the customs. at the dale-street police court, on thursday before air. kafdes, francis baker, tobacco manu- facturer, stockport, was summoned for attempt. ing to defraud "
tobacco,1870,1,1235,1001,8.0078,True,"an athlete on alcohol. writing to a correspondent who had asked ma opinion as to the use of alcohol and tobacco in athletic exercises, mr. /team, the champion cruller, says i have to state that in my "
tobacco,1870,1,1235,1002,8.008,True,"sept. 2, 1870. john pickersgill, tobacco and cigar merchant, importer op genuine irish roll, office-13, sussex street, mid glesititough. p.s.—shopkeepers snd publicans sappind at mann- iscta..."
tobacco,1870,1,1235,1004,8.0138,True,"...ference to the pending elections, the pope has declared that no catholic ought to accept the office of deputy to the italian parliament. america. the tobacco"
tobacco,1870,1,1235,1007,8.0155,True,"expenditure on government and drink. the annual expenditure on drink and tobacco amounts to more than £3 6s per head of the entire population—men, women, and children; or of more than £l3 for every ad"
tobacco,1870,1,1235,1009,8.0165,True,"...pplication. cour/try orders forwarded by first train or con- veyance, and carriage paid on order of £5 value and upwards. s. s. hand & co., cigar and tobacco manufacturers, little cher"
tobacco,1870,1,1235,1011,8.0209,True,"latakia. made from pore latakia tramero, in2oz. and 4oz canistt, hand's black tulip. this tobacco is unsurpassed in the trade at 3d. • cc. manufactured fmu the american leaf. ""rand's eagle bird's eye."
tobacco,1870,1,1235,1016,8.0242,True,"also foreign cigars of the choicest anl most esteemed brands. wilson 8.5., band s.p. snuff. mortnu mixture, itc. cope's, hignett's, and fancy tobaccos. cigarettes, cigar cases, policing. fr.c. tobacco"
tobacco,1870,1,1235,1017,8.0326,True,"primrose honey dew. a irda sim.dried tobacco, coarse cut, of delicate flavour and mild smoking. tiania • silver cloud. a bright honeydew tobacco, fine cut, of delicate flavour and mild smoking. ..."
tobacco,1870,1,1235,1019,8.0334,True,"manufactured from the first selected american tobaccos. smoring mixture a rich flavoured smoking:mixture. hand's lake superior, a golden virginia shag. can be confidently recommended. hand's primrose "
tobacco,1870,1,1235,1022,8.0425,True,"made from pure latakia tobacco, in 2oz. and 4a canisters. hand's black tulip. this tobacco is unsurpassed in the trade per or, manufactured fron the american leaf. 714, ik.iri) vc4..."
tobacco,1870,1,1235,1026,8.0453,True,"try evans's rose antiseptic tooth powder. it removes all unpleasant odour from the breath, arising from decayed teeth, or from tobacco smoke. it prevents tartar, and gives a pearly whiteness to the te"
tobacco,1870,1,1235,1028,8.0474,True,"... g. wat- son, b. dixon, and w. fellows, esqs. smnoomee.—alfred davison, fireman on board the as. jane shore, was charged with smuggling lilbs of shag tobacco. on "
tobacco,1870,1,1235,1029,8.0494,True,"general printing orders executed with neatness, and at moderate charges. offices :—qu:en strut, bridgeitd. t. e. jones. (late jones and bi'l(an), tobacco manufacturer a beeavon. jones's celebrated. st"
tobacco,1870,1,1235,1030,8.0529,True,i precocious smoker a remarkable illustration of the evil effects of tobacco smoking is afforded by a fact lately published by the french anti-tobacco as- sociation. two twin children (boys) were grow
tobacco,1870,1,1235,1031,8.0548,True,"acknowledged pro..- the ship bethany, was charged with t7tlbs. of tobacco, and remanded until the tobacco was found in a drawer ant's cabin, and when questioned he that it belonged to him. mr. tyn- id"
tobacco,1870,1,1235,1033,8.0584,True,"extensive robberies oir tobacco. • ~,, at preston police court, on saturdat, four young men, named wm. henry robinson, stanley field. lug, john perkins, and michael welch, were char..."
tobacco,1870,1,1235,1034,8.0588,True,"yesterday. than or toxixcco.—james wood, a middle- aged roan of respectable appearance, was charged on remand with stealing 95 lbs, of tobacco, the property of the loudon and•northweatern rail- way co"
tobacco,1870,1,1235,1037,8.0671,True,"...application. country orders forwarded by first train or eon- vey.ance, and carriage paid on order of £5 value and upward, s. s. hand & co., cigar and tobacco manufacturers, little cherr"
tobacco,1870,1,1235,1038,8.0673,True,"larceny at pontypridd. john davies, badman, was indicted for stealing 2s 6d in money, a pair of boots, a knife, and a tobacco box, the property of edward jenkins, at eghrysilan, on august 5. the priso"
tobacco,1870,1,1235,1039,8.0677,True,tobacco adulteration. the popular belief that had cigars are made of cabtage leaves is not ilustified by the last official report on tobacco adulteration. th...
tobacco,1870,1,1235,1040,8.0701,True,"tobacco opened tobacco manufactory, 36, sussex street, middlesbrough. the first and"
tobacco,1870,1,1235,1041,8.0718,True,"cigar and tobacco manufacturers, little cherry street,"
tobacco,1870,1,1235,1042,8.0732,True,"the excelsior wholesale and retail tobacco and cigar stores, 105, sta..fford street, ilanley. abraham's celebrated smoking mixture may be bad at 30. per or., or 2 oz. for 60. ordinto7 top,a,a ..."
tobacco,1870,1,1235,1043,8.0734,True,"...plication. country orders forwarded by first train or con- veyance, and carriage paid on order of £5 value and upwards. s. so hand and co., cigar and tobacco manufacturers, little che"
tobacco,1870,1,1235,1044,8.0751,True,"... futst corsz.—l. p. townshend, esq., presided in this court. felony, &c., at und8.1.011.-,4ohn wilban, labotirer, pleaded guilty to stealing a shirt, tobacco pipe, and 11 piece of a"
tobacco,1870,1,1235,1049,8.0878,True,"the exoeispor wholesale and retail tobacco and cigar stores, 105, stafford street, hanley. a braham's celebrated smoking si- mixture may be had at 30. per oz., or 2 oz. for 64d. ordinary tobac..."
tobacco,1870,1,1235,1050,8.0897,True,"r. fothergill, tobacco manufacturer, 53, high-stbeit, stockton. factory -22, linthorpe -boad, 1411ddlesbrough"
tobacco,1870,1,1235,1051,8.0904,True,"...ht at last:—at the llukinfield police court on saturday, edwin clarke, described as a slater. residiog at astton, was charged with et aliag 3filbs of tobacco, valu"
tobacco,1870,1,1235,1052,8.0905,True,"-subscriptii)] t. e. jr 0 n e s, (late jones and dl'lean), tobacco manufactvbeb, aberavoil the tobacco manufactured at this factory is the best sad cheapestin the market. 8068 lade addrtosts. or (*alt"
tobacco,1870,1,1235,1053,8.0911,True,"...application. country orders forwarded by first train or con- veyance, and carriage paid on order of £5 value and upwards. s. s. hand & co., cigar and tobacco manufacturers, little cherr"
tobacco,1870,1,1235,1057,8.0976,True,"a raid on tobacconists. as the birmingham police-court, on thursday, edward wilkinson, wholesale tobacco dealer, was summoned by the excise for selling a pound of cut ..."
tobacco,1870,1,1235,1061,8.0996,True,"local and district news. theft of tobacco at stocieton.-011 friday morning three youths, named john thompson, william green, and william williams, were placed in the dock at the fitockton bor..."
tobacco,1870,1,1235,1065,8.1091,True,"...lice court. saturday —before j. stevenson, esq. shugoling. —john king, seaman on board the s.s. cobden, was charged with smuggling 1 lb. of eavendish tobacco and 10 oz. of"
tobacco,1870,1,1235,1068,8.1208,True,"opinions of the press on tory extravagance. the times says :—there can be no doubt that the addition of id per ounce to the tobacco duty will affect all classes of her majesty's subjects, but it canno"
tobacco,1870,1,1235,1070,8.1257,True,"powder. it removes all unpleasant odour from the breath, arising from decayed teeth, or from tobacco smoke. it prevents tartar, and gives a pearly whiteness to the teeth."
tobacco,1870,1,1235,1071,8.1277,True,"...pplication. country orders forwarded by first train or con- veyance, and carriage paid on order of .£5 value and upwards. s. s. band & co., cigar and tobacco 'manufacturers, little che"
tobacco,1870,1,1235,1072,8.1303,True,"si-71,711% reliable dark tobacco. palma. lwic tulip. 11li-eit cloud. ut cavendish. ake pupeivor. piamitost: honey dew. cherry 8l0580.4 mix cure favourite b rd's eye tobacco approved ..."
tobacco,1870,1,1235,1074,8.1351,True,"...application. country orders forwarded by first train 02 con- veyance, and carriage paid on order of £5 value and upwards. s. s. hand & co., cigar and tobacco manufacturers, little cherr"
tobacco,1870,1,1235,1079,8.1468,True,"... toi3 cco.—before the borough magis- trates, a moitte lambert. a boy about fifteen years of age, from jersey, was charged with stealing a quaniity of tobacco from the ketch, standard"
tobacco,1870,1,1235,1085,8.1666,True,the tobacco bag. my old doctor has been telling me the following tale which may be of service in enlightening ale and beer drinkers as to the inspiringqualities ...
tobacco,1870,1,1235,1086,8.1711,True,tobacco and cigars. a comparison of the duties levied upon tobacco and cigars affords a fine illustration of the disin- terested spirit in which the british ...
tobacco,1870,1,1235,1087,8.1727,True,"kirkdale. _ introducing spirits and tobacco into gaol. —w. minnery, who had been employed as master shoemaker at liirkdale gaol, was charged with having suffered spirits and tobacco to be used ..."
tobacco,1870,1,1235,1088,8.1733,True,"brotelers morfey, 40, market-place, burslem. the excelsior wholesale and retail tobacco and cigar stores, 105, stafford sires 4, humbly. a braham's celebrated smoking mixtubb may be had at 30. per oz."
tobacco,1870,1,1235,1089,8.1739,True,"...,.....,+........... canon baynes, rev. e. k. graham, and rev. c. paterson, and presented the inmates with various presents, including tea, snuff, and tobacco for the adults, a"
tobacco,1870,1,1235,1091,8.179,True,"a tobacco dei3ate. a. meeting of the wycliffs mte del imprevemeut society, warrington, wes held on monday under the presidency of the rev. j.nn toe ce. when th..."
tobacco,1870,1,1235,1095,8.1989,True,growth of tobacco. colonel french asked the chancellor of the exclaeciner if he would permit on any and what terms the cultivation of tobacco in ireland. the chancello...
tobacco,1870,1,1235,1098,8.2132,True,"...ice court. saimadat6—before .1. stevenson, esq. licgolixg.—john king, seaman on board the 5.5. cobden, was charged aith smuggling 1 lb. of .eavendish tobacco and 10 as. of cigars. fin"
tobacco,1870,1,1235,1099,8.2154,True,"an infant smoker. the pal? nall gwette remarks s—the me of tobacco in the nursery i. not generally recommended by the inedmel pedession, hut from the detail* given by. cor. respondent of the cincinnat"
tobacco,1870,1,1235,1100,8.2155,True,"brotelers morfey, 40, market-place, burslem. the excelsior wholesale and retail tobacco and cigar stores, 105, stafford sires 4, humbly. a braham's celebrated smoking mixtubb may be had at 30. per oz."
tobacco,1870,1,1235,1102,8.2224,True,"tobacco smoking. it seems that it is not positively right to suppose that tobacco destroys all a man's energies. on the contrary, it is now believed that so ..."
tobacco,1870,1,1235,1103,8.2239,True,"...eneral printing orders executed with neatness, and at moderate charger. offices :—queen street, bridgend. 'f. e. j 0 n e st (late jones and )ficsti), tobacco manufacttib elt abera von. jones's celebr"
tobacco,1870,1,1235,1105,8.2309,True,"...application. country orders forwarded by first train oe con- veyance, and carriage paid on order of £5 value and upwards. s. s. hand & co., cigar and tobacco manufacturers, little cherr"
tobacco,1870,1,1235,1106,8.2324,True,"the an n tobacco movement, a conference, convened by the english anti- tobacco socit,4 and anti-narcotic league, was held on tuesday evening, at the central i offices..."
tobacco,1870,1,1235,1109,8.2438,True,"virginia gold leaf and sun-cured tobacco from the choicest garden crops, grown in the states of virginia and north carolina, manufactured into"
tobacco,1870,1,1235,1112,8.2505,True,"i ron bridg e. l.kiccen v.—at the police court, on tuesday, john cookson, miner, madeley, was brought up on remand, charged with stealing a tobacco pipe, the property of mr. thomas weak, tobacconist, "
tobacco,1870,1,1235,1113,8.2529,True,"a golden virginia shag. can be confidently recommended. hand's primrose honey dew. a mild, sun-dried tobacco, coarse cut, of delicate flavour and mild smoking. hand's silver cloud. a bright honeydew t"
tobacco,1870,1,1235,1114,8.2558,True,"police courts. d a le-street.—satiirday. allzgld thyst os tobacco.—a young girl, named christina packwood, was remanded for a week on a charge of stealing a quantity of tobacco and cigars belonging to"
tobacco,1870,1,1235,1117,8.2738,True,"tobacco manufacturers importers of foreign eigars, 42, sussex street, are offering for sale"
tobacco,1870,1,1235,1118,8.2739,True,"what we ought to smoke. the fragrant weed. the delicately flavoured atieginia gold leaf and sun-cured tobacco from the • cavicest garden crops, grown in the states of virginia and north carolina, manu"
tobacco,1870,1,1235,1119,8.2783,True,"the british anti•tobacco society. the 19th annual meeting cf thus society wu held on monday evening at exeter hall, dr. c. drysdale, ot the metropolitan yee° liospltal, in th..."
tobacco,1870,1,1235,1121,8.2872,True,"...lication. country orders forwarded by first train or con- veyance, and carriage paid on order of .£5 value and upwards. so so hand and co., cigar and tobacco manufacturers, little ch"
tobacco,1870,1,1235,1122,8.2881,True,"birkenhead. smuggling tobacco.--john kelly, cook on board the aconcagua, one of the pacific couipany's steamships, lyiug he the morpeth dock, was brought up obargal with nulewfull..."
tobacco,1870,1,1235,1124,8.2944,True,"black tulip. this tobacco is unsurpassed in the trade at ad. per ounce. a reliable dark tobacco. hand's eagle bird's eye. v `,),,:'•= i; g ~..,.....„,_ _ ~ ',.. 41 ,e _ .. • _..."
tobacco,1870,1,1235,1125,8.2962,True,"walter worren, • • 115 a 116, new road, great brit/ge, importer of the finest qualities of tobacco and snuff, for which this establishment bas been so long famous. w. w. would direct particular attent"
tobacco,1870,1,1235,1126,8.3058,True,"silver cloud. a bright honeydew tobacco, fine out, of delicate flavour and mild smoking. hand's latakia, mado:from'pure latakia.tobacco, in 20:. and 4os. canisters. hand's black tulip. this..."
tobacco,1870,1,1235,1128,8.3156,True,"...re.—mrs. darlington, of meriden hall, and mrs. harper, the oldest butcher in the village, have dispensed good cheer this week; the former lady giving tobacco to the poor men in t"
tobacco,1870,1,1235,1129,8.3196,True,"~....., ...._, -, -...--- .. .........., _ _ .. _ ~, '4.tik...**lo*-,, .916i,' '__._,- '- general notices. john pickerbgill, tobacco and cigar merchant, importer of genuine irish roll, office-13, suss"
tobacco,1870,1,1235,1130,8.3244,True,"silver cloud. a bright honeydew tobacco, fine cut, of delicate flavour and mild smoking. tt and' s latakia, made from pure latakia tobacco, in 2oz. and loz. catheters. h.a nd's black tulip...."
tobacco,1870,1,1235,1133,8.3341,True,"w al ter w 0r ren, 115 & 116, new road, great bridge, tmporter of the finest qualities of tobacco and snuff, for which this estab- lishment has been so long. famous. w. w. would direct particular atte"
tobacco,1870,1,1235,1134,8.3399,True,"a tobacco dei3ate. a. meeting of the wycliffs mte del imprevemeut society, warrington, wes held on monday under the presidency of the rev. j.nn toe ce. when th..."
tobacco,1870,1,1235,1136,8.3496,True,"latakia. made froai pare latakia. tabacco, in 2oz. and 4c z. canisters. hand's black tulip. this tobacco is. unsnruat.ed in the trade rt &i. pr oz. manufactured from the american lent. i/and's eagle b"
tobacco,1870,1,1235,1137,8.3498,True,tobacco and cigars. a comparison of the duties levied upon tobacco and cigars affords a fine illustration of the disin- terested spirit in which the british ...
tobacco,1870,1,1235,1139,8.3532,True,"...uring last year l 157 seizures were znede of smug- gled goods in the united kingdom, and-1,,094 persons were convicted of smuggling. the ,quantity of tobacco and cigars seized was 10,7381b"
tobacco,1870,1,1235,1141,8.357,True,"tim great purifier restorer of health bow en antiseptic bivasiini3ii, / tapwl .!61t 1877. a mild, sun-dried tobacco, coarse cut, of delicate savour and mild smoking. ""raid's silver cloijd. a bright ho"
tobacco,1870,1,1235,1142,8.362,True,"to smokers!!! can be had of all tobacconists, in 1,2, and 4oz. packets. hand's cherry blossom smoking mixture! manufactured from the first selected american tobaccos. a rich flavoured smoki..."
tobacco,1870,1,1235,1144,8.3697,True,"what we ought to smoke. the fragrant weed. the delicately flavoured virginia gold leaf son-cured tobacco from the choicest garden crops, grown in the states of virginia and north carolina, mannfacturp"
tobacco,1870,1,1235,1145,8.3765,True,"...application. country orders forwarded by first train or con- veyance, and carriage paid on order of,z5 value and upwards. s. s. hand & co., cigar and tobacco manufacturers, little cherr"
tobacco,1870,1,1235,1147,8.3828,True,"w al ter w 0r ren, 115 & 116, new road, great bridge, tmporter of the finest qualities of tobacco and snuff, for which this estab- lishment has been so long. famous. w. w. would direct particular atte"
tobacco,1870,1,1235,1152,8.404,True,tobacco manufactu re r aberavon. jones's celebrated star returns. the tobacco manufactured at this factory is the best and cheapest in the market. 8068 cheap...
tobacco,1870,1,1235,1153,8.4093,True,"iweydioitth: stealing tobacco.—before the 'borough magis- trates, antoine lambert, a boy about fifteen yearn of age, from jersey, wrb charged with stealing a quantity of tobacco f..."
tobacco,1870,1,1235,1155,8.4122,True,"tobacco smoking. it seems that it is not positively right to suppose that tobacco destroys all a man's energies. on the contrary, it is now believed that so ..."
tobacco,1870,1,1235,1156,8.4125,True,"w al ter worren, 115 & 116, new road, great bridge, tmporter of the finest qualities of tobacco and snuff, for which this fatah- lishment has been so long famous. w. w. would direct particular attenti"
tobacco,1870,1,1235,1163,8.4451,True,"primrose honey dew. a mild suo-dried tobacco, coarse ent., of delicate flavour and mild smoking. hind's silver cloud. a bright honeydmv tobacco, fim eat, of delicate flavour and mild smoking. ha..."
tobacco,1870,1,1235,1165,8.4512,True,"w al ter wor hen, 115 & 116, new road, great bridge, thporter, of the finest qualities of tobacco and snuff, for which this estab- lishment has been so long famous. w. w. would direct particular atten"
tobacco,1870,1,1235,1167,8.4534,True,"...pplication. country orders forwarded by first train or con- veyance, and carriage paid on order of x 5 value and upwards. s. s. hand & co*/ cigar and tobacco manufacturers, little cher"
tobacco,1870,1,1235,1171,8.4834,True,"...in field. alleged theft.—at a special petty sessions held at dukinfield, on tuesday, johh m'carty was charged with stealing the sum of 4s. 6d.. and a tobacco box, from the person of thomas timpson."
tobacco,1870,1,1235,1176,8.549,True,"local and district news. theft of tobacco at stocieton.-011 friday morning three youths, named john thompson, william green, and william williams, were placed in the dock at the fitockton bor..."
tobacco,1870,1,1235,1177,8.5559,True,"a mild, sun-dried tobacco, coarse cut, of delicate flavour and mild smoking. rand' s silver cloud. a bright honeydew tobacco, fine cat, of delicate flavour and mild smoking. h..."
tobacco,1870,1,1235,1182,8.5836,True,"tobacco! tobacco! smoke banks & james's virginia per 3d. oz. a very superior full-flavoured tobacco, cut from the fines' american tobacco. sold by all public..."
tobacco,1870,1,1235,1184,8.6141,True,russian tobacco. although the *we root has given a formal denial to the rumours in circulation respecting the establishment of a tobacco monopoly in russia despatche...
tobacco,1870,1,1235,1187,8.6415,True,"tobacco culture in germany. a men of germany hae been just published showing the districts in the german enipier which tobacco is grown, the percentage of he..."
tobacco,1870,1,1235,1189,8.6614,True,"a raid on tobacconists. as the birmingham police-court, on thursday, edward wilkinson, wholesale tobacco dealer, was summoned by the excise for selling a pound of cut ..."
tobacco,1870,1,1235,1190,8.6701,True,"a golden vir,4, shag. can be confidebtly recommended. hand's primrose honey dew. a mild, sun•dried tobacco. coarse cut, of delicate ilavour.and mild smoking. ii and's silver cloud. a. blight honeydew "
tobacco,1870,1,1235,1191,8.6709,True,"...application. country orders forwarded by first train or con- veyance, and carriage paid on order of xs value and upwards. s. s. rand & co., cigar and tobacco 'manufacturers, little cher"
tobacco,1870,1,1235,1192,8.6725,True,"...se. —the inmates of the workhouse had roast beef, plum pudding, and beer for dinner on christmas day, and the men were also plentifully supplied with tobacco and th"
tobacco,1870,1,1235,1193,8.6961,True,"...—they soothe irritable stomach and nerves, in nausea tees, even in pregnancy or at sea, heart the feverish, acid, or bitter taste on wak or caused by tobacco or drinking. if "
tobacco,1870,1,1235,1195,8.7107,True,"expenditure on government and drink. the annual expenditure on drink and tobacco amounts to more than £3 6s per head of the entire population—men, women, and children; or of more than £l3 for every ad"
tobacco,1870,1,1235,1196,8.7153,True,"a raid on tobacconists. as the birmingham police-court, on thursday, edward wilkinson, wholesale tobacco dealer, was summoned by the excise for selling a pound of cut ..."
tobacco,1870,1,1235,1197,8.7212,True,"larceny at maestro. a man named ;phomas smith was chaqied by p.c. .bcynon with stoaliog a sovereign, a shilling, and a tobacco box, tl,e property of thomas lee, collier, maesteg. thomas lee said that "
tobacco,1870,1,1235,1198,8.723,True,"primeose honey dew. a. mild sun-dried tobacco, coarse cut, of delicate flavour nod mild smoking. tta.nd's silver cloud. a bright, honeydew tobacco, tine cut, of delicate flavour and mild smoking...."
tobacco,1870,1,1235,1199,8.7436,True,"r. fothergill, tobacco manufacturer, 53, high-street, stockton. factory.-22, linthorpe-eoad, m_iddlesbrough."
tobacco,1870,1,1235,1200,8.7556,True,tobacco and cigars. a comparison of the duties levied upon tobacco and cigars affords a fine illustration of the disin- terested spirit in which the british ...
tobacco,1870,1,1235,1202,8.7694,True,"11 r. fothergill, tobacco manufacturer, 53, high-street, stockton.. factoby.-22, linthorpe. -road, price one penny. extraordinary"
tobacco,1870,1,1235,1203,8.7787,True,"tobacco! tobacco! smoke banks •sz james's virginia per 3d. a. very superior full-flavoured tobacco, cut from oz. the finest american tobacco. sold by all pub..."
tobacco,1870,1,1235,1204,8.781,True,"brotelers morfey, 40, market-place, burslem. the excelsior wholesale and retail tobacco and cigar stores, 105, stafford sires 4, humbly. a braham's celebrated smoking mixtubb may be had at 30. per oz."
tobacco,1870,1,1235,1207,8.8152,True,"...ainful scene was witnessed on the 25th ult. at tint menagerie at sacramento, california, when some boys annoyed the elephant by giving him sticks and tobacco to eat instead o"
tobacco,1870,1,1235,1208,8.8331,True,"iweydioitth: stealing tobacco.—before the 'borough magis- trates, antoine lambert, a boy about fifteen yearn of age, from jersey, wrb charged with stealing a quantity of tobacco f..."
tobacco,1870,1,1235,1209,8.8349,True,"tobacco manufacturer importers of foreign cigars, 42, sussex street, are offering for sale"
tobacco,1870,1,1235,1210,8.8391,True,"curiosities of smuoglinia from the report of the commissioners oi customs which has just appeared we learn that last year 19,2631 be. of tobacco and cigars and 862 gallons of spirits were seized at th"
tobacco,1870,1,1235,1212,8.878,True,"kirkdale. _ introducing spirits and tobacco into gaol. —w. minnery, who had been employed as master shoemaker at liirkdale gaol, was charged with having suffered spirits and tobacco to be used ..."
tobacco,1870,1,1235,1214,8.8989,True,"latest news. (by te',graph.) the tobacco duties. in reply to queries whether any reduction in the tobacco duties may be expected this year, the chan- cellor of the exchequer has delined to a..."
tobacco,1870,1,1235,1217,8.9582,True,"the tobacco pipe makers. the following memorial having been sent .te the master tobacco pipe makers of london, and its terms not having been conceded, the men ar..."
tobacco,1870,1,1235,1220,8.9944,True,"wedding the excelsior wholesale and retail tobacco and cigar stores, 105, stafford street, hanley. a braham's celebrated smoking 11. mixture may be had at 31d. per oz., or 2 oz. for 64d. ordinary toba"
tobacco,1870,1,1235,1222,9.0309,True,"the tobacco pipe makers. the following memorial having been sent .te the master tobacco pipe makers of london, and its terms not having been conceded, the men ar..."
tobacco,1870,1,1235,1223,9.0407,True,"tobacco smoking. it seems that it is not positively right to suppose that tobacco destroys all a man's energies. on the contrary, it is now believed that so ..."
tobacco,1870,1,1235,1224,9.0846,True,"kirkdale. _ introducing spirits and tobacco into gaol. —w. minnery, who had been employed as master shoemaker at liirkdale gaol, was charged with having suffered spirits and tobacco to be used ..."
tobacco,1870,1,1235,1225,9.0931,True,"and's silver cloud. a bright honeydew tobacco, fine cut, of delicate flavour and mild smoking. hand's latakia, blade:from pure latakia tobacco, in 2oz. and 4oz. canisters. hand's black tulip. thi..."
tobacco,1870,1,1235,1226,9.1101,True,"anti-tobacco. the annual meeting of the friends of thi anti• tobacco society was keld on monday at exeter-hall, dr. james ellis in the cha attendance was extremel..."
tobacco,1870,1,1235,1227,9.1361,True,"curiosities of smuoglinia from the report of the commissioners oi customs which has just appeared we learn that last year 19,2631 be. of tobacco and cigars and 862 gallons of spirits were seized at th"
tobacco,1870,1,1235,1228,9.1571,True,"wedding the excelsior wholesale and retail tobacco and cigar stores, 105, stafford street, hanley. a braham's celebrated smoking 11. mixture may be had at 31d. per oz., or 2 oz. for 64d. ordinary toba"
tobacco,1870,1,1235,1229,9.1808,True,"...in field. alleged theft.—at a special petty sessions held at dukinfield, on tuesday, johh m'carty was charged with stealing the sum of 4s. 6d.. and a tobacco box, from the person of thomas timpson."
tobacco,1870,1,1235,1231,9.5631,True,"larceny at maestro. a man named ;phomas smith was chaqied by p.c. .bcynon with stoaliog a sovereign, a shilling, and a tobacco box, tl,e property of thomas lee, collier, maesteg. thomas lee said that "
tobacco,1870,1,1235,1233,9.7241,True,"latest news. (by te',graph.) the tobacco duties. in reply to queries whether any reduction in the tobacco duties may be expected this year, the chan- cellor of the exchequer has delined to a..."
tobacco,1870,1,1235,1234,9.7786,True,"the british anti•tobacco society. the 19th annual meeting cf thus society wu held on monday evening at exeter hall, dr. c. drysdale, ot the metropolitan yee° liospltal, in th..."
tobacco,1870,1,1235,1235,10.507,True,"l totiampor • 11-1/4.1.1v p • i kktritzt exa.3/11,xet1.- )ay„ attgitst 5. 17g, • • 1,00 i), drink, and tobacco. the !blackburn murder. how much money does the average londoner con- at the liverpool as"
