word,decade,cluster,cluster_size,rank_in_cluster,distance_to_centroid,target_word_visible,snippet
tobacco,1900,0,1427,205,4.6583,True,"tobacco-bea rt in bo vs. here is a curious but somewhat instruc- tive eoinciilecoe. i mot some lads of about fourt.wm to fifteen years of age the ether day, ..."
tobacco,1900,0,1427,257,4.7577,True,"art and literature in advertising. a writer in ""the people"" states that john fraser for over forty years was the life and soul of cope's tobacco factory at. liverpool, and was one of the first, if not"
tobacco,1900,0,1427,346,4.9526,True,"juvenile smelting. the smoking of cigarettes, or tobacco ;n any form, by children is surely a practice which ought to be prohibited by law. a deputation from the national hygienic league waited upon t"
tobacco,1900,0,1427,397,5.0589,True,"ready wit. a little ready wit is no loss to a lecturer. recently a fervid orator was denouncing the evils attendant on the use of tobacco. the lecture hall in a small american town was crowded, and an"
tobacco,1900,0,1427,437,5.1384,True,... directolre corsets allansons allansons corset specialists corset specialists birkenhead. birkenhead. faoturer had to pay if he tried to send smoking tobacco into this country. they 
tobacco,1900,0,1427,474,5.2174,True,"smoke g-allaher's two flakes. in decorated tins in three strengths, aild, medium, and full, of all tobaccoi,tistb. king and company. limited. south church-side, hull. chaff cutters, corn crushers, tur"
tobacco,1900,0,1427,500,5.2949,True,"boys, don't smoke. what employers can do. the annual conference of the briti,da anti-tobacco and anti-narcotic leakte was held at the bolton town hall, ..ylit n the evils of juvenile smoking were deal"
tobacco,1900,0,1427,524,5.3506,True,"tobacco dearer -- forthcoming stone-laying. the fortnightly meeting of the haalingden board of guardians mas held on wednesday afternoon. fraser.' mesa,. woo..."
tobacco,1900,0,1427,541,5.3922,True,"lototko, t uotntofq.6. or. on salb, tobacco and swbet business; good liv- ing part.—apply 191,111.liott bt., tyldeeley,nr wehester 9,0 let. good dwelling-house. 48, parker street.—applv i woods..."
tobacco,1900,0,1427,543,5.3943,True,in praise of tobacgo. of all the frond things man has found &offered upon this planet round. tobacco rtrely holds around a weed cieliciou... no other green leaf yielcht so much delight: no bower has f
tobacco,1900,0,1427,556,5.4263,True,imuggler& many a pound of smuggled tobacco id cigars pass the lynx-eyed officens of his tajecty's customs undetected every day the variou.s fisliing ports on the scottish id english coasts. th...
tobacco,1900,0,1427,557,5.4269,True,"lototko, sugintogeo. et/. on sale, tobacco and s whist businbss; good liv- ing part.—apply 191,bluott et 'xyldesley,nr bi'cbester qlo let. good dwelling-house. 48, parker street.—apply 1. wood..."
tobacco,1900,0,1427,563,5.4445,True,"smuggling ey a seaman. a charge of conosaling a quantity of tobacco, 21ilbs. in weight, was preferred .#7.1 remand at :middlesbrough on wedniesday against a seaman- named august carrucsin (45), boatsw"
tobacco,1900,0,1427,564,5.4469,True,"blood or tobacco juice. sequel to a carouse. at the borough police court on sat urday the bench gave a patient hearing to a re ,1d which james davie,, et 339. frier-s..."
tobacco,1900,0,1427,565,5.449,True,"argust 31, 1907. northern weekly gazette. tian scent otf the tobacco flowers mrla,s wafted in at the open windows, mingling with a flower- ing honeysuckle that clustered and tnailed over the porch. ""h"
tobacco,1900,0,1427,569,5.4526,True,"the first tobacco pipes. prehistoric pipes arc known to have been fashioued and amoked by ancient and now extinct. mem, of america—namely, the mould builders of that p..."
tobacco,1900,0,1427,578,5.465,True,the board and smoking. the board went on to consider the desira- bility or otherwise of snpplying tobacco to tha aged male inmates. mr farrow (workhouse master) said he had supplied the whole gi the m
tobacco,1900,0,1427,579,5.4653,True,"a year's tobacco smoke. the ""'robenco trade itevlow,"" oir.menting on the reports of the llovernmen:. laheea!rry, mentions that the tolvtmo statistics for 1899- 1900 s..."
tobacco,1900,0,1427,580,5.4677,True,"the first tobacco pipes. prehistoric pipes arc known to have been fashioued and amoked by ancient and now extinct. mem, of america—namely, the mould builders of that p..."
tobacco,1900,0,1427,589,5.4951,True,"()ld established tobacco bubiisinss or sale. good thoroußbfare.-40, waterloo rd.. widnes."
tobacco,1900,0,1427,601,5.5174,True,"tobacco combines. important case in the law courts. in king's bench on saturday the case of oginris. limited, v. nelson and telford, two retail tobacoonists,..."
tobacco,1900,0,1427,607,5.5403,True,"special albums containing a description of each photob_ ph, entitled: ""new century albums"" —to hold these 200 subjects are now on sale at most tobacconists at 16 each, and as-the lantifactuvers of ogd"
tobacco,1900,0,1427,619,5.5714,True,"british tobacco trust. a circular to the trade has been issued by the follow.ng british tobacco manufaoturers: w. 1). and h. 0_ wills (limited), bristal; edwards, ri..."
tobacco,1900,0,1427,633,5.608,True,"chancellor of the exchequer that an in- eves., in duty eufficrent to make a per- eeptible addition to the price of as oudobof tobacco would be snore tolerable thah the present tractional inersam as ,i"
tobacco,1900,0,1427,637,5.6268,True,"manteb. tobacco mart young !ay to manage and work up business,—pßaacz, tobacconist. rugby. wantrd, mell from the pound tins of milkmaid milk, good mice offered.—' 8...."
tobacco,1900,0,1427,639,5.6293,True,"juvenile smelting. the smoking of cigarettes, or tobacco ;n any form, by children is surely a practice which ought to be prohibited by law. a deputation from the national hygienic league waited upon t"
tobacco,1900,0,1427,652,5.6646,True,"tile exaiviinee. july 23 1904. mr. austen cham- the summer berlain's studies of manckuvres. his new tobacco duty have induced him to offer a rebate to the importers of stripped leaf, threatened with s"
tobacco,1900,0,1427,656,5.6718,True,"...oman's narrow escape. at bc)otle police court, on monday, a woman named elizaleth johnson, living in marsh-lane, was charged with stealing a pound of tobacco, the propeity of mary brown. the gni- s"
tobacco,1900,0,1427,670,5.6963,True,tobacco bonus _ omni' action asaiint 011dium limited. the furthee hearing of the case of nathan end others v. ogden@ ltd. wee maimed =l2r. rire bench divisio...
tobacco,1900,0,1427,678,5.7195,True,"-)*(- genius and tobacco. tobacco has been th parbiculat solace of mem of genius. spensar. raleigh, and shakespeare smoked burton praised wham° as the so,voroign remedy for a..."
tobacco,1900,0,1427,679,5.7206,True,"tile exaiviinee. july 23 1904. mr. austen cham- the summer berlain's studies of manckuvres. his new tobacco duty have induced him to offer a rebate to the importers of stripped leaf, threatened with s"
tobacco,1900,0,1427,681,5.7293,True,"tobacco industry in england, packing ""guinea-gold"" cigarette _t ogden's. touch of comfort to the furthest corner of the large old-fashioilled kitchen. the wa..."
tobacco,1900,0,1427,683,5.7331,True,"parliament and the tobacco tax matters in the house of commons during the past week were unexpectedly lively in connection with the discussion on the budget resolution, and whe..."
tobacco,1900,0,1427,702,5.794,True,"piirsons wanted. oi7th (respectable) to learn tbe tobacco and, ctigar business, ono leaving school _preferred- tietpdaid.warbrick bros, 26, ozanne-road west.c.b2i; imployment wanted. i a dvertiu:ii =i"
tobacco,1900,0,1427,709,5.8111,True,"the examinee, july 23 1904. mr. austen citam- the summer berlain's studies of manceuvres. his new tobacco duty have induced him to offer a rebate to the importers of stripped leaf, threatened with ser"
tobacco,1900,0,1427,714,5.8196,True,"...e junk. they were all heathene, black of visage and dirty to perfume the blue sky. they sat on the afterrail, and swung the steering sweep and puffed tobacco in their pipes, a"
tobacco,1900,0,1427,723,5.8468,True,"the examinee, july 23 1904. mr. austen citam- the summer berlain's studies of manceuvres. his new tobacco duty have induced him to offer a rebate to the importers of stripped leaf, threatened with ser"
tobacco,1900,0,1427,735,5.8728,True,"parliament and the tobacco tax matters in the house of commons during the past week were unexpectedly lively in connection with the discussion on the budget resolution, and whe..."
tobacco,1900,0,1427,736,5.8733,True,"the tobacco war. ogden'i3 00140b88ions. ia meeting wss held in london on wedoes- day of the wholesale tobacconists pro. teetion association, mr george frimakel l..."
tobacco,1900,0,1427,744,5.8946,True,"...oman's narrow escape. at bc)otle police court, on monday, a woman named elizaleth johnson, living in marsh-lane, was charged with stealing a pound of tobacco, the propeity of mary brown. the gni- s"
tobacco,1900,0,1427,745,5.8957,True,"mr. austen cha3i- summer bbrlain's studies of aianceuvres. his new tobacco duty have induced him to offer a rebate to the importers of stripped leaf, threatened with serious loss by the budget. the re"
tobacco,1900,0,1427,756,5.91,True,"anc ients smoke! it is ropularly supposed that smok- ing wa3 introduced with tobacco, but the question as to whether smoking was known the anvients isms started in gormany by the publication of an arc"
tobacco,1900,0,1427,761,5.93,True,"tobacco of satanic origin. one of melbourne's historic build- ings, bishop's-court, the official resi- dence of the anglican prelate, is about to be demolish..."
tobacco,1900,0,1427,766,5.9469,True,• lournal that although the brttiah-americaa • 7-- tobacco company boa been formed as an english tencern this is only preparatory to its transfer to inerica. a an employed in the royal gardens et wind
tobacco,1900,0,1427,775,5.9829,True,"18tablibbed 0 timm hargraves' tobacco main sfigtort a swan stakxr, iiandhester. taccopirstakts.plcaiignarst4telan.c.ta snuffs. tobsecas ilsaidadand is oran sad gaus. upset sonordiaa fa im..."
tobacco,1900,0,1427,776,5.9834,True,"is tobacco smoking injurious? mr c. e. a. lyon, cheque; mrs lyon, house linen; miss lyon, overmantle and two pictures; mr tauten, breakfast and tea service; the..."
tobacco,1900,0,1427,779,5.9859,True,"milnsbridge cripple in danger of 'i he stocks. sweets, tobacco and pipes sold on the smilivra. an interesting local cis,: came up at !he county police court, iluddersfied, on tuesday, when fred stott,"
tobacco,1900,0,1427,795,6.0435,True,fire at a liverpool tobacco factory. about tine° o'clock yesterday moreinz the licerviel fire eitizade weie (alai to a fire at the tobacco manufactory of the richmond cavendilt ...
tobacco,1900,0,1427,797,6.0453,True,"tobacco man li fact uld rs' fin ed. at the liverpool police court, on wednesday, messrs. goodbody and sons, tobaeco ins nu facturt-rs, of london, liverpool, ..."
tobacco,1900,0,1427,798,6.0454,True,"trade and commerce. 1). f. (widnes).—the duty on tobacco is now 3s. par lb. c.h.l.—birkenhead market was firstopened on the 12th july, 1845. c. e. b. (royl).—see the official receiver in the local ban"
tobacco,1900,0,1427,799,6.0479,True,"mr. austen cha3i- summer bbrlain's studies of aianceuvres. his new tobacco duty have induced him to offer a rebate to the importers of stripped leaf, threatened with serious loss by the budget. the re"
tobacco,1900,0,1427,803,6.0586,True,"chapter xx. talbot stealthily approached the direction of the rank. smouldering tobacco, but in a round-about way, so that he described something like a semi-circle, keeping well behind the trees and "
tobacco,1900,0,1427,810,6.0788,True,the tobacco combine. lii the king's winch on nlititla. thorax. !onroc on for judgment in wh;cht igdens. ltd.. 1 tobacco manuf:o tin i 1-ss t iti to recover recou...
tobacco,1900,0,1427,812,6.0809,True,"funky pain7m-ketc--ellw and tali& tobacco & cioabb. presznta teddy ashton's shop parmirare (shaw u.), sown wok miss dudley, complexion specialist."
tobacco,1900,0,1427,813,6.0853,True,"tobacco trade. a it a!eigh ,n .1!‘ ('4lo' n) t 1.-gram —the british american towee-, com- pany has bc•-n regia:ted with a capital of £6.000.000. the anieri, ..."
tobacco,1900,0,1427,815,6.0874,True,"smuggling tobacco. at the birkenhead police court on wednesday three german seamen, named wilhelm forken- beck, aohannea schulte, an,l carl jessen, of the ft& minna sc..."
tobacco,1900,0,1427,835,6.1518,True,"echo of tobacco war. ogdens- appeal over the bonus question. the court of appeal on friday disposed of the appeal of ogdens, limited (in liquids. don), against a dec..."
tobacco,1900,0,1427,837,6.1568,True,"inspi.c7ioii invtted. ilvtablisr ed 0 tyr& h a ro r a tobacco manufactory. l. man sturm. iancrimi t14""...c1•1 prii.amp a .j.i... -•- t. h. smrru, bed ssmoliattontr4 ()rd"" ""a g""''. joineit, builder and"
tobacco,1900,0,1427,842,6.1785,True,"... impudent fraud. walla3ey police court on wedne3day, aithur young, 25, richmond-street, new brighton, was charged with obtaining 19s. 2.1 d. worth of tobacco froth bert green by false pre- tences. i"
tobacco,1900,0,1427,852,6.2263,True,"let us have truth. let us have the truth, should the heavens fall; and in the foregoing p.assages we do have it, but when anti-tobacconists of rabid propen- sities want us to believe that the bible de"
tobacco,1900,0,1427,854,6.2313,True,"chip shop for sals maln road; owner leaving on aceount of health falling.-163, woodhous e larot,wigan. swebts. tobacco and stationery bus' ems. for sale splendid opening for energetic person.-38, mark"
tobacco,1900,0,1427,861,6.2636,True,"bulman. savage 4, the burning of tobacco •29 a frequent part of the ceremony. and it may be noted in this connection that the lighting of large fires is one of the moderns methods. the rain ..."
tobacco,1900,0,1427,865,6.2801,True,• kisses and tears. tobacco king's cha'fices acain3t his wiie. once famous in england for his attempt to capture the tobacco trade in this country for the benefit of the trust o...
tobacco,1900,0,1427,868,6.2893,True,"clay pipe contest £25 given away, first prize, £lo ooa pipes one penny. tobacco sibt/i i‘cbeasz tocit tildii dt /slung -11aiitetiv- pint *gents wanted wbi. not itzpriisntid.i"
tobacco,1900,0,1427,869,6.2906,True,"charles rarisden, cigar specialist & tobacco blender, metropole buildings, promenade, palace buildings (2 sims) „ tower buildings •• &at blackpool agent for loewe's pipes. best selection of pete..."
tobacco,1900,0,1427,870,6.2914,True,h. houghton. wbolsialk and wail tobacco and mai dealer. cioallites and fancy tobaccos at lowiit ohm prim plum gm ix a 'iii.iil. now ib. adaves:— 16 ins 11110011 1110111.301 an. 4 tube instr...
tobacco,1900,0,1427,876,6.3031,True,"tobacco combines. important case in the law courts. in king's bench on saturday the case of oginris. limited, v. nelson and telford, two retail tobacoonists,..."
tobacco,1900,0,1427,885,6.3308,True,"cool smoking tobacco to se obtained froa joseph bes wick, horsem arket st., warrington. ts• thos, clarre will carry on the a business or stationer and newsagent st the ....."
tobacco,1900,0,1427,887,6.3512,True,"facts in a mitsnell only ono man in 203 is over eift. in height. the world's tobacco orop of 8310,000 tons is grown on 2i million acres. in 1835 indian elephants fetched £45, now they run up to £boo n"
tobacco,1900,0,1427,891,6.3629,True,"cool smoking tobacco to be obtained from joseph bes wick, horseji arket st., warrington. i a. and j. m'laine, pawnbrokers. jewellers, and silversmatiis, 17, richmond-stre..."
tobacco,1900,0,1427,903,6.4096,True,"the drunkard's dream. no doubt the wine-bibber, especially if tobacco and alcohol go together, has many sorts of dreams; but the most terrible is the semi-delirious one, so fearfully and graphically d"
tobacco,1900,0,1427,910,6.4252,True,"cool smoking tobacco to '3e obtained from joseph bes wick, horsemarret st., warrington. ms.clarbe will carry on the —s. tllo biisinbss of stationer and newsagent at trh ...."
tobacco,1900,0,1427,914,6.449,True,"tripp to biicgglb tobacco. a 'hitch foreman named john nt•dertneyer (46). of the s.s ymui- den, was brought before the magis- trates charged with smuggling three pounds of tio..."
tobacco,1900,0,1427,916,6.4543,True,"""tobacco."" the term ""toba000"" (says an article in ""good words"") does not arise from the original name of the herb, but from the manner in which it was used. w..."
tobacco,1900,0,1427,918,6.4578,True,"terrible tragedy at colwyn bay. young man shoots his sweetheart. the tobacco wail the battle of the big tobacco trusts has now commenced in real earnest, and great britain is for the first time the ve"
tobacco,1900,0,1427,919,6.4633,True,"fairhurst's tobacco ov cigars of the choicest. two shops at end of promenade, b-,( south shore ),-6,. (opposite the victoria pier,"
tobacco,1900,0,1427,920,6.4647,True,"c orr es p 0 nd en ce. to thz zditob. warwickshire imperial yeomanry tobacco fund. sir,—will you allow me through your paper to thank the numerous subscribers to the above fund, and especially those w"
tobacco,1900,0,1427,921,6.4655,True,"of one mind a north-country labourer asked a d' we for an ouneo of tobacco ""en lick."" hai ing ob- tamed a packet, the on of toil turned to the man behind the counter and observed ""aa kriaa what ye're "
tobacco,1900,0,1427,922,6.4712,True,"d ta 0? m%a omsk on; milos. is. mod 0 a cd on aldb ts-1)6.11 aniemllo, • f. gray e co., max cigarette, and tobacco bondera. 13id imporizs*i. •,.... .. ...., i ~-1 i 11011•4 mi :""•th- 094 !r liwr.l mos"
tobacco,1900,0,1427,931,6.5107,True,"...reetwaped ito onmeow] air. —the mount at fleetwood is • my plemtis place, but it mild be made otill i wore .0. if the molting of vlilasem thica 'twin tobacco"
tobacco,1900,0,1427,935,6.5228,True,gifts for the inmates. the master reported that tobacco for the inmates at xmas was sent by mr w hebden of copt hewick; mrs metcalfe sent apples; and councillor w. p. lowley kindly lent materials for 
tobacco,1900,0,1427,940,6.5448,True,"effect of tiie budget. the clerk reported that owing to the rise in duty on tobacco and snuff the contractor had written asking for, tile increase .to be added to the priee.—he said the point had come"
tobacco,1900,0,1427,945,6.5559,True,"warrington tobacconist s and trade developments. mr hey, of the united kingdom tobacco .dealers' affiance, addressed a meeting at tobacconists at the horsemarket-street..."
tobacco,1900,0,1427,950,6.5801,True,"cool smoking tobacco to 3b obtained frosi joseph bes wick, horsem ark et st., warrington. tel. 370 y av arrington savings bank buttermarket-street. established 1818, open..."
tobacco,1900,0,1427,952,6.5809,True,"ia, virginia _ 2oz & aoz tins. are or imitations ,) kolarkes '''',4 ~. • _ tpl 1--40,----, ~ ~ ti 1 a > -..."".----- tobacco ~i irh'inest dark ps in loz • bew, ••"
tobacco,1900,0,1427,953,6.5816,True,the tobacco trade. tho following notice has been pasted id all ogden's factories at liverpool- notice to employees. the directors having recently increased the w...
tobacco,1900,0,1427,954,6.5849,True,"cool smoking tobacco to '3e obtained from joseph bes wick, rorsemark et st., warrington. stations. count, • times of starting. oflical, pre. ton. rule books and contribut..."
tobacco,1900,0,1427,955,6.5911,True,"smoking concert. • in the reading room a smoking concert was held, tobacco and ""churchwardens'' being distri- buted. under the influence of the fragrant weed, careworn faces assumed a softer aspect, a"
tobacco,1900,0,1427,956,6.5919,True,rot ablibred ss tzar& h•rgraveep tobacco 31aniiplctory.
tobacco,1900,0,1427,957,6.5967,True,"...hton. for a refreshing summer drink, holgate's sarsaparilla. if suffering from sof chronio complaints try nature's herbal remedies, choice cigars and tobacco kept plated'. liolgate, 83, high street"
tobacco,1900,0,1427,958,6.5976,True,tobacco wa a. latent ilzdtrtrik m _ tee a u pull prim law and will 41.108110 itn up utrortid (710.4.1 sikoli doxds sold at worms! lui:pliss of book. ila inte...
tobacco,1900,0,1427,959,6.5992,True,tobacco up. the firm 6upplying the house .ith tobacco wrote notifying that the price would be raised by the operation of the budget. the new infirmary.-corne...
tobacco,1900,0,1427,963,6.6146,True,in praise of tobacgo. of all the frond things man has found &offered upon this planet round. tobacco rtrely holds around a weed cieliciou... no other green leaf yielcht so much delight: no bower has f
tobacco,1900,0,1427,968,6.6351,True,"fild established tobacco businiss3 for sale. good thoroughfare —96, waterloo rd.. widnes."
tobacco,1900,0,1427,970,6.637,True,"mrs. james___myers -- _ i lamb =warm& 148. old 0101012d4old. trudidar- didilvoidad. tobacco fist. ninsagint, st ationnb. and oanknal fancy d6aula. all daily pazabs taub &awn"
tobacco,1900,0,1427,971,6.64,True,"qmokis grady's disfiindish tobacco it does not kj burn the tongue."" sold everywhere in packets with coupon wholesale.—gßany, king st., wigan"
tobacco,1900,0,1427,972,6.6464,True,imuggler& many a pound of smuggled tobacco id cigars pass the lynx-eyed officens of his tajecty's customs undetected every day the variou.s fisliing ports on the scottish id english coasts. th...
tobacco,1900,0,1427,975,6.6626,True,"the examiner, saturday, march 4, 1905. tobacco smoke, compreezcti very dusty, untidy room—in which stood three young men. their faces were grave and serious, but kate could not forget that one of ..."
tobacco,1900,0,1427,984,6.7019,True,"blood or tobacco juice. sequel to a carouse. at the borough police court on sat urday the bench gave a patient hearing to a re ,1d which james davie,, et 339. frier-s..."
tobacco,1900,0,1427,986,6.7107,True,1121t•blished ni tears. hargraves' tobacco manitfactort. m. swan street. manchester. ar draiptlea 01 plain sad fancy toraooiiii cigars. cigarettes. sal warn= maashetand to on asa guyer. tees s...
tobacco,1900,0,1427,988,6.7117,True,"young tobacco thieves. at liverpool, on wednesday, three lads, named respectively robert moore, james birchall, and peter hayes, were charged with breaking and ent..."
tobacco,1900,0,1427,991,6.72,True,"land you, gala. established si years. liargraves' tobacco elncfactory. 44. swan street, manchester, all durriptioa of— plain dud fancy tobaccos. cigars, cigarettes. sad muffs. tolman& lionofactonol to"
tobacco,1900,0,1427,993,6.723,True,"gifts for ttle inmates. the master reported that miss jacob had sent tobacco for some of the men, and teacakes for some of the women. literature had heal sent by mr evans, skellbank mr oaten)* mr rudd"
tobacco,1900,0,1427,995,6.7278,True,lebtuilibmed u tear& h abgraves' tobacco l&a n lifactory. 44 swan street. manc-hester. all dercriptions et plain and fancy tobaccos. cigars. cigarettes. and snuffs. tobacco.. manufactured to...
tobacco,1900,0,1427,996,6.7294,True,"...teley bridge. boated of cardiass —the fortnightly meeting was held on saturday, mr. w. foster in the chair. it was decided that in future 2 ounces of tobacco per week should be provided for the 'hou"
tobacco,1900,0,1427,1001,6.7381,True,"parliament and the tobacco tax. de rougemont again. m. louis de rougemont is once more in the public eye, recalling five years more ago when he produced his startling series of..."
tobacco,1900,0,1427,1004,6.7447,True,the tobacco combine. lii the king's winch on nlititla. thorax. !onroc on for judgment in wh;cht igdens. ltd.. 1 tobacco manuf:o tin i 1-ss t iti to recover recou...
tobacco,1900,0,1427,1006,6.7519,True,"a choice cigarette. sudlow's special silk cut cigarettes guaranteed hand-made from pure virginian tobacco bd. per oz., 2s. 6d. per ilb. box. t. siidlow & co., cigar merchants, 15, winwick st., and 65,"
tobacco,1900,0,1427,1011,6.7733,True,boys and tobacco again. t read the following aomewhere—in a medieal i think method man determined to enquire into the effect that smoking has on young folks. with thi...
tobacco,1900,0,1427,1013,6.7828,True,"...ely woman. [by godfrey dean.] phyllis had been reading a book by an author who apparently, passes his time in distributing delica hnmour and aromatic tobacco smoke. she described it to me as lovely"
tobacco,1900,0,1427,1015,6.7869,True,"...ington police court, on saturday, john docherty and william henry phillips were charged on remand with stealing a quantity of cigarettes, cigars, and tobacco from th"
tobacco,1900,0,1427,1023,6.8143,True,"the tobacco war. in the king's benth division, london, on moo- thy, the lord coief janice gave judgment in the case of ogden s, limited r. neilson and teiford, t..."
tobacco,1900,0,1427,1025,6.8325,True,"1 _ _ _ ~ golden pelican, ,- • _ .. cool smoking tobacco to '3g obtained froni il. •'' t c el -,-, 1-1 el e n s it' x a mine r hij yton news. jo.aepii bes wick, no. 13611 one penny horse ni ark et st."
tobacco,1900,0,1427,1026,6.8394,True,"cool smoking tobacco to be obtained from joseph bes wick, rorsemarket st., warrington. wa rr ington savings bank butterbiarritt-street. established 1.818. open daily. bra..."
tobacco,1900,0,1427,1027,6.8401,True,"linaatern4o.m.2.ll""4lc vaeowr r. ji i intablisium 0 timm _.. •••••••••.1.1........*iha11011.11•111* tobacco t: rip= 000.. t d.rod ro m r e manufactory. t.a.••• la an.. mai 1 0 owls mtilwf. mancrinyzil"
tobacco,1900,0,1427,1032,6.862,True,budget and revenue. tobacco makes a record. the forty-fifth annual report of the com inissionor of customs los ban issued as a • blue book. it states that the gross ins penal °u...
tobacco,1900,0,1427,1034,6.8666,True,"embezzlement by a tobacco traveller. at liverpool, on satoriav, before mr. w. j. stewart, thos. henry o'rourke, a respec- tably-dressed young man, was charged with embezzling ..."
tobacco,1900,0,1427,1037,6.8724,True,"qmoki3 grady's dbinindkr tobacco it does not burn the tongue."" said ewervwheee in packets with coupon wholesele.--gradt, king it,, wigan m.airimony. capnain, large means ana pay. fam..."
tobacco,1900,0,1427,1043,6.8995,True,"...y woman. [by godfrey dean.] phyllis had been reading a book by an author who apparently,z.passes his time an distributing delica. hnmonr and aromatic tobacco smoke. she descr"
tobacco,1900,0,1427,1045,6.9043,True,"fild establithed tobacco businiiss for sale. good thorougbfare.-44. w.lterloo rd., whines."
tobacco,1900,0,1427,1046,6.908,True,"imperi_ll tobao:0 profits. the rop,rt oft be luipenal tobacco cempahy for the first year of its rai.stence up to october 31 last. to be /sniped alsortin lull, it is stated shoal profits far it ctooisi"
tobacco,1900,0,1427,1047,6.9097,True,"chronicles of windy arbour, by hiram homer. the spindle-maker .a.broad. part v. going through fire and water. the perils of tlie tobacco pipe. when billy bopeg and deasy parted company with pat finner"
tobacco,1900,0,1427,1049,6.9207,True,"cool smoking tobacco to '3e obtained froa joseph bes wick, horserarret st., warrington. tel. 370 y av arrington savings bank buttermarket-street. establisiied 1818. open ..."
tobacco,1900,0,1427,1051,6.9241,True,"smoke grady's diiforndbil tobacco it doe. not burn the tongue."" sold everywhere in packet. with coupon wholeeale.—gßady. ring bt., wigan"
tobacco,1900,0,1427,1052,6.931,True,"cool smoking tobacco to 3e obtained from joseph bes wick, horsesi ark et st., warrington. warrington savings bank • buttbrmarket-street. established 1818, open maly. 431u..."
tobacco,1900,0,1427,1054,6.9328,True,"cool smoking tobacco to '3e obtained from joseph bes wick, horsrmark et st., warrington. 4 llan line. —to canada, united states, zi. myer plate. and india. sailings from ..."
tobacco,1900,0,1427,1055,6.9364,True,"coffee. a cigar of the bast followed— tobacco is vendelltilly ealming—and then he took his way towards house on foot. at the moment he entered the hall it had but one occtraant, the due di sara- ..."
tobacco,1900,0,1427,1056,6.9401,True,"albin's stores, church st., blackpool. ebtlblisbzd iii years. hargraves' tobacco manufactory. 44 swan street. manchester. mi dterriptlona of plain d fancy nraccos. cigars. chia nrittes. sad uyps tabor"
tobacco,1900,0,1427,1058,6.9483,True,tobacco deafness. wyatt wingrave reports seventeen cases of deafness whieh he oonsiders to have been due to exoessive tobacee smoking. ile emphasises the fol...
tobacco,1900,0,1427,1062,6.962,True,"iminiiiioiiiiiiiiii.ii * 10 the spectacle have been supplied under the superintendence of a tobacco manu- facturer. the details have taken soms months to perfect, and entailed many visits from mr. mar"
tobacco,1900,0,1427,1064,6.9819,True,"blackpool. _ established 61 years. hargraves' tobacco manttfaopory. 44 swan arazwr, manchester. all dawriptiove ol plain wad fancy tobaccos. cigars, oigablites, and times lissfurree, snuffs. tolman= l"
tobacco,1900,0,1427,1068,6.9957,True,"cool smoking tobacco to 3e obtained from joseph bes wick, horsesiarket st., warrington. mhs• tubs. clarre will carry on the business of stationer and newsagent at thii ""e..."
tobacco,1900,0,1427,1070,7.0024,True,".... wairma. ..,•ekly or mootlb oust; nth co' orrotral—w 'ad to elwell waitoti icto.ctaa.""-- fa; aroltibold v. awe is big* stmt. —uusurisame wakrad. wa. tobacco tit cigar dcii. —741 deat"
tobacco,1900,0,1427,1072,7.0146,True,"...aver. a number of the weavers employed at the sefton mill. green-lane. have presented mr. richard worsrwick, one of their workmates, with a poach and tobacco on the occa- s"
tobacco,1900,0,1427,1074,7.0268,True,a splendod ifiehitar'° f- -4enin_ .1 ong-roams. century pottoiy established 0 tzars. labgraveep tobacco 3/.i:ctitactory. 44 swan street. manchester. all dosedstions of plain sod fancy tobacoos. cigars
tobacco,1900,0,1427,1075,7.0323,True,"...nd bennett ment and afternoon tea stall, mrs wright, miss jackson and mrs fryar, by; mrs grounds, misses birtles, • houghton, critchley, and birchall tobacco l?i'• mather, ass"
tobacco,1900,0,1427,1078,7.0507,True,"""x.l. mixture"" has by its excellence established a reputation of its own. sole maker and inventor: e 1) shaw,. tobacco specialist, railway st r eet, nelson."
tobacco,1900,0,1427,1079,7.0639,True,"binilltnl 1111w/laiied u mil i/amisavss. tobacco nummman it. wwi 1111111 t. acerza. pwi/441/"".2 wino lonol.t=l to (wm ni &mow hera id and fy lde advertisen friday. w. r a. gilbey. ltd., fos =olt 2) ..."
tobacco,1900,0,1427,1084,7.0895,True,"alleged tobacco frauds. at liverpool police court, on monday, arthur russell (50), of 61, mulgrave-street, manchester, and arthur russell (21), his son, were again c..."
tobacco,1900,0,1427,1093,7.118,True,...onclusion. but it seems to me that this experience carries us to a more general conclusion. the people who have given up drinking whiskey and smoking tobacco have not done so because they h
tobacco,1900,0,1427,1094,7.1211,True,"smore grady's dbfrndbr tobacco it does not burn the tongue."" sold everywhere in packets with coupon wholesale.—gßady, king at., wigan"
tobacco,1900,0,1427,1095,7.1231,True,"... durhams."" stockton and thornaby sir,—there is a movement on foot in england at this moment to send a christ- man present, oa:1819i ing of a pipe and tobacco and • plum puddivg, to all "
tobacco,1900,0,1427,1098,7.1255,True,"erin/ten given tat ail linde of worm mitabluihed 0 tele!). liabgraves' tobacco namifagtory. 44 swan btreet, manchesiel all dencrictionn of plain and tlct 1015.1=111. ciga.rii. ciaaarrry.s. and snuff& "
tobacco,1900,0,1427,1099,7.1292,True,"prisoner cutting tobacco. henry duff, beersdler and keeper of the model lodging-houve, gave evidenoe to the effect that bomber had lodged there several months. he sun the pri..."
tobacco,1900,0,1427,1101,7.1455,True,all hams & bacon our own curing. pranizierd s yris& hargraves' tobacco manopacrobt 41 owt grabler. maiidhzbi7.ii. lu beavenotwa• 41 plait( 444 faxcy 0. cigars. cioarditioo. 144:tril otior sea grew chr
tobacco,1900,0,1427,1104,7.1553,True,"weselslb peratei wit b ilb et tobacco by minus j. liceestalle, la sales the,e esestales, illithentaft re he lime dry wed set lail dein ter oft i. der claws aid cheery, eel is evidass here..."
tobacco,1900,0,1427,1105,7.1613,True,"old an 11 noun 4117 how= it cattle alivitor dead. aga 0.. tke 1111.m.4. lalasos awe 7dispam, promptly hateaard sa haborat-eb* tobacco 1111wi9lzzitarimm tithpotzdjkiira &tampa saink=a, o.le. wllma•"
tobacco,1900,0,1427,1107,7.1749,True,"the cost of the war. income tax increased by fourpence. beer, whisky, tea, & tobacco 'lo contribute. proposals at a glance, l'oqx.i.dituro .£129,217,000 .£149,442,000 1 fleit i £'20,225,000 l 17,770.0"
tobacco,1900,0,1427,1110,7.1947,True,"(.21mokr grady's drybrder tobacco it does not 13 burn the tongue."" sold everywhere in packets with coupon wholesale.—gludy. king it.. wigan"
tobacco,1900,0,1427,1111,7.1962,True,"irtisreltanons, en efpalts, ttr. q clock fuzz lb brass tobacco boxes, name engraved t../ 20.-1 commercial riad, bedlinog. 6 ll,iw to hypnotise or mesmerise, post free id stamp.— a. inotts. 20, dryden "
tobacco,1900,0,1427,1115,7.2091,True,"old ashfordians t. imperial tobacco co. played at prenton last saturday in an. weather. the old boys pia.,yed ten men throughout the game. the play during the first halt was very fast, ..."
tobacco,1900,0,1427,1116,7.2095,True,"""your husband seems to be a viebra tobacco habit."" ""no; 10 ths victim thoroughly enjoys it."" borrowing is & disease,"" said bigbee. in self- justification, and lending is tummy,"" mi-4.4 small, ..."
tobacco,1900,0,1427,1122,7.2333,True,"tobacco of satanic origin. one of melbourne's historic build- ings, bishop's-court, the official resi- dence of the anglican prelate, is about to be demolish..."
tobacco,1900,0,1427,1130,7.2629,True,"another tobacco deal. it is reported that j. and f. bell, limited, wholesale tobacco merchants, of gtasgow, have convened a special meeting of share- holders with a ..."
tobacco,1900,0,1427,1136,7.2749,True,"yoittii (respectable) to learn the tobacco and ow business, one leaving school _preferred. apply warbrick bros., 26, grange-road walt, bir- kenhead. 0c2.9"
tobacco,1900,0,1427,1137,7.2761,True,"...ieiioii96 mistget rep-nted that papera were sent by tile following :—rov e it tarback, chaplain mr a.abcroft, mrs l greeninc,r, mrs cook (latch(ord). tobacco was "
tobacco,1900,0,1427,1146,7.3083,True,"cool smoking tobacco to 3e obtained from joseph bes wick,"
tobacco,1900,0,1427,1148,7.3197,True,reduction op 2d. per pound tobacco in the workhouse. a blackburn discussion. the .tietribution of i..baceo and -null to of the blackburn workhome was th.. subj...or of ti at the board ...
tobacco,1900,0,1427,1153,7.3563,True,"0 g roses. should aphis attack the rose trees, syringe them overhead in the evening, after the sun has gone off, frith a *solution of water and tobacco inlet', in the proportion of four gal- ions of t"
tobacco,1900,0,1427,1157,7.3824,True,"th saturday, tobacco smoke, compreezco very dusty, untidy room—in which stood three young men. their faces were grave and serious, but kate could not forget that one of t..."
tobacco,1900,0,1427,1167,7.4135,True,h•roravics' tobacco illiiii7iuctoit. 411. swam stmt. majacksiitri. utit.lo4lll. tobotottlistemtod to gooa owl doom.
tobacco,1900,0,1427,1170,7.4227,True,"new tobacco trust. i negotiations are fictively proceeding for forming ar.other tombination of british and irish tobacco manufacturers. whether the ,scherne will..."
tobacco,1900,0,1427,1171,7.4516,True,"cool smoking tobacco to ?,e obtained from joseph bes wick, orse ali ket st., warrington. 12th may, 19c5."
tobacco,1900,0,1427,1172,7.452,True,"his customers by supplying them with the most fragrant tobaccos w hich can be ob- tained. mr. shaw is a patriot, and his bus- iness was established in 1881. try a box of his havanna cigars, and if the"
tobacco,1900,0,1427,1173,7.4565,True,"• m a auctioneer's sg adelaide street. inartactiam ,re sad sell 11110 k. time harrison. spring ladirlaads. established 63 years. hargraves' tobacco nanijfacrobt. 44 swan street. manchester. au descrip"
tobacco,1900,0,1427,1174,7.4583,True,"liitablishid a yel.36. h•lter•vii8. tobacco maniiiractort. 44. swan litexte7.-/jiille.sreß. au i.4wriptions of plain end fancx diptws. cigars, cigarettes. us, totaeces maaafartervel ia order, a..."
tobacco,1900,0,1427,1182,7.503,True,"cool smoking tobacco to 3e obtained from station/1. times of starting. •i's.rl.lbv. w rdneenay. bursday. of/ices, preston. '1:1-9-1-11114t; books and contribution cards f..."
tobacco,1900,0,1427,1184,7.5051,True,"-)*(- health. things to avoid in order to prolong life tobacco and alcohol; late suppers aad over- eating; sweemeats, candies, white bread; pork, all fat and salt meats, sausages, pork, veal, pickles,"
tobacco,1900,0,1427,1187,7.5208,True,"...ekly gazette recision between two bars of the fire- grate. ""this is tinned iron,"" he said; ""go along, i wasn't born yesterday."" he turned the ring of tobacco in his lank cheek. ""see here,"" "
tobacco,1900,0,1427,1189,7.5457,True,"xt olun tee r dinner and tobacco fund, list of subscriptions, 1601 february, 190. collected by councillor rogers warrington market tenants... 2 3 0 robert davies greenall, vitley & c..."
tobacco,1900,0,1427,1192,7.551,True,ntocls asol simms powihri mol rat savings pariiruzrz. awed anarirtelea accaluar •111 maim. mims saws:sort norm. iiffabiluisd u tim& h•101•viis tobacco 111411111710101 t. m. 1112121. nancy:mt& pitirall
tobacco,1900,0,1427,1193,7.5547,True,"cool smoking tobacco motice is hereby given, that the next .11 general quarter sessions of the peace for the county of chester will be held at the court house. knutsford,..."
tobacco,1900,0,1427,1195,7.5619,True,hargraves' tobacco waxiivactoit. m. swab stumm 111/icwistiol au .74 attaltwaili. pia: raja ili ilsaewtered le o. owl owns wa rowdier le laa. about the teeth. th. tar an...
tobacco,1900,0,1427,1196,7.5667,True,"how snuef was made. in those early dap; snuff was made by rub- bing a roll. or carotte, .4 tobacco upon a brass grater, with which all boxes were furnished. the herb was often deprived of its real vir"
tobacco,1900,0,1427,1198,7.5847,True,"johnnon road hand laundry. all lai= 001 cp st ilax il no inaculanwi om wl= a ar= =baba= tim& h a mira v-e r. tobacco ilajiiivactoit. 0/ swam 111/1117, awicimnia oarria&a/1.-""601110filialz teio••••• to"
tobacco,1900,0,1427,1199,7.586,True,"golden pelican, • moking ii l 4 cool s tobacco • • miner, to 3e obtained from joseph bes wick, hors 01 ark et st., warrington."
tobacco,1900,0,1427,1201,7.5998,True,"partnerships, businesses. ssouthport.—chip and fish business; rent £27; takings£7; fixtures, fittings and goodwill,£4s. southport.—company house and tobacco business large house, rent £4o fixtures, fi"
tobacco,1900,0,1427,1207,7.6247,True,... the papers that mr. hehno spoke after mr. robson and supported ids view. i am really sbrry 1 missed mr. holmes speech—but another minute of robson's tobacco stal
tobacco,1900,0,1427,1209,7.6313,True,"cool smoking tobacco to 3e obtained from joseph bes wick, horsemarket st., warrington. a llan line.—to canada, united states, ..71. river plate, and india. sailings from ..."
tobacco,1900,0,1427,1210,7.6314,True,".... an timpulramils2l"". %mom. 111111111.1111111 is ism lialtelatss' tobacco anwmmom 'krall4:l.""2 to omar re ours. orrice, xamcsawraw. in via ins/xxxlp varnierfixt livic feimot lam' pam b. goo. davos "
tobacco,1900,0,1427,1212,7.637,True,"a trapeoieisi's -quarrel john hall, tobacco dealer, of westfield- street, st. helens, was charged at the pres- cot police court on tuesday with assault- ing mather frederick, ice cream dealer, ..."
tobacco,1900,0,1427,1215,7.6451,True,"wholdiale and rail tobacco and cigabe'ffes and fancy tobaccos at '—io-cuiri-cliatißioig.- please give us a trial. note the addren: i. the bridge, rarazzam. ^^v.^,4olo.';"
tobacco,1900,0,1427,1218,7.6569,True,"cool smoking tobacco to 3e obtained from joseph bes wick, horsemarket st., warrington. ospital .i3nday, march 26th, 1905.- sermons will be preached and collections made a..."
tobacco,1900,0,1427,1219,7.6606,True,"""x.l. mixture"" has by its excellence established reputation of its own. sole maker and inventor: e shaw, tobacco specialist, railway st r eet, nelson. diaries, calendars, and almanacks, fob 1902. whis"
tobacco,1900,0,1427,1223,7.6759,True,"cool smoking tobacco to 3e obtained from joseph bes wick, horse n,i ark et st., warrington. llan line.--10 canada, united statii.b, itiver plate. and india. sailing-i fro..."
tobacco,1900,0,1427,1226,7.7209,True,"cool smoking tobacco to 3e obtained from joseph bes wick, horsem arket st., warrington, fiospital sunday, march 26th, 1905,— sermons will be preacbee and collections made..."
tobacco,1900,0,1427,1228,7.7349,True,"...amsbottom. presentation. —mr. james hayhurst, a weaver, who recently worked at union mill, stubbins, has been the reeigient of a timepiece, pipe, and tobacco from his fellow,workers. mr. hayhurst had"
tobacco,1900,0,1427,1231,7.7373,True,"tawny flans. do mit lor pot of with .ihaocithlo• good: daiwa ow having whoa pno aak kw. amp dillabay tosmack. t.. tobacco. wadi, reihr lancashirr aso yorkshire tobacco manotactubling co. lox, tilotill"
tobacco,1900,0,1427,1233,7.7451,True,tobacco war. the imperial doing well. the statutory meeting of the imperial totacoo company of grew if itair and ire- lard was held on wednesday at the canno...
tobacco,1900,0,1427,1236,7.7485,True,"only 3d. per oz. our new brand of fine virginia leaf is called key west tobacco. a very high clue tobacco for the drawing room, etc. only 4d. per or. stephenson dr martin, punch factory, hull. john wr"
tobacco,1900,0,1427,1238,7.7547,True,"cool smoking tobacco to se obtained from joseph bes wick, horsemarket st., warrington. ,;• • e, • • • • '4it 1).! wp„alfpver•:,*,-, acx- tiraw at 41, greenall st., wartti..."
tobacco,1900,0,1427,1239,7.78,True,"tobacco 11 sir jolla waltet reiej 11 smoking i in 1586 1217 introduced lime, the 0.. • u` t brma lup"
tobacco,1900,0,1427,1241,7.799,True,"sol. ammo 111 blackpool lim lk icus timm"" oil isom= swamis' of benzolin e. islifiiions $o it. lirlmlinaitd ii mail hargraves' tobacco iirwll7l.: u.r.ertltick.h.4lbl4thal ssionliss is 1 so•"
tobacco,1900,0,1427,1243,7.8078,True,"street. mdimie m. 1 ch 111wablimd u idard. hargraves' tobacco illnufactort, 44 swan rituilt, manchester. discair4tiace plaln_kn_d_ fanct ntaob, marl cliaazza. telreei4 maashistege4 (mist aril omer sw "
tobacco,1900,0,1427,1244,7.8083,True,"land fon sala, established 113 years. 11abgbaveiv tobacco lianufactory, 44 wan mem% manch:ewer. all dfooriptioo• of plain and fancy tobaoooo, cigars. cigareites, and 8n13178. tobsooco mfanufaotorad to"
tobacco,1900,0,1427,1246,7.8307,True,"...tation at thornaby. on saturday night mr matt. smith, of moresby, who returned a few weeks ago from south africa, was presented with a handsome pipe, tobacco pouch, cigar holder and "
tobacco,1900,0,1427,1249,7.8609,True,"**•••• a percon who smokes a cigar with the label band on is always a vulgarian (says • tobacco expert), a person who displays two inohes of ash adhering to a cigar is gener- ally ostentatious; • pers"
tobacco,1900,0,1427,1253,7.8836,True,brx):4iif.c7c _and _ lingdate. the workmen of boosbeck and lonodale have contributed slhs. of tobacco and 10t in money for distribution among the inmates of guisborough workhouse.
tobacco,1900,0,1427,1256,7.8975,True,istabliiired is tzar& hargraves' tobacco nanciactoot. 4. 11w•11101t. su/scam= /1. /slew itsseviliml is orior cleariss ind •avalba. is low. patist vrts.auseiro ip eft liillp to nsw priviit la...
tobacco,1900,0,1427,1257,7.9026,True,"""x.l. mixture"" has by its excellence established a reputation of its own. sole maker and na entor • el). shaw, tobacco specialist, rai lw ay street, ne ',son. smallpdx attacks those persons who are nu"
tobacco,1900,0,1427,1258,7.9093,True,"...ter those dis- bursements being entered in the books kept for inspection as the gross amounts. others were found situa- tions, or were established in tobacco an"
tobacco,1900,0,1427,1259,7.924,True,"kviiioal inwiesumiiiiiiii. ebtablitibld it years. hargraves' tobacco elnufactory. dd swan street. manchester. au dedcriatioad a/ plain dad parc' maw. cigars. cigarettes. dad ""yeladocad lisastdatared l"
tobacco,1900,0,1427,1263,7.9491,True,"embezzlement by a tobacco traveller. at liverpool, on satoriav, before mr. w. j. stewart, thos. henry o'rourke, a respec- tably-dressed young man, was charged with embezzling ..."
tobacco,1900,0,1427,1264,7.9566,True,"tobacco for ladysmith. the gallant defenders of ladysmith are not quite so cut off from the resources of civilisation as night be imagined. for instance, not..."
tobacco,1900,0,1427,1265,7.9578,True,"perasliiiiied in years. riruoilits, provision dicaliks, garoraveb' tobacco kj, .u.ia to imp.. th.lr aw • manufactory —am timid 44, swim mint manceizister worimiaiii3 pvrz till insolsoukut aciiints gil"
tobacco,1900,0,1427,1270,7.9697,True,"...gent.: here, my man, do you want a job? you can carry my bag for me. tired tim: oh, i'm too tired. ask the feller on the ground floor. sage: they say tobacco is bad for the memory. m"
tobacco,1900,0,1427,1271,7.9781,True,"""a fellah's a fellah when a fellah's turned sixteen.""—popuiar comic song. ran of sixteen (leaving tobacco shop): ""run away, little boys, and buy yourselves lollypope!"" [on monday, in the heuse of comm"
tobacco,1900,0,1427,1272,7.9811,True,the tobacco duel. british v. american manufacturers.
tobacco,1900,0,1427,1276,8.0029,True,111111.111.te6 op/1117 bar all kinds a wore. mstablished u yismul harg.ravbs' tobacco maniipactoily. 4t swan erairr. 111.noeciiiiteil domoriotiono cd pl.in sad tarot t. 0004 miles. cigareittia sad obo
tobacco,1900,0,1427,1278,8.0116,True,"...o& as ans am unmans or not' paper and inviloped oa= lsd 1:111.91:17 wimp al to blackpool herald optici, a. millet num nimbliiizied s tram 11•10 22222 tobacco mallrirmotory."
tobacco,1900,0,1427,1280,8.0206,True,"...er prise _— arrival of the belfast traiusseur company's herm. mr. thomas gallaher's views. lit oonvere.stion with mr. thomas gallaher (the celebrated tobacco manufac- turer, and chairman of "
tobacco,1900,0,1427,1283,8.0316,True,"illrußusaav se ram. habgraves' tobacco maniiimotosy, oa swan intl= ilanchesti.r. mi doorriptimis. plain sod wict taws, 1:710mle11t8. sad totrosis koralistenot to chato sad 0011/111,- 11111..."
tobacco,1900,0,1427,1284,8.0438,True,motor wagooncits calls 7nron• intablinled %vw/. h aroraves' tobacco mmiolic•oiit. iik..mstrisits.istratil4alp2 j...........ma5ecra omer awl orme a lovely face with bright eyes accompariad will a cmilk
tobacco,1900,0,1427,1285,8.0482,True,"1a \ aga -.llb •aksiserri, 1•1•iici no 4., fravati .1 hargia.7 nt mr? mb. ', mk nom sim ~-t-°°g. 'linos& • tobacco to color owl gamow osinzaz .2: at.'"" is 471; 741:4e fmiesers. wi as iim• lam/ • •161 "
tobacco,1900,0,1427,1288,8.0896,True,established timm ha ro ra v-1-8' tobacco map u factory._ 44. oriermilaclroarimsd paiicy tottrok jit=wrzl=7d i. o.llor owns. 1111.uvatiosa l. ths north 18011 mean saw milli and johisst worcs....
tobacco,1900,0,1427,1290,8.0976,True,"...ently with the raising of prices there is likely to be a falling off in employ- ment. this falling off is distinctly fore- shadowed by the closing of tobacco ac orks, breweries"
tobacco,1900,0,1427,1292,8.1028,True,"chapter xxiv. scuruisr. ""well,"" said the farmer, when the tea-thinge had been cleared away and he had handed a pipe and a tobacco pouch to mark, ,after filling his own briar, ""and how's the war and pr"
tobacco,1900,0,1427,1293,8.1043,True,"...ely woman. [by godfrey dean.] phyllis had been reading a book by an author who apparently,passes his time in distributing delica• humour and aromatic tobacco smoke. she describ"
tobacco,1900,0,1427,1294,8.1193,True,"cars for hire at reasonable charges. cars bent to an part of thz country. ticlepronz 69. tmaxirum:""autmail"" psubliseed 611 yakpli. hargraves' tobacco kanitfactort, 44 swan street, manchester. au dowar"
tobacco,1900,0,1427,1295,8.1242,True,...n awilbon: ofipaecialist iiitepam cavort maw. nnw= al= ratal 10. tialb-ilinsme ehish.m. 7:m =••••nroi aim wm% .1.1. rpm= mae 'num aucspool hargraves' tobacco yliiitfactiat. el.
tobacco,1900,0,1427,1296,8.1358,True,"'meet at skelton castle. ""they say tobacco is bad for the memory."" ""i don't believe it. i haven't been able to forget that cigar you gave me six months ago!"" miss youngun ""what kind of a man w..."
tobacco,1900,0,1427,1304,8.172,True,"sirmilibusd u tzars ha rg raves' tobacco m. rwasivininalvartga. ___ tivwmartii. se order wa •••••• ob.rwag"" .. e.7.4'1 ""'''sr' g..-. 11000&i.kikal. lanimoh scbool. lem ma lbw w...uormir ii....."
tobacco,1900,0,1427,1306,8.181,True,"p.lm akkii. 44.44 t• *is 64 .414.4."". 4""4.11244.i' wlicatts.:.. elm& mi. is r.l, a tea= h a rgra 1:m. tobacco 44 4,41:4 maxciscarix ptiaa.mead ref...."". yams, • omar. mg name ned fameelre .• leo. pers"
tobacco,1900,0,1427,1308,8.1977,True,"...t sad nat oisslot, al !opssos4dlins ia alar %ark( no trade sole assas ise 11•60.• lemalhe 111611• sad ciao. absel. us pt la teambeat si ha rgra v es' tobacco manotactort. in. swim ma"
tobacco,1900,0,1427,1311,8.2094,True,"...aph is to be found in a welsh churchyard, on an organ-blower:— underneath this stone lies meredith morgan, who blew the bellows for our church org.,n tobacco he hate"
tobacco,1900,0,1427,1313,8.2143,True,"100,030 sold in tim= months. li•bgraveb' tobacco kanuipactory. it swan stneet. manciipoteil all deverialle• a plain esa__panci 581a011. cigar& cigarzition, aaa onaiia=4anwaia=aa 4md ns% is th. abr. ..."
tobacco,1900,0,1427,1314,8.2694,True,"eve and iier hat. tobacco will induce a aboy to suffer sick ness and m.tilv strives; for gold, a man will risk he.alt-h and possible death: but millinery drags a woman down wi..."
tobacco,1900,0,1427,1315,8.2815,True,is tobacco smoking. injurious? ai? ii‘ownimommiiinli
tobacco,1900,0,1427,1316,8.2825,True,"...quarrels cause a ia ar r lace faillrl two notable divorce cases fill the columns of the american press on saturday. one relates to mr james duke, the tobacco king, who g"
tobacco,1900,0,1427,1320,8.3134,True,tobacco up. the firm 6upplying the house .ith tobacco wrote notifying that the price would be raised by the operation of the budget. the new infirmary.-corne...
tobacco,1900,0,1427,1322,8.3299,True,"...tside willing to back him up will undermine the loyalty of some weak-kneed officer, and sturgis, no doubt, had done so con- stantly. he was the chief tobacco mer- chant in the pris"
tobacco,1900,0,1427,1324,8.3415,True,"key west tobacco. a very high class tobacco for the drawing room &c. only 4d. per oz. stephenson & martin, punch factory, hull. north-eastern railway. local trains-ap..."
tobacco,1900,0,1427,1325,8.3468,True,"tobacco hidden in rocks. 'l.l,lore than a ion of contraband t'sobacco has been found ..at teignmouth, south devon. large quantities were discovered first; of..."
tobacco,1900,0,1427,1327,8.361,True,"cool smoking tobacco to be obtained from joseph bes wick, horse ni ark et st., warrington. coo ty borough of warrington.- privath sirrht works act, 1892. notice. to mr. w..."
tobacco,1900,0,1427,1330,8.417,True,"to ..grab the drlush trade, and almost succeeded in doing so by the purchase of several of our great tobacco manufacturing arms. the other firms, however, com- bined, and routed the americans in so fa"
tobacco,1900,0,1427,1331,8.4283,True,"tobacco magnate's fortune. the london ""evening standard.' says the total value of the estate, including re- version, left by the late sir frederick wills, a ..."
tobacco,1900,0,1427,1333,8.4564,True,"...prawt.a. apparel la ma mast* as beisit al the waal mama. km • ea. wilbell jampe braggart law wes. nosed an ilk* ha...natio& al maw, iffnai• tar salmi tobacco "
tobacco,1900,0,1427,1334,8.4564,True,"contents of our inside pages. page 2.—local agriculture. markets. foot- ball notes and new, cycling gossip. page 3.—th.e tobacco duel (interview with mr. w. liddell, lancaster). police news. settle. c"
tobacco,1900,0,1427,1336,8.4663,True,"...ver mountings. a very easy and simple method for cleaning silver mountings on pipes, etc., is as follows :—get a small piece of cloth, dip it in some tobacco ash, and rub it on the part to"
tobacco,1900,0,1427,1337,8.4732,True,"... heart distate, such as heart paiat, palpitatin, fainting spells, dizziness, shortness of breath, dropsy, oold bands or feet, throbbing mood vessels, tobacco"
tobacco,1900,0,1427,1339,8.4864,True,"... tramping labourer, wei charged with sleeping out in a loft at liverton. p.c. dalkiu said late on monday night he was coming past the loft, and smelt tobacco smoke. on g"
tobacco,1900,0,1427,1341,8.5028,True,in/itablumzu u tram hargra v es' tobacco lianu/actort. m.. owls imre?. lianonintzil •ii dooortolloo main ...a _wi cit tiiliccoii. cis* rol 1:710i1j. and ijii/o ammo ifamoortorad to orate wi ...
tobacco,1900,0,1427,1342,8.5094,True,"...of crocodile. the stomach of a recently-killed india crocodile gave up a half-digested calf, .* human skull,a silver bangle,some brass orna' ments, a tobacco box made of tin,a lime case,as nu"
tobacco,1900,0,1427,1346,8.6265,True,renausaza is tzars. hargraves' tobacco rawuracrosy evrairmszr. manc'azerza. an demenpties of plain tied parc! vocni. cigars. ciciajintimia sad tkasecon reastootored to oviar awl omar toola...
tobacco,1900,0,1427,1348,8.6406,True,"~.-12l.:111 m4l.l.b.ir.6•umlßm,aff istablzokid u tzar& hargrativ tobacco m.riramariattimerza. 70:1=811 pew ornor maim it lou ilipsoil talotiiia lllosso el no o•rompamittiot 2•4 to .111..m0 .211. 4lit."
tobacco,1900,0,1427,1349,8.6559,True,"hargraves' tobacco iluii77actoit. 14, mix mixt, majicimitil netrallin,ez"
tobacco,1900,0,1427,1350,8.6718,True,"... modcrn union man. in takes a labour paper, which he pays for in ad- vance; the only tailors' union have their label on his pants; he chews union tag tobacco and wears union label shoes; and"
tobacco,1900,0,1427,1353,8.7349,True,"hawser --- 0. oar .33;!.1 rrs. st u. t. majiiiiimul intabillied u tills& haii•iia • ii d • tobacco comb pats. ......iwzrolye.... i ullllll mum ,__. tc. pazonljexer lord maim ah. err so+ arere. oa. ..i"
tobacco,1900,0,1427,1355,8.7832,True,"440*.e. ogden's tobacco workers, to the number of about 7,030, will have a trip from liver. pool to blackpool tomorrow week. i hear that they are coming by steamboat, but am..."
tobacco,1900,0,1427,1360,8.7969,True,"atr..t_ea idtablimind • tzleil hargra v es' tobacco azvpawax resszicmi. mantamma. liiitmemzi""z ggi!z y. own. md ••••• =dm {_me, kad wit )606. or awl de•welt o_sa• arl marl* un. air ail"
tobacco,1900,0,1427,1363,8.8704,True,"(one week's supply.) cio3ie x nd l‘t for heart disease. if you have any indications of heart disease, such as palpitation. tobacco heart, shortness of breath, dizziness, fulness in the throat, dropsy,"
tobacco,1900,0,1427,1364,8.905,True,"death from syncope the birkenhead coroner, mx. cecil holden, held an inquiry yesterday relalive to the death of a tobacco spinner aged 58, wined william barran, which occurred sud- denly on monday aft"
tobacco,1900,0,1427,1367,8.9316,True,"...udden death."" illustrated book free. if you suffer from any of the symptoms of heart disease, such .as palpitation, shortness of breath, heart pairs, tobacco heart, dropsy, cold hands and feet, p"
tobacco,1900,0,1427,1368,8.9334,True,"mitic in the workrooms. some dine by mu.sic and like it., otlwns work by music and like that aiso. at the artlath tobacco company's factory in wor- ,,hip-street, where many- girts are empldyed, i the "
tobacco,1900,0,1427,1369,8.9427,True,"loain -umw • rd. s fowi 40 • spia i.ti• r 80 w ma: ow niubliiiikiid si tzars. hargraves' tobacco 11•117,loyony. el, ivan nwt. iluiceinitiel t4aaccoii. clollll3. cionarpti sr urn. tebbseas ilassfeetere"
tobacco,1900,0,1427,1370,8.9837,True,"by nil w. broadbut. by il t. 80111/4sl h•ror a v e 8 tobacco 4/, swaslivmmltazirra. owl tamr""ms .m.brasri le ovis mi owner a i. johns, auctioneer lonlarr. tarn folimals. tilde ie. tonse vasoza al roam"
tobacco,1900,0,1427,1372,8.9946,True,"...01111111116 ""1211nrwaillii'k ijll oldrum m: tm mid nommehl !wry k rea 11-laktra rit 3a4 41.:7 rj ri=tix...=.b...pianoil- maiiiiam soma 11•114111•viil tobacco iirasitglinffil"
tobacco,1900,0,1427,1373,8.9957,True,"•cililati itiii iu iforillia couplitilt imniii7iizd 11""±ritzt• i d dow i.°t 1=11.11r: 1113 lid wi umw= 1411111? iimpliuji1031) n tzar& 11•110batin8' tobacco 111•1411factoit. il swim mem. iliwciiimil i"
tobacco,1900,0,1427,1376,9.0367,True,"...rings, is. 3d. to 31. 6c1., co tume cloths, lc 3d. to 4s. 6d. per yard. any length ut; patterns free.—wright k co.. 014 hill, q mork grady's drybadhr tobacco it does not"
tobacco,1900,0,1427,1378,9.0871,True,"mwzgy denoriptics of u.ng &ma aity47o 1/1 prlntritais an tie n qaamt mir um& mier nostwood. xiitabliiiiiiid mi tbabs. habgbaves' tobacco mi4i77aomry, 44 swan viiismic manciemixisl au theaription• pt ."
tobacco,1900,0,1427,1382,9.1527,True,...yalme 'wire -- minos /wnw sal ilea me yawn. 00/0114 paiiitim. mums mom loid stiumitcbiemik umw. ptairt4l.4 i=leb= emolmia brilifiked u timm eiaworalv tobacco 44. pr4
tobacco,1900,0,1427,1383,9.1905,True,"intlblishzd 111 tram. eaboravbb' tobacco na n cpactory. 6( rwmriiiiiii-.lleaaaarza. .a. a plain sal gi tanct (ccon lioart cum.mirres, sad tabwr.44 neastmeandl. own 044rar bud esombas to"
tobacco,1900,0,1427,1384,9.2025,True,"nimilinizz. • ism hargraves' tobacco 11limotont. ihr swan imam manonizitiii. ati. prpablogrz ....1w111..m....1 0.a.,"
tobacco,1900,0,1427,1385,9.205,True,"chapter xxx. what the tree gave forth. in some places the scrub, consisting of flat- topped mimosa, red willows, and wild tobacco trees of a vivid green, ran back over a note or more •if ground slopin"
tobacco,1900,0,1427,1386,9.2264,True,"haag aaaaa • tobacco 111•aviaotomit. n iwa3 emit. 111•11c111:01111. ima.it""""is. via& ita10111""2 1,1•0••• 111••••rowl air. sollftwo. wawa. te low spanisii beauty bloom _ o..."
tobacco,1900,0,1427,1388,9.2763,True,"oxi en for heart disease micg.ir• • if you have any of the symptoms of heart die- ease, such as palpitation, tobacco heart, shortness of breath, skipping a beat, dizminess, fulness in he spots bt,feta"
tobacco,1900,0,1427,1389,9.2875,True,"...atal rioting in spain. another selions riot occurred on rrhurgday at the spanish town of linea de concepcion. a young spaniard was attempting to land tobacco on the western beach, when he was challen"
tobacco,1900,0,1427,1391,9.3271,True,"...lytham road south shore, 30 coronation street. and 2s ablvglion street, blackpool. iced and decorated cakes folt established si years. hargrave___.b' tobacco ilanivacrory, 44 swan "
tobacco,1900,0,1427,1392,9.3637,True,"...tow__ blackpool. london __,a newcawli on-tina. --- telopies•111•2111,1. so, 1114 mama no. mi omei wa undid el 11011. 1411wilishnd n 114418. abobaveb' tobacco"
tobacco,1900,0,1427,1394,9.4237,True,"...wlibit witnout tel package. ""always good alio."" price 1/6 to 3/8 per lb sold rx siacc-sool. st 48 • s•••. j. li• b' puts as 911110lasd. r a aboratib' tobacco ''' es sinaveims=erza. afigriitaknvia"
tobacco,1900,0,1427,1395,9.4678,True,"sickness and suicide. an inquest wa3. held on thursday by mr. e. gibson, the liverpool deputi• coroner, on the body of wm. caton, 32 years of age, tobacco factory labourer, of 27,cubbin- street, who c"
tobacco,1900,0,1427,1396,9.4726,True,"mit mum= u mal hazoiavis' tobacco u. palligatlaikailirli. itgalt6l""z glliggaikma le omar mrl omar"
tobacco,1900,0,1427,1398,9.4914,True,a smuggler shot. another serious riot has occurred at the spanish town of lines de concepcion. a young spaniard was attempting to land tobacco on the western beach when he was challenged by a corporal
tobacco,1900,0,1427,1405,9.7689,True,"call. and lufict lan''lis at tin blackpool herald °mci, la birlet ulm% naitablished ft twa& h•bor ave 8' tobacco maptuiictozt. swij tk&l. *aici7. riitrz.ta.r.thm%ma---..2 lia;;;;. lhomiseftw pim rbd s"
tobacco,1900,0,1427,1407,9.8368,True,"the following laconic pantgraph necurred in a report presented to stoke guardians on wednesday: —"" elizabeth brown, striking mary walton, tobacco stopped for a month."" ""it's worse thnn going to gaol f"
tobacco,1900,0,1427,1409,9.8836,True,"liitanilimixd si tzar& e/argrativ tobacco mmuimmwm 1. irwaxinest7 €42""68l1m. puezirmazz liamlisimi mir rd isms. bled mammals. 66 law i ladikg2iiii om,. c • ahab eumme ira =4 44"
tobacco,1900,0,1427,1411,9.9393,True,"an indipenoent tobaooo firm merin kinnear, limited, tobacco manufac- turers, of park-taae, liverpool, state that mr. w. 13, bowing ism become managing•direcnor, and will be sesieeed in the management "
tobacco,1900,0,1427,1412,9.9593,True,"interesting to soldiers' friends. we learn that mr. shaw, tobacconist, top locks, runcorn. h throughout the campaign in south africa' acted as a"" so!dier's friend,"" by supplying them with tobacco, alm"
tobacco,1900,0,1427,1415,10.1935,True,telnphonn no. 91. oimbliiiniid si years h argraves' tobacco itanufaotoily. u. owls wks= ilaiiciiilotzr. iii dooceptioa of piainajewiract nv4oii. ci ll oaa. cio foul zia=illookafootonoi io calla ara om
tobacco,1900,0,1427,1419,10.713,True,"h. houghton, wholiniaij and linil tobacco and croar dialer."
tobacco,1900,0,1427,1420,10.7199,True,"tr argra 8' tobacco li “. sw•atilreffesiorgb. wil/4.6).""`eurfearek riekraltvfect on 13 s.:=6.1101:1=1 id• orals ami"
tobacco,1900,0,1427,1421,13.5676,True,"... 0 it t s 1912. 1903. million l. l. ras; illatcrials slid art fries _ mainly illanufactured articles a-belly or mainly =du- i:term ed food, drink and tobacco"
tobacco,1900,0,1427,1424,20.6336,True,"the american war __ended: peace with honour. many of your readers wilt ne glad to know that the war between the american tobacco co. (purchasers of ogdens and co., liverpool), and the british imperial"
tobacco,1900,1,1421,4,4.8704,True,"the american war ended: peace with honour. many t 4 your readers wilt ne glad to know :that the war 'between the american tobacco co. (i,urehaier.l of ogdesis and co., liverpool), and i the british im"
tobacco,1900,1,1421,7,4.9494,True,"the tobacco 'trade combines. (to the editor of the ""lancaster standard."") read the article in the last issue of the ""standard,"" headed the tobacco duel."", and wa..."
tobacco,1900,1,1421,8,4.9726,True,the american tobacco monopolist. an interesting piece of history concerning the beginnings of the great american tobacco burineia which is now invading tlrs british trade...
tobacco,1900,1,1421,9,5.0301,True,"by appointment to the c.tc. 4040 american invasion of england. the american tobacco trust has by purchasing ogdens and co., liverpool, proclaimed war against the english tobacco manufacturers, and whi"
tobacco,1900,1,1421,10,5.1086,True,...f industrial poultry keepino. the american war ended: peace with honour. many of your readers will be glad to know that the war isitween the american tobacco co. (purchasers of ogdens 
tobacco,1900,1,1421,11,5.1102,True,"with honour. many of your readers win ne glad to know that the war between the american tobacco co. (purchasers of ogdens and co., liverpool), and the british imperial tobacco co., for the cap- ture o"
tobacco,1900,1,1421,12,5.1378,True,"per:i-ecuted smokers. mr josaph hatton says it is strange that america, which owes so much to the call- tivation of tobacco, should have been tho roost severe persecutor of the smoker. the magistrates"
tobacco,1900,1,1421,15,5.1533,True,"the american war bred peace with honour. many or your readers will be glad to know that the war between the american tobacco co. (purchasers of ogdens and co., liverpool) and the british imperial toba"
tobacco,1900,1,1421,16,5.1545,True,"the american war ended: peace with honour. many t 4 your readers wilt ne glad to know :that the war 'between the american tobacco co. (i,urehaier.l of ogdesis and co., liverpool), and i the british im"
tobacco,1900,1,1421,18,5.1764,True,...f industrial poultry keepino. the american war ended: peace with honour. many of your readers will be glad to know that the war isitween the american tobacco co. (purchasers of ogdens 
tobacco,1900,1,1421,20,5.1825,True,"the american war ended: peace with honour. many of your readers wit' oe glad :o know that the war between the american tobacco co. (purchasers of ogden& and co., liverpool), and the british imperial t"
tobacco,1900,1,1421,21,5.1917,True,"the story of tobacco. growth of the smoking habit the price of tobacco to the consumer on its tir,t introduction into this country stu (says • writ. i in good words"") abo..."
tobacco,1900,1,1421,23,5.1986,True,"the effect of tobacco. like all elements which have an effect upon the nerves, tobacco differs widely in its action upon different individuals, and no sweeping statements ..."
tobacco,1900,1,1421,30,5.2135,True,"1+•--• stripped tobacco. what is ""stripped' tobacco? mr. austen chamberlain used the term in his budget speech on tuesday night, but its meaning is not generally understood...."
tobacco,1900,1,1421,31,5.216,True,"the american war ended: peace wiih honour. many of your read, rs will be glad to know that the war between the american tobacco co. (purchasers of ogdens and co., liverpool), and the british imperial "
tobacco,1900,1,1421,32,5.2182,True,"the american war ended: peace wiih honour. many of your read, rs will be glad to know that the war between the american tobacco co. (purchasers of ogdens and co., liverpool), and the british imperial "
tobacco,1900,1,1421,33,5.2217,True,"the tobacco trade war. all manufacturers of tobacco, importers, and leading members of the trade, irrespec- tive of trusts, combines, or companies, have been inv..."
tobacco,1900,1,1421,35,5.2272,True,"the american war ended: peace with mohr. many of your readers will be glad to know that the war between the american tobacco co. (purchasers of ogdens and co., liverpool) and the british imperial toba"
tobacco,1900,1,1421,36,5.2403,True,"the american war duo peace with honour. many of your readers will tie glad to know that the war between the american tobacco co. (purchasers of ogdens and co., liverpool), and the british imperial tob"
tobacco,1900,1,1421,37,5.2406,True,"the american war ended: peace with honour. many of your readers wit' oe glad :o know that the war between the american tobacco co. (purchasers of ogden& and co., liverpool), and the british imperial t"
tobacco,1900,1,1421,38,5.2466,True,"the pltiviase of leaf tuba cco, important scheme. _ the anuctinceinera niide public on thuikiev that the imperial tobacco company had determined to in future purchase its leaf tobacco direct from amer"
tobacco,1900,1,1421,39,5.2489,True,"the american war ended: peace: with honour. many of your readers will ne glad to know that the war between the american tobacco co. (purchasers of ogdens and co., liverpool), and the british imperial "
tobacco,1900,1,1421,41,5.252,True,"the amoincan war ended: peace: with honour. ilmf-i many of your readers will ne glad to know that the war between the american tobacco co. (purchasers of ogdens and co., liverpool), and the british im"
tobacco,1900,1,1421,42,5.2557,True,"oil of tobacco. some interesting investigations have beck published by the analysis of the government laboratory with respect to what is known as the ""oil of tobacc..."
tobacco,1900,1,1421,44,5.2624,True,"the american war ehded: peace: with honour. many of your readers will oe glad to know that the war between the american tobacco co. (purchasers of ogdens and co., liverpool), and the british imperial "
tobacco,1900,1,1421,45,5.2661,True,tobacco to go up. the trade journal f the tobacco trade—to. hacco—fra mesa strong indictment of the amer- ican agricultural bureau. it states that this branc...
tobacco,1900,1,1421,46,5.27,True,"the american war ended; peace; with honour. many of your readers wilt be glad to know that the war between the american tobacco co. (purchasers of ogdens and co., liverpool), and the british imperial "
tobacco,1900,1,1421,47,5.2701,True,"the pltiviase of leaf tuba cco, important scheme. _ the anuctinceinera niide public on thuikiev that the imperial tobacco company had determined to in future purchase its leaf tobacco direct from amer"
tobacco,1900,1,1421,49,5.2709,True,"the amoincan war ended: peace: with honour. ilmf-i many of your readers will ne glad to know that the war between the american tobacco co. (purchasers of ogdens and co., liverpool), and the british im"
tobacco,1900,1,1421,51,5.2896,True,"the american war ended: peace with honour. many of your readers will ne glad io know that the war between the american tobacco co. (purchasers of ogdens and co., liverpool), and the british imperial t"
tobacco,1900,1,1421,52,5.2912,True,"australian tobacco. our colonies are not only assisting the mother country with thousands of mounted troops for the prosecution of the boer war, in order to bring it to..."
tobacco,1900,1,1421,53,5.3031,True,"australian tobacco. our colonies are not only assisting the mother country with thousands of mounted troops for the prosecution of the boer war, in order to bring it to..."
tobacco,1900,1,1421,54,5.3046,True,"the american war ended peace with honour. many of your readers will ne glad ""..o know that the war between the american tobacco co. (purchasers of ogden% and co., liverpool), and the british imperial "
tobacco,1900,1,1421,60,5.3265,True,tobacco and trusts. it almost looks ibi if we smokers are going to have a fine time of it in the near future. this is owing to the coining of thy american to...
tobacco,1900,1,1421,61,5.3344,True,"australian tobacco. our colonies are not only assisting the mother country with thousands of mounted troops for the prosecution of the boer war, in order to bring it to..."
tobacco,1900,1,1421,64,5.3434,True,"the american war __ended: peace with honour. many of your readers wilt ne glad to know that the war between the american tobacco co. (purchasers of ogdens and co., liverpool), and the british imperial"
tobacco,1900,1,1421,67,5.3527,True,"the american war ehded: peace with honour. many of your readers wilt ne glad to know that the war 'between the american tobacco co. (purchasers of ogdens and co., liverpool), and the british imperial "
tobacco,1900,1,1421,69,5.3533,True,"the american war ended: peace wi 1 h honour. milli many of your readers nm de glad to know that the war between the american tobacco co. (purchasers of ogdens and co., liverpool), and the british impe"
tobacco,1900,1,1421,71,5.3572,True,"a subtle and fragrant smoke. for some time past there has been great talk about tobacco combines, and this week a new .company has been floated with a capital of fifteen million pounds. in order to co"
tobacco,1900,1,1421,72,5.3579,True,"the pltiviase of leaf tuba cco, important scheme. _ the anuctinceinera niide public on thuikiev that the imperial tobacco company had determined to in future purchase its leaf tobacco direct from amer"
tobacco,1900,1,1421,73,5.3607,True,"the american war ended: peace wi 1 h honour. milli many of your readers nm de glad to know that the war between the american tobacco co. (purchasers of ogdens and co., liverpool), and the british impe"
tobacco,1900,1,1421,75,5.3655,True,"the american war ended: peace: with honour. many of your readers will de glad to know that the war between the american tobacco co. (purchasers of ogdens and co., liverpool), and the british imperial "
tobacco,1900,1,1421,77,5.3761,True,"of l of tobacco. some interesting investigations have been publialied by the analysis of the government laboratory with respect to what is known as the ""oil of tobac..."
tobacco,1900,1,1421,78,5.3777,True,"by appointment to the c.tc. 4040 american invasion of england. the american tobacco trust has by purchasing ogdens and co., liverpool, proclaimed war against the english tobacco manufacturers, and whi"
tobacco,1900,1,1421,80,5.3865,True,"by api-ointment to tiie c.tc. 4040 american invasion of england. the american tobacco trust has by purchasing ogdens and co., liverpool, proclaimed war against the el tobacco manufacturers, and which,"
tobacco,1900,1,1421,83,5.3955,True,"put that in your pipe! the incidence of the tobacco tax falls with dis- proportionate heavinans upon the working-01.6e5. the duty on the poor man's shag, at 3d. per ounce, in 20., or 500 per eent, upo"
tobacco,1900,1,1421,84,5.3998,True,"australian tobacco. our colonies are not only assisting the mother country with thousands of mounted troops for the prosecution of the boer war, in order to bring it to..."
tobacco,1900,1,1421,85,5.4007,True,"australian tobacco. our colonies are not only assisting the mother country with thousands of mounted troops for the prosecution of the boer war, in order to bring it to..."
tobacco,1900,1,1421,86,5.4126,True,"the fragrant weed. in his celebrated ""counterblast to tobacco,' in king james i. described its use as ""acustoe loat- some to the eye, hateful to the nose, harmful to the ""amine, dangerous to the lungs"
tobacco,1900,1,1421,87,5.42,True,"tobacco and alcohol. this is a subject which i have been leoturing on, and writing about, for many years, and i have the whole conconsus of medical opinion t..."
tobacco,1900,1,1421,89,5.4227,True,"australian tobacco. our colonies are not only assisting the mother country with thousands of mounted troops for the prosecution of the boer war, in order to bring it to..."
tobacco,1900,1,1421,90,5.4235,True,"the american war ended peace with honour. many of your readers will ne glad to know that the war between the american tobacco co. (purchasers of ogdens and co., liverpool), and the british imperial to"
tobacco,1900,1,1421,91,5.4289,True,"the american war ended peace with honour. many of your readers will be glad to know that the war between the american tobacco co. (purchasers of ogdens and co., liverpool), and the british imperial to"
tobacco,1900,1,1421,94,5.4509,True,"whitefriari american invasion of england. the american tobacco trust has by purchasing owens and co., liverpool, proclaimed war against the english tobacco manufacturers, and whioh, if victorious, wil"
tobacco,1900,1,1421,95,5.4531,True,"tobacco-heart in boys. here is a curious but somewhat instruc- tive coineidevoe. i met some lads of about fourteen to fifteen yoar.! of age the other day, ea..."
tobacco,1900,1,1421,98,5.4745,True,tobacco and lung disease. the 6teternent that tobacco prevents lung disease seems to be true to a certain extent. it is clear that tobacco and tobacco smoke ...
tobacco,1900,1,1421,99,5.4884,True,what a lancaster retailer thinks about it. there are twenty-eve tueu in luglaud to-day who control the destinies of the retail tobacco trade ot the united kingdom. our ot them is in lancaster. he is m
tobacco,1900,1,1421,100,5.4928,True,what a lancaster retailer thinks about it. there are twenty-eve tueu in luglaud to-day who control the destinies of the retail tobacco trade ot the united kingdom. our ot them is in lancaster. he is m
tobacco,1900,1,1421,101,5.4932,True,"oil of tobacco. some interesting investigations have beck published by the analysis of the government laboratory with respect to what is known as the ""oil of tobacc..."
tobacco,1900,1,1421,102,5.4949,True,"by appointment to the c.tc. 4040 american invasion of england. the american tobacco trust has by purchasing ogdens and co., liverpool, proclaimed war against the english tobacco manufacturers, and whi"
tobacco,1900,1,1421,103,5.517,True,"put that in your pipe! the incidence of the tobacco tax falls with dis- proportionate heavinans upon the working-01.6e5. the duty on the poor man's shag, at 3d. per ounce, in 20., or 500 per eent, upo"
tobacco,1900,1,1421,104,5.5239,True,"a natural barometer. i am no rabid anti-tobacconist, any more than i am against the use of alcohol in modem- tion, but there is one thing that every thinking medical man in britain believes, becaus..."
tobacco,1900,1,1421,105,5.5254,True,"tobacco ant) tariffs. mr. ti. l. penton, of cardiff, has addressed it letter to mr. i). a. thomas, the liberal -..11.1`. for merthyr tydfil. on the shore sub..."
tobacco,1900,1,1421,106,5.527,True,"tobacco ant) tariffs. mr. ti. l. penton, of cardiff, has addressed it letter to mr. i). a. thomas, the liberal -..11.1`. for merthyr tydfil. on the shore sub..."
tobacco,1900,1,1421,108,5.5356,True,"the cigarette. probably few smokers of egyptian cigarettes i trouble themselves greatly where the tobacco they enjoy mille:4 from, and if asked would as. iat cr, •• egypt. of course.- asamatter of fac"
tobacco,1900,1,1421,111,5.5418,True,"australian tobacco. our colonies are not only assisting the mother country with thousands of mounted troops for the prosecution of the boer war, in order to bring it to..."
tobacco,1900,1,1421,113,5.5458,True,"the popular british cigar. the consumption of tobacco per head in mitt country has doubled in fifty pwrs. lp 1841 it was 13ios.; in 1851. 111, olos.; and in the year ended march 310 last. 285. ojoz. p"
tobacco,1900,1,1421,115,5.5674,True,"tobacco ant) tariffs. mr. ti. l. penton, of cardiff, has addressed it letter to mr. i). a. thomas, the liberal -..11.1`. for merthyr tydfil. on the shore sub..."
tobacco,1900,1,1421,117,5.5676,True,"tobacco ant) tariffs. mr. ti. l. penton, of cardiff, has addressed it letter to mr. i). a. thomas, the liberal -..11.1`. for merthyr tydfil. on the shore sub..."
tobacco,1900,1,1421,118,5.5688,True,"... .... w.""—the following table in, i believe, a correct one, showing the present day taxa- tion:— a. d. coma coffee currant* raisins • ool „ sugar tee tobacco"
tobacco,1900,1,1421,119,5.5783,True,tobacco and lung disease. the 6teternent that tobacco prevents lung disease seems to be true to a certain extent. it is clear that tobacco and tobacco smoke ...
tobacco,1900,1,1421,123,5.5853,True,"*** * * * holland is the greatest country for smok- en the dutch people average 7 lb. of tobacco per head per year. britain is a lang way down in the scale, as we only mnoke 1.34 lbs. per head every y"
tobacco,1900,1,1421,124,5.588,True,"proposal to tax tobacco in france. a ""standard"" telegram says:—ln view of the deficit in the french bud,get a proposal which is causing great dissatisfaction in the north of..."
tobacco,1900,1,1421,126,5.5916,True,tobacco and lung disease. the 6teternent that tobacco prevents lung disease seems to be true to a certain extent. it is clear that tobacco and tobacco smoke ...
tobacco,1900,1,1421,127,5.6007,True,"by api-ointment to tiie c.tc. 4040 american invasion of england. the american tobacco trust has by purchasing ogdens and co., liverpool, proclaimed war against the el tobacco manufacturers, and which,"
tobacco,1900,1,1421,128,5.6138,True,"australian tobacco. our colonies are not only assisting the mother country with thousands of mounted troops for the prosecution of the boer war, in order to bring it to..."
tobacco,1900,1,1421,129,5.6143,True,"of l of tobacco. some interesting investigations have been publialied by the analysis of the government laboratory with respect to what is known as the ""oil of tobac..."
tobacco,1900,1,1421,130,5.6146,True,"a natural barometer. i am no rabid anti-tobacconist, any more than i am against the use of alcohol in modem- tion, but there is one thing that every thinking medical man in britain believes, becaus..."
tobacco,1900,1,1421,131,5.6147,True,"""taking tobacco"" in the time of elizabeth. the correct ""drinking of tobacco,"" as smok- ing was termed by our elizabethan ancestors, was regardea as an art, the prime..."
tobacco,1900,1,1421,132,5.6154,True,"american invasion of england. the american tobacco trust has by purchasing ogdens and co., liverpool, proclaimed war against the english tobacco manufaoturers, and which, if victorious, will prove dis"
tobacco,1900,1,1421,133,5.6177,True,tobacco and lung disease. the statement that tobacco prevents lung disease seems to be true to a certain extent. it is clear that tobacco and tobacco smoke a...
tobacco,1900,1,1421,134,5.6191,True,"australian tobacco. our colonies are not only assisting the mother country with thousands of mounted troops for the prosecution of the boer war, in order to bring it to..."
tobacco,1900,1,1421,136,5.6307,True,"british exhibition. a mile.long cigarette- a machine that turns out 100,000 perfectly made cigarettes a day, collecting the tobacco at one end, shredding it, removing the dust, rounding it in the form"
tobacco,1900,1,1421,137,5.6329,True,"imawnimiiinawiommiammiioi whitaker's, the brewery, halifax. views. s a conscientious protest against the iniquities of the new tobacco tax quite a number of halifax people have changed their smok- ing"
tobacco,1900,1,1421,138,5.6385,True,"the tobacco war. a mass meeting of representatives of the retail tobacco trade of the united kindgdom was held in london on wed- nesday, mr. gallagher presiding,..."
tobacco,1900,1,1421,140,5.6426,True,warrington tobacconists and the trade crisis. proposed combination. a meeting in connection with the warrington and district tobacconists' association was held on thurs...
tobacco,1900,1,1421,142,5.6473,True,the proposed tobacconists' alliance. a special and well-attended meeting of the birmingham tobacconists' association was held on tuesday to consider the scheme adopted at...
tobacco,1900,1,1421,145,5.654,True,"with honour. many of your readers win ne glad to know that the war between the american tobacco co. (purchasers of ogdens and co., liverpool), and the british imperial tobacco co., for the cap- ture o"
tobacco,1900,1,1421,147,5.661,True,british tobacco combine. a defensive movement. the press association understands on the highest authority that a considerable number of the principal british tobacco...
tobacco,1900,1,1421,150,5.6735,True,tobacco as a preventive. the. vittues of tobacco ss a disinfectant— not only in the greenhouse but as a preven- tive against infections diseases—are not a re...
tobacco,1900,1,1421,151,5.6799,True,the american tobacco monopolist. an interesting piece of history concerning the beginnings of the great american tobacco burineia which is now invading tlrs british trade...
tobacco,1900,1,1421,152,5.68,True,warrington to3aooonisis and the trade crisis. proposed combination. a meeting in connection with the warrington and district tobacconists' association was held on thursday last week. mr. joseph beswic
tobacco,1900,1,1421,160,5.7118,True,tobacco and lung disease. the statement that tobacco prevents lung disease eeeme to be true to a certain extent. it is clear that tobacco and tobacco smoke a...
tobacco,1900,1,1421,161,5.7204,True,"by appointment to the c.tc. 4040 american invasion of england. the american tobacco trust has by purchasing ogdens and co., liverpool, proclaimed war against the english tobacco manufacturers, and whi"
tobacco,1900,1,1421,163,5.7258,True,tobacco grown under tents. white cheesecloth tents of an enormous size will rise next spring all over the tobacco dis- trict of connecticut. causing the quit...
tobacco,1900,1,1421,164,5.7268,True,"to appease hunger. the sailors of elizabeth. tilt- first english smokers, took tobacco to appease their hunger and relieve the privations of their exploration of the new world. hut the remedy hreame t"
tobacco,1900,1,1421,165,5.7283,True,matters of moment. a provincial letter. latest inquiries among wholesale and retail tobacco traders show there had been an antici- pation that the imperial company will give all that the tobacconists'
tobacco,1900,1,1421,168,5.7301,True,warrington tobacconisis and the trade crisis. proposed combination. a meeting in connection with the warrington and district tobacconists' association was held on thurs...
tobacco,1900,1,1421,169,5.7302,True,matters of moment. a provincial letter. latest inquiries among wholesale and retail tobacco traders show there had been an antici- pation that the imperial company will give all that the tobacconists'
tobacco,1900,1,1421,170,5.7314,True,... directolre corsets allansons allansons corset specialists corset specialists birkenhead. birkenhead. faoturer had to pay if he tried to send smoking tobacco into this country. they 
tobacco,1900,1,1421,171,5.7345,True,tobacco and lung disease. the statement that tobacco prevents lung disease eeeme to be true to a certain extent. it is clear that tobacco and tobacco smoke a...
tobacco,1900,1,1421,172,5.7371,True,"... .... w.""—the following table in, i believe, a correct one, showing the present day taxa- tion:— a. d. coma coffee currant* raisins • ool „ sugar tee tobacco"
tobacco,1900,1,1421,173,5.7431,True,"can kangaroo"" be obiaineo in england? unsolicited testimonials from an unknown gentle- -i:uaii in london, who is a smoker of high-class tobaccos and an expert on the quality of such. he i wrote to a f"
tobacco,1900,1,1421,174,5.7593,True,"the american war ended: peace with mohr. many of your readers will be glad to know that the war between the american tobacco co. (purchasers of ogdens and co., liverpool) and the british imperial toba"
tobacco,1900,1,1421,175,5.7628,True,"australian tobacco. our colonies are not only assisting the mother country with thousands of mounted troops for the prosecution of the boer war, in order to bring it to..."
tobacco,1900,1,1421,177,5.7726,True,matters of moment. a provincial letter. latest inquiries among wholesale and retail tobacco traders show there had been an antici- pation that the imperial company will give all that the tobacconists'
tobacco,1900,1,1421,178,5.7742,True,"train up a child. william edward owen, aged 17, was charged at the liverpool police court, on satuiday, with stealing tobacco from his employets, the richmond cavendish company, limited, and the fathe"
tobacco,1900,1,1421,179,5.7855,True,"the american war ended peace with honour. many of your readers will be glad to know that the war between the american tobacco co. (purchasers of ogdens and co., liverpool), and the british imperial to"
tobacco,1900,1,1421,181,5.7873,True,matters of moment. a provincial letter. latest inquiries among wholesale and retail tobacco traders show there had been an antici- pation that the imperial company will give all that the tobacconists'
tobacco,1900,1,1421,182,5.7886,True,"parliament and the tobacco tax matters in the house of commons during the past week were unexpeciedly lively in connection with the discussion on. the budget resolution, and wh..."
tobacco,1900,1,1421,183,5.7901,True,"the american war bred peace with honour. many or your readers will be glad to know that the war between the american tobacco co. (purchasers of ogdens and co., liverpool) and the british imperial toba"
tobacco,1900,1,1421,184,5.7996,True,"... action. on monday ogden's will issue to the re milers a circular from their boundary- line • factory, liverpool, in which they state:— ""the imperial tobacco compan"
tobacco,1900,1,1421,187,5.8089,True,"australian tobacco. our colonies are not only assisting the mother country with thousands of mounted troops for the prosecution of the boer war, in order to bring it to..."
tobacco,1900,1,1421,189,5.8153,True,"for tobacco. the peculiar aroma which issued from the pipe of a member of a company, of which i was one, .promptod me to ask the smoker what kind of tobacco he w..."
tobacco,1900,1,1421,190,5.8181,True,matters of moment. a provincial letter. latest inquiries among wholesale and retail tobacco traders show there had been an antici- pation that the imperial company will give • all that the tobacconist
tobacco,1900,1,1421,191,5.8337,True,"by api-ointment to tiie c.tc. 4040 american invasion of england. the american tobacco trust has by purchasing ogdens and co., liverpool, proclaimed war against the el tobacco manufacturers, and which,"
tobacco,1900,1,1421,192,5.8345,True,"gvateful—comforting. cocoa is tobacco smoking injuriojs this is a question frequently asked, and the answer sometimes given hy persons who never have smoked or do not understand the pleas..."
tobacco,1900,1,1421,193,5.835,True,"tobacco as disinfectant. the smoke forms a powerful antisemic. the ""lancet"" has been making wow 431.- periments to test the truth of the popular belief that ..."
tobacco,1900,1,1421,195,5.8377,True,"...ilinit• do:i sleep, do i dream, or is wisions about?"" --bret harte. tub tcconists. man's best friend, says my revised version of a stale song, is his tobacconist. if there is any living crea"
tobacco,1900,1,1421,196,5.8405,True,tobacco and lung disease. the statement that tobacco prevents lung disease seems to be true to a certain extent. it is clear that tobacco and tobacco smoke a...
tobacco,1900,1,1421,197,5.8425,True,tobacco and lung disease. the statement that tobacco prevents lung disease eeeme to be true to a certain extent. it is clear that tobacco and tobacco smoke a...
tobacco,1900,1,1421,199,5.844,True,"ministers and the use of tobacco. a freedom in the use of tobacco has long been en- joyed by the clergy in england, but in america it has been different. there, at any rate, until re..."
tobacco,1900,1,1421,200,5.8451,True,"tobacco blindness. tobacco blindnes is a malady, ot which much has been beard of late years. but it is a consolation to know that it eis nearly always be cur..."
tobacco,1900,1,1421,201,5.8461,True,"parliament and the tobacco tax. matters in the house of commons during the past week were unexpectedly lively in connection with the discussion on the budget resolution, and wh..."
tobacco,1900,1,1421,203,5.8481,True,tobacco to go up. the trade journal f the tobacco trade—to. hacco—fra mesa strong indictment of the amer- ican agricultural bureau. it states that this branc...
tobacco,1900,1,1421,204,5.8493,True,"parliament and the tobacco tax. matters in the house of commons during the past week were unexpectedly lively in connection with the discussion on the budget resolution, and wh..."
tobacco,1900,1,1421,205,5.851,True,"by api-ointment to tiie c.tc. 4040 american invasion of england. the american tobacco trust has by purchasing ogdens and co., liverpool, proclaimed war against the el tobacco manufacturers, and which,"
tobacco,1900,1,1421,206,5.8517,True,"the american war ended: peace: with honour. many of your readers will de glad to know that the war between the american tobacco co. (purchasers of ogdens and co., liverpool), and the british imperial "
tobacco,1900,1,1421,207,5.852,True,"the american war duo peace with honour. many of your readers will tie glad to know that the war between the american tobacco co. (purchasers of ogdens and co., liverpool), and the british imperial tob"
tobacco,1900,1,1421,208,5.8526,True,matters of moment. a provincial letter. latest inquiries among wholesale and retail tobacco traders show there had been an antici- pation that the imperial company will give • all that the tobacconist
tobacco,1900,1,1421,209,5.8542,True,"national mass meeting to be lield. a liverpool lel, gram says messrs ogden !have received a very large number of letters from traders and dealers in tobacco express- ins entire approval of the terms o"
tobacco,1900,1,1421,211,5.8577,True,"the american war ended: peace: with honour. many of your readers will ne glad to know that the war between the american tobacco co. (purchasers of ogdens and co., liverpool), and the british imperial "
tobacco,1900,1,1421,212,5.8643,True,"tobacco-growing and crime. the royal prohibitions clearly show that nhilst, generally, tobacco is regarded as an essentially tropical product, it has been su..."
tobacco,1900,1,1421,213,5.8646,True,"the american war ended: peace with honour. many of your readers will ne glad io know that the war between the american tobacco co. (purchasers of ogdens and co., liverpool), and the british imperial t"
tobacco,1900,1,1421,214,5.8658,True,"the shah's genial habit. it is, however, open to much doubt whether there will be an ounce of tobacco less smoked. tobacco-smoking continued despite the hatred of james 1., who prohibited the cultivat"
tobacco,1900,1,1421,215,5.8682,True,"tobacco as germ- destroyer. the popular idea that tobacco- smoking is a safeguard against infeo- tion finds support in an interesting. article, ""of the use a..."
tobacco,1900,1,1421,216,5.8694,True,tobacco and trusts. it almost looks ibi if we smokers are going to have a fine time of it in the near future. this is owing to the coining of thy american to...
tobacco,1900,1,1421,217,5.8787,True,matters of moment. a provincial letter. latest inquiries among wholesale and retail tobacco traders show there had been an antici- pation that the imperial company will give • all that the tobacconist
tobacco,1900,1,1421,218,5.8788,True,"a nation of smokers. britain best market in the world for tobacco. in the course of a report to the. washing. ton bureau of manufactures, mr d. w. williams, the united states consul at car- diff, says"
tobacco,1900,1,1421,219,5.8828,True,"o• jun 6,192 e. tasted in this manlier, the statement may safe,ly be made that among those strong and yigolvuu men who have used tobacco habitually and con- stantly for many yeans without apparent inj"
tobacco,1900,1,1421,220,5.8871,True,"tobacco-growing and crime. the royal prohibitions clearly show that nhilst, generally, tobacco is regarded as an essentially tropical product, it has been su..."
tobacco,1900,1,1421,221,5.8875,True,"mr. austen cha3i- summer bbrlain's studies of aianceuvres. his new tobacco duty have induced him to offer a rebate to the importers of stripped leaf, threatened with serious loss by the budget. the re"
tobacco,1900,1,1421,222,5.8923,True,"... action. on monday ogden's will issue to the re milers a circular from their boundary- line • factory, liverpool, in which they state:— ""the imperial tobacco compan"
tobacco,1900,1,1421,224,5.8959,True,"...ilinit• do:i sleep, do i dream, or is wisions about?"" --bret harte. tub tcconists. man's best friend, says my revised version of a stale song, is his tobacconist. if there is any living crea"
tobacco,1900,1,1421,225,5.8992,True,"tobacco as germ- destroyer. the popular idea that tobacco- smoking is a safeguard against infeo- tion finds support in an interesting. article, ""of the use a..."
tobacco,1900,1,1421,226,5.9014,True,"tobacco-growing and crime. the royal prohibitions clearly show that nhilst, generally, tobacco is regarded as an essentially tropical product, it has been su..."
tobacco,1900,1,1421,227,5.9033,True,"unlawful possession of tobacco. at the liverpool police couo, on wednesiay, before it. robert hadden and dr. cross, a coloured man named altert jonea was charged with having been i..."
tobacco,1900,1,1421,228,5.9033,True,"the examinee, july 23 1904. mr. austen citam- the summer berlain's studies of manceuvres. his new tobacco duty have induced him to offer a rebate to the importers of stripped leaf, threatened with ser"
tobacco,1900,1,1421,229,5.9056,True,"the tobacco war. mr fraenkel, president of the whelcortle tobacconists' l'rotection association, states that the majority of the manufacturers out- side the e im..."
tobacco,1900,1,1421,230,5.9069,True,"by appointment to the c.tc. 4040 american invasion of england. the american tobacco trust has by purchasing ogdens and co., liverpool, proclaimed war against the english tobacco manufacturers, and whi"
tobacco,1900,1,1421,232,5.914,True,matters of moment. a provincial letter. latest inquiries among wholesale and retail tobacco traders show there had been an antici- pation that the imperial company will give all that the tobacconists'
tobacco,1900,1,1421,233,5.9183,True,"juvenile smoking bill. sixteen the age limit. tobacconists to be penalised. the text of the bill to provide for the prevention of juvenile smoking, was issued on monday morning. it is backed by mr rig"
tobacco,1900,1,1421,235,5.9218,True,"money sneezed away. more than two million pounds of tobacco are sneezed into the air annually in america, and the value of it is not far from £300,000 when purchased at retail. this does not, of cours"
tobacco,1900,1,1421,237,5.926,True,"tobacco as germ- destroyer. the popular idea that tobacco- smoking is a safeguard against infeo- tion finds support in an interesting. article, ""of the use a..."
tobacco,1900,1,1421,238,5.9268,True,"unlawful possession of tobacco. at the liverpool police couo, on wednesiay, before it. robert hadden and dr. cross, a coloured man named altert jonea was charged with having been i..."
tobacco,1900,1,1421,239,5.9268,True,"the american war ehded: peace with honour. many of your readers wilt ne glad to know that the war 'between the american tobacco co. (purchasers of ogdens and co., liverpool), and the british imperial "
tobacco,1900,1,1421,240,5.9282,True,matters of moment. a provincial letter. latest inquiries among wholesale and retail tobacco traders show there had been an antici- pation that the imperial company will give all that the tobacconists'
tobacco,1900,1,1421,242,5.9334,True,"the american war ended peace with honour. many of your readers will ne glad ""..o know that the war between the american tobacco co. (purchasers of ogden% and co., liverpool), and the british imperial "
tobacco,1900,1,1421,243,5.934,True,"for tobacco. the peculiar aroma which issued from the pipe of a member of a company, of which i was one, .promptod me to ask the smoker what kind of tobacco he w..."
tobacco,1900,1,1421,244,5.9341,True,"pipe smo)ing. as important as the condition of the tobacco emceed is the state of the pipe de sejf. a straight ditste with • wide bore to the genii is the says the ""globe,"" bee cause it is easy to cle"
tobacco,1900,1,1421,245,5.9365,True,"unlawful possession of tobacco. at the liverpool police couo, on wednesiay, before it. robert hadden and dr. cross, a coloured man named altert jonea was charged with having been i..."
tobacco,1900,1,1421,246,5.9374,True,"the story of tobacco. growth of the smoking habit the price of tobacco to the consumer on its tir,t introduction into this country stu (says • writ. i in good words"") abo..."
tobacco,1900,1,1421,247,5.9376,True,"train up a child. william edward owen, aged 17, was charged at the liverpool police court, on satuiday, with stealing tobacco from his employets, the richmond cavendish company, limited, and the fathe"
tobacco,1900,1,1421,249,5.9394,True,"hints on health. tobacco a disi2ifectant. a learned chemist fa ys that he has estab- lished after ten yemrs' study that tobacco smoke, unless the application he made in a ver..."
tobacco,1900,1,1421,250,5.94,True,"smuggled tobacco. ab liverpool n tuesday fritz olmann, 44, and john vildhuis, 29, seamen, were charged with smuggling. the prisoners attempted to sell a quantity of t..."
tobacco,1900,1,1421,251,5.9409,True,"the cigarette. probably few smokers of egyptian cigarettes i trouble themselves greatly where the tobacco they enjoy mille:4 from, and if asked would as. iat cr, •• egypt. of course.- asamatter of fac"
tobacco,1900,1,1421,253,5.9477,True,the american tobacco monopolist. an interesting piece of history concerning the beginnings of the great american tobacco burineia which is now invading tlrs british trade...
tobacco,1900,1,1421,254,5.9529,True,"proved to be the best tobacco sold, cool sweet, and pleasant—a 31a. tobacco tor 3d. andrew marvel rich dark flake, guaranteed the best dark tobacco, only 3d. per oz. our new brand..."
tobacco,1900,1,1421,255,5.9545,True,british tobacco combine. a defensive movement. the press association understands on the highest authority that a considerable number of the principal british tobacco...
tobacco,1900,1,1421,257,5.9561,True,"the effect of tobacco. like all elements which have an effect upon the nerves, tobacco differs widely in its action upon different individuals, and no sweeping statements ..."
tobacco,1900,1,1421,258,5.9567,True,"parliament and the tobacco tax matters in the house of commons during the past week were unexpeciedly lively in connection with the discussion on. the budget resolution, and wh..."
tobacco,1900,1,1421,259,5.9603,True,"my lady nicotine. some people incline to the opinion that tobacco acts as a stimulant to the brain, and that the seductive weed is a, great help in grappling with the problems of every day life. doubt"
tobacco,1900,1,1421,260,5.9761,True,"if wab is imminent they will be sure to know, and will have laid in a stock of french tobacco."" sc they went off to the tobacco shop and made inquiries. there they learnt that flans end fritz and thei"
tobacco,1900,1,1421,261,5.9788,True,"mixture a delicious pipe tobacco. warbrick $bob. in mid 203 11-. tobacco blenders, only. 4aa v-. 324372 b,seenneail"
tobacco,1900,1,1421,263,5.9821,True,"ireland as _a_ tobaoco-grow in g country. all the home-grown tobacco sold in ireland has up to the present been what is called heavy ship- ping""—that is to say, big cabbage-textured leaves suitable fo"
tobacco,1900,1,1421,264,5.9833,True,"by appointment to the c.tc. 4040 american invasion of england. the american tobacco trust has by purchasing ogdens and co., liverpool, proclaimed war against the english tobacco manufacturers, and whi"
tobacco,1900,1,1421,265,5.9863,True,"o• jun 6,192 e. tasted in this manlier, the statement may safe,ly be made that among those strong and yigolvuu men who have used tobacco habitually and con- stantly for many yeans without apparent inj"
tobacco,1900,1,1421,266,5.9905,True,"the american war ended; peace; with honour. many of your readers wilt be glad to know that the war between the american tobacco co. (purchasers of ogdens and co., liverpool), and the british imperial "
tobacco,1900,1,1421,267,5.9942,True,hints for smokers. thu we and 411000 hialth. into the thorny 9..t.stion as to the exact in- fluence. for good or jj hich tobacco exercises upon man it is t;uutssesary to eater here. it is one of the m
tobacco,1900,1,1421,271,6.0089,True,"tobacco-growing in yorkshire. but again in the eighteenth century, when the american colonies waged war for their in- dependence, and so deprived britons of ..."
tobacco,1900,1,1421,272,6.0138,True,"... ers' matriculation ex amina • tion. i. why do you smoke! state reaaons fully. _ 2. narrate the history of the first smoker, and state the effects of tobacco upon him. ""there never was no siel, un"
tobacco,1900,1,1421,273,6.0144,True,"the american war ended peace with honour. many of your readers will ne glad to know that the war between the american tobacco co. (purchasers of ogdens and co., liverpool), and the british imperial to"
tobacco,1900,1,1421,275,6.0234,True,"use of tobxo—ca in church. the practices of taking snuff and of chewing and anzoki.ug tobacco in church were at one time very common in holland, italy, spain, austria, and great britain. so obnoxious "
tobacco,1900,1,1421,276,6.0258,True,"tobacco as disinfectant. the smoke forms a powerful antisemic. the ""lancet"" has been making wow 431.- periments to test the truth of the popular belief that ..."
tobacco,1900,1,1421,277,6.0274,True,"tobacco as disinfectant. the smoke forms a powerful antisemic. the ""lancet"" has been making wow 431.- periments to test the truth of the popular belief that ..."
tobacco,1900,1,1421,278,6.0328,True,"the american war ehded: peace: with honour. many of your readers will oe glad to know that the war between the american tobacco co. (purchasers of ogdens and co., liverpool), and the british imperial "
tobacco,1900,1,1421,279,6.0354,True,"the tobacco trade war. mr. dukes counter to the imperial company. an astonishing offer. a, a counter proposal to the offer of the im- perial tobacco company, ogd..."
tobacco,1900,1,1421,280,6.0408,True,"is tobacco smoking injurious? this is a question frequently asked, and the i answer sometimes given by persons who never have smoked or do not understand the pl..."
tobacco,1900,1,1421,281,6.0437,True,"the virtues of tobacco. whatever the ill effects of tobacco when used to excess, it is allirmod that when used in mociera- tthn it acts on an adult as a mild sedative. it i..."
tobacco,1900,1,1421,282,6.045,True,"...day, a man named bernard holland, a steerage passenger en the teutonic, whicii arrived in ,liverpool yesterday, was charged with silityggling 41b. of tobacco a"
tobacco,1900,1,1421,283,6.0457,True,"use of tobxo—ca in church. the practices of taking snuff and of chewing and anzoki.ug tobacco in church were at one time very common in holland, italy, spain, austria, and great britain. so obnoxious "
tobacco,1900,1,1421,284,6.0461,True,"is smoking injurious? a philanthropic offer by a world famed tobacco planter. mr. samuda the famous tobacco planter, cigar and cigarette maker, has made an unparalleled offer to the editor of the ""dai"
tobacco,1900,1,1421,285,6.0481,True,"... action. on monday ogden's will issue to the re milers a circular from their boundary- line • factory, liverpool, in which they state:— ""the imperial tobacco compan"
tobacco,1900,1,1421,287,6.0562,True,"possibilities of the tobacco wail • speaking at the first annual dinner of the wholesale tobacconist? protection associa- tion at the liolborri restaurant onwednesday, the presid..."
tobacco,1900,1,1421,288,6.0602,True,"tobacco and alcohol. this is a subject which i have been leoturing on, and writing about, for many years, and i have the whole conconsus of medical opinion t..."
tobacco,1900,1,1421,289,6.0622,True,"sale of tobacco on a sunday in scotland. the sale of tobacco was permitted in bygone times in scotland. it was reprdal as a neoe,eity, and is rtf rrt‘d to in the par..."
tobacco,1900,1,1421,291,6.0712,True,"unlawful possession of tobacco. at the liverpool police couo, on wednesiay, before it. robert hadden and dr. cross, a coloured man named altert jonea was charged with having been i..."
tobacco,1900,1,1421,294,6.0863,True,"...ilinit• do:i sleep, do i dream, or is wisions about?"" --bret harte. tub tcconists. man's best friend, says my revised version of a stale song, is his tobacconist. if there is any living crea"
tobacco,1900,1,1421,295,6.0863,True,"4z.: there is a tobacco warehouse at liverpool which is probably the largest warehouse of any kind in the world. it has 36 acres of floor space, and it will hold 65,000 hogs..."
tobacco,1900,1,1421,296,6.0929,True,"tile exaiviinee. july 23 1904. mr. austen cham- the summer berlain's studies of manckuvres. his new tobacco duty have induced him to offer a rebate to the importers of stripped leaf, threatened with s"
tobacco,1900,1,1421,298,6.0964,True,tobacco and trusts. it almost looks ibi if we smokers are going to have a fine time of it in the near future. this is owing to the coining of thy american to...
tobacco,1900,1,1421,299,6.0969,True,"is tobacco smoking injurious? mamma this is a question frequently asked, and the answer sometimes given by persons who never have smoked or do not understand th..."
tobacco,1900,1,1421,300,6.1026,True,"exprrimeni witt( smokers. a cerica of systeumtic experiments to den, mine the effect of tobacco on tl.e laseit. digestive organs, and the human system gene. ially is about to be mole by profe.nor wile"
tobacco,1900,1,1421,301,6.103,True,"how tobacco is cut. equally interesting is the ""grand cut"" cutting machine which slices the slabs of tobacco at the rate of 400 cuts each minute by means of kniv..."
tobacco,1900,1,1421,303,6.1035,True,"is tobacco smokinc injurious this is a question frequently asked, and the answer sometimes given by persons who never have smoked or do not understand the pleas..."
tobacco,1900,1,1421,304,6.1041,True,"chancellor of the exchequer that an in- eves., in duty eufficrent to make a per- eeptible addition to the price of as oudobof tobacco would be snore tolerable thah the present tractional inersam as ,i"
tobacco,1900,1,1421,305,6.1047,True,"the literature of tobacco. it is noticeable that shakespeare throughout all his works never mentions or refers to tobacco, says the gem."" ben johnson, in ""every man in his hum..."
tobacco,1900,1,1421,306,6.1087,True,"is tobacco smoking injurious? this is a question frequently asked, and the answer sometimes given by persons who never have smoked or do not unierste.nd the ple..."
tobacco,1900,1,1421,307,6.1096,True,"ssssssssssees&sn eaders9 page. g r scis.gi by readers. sseasieinf9 famous men who hated tobacco. somehow or other we associate tobacco with literary men, but not all writers are lovers of the weed. go"
tobacco,1900,1,1421,309,6.1134,True,"how tobacco is cut. equally interesting is the ""grand cut"" cutting machine which slices the slabs of tobacco at the rate of 400 cuts each minute by means of kniv..."
tobacco,1900,1,1421,310,6.1141,True,"something about tobacco. ----- medical men—and it is to the faculty we must turn for information en such a subject as this-- are well agreed that the use of tobacco is efte,..."
tobacco,1900,1,1421,311,6.117,True,practical examination. 1. examine and report upon the names and qualtties oi the samples of loose tobacco submitted to you. 2. repair and smoke the given pipe to the best of your ability. 3 light your
tobacco,1900,1,1421,312,6.1228,True,"sale of tobacco on a sunday in scotland. the sale of tobacco was permitted in bygone times in scotland. it was reprdal as a neoe,eity, and is rtf rrt‘d to in the par..."
tobacco,1900,1,1421,313,6.123,True,"whitefriari american invasion of england. the american tobacco trust has by purchasing owens and co., liverpool, proclaimed war against the english tobacco manufacturers, and whioh, if victorious, wil"
tobacco,1900,1,1421,315,6.1246,True,"northern weekly gazette. brush stuck in the end of a bamboo shoot. they tarry their tobacco in i a puree, and smoke it in a little brass pipe hardly big enough to hold a cigarette. it only holds about"
tobacco,1900,1,1421,316,6.1265,True,"another british tobacco combine. another british tobacco combine is, says the ""westminster gazette,"" berng organised, not with a hostile spirit to the imperial to- bacco com..."
tobacco,1900,1,1421,318,6.1288,True,"is tobacco smokinc injuriojs this is a question frequently asked, and the answer sometimes given by persons who never have smoked or do not understand the pleas..."
tobacco,1900,1,1421,319,6.1311,True,"by apiointment to the c.tc. 4040 american invasion of england. the american tobacco trubt has by purchasing ogdens and co., liverpool, proclaimed war against the english tobacco manufacturers, and whi"
tobacco,1900,1,1421,320,6.1323,True,"the tobacco box of st. margaret's, westminster. strangers new to westminster are a little startled and amused when they are peremptorily asked, have you seen the..."
tobacco,1900,1,1421,321,6.1345,True,"remarkable contraband: --- a remarkable state of contraband has just been 6rought to light in spain, where, although all the tobacco-growing colonies have been seized by the united states. the growing"
tobacco,1900,1,1421,322,6.1346,True,"tobacco-growing in yorkshire. but again in the eighteenth century, when the american colonies waged war for their in- dependence, and so deprived britons of ..."
tobacco,1900,1,1421,323,6.1391,True,"another british tobacco combine. another british tobacco combine is, says the ""westminster gazette,"" berng organised, not with a hostile spirit to the imperial to- bacco com..."
tobacco,1900,1,1421,324,6.1438,True,"...day, a man named bernard holland, a steerage passenger en the teutonic, whicii arrived in ,liverpool yesterday, was charged with silityggling 41b. of tobacco a"
tobacco,1900,1,1421,325,6.1453,True,"tobacco as germ- destroyer. the popular idea that tobacco- smoking is a safeguard against infeo- tion finds support in an interesting. article, ""of the use a..."
tobacco,1900,1,1421,328,6.158,True,"something about tobacco. ----- medical men—and it is to the faculty we must turn for information en such a subject as this-- are well agreed that the use of tobacco is efte,..."
tobacco,1900,1,1421,329,6.1608,True,new tobacco pmces. it was announoedd brietot on friday that in consequence of the additional duty of 8d ou manufactured tobacco the im- perial tobacco company ha...
tobacco,1900,1,1421,330,6.1616,True,"by api-ointment to tiie c.tc. 4040 american invasion of england. the american tobacco trust has by purchasing ogdens and co., liverpool, proclaimed war against the el tobacco manufacturers, and which,"
tobacco,1900,1,1421,331,6.1621,True,"british tobacco trust. a circular to the trade has been issued by the follow.ng british tobacco manufaoturers: w. 1). and h. 0_ wills (limited), bristal; edwards, ri..."
tobacco,1900,1,1421,332,6.1644,True,"is tobacco smokinc injurious? this is a question frequently asked, and the i answer sometimes given by persons who never i have smoked or do not understand the ..."
tobacco,1900,1,1421,333,6.1689,True,"british tobacco trust. a circular to the trade has been issued by the follow.ng british tobacco manufaoturers: w. 1). and h. 0_ wills (limited), bristal; edwards, ri..."
tobacco,1900,1,1421,334,6.1691,True,fire at a liverpool tobacco factory. about tine° o'clock yesterday moreinz the licerviel fire eitizade weie (alai to a fire at the tobacco manufactory of the richmond cavendilt ...
tobacco,1900,1,1421,335,6.1698,True,"read this. in order to determine with any claim to scien- tific accuracy the nature and effect of tobacco upon the human system, it is necessary to observe its action, not only upon the individual use"
tobacco,1900,1,1421,336,6.1737,True,"is tobacco smoking injurious? this is a questton frequently asked, and the answer sometimes given by persons who never have smoked or do not understand the plea..."
tobacco,1900,1,1421,337,6.176,True,the board and smoking. the board went on to consider the desira- bility or otherwise of snpplying tobacco to tha aged male inmates. mr farrow (workhouse master) said he had supplied the whole gi the m
tobacco,1900,1,1421,338,6.178,True,tobacco as a preventive. the. vittues of tobacco ss a disinfectant— not only in the greenhouse but as a preven- tive against infections diseases—are not a re...
tobacco,1900,1,1421,340,6.1815,True,"a word for timacm. there -an be no doubt. i think, on the whole tobacco represents a harmless form of enjoy- ment to those who use it in moderation, and with idiom it agrees. i have said that tobacco "
tobacco,1900,1,1421,341,6.1817,True,"substitutes for money. tobacco used to be the money of virginia. the inha.bitants imported wives into the colony from england in those days, a.nd the average price of a helpmate wa..."
tobacco,1900,1,1421,342,6.1844,True,"... ers' matriculation ex amina • tion. i. why do you smoke! state reaaons fully. _ 2. narrate the history of the first smoker, and state the effects of tobacco upon him. ""there never was no siel, un"
tobacco,1900,1,1421,343,6.185,True,"a choice cigarette. sudlow's special silk cut cigarette s guaranteed hand-made from pure virginian tobacco bd. per oz., 2s. 6d. per -vb. box. t. siidlow & co., cigar merchants, 15, winwice st., and 65"
tobacco,1900,1,1421,346,6.1926,True,"is tobacco smoking injurious? this is a question frequently asked, and the answer sometimes given by persons who never have smoked or do not understand the plea..."
tobacco,1900,1,1421,347,6.1948,True,"american invasion of england. the american tobacco trust has by purchasing ogdens and co., liverpool, proclaimed war against the english tobacco manufacturers, and which, if victorious, will prove dis"
tobacco,1900,1,1421,350,6.206,True,"is smoking injurious? a philanthropic offer by a world famed tobacco planter. mr. saruuda the famous tobacco planter, cigar and cigarette maker, has made an unparalleled offer to the editor of the ""da"
tobacco,1900,1,1421,351,6.2068,True,tobacco to go up. the trade journal f the tobacco trade—to. hacco—fra mesa strong indictment of the amer- ican agricultural bureau. it states that this branc...
tobacco,1900,1,1421,352,6.2159,True,"unlawful possession of tobacco. at the liverpool police couo, on wednesiay, before it. robert hadden and dr. cross, a coloured man named altert jonea was charged with having been i..."
tobacco,1900,1,1421,353,6.216,True,"4z.: there is a tobacco warehouse at liverpool which is probably the largest warehouse of any kind in the world. it has 36 acres of floor space, and it will hold 65,000 hogs..."
tobacco,1900,1,1421,354,6.2207,True,"is tobacco smoking injurious? this is a question frequently asked, and the answer sometimes given by persons who never have smoked or do not understand the plea..."
tobacco,1900,1,1421,356,6.222,True,accident or tobacco blindness interesting workman's compensation case. a statement calculated to startle devotees of the pipe was made in the manchester county court hat...
tobacco,1900,1,1421,357,6.2233,True,cigarette suicide. -- doctors differ about the evils of smoking. diverse views on the effecs of tobacco smoking on the individual and the nation were or-p.n.s:zed by members of the british medical ass
tobacco,1900,1,1421,358,6.2273,True,"is tobacco smoking injurious? this is a question freqatently asked, and the answer sometimes given by persons who never have smoked or do not understand the ple..."
tobacco,1900,1,1421,359,6.2286,True,"is tobacco smoking injurious? this is a question frequently asked, and the answer sometimes given by persons who never have smoked or d, not understand the plea..."
tobacco,1900,1,1421,360,6.2289,True,"the american war ended: peace with honour. many t 4 your readers wilt ne glad to know :that the war 'between the american tobacco co. (i,urehaier.l of ogdesis and co., liverpool), and i the british im"
tobacco,1900,1,1421,361,6.2306,True,how b.d.v. tobacco is packed. the process of packing rda' tobacco into the well known one ounce foil packets is accomplished by a machine of marvellous ingenuity. the d...
tobacco,1900,1,1421,363,6.2367,True,"the american war ended: peace with honour. many t 4 your readers wilt ne glad to know :that the war 'between the american tobacco co. (i,urehaier.l of ogdesis and co., liverpool), and i the british im"
tobacco,1900,1,1421,364,6.2378,True,"whitefriari american invasion of england. the american tobacco trust has by purchasing owens and co., liverpool, proclaimed war against the english tobacco manufacturers, and whioh, if victorious, wil"
tobacco,1900,1,1421,365,6.2421,True,"... ers' matriculation ex amina • tion. i. why do you smoke! state reaaons fully. _ 2. narrate the history of the first smoker, and state the effects of tobacco upon him. ""there never was no siel, un"
tobacco,1900,1,1421,366,6.2428,True,"juvenile smoking bill. sixteen the age limit. tobacconists to be penalised. the text of the bill to provide for the prevention of juvenile smoking, was issued on monday morning. it is backed by mr rig"
tobacco,1900,1,1421,367,6.2442,True,"made twice as enjoyable by wearing stanton's famed holiday boots and shoes s. & m.'s punch brand lias proved after 12 years' experience! 'me best tobacco 1n beverley. rich, cool, sweet, and pleasant. "
tobacco,1900,1,1421,370,6.2516,True,"...rt for the troops. needy a year ago, through the kind efforts of didgwick, the vicar of greathain forwarded tin containing about 84) 02000 packets of tobacco specially directed by roiliest; to th"
tobacco,1900,1,1421,372,6.2531,True,"is tobacco smoking injurious? this is a question frequently asked, and the answer sometimes given by persons who never have smoked or do not understand the plea..."
tobacco,1900,1,1421,373,6.2532,True,"can 111 had now at r. hoyle, 18 and 108, oxton•road. ttlephonii 275 clauauton. fond tobacco duty. foil finest tobacco cigars and cigarettes try the tobacco warehouse, zdeveland-street post-office. mar"
tobacco,1900,1,1421,374,6.2596,True,"read this. in order to determine with any claim to scien- tific accuracy the nature and effect of tobacco upon the human system, it is necessary to observe its action, not only upon the individual use"
tobacco,1900,1,1421,375,6.26,True,"sale of tobacco on a sunday in scotland. the sale of tobacco was permitted in bygone times in scotland. it was reprdal as a neoe,eity, and is rtf rrt‘d to in the par..."
tobacco,1900,1,1421,376,6.2626,True,"the pltiviase of leaf tuba cco, important scheme. _ the anuctinceinera niide public on thuikiev that the imperial tobacco company had determined to in future purchase its leaf tobacco direct from amer"
tobacco,1900,1,1421,377,6.2661,True,the american tobacco syndicate. pro pose drilß itis combin the press association's birmingham-co-r-re-s-po. n- dent is authoritatively informed that the entrance of the a...
tobacco,1900,1,1421,378,6.2671,True,"read this. in order to determine with any claim to scien- tific accuracy the nature and effect of tobacco upon the human system, it is necessary to observe its action, not only upon the individual use"
tobacco,1900,1,1421,379,6.2688,True,"is tobacco smoking injurious? this is a question frequently asked, and the answer sometimes given by persons who never have smoked or do not understand the plea..."
tobacco,1900,1,1421,382,6.2816,True,how b.d.v. tobacco is packed. the process of packing rda' tobacco into the well known one ounce foil packets is accomplished by a machine of marvellous ingenuity. the d...
tobacco,1900,1,1421,384,6.2907,True,tobacco grown under tents. white cheesecloth tents of an enormous size will rise next spring all over the tobacco dis- trict of connecticut. causing the quit...
tobacco,1900,1,1421,385,6.2962,True,"is tobacco smokinc injurious this is a question frequently asked, and the answer sometimes given by persons who never have smoked or do not understand the pleas..."
tobacco,1900,1,1421,386,6.2964,True,"the workman's comforts. sir edward grey at leeds airily dismissed the working man's tobacco and alcoholic refreshment as superfluities."" mr. asquith toned that down in his blotchley speech to minor co"
tobacco,1900,1,1421,387,6.3029,True,"a word about tobacco. take the, following for what it is worth, the words are not mine: ""people who want to smoke and not kill themselves are trying to establish what is ..."
tobacco,1900,1,1421,388,6.3045,True,"only 3d. per oz. our new brand of fine virginia leaf is called key west tobacco. a very high class tobacco for the drawing room, ea. only 4d. per oz. stephenson & martin, punch factory, hull. john wri"
tobacco,1900,1,1421,389,6.3053,True,"the tobacco trade war. all manufacturers of tobacco, importers, and leading members of the trade, irrespec- tive of trusts, combines, or companies, have been inv..."
tobacco,1900,1,1421,390,6.3056,True,"is tobacco smokinc injurious? this is a question frequently asked, and the answer sometimes given by persons who never have smoked or do not understand the plea..."
tobacco,1900,1,1421,391,6.3073,True,"is tobacco smokinc injurious? this is a question frequently asked, and the answer sometimes given by persons who never have smoked or do not understand the plea..."
tobacco,1900,1,1421,392,6.3163,True,"is tobacco smoking injurious? this is a question frequently asked, and the answer sometimes given by persons who never have smoked or do not understand the plea..."
tobacco,1900,1,1421,393,6.3192,True,"is tobacco smoking injurious? this is a question frequently asked, and the answer sometimes given by persons who never have smoked or do not understand the plea..."
tobacco,1900,1,1421,394,6.3192,True,"is tobacco smoking injurious? this is a question frequently asked, and the answer sometimes given by persons who never have smoked or do not understand the plea..."
tobacco,1900,1,1421,395,6.3209,True,"is tobacco smoking injurious? this is a question frequently asked, and the answer sometimes given by persons who never have smoked or do not understand the plea..."
tobacco,1900,1,1421,396,6.3242,True,"is tobacco smoking injurious? this is a question frequently asked, and the answer sometimes given by persons who never have smoked or do not understand the plea..."
tobacco,1900,1,1421,397,6.3295,True,tobacco pro and con. a prominent author gives the summary of the results of his experience of tobacco symptoms as follows: 1. human beings have probably smok...
tobacco,1900,1,1421,399,6.3305,True,"is tobacco smoking injurijjs this is a question frequently asked, and the answer sometimes given icy persons who nevei have smoked or do not understand the plea..."
tobacco,1900,1,1421,400,6.331,True,"...,.' universal use. notwithstanding the opposition and condem- nation since its irlitroduction into europe in the fifteenth century, the spread of the tobacco- smoking habit has been very remarkable. "
tobacco,1900,1,1421,401,6.3323,True,what a lancaster retailer thinks about it. there are twenty-eve tueu in luglaud to-day who control the destinies of the retail tobacco trade ot the united kingdom. our ot them is in lancaster. he is m
tobacco,1900,1,1421,402,6.333,True,"is tobacco smokinc injuriojs this is a question frequently asked, and the answer sometimes given by persons who never have smoked or do not understand the pleas..."
tobacco,1900,1,1421,403,6.3332,True,the american tobacco syndicate. pro pose drilß itis combin the press association's birmingham-co-r-re-s-po. n- dent is authoritatively informed that the entrance of the a...
tobacco,1900,1,1421,404,6.337,True,"...rkenhead '..5n monday, a chinaman named mon ""rue, of the stettmehip laertes, east float, was charged with smuggling 11b. 2ozs. of cigars and aozs. of tobacco, with intent to de"
tobacco,1900,1,1421,406,6.3413,True,...e smoking in america. within the last two years the quantity of cigarettes smared in the unites states has de- creased 95 per cent. (says a prominent tobacco manufacturer.) public 
tobacco,1900,1,1421,407,6.347,True,"tobacco trade. big scheme which will affect smokers. the tobacoo war"" is at an end so far as it affects the competition between the imperial tobacco company ..."
tobacco,1900,1,1421,408,6.3534,True,"american invasion of england. the american tobacco trust has by purchasing ogdens and co., liverpool, proclaimed war against the english tobacco manufacturers, and which, if victorious, will prove dis"
tobacco,1900,1,1421,409,6.3558,True,"only 3d. per oz. our new brand of fine virginia leaf is called key west tobacco. a very high class tobacco for the drawing room, eec. only 4d. per n. stephenson & martin, punch factory, hull. john wri"
tobacco,1900,1,1421,410,6.3627,True,"is tobacco smoking injurious? this is a question frequently asked, and the answer sometimes given by persons who never have smoked or do not understand the plea..."
tobacco,1900,1,1421,412,6.3739,True,"the world's smokers. how much tobacco is consume in a year. the amount of tobacco oomuin.,i 1,7 woritre ellsapere is 611011111 in s rvperc the united states governuent. total weight of to..."
tobacco,1900,1,1421,413,6.3753,True,the pipe of peace. will ttle tobacco war break out again ilit connection with the bonus scheme of i the imperial tobacco computiy a circular has been tamed by the um e i kingdom tobacco ...
tobacco,1900,1,1421,414,6.3778,True,"the world's smokers. how much tobacco is consume in a year. the amount of tobacco oomuin.,i 1,7 woritre ellsapere is 611011111 in s rvperc the united states governuent. total weight of to..."
tobacco,1900,1,1421,415,6.3782,True,a pipe of tobacco hell social pipe—thou foe of faze. companion of my elbow chair; as forth thy curling furnee aria% they seem an evening aur.rc..-- an offering to my 1...
tobacco,1900,1,1421,416,6.3783,True,"the tobacco combines. according to a bristol correspondent, it may be taken as beyond doubt that negotia- tions are in actual progress between the im- perial tob..."
tobacco,1900,1,1421,417,6.3799,True,"american invasion of england. the american tobacco trust has by purchasing ogdens and co., liverpool, proclaimed war against the english tobacco manufaoturers, and which, if victorious, will prove dis"
tobacco,1900,1,1421,418,6.3802,True,tobacco as a preventive. the. vittues of tobacco ss a disinfectant— not only in the greenhouse but as a preven- tive against infections diseases—are not a re...
tobacco,1900,1,1421,420,6.3874,True,tobacco pro and con. a prominent author gives the summary of the results of his experience of tobacco symptoms as follows: 1. human beings have probably smok...
tobacco,1900,1,1421,421,6.3932,True,"by appointment to the c.tc. 4040 american invasion of england. the american tobacco trust has by purchasing ogdens and co., liverpool, proclaimed war against the english tobacco manufacturers, and whi"
tobacco,1900,1,1421,422,6.3944,True,"the tobacco box of st. margaret's, westminster. strangers new to westminster are a little startled and amused when they are peremptorily asked, have you seen the..."
tobacco,1900,1,1421,423,6.3953,True,tobacco grown under tents. white cheesecloth tents of an enormous size will rise next spring all over the tobacco dis- trict of connecticut. causing the quit...
tobacco,1900,1,1421,424,6.3963,True,"tobacco and religion. the people of the netherlands, who head the list of tobacco constuners, are inveterate smokers, being rarely seen without a pipe. they ..."
tobacco,1900,1,1421,425,6.3964,True,"is tobacco smoking injurious? this is a question frequently asked, and the answer sometimes given by persons who never have smoked or do not understand the plea..."
tobacco,1900,1,1421,426,6.397,True,"terrible tragedy at colwyn bay. young man shoots his sweetheart. the tobacco wail the battle of the big tobacco trusts has now commenced in real earnest, and great britain is for the first time the ve"
tobacco,1900,1,1421,427,6.4022,True,"a nation of smokers. britain best market in the world for tobacco. in the course of a report to the. washing. ton bureau of manufactures, mr d. w. williams, the united states consul at car- diff, says"
tobacco,1900,1,1421,428,6.4033,True,"tobacco as disinfectant. the smoke forms a powerful antisemic. the ""lancet"" has been making wow 431.- periments to test the truth of the popular belief that ..."
tobacco,1900,1,1421,429,6.4064,True,the tobacco trade. at a general meeting of the re'all tonlx-ennists held io lf.ndon it w.t. unanimously resolved to maintain their or ginal poeition by refueing ...
tobacco,1900,1,1421,430,6.4091,True,"doctor's hints to finoiltiss. a medical journal gives smolsers two bits of advice: ""smoke with moderation. and do not smoke too cheaply."" tobacco, in the opinion of this writer, certainly seems a phys"
tobacco,1900,1,1421,431,6.4116,True,the tobacco duty. in regard to tobacco there was one change he proposed to make. _ lie pro-posed to reduce the duty on strip tobacco from 3s. 3d. to 3s. old 2 • ...
tobacco,1900,1,1421,433,6.4184,True,"a choice cigarette. sudlow's -special silk cut cigarettes guaranteed hand-made from pure virginian tobacco bd. per oz., 2s. 6d. per vb. box. t. sup low & co., cigar merchants, 15, win wick st., and 65"
tobacco,1900,1,1421,434,6.4184,True,"who is the man who is always asking for tobacco at the old powell pits is going tio start a tobacco shop who were the young ladies that fell over the ash bucket on monday night, which had been left..."
tobacco,1900,1,1421,435,6.4205,True,"the tobacco 'trade combines. (to the editor of the ""lancaster standard."") read the article in the last issue of the ""standard,"" headed the tobacco duel."", and wa..."
tobacco,1900,1,1421,436,6.4218,True,"tobacco trade. big scheme which will affect smokers. the tobacoo war"" is at an end so far as it affects the competition between the imperial tobacco company ..."
tobacco,1900,1,1421,438,6.4239,True,hints for smokers. thu we and 411000 hialth. into the thorny 9..t.stion as to the exact in- fluence. for good or jj hich tobacco exercises upon man it is t;uutssesary to eater here. it is one of the m
tobacco,1900,1,1421,440,6.4272,True,"*** botanist :"" this, miss hadyn, is the tobacco plant."" miss hadyn ""how interesting! and when do 2s it begin to bear cigarettes?"""
tobacco,1900,1,1421,441,6.4299,True,"dearer. cigarettes. a circular has been issued from ogden's branch of the imperial tobacco company, limited, announcing an increase in the price of all cigarettes manufactured in america and imported "
tobacco,1900,1,1421,442,6.4315,True,"can 111 had now at r. hoyle, 18 and 108, oxton•road. ttlephonii 275 clauauton. fond tobacco duty. foil finest tobacco cigars and cigarettes try the tobacco warehouse, zdeveland-street post-office. mar"
tobacco,1900,1,1421,444,6.4326,True,"a tobacco heroine. london has a ""woman of destiny"" in min- iature. she is only ahumble ltle igar maker, who on a pound a week manages to keep her- self and hel..."
tobacco,1900,1,1421,445,6.4329,True,"tobacco trade. big scheme which will affect smokers. the tobacoo war"" is at an end so far as it affects the competition between the imperial tobacco company ..."
tobacco,1900,1,1421,446,6.4345,True,"chips of news. lioth branches of the mani legislature have passed the juvenile smokers' bill, which pro- hibits the sale of tobacco in any form to boys ander fourteen years of age. the curator of the "
tobacco,1900,1,1421,448,6.4354,True,"effects of tobacco on the young. dr. laban writes:—"" i have often observed that youths who before the habit of smaing was contracted were resolute,manly, and vigo- rous..."
tobacco,1900,1,1421,449,6.4358,True,accident or tobacco blindness interesting workman's compensation case. a statement calculated to startle devotees of the pipe was made in the manchester county court hat...
tobacco,1900,1,1421,450,6.4361,True,".6. lady who sin*ad. in his autobiography george francis train says ""my old grandmother smoked what was known ia nigavirhead tobacco in a little clay pipe. the pipes cost about one cent apiece. i used"
tobacco,1900,1,1421,451,6.441,True,"bread or tobacco. ""let me tax your food,"" says mr. chamber- lain to them, ""and i will take off some of the taxes on your tea, sugar, and tobacco."" but there are sever..."
tobacco,1900,1,1421,452,6.4414,True,"...day, a man named bernard holland, a steerage passenger en the teutonic, whicii arrived in ,liverpool yesterday, was charged with silityggling 41b. of tobacco a"
tobacco,1900,1,1421,453,6.4436,True,"the tobacco war. a mass meeting of representatives of the retail tobacco trade of the united kindgdom was held in london on wed- nesday, mr. gallagher presiding,..."
tobacco,1900,1,1421,454,6.4445,True,"the american war ended: peace wi 1 h honour. milli many of your readers nm de glad to know that the war between the american tobacco co. (purchasers of ogdens and co., liverpool), and the british impe"
tobacco,1900,1,1421,455,6.4456,True,the tobacco war. at a meeting of birmingham tobacconist* on tuesday night to reconsider the situatic:n with reference to the two great tobacco combinesl it was r...
tobacco,1900,1,1421,456,6.4509,True,"4z.: there is a tobacco warehouse at liverpool which is probably the largest warehouse of any kind in the world. it has 36 acres of floor space, and it will hold 65,000 hogs..."
tobacco,1900,1,1421,458,6.4613,True,"my reasons for saying so. when cigarette-smoking first hemline pretty general, pipe-tmokers looked upon the habit as below their dignity. the tobacco was too mild, to their wey of think- ing, and did "
tobacco,1900,1,1421,459,6.4617,True,"juvenile smoking bill. sixteen the age limit. tobacconists to be penalised. the text of the bill to provide for the prevention of juvenile smoking, was issued on monday morning. it is backed by mr rig"
tobacco,1900,1,1421,460,6.4633,True,"is tobacco smoking injurious? this is a question frequently asked, and the answer sometimes given by persons who never have smoked or do not understand the plea..."
tobacco,1900,1,1421,462,6.4668,True,"tobacco-growing and crime. the royal prohibitions clearly show that nhilst, generally, tobacco is regarded as an essentially tropical product, it has been su..."
tobacco,1900,1,1421,464,6.4706,True,"smuggled tobacco. upwards of a ton of contraband tobacco has been found at teignmouth. large quantities were discovered off the den, the principal pleasure promenade ..."
tobacco,1900,1,1421,465,6.4716,True,"the pltiviase of leaf tuba cco, important scheme. _ the anuctinceinera niide public on thuikiev that the imperial tobacco company had determined to in future purchase its leaf tobacco direct from amer"
tobacco,1900,1,1421,466,6.4726,True,...f industrial poultry keepino. the american war ended: peace with honour. many of your readers will be glad to know that the war isitween the american tobacco co. (purchasers of ogdens 
tobacco,1900,1,1421,467,6.4736,True,"tobacco growing in ireland. the growth of tobacco in ireland is being fostered under exceptionally favourable con- ditions, the irish agricultural board show..."
tobacco,1900,1,1421,469,6.4775,True,"ocr cigars and cigarettes. a inter munsey's magazine"" gives sam interesting facts about tobacco culture and the ma, ufacture of cigarettes. in raising tobacco, says writer. the mittel proems is the se"
tobacco,1900,1,1421,470,6.4781,True,"american invasion of england. the american tobacco trust has by purchasing ogdens and co., liverpool, proclaimed war against the english tobacco manufaoturers, and which, if victorious, will prove dis"
tobacco,1900,1,1421,471,6.481,True,warrington tobacconists and the trade crisis. proposed combination. a meeting in connection with the warrington and district tobacconists' association was held on thurs...
tobacco,1900,1,1421,472,6.4816,True,"tobacco as a disinfectant. a learned chemist says that be has established, after ten years' study, that tobacco smoke, un- less the application be made in a ..."
tobacco,1900,1,1421,473,6.4845,True,"""would do for him."" the advance in the price of tobacco three- pence half penny per ounce was the cause of an amusing incident the other day at a local tobacconist's. a navvy entered the shop, and zis"
tobacco,1900,1,1421,474,6.4864,True,service's between different firms. but it does not require an expert to detect the broader differences in the different kinds of tobacco. turkish and american ap- pear at first sight entirely differen
tobacco,1900,1,1421,476,6.4944,True,"remarkable contraband: --- a remarkable state of contraband has just been 6rought to light in spain, where, although all the tobacco-growing colonies have been seized by the united states. the growing"
tobacco,1900,1,1421,477,6.4945,True,"tobacco and alcohol. this is a subject which i have been leoturing on, and writing about, for many years, and i have the whole conconsus of medical opinion t..."
tobacco,1900,1,1421,482,6.5098,True,"bread or tobacco. ""let me tax your food,"" says mr. chamber- lain to them, ""and i will take off some of the taxes on your tea, sugar, and tobacco."" but there are sever..."
tobacco,1900,1,1421,483,6.5127,True,"...rkenhead '..5n monday, a chinaman named mon ""rue, of the stettmehip laertes, east float, was charged with smuggling 11b. 2ozs. of cigars and aozs. of tobacco, with intent to de"
tobacco,1900,1,1421,484,6.5207,True,"close at one on thursdays. s. & m.'s punch brand lias proved ak ter 112 years' experience iie best tobacco in beverley. rich, cool, sweet, and pleasant. only 3d. per 07. sold everywhere m.'s royal pun"
tobacco,1900,1,1421,485,6.5209,True,"oil of tobacco. some interesting investigations have beck published by the analysis of the government laboratory with respect to what is known as the ""oil of tobacc..."
tobacco,1900,1,1421,486,6.5238,True,"is tobacco smoking injurious this is a question frequently asked, and the answer sometimes given by persons who never have smoked or do not understand the pleas..."
tobacco,1900,1,1421,487,6.527,True,"american invasion of england. the american tobacco trust has by purchasing ogdens and co., liverpool, proclaimed war against the english tobacco manufacturers, and which, if victorious, will prove dis"
tobacco,1900,1,1421,488,6.5274,True,"tobacco as germ- destroyer. the popular idea that tobacco- smoking is a safeguard against infeo- tion finds support in an interesting. article, ""of the use a..."
tobacco,1900,1,1421,489,6.5275,True,the tobacco trade. at a general meeting of the re'all tonlx-ennists held io lf.ndon it w.t. unanimously resolved to maintain their or ginal poeition by refueing ...
tobacco,1900,1,1421,490,6.5291,True,"the best pipe. next to the tobacco, which dhould always be pure, and free from added flavouring (an expedient which is resorted to far too commonly nowa- days), the best kind of a pipe..."
tobacco,1900,1,1421,491,6.5292,True,"bread or tobacco. ""let me tax your food,"" says mr. chamber- lain to them, ""and i will take off some of the taxes on your tea, sugar, and tobacco."" but there are sever..."
tobacco,1900,1,1421,492,6.5312,True,reply. thank you very much for the tobacco. i have tried it and like it. when smoking it gives off a pleasant aroma which i have not noticed in any other kind of tobacco. i usually smoke mix- ...
tobacco,1900,1,1421,493,6.5313,True,"the seaside cigar. why have seaside cigars a bad reputation? be- cause, says a writer in the ""cigar and tobacco world,"" all tobacco has an affinity for—this is, a tendency to absorb—the saline particl"
tobacco,1900,1,1421,495,6.5348,True,"bread or tobacco. ""let me tax your food,"" says mr. chamber- lain to them, ""and i will take off some of the taxes on your tea, sugar, and tobacco."" but there are sever..."
tobacco,1900,1,1421,497,6.5411,True,tobacco and trusts. it almost looks ibi if we smokers are going to have a fine time of it in the near future. this is owing to the coining of thy american to...
tobacco,1900,1,1421,498,6.5518,True,"the american war __ended: peace with honour. many of your readers wilt ne glad to know that the war between the american tobacco co. (purchasers of ogdens and co., liverpool), and the british imperial"
tobacco,1900,1,1421,499,6.5565,True,"two protected industries. there were in this country two highly protacted industries. we had a tariff against imported rsw tobacco, but a higher tariff against imported manu- factured tobacco. as a re"
tobacco,1900,1,1421,501,6.5623,True,"british exhibition. a mile.long cigarette- a machine that turns out 100,000 perfectly made cigarettes a day, collecting the tobacco at one end, shredding it, removing the dust, rounding it in the form"
tobacco,1900,1,1421,502,6.5653,True,"the american war duo peace with honour. many of your readers will tie glad to know that the war between the american tobacco co. (purchasers of ogdens and co., liverpool), and the british imperial tob"
tobacco,1900,1,1421,504,6.5657,True,warrington to3aooonisis and the trade crisis. proposed combination. a meeting in connection with the warrington and district tobacconists' association was held on thursday last week. mr. joseph beswic
tobacco,1900,1,1421,505,6.566,True,tobacco for the volunteers. the transvaal relief committee purchased for the warrington volunteers £2o worth of tobacco and cigars which were put on board th...
tobacco,1900,1,1421,507,6.5682,True,"juvenile smoking. a conference in connection with the british anti-tobacco league was held at southport on saturday, when the question of juvenile smoking was discussed. letters were read from several"
tobacco,1900,1,1421,508,6.5709,True,"blue and grey tobacco smgke. did yon ever notice, while enjoying your favourite cigar, that the smoke that curls trp from the burning end of the weed is bhte, while that e..."
tobacco,1900,1,1421,512,6.5803,True,"andrew marvel rich dark flake, guaranteed the best dark tobacco, only 3d. per oz. our new brand of fine virginia leaf is called key west tobacco. a very high c 1... tobacco for the drawing room, &o. o"
tobacco,1900,1,1421,513,6.5822,True,the american tobacco syndicate. pro pose drilß itis combin the press association's birmingham-co-r-re-s-po. n- dent is authoritatively informed that the entrance of the a...
tobacco,1900,1,1421,514,6.585,True,"pipe smo)ing. as important as the condition of the tobacco emceed is the state of the pipe de sejf. a straight ditste with • wide bore to the genii is the says the ""globe,"" bee cause it is easy to cle"
tobacco,1900,1,1421,515,6.5872,True,"a subtle and fragrant smoke. for some time past there has been great talk about tobacco combines, and this week a new .company has been floated with a capital of fifteen million pounds. in order to co"
tobacco,1900,1,1421,516,6.5874,True,"parliament and the tobacco tax matters in the house of commons during the past week were unexpeciedly lively in connection with the discussion on. the budget resolution, and wh..."
tobacco,1900,1,1421,517,6.5877,True,what a lancaster retailer thinks about it. there are twenty-eve tueu in luglaud to-day who control the destinies of the retail tobacco trade ot the united kingdom. our ot them is in lancaster. he is m
tobacco,1900,1,1421,518,6.5923,True,tobacco: pro and con. a recent author gives a summary of the results of his experience of tobacco symptoms as follows: 1. human beings have probably smoked t...
tobacco,1900,1,1421,519,6.5939,True,"bread or tobacco. ""let me tax your food,"" says mr. chamber- lain to them, ""and i will take off some of the taxes on your tea, sugar, and tobacco."" but there are sever..."
tobacco,1900,1,1421,523,6.6029,True,"are obtainable in perfection from d. steels, woolpack inn, beverley. s. & m.'s punch brand lias proved after 12 years' experience lie best tobacco in beverley. rich, cool, sweet, and pleasant. only 3d"
tobacco,1900,1,1421,524,6.6046,True,"national mass meeting to be lield. a liverpool lel, gram says messrs ogden !have received a very large number of letters from traders and dealers in tobacco express- ins entire approval of the terms o"
tobacco,1900,1,1421,526,6.6062,True,"proved to be the best tobacco sold, cool sweet, and pleasant—a 31a. tobacco tor 3d. andrew marvel rich dark flake, guaranteed the best dark tobacco, only 3d. per oz. our new brand..."
tobacco,1900,1,1421,527,6.6069,True,british tobacco combine. a defensive movement. the press association understands on the highest authority that a considerable number of the principal british tobacco...
tobacco,1900,1,1421,528,6.6097,True,"tobacco trade. big scheme which will affect smokers. the tobacoo war"" is at an end so far as it affects the competition between the imperial tobacco company ..."
tobacco,1900,1,1421,529,6.6111,True,"smuggled tobacco. ab liverpool n tuesday fritz olmann, 44, and john vildhuis, 29, seamen, were charged with smuggling. the prisoners attempted to sell a quantity of t..."
tobacco,1900,1,1421,531,6.6125,True,• kisses and tears. tobacco king's cha'fices acain3t his wiie. once famous in england for his attempt to capture the tobacco trade in this country for the benefit of the trust o...
tobacco,1900,1,1421,532,6.6126,True,"early tobacco pipes when tobacco was first introduced into england, says mr. macartney in an article on old english pipes in the ""connoisseur,"" which, by the way, ..."
tobacco,1900,1,1421,533,6.6133,True,"... impudent fraud. walla3ey police court on wedne3day, aithur young, 25, richmond-street, new brighton, was charged with obtaining 19s. 2.1 d. worth of tobacco froth bert green by false pre- tences. i"
tobacco,1900,1,1421,534,6.6175,True,"the octest tobacco shop in town. 80, abbey st., accrington w. j. miller bog to inform the publio that ho h. onootioded john fawbern. oat bow. by othict attoution to bo,..."
tobacco,1900,1,1421,535,6.6193,True,"the gazette saturday august 11 1906 rimm oldest tobacco shop in roam 013, abbey st., accrington w. j. miller beg* to inform ilia public, that be lint ...needed ft ii faiviieht. and 110 inns by atriet "
tobacco,1900,1,1421,536,6.6215,True,"dearer. cigarettes. a circular has been issued from ogden's branch of the imperial tobacco company, limited, announcing an increase in the price of all cigarettes manufactured in america and imported "
tobacco,1900,1,1421,537,6.6217,True,"for tobacco. the peculiar aroma which issued from the pipe of a member of a company, of which i was one, .promptod me to ask the smoker what kind of tobacco he w..."
tobacco,1900,1,1421,538,6.6271,True,the tobacco trade war. fighting the enemy in their own country. despatches from; -va-ri7o-i-i; tobacco states in the south (says a washington telegram) show that...
tobacco,1900,1,1421,539,6.6304,True,"parliament and the tobacco tax matters in the house of commons during the past week were unexpectedly lively in connection with the discussion on the budget resolution, and whe..."
tobacco,1900,1,1421,540,6.6321,True,"bread or tobacco. ""let me tax your food,"" says mr. chamber- lain to them, ""and i will take off some of the taxes on your tea, sugar, and tobacco."" but there are sever..."
tobacco,1900,1,1421,541,6.6333,True,"--)*(-- _ right and left cigars. itqs not always because a cigar is badly made that the wra.pper curls up and works off (says ""tobacco worker."") it is often because a right- handed man is smoking a le"
tobacco,1900,1,1421,543,6.637,True,"tobacco growing in ireland. the growth of tobacco in ireland is being fostered under exceptionally favourable con- ditions, the irish agricultural board show..."
tobacco,1900,1,1421,545,6.6384,True,"-- no on% can breathe at n grest.r height than seven miles from the earth. -- people who use tobacco to a groat degree' two rarefy rtofferere from oho:era. --- about 1,300,000 settaon tickets are held"
tobacco,1900,1,1421,548,6.6439,True,"how tobacco is cut. equally interesting is the ""grand cut"" cutting machine which slices the slabs of tobacco at the rate of 400 cuts each minute by means of kniv..."
tobacco,1900,1,1421,549,6.6489,True,"money sneezed away. more than two million pounds of tobacco are sneezed into the air annually in america, and the value of it is not far from £300,000 when purchased at retail. this does not, of cours"
tobacco,1900,1,1421,550,6.651,True,"only 3d. per oz. our new brand of fine virginia leaf is called key west tobacco. a very high class tobacco for this drawing room, &c. only 4th per oz. stephenson & martin, punch factory, hull. john wr"
tobacco,1900,1,1421,551,6.6512,True,"our fiscal cartoon. his rival's remedy. the government has agreed to allow a rebate of one third of the duty upon all irish-grown tobacco for the next five years."" —vide daily press. mr. bull ""well, i"
tobacco,1900,1,1421,554,6.6564,True,"by apiointment to the c.tc. 4040 american invasion of england. the american tobacco trubt has by purchasing ogdens and co., liverpool, proclaimed war against the english tobacco manufacturers, and whi"
tobacco,1900,1,1421,556,6.6586,True,the queen's pipe. about this a good deal of misunderstanding pre- vails. up to about fifty years ago the tobacco confiscated by the customs officials was removed to the queen's warehouse at the custom
tobacco,1900,1,1421,559,6.6626,True,"supported by tobacco. the curious vestry book, ex- tending from 1723 to 1771, of st. john's ohnroh, hampton, virginia, gives a glimpse of the state of society of that per..."
tobacco,1900,1,1421,560,6.6659,True,"the american war duo peace with honour. many of your readers will tie glad to know that the war between the american tobacco co. (purchasers of ogdens and co., liverpool), and the british imperial tob"
tobacco,1900,1,1421,563,6.6679,True,"only 3d. per oz. our new brand of fine virginia leaf is called key west tobacco. a very high class tobacco for the drawing room, ac. only 4d. per oz. stephenson & martin, punch factory, liull. john wr"
tobacco,1900,1,1421,564,6.6741,True,"about tobacco. it sihould be iaateresting to smokers to read the following notes :----it was in 1624 that james l ordered, by proclamation, that thenceforth no tob..."
tobacco,1900,1,1421,565,6.6741,True,"boys i.-nd tobacco. brother e. h. thompson, of lincoln, i moved that the cotlieffqlao call upon the government to pass a bill to suppress the sale of tobacco to childre..."
tobacco,1900,1,1421,566,6.6786,True,"the counterblast. our own king james i. issued his notorious ""eounterbla.ste,"" in which he said that tobacco w&s the lively ima.ge and pattern of hell, and bad in it all the vim; of the world whereby "
tobacco,1900,1,1421,567,6.6786,True,"are obtainable in perfection from d. steels, woolpack inn, beverley. s. & m.'s punch brand lias proved after 12 years' experience i'iie best tobacco in beverley. rich, cool, sweet, and pleasant."
tobacco,1900,1,1421,568,6.6797,True,the queen's pipe. about this a good deal of misunderstanding pre- vails. up to about fifty years ago the tobacco confiscated by the customs officials was removed to the queen's warehouse at the custom
tobacco,1900,1,1421,569,6.6804,True,"the world's smokers. how much tobacco is consume in a year. the amount of tobacco oomuin.,i 1,7 woritre ellsapere is 611011111 in s rvperc the united states governuent. total weight of to..."
tobacco,1900,1,1421,571,6.6875,True,"irish tobacco. in .the house of commons on monday, mr. plunket informed mr.. w. redmond that it had been proved that tobacco could be grown luxuriantly in ireland...."
tobacco,1900,1,1421,572,6.6885,True,"tho qucon's dizliko to tobacco. the queen (says the ""free lance ""i followed the example of her ancestor james i. in disliking the fragrant weed, and for long the smoking-rooms at t..."
tobacco,1900,1,1421,573,6.6952,True,"the american war ended: peace with honour. many t 4 your readers wilt ne glad to know :that the war 'between the american tobacco co. (i,urehaier.l of ogdesis and co., liverpool), and i the british im"
tobacco,1900,1,1421,574,6.6959,True,"my lady nicotine. some people incline to the opinion that tobacco acts as a stimulant to the brain, and that the seductive weed is a, great help in grappling with the problems of every day life. doubt"
tobacco,1900,1,1421,576,6.7007,True,"...dlesbrough,. hot week, mr r. -knderowi, district /manager for robert deuchar, ltd., on be half of a few friends, presented a silver- mounted pipe and tobacco puich t"
tobacco,1900,1,1421,577,6.7008,True,"the american war __ended: peace with honour. many of your readers wilt ne glad to know that the war between the american tobacco co. (purchasers of ogdens and co., liverpool), and the british imperial"
tobacco,1900,1,1421,578,6.7011,True,"...yesterday mentioned a rumour that sir redvers buller had been offered the australian command, but the journal in question discredited the report. the tobacco w"
tobacco,1900,1,1421,579,6.7019,True,"pipe smo)ing. as important as the condition of the tobacco emceed is the state of the pipe de sejf. a straight ditste with • wide bore to the genii is the says the ""globe,"" bee cause it is easy to cle"
tobacco,1900,1,1421,580,6.7022,True,"the tobacco box of st. margaret's, westminster. strangers new to westminster are a little startled and amused when they are peremptorily asked, have you seen the..."
tobacco,1900,1,1421,581,6.7041,True,"the american war ended peace with honour. many of your readers will be glad to know that the war between the american tobacco co. (purchasers of ogdens and co., liverpool), and the british imperial to"
tobacco,1900,1,1421,583,6.7107,True,the trump card. birmingham tobacconists reeve cionatiered !hie shine:ion with reference to the two great manufacturing combines. it we i re. ported that the american tobacco him- pany'...
tobacco,1900,1,1421,584,6.712,True,british tobacco trust. it is reported in liverpool that the basis] of the imperial tobacco company of greet i britain and ireland (limited) has lisen arrived at by t...
tobacco,1900,1,1421,585,6.7126,True,"supported by tobacco. the curious vestry book, ex- tending from 1723 to 1771, of st. john's ohnroh, hampton, virginia, gives a glimpse of the state of society of that per..."
tobacco,1900,1,1421,586,6.7177,True,"masonic _tobacco dealers. now masonic.' .io:12-,•, entitled the sir walter raleigh, no. 2,837, projected for the purpose of fosterinz an ip.,terest in free.- masonry ..."
tobacco,1900,1,1421,587,6.7181,True,"is tobacco smokinc injurious? this is a question frequently asked, and the i answer sometimes given by persons who never i have smoked or do not understand the ..."
tobacco,1900,1,1421,588,6.7185,True,the tobacco trade war. fighting the enemy in their own country. despatches from; -va-ri7o-i-i; tobacco states in the south (says a washington telegram) show that...
tobacco,1900,1,1421,589,6.7227,True,"smuggled tobacco. ab liverpool n tuesday fritz olmann, 44, and john vildhuis, 29, seamen, were charged with smuggling. the prisoners attempted to sell a quantity of t..."
tobacco,1900,1,1421,590,6.723,True,"1110ist tobacco. at tho liverpool poiice court, on wydnesday, before the stipendiary, francis smith, tobacconist, scotland roai, wa ummonad by thy exi:i.a authoritic..."
tobacco,1900,1,1421,591,6.7248,True,warrington tobacconisis and the trade crisis. proposed combination. a meeting in connection with the warrington and district tobacconists' association was held on thurs...
tobacco,1900,1,1421,592,6.7258,True,"possibilities of the tobacco wail • speaking at the first annual dinner of the wholesale tobacconist? protection associa- tion at the liolborri restaurant onwednesday, the presid..."
tobacco,1900,1,1421,593,6.7268,True,"the leading tobacco and cigar merchants. e. troughton & son invitis inspection of their coigns stork of silver-mounted meerschaum and briar pipes, cigar & cigarette case..."
tobacco,1900,1,1421,595,6.7381,True,"gototios, stiotntoto, ett. vishmongbr's for sale cheap if sold at once.—w. d. & .11.2 f flory. welling, kent. tobacco business for disposal, cheap; owner going 1 abroad —moss, 46 oxford road. manchest"
tobacco,1900,1,1421,596,6.7417,True,"...ishton. for a refresh summer drink, liolgate's sarsaparilla. if suffering from an? chronie complaints try nature's herbs/ remedies. choice cigars and tobacco kept sided' holgate, 83, high street. ris"
tobacco,1900,1,1421,597,6.7461,True,tobacco grown under tents. white cheesecloth tents of an enormous size will rise next spring all over the tobacco dis- trict of connecticut. causing the quit...
tobacco,1900,1,1421,598,6.7463,True,"supported by tobacco. the curious vestry book, ex- tending from 1723 to 1771, of st. john's ohnroh, hampton, virginia, gives a glimpse of the state of society of that per..."
tobacco,1900,1,1421,599,6.7471,True,"by api-ointment to tiie c.tc. 4040 american invasion of england. the american tobacco trust has by purchasing ogdens and co., liverpool, proclaimed war against the el tobacco manufacturers, and which,"
tobacco,1900,1,1421,600,6.748,True,"vllnl9.—riont's tie, worth is.. to introduce australian 12 grown tobacco and • auetrallan cigarettes 3 ozs. tobacco or 50 cigarettes and gift, ii. id. p.o.— colontal tenacco co. of 230.0ity rd.. londo"
tobacco,1900,1,1421,601,6.7487,True,"for tobacco. the peculiar aroma which issued from the pipe of a member of a company, of which i was one, .promptod me to ask the smoker what kind of tobacco he w..."
tobacco,1900,1,1421,602,6.7496,True,"is tobacco smoking injurious this is a question frequently asked, and the answer sometimes given by persons who never have smoked or do not understand the pleas..."
tobacco,1900,1,1421,605,6.7514,True,health aim home. tobacco: pro and con. a recent author gives a summary of the results of his experience of tobacco symptoms as follows: 1. human beings have probably smoked t...
tobacco,1900,1,1421,606,6.7525,True,"by apiointment to the c.tc. 4040 american invasion of england. the american tobacco trubt has by purchasing ogdens and co., liverpool, proclaimed war against the english tobacco manufacturers, and whi"
tobacco,1900,1,1421,607,6.7564,True,"imperial tobacco company the boaus scheme of the imperial tobacco cous;wny was issued to the retaa menibers a the trod' on 'pu,sclay. in the ircular accompanying the ..."
tobacco,1900,1,1421,608,6.7564,True,"the american war ended peace with honour. many of your readers will be glad to know that the war between the american tobacco co. (purchasers of ogdens and co., liverpool), and the british imperial to"
tobacco,1900,1,1421,609,6.7576,True,tobacco and lung disease. the statement that tobacco prevents lung disease seems to be true to a certain extent. it is clear that tobacco and tobacco smoke a...
tobacco,1900,1,1421,613,6.7688,True,tax toaacco pt./arr. it is useless to think of growing tobacco plants for other than purely decorative purposes. so employed as annuals they are among the noblest of garden objects. if grown for consu
tobacco,1900,1,1421,614,6.7693,True,"tobacco and religion. the people of the netherlands, who head the list of tobacco constuners, are inveterate smokers, being rarely seen without a pipe. they ..."
tobacco,1900,1,1421,615,6.7702,True,"the shah's genial habit. it is, however, open to much doubt whether there will be an ounce of tobacco less smoked. tobacco-smoking continued despite the hatred of james 1., who prohibited the cultivat"
tobacco,1900,1,1421,616,6.771,True,"the fragrant weed. in his celebrated ""counterblast to tobacco,' in king james i. described its use as ""acustoe loat- some to the eye, hateful to the nose, harmful to the ""amine, dangerous to the lungs"
tobacco,1900,1,1421,620,6.7772,True,"the american war ended peace with honour. many of your readers will ne glad ""..o know that the war between the american tobacco co. (purchasers of ogden% and co., liverpool), and the british imperial "
tobacco,1900,1,1421,621,6.7784,True,"ministers and the use of tobacco. a freedom in the use of tobacco has long been en- joyed by the clergy in england, but in america it has been different. there, at any rate, until re..."
tobacco,1900,1,1421,622,6.782,True,"the leading tobacco and cigar merchants. e. troughton & son invite inspection of their unique stock of silver-mounted meerschaum and briar pipes, cigar & cigarette cases..."
tobacco,1900,1,1421,623,6.785,True,"with honour. many of your readers win ne glad to know that the war between the american tobacco co. (purchasers of ogdens and co., liverpool), and the british imperial tobacco co., for the cap- ture o"
tobacco,1900,1,1421,624,6.7856,True,"lest you forget ers cf. is delightfully appetising pictorial humour. the tobacconist's. ""please, sir, father wants to know if it is true that there is such a thing as a tobacco trust ?"" y. my lad, the"
tobacco,1900,1,1421,625,6.7857,True,"=me another tobacco combination. a capital of ten millions. the ""irish times"" says :—negotiations are actively proceeding for forming another com- bination of british an..."
tobacco,1900,1,1421,626,6.7857,True,"-)*(- genius and tobacco. tobacco has been th parbiculat solace of mem of genius. spensar. raleigh, and shakespeare smoked burton praised wham° as the so,voroign remedy for a..."
tobacco,1900,1,1421,628,6.7872,True,tobacco and lung disease. the statement that tobacco prevents lung disease eeeme to be true to a certain extent. it is clear that tobacco and tobacco smoke a...
tobacco,1900,1,1421,629,6.7877,True,health aim home. tobacco: pro and con. a recent author gives a summary of the results of his experience of tobacco symptoms as follows: 1. human beings have probably smoked t...
tobacco,1900,1,1421,630,6.7881,True,the pipe of peace. will ttle tobacco war break out again ilit connection with the bonus scheme of i the imperial tobacco computiy a circular has been tamed by the um e i kingdom tobacco ...
tobacco,1900,1,1421,631,6.7884,True,"art and literature in advertising. a writer in ""the people"" states that john fraser for over forty years was the life and soul of cope's tobacco factory at. liverpool, and was one of the first, if not"
tobacco,1900,1,1421,632,6.7916,True,the board and smoking. the board went on to consider the desira- bility or otherwise of snpplying tobacco to tha aged male inmates. mr farrow (workhouse master) said he had supplied the whole gi the m
tobacco,1900,1,1421,633,6.7929,True,".6. lady who sin*ad. in his autobiography george francis train says ""my old grandmother smoked what was known ia nigavirhead tobacco in a little clay pipe. the pipes cost about one cent apiece. i used"
tobacco,1900,1,1421,635,6.795,True,"the 'impf•rial tobacco company. the imperial ,tobacco company at bristol on thursday thstrnbut:a to customers, wholesale and retail, who ha,d signed the company's con- trac..."
tobacco,1900,1,1421,636,6.7955,True,how b.d.v. tobacco is packed. the process of packing rda' tobacco into the well known one ounce foil packets is accomplished by a machine of marvellous ingenuity. the d...
tobacco,1900,1,1421,638,6.8004,True,wholinalb and bwtail tobacco and cloaarrtis and fancy tobaccos at cigar dialer
tobacco,1900,1,1421,640,6.8049,True,"proved to be the best tobacco sold, cool, sweet, awl pleasant—a 31d. tobacco for 3d. andrew marvel rich dark flake, guaranteed the best dark tobacco, only 3d. per oz. our new bran..."
tobacco,1900,1,1421,641,6.8061,True,• kisses and tears. tobacco king's cha'fices acain3t his wiie. once famous in england for his attempt to capture the tobacco trade in this country for the benefit of the trust o...
tobacco,1900,1,1421,642,6.8069,True,the tobacco trade. proposed association for middlesbro' and district. a very representative meeting of local toliaceoniste was held on friday • night of last wee...
tobacco,1900,1,1421,643,6.8078,True,"the workman's tobacco. effect oflthe chancellor's amateur finance."" i sir john willox, m.p., presiding at the annual meet- ing this week of messrs. cope, brothers, and co...."
tobacco,1900,1,1421,645,6.8108,True,"at the general roar as • newspaper houghton, wiolmialii and retail tobacco and cigar mules."
tobacco,1900,1,1421,647,6.8131,True,"another tobacco deal. it is reported that j. and f. bell, limited, wholesale tobacco merchants, of gtasgow, have convened a special meeting of share- holders with a ..."
tobacco,1900,1,1421,648,6.8164,True,"alcohol and tobacco. alcohol is not necessary to healthy persons. and waist own would he better without it. many diseases are. no, doubt. produced by the abuse of alcoho..."
tobacco,1900,1,1421,649,6.8166,True,"gouldens ltd. prices to suit all! established ss team. hargraves' tobacco manltactory. 448 wan street. manchester. aii deneri pwm a pia's sad fancy fq ba 000 s, cigars, cigarettes, sad cffs. tobaccos "
tobacco,1900,1,1421,652,6.8203,True,"-)*(- genius and tobacco. tobacco has been th parbiculat solace of mem of genius. spensar. raleigh, and shakespeare smoked burton praised wham° as the so,voroign remedy for a..."
tobacco,1900,1,1421,653,6.8206,True,"imawnimiiinawiommiammiioi whitaker's, the brewery, halifax. views. s a conscientious protest against the iniquities of the new tobacco tax quite a number of halifax people have changed their smok- ing"
tobacco,1900,1,1421,654,6.8214,True,"possibilities of the tobacco wail • speaking at the first annual dinner of the wholesale tobacconist? protection associa- tion at the liolborri restaurant onwednesday, the presid..."
tobacco,1900,1,1421,656,6.8272,True,"only 3d. pee oz. our new brand of fine virginia leaf is called key west tobacco. a vory hie) class tobacco for the drawing room, &a. only 44. per oz. stephenson & martin, punch factory, hull john wrig"
tobacco,1900,1,1421,657,6.8275,True,"are obtainable in perfection from i). steels, woolpack inn, beverley. s. & m.'s punch brand lias proved alter ia years' experience; tile best tobacco in beverley. izich, cool, sweet, and pleasant. onl"
tobacco,1900,1,1421,658,6.8284,True,"... impudent fraud. walla3ey police court on wedne3day, aithur young, 25, richmond-street, new brighton, was charged with obtaining 19s. 2.1 d. worth of tobacco froth bert green by false pre- tences. i"
tobacco,1900,1,1421,659,6.834,True,"the tobacco war. a mass meeting of representatives of the retail tobacco trade of the united kindgdom was held in london on wed- nesday, mr. gallagher presiding,..."
tobacco,1900,1,1421,660,6.8347,True,"imperial tobacco company the boaus scheme of the imperial tobacco cous;wny was issued to the retaa menibers a the trod' on 'pu,sclay. in the ircular accompanying the ..."
tobacco,1900,1,1421,661,6.8361,True,"a word for timacm. there -an be no doubt. i think, on the whole tobacco represents a harmless form of enjoy- ment to those who use it in moderation, and with idiom it agrees. i have said that tobacco "
tobacco,1900,1,1421,662,6.8442,True,a monstrous thing to go back on the taxes proposed on leer end tobacco in order to put them on tea. (applause.) he was quite nears that the present proposals in regard to the taxation of licences migh
tobacco,1900,1,1421,663,6.8444,True,"tobacco-growing and crime. the royal prohibitions clearly show that nhilst, generally, tobacco is regarded as an essentially tropical product, it has been su..."
tobacco,1900,1,1421,664,6.8458,True,".6. lady who sin*ad. in his autobiography george francis train says ""my old grandmother smoked what was known ia nigavirhead tobacco in a little clay pipe. the pipes cost about one cent apiece. i used"
tobacco,1900,1,1421,665,6.8485,True,"american invasion of england. the american tobacco trust has by purchasing ogdens and co., liverpool, proclaimed war against the english tobacco manufaoturers, and which, if victorious, will prove dis"
tobacco,1900,1,1421,667,6.8557,True,the tobacco war. at a meeting of birmingham tobacconist* on tuesday night to reconsider the situatic:n with reference to the two great tobacco combinesl it was r...
tobacco,1900,1,1421,668,6.857,True,"the tobacco trade war. mr. dukes counter to the imperial company. an astonishing offer. a, a counter proposal to the offer of the im- perial tobacco company, ogd..."
tobacco,1900,1,1421,669,6.8573,True,...f industrial poultry keepino. the american war ended: peace with honour. many of your readers will be glad to know that the war isitween the american tobacco co. (purchasers of ogdens 
tobacco,1900,1,1421,670,6.8574,True,that some famous men. who were sated by cigars. this may not he • sufficient excuse for %rating a fondness for tobacco in general and expensive cigars in particular—il elem. needed—but it is strangely
tobacco,1900,1,1421,672,6.8594,True,"excessive moisture in tobacco. at the liverpool police court on wednes- day messrs. william clarke and sons, ltd., tobacco manufacturers, were summoned on four informations for ma..."
tobacco,1900,1,1421,673,6.8623,True,"is smoking injurious? a philanthropic offer by a world famed tobacco planter. mr. saruuda the famous tobacco planter, cigar and cigarette maker, has made an unparalleled offer to the editor of the ""da"
tobacco,1900,1,1421,674,6.8626,True,"ur. good anecdotes. naval and general the handy man at it again. a sailor wished to smuggle some tobacco from portsmouth dockyard, so he asked the policeman who was on duty at the gate, being an old f"
tobacco,1900,1,1421,675,6.8639,True,"advice to smokers. human beings have probably smoked tobacco longer than history has been. the practice in china is of undoubted great antiquity, and there is reason to believe that it was common to t"
tobacco,1900,1,1421,676,6.8642,True,"h. houghton, wholesale and retail tobacco and cigar dealer, acumen= and fancy tobaccos at lowelif cash mm. plumb givi us • tria/4 note os address:— 1, thz brims. rotherham. full reports of al..."
tobacco,1900,1,1421,677,6.8646,True,"tobacco on the battlefield. nothing that the war in %unit' africa has dentonsirated has been, as the ""lance..."" point, (it, more marked than the important pa..."
tobacco,1900,1,1421,678,6.8666,True,"are obtainable in perfection from d. steels, woolpack inn, beverley. s. & m.'s punch brand 11as proved a ter 12 years' experience. ite best tobacco in beverley. rich, cool, sweet, and pleasant. only 3"
tobacco,1900,1,1421,679,6.8689,True,new tobacco pmces. it was announoedd brietot on friday that in consequence of the additional duty of 8d ou manufactured tobacco the im- perial tobacco company ha...
tobacco,1900,1,1421,680,6.8692,True,"parliament and the tobacco tax matters in the house of commons during the past week were unexpectedly lively in connection with the discussion on the budget resolution, and whe..."
tobacco,1900,1,1421,682,6.8737,True,"is tobacco smoking injurijjs this is a question frequently asked, and the answer sometimes given icy persons who nevei have smoked or do not understand the plea..."
tobacco,1900,1,1421,683,6.8771,True,"to appease hunger. the sailors of elizabeth. tilt- first english smokers, took tobacco to appease their hunger and relieve the privations of their exploration of the new world. hut the remedy hreame t"
tobacco,1900,1,1421,684,6.8779,True,"""trust."" a little boy entered a tobacconist's shop, and approaching the counter, asked in a squeaky voice: ""please, sir, father wants to know if it is true that there is such a thing as a t..."
tobacco,1900,1,1421,686,6.8795,True,hidden tobacco. seagoing engineer has to pay £8 its at middlessrougi-l alexander mclntyre. chief engine bbe s.s. brilliant. pleaded guilty at mid- dlesbrough on tue...
tobacco,1900,1,1421,687,6.8795,True,"sale of tobacco on a sunday in scotland. the sale of tobacco was permitted in bygone times in scotland. it was reprdal as a neoe,eity, and is rtf rrt‘d to in the par..."
tobacco,1900,1,1421,688,6.8809,True,"tobacco man li fact uld rs' fin ed. at the liverpool police court, on wednesday, messrs. goodbody and sons, tobaeco ins nu facturt-rs, of london, liverpool, ..."
tobacco,1900,1,1421,689,6.8817,True,"the american war bred peace with honour. many or your readers will be glad to know that the war between the american tobacco co. (purchasers of ogdens and co., liverpool) and the british imperial toba"
tobacco,1900,1,1421,691,6.8833,True,"the fragrant weeds though -tobacco smoking is not a necessity, but only a habit, the practice of indulging in a puff or two of the fragrant weed is almost uni- versal. it is a habit no..."
tobacco,1900,1,1421,692,6.8849,True,"how tobacco is cut. equally interesting is the ""grand cut"" cutting machine which slices the slabs of tobacco at the rate of 400 cuts each minute by means of kniv..."
tobacco,1900,1,1421,693,6.8858,True,british tobacco trust. it is reported in liverpool that the basis] of the imperial tobacco company of greet i britain and ireland (limited) has lisen arrived at by t...
tobacco,1900,1,1421,695,6.8872,True,"the tobacco 'trade combines. (to the editor of the ""lancaster standard."") read the article in the last issue of the ""standard,"" headed the tobacco duel."", and wa..."
tobacco,1900,1,1421,696,6.8889,True,"only 3d. per oz. our new brand of fine virginia leaf is called key west tobacco. a very high class tobacco for the drawing room, jo. only 4d. per oz. c. ware & sons, for waterproof covers, oil coats, "
tobacco,1900,1,1421,697,6.8889,True,"australian tobacco. our colonies are not only assisting the mother country with thousands of mounted troops for the prosecution of the boer war, in order to bring it to..."
tobacco,1900,1,1421,701,6.8923,True,"• gunpowder in ci l ii during th,. ow go- vernment lahoratoly luet pnir of tobacco ,nepefted of aanitetation nineteen stintulee of cigarettes were found, aolording to the rt.port ieetted 011 nloutlay."
tobacco,1900,1,1421,703,6.8964,True,"tobacco without duty. rs you 8110/le it will pay you to visit mo °abe's tobacco store, clevrl and-street postoffice,"
tobacco,1900,1,1421,704,6.9009,True,"warrington tobaooonisis and trade developments. mr hey, of the united kingdom tobacco dealers' alliance, addressed a meeting of tobacconists at the florsemarket-street cocoa rooms, warrington, on tues"
tobacco,1900,1,1421,705,6.9011,True,"australian tobacco. our colonies are not only assisting the mother country with thousands of mounted troops for the prosecution of the boer war, in order to bring it to..."
tobacco,1900,1,1421,706,6.9018,True,"the tobacco plant. the favourite species of tobacco plant fo, garden culture is nicotiana afeni& whieh may be easily raised from seed sown in beet in the earrly ..."
tobacco,1900,1,1421,707,6.9047,True,"...sday five of the crew of the steamer fenton, named good.- feller, sauter, baldridge, baffe, forster, and dixon, were charged with smuggling 1201bs of tobacco, a "
tobacco,1900,1,1421,708,6.905,True,"how tobacco is cut. equally interesting is the ""grand cut"" cutting machine which slices the slabs of tobacco at the rate of 400 cuts each minute by means of kniv..."
tobacco,1900,1,1421,709,6.9075,True,"a choice cigarette. sudlow's special silk cut cigarettes guaranteed hand-made from pure virginian tobacco bd. per oz., 2s. 6d. per ib. box. t. sudlow & co., cigar, merchants, 15, winwick st., and 65. "
tobacco,1900,1,1421,710,6.9093,True,"nicotine in tobacco. a number of frocesises have been devised for removing from tobacco its harm- ful ingredients, especially the niootine bud the trouble is that the .r..."
tobacco,1900,1,1421,711,6.9094,True,"tii ro win gt tobacco to convicts a case of an unusual character was heard at lewes police court on tuesday, when george chapman, the four-in-hand whip, was sum- moned for..."
tobacco,1900,1,1421,713,6.9104,True,"are obtainable in perfection from 1). steels, woolpack inn, beverley. s. & m.'s punch brand lias proved after 12 years' experience tim best tobacco in beverley. rich, cool, sweet, and pleasant. only d"
tobacco,1900,1,1421,714,6.9112,True,"read this. in order to determine with any claim to scien- tific accuracy the nature and effect of tobacco upon the human system, it is necessary to observe its action, not only upon the individual use"
tobacco,1900,1,1421,715,6.9119,True,the pipe of peace. will ttle tobacco war break out again ilit connection with the bonus scheme of i the imperial tobacco computiy a circular has been tamed by the um e i kingdom tobacco ...
tobacco,1900,1,1421,716,6.9121,True,"supported by tobacco. the curious vestry book, ex- tending from 1723 to 1771, of st. john's ohnroh, hampton, virginia, gives a glimpse of the state of society of that per..."
tobacco,1900,1,1421,719,6.9183,True,"tobacco growing in ireland. the growth of tobacco in ireland is being fostered under exceptionally favourable con- ditions, the irish agricultural board show..."
tobacco,1900,1,1421,720,6.9185,True,"egyptian tobacco. probably few smokers of egyptian cigarettes trouble themselves greatly where the tobacco they enjoy comes from, and if asked would answer, ""egypt, o..."
tobacco,1900,1,1421,721,6.9194,True,tobacco and lung disease. the 6teternent that tobacco prevents lung disease seems to be true to a certain extent. it is clear that tobacco and tobacco smoke ...
tobacco,1900,1,1421,722,6.9197,True,"big tobacco combine that liverpool daily p.vt of 'tuesdayl announces on authority that the director= of the tobacco firm of ogden, limited, will shortly submit t..."
tobacco,1900,1,1421,723,6.92,True,"australian tobacco. our colonies are not only assisting the mother country with thousands of mounted troops for the prosecution of the boer war, in order to bring it to..."
tobacco,1900,1,1421,724,6.9236,True,cigarette suicide. -- doctors differ about the evils of smoking. diverse views on the effecs of tobacco smoking on the individual and the nation were or-p.n.s:zed by members of the british medical ass
tobacco,1900,1,1421,727,6.9332,True,"raid on a tobacco shop good boys in trouble. the chief and cigarette smoking. two lifteen-year-old boys named richard cowen townie. lydia-street. and albert mulhall, h..."
tobacco,1900,1,1421,728,6.9359,True,"can 111 had now at r. hoyle, 18 and 108, oxton•road. ttlephonii 275 clauauton. fond tobacco duty. foil finest tobacco cigars and cigarettes try the tobacco warehouse, zdeveland-street post-office. mar"
tobacco,1900,1,1421,729,6.9361,True,folstot's idea. moreover. though fashion has vetoed tobacco as vulgar at various times. the world at large has remained constant to the herb. tolstoy's idea i 3 that man smokes not for pleasure nor by
tobacco,1900,1,1421,730,6.9424,True,"proved to be the best tobacco sold, cool sweet, and pleasant—a 31a. tobacco tor 3d. andrew marvel rich dark flake, guaranteed the best dark tobacco, only 3d. per oz. our new brand..."
tobacco,1900,1,1421,734,6.9464,True,"is smoking injurious? a philanthropic offer by a world famed tobacco planter. mr. samuda the famous tobacco planter, cigar and cigarette maker, has made an unparalleled offer to the editor of the ""dai"
tobacco,1900,1,1421,737,6.9524,True,the tobacco trade war. fighting the enemy in their own country. despatches from; -va-ri7o-i-i; tobacco states in the south (says a washington telegram) show that...
tobacco,1900,1,1421,738,6.9531,True,"australian tobacco. our colonies are not only assisting the mother country with thousands of mounted troops for the prosecution of the boer war, in order to bring it to..."
tobacco,1900,1,1421,739,6.9533,True,how natters stand. the present position in the tobacco trade is indicated by the following four facts:— ogden'. agreement has been signed by several thousand tradem throughout thu couctry. • • • • a n
tobacco,1900,1,1421,741,6.9574,True,"proved to be the best tobacco sold, cool, sweet, awl pleasant—a 31d. tobacco for 3d. andrew marvel rich dark flake, guaranteed the best dark tobacco, only 3d. per oz. our new bran..."
tobacco,1900,1,1421,742,6.961,True,tobacco and lung disease. the 6teternent that tobacco prevents lung disease seems to be true to a certain extent. it is clear that tobacco and tobacco smoke ...
tobacco,1900,1,1421,743,6.9614,True,"australian tobacco. our colonies are not only assisting the mother country with thousands of mounted troops for the prosecution of the boer war, in order to bring it to..."
tobacco,1900,1,1421,744,6.9624,True,"gvateful—comforting. cocoa is tobacco smoking injuriojs this is a question frequently asked, and the answer sometimes given hy persons who never have smoked or do not understand the pleas..."
tobacco,1900,1,1421,747,6.9665,True,tobacco and lung disease. the statement that tobacco prevents lung disease eeeme to be true to a certain extent. it is clear that tobacco and tobacco smoke a...
tobacco,1900,1,1421,748,6.9671,True,"colossal tobacco factory. the tremendous and rapid growth in popu- larity during recent year,, of ogden's guinea- gold cigarettes, is evinced before the public in a h..."
tobacco,1900,1,1421,749,6.9671,True,"healthy bodies. stanton's boots mean dry feet and s. & m.'s punch brand has proved ak ter 12 years' experience the best tobacco in beverley. rich, cool, sweet, and pleasant. only 3d. per oz. sold ever"
tobacco,1900,1,1421,750,6.9672,True,"unlawful possession of tobacco. at the liverpool police couo, on wednesiay, before it. robert hadden and dr. cross, a coloured man named altert jonea was charged with having been i..."
tobacco,1900,1,1421,751,6.9683,True,"=me another tobacco combination. a capital of ten millions. the ""irish times"" says :—negotiations are actively proceeding for forming another com- bination of british an..."
tobacco,1900,1,1421,752,6.9699,True,tobacco and lung disease. the statement that tobacco prevents lung disease seems to be true to a certain extent. it is clear that tobacco and tobacco smoke a...
tobacco,1900,1,1421,754,6.9747,True,"the american war ended: peace wiih honour. many of your read, rs will be glad to know that the war between the american tobacco co. (purchasers of ogdens and co., liverpool), and the british imperial "
tobacco,1900,1,1421,756,6.9766,True,"tobacco-sm. °king by boys. i hear with infinite pleasure that an act of parliament may are long be passed against the seaing, of to- bacco to boys. my reader..."
tobacco,1900,1,1421,757,6.9769,True,"the american war ended: peace with honour. many of your readers wit' oe glad :o know that the war between the american tobacco co. (purchasers of ogden& and co., liverpool), and the british imperial t"
tobacco,1900,1,1421,758,6.9786,True,"the tobacco war. a mass meeting of representatives of the retail tobacco trade of the united kindgdom was held in london on wed- nesday, mr. gallagher presiding,..."
tobacco,1900,1,1421,759,6.9833,True,"american invasion of england. the american tobacco trust has by purchasing ogdens and co., liverpool, proclaimed war against the english tobacco manufacturers, and which, if victorious, will prove dis"
tobacco,1900,1,1421,760,6.9855,True,aphides' green fly. tobacco water or soapy qu4sbia water is effectual. es is powdered pyrethrum (the persian and dalmatian insect powders) of com- merce) or tobacco if applied t...
tobacco,1900,1,1421,761,6.9871,True,"the american war ended: peace with mohr. many of your readers will be glad to know that the war between the american tobacco co. (purchasers of ogdens and co., liverpool) and the british imperial toba"
tobacco,1900,1,1421,762,6.9871,True,"tobacco-growing in yorkshire. but again in the eighteenth century, when the american colonies waged war for their in- dependence, and so deprived britons of ..."
tobacco,1900,1,1421,763,6.988,True,"australian tobacco. our colonies are not only assisting the mother country with thousands of mounted troops for the prosecution of the boer war, in order to bring it to..."
tobacco,1900,1,1421,764,6.99,True,"gvateful—comforting. cocoa is tobacco smoking injuriojs this is a question frequently asked, and the answer sometimes given hy persons who never have smoked or do not understand the pleas..."
tobacco,1900,1,1421,765,6.9923,True,reply. thank you very much for the tobacco. i have tried it and like it. when smoking it gives off a pleasant aroma which i have not noticod in any other kind of tobacco. i usually smoke— —mix...
tobacco,1900,1,1421,766,6.9927,True,"sale of tobacco on a sunday in scotland. the sale of tobacco was permitted in bygone times in scotland. it was reprdal as a neoe,eity, and is rtf rrt‘d to in the par..."
tobacco,1900,1,1421,767,6.9933,True,"""an honest maw' steal, tobacco and post cards. an unkempt man named john dadey, of ircil stated address, appeared before the magis- trates at the borough polic€ court on wed- needa..."
tobacco,1900,1,1421,768,6.9962,True,"australian tobacco. our colonies are not only assisting the mother country with thousands of mounted troops for the prosecution of the boer war, in order to bring it to..."
tobacco,1900,1,1421,769,6.9966,True,"the american war ended: peace: with honour. many of your readers will ne glad to know that the war between the american tobacco co. (purchasers of ogdens and co., liverpool), and the british imperial "
tobacco,1900,1,1421,770,6.9995,True,"... from lucerne yesterday at three p m, states that lard salisbury is better, and will probably leave his bed in the course of the afternoon. the rival tobacco 1 "
tobacco,1900,1,1421,771,7.0,True,"who is the man who is always asking for tobacco at the old powell pits is going tio start a tobacco shop who were the young ladies that fell over the ash bucket on monday night, which had been left..."
tobacco,1900,1,1421,772,7.0014,True,tobacco: pro and con. a recent author gives a summary of the results of his experience of tobacco symptoms as follows: 1. human beings have probably smoked t...
tobacco,1900,1,1421,773,7.0024,True,"the american war ehded: peace with honour. many of your readers wilt ne glad to know that the war 'between the american tobacco co. (purchasers of ogdens and co., liverpool), and the british imperial "
tobacco,1900,1,1421,774,7.0034,True,"american invasion of england. the american tobacco trust has by purchasing ogdens and co., liverpool, proclaimed war against the english tobacco manufaoturers, and which, if victorious, will prove dis"
tobacco,1900,1,1421,775,7.0049,True,"uses of tobacco juice. talmo juice, rich is nicotine and warmated."" is kept for sale still tobacconists' in frames. ft it tested by the govirsont. mid costal= ave to..."
tobacco,1900,1,1421,776,7.0062,True,"early tobacco pipes when tobacco was first introduced into england, says mr. macartney in an article on old english pipes in the ""connoisseur,"" which, by the way, ..."
tobacco,1900,1,1421,778,7.0114,True,"rothmitaii west riding monday.—before moors. r. o. eleanibere (in the chair). r. dyson. arc! j. goodin•on. theft of tobacco etc., at swallow- nest.—&ssi smith and alfred briggs. both of swallowart, we"
tobacco,1900,1,1421,779,7.0121,True,"a monstrous thing to go back on the taxes proposed on leer and tobacco in order to put them on tea. (applause.) he was quite aware that the, present proporals ,in regard to the taxation of licences mi"
tobacco,1900,1,1421,780,7.0125,True,"read this. in order to determine with any claim to scien- tific accuracy the nature and effect of tobacco upon the human system, it is necessary to observe its action, not only upon the individual use"
tobacco,1900,1,1421,781,7.0162,True,"the amoincan war ended: peace: with honour. ilmf-i many of your readers will ne glad to know that the war between the american tobacco co. (purchasers of ogdens and co., liverpool), and the british im"
tobacco,1900,1,1421,782,7.0163,True,"train up a child. william edward owen, aged 17, was charged at the liverpool police court, on satuiday, with stealing tobacco from his employets, the richmond cavendish company, limited, and the fathe"
tobacco,1900,1,1421,783,7.0165,True,"smoker's enemies. there are two kinds of insects that do dreadful injury to the tobacco crops—one a kind of horn worm and the other an insect known as the ""piojo."" the horn worm twists itself round th"
tobacco,1900,1,1421,785,7.0182,True,"do to smoke? one man's experience. as a youngster in the army, thirty odd years ago,"" writes a smoker in the new york sun, i smoked plug tobacco and liked it; used to cut off thin shavings, across the"
tobacco,1900,1,1421,786,7.0208,True,"hargraves' tobacco manufactory. 44. sivarniiiiaitiiiikaintrma. liii et plain sod rincy mon cigars. cioakcppes, ead triserm lissetottory4 to order oed ornew led tromdi_ ..."
tobacco,1900,1,1421,790,7.0231,True,"is tobacco smoking injurious? this is a question frequently asked, and the answer sometimes given by persons who never have smoked or do not understand the plea..."
tobacco,1900,1,1421,791,7.0248,True,"ur. good anecdotes. naval and general the handy man at it again. a sailor wished to smuggle some tobacco from portsmouth dockyard, so he asked the policeman who was on duty at the gate, being an old f"
tobacco,1900,1,1421,793,7.0255,True,"australian tobacco. our colonies are not only assisting the mother country with thousands of mounted troops for the prosecution of the boer war, in order to bring it to..."
tobacco,1900,1,1421,795,7.0261,True,tobacco grown under tents. white cheesecloth tents of an enormous size will rise next spring all over the tobacco dis- trict of connecticut. causing the quit...
tobacco,1900,1,1421,798,7.0294,True,"whitefriari american invasion of england. the american tobacco trust has by purchasing owens and co., liverpool, proclaimed war against the english tobacco manufacturers, and whioh, if victorious, wil"
tobacco,1900,1,1421,799,7.0319,True,"i mitablishild a years. hargraves' tobacco manufactoiii% 44 sway street. manchester. dmeription• of plain • d fancy tobaocco. churn, cio and u mdtotztiza—of.otored to order sod guano to low. b..."
tobacco,1900,1,1421,800,7.0337,True,"is tobacco smoking injurious? this is a question frequently asked, and the answer sometimes given by persons who never have smoked or do not understand the plea..."
tobacco,1900,1,1421,802,7.0366,True,"the tobacco combines. according to a bristol correspondent, it may be taken as beyond doubt that negotia- tions are in actual progress between the im- perial tob..."
tobacco,1900,1,1421,804,7.0414,True,"australian tobacco. our colonies are not only assisting the mother country with thousands of mounted troops for the prosecution of the boer war, in order to bring it to..."
tobacco,1900,1,1421,805,7.0437,True,"the american war ended peace with honour. many of your readers will ne glad to know that the war between the american tobacco co. (purchasers of ogdens and co., liverpool), and the british imperial to"
tobacco,1900,1,1421,806,7.0452,True,"is tobacco smoking injurious? this is a question frequently asked, and the i answer sometimes given by persons who never have smoked or do not understand the pl..."
tobacco,1900,1,1421,808,7.052,True,"australian tobacco. our colonies are not only assisting the mother country with thousands of mounted troops for the prosecution of the boer war, in order to bring it to..."
tobacco,1900,1,1421,809,7.0521,True,"the tobacco trade war. mr. dukes counter to the imperial company. an astonishing offer. a, a counter proposal to the offer of the im- perial tobacco company, ogd..."
tobacco,1900,1,1421,810,7.0537,True,"the american war ended; peace; with honour. many of your readers wilt be glad to know that the war between the american tobacco co. (purchasers of ogdens and co., liverpool), and the british imperial "
tobacco,1900,1,1421,811,7.0554,True,"by appointment to the c.tc. 4040 american invasion of england. the american tobacco trust has by purchasing ogdens and co., liverpool, proclaimed war against the english tobacco manufacturers, and whi"
tobacco,1900,1,1421,812,7.0567,True,istablishild ii years. hargraves' tobacco manufactory. max =rr= manc838773.. i01311a0001d.“'ip. ti*.cioar34 pcitnioarevriaiioorcy @ncipfi). toiroote maoultotanti to chao mei ilionso teal tott...
tobacco,1900,1,1421,813,7.0576,True,"nicotine in tobacco. a number of frocesises have been devised for removing from tobacco its harm- ful ingredients, especially the niootine bud the trouble is that the .r..."
tobacco,1900,1,1421,815,7.0638,True,reply thank you very much for the tobacco. i have tried it and like it. when smoking it gives off a pleasant aroma which i have not noticed in any other kind of tobacco. i usually smoke---mix...
tobacco,1900,1,1421,816,7.0646,True,"the american war ended: peace: with honour. many of your readers will de glad to know that the war between the american tobacco co. (purchasers of ogdens and co., liverpool), and the british imperial "
tobacco,1900,1,1421,817,7.0648,True,"the first tobacco pipes. prehistoric pipes arc known to have been fashioued and amoked by ancient and now extinct. mem, of america—namely, the mould builders of that p..."
tobacco,1900,1,1421,818,7.0654,True,"is tobacco smokinc injurious this is a question frequently asked, and the answer sometimes given by persons who never have smoked or do not understand the pleas..."
tobacco,1900,1,1421,822,7.0841,True,"=me another tobacco combination. a capital of ten millions. the ""irish times"" says :—negotiations are actively proceeding for forming another com- bination of british an..."
tobacco,1900,1,1421,825,7.0851,True,"per:i-ecuted smokers. mr josaph hatton says it is strange that america, which owes so much to the call- tivation of tobacco, should have been tho roost severe persecutor of the smoker. the magistrates"
tobacco,1900,1,1421,827,7.0889,True,"australian tobacco. our colonies are not only assisting the mother country with thousands of mounted troops for the prosecution of the boer war, in order to bring it to..."
tobacco,1900,1,1421,828,7.0893,True,"a small preference of id. per lb. on butter as against russian or french butter, or ill regard to tobacco, which had been grown successfully in ire- land within recent years, the prime minis- ter stat"
tobacco,1900,1,1421,829,7.0931,True,"is tobacco smoking injurious? this is a question frequently asked, and the i answer sometimes given by persons who never have smoked or do not understand the pl..."
tobacco,1900,1,1421,830,7.0963,True,fire at a liverpool tobacco factory. about tine° o'clock yesterday moreinz the licerviel fire eitizade weie (alai to a fire at the tobacco manufactory of the richmond cavendilt ...
tobacco,1900,1,1421,831,7.0965,True,"the american war ehded: peace: with honour. many of your readers will oe glad to know that the war between the american tobacco co. (purchasers of ogdens and co., liverpool), and the british imperial "
tobacco,1900,1,1421,833,7.0989,True,"is tobacco smoking injurious? this is a question frequently asked, and the answer sometimes given by persons who never have smoked or do not understand the plea..."
tobacco,1900,1,1421,834,7.0993,True,"is the habitual use of tobacco injurious? a paper read at the kilnhurst church institute. 42, high extensive"
tobacco,1900,1,1421,836,7.1001,True,"the tobacco trade war. all manufacturers of tobacco, importers, and leading members of the trade, irrespec- tive of trusts, combines, or companies, have been inv..."
tobacco,1900,1,1421,837,7.1034,True,"new tobacco trust. i negotiations are fictively proceeding for forming ar.other tombination of british and irish tobacco manufacturers. whether the ,scherne will..."
tobacco,1900,1,1421,838,7.1043,True,"...m 14, leeds road, to 56, manchester road, nelson. ""a good beginning makes a good ending."" begin the year well by smoking the famed ""x.l."" best of all tobaccos."
tobacco,1900,1,1421,839,7.1064,True,"australian tobacco. our colonies are not only assisting the mother country with thousands of mounted troops for the prosecution of the boer war, in order to bring it to..."
tobacco,1900,1,1421,840,7.1081,True,nwtzbtainxiints. roconetnacted concalpi 11111ra3lii/0111 si yzliii. hargraves' tobacco manufactory. u. man strum karcsiarica. artelis willar=i le oiler awl *war
tobacco,1900,1,1421,841,7.1104,True,"is tobacco smoking injurious? this is a question frequently asked, and the answer sometimes given by persons who never have smoked or do not understand the plea..."
tobacco,1900,1,1421,842,7.1123,True,"is tobacco smoking injurious this is a question frequently asked, and the answer sometimes given by persons who never have smoked or do not understand the pleas..."
tobacco,1900,1,1421,843,7.1124,True,"is tobacco smoking injurious? this is a question frequently asked, and the answer sometimes given by persons who never have smoked or do not understand the plea..."
tobacco,1900,1,1421,844,7.1141,True,"...yesterday mentioned a rumour that sir redvers buller had been offered the australian command, but the journal in question discredited the report. the tobacco w"
tobacco,1900,1,1421,845,7.1157,True,"the american war bred peace with honour. many or your readers will be glad to know that the war between the american tobacco co. (purchasers of ogdens and co., liverpool) and the british imperial toba"
tobacco,1900,1,1421,849,7.1217,True,"the american war ended: peace with honour. many of your readers will ne glad io know that the war between the american tobacco co. (purchasers of ogdens and co., liverpool), and the british imperial t"
tobacco,1900,1,1421,850,7.1227,True,"tnbacco substitutes. many are the substitutes used for tobacco. dried holly leaves, the bark of the willow, said leaves of the stag's born sumach are need by the american indians. in switzer- bald a w"
tobacco,1900,1,1421,851,7.1237,True,"tobacco ant) tariffs. mr. ti. l. penton, of cardiff, has addressed it letter to mr. i). a. thomas, the liberal -..11.1`. for merthyr tydfil. on the shore sub..."
tobacco,1900,1,1421,852,7.1262,True,"the workman's tobacco. effect oflthe chancellor's amateur finance."" i sir john willox, m.p., presiding at the annual meet- ing this week of messrs. cope, brothers, and co...."
tobacco,1900,1,1421,853,7.127,True,"let us have truth. let us have the truth, should the heavens fall; and in the foregoing p.assages we do have it, but when anti-tobacconists of rabid propen- sities want us to believe that the bible de"
tobacco,1900,1,1421,854,7.13,True,"is tobacco smoking injurious? this is a question frequently asked, and the answer sometimes given by persons who never have smoked or do not understand the plea..."
tobacco,1900,1,1421,855,7.1325,True,"is tobacco smokinc injuriojs this is a question frequently asked, and the answer sometimes given by persons who never have smoked or do not understand the pleas..."
tobacco,1900,1,1421,857,7.1357,True,"wholesale ,ni? retail tobacco and cigar dealer. cigarrites and fancy tobaccos at loweby cash prices. please give us a trial. not. the *memo -- 3. the bridge, rotherham. v"
tobacco,1900,1,1421,858,7.1362,True,"is tobacco smoking injurious? this is a question frequently asked, and the answer sometimes given by persons who never have smoked or do not understand the plea..."
tobacco,1900,1,1421,859,7.1389,True,"is tobacco smoking injurious? this is a question frequently asked, and the answer sometimes given by persons who never have smoked or do not understand the plea..."
tobacco,1900,1,1421,860,7.1398,True,"is tobacco smoking injurious? this is a question frequently asked, and the answer sometimes given by persons who never have smoked or do not understand the plea..."
tobacco,1900,1,1421,861,7.1412,True,tragic tobacco tales. it is clear that raleigh enjoyed his pipe (luring the sunny days whai he was in fa.vot.r with queen elizabfth; it tolaced him during his exile...
tobacco,1900,1,1421,862,7.1413,True,"of l of tobacco. some interesting investigations have been publialied by the analysis of the government laboratory with respect to what is known as the ""oil of tobac..."
tobacco,1900,1,1421,864,7.1476,True,"only 3d. per oz. our new brand of fine virginia leaf is called key west tobacco. a very high clam tobacco for the drawing room, etc. :only 4d. per or. stephenson & martin, punch factory, hull"
tobacco,1900,1,1421,865,7.1495,True,"the american war ended: peace: with honour. many of your readers will ne glad to know that the war between the american tobacco co. (purchasers of ogdens and co., liverpool), and the british imperial "
tobacco,1900,1,1421,866,7.1535,True,"<,<,-b<r.. the tobacco plant. the favourite apecioe of tobacco plant for garden culture is nicotine effinoi, whieh may be rarely reeled from need sown 111 heat in the earty..."
tobacco,1900,1,1421,867,7.1548,True,"..., m.d. the lining membrane. smokers are said to be liable also to canoer of lips and tangue. (i do not think this can be proved.) x. the influence of tobacco on the life of the young"
tobacco,1900,1,1421,868,7.156,True,"health and home. by w. gordon-stables, m.d., r.n. alcohol and tobacco as sedatives. a young man may take a good dose of whisky over night and awake next morning feeling little the worse, but those up "
tobacco,1900,1,1421,869,7.1563,True,"the tobacco plant. the favourite species of tobacco plant fo, garden culture is nicotiana afeni& whieh may be easily raised from seed sown in beet in the earrly ..."
tobacco,1900,1,1421,870,7.1579,True,"is smoking injurious? a philanthropic offer by a world famed tobacco planter. mr. samuda the famous tobacco planter, cigar and cigarette maker, has made an unparalleled offer to the editor of the ""dai"
tobacco,1900,1,1421,871,7.1608,True,"a spacial preference to be given rhodesia. and all south african colowee,.of 331-3 per cent, rebate on our tariff on tobacco and wine. clause 111. this clause to govern the foreign trade between great"
tobacco,1900,1,1421,873,7.1611,True,"parliament and the tobacco tax matters in the house of commons during the past week were unexpeciedly lively in connection with the discussion on. the budget resolution, and wh..."
tobacco,1900,1,1421,874,7.1624,True,"use of tobxo—ca in church. the practices of taking snuff and of chewing and anzoki.ug tobacco in church were at one time very common in holland, italy, spain, austria, and great britain. so obnoxious "
tobacco,1900,1,1421,875,7.1637,True,"is tobacco smoking injurious? this is a question frequently asked, and the answer sometimes given by persons who never have smoked or do not understand the plea..."
tobacco,1900,1,1421,876,7.1637,True,"is tobacco smoking injurious? this is a question frequently asked, and the answer sometimes given by persons who never have smoked or do not understand the plea..."
tobacco,1900,1,1421,877,7.1658,True,"is tobacco smoking injurious? this is a questton frequently asked, and the answer sometimes given by persons who never have smoked or do not understand the plea..."
tobacco,1900,1,1421,878,7.1665,True,"the american war ehded: peace with honour. many of your readers wilt ne glad to know that the war 'between the american tobacco co. (purchasers of ogdens and co., liverpool), and the british imperial "
tobacco,1900,1,1421,879,7.1676,True,"is tobacco smokinc injurious? this is a question frequently asked, and the answer sometimes given by persons who never have smoked or do not understand the plea..."
tobacco,1900,1,1421,881,7.1686,True,"is tobacco smoking injurious? this is a question frequently asked, and the answer sometimes given by persons who never have smoked or do not understand the plea..."
tobacco,1900,1,1421,882,7.1687,True,"tobacco as a disinfectant. a learned chemist says that be has established, after ten years' study, that tobacco smoke, un- less the application be made in a ..."
tobacco,1900,1,1421,884,7.1757,True,"train up a child. william edward owen, aged 17, was charged at the liverpool police court, on satuiday, with stealing tobacco from his employets, the richmond cavendish company, limited, and the fathe"
tobacco,1900,1,1421,887,7.1826,True,tobacco grown under tents. white cheesecloth tents of an enormous size will rise next spring all over the tobacco dis- trict of connecticut. causing the quit...
tobacco,1900,1,1421,888,7.183,True,"1110ist tobacco. at tho liverpool poiice court, on wydnesday, before the stipendiary, francis smith, tobacconist, scotland roai, wa ummonad by thy exi:i.a authoritic..."
tobacco,1900,1,1421,889,7.1856,True,the tobacco duty. in regard to tobacco there was one change he proposed to make. _ lie pro-posed to reduce the duty on strip tobacco from 3s. 3d. to 3s. old 2 • ...
tobacco,1900,1,1421,890,7.19,True,"hints on health. tobacco a disi2ifectant. a learned chemist fa ys that he has estab- lished after ten yemrs' study that tobacco smoke, unless the application he made in a ver..."
tobacco,1900,1,1421,891,7.1915,True,"is tobacco smoking injurious? this is a question frequently asked, and the answer sometimes given by persons who never have smoked or do not understand the plea..."
tobacco,1900,1,1421,892,7.1934,True,"... for a refreshing summer drink, try liolgate's sarsaparilla. if suffering from any chronic complaints try nature's herbal remedies. choice cigars and tobacco kept in stuck."
tobacco,1900,1,1421,893,7.1936,True,"close at one on thursdays. s. & m.'s punch brand eas proved after 12 years experience' pie best tobacco in beverley. rich, cool, sweet, and pleasant. only 3d. per oz. sold everywhere. & m.'s royal pun"
tobacco,1900,1,1421,894,7.1939,True,"is tobacco smoking injurious? this is a question frequently asked, and the answer sometimes given by persons who never have smoked or do not understand the plea..."
tobacco,1900,1,1421,895,7.1945,True,"smoker's enemies. there are two kinds of insects that do dreadful injury to the tobacco crops—one a kind of horn worm and the other an insect known as the ""piojo."" the horn worm twists itself round th"
tobacco,1900,1,1421,897,7.1971,True,"is tobacco smoking injurious? this is a question frequently asked, and the answer sometimes given by persons who never have smoked or do not understand the plea..."
tobacco,1900,1,1421,898,7.1973,True,"with honour. many of your readers win ne glad to know that the war between the american tobacco co. (purchasers of ogdens and co., liverpool), and the british imperial tobacco co., for the cap- ture o"
tobacco,1900,1,1421,899,7.1993,True,"pima.] things to be remembered the smoke of tobacco blown into the ears is a remedy for earache. when blacking has become dry and hard mix well with a little vinegar, it will give an excellent polish "
tobacco,1900,1,1421,900,7.1993,True,"is tobacco smoking injurious? this is a question frequently asked, and the answer sometimes given by persons who never have smoked or do not understand the plea..."
tobacco,1900,1,1421,902,7.2013,True,• kisses and tears. tobacco king's cha'fices acain3t his wiie. once famous in england for his attempt to capture the tobacco trade in this country for the benefit of the trust o...
tobacco,1900,1,1421,903,7.2015,True,"important notice to tobacco dealers. goodbody's agent donore castle sr.raight cut."" si7ndried virginia cigarettes. (sole agent) w. sha w, (wholesale dealer). for wills, cope's, ..."
tobacco,1900,1,1421,904,7.2026,True,"effects of tobacco on the young. dr. laban writes:—"" i have often observed that youths who before the habit of smaing was contracted were resolute,manly, and vigo- rous..."
tobacco,1900,1,1421,905,7.2028,True,"big tobacco combine that liverpool daily p.vt of 'tuesdayl announces on authority that the director= of the tobacco firm of ogden, limited, will shortly submit t..."
tobacco,1900,1,1421,907,7.2049,True,"the fragrant weed. in his celebrated ""counterblast to tobacco,' in king james i. described its use as ""acustoe loat- some to the eye, hateful to the nose, harmful to the ""amine, dangerous to the lungs"
tobacco,1900,1,1421,908,7.207,True,"is tobacco smoking injurious? this is a question frequently asked, and the answer sometimes given by persons who never have smoked or do not understand the plea..."
tobacco,1900,1,1421,909,7.207,True,"is tobacco smoking injurious? this is a question frequently asked, and the answer sometimes given by persons who never have smoked or do not understand the plea..."
tobacco,1900,1,1421,911,7.2074,True,"...yesterday mentioned a rumour that sir redvers buller had been offered the australian command, but the journal in question discredited the report. the tobacco w"
tobacco,1900,1,1421,912,7.2116,True,"america and trusts. british imperial tobacco co. involved in a law suit. new york, wednesday. the ""sun"" says the suit which the government will bring againgt the tobacco trust, to-day, charging ..."
tobacco,1900,1,1421,914,7.2129,True,"is tobacco smoking injurious? this is a question frequently asked, and the answer sometimes given by persons who never have smoked or do not understand the plea..."
tobacco,1900,1,1421,915,7.2132,True,"is tobacco smoking injurious? this is a question frequently asked, and the answer sometimes given by persons who never have smoked or do not understand the plea..."
tobacco,1900,1,1421,916,7.2136,True,tobacco. the delight fully fragrant white flowered tobacco is charming for pots or border culture sod it thrives best in rich ground and sheltered positions....
tobacco,1900,1,1421,917,7.2141,True,"the missing tobacco. an old man, william kennedy, was charged at liverpool, on tuesday, with being in unlawful pos- session of a quantity of tobacco. it was stated that ..."
tobacco,1900,1,1421,918,7.2157,True,"the american war ended: peace with mohr. many of your readers will be glad to know that the war between the american tobacco co. (purchasers of ogdens and co., liverpool) and the british imperial toba"
tobacco,1900,1,1421,919,7.2161,True,"is tobacco smoking injurious? this is a question frequently asked, and the answer sometimes given by persons who never have smoked or d, not understand the plea..."
tobacco,1900,1,1421,920,7.2174,True,the tobacco duty. in regard to tobacco there was one change he proposed to make. _ lie pro-posed to reduce the duty on strip tobacco from 3s. 3d. to 3s. old 2 • ...
tobacco,1900,1,1421,921,7.2187,True,... mil square miles of our earth 72 an water and 2r arc laud. london. an monetary value. is worth two and a-half tunes as much as paris. people who use tobacco to a greet degree 
tobacco,1900,1,1421,922,7.2198,True,"is tobacco smoking injurious? this is a question frequently asked, and the answer sometimes given by persons who never have smoked or do not understand the plea..."
tobacco,1900,1,1421,923,7.2199,True,"is tobacco smoking injurious? this is a question frequently asked, and the answer sometimes given by persons who never have smoked or do not understand the plea..."
tobacco,1900,1,1421,924,7.2199,True,"is tobacco smoking injurious? this is a question frequently asked, and the answer sometimes given by persons who never have smoked or do not understand the plea..."
tobacco,1900,1,1421,925,7.2212,True,"fatal tobacco chewing by a boy. at an inquest held last week at tredegar, on richard thomas (15), collier boy, it was found that he died of nicotine poisoning, cau..."
tobacco,1900,1,1421,928,7.2282,True,"tobacco on the battlefield. nothing that the war in %unit' africa has dentonsirated has been, as the ""lance..."" point, (it, more marked than the important pa..."
tobacco,1900,1,1421,929,7.2294,True,"from tea to tobacco from tea to tobacco the stride is not a long one. there is an anti.tobaozo and anti-narcotic league,"" the secretary of which is mr g. w. l. barraolou..."
tobacco,1900,1,1421,930,7.2308,True,"the american war ended: peace with honour. many of your readers will ne glad io know that the war between the american tobacco co. (purchasers of ogdens and co., liverpool), and the british imperial t"
tobacco,1900,1,1421,932,7.234,True,"only 3d. per oz. our new brand of fine virginia leaf is called key west tobacco. a very high claes tobacco for the drawing room, tt:c. only 4d. per oz. gtliocellatteows. wanted, good plain cook. three"
tobacco,1900,1,1421,933,7.2359,True,"imperial tobacco co. [he directors oi the imperial tobatea •joinpany, ltd., recommend a dividend of it) per oent and bonus of 2 per i.ent., both tree of income-tax, o..."
tobacco,1900,1,1421,934,7.236,True,"proved to be the best tobacco sold, cool, sweet, and pleasant—a 3ld. tobacco for 3d. andrew marvel rich dark flake, guaranteed the best dark tobacco,"
tobacco,1900,1,1421,935,7.2369,True,"excessive moisture in tobacco. at the liverpool police court on wednes- day messrs. william clarke and sons, ltd., tobacco manufacturers, were summoned on four informations for ma..."
tobacco,1900,1,1421,936,7.2393,True,"the american war ended peace with honour. many of your readers will ne glad ""..o know that the war between the american tobacco co. (purchasers of ogden% and co., liverpool), and the british imperial "
tobacco,1900,1,1421,938,7.2425,True,"is tobacco smoking injurious? mamma this is a question frequently asked, and the answer sometimes given by persons who never have smoked or do not understand th..."
tobacco,1900,1,1421,939,7.2581,True,...f industrial poultry keepino. the american war ended: peace with honour. many of your readers will be glad to know that the war isitween the american tobacco co. (purchasers of ogdens 
tobacco,1900,1,1421,942,7.261,True,"from tea to tobacco from tea to tobacco the stride is not a long one. there is an anti.tobaozo and anti-narcotic league,"" the secretary of which is mr g. w. l. barraolou..."
tobacco,1900,1,1421,943,7.2618,True,"america and trusts. british imperial tobacco co. involved in a law suit. new york, wednesday. the ""sun"" says the suit which the government will bring againgt the tobacco trust, to-day, charging ..."
tobacco,1900,1,1421,944,7.2652,True,"a natural barometer. i am no rabid anti-tobacconist, any more than i am against the use of alcohol in modem- tion, but there is one thing that every thinking medical man in britain believes, becaus..."
tobacco,1900,1,1421,946,7.269,True,"...,.' universal use. notwithstanding the opposition and condem- nation since its irlitroduction into europe in the fifteenth century, the spread of the tobacco- smoking habit has been very remarkable. "
tobacco,1900,1,1421,949,7.2763,True,"tobacco._tomatoes, and cancer. i am ftequen-tly aska wlether eating tomatoes or smoking a great deal is likely to produce cancer. i consider it an old wife's..."
tobacco,1900,1,1421,950,7.2795,True,"is tobacco smoking injurious? this is a question frequently asked, and the answer sometimes given by persons who never have smoked or d, not understand the plea..."
tobacco,1900,1,1421,951,7.2805,True,"is tobacco smoking injurious? this is a questton frequently asked, and the answer sometimes given by persons who never have smoked or do not understand the plea..."
tobacco,1900,1,1421,952,7.2807,True,"the american tobacco trust. mr. j. b. duke, who is known as the american tobacco king, has invaded groat britain and threatens to make a monopoly of his cigarettes and to..."
tobacco,1900,1,1421,953,7.2829,True,"the virtues of tobacco. whatever the ill effects of tobacco when used to excess, it is allirmod that when used in mociera- tthn it acts on an adult as a mild sedative. it i..."
tobacco,1900,1,1421,954,7.2843,True,"the american tobacco trust. mr. j. b. duke, who is known as the american tobacco king, has invaded groat britain and threatens to make a monopoly of his cigarettes and to..."
tobacco,1900,1,1421,955,7.2869,True,"the counterblast. our own king james i. issued his notorious ""eounterbla.ste,"" in which he said that tobacco w&s the lively ima.ge and pattern of hell, and bad in it all the vim; of the world whereby "
tobacco,1900,1,1421,956,7.287,True,"..., m.d. the lining membrane. smokers are said to be liable also to canoer of lips and tangue. (i do not think this can be proved.) x. the influence of tobacco on the life of the young"
tobacco,1900,1,1421,957,7.2911,True,"the american war ended; peace; with honour. many of your readers wilt be glad to know that the war between the american tobacco co. (purchasers of ogdens and co., liverpool), and the british imperial "
tobacco,1900,1,1421,958,7.2923,True,t.:e !budget. prices of whisky acid tobacco increased. local action. a largely attended meeting of the mem- bers of the stockton and district licensed victuallers' association was held at the v...
tobacco,1900,1,1421,959,7.2924,True,to boys. for the (ili-vele:km-fleet of boys sereraf re.dommenda- tkms are made:-- prohibit the sale of tobacco and cigarette-s be/ow a certain ago. pmhibit the sale a tobacco in sweet shops. provide g
tobacco,1900,1,1421,961,7.2951,True,"proved to be the best tobacco sold, cool, sweet, and pleasant—a 3.11. tobacco for 3d. andrew marvel rich dark flake,"
tobacco,1900,1,1421,962,7.2958,True,"is tobacco smoking injurious? this is a question frequently asked, and the answer sometimes given by persons who never have smoked or do not understand the plea..."
tobacco,1900,1,1421,963,7.3012,True,"smuggling tobacco. at the birkenhead police court on wednesday three german seamen, named wilhelm forken- beck, aohannea schulte, an,l carl jessen, of the ft& minna sc..."
tobacco,1900,1,1421,964,7.3038,True,"the story of tobacco. growth of the smoking habit the price of tobacco to the consumer on its tir,t introduction into this country stu (says • writ. i in good words"") abo..."
tobacco,1900,1,1421,966,7.3073,True,to boys. for the (ili-vele:km-fleet of boys sereraf re.dommenda- tkms are made:-- prohibit the sale of tobacco and cigarette-s be/ow a certain ago. pmhibit the sale a tobacco in sweet shops. provide g
tobacco,1900,1,1421,967,7.3078,True,"the american war ended: peace wi 1 h honour. milli many of your readers nm de glad to know that the war between the american tobacco co. (purchasers of ogdens and co., liverpool), and the british impe"
tobacco,1900,1,1421,968,7.3101,True,"how tobacco is cut. equally interesting is the ""grand cut"" cutting machine which slices the slabs of tobacco at the rate of 400 cuts each minute by means of kniv..."
tobacco,1900,1,1421,969,7.3112,True,"the amoincan war ended: peace: with honour. ilmf-i many of your readers will ne glad to know that the war between the american tobacco co. (purchasers of ogdens and co., liverpool), and the british im"
tobacco,1900,1,1421,971,7.3225,True,"the american war ended peace with honour. many of your readers will ne glad to know that the war between the american tobacco co. (purchasers of ogdens and co., liverpool), and the british imperial to"
tobacco,1900,1,1421,974,7.329,True,"are obtainable in perfection from ). steels, woolpack inn, beverley. s. & m.'s punch brand lias proved alter 12 years' experience the best tobacco in beverley. rich, cool, sweet, and pleasant. only d."
tobacco,1900,1,1421,976,7.3363,True,"the american war ended: peace: with honour. many of your readers will de glad to know that the war between the american tobacco co. (purchasers of ogdens and co., liverpool), and the british imperial "
tobacco,1900,1,1421,978,7.3377,True,"ohdbat tobacco shop in town. 86, abbey st., accrington nv. j. miller iwira to inform the public that ho has dom.-4:1.3d .iliiin fawishr'r, and hopes by strict atton..."
tobacco,1900,1,1421,979,7.3454,True,"a warning to smokers. for those fond of both pipe and glass the ""lancet"" has a word of warning. when evil effects ensue npon smoking tobacco, they are, we are bold, very much intensified by the indulg"
tobacco,1900,1,1421,980,7.3495,True,"the american tobacco trust. mr. j. b. duke, who is known as the american tobacco king, has invaded groat britain and threatens to make a monopoly of his cigarettes and to..."
tobacco,1900,1,1421,981,7.3497,True,"is tobacco smoking injurious? this is a question frequently asked, and the answer sometimes given by persons who never have smoked or do not unierste.nd the ple..."
tobacco,1900,1,1421,982,7.3505,True,science notes. .1u venile smoking. on general grounds the harm done to juveniles by smoking has been amply proved. tobacco interferes with the dus nutrition of the growing body. but it a left for dr. 
tobacco,1900,1,1421,984,7.3551,True,tobacco for the volunteers. the transvaal relief committee purchased for the warrington volunteers £2o worth of tobacco and cigars which were put on board th...
tobacco,1900,1,1421,985,7.3571,True,"is tobacco smoking injurijjs this is a question frequently asked, and the answer sometimes given icy persons who nevei have smoked or do not understand the plea..."
tobacco,1900,1,1421,986,7.3647,True,"smoke liter?. fore. j. m. etarrie'a ""my lady nicotine is probably nisixinsible for the (~,,souiption of tous of tobacco. who can possibly read calverley's ""ode to tobacco without immediately feeling a"
tobacco,1900,1,1421,987,7.3655,True,"american invasion of england. the american tobacco trust has by purchasing ogdens and co., liverpool, proclaimed war against the english tobacco manufacturers, and which, if victorious, will prove dis"
tobacco,1900,1,1421,989,7.3681,True,"tobacco blindness. tobacco blindnes is a malady, ot which much has been beard of late years. but it is a consolation to know that it eis nearly always be cur..."
tobacco,1900,1,1421,990,7.3694,True,"imports in 1007. • (1) food, drink and tobacco 247,000,000 (2) raw materials and articles mainly unmannfactured 212,000,000 (3) articles wholly or mainly manufactured 155,000,000 total, with misce..."
tobacco,1900,1,1421,991,7.3702,True,"by appointment to the c.tc. 4040 american invasion of england. the american tobacco trust has by purchasing ogdens and co., liverpool, proclaimed war against the english tobacco manufacturers, and whi"
tobacco,1900,1,1421,993,7.3709,True,...or a refreshing summer drink. try liolgate's sa—ftsaparilla. if coffering from any chronic complaints try nature's herbal remedies. choice cigars and tobacco kept in stock.
tobacco,1900,1,1421,994,7.372,True,"do to smoke? one man's experience. as a youngster in the army, thirty odd years ago,"" writes a smoker in the new york sun, i smoked plug tobacco and liked it; used to cut off thin shavings, across the"
tobacco,1900,1,1421,995,7.3725,True,"the workman's comforts. sir edward grey at leeds airily dismissed the working man's tobacco and alcoholic refreshment as superfluities."" mr. asquith toned that down in his blotchley speech to minor co"
tobacco,1900,1,1421,997,7.3753,True,"is tobacco smoking injurious? mamma this is a question frequently asked, and the answer sometimes given by persons who never have smoked or do not understand th..."
tobacco,1900,1,1421,998,7.3753,True,"<,<,-b<r.. the tobacco plant. the favourite apecioe of tobacco plant for garden culture is nicotine effinoi, whieh may be rarely reeled from need sown 111 heat in the earty..."
tobacco,1900,1,1421,999,7.3765,True,"the workman's tobacco. effect oflthe chancellor's ""amateur finance."" sir john willox, m.p., presiding at the annual meet- ing this week of messrs. cope, brothers, and co.,..."
tobacco,1900,1,1421,1000,7.3797,True,"egyptian tobacco. probably few smokers of egyptian cigarettes trouble themselves greatly where the tobacco they enjoy comes from, and if asked would answer, ""egypt, o..."
tobacco,1900,1,1421,1001,7.3797,True,accident or tobacco blindness interesting workman's compensation case. a statement calculated to startle devotees of the pipe was made in the manchester county court hat...
tobacco,1900,1,1421,1002,7.3811,True,"proved to be the best tobacco sold, cool, sweet, and pleasant—a 3.11. tobacco for 3d. andrew marvel rich dark flake,"
tobacco,1900,1,1421,1003,7.3819,True,"money sneezed away. more than two million pounds of tobacco are sneezed into the air annually in america, and the value of it is not far from £300,000 when purchased at retail. this does not, of cours"
tobacco,1900,1,1421,1007,7.4105,True,"tobacco blindness. tobacco blindnes is a malady, ot which much has been beard of late years. but it is a consolation to know that it eis nearly always be cur..."
tobacco,1900,1,1421,1008,7.4108,True,...f industrial poultry keepino. the american war ended: peace with honour. many of your readers will be glad to know that the war isitween the american tobacco co. (purchasers of ogdens 
tobacco,1900,1,1421,1009,7.4122,True,"sunday trading. uurruzzi lingi, of pontypridd. was fined ss. and costs for selling tobacco on sundays. susan resagni was also fined ss. for a similar offence."
tobacco,1900,1,1421,1010,7.4179,True,"****•****** *********** 4• •g jottings. •, a tobacco fight. it a pit tt ite retail toloacoonists have form.; at allhince to combat the great tobacco till.. they will manufacture anal theta own good, a"
tobacco,1900,1,1421,1012,7.4191,True,"the american war ended: peace with honour. many of your readers wit' oe glad :o know that the war between the american tobacco co. (purchasers of ogden& and co., liverpool), and the british imperial t"
tobacco,1900,1,1421,1013,7.421,True,"... .... w.""—the following table in, i believe, a correct one, showing the present day taxa- tion:— a. d. coma coffee currant* raisins • ool „ sugar tee tobacco"
tobacco,1900,1,1421,1014,7.4229,True,"the american war ehded: peace: with honour. many of your readers will oe glad to know that the war between the american tobacco co. (purchasers of ogdens and co., liverpool), and the british imperial "
tobacco,1900,1,1421,1015,7.4232,True,cigar-smokers look-out! the latest operations of the american tobacco trust to this country are directed towards obtaining a monopoly of the havana cigar trade. about half the cigar importers in the e
tobacco,1900,1,1421,1016,7.4234,True,...mokers. a bill will be introduced at the next sitting of tho manx house of keys by ms clueas (the youngest member and a smoker) for the prevention of tobacco-smoking by juveniles. tobacco
tobacco,1900,1,1421,1017,7.4243,True,warrington to3aooonisis and the trade crisis. proposed combination. a meeting in connection with the warrington and district tobacconists' association was held on thursday last week. mr. joseph beswic
tobacco,1900,1,1421,1018,7.4265,True,"... from lucerne yesterday at three p m, states that lard salisbury is better, and will probably leave his bed in the course of the afternoon. the rival tobacco 1 "
tobacco,1900,1,1421,1021,7.4334,True,"established 63 yea/l& eiabgraveb' tobacco manufactory 44 swan strew, manc'heiiter. all deocription• of plain sod fancy tobaccos. cigars. cigarette. and snuffs. tames moaulootwod to order aul ..."
tobacco,1900,1,1421,1022,7.4356,True,"golden pelican tobacco. all smokers are interested in new tobaccos, and we ,can cordially recommend to our smoking readers the golden pelican mixture now on sale at mr. j. ..."
tobacco,1900,1,1421,1023,7.4364,True,"o• jun 6,192 e. tasted in this manlier, the statement may safe,ly be made that among those strong and yigolvuu men who have used tobacco habitually and con- stantly for many yeans without apparent inj"
tobacco,1900,1,1421,1024,7.4377,True,"the american war ended: peace with honour. many t 4 your readers wilt ne glad to know :that the war 'between the american tobacco co. (i,urehaier.l of ogdesis and co., liverpool), and i the british im"
tobacco,1900,1,1421,1025,7.4404,True,"tobacco-growing and crime. the royal prohibitions clearly show that nhilst, generally, tobacco is regarded as an essentially tropical product, it has been su..."
tobacco,1900,1,1421,1026,7.441,True,"exceeding forty shillings.; and in addition to the ioregoing penalties the licence (if any) held by such person for the sale of tobacco sh'all in case of a third conviction become void, and such perso"
tobacco,1900,1,1421,1028,7.4427,True,"****•****** *********** 4• •g jottings. •, a tobacco fight. it a pit tt ite retail toloacoonists have form.; at allhince to combat the great tobacco till.. they will manufacture anal theta own good, a"
tobacco,1900,1,1421,1029,7.4434,True,"is tobacco smoking injurious? this is a question frequently asked, and the answer sometimes given by persons who never have smoked or do not unierste.nd the ple..."
tobacco,1900,1,1421,1030,7.4439,True,"results of tobacco in tea. it is reported that forty men of the detachment of the middlesex regiment now at bangalore were recently taken ill, and had to be conveyed to..."
tobacco,1900,1,1421,1031,7.4453,True,"agricultural hint. ooarsely-ground tobacco is good for notling as an insecticide under ordinary oircumstaitoos. when finely ground, it can be used dry with good effect against plant hoe and a:..."
tobacco,1900,1,1421,1033,7.4471,True,"...on. for a refreshing sl-3131er drink, tay holgate's sarsaparilla. if ering from any chronic complaints try natures herbal remedies. choice cigars and tobacco kept in stock. holgate. 83. high stre"
tobacco,1900,1,1421,1036,7.4517,True,"parliament and the tobacco tax. matters in the house of commons during the past week were unexpectedly lively in connection with the discussion on the budget resolution, and wh..."
tobacco,1900,1,1421,1038,7.4594,True,"is tobacco smoking injurious? this is a question freqatently asked, and the answer sometimes given by persons who never have smoked or do not understand the ple..."
tobacco,1900,1,1421,1039,7.4599,True,"inrixatimb owen kr an kinds of work. 1181/blibhild a yparb. hargraves' tobacco manufactory, 44, swan forret, manchentsr. galeria!log at plain sad fancy 0038, cigars, cigarette:b, sad lifh.. =7:mseahet"
tobacco,1900,1,1421,1042,7.4612,True,"parliament and the tobacco tax. matters in the house of commons during the past week were unexpectedly lively in connection with the discussion on the budget resolution, and wh..."
tobacco,1900,1,1421,1044,7.463,True,"tribute to civilian service. at itedear police station on saturday a pipe and cam, a tobacco pouch, and a cigar came were preeented to mr harry wakefield for tho service he rendered to the police on t"
tobacco,1900,1,1421,1047,7.4807,True,new tobacco pmces. it was announoedd brietot on friday that in consequence of the additional duty of 8d ou manufactured tobacco the im- perial tobacco company ha...
tobacco,1900,1,1421,1048,7.4831,True,warrington tobacconists and the trade crisis. proposed combination. a meeting in connection with the warrington and district tobacconists' association was held on thurs...
tobacco,1900,1,1421,1049,7.485,True,"agricultural hint. ooarsely-ground tobacco is good for notling as an insecticide under ordinary oircumstaitoos. when finely ground, it can be used dry with good effect against plant hoe and a:..."
tobacco,1900,1,1421,1050,7.4877,True,"advice to smokers. human beings have probably smoked tobacco longer than history has been. the practice in china is of undoubted great antiquity, and there is reason to believe that it was common to t"
tobacco,1900,1,1421,1051,7.4889,True,"the american war ended: peace wiih honour. many of your read, rs will be glad to know that the war between the american tobacco co. (purchasers of ogdens and co., liverpool), and the british imperial "
tobacco,1900,1,1421,1052,7.4925,True,"proved to be the best tobacco sold, cool, sweet, and pleasant—a 3fi. tobacco for 3d. andrew marvel rich dark flake, guaranteed the best dark tobacco. only 3d. per oz. our nw brand..."
tobacco,1900,1,1421,1053,7.4932,True,"tii ro win gt tobacco to convicts a case of an unusual character was heard at lewes police court on tuesday, when george chapman, the four-in-hand whip, was sum- moned for..."
tobacco,1900,1,1421,1054,7.4959,True,"america and trusts. british imperial tobacco co. involved in a law suit. new york, wednesday. the ""sun"" says the suit which the government will bring againgt the tobacco trust, to-day, charging ..."
tobacco,1900,1,1421,1055,7.5006,True,"the pltiviase of leaf tuba cco, important scheme. _ the anuctinceinera niide public on thuikiev that the imperial tobacco company had determined to in future purchase its leaf tobacco direct from amer"
tobacco,1900,1,1421,1060,7.518,True,"irish tobacco. in .the house of commons on monday, mr. plunket informed mr.. w. redmond that it had been proved that tobacco could be grown luxuriantly in ireland...."
tobacco,1900,1,1421,1061,7.5235,True,"...ildren. it is reported that a rill is in the oourso of preparation for eubmisaion bo the new parliament providing for the prohihitoni of ilk, ,ale of tobacco to school childre"
tobacco,1900,1,1421,1062,7.5268,True,"unlawful possession of tobacco. at the liverpool police couo, on wednesiay, before it. robert hadden and dr. cross, a coloured man named altert jonea was charged with having been i..."
tobacco,1900,1,1421,1065,7.5344,True,"the tobacco plant. the favourite species of tobacco plant fo, garden culture is nicotiana afeni& whieh may be easily raised from seed sown in beet in the earrly ..."
tobacco,1900,1,1421,1066,7.5378,True,"new tobacco trust. i negotiations are fictively proceeding for forming ar.other tombination of british and irish tobacco manufacturers. whether the ,scherne will..."
tobacco,1900,1,1421,1068,7.5382,True,"ur. good anecdotes. naval and general the handy man at it again. a sailor wished to smuggle some tobacco from portsmouth dockyard, so he asked the policeman who was on duty at the gate, being an old f"
tobacco,1900,1,1421,1069,7.5388,True,"proved to be the best tobacco sold, cool, sweet, awl pleasant—a 31d. tobacco for 3d. andrew marvel rich dark flake, guaranteed the best dark tobacco, only 3d. per oz. our new bran..."
tobacco,1900,1,1421,1073,7.5524,True,"basting boys who salome.. the jews of stnpna have among themselves a strict law forbidding tin. use of tobacco to the young. one evening, while the writer wan in bournabat. three jewish lads were indu"
tobacco,1900,1,1421,1074,7.5533,True,"egyptian tobacco. probably few smokers of egyptian cigarettes trouble themselves greatly where the tobacco they enjoy comes from, and if asked would answer, ""egypt, o..."
tobacco,1900,1,1421,1076,7.5544,True,"is tobacco smokinc injurious? this is a question frequently asked, and the i answer sometimes given by persons who never i have smoked or do not understand the ..."
tobacco,1900,1,1421,1077,7.57,True,"whitefriari american invasion of england. the american tobacco trust has by purchasing owens and co., liverpool, proclaimed war against the english tobacco manufacturers, and whioh, if victorious, wil"
tobacco,1900,1,1421,1078,7.5711,True,"is tobacco smoking injurious? this is a question freqatently asked, and the answer sometimes given by persons who never have smoked or do not understand the ple..."
tobacco,1900,1,1421,1080,7.5739,True,"tobacco without duty. rs you 8110/le it will pay you to visit mo °abe's tobacco store, clevrl and-street postoffice,"
tobacco,1900,1,1421,1081,7.576,True,epitome of news. one of the incubator whine at blaokpool hat just died. upward§ of £boooo has been spent on ogden'a new tobacco manufactory at liver- pool. _ a despatch has been received at berlin fro
tobacco,1900,1,1421,1082,7.5786,True,a pipe of tobacco hell social pipe—thou foe of faze. companion of my elbow chair; as forth thy curling furnee aria% they seem an evening aur.rc..-- an offering to my 1...
tobacco,1900,1,1421,1087,7.5903,True,"a word for timacm. there -an be no doubt. i think, on the whole tobacco represents a harmless form of enjoy- ment to those who use it in moderation, and with idiom it agrees. i have said that tobacco "
tobacco,1900,1,1421,1088,7.5907,True,how b.d.v. tobacco is packed. the process of packing rda' tobacco into the well known one ounce foil packets is accomplished by a machine of marvellous ingenuity. the d...
tobacco,1900,1,1421,1091,7.6015,True,"tobacco and whisky tax. ""what has struck me most of all at my meetings is that perfect equanimity with which the people view the extra duty upon whisky and u..."
tobacco,1900,1,1421,1092,7.6051,True,"a word for timacm. there -an be no doubt. i think, on the whole tobacco represents a harmless form of enjoy- ment to those who use it in moderation, and with idiom it agrees. i have said that tobacco "
tobacco,1900,1,1421,1093,7.6053,True,"fiiood mixed businicss; tobacco sweets. ices,minerals, &c. 111-health cause.-46,1l1ng bt., dtildnfield."
tobacco,1900,1,1421,1094,7.6088,True,"warrington tobacconisis and trade developments. mr hey, of the united kingdom tobacco dealers' alliance, addressed a meeting of tobacconists at the horsemarket-street c..."
tobacco,1900,1,1421,1095,7.6138,True,"...for a refreshing summer drink. try holgate's wiaisaparilla. if suffering from an, chronic complaint. try nature's herbal reaiedies. choice cigars and tobacco kept in stock."
tobacco,1900,1,1421,1096,7.6143,True,...onclusion. but it seems to me that this experience carries us to a more general conclusion. the people who have given up drinking whiskey and smoking tobacco have not done so because they h
tobacco,1900,1,1421,1097,7.6282,True,"a tobacco heroine. london has a ""woman of destiny"" in min- iature. she is only ahumble ltle igar maker, who on a pound a week manages to keep her- self and hel..."
tobacco,1900,1,1421,1099,7.6312,True,tobacco and whisky tax. what has struck me most of all at my meetings is that perfect equanimity with mhich the people view the extra duty upon whisky and up...
tobacco,1900,1,1421,1101,7.6354,True,"guaranteed the best dark tobacco, only 3d. per oz. our new brand of fine virginia leaf is called key west tobacco. a very high class tobacco for the drawing room, &c. only 4d. per or..."
tobacco,1900,1,1421,1103,7.6375,True,"""x.l. mixture"" has by its excellence established a r eputation of its own. sole maker and inventor ed. shaw, tobacco specialist, railway st.reet, nelson."
tobacco,1900,1,1421,1104,7.6375,True,"if wab is imminent they will be sure to know, and will have laid in a stock of french tobacco."" sc they went off to the tobacco shop and made inquiries. there they learnt that flans end fritz and thei"
tobacco,1900,1,1421,1105,7.6385,True,".... for a refreshing summer drink, try holgate's sarsaparilla. if euffering from any chronic complaints try nature's herbal remedies. choice cigars and tobacco kept in stcek."
tobacco,1900,1,1421,1107,7.6436,True,british tobacco combine. a defensive movement. the press association understands on the highest authority that a considerable number of the principal british tobacco...
tobacco,1900,1,1421,1109,7.6484,True,"the american war __ended: peace with honour. many of your readers wilt ne glad to know that the war between the american tobacco co. (purchasers of ogdens and co., liverpool), and the british imperial"
tobacco,1900,1,1421,1111,7.6587,True,st c/gars wir hout tobacco. a curious subject for discussion was before the last meeting of the hygienic council of the seine. m. guiguard presented a report on the sale of a c...
tobacco,1900,1,1421,1113,7.671,True,"...ington police court, on saturday, john docherty and william henry phillips were charged on remand with stealing a quantity of cigarettes, cigars, and tobacco from th"
tobacco,1900,1,1421,1115,7.6743,True,"chinaman and his pipe. of all smokers of every nationality the chinamen get least smoke out of most tremble. according to the ""cigar and tobacco world,"" he carries a little. box about twice the size o"
tobacco,1900,1,1421,1116,7.6745,True,"is smoking injurious? a philanthropic offer by a world famed tobacco planter. mr. samuda the famous tobacco planter, cigar and cigarette maker, has made an unparalleled offer to the editor of the ""dai"
tobacco,1900,1,1421,1118,7.6791,True,warrington tobacconisis and the trade crisis. proposed combination. a meeting in connection with the warrington and district tobacconists' association was held on thurs...
tobacco,1900,1,1421,1123,7.6874,True,"the shah's genial habit. it is, however, open to much doubt whether there will be an ounce of tobacco less smoked. tobacco-smoking continued despite the hatred of james 1., who prohibited the cultivat"
tobacco,1900,1,1421,1124,7.6892,True,"the workman's tobacco. effect oflthe chancellor's ""amateur finance."" sir john willox, m.p., presiding at the annual meet- ing this week of messrs. cope, brothers, and co.,..."
tobacco,1900,1,1421,1125,7.6914,True,"... samaritan. the night shift had arrived at the ""meeting station"" in a certain mine not far from loftus. the men were criticising freely the drink and tobacco duties, when the conversation turned"
tobacco,1900,1,1421,1127,7.697,True,"the american war ended: peace wi 1 h honour. milli many of your readers nm de glad to know that the war between the american tobacco co. (purchasers of ogdens and co., liverpool), and the british impe"
tobacco,1900,1,1421,1128,7.7055,True,"the pltiviase of leaf tuba cco, important scheme. _ the anuctinceinera niide public on thuikiev that the imperial tobacco company had determined to in future purchase its leaf tobacco direct from amer"
tobacco,1900,1,1421,1130,7.7107,True,"proved to be the best tobacco sold, cool, sweet, and pleasant—a 3fi. tobacco for 3d. andrew marvel rich dark flake, guaranteed the best dark tobacco. only 3d. per oz. our nw brand..."
tobacco,1900,1,1421,1131,7.7227,True,"the american war duo peace with honour. many of your readers will tie glad to know that the war between the american tobacco co. (purchasers of ogdens and co., liverpool), and the british imperial tob"
tobacco,1900,1,1421,1132,7.7232,True,aphides' green fly. tobacco water or soapy qu4sbia water is effectual. es is powdered pyrethrum (the persian and dalmatian insect powders) of com- merce) or tobacco if applied t...
tobacco,1900,1,1421,1135,7.7376,True,"takes money out of our pockets in respect of co n, it can take less in other forms of taxation. the duty on tobacco is now 3s. to bs. 6d. a pound. the duty on tea is 6d. a pound. a reduction of 21d. o"
tobacco,1900,1,1421,1136,7.7418,True,"..., or gentleman; use of piano, organ, no children; moderate.—lawsos, pike-street, stockton heath. &ark% zuolneoto, eft. i ald-listablished newsagency, tobacco and"
tobacco,1900,1,1421,1138,7.7464,True,"exprrimeni witt( smokers. a cerica of systeumtic experiments to den, mine the effect of tobacco on tl.e laseit. digestive organs, and the human system gene. ially is about to be mole by profe.nor wile"
tobacco,1900,1,1421,1140,7.7568,True,"paper-money passing not for tobacco, but for ""morphia,"" a far less dangerous ""contraband"" from the warder's point of view, for it is so very easy to tonteal leaves no smell, and is swal..."
tobacco,1900,1,1421,1141,7.7575,True,"hints on health. tobacco a disi2ifectant. a learned chemist fa ys that he has estab- lished after ten yemrs' study that tobacco smoke, unless the application he made in a ver..."
tobacco,1900,1,1421,1142,7.7602,True,"10tisliiihxd 0 tzars. hargraves' tobacco manufactory. 44, ivirsiiiiiiii:lunchesteß. all dnptio. ei plain and fancy tobaccos, cigars, ciamurrras, sag snuffs. tolacaos vaadlellind is orier sad..."
tobacco,1900,1,1421,1144,7.7631,True,"by appointment to the c.tc. 4040 american invasion of england. the american tobacco trust has by purchasing ogdens and co., liverpool, proclaimed war against the english tobacco manufacturers, and whi"
tobacco,1900,1,1421,1146,7.7689,True,"lo (j. pipe, cigar, and cigarette. j ar --- --- r-i extracts from a little essay on the humour of tobacco and authorship, taken from an article in the february ""lokdon magazine."" ""shun for ever the pi"
tobacco,1900,1,1421,1147,7.7714,True,imperial tobacco co. the bonus scheme. on tuesday the oustomens of the imperial tobacco company received details of the new bonus scheme. in a circular accom- panying...
tobacco,1900,1,1421,1148,7.7738,True,"let us have truth. let us have the truth, should the heavens fall; and in the foregoing p.assages we do have it, but when anti-tobacconists of rabid propen- sities want us to believe that the bible de"
tobacco,1900,1,1421,1150,7.776,True,"golden pelican tobacco. all smokers are interested in new tobaccos, and we can cordially recommend to our smoking readers the golden pelican mixture now on sale at mr. j.be..."
tobacco,1900,1,1421,1156,7.797,True,"tobacco blindness. tobacco blindnes is a malady, ot which much has been beard of late years. but it is a consolation to know that it eis nearly always be cur..."
tobacco,1900,1,1421,1160,7.8029,True,"misses's money. from this sum he handed to his wife 20s a week for rent and household expenses, reserving to himself the balance for tobacco and other small items, and as he was not a teetotaler a ver"
tobacco,1900,1,1421,1161,7.8038,True,"golden pelican tobacco. all smokers are interested in new tobaccos, and we can cordially recommend to our smoking readers the golden pelican mixture now on sale at mr. j.be..."
tobacco,1900,1,1421,1163,7.8087,True,"a word for timacm. there -an be no doubt. i think, on the whole tobacco represents a harmless form of enjoy- ment to those who use it in moderation, and with idiom it agrees. i have said that tobacco "
tobacco,1900,1,1421,1164,7.8138,True,"""x.l. mixture"" has by its excellence established a reputation of its own. sole maker and inventor: ed. shaw, tobacco specialist, nelson. railway street)"
tobacco,1900,1,1421,1166,7.826,True,"exprrimeni witt( smokers. a cerica of systeumtic experiments to den, mine the effect of tobacco on tl.e laseit. digestive organs, and the human system gene. ially is about to be mole by profe.nor wile"
tobacco,1900,1,1421,1168,7.8317,True,"wholesale and retail tobacco and cigar dealer, cigarettes and fancy tobacoob £7"
tobacco,1900,1,1421,1169,7.835,True,fire at a liverpool tobacco factory. about tine° o'clock yesterday moreinz the licerviel fire eitizade weie (alai to a fire at the tobacco manufactory of the richmond cavendilt ...
tobacco,1900,1,1421,1170,7.8354,True,"...nt to gaol. on monday, at the wrexham tioronsah pllice court, a man named joseph roberts, who hailed from newmarket, was charged with having stolen a tobacco box from the pocket of an old"
tobacco,1900,1,1421,1171,7.8361,True,the tobacco war. at a meeting of birmingham tobacconist* on tuesday night to reconsider the situatic:n with reference to the two great tobacco combinesl it was r...
tobacco,1900,1,1421,1172,7.8402,True,"wrinkles for cyclists. the tobacco-pouch and its contents may be of distinct use to the cyclist. a piece of his pouch will do to mend a puncture, after he has discovered the leak by pu..."
tobacco,1900,1,1421,1173,7.845,True,tobacco as a preventive. the. vittues of tobacco ss a disinfectant— not only in the greenhouse but as a preven- tive against infections diseases—are not a re...
tobacco,1900,1,1421,1174,7.846,True,"...ll4t111*111*1114kill;tuik.i lot bitter than those. outride. all the aged and sick base 3ots. of tea, and thee inmates abe‘e 65 am allowed an mine, of tobacco or snuff. the v"
tobacco,1900,1,1421,1176,7.8558,True,"the american war duo peace with honour. many of your readers will tie glad to know that the war between the american tobacco co. (purchasers of ogdens and co., liverpool), and the british imperial tob"
tobacco,1900,1,1421,1180,7.867,True,tobacco as a preventive. the. vittues of tobacco ss a disinfectant— not only in the greenhouse but as a preven- tive against infections diseases—are not a re...
tobacco,1900,1,1421,1181,7.8733,True,imperial tobacco co. the bonus scheme. on tuesday the oustomens of the imperial tobacco company received details of the new bonus scheme. in a circular accom- panying...
tobacco,1900,1,1421,1182,7.8853,True,"tii ro win gt tobacco to convicts a case of an unusual character was heard at lewes police court on tuesday, when george chapman, the four-in-hand whip, was sum- moned for..."
tobacco,1900,1,1421,1183,7.8862,True,"h. houghton. wholesale and i:ztail tobacco and cil.ar pzuer, ciuabettes and f %wv tobaccos at"
tobacco,1900,1,1421,1184,7.8883,True,"... ers' matriculation ex amina • tion. i. why do you smoke! state reaaons fully. _ 2. narrate the history of the first smoker, and state the effects of tobacco upon him. ""there never was no siel, un"
tobacco,1900,1,1421,1185,7.8935,True,a monstrous thing to go back on the taxes proposed on leer end tobacco in order to put them on tea. (applause.) he was quite nears that the present proposals in regard to the taxation of licences migh
tobacco,1900,1,1421,1186,7.903,True,"something about tobacco. ----- medical men—and it is to the faculty we must turn for information en such a subject as this-- are well agreed that the use of tobacco is efte,..."
tobacco,1900,1,1421,1188,7.9039,True,"o• jun 6,192 e. tasted in this manlier, the statement may safe,ly be made that among those strong and yigolvuu men who have used tobacco habitually and con- stantly for many yeans without apparent inj"
tobacco,1900,1,1421,1189,7.9056,True,"--:0:-- mr. john troughto-n, the tobacconist, of market-street, is the subject of an illus- trated article in this month's issue of the ""cigar and tobacco world."" it appears mr. troughton ha..."
tobacco,1900,1,1421,1191,7.9097,True,"tobacco ant) tariffs. mr. ti. l. penton, of cardiff, has addressed it letter to mr. i). a. thomas, the liberal -..11.1`. for merthyr tydfil. on the shore sub..."
tobacco,1900,1,1421,1193,7.9185,True,"tobacco as germ- destroyer. the popular idea that tobacco- smoking is a safeguard against infeo- tion finds support in an interesting. article, ""of the use a..."
tobacco,1900,1,1421,1194,7.9229,True,"-il 1-- 8 :1- ,0 4 °tting ^ pic."" christmas comforts. the mayor .4 burnley (alderman iiiirrowo is raising a fund to enable him to send parcels of tobacco and pipes for 1.800 men of the burnley regimen"
tobacco,1900,1,1421,1199,7.9345,True,...pensation but the removal of the taxes on tea and sugar could not come near to compensating for the taxation of bread and meat. what good would cheap tobacco be to women and chi
tobacco,1900,1,1421,1200,7.9449,True,aphides' green fly. tobacco water or soapy qu4sbia water is effectual. es is powdered pyrethrum (the persian and dalmatian insect powders) of com- merce) or tobacco if applied t...
tobacco,1900,1,1421,1204,7.9542,True,"replies. a good way to keep a child's head clean without injuring the hair is by the use of tobacco. take of thick brown twist, cut into small pieces, pisce.in a jar; pour over it one gill of boiling "
tobacco,1900,1,1421,1205,7.9608,True,"warrington tobacconisis and trade developments. mr hey, of the united kingdom tobacco dealers' alliance, addressed a meeting of tobacconists at the horsemarket-street c..."
tobacco,1900,1,1421,1206,7.9639,True,"hints on health. tobacco a disi2ifectant. a learned chemist fa ys that he has estab- lished after ten yemrs' study that tobacco smoke, unless the application he made in a ver..."
tobacco,1900,1,1421,1207,7.9681,True,"bread or tobacco. ""let me tax your food,"" says mr. chamber- lain to them, ""and i will take off some of the taxes on your tea, sugar, and tobacco."" but there are sever..."
tobacco,1900,1,1421,1208,7.9684,True,"fatal tobacco chewing by a boy. at an inquest held last week at tredegar, on richard thomas (15), collier boy, it was found that he died of nicotine poisoning, cau..."
tobacco,1900,1,1421,1209,7.9708,True,"amber and its imitations the oldest dealer in the trade, says the ""cigar and tobacco world,"" cannot recall the time when there were no imitations of amber; but the early ones were so crude and coarse "
tobacco,1900,1,1421,1210,7.9738,True,"tobacco blindness. tobacco blindnes is a malady, ot which much has been beard of late years. but it is a consolation to know that it eis nearly always be cur..."
tobacco,1900,1,1421,1211,7.9748,True,"the examiner, saturday, november 27, 1909 wednesday.—before mr. c. ivhite (chairman) alder- man smethurst and j. w. hayward. thefts of clock and tobacco,-110mms hayes and joseph collins, living in ban"
tobacco,1900,1,1421,1213,7.9844,True,accident or tobacco blindness interesting workman's compensation case. a statement calculated to startle devotees of the pipe was made in the manchester county court hat...
tobacco,1900,1,1421,1217,7.9958,True,"the freehold shop, no. 70, northgate, halifax, at the corner of northgate and foundry street, and now occupied as tobacco and cigar stores, and as a refreshment room. the property occupies an importan"
tobacco,1900,1,1421,1219,8.0113,True,how b.d.v. tobacco is packed. the process of packing rda' tobacco into the well known one ounce foil packets is accomplished by a machine of marvellous ingenuity. the d...
tobacco,1900,1,1421,1220,8.0333,True,"chapter il my rooms are in a deuce of a muddle. guns, swords, pistols, pipes, cigar, tobacco pouches, sticks, whips, spurs, accoutrements of all sorts are piled upon the chairs, tables, lounge, sofa, "
tobacco,1900,1,1421,1221,8.037,True,"strike of london cigar makers. on friday 170 girls employed in cigar-making at the imperial tobacco works, city-road, london, struck work, and on monday were joined by the remaining women workers—abou"
tobacco,1900,1,1421,1223,8.05,True,"big tobacco combine that liverpool daily p.vt of 'tuesdayl announces on authority that the director= of the tobacco firm of ogden, limited, will shortly submit t..."
tobacco,1900,1,1421,1226,8.0713,True,health aim home. tobacco: pro and con. a recent author gives a summary of the results of his experience of tobacco symptoms as follows: 1. human beings have probably smoked t...
tobacco,1900,1,1421,1227,8.0737,True,"cool smoking tobacco to be obtained from joseph bes wick, horsem arket st., warrington."
tobacco,1900,1,1421,1230,8.0795,True,"by appointment to the c.tc. 4040 american invasion of england. the american tobacco trust has by purchasing ogdens and co., liverpool, proclaimed war against the english tobacco manufacturers, and whi"
tobacco,1900,1,1421,1231,8.0819,True,"proved to be the best tobacco sold, cool, sweet, and pleasant—a 3fi. tobacco for 3d. andrew marvel rich dark flake, guaranteed the best dark tobacco. only 3d. per oz. our nw brand..."
tobacco,1900,1,1421,1233,8.0893,True,"hutton. the cottager hutton conyers were the recipients of christina"" cakes for the women and tobacco for the men, the kind gifts of mr h f and mis steel. the children also were not for. got. and chri"
tobacco,1900,1,1421,1235,8.097,True,"cornier w atson•strebt. all goods sold at manufacturers schedule prices, :all packet tobacco & cigarettes guaranteed in perfect condition. a large and well assorted stock of british and imported cigar"
tobacco,1900,1,1421,1238,8.1136,True,tobacco: pro and con. a recent author gives a summary of the results of his experience of tobacco symptoms as follows: 1. human beings have probably smoked t...
tobacco,1900,1,1421,1240,8.1233,True,"the amoincan war ended: peace: with honour. ilmf-i many of your readers will ne glad to know that the war between the american tobacco co. (purchasers of ogdens and co., liverpool), and the british im"
tobacco,1900,1,1421,1241,8.1244,True,"g. briddon, tobacco and cigar merchant. bur li noton street,"
tobacco,1900,1,1421,1244,8.1281,True,"...e junk. they were all heathene, black of visage and dirty to perfume the blue sky. they sat on the afterrail, and swung the steering sweep and puffed tobacco in their pipes, a"
tobacco,1900,1,1421,1247,8.1291,True,"the american war __ended: peace with honour. many of your readers wilt ne glad to know that the war between the american tobacco co. (purchasers of ogdens and co., liverpool), and the british imperial"
tobacco,1900,1,1421,1250,8.1382,True,"tobacco magnate's fortune. the london ""evening standard.' says the total value of the estate, including re- version, left by the late sir frederick wills, a ..."
tobacco,1900,1,1421,1251,8.1441,True,"the seaside cigar. why have seaside cigars a bad reputation? be- cause, says a writer in the ""cigar and tobacco world,"" all tobacco has an affinity for—this is, a tendency to absorb—the saline particl"
tobacco,1900,1,1421,1255,8.1534,True,"the american war ended peace with honour. many of your readers will be glad to know that the war between the american tobacco co. (purchasers of ogdens and co., liverpool), and the british imperial to"
tobacco,1900,1,1421,1264,8.1839,True,"... action. on monday ogden's will issue to the re milers a circular from their boundary- line • factory, liverpool, in which they state:— ""the imperial tobacco compan"
tobacco,1900,1,1421,1266,8.1989,True,"sale of ogden's limited, ogden's sharoholders yesterday afterncon agreed to sell the whole concern to the american tobacco co. for £813,000. the america cup."
tobacco,1900,1,1421,1269,8.2091,True,tobacco and lung disease. the statement that tobacco prevents lung disease eeeme to be true to a certain extent. it is clear that tobacco and tobacco smoke a...
tobacco,1900,1,1421,1273,8.2262,True,"...the following tender-s-iiwpplies to the workhouse were accented :—groceries :—j. g. kidd and co., ltd., frodsham; bread, j. g. kidd and co., frodsham tobacco and snuff, john thomas, runcorn b"
tobacco,1900,1,1421,1275,8.2365,True,"the best pipe. next to the tobacco, which dhould always be pure, and free from added flavouring (an expedient which is resorted to far too commonly nowa- days), the best kind of a pipe..."
tobacco,1900,1,1421,1276,8.2389,True,tobacco and lung disease. the statement that tobacco prevents lung disease eeeme to be true to a certain extent. it is clear that tobacco and tobacco smoke a...
tobacco,1900,1,1421,1278,8.2417,True,"america and trusts. british imperial tobacco co. involved in a law suit. new york, wednesday. the ""sun"" says the suit which the government will bring againgt the tobacco trust, to-day, charging ..."
tobacco,1900,1,1421,1279,8.2438,True,"the american war ended: peace wiih honour. many of your read, rs will be glad to know that the war between the american tobacco co. (purchasers of ogdens and co., liverpool), and the british imperial "
tobacco,1900,1,1421,1280,8.246,True,"ssssssssssees&sn eaders9 page. g r scis.gi by readers. sseasieinf9 famous men who hated tobacco. somehow or other we associate tobacco with literary men, but not all writers are lovers of the weed. go"
tobacco,1900,1,1421,1282,8.2636,True,"bread or tobacco. ""let me tax your food,"" says mr. chamber- lain to them, ""and i will take off some of the taxes on your tea, sugar, and tobacco."" but there are sever..."
tobacco,1900,1,1421,1284,8.2772,True,the tobacco trade war. fighting the enemy in their own country. despatches from; -va-ri7o-i-i; tobacco states in the south (says a washington telegram) show that...
tobacco,1900,1,1421,1288,8.3098,True,"vllnl9.—riont's tie, worth is.. to introduce australian 12 grown tobacco and • auetrallan cigarettes 3 ozs. tobacco or 50 cigarettes and gift, ii. id. p.o.— colontal tenacco co. of 230.0ity rd.. londo"
tobacco,1900,1,1421,1289,8.3123,True,"bread or tobacco. ""let me tax your food,"" says mr. chamber- lain to them, ""and i will take off some of the taxes on your tea, sugar, and tobacco."" but there are sever..."
tobacco,1900,1,1421,1290,8.3156,True,"the american war ended: peace with honour. many of your readers wit' oe glad :o know that the war between the american tobacco co. (purchasers of ogden& and co., liverpool), and the british imperial t"
tobacco,1900,1,1421,1291,8.3163,True,"the amoincan war ended: peace: with honour. ilmf-i many of your readers will ne glad to know that the war between the american tobacco co. (purchasers of ogdens and co., liverpool), and the british im"
tobacco,1900,1,1421,1294,8.3294,True,...mokers. a bill will be introduced at the next sitting of tho manx house of keys by ms clueas (the youngest member and a smoker) for the prevention of tobacco-smoking by juveniles. tobacco
tobacco,1900,1,1421,1296,8.3381,True,"...er. the lodger is a man who maialains impecunious people in affiu- enc:.. he provides his landlady with tea and pocket-money, and his land- lord with tobacco and pipes. he furnishes the do"
tobacco,1900,1,1421,1298,8.3432,True,"a word about tobacco. take the, following for what it is worth, the words are not mine: ""people who want to smoke and not kill themselves are trying to establish what is ..."
tobacco,1900,1,1421,1299,8.3434,True,"the american war ended peace with honour. many of your readers will be glad to know that the war between the american tobacco co. (purchasers of ogdens and co., liverpool), and the british imperial to"
tobacco,1900,1,1421,1301,8.347,True,"proved to be the best tobacco sold, cool, sweet, and pleasant—a 3ld. tobacco for 3d. andrew marvel rich dark flake, guaranteed the best dark tobacco,"
tobacco,1900,1,1421,1302,8.3484,True,"...arter placed on foreign wheat and flour—this would cost each person in the country eighteenpence per year. -but the tax on cea is now 3s. 3d., and on tobacco about i"
tobacco,1900,1,1421,1305,8.3542,True,tobacco and lung disease. the statement that tobacco prevents lung disease seems to be true to a certain extent. it is clear that tobacco and tobacco smoke a...
tobacco,1900,1,1421,1306,8.3547,True,tobacco and lung disease. the 6teternent that tobacco prevents lung disease seems to be true to a certain extent. it is clear that tobacco and tobacco smoke ...
tobacco,1900,1,1421,1307,8.3639,True,haslingden board of gaardians. the tea and tobacco duties. a policeman'g reward. tho fortnightly meeting of tho guardians of haslingdon union was held on wednesday after- noon. present: messrs. l. ash
tobacco,1900,1,1421,1308,8.3785,True,"... dare, inidruetor to the local dames held in connection w.tti the travelling butter school, has been presented by his lialttock pupils with a case of tobacco pipes, together with a "
tobacco,1900,1,1421,1311,8.4095,True,"ssssssssssees&sn eaders9 page. g r scis.gi by readers. sseasieinf9 famous men who hated tobacco. somehow or other we associate tobacco with literary men, but not all writers are lovers of the weed. go"
tobacco,1900,1,1421,1312,8.4124,True,"tobacco as disinfectant. the smoke forms a powerful antisemic. the ""lancet"" has been making wow 431.- periments to test the truth of the popular belief that ..."
tobacco,1900,1,1421,1313,8.4159,True,tobacco and lung disease. the 6teternent that tobacco prevents lung disease seems to be true to a certain extent. it is clear that tobacco and tobacco smoke ...
tobacco,1900,1,1421,1315,8.424,True,"...also reed from mrs goodwin, pp3eident of the british women's temper- ance association, stating that the associa- tion would be pleased to give tea or tobacco to the inmates w"
tobacco,1900,1,1421,1316,8.4245,True,"the american war ehded: peace with honour. many of your readers wilt ne glad to know that the war 'between the american tobacco co. (purchasers of ogdens and co., liverpool), and the british imperial "
tobacco,1900,1,1421,1317,8.4284,True,"the american war ended peace with honour. many of your readers will ne glad ""..o know that the war between the american tobacco co. (purchasers of ogden% and co., liverpool), and the british imperial "
tobacco,1900,1,1421,1318,8.4367,True,tobacco and lung disease. the statement that tobacco prevents lung disease seems to be true to a certain extent. it is clear that tobacco and tobacco smoke a...
tobacco,1900,1,1421,1321,8.4486,True,how b.d.v. tobacco is packed. the process of packing rda' tobacco into the well known one ounce foil packets is accomplished by a machine of marvellous ingenuity. the d...
tobacco,1900,1,1421,1323,8.459,True,"--- • chapter xxiv. a siirprisf. ""well,"" said the farmer, when the tea-things _had been cleared away and he had handed a pipe and a tobacco pouch to mark, after filling his own briar, ""and how's the w"
tobacco,1900,1,1421,1324,8.4598,True,"absent- minded. not long ago, in a village near crook, a miner got up rather late one morning for his work, so, with hurrying, he forgot his tobacco. when he got home again he said to his wife, ""lass,"
tobacco,1900,1,1421,1325,8.4616,True,"v.7.z,%7 allem in the cigarette hodushl‘ a correspondent writes: surprise and amuse- ment have been caused in the tobacco world over the views recently expressed by a mr. jacob kramrisch before the ro"
tobacco,1900,1,1421,1327,8.4675,True,"the american war ended: peace: with honour. many of your readers will ne glad to know that the war between the american tobacco co. (purchasers of ogdens and co., liverpool), and the british imperial "
tobacco,1900,1,1421,1329,8.4951,True,"the american war ended: peace wi 1 h honour. milli many of your readers nm de glad to know that the war between the american tobacco co. (purchasers of ogdens and co., liverpool), and the british impe"
tobacco,1900,1,1421,1331,8.5028,True,"the american war ehded: peace: with honour. many of your readers will oe glad to know that the war between the american tobacco co. (purchasers of ogdens and co., liverpool), and the british imperial "
tobacco,1900,1,1421,1333,8.5054,True,"the american war ehded: peace with honour. many of your readers wilt ne glad to know that the war 'between the american tobacco co. (purchasers of ogdens and co., liverpool), and the british imperial "
tobacco,1900,1,1421,1334,8.5077,True,"smoking through the nose. there seems to be little doubt that the true ""rigin of the word ""tobacco"" as it was re- _eived in europe was derived from the name of a peculiar piece of apparatus used by tn"
tobacco,1900,1,1421,1335,8.5159,True,"bread or tobacco. ""let me tax your food,"" says mr. chamber- lain to them, ""and i will take off some of the taxes on your tea, sugar, and tobacco."" but there are sever..."
tobacco,1900,1,1421,1336,8.5164,True,"a monstrous thing to go back on the taxes proposed on leer and tobacco in order to put them on tea. (applause.) he was quite aware that the, present proporals ,in regard to the taxation of licences mi"
tobacco,1900,1,1421,1338,8.5288,True,"the american war ended peace with honour. many of your readers will ne glad ""..o know that the war between the american tobacco co. (purchasers of ogden% and co., liverpool), and the british imperial "
tobacco,1900,1,1421,1339,8.5319,True,"the american war ended; peace; with honour. many of your readers wilt be glad to know that the war between the american tobacco co. (purchasers of ogdens and co., liverpool), and the british imperial "
tobacco,1900,1,1421,1340,8.5405,True,"aphides: i:ke en fly. tobacco water or soapy quassia water is etlec• tual, as is powdered pyrethrum (the persian and dalmatian insect powders of commerce), or tobacco if applied t..."
tobacco,1900,1,1421,1341,8.5484,True,"aphides: i:ke en fly. tobacco water or soapy quassia water is etlec• tual, as is powdered pyrethrum (the persian and dalmatian insect powders of commerce), or tobacco if applied t..."
tobacco,1900,1,1421,1345,8.5935,True,"the american war ended: peace: with honour. many of your readers will de glad to know that the war between the american tobacco co. (purchasers of ogdens and co., liverpool), and the british imperial "
tobacco,1900,1,1421,1347,8.6012,True,"tobacco blindness. tobacco blindness ,remarks heath becoming quite a common affiiction, ar short time ago several persons were treated for it. it first takes..."
tobacco,1900,1,1421,1351,8.6112,True,"the american war ended: peace: with honour. many of your readers will ne glad to know that the war between the american tobacco co. (purchasers of ogdens and co., liverpool), and the british imperial "
tobacco,1900,1,1421,1352,8.6131,True,"excessive moisture in tobacco. at the liverpool police court on wednes- day messrs. william clarke and sons, ltd., tobacco manufacturers, were summoned on four informations for ma..."
tobacco,1900,1,1421,1353,8.628,True,"... the local l.r.c. invited workers in the various wards, along with their wiles, to a social evening in the weavers' hall on saturday night. plenty of tobacco and light"
tobacco,1900,1,1421,1354,8.6344,True,"the american war ended: peace with mohr. many of your readers will be glad to know that the war between the american tobacco co. (purchasers of ogdens and co., liverpool) and the british imperial toba"
tobacco,1900,1,1421,1355,8.6397,True,"the american war ended; peace; with honour. many of your readers wilt be glad to know that the war between the american tobacco co. (purchasers of ogdens and co., liverpool), and the british imperial "
tobacco,1900,1,1421,1359,8.6664,True,"with honour. many of your readers win ne glad to know that the war between the american tobacco co. (purchasers of ogdens and co., liverpool), and the british imperial tobacco co., for the cap- ture o"
tobacco,1900,1,1421,1360,8.6738,True,"excessive moisture in tobacco. at the liverpool police court on wednes- day messrs. william clarke and sons, ltd., tobacco manufacturers, were summoned on four informations for ma..."
tobacco,1900,1,1421,1361,8.6824,True,"the american war ended: peace: with honour. many of your readers will de glad to know that the war between the american tobacco co. (purchasers of ogdens and co., liverpool), and the british imperial "
tobacco,1900,1,1421,1362,8.6835,True,"results of tobacco in tea. it is reported that forty men of the detachment of the middlesex regiment now at bangalore were recently taken ill, and had to be conveyed to..."
tobacco,1900,1,1421,1363,8.6862,True,"the american war ended: peace wiih honour. many of your read, rs will be glad to know that the war between the american tobacco co. (purchasers of ogdens and co., liverpool), and the british imperial "
tobacco,1900,1,1421,1366,8.7092,True,"the virtues of tobacco. whatever the ill effects of tobacco when used to excess, it is allirmod that when used in mociera- tthn it acts on an adult as a mild sedative. it i..."
tobacco,1900,1,1421,1367,8.7178,True,"excessive moisture in tobacco. at the liverpool police court on wednes- day messrs. william clarke and sons, ltd., tobacco manufacturers, were summoned on four informations for ma..."
tobacco,1900,1,1421,1368,8.7253,True,"the american war ehded: peace: with honour. many of your readers will oe glad to know that the war between the american tobacco co. (purchasers of ogdens and co., liverpool), and the british imperial "
tobacco,1900,1,1421,1369,8.7318,True,"the american war bred peace with honour. many or your readers will be glad to know that the war between the american tobacco co. (purchasers of ogdens and co., liverpool) and the british imperial toba"
tobacco,1900,1,1421,1371,8.7419,True,"the american war bred peace with honour. many or your readers will be glad to know that the war between the american tobacco co. (purchasers of ogdens and co., liverpool) and the british imperial toba"
tobacco,1900,1,1421,1372,8.7425,True,"the american war ended: peace with honour. many of your readers will ne glad io know that the war between the american tobacco co. (purchasers of ogdens and co., liverpool), and the british imperial t"
tobacco,1900,1,1421,1373,8.7596,True,"the american war ended: peace with honour. many of your readers wit' oe glad :o know that the war between the american tobacco co. (purchasers of ogden& and co., liverpool), and the british imperial t"
tobacco,1900,1,1421,1375,8.7623,True,"...4. added to income tax, yielding .. is. duty on contract note; 150,000 is. added to beer duty 1,75000 6d. added to spirit duty 1,015,000 4d. added to tobacco"
tobacco,1900,1,1421,1378,8.7827,True,"the american war ended: peace with mohr. many of your readers will be glad to know that the war between the american tobacco co. (purchasers of ogdens and co., liverpool) and the british imperial toba"
tobacco,1900,1,1421,1379,8.7831,True,tobacco as a preventive. the. vittues of tobacco ss a disinfectant— not only in the greenhouse but as a preven- tive against infections diseases—are not a re...
tobacco,1900,1,1421,1384,8.8183,True,"...an address. the christmas tea comprised spice bread and cheese and mince pies, and when this meal was over and the tables had been cleared, pipes and tobacco were handed round, and "
tobacco,1900,1,1421,1385,8.8225,True,"the budget in brief. a guide to the figures. under the new budget you will have to pay on: income tax produce contract note, ls. beer spirits tobacco foreign cigars tea the budget speech being made th"
tobacco,1900,1,1421,1386,8.8245,True,lancaster the war. the kinoh own fund. col. whalley bee heard that the clothing and tobacco sent out by the above fund hoe been received by the 3rd and 4th batts of the king'. own royal lancaster. it 
tobacco,1900,1,1421,1388,8.8426,True,"tobacco blindness. tobacco blindness ,remarks heath becoming quite a common affiiction, ar short time ago several persons were treated for it. it first takes..."
tobacco,1900,1,1421,1392,8.8852,True,"...t. weather that will suit everybody. an hotel where the servants scorn tips. a *ay with no villain and three heroes. a day without a word about 11ill tobacco for nothing, and pipes equally "
tobacco,1900,1,1421,1393,8.8863,True,"...s shoee from the hoof; but i elm saved the trouble—every shoe had been re- nenm4 _ _ _ i slept under the shelter of a rock that night, with a pipe of tobacco and my un- rolled blanket fo"
tobacco,1900,1,1421,1394,8.8872,True,"the american war ended: peace with honour. many of your readers will ne glad io know that the war between the american tobacco co. (purchasers of ogdens and co., liverpool), and the british imperial t"
tobacco,1900,1,1421,1396,8.9208,True,"premises to let. 440, borough-road.—large shoo and house: suit boat dealer, draper, tobacco dealer and newsagent, ise. to. rent first year £3o.—apply cross 183, price-street. 1826u016"
tobacco,1900,1,1421,1397,8.9425,True,"the american war ended peace with honour. many of your readers will ne glad to know that the war between the american tobacco co. (purchasers of ogdens and co., liverpool), and the british imperial to"
tobacco,1900,1,1421,1400,8.9584,True,"...won battle of trafalgar. the old man who wars sunning hirnself beside an upturned boat appeared to be unable to make a choice between another pipe of tobacco and forty winks, while "
tobacco,1900,1,1421,1402,9.0048,True,"the american war ended peace with honour. many of your readers will ne glad to know that the war between the american tobacco co. (purchasers of ogdens and co., liverpool), and the british imperial to"
tobacco,1900,1,1421,1403,9.0509,True,"the american war ended: peace wi 1 h honour. milli many of your readers nm de glad to know that the war between the american tobacco co. (purchasers of ogdens and co., liverpool), and the british impe"
tobacco,1900,1,1421,1404,9.0645,True,"aphides: i:ke en fly. tobacco water or soapy quassia water is etlec• tual, as is powdered pyrethrum (the persian and dalmatian insect powders of commerce), or tobacco if applied t..."
tobacco,1900,1,1421,1405,9.0655,True,"tobacco blindness. tobacco blindness ,remarks heath becoming quite a common affiiction, ar short time ago several persons were treated for it. it first takes..."
tobacco,1900,1,1421,1407,9.1087,True,"the virtues of tobacco. whatever the ill effects of tobacco when used to excess, it is allirmod that when used in mociera- tthn it acts on an adult as a mild sedative. it i..."
tobacco,1900,1,1421,1410,9.1939,True,"hargraves' tobacco iluittaotobt. 44. swan ittzt.et. ilanchsitizz. tavacdcovp. %intl. ?v. ./11.42.1""am1et swifts. tobacco. itaaslowtsrod cbdo. alba samar occordaail. loy..."
tobacco,1900,1,1421,1411,9.2289,True,"... wedding the bells of padiham church rang out merry peals, and on monday the inmates of the burnley work- house had a little treat, the men receiving tobacco an"
tobacco,1900,1,1421,1413,9.2957,True,"with honour. many of your readers win ne glad to know that the war between the american tobacco co. (purchasers of ogdens and co., liverpool), and the british imperial tobacco co., for the cap- ture o"
tobacco,1900,1,1421,1414,9.316,True,"bread or tobacco. ""let me tax your food,"" says mr. chamber- lain to them, ""and i will take off some of the taxes on your tea, sugar, and tobacco."" but there are sever..."
tobacco,1900,1,1421,1415,9.3224,True,"interesting to soldiers' friends. we learn that mr. shaw, tobacconist, top locks, runcorn, has throughout the campaign in south africa, acted as a"" soldier's friend,"" by supplying them v;vh tobacco, a"
tobacco,1900,1,1421,1417,9.4088,True,"interesting to so idiers' friends. we learn that mr. shaw, tobacconist, top leeks, runcorn, has throagli-ut the campaign in south africa, acted as a"" soldier's friend,"" by supplying them with tobacco,"
tobacco,1900,1,1421,1418,9.4126,True,"bread or tobacco. ""let me tax your food,"" says mr. chamber- lain to them, ""and i will take off some of the taxes on your tea, sugar, and tobacco."" but there are sever..."
tobacco,1900,1,1421,1420,9.7583,True,"wife purchased for a pipe of tobacco. an extraordinary story was told in worcester bankruptcy court, yesterday. ge;rge henry pin, a bankrupt farmer, stated th‘t he bought a neigh- bout's..."
