word,decade,cluster,cluster_size,rank_in_cluster,distance_to_centroid,target_word_visible,snippet
cocoa,1900,0,3009,8,4.0817,True,epps's g.p.ateful-comfor'fifig. cocoa ureakfast and supper. 5. 1901. linthwaite w esleyan grand bazaar. second day's proceeding. a good number of people again assembled at the second day'...
cocoa,1900,0,3009,12,4.1024,True,the most nutritious. epps's grateful-comforting. cocoa ereakfast and 81.71.p1ii. cow nty bridge tstbii dr lincas i te. the sub-oommittee appo del to consider the applications for the ake 01 oounty bri
cocoa,1900,0,3009,13,4.1125,True,e`rr• g 4... 'ann o' t &cm • g rate fu l-com fort! ng. cocoa areakfast and supper. £5 reward will be paid to anyone furniahing evidence on which a con- viction can be secured against any dealer substi
cocoa,1900,0,3009,15,4.1327,True,"the most nutritious. epps's grateful-comforting. cocoa ors* ic fast and supper.. 3peclel- great britain and ireland and our colonial pos ;sessions, including the transvaal anl pei !cial maps of london"
cocoa,1900,0,3009,17,4.1349,True,"the most nutritious, e p p s' s grateful—comiorting. cocoa broakfe st—suppor. ingleton -- diocesan society.—on sunday last oul- lections were made at st. maly' church on ix half of the itipon lhoett.i"
cocoa,1900,0,3009,18,4.1368,True,the most nutritious. ep ps's grateful-comforting. cocoa ithe seamy side of a publican's board ripon board of guardians. fjoorhonliglthlausyonm—joe.pti.n—g(cohfatihrta)prmidetial..4 r:fthilatiliaakik:.
cocoa,1900,0,3009,19,4.1378,True,"epps's grateful—comturfing. cocoa breakit .st. —supper. m orecambe• wert view hotel central brace, morecambe. luncheons, dinners, drc. good siabling. w. l. ashton, proprietor ously wi..."
cocoa,1900,0,3009,20,4.1414,True,"tifg most nutritious. epps's grateful-comforting. cocoa ow.kfasy ano amin& • an object lesson in g, mrb. ann brown, of 20, no attleborough, warwickshire, is the of a remarkable report in the low paper"
cocoa,1900,0,3009,28,4.1821,True,"cocoa to most nutritious and ileonon:ical. as n precaution gaiu,t pi.;u, last morrth 6,000 rdt, have been burned in the thames steal...hip furnacce. making..."
cocoa,1900,0,3009,29,4.1936,True,"the most nutritious. epps's grateful-comforting. cocoa breakast and supper. it can't lest po& &ver.—those who have taken advantage of the clearanee sale of winter millinery, drapery, carpets, linoleam"
cocoa,1900,0,3009,32,4.206,True,epps's grate fu l-com forti ng. cocoa breakfast and supper. coronation festivities at oswaidtwist ie. preparatory meetitia permanent memorial abandoned. ihi monday evening a meeting of th...
cocoa,1900,0,3009,33,4.2105,True,"the 440 st nutritious. eppsgs grateful-comforting. cocoa enr.akfact—supper. ct2so 000 to lend by .the ph cial union bank, in of lw to 10500. on !wu of hand all or any other security, at • few hours' n"
cocoa,1900,0,3009,36,4.2145,True,"cocoa 6r:akf as th.. l'atholic bazaar at staitkas kat week realood about £l2o. mr it. s. warglte, of beverley hooey, melton. ha e detl, after a short alluv..."
cocoa,1900,0,3009,38,4.2229,True,"the most nutritious. es 3 s grateful-comforting. cocoa breakfast and supper. elsstic stocicings, knef: caps, kc. —for little° ‘e vein and all cases of we skness and swelling of the legs, sprat n &a. t"
cocoa,1900,0,3009,39,4.2309,True,"cocoa ontlakfast- supper. towle's"",""""''""pills f., r ca.a.sat eleri. 411301 ely 00101iar ail unneennurrza, mom w. amtautamom mad asiana noinalyasnaga.xl pea..."
cocoa,1900,0,3009,44,4.247,True,e pp s's cocoa fon 111riakfaiit nw ouppsil ow pacts worth knowing. tan foctitlin rme liamr. 'what is the average life of a fountain pen p. wan • subject very gravel...
cocoa,1900,0,3009,45,4.2494,True,"e pp s's oratiful- comforting. cocoa soft tweak,asi *me 16‘oppeil correspondence. l(ontmued from page t.) free librarian. to the editor of the 'cant,."" i sir—there is a vacancy in the fr..."
cocoa,1900,0,3009,46,4.2497,True,"cocoa breakfast-supper- mrs wood s's female remedies. for all irregulsraies, amemis, etc.; quickil removes all the distressing symptoms so prevaleat with t..."
cocoa,1900,0,3009,47,4.2558,True,"grateful-comforting. cocoa fireakriie•t—supper m woods's female remedies. for all irregularities, anstnia, etc.; quidar removes all the distressing tymptonts $o newsiest with t..."
cocoa,1900,0,3009,48,4.256,True,"gratefol-comfo::11n3. cocoa br;aiva:t and 6upplm m e ltham urban district -council. th tortnightly meeting""of the above council was held on monday evening last, mr. j. 11. preot..."
cocoa,1900,0,3009,49,4.2584,True,"cocoa oreakfast and supfen. nelson. by tam goblin. the derby days"" between the nelson and burnley teams have ended this season as they did last—in draws. t..."
cocoa,1900,0,3009,50,4.2608,True,"the most nutritious. epps's grateful—comforting. cocoa breakfast—supper. linthwaite. culne valley 11017nds.--1112tumouthil mon- day was from the victoria, which has not been visited by ths members tho"
cocoa,1900,0,3009,51,4.2608,True,the most nutritious. e pps's qf ateful-comforting. cocoa <1 rea k fast- p pe.ft northern union. northern league. warrington v. batley. the cup• final reversed. the most interesting match of all those 
cocoa,1900,0,3009,52,4.2643,True,"the most nutritious epps's grateful-comforting. cocoa breakmst and ifjppeft. football livkl khali be pleased to insert the fixtures of local clubs on cards being sent to our office, and sec- retaries "
cocoa,1900,0,3009,53,4.2661,True,"clayton-le-moors. 111116 soot e pp s's cocoa fin liiiiiiiwast mo suppul •i'la jottings. to the mayor (u. a. rmith. esq.) endorsed and found correct) the work of the now past year: and now cu,' a..."
cocoa,1900,0,3009,54,4.2668,True,"the most nutritious. epps's grateful-comfofiting. cocoa breakfast and supper. have you a bad leg with wounds that dischruge or otherwise, perhaps surrounded with inflammation and swollen, that when ye"
cocoa,1900,0,3009,55,4.2699,True,"cocoa breakfast -suppiail etwloo was seen and heard in haugh- tow law, intriirgtou, on saturday. mr e. ti. wynn•e finch was re-elected chairman 1 atokile, ..."
cocoa,1900,0,3009,57,4.2743,True,"cocoa breakfast—su :)3' • ball hursi land hope lien 10-r; ri heti moen desin exere pravt will of p, mr. temperance meetings at rock ferry during the past w..."
cocoa,1900,0,3009,60,4.2942,True,"ht most nutritious. ep ps's grateful-comforting. cocoa breakfast-supper. indlviif.,ml hair stiff and glossy and enables it to res at dust. • lady living in hotels or r00m.5 or traveling in°, can certa"
cocoa,1900,0,3009,62,4.2981,True,ifortine. cocoa vom breakfast mw vowel liberalism in the north. --- on saturday a meeting %v hold in the .n- w• castle liberal club with a view to tho fed ration of ...
cocoa,1900,0,3009,65,4.2995,True,"the most nutritious. epps's grateful—comforting. cocoa breakfast—supper. the empire theatre. it would be difficult to conceive, and still more difficult to put into practice a more agile and ingenious"
cocoa,1900,0,3009,70,4.3194,True,"cocoa breakfast,—supper. clarke's 1141 pills are warranted to cure, in either in. all required or constitutional diseharges from the urinary organs, gravel..."
cocoa,1900,0,3009,73,4.3339,True,"the most nutritious. epps's -grateful—comforting. cocoa breakfast—supper. a woman's back. but unfortunately many they do not know it by that name. they vt: ,7% rtt e n think only men have such trouble"
cocoa,1900,0,3009,74,4.3366,True,"the most nutritious. e pps's gfiateful-comforting. cocoa 3reakfast--supper rnlll4 • c .$ 1 in' a i will repay. powerful new story starts to-day. `, heaven help all whom it may concern. jude bryce has "
cocoa,1900,0,3009,77,4.3447,True,"the most nutritious. e 4,, s 5 • grateful-com forti ng. cocoa areakfast and supper. women's chat. the queen has been greatly relieved by the accounts of the improvement in the health of the empress fr"
cocoa,1900,0,3009,78,4.3478,True,"cocoa br bakfast --supper. corpora j. casticiact„ of the auckland avtivg, ftcrvios baotou of vtaun,cont has joinori tho durham police force, anci corn- !fl..."
cocoa,1900,0,3009,79,4.3507,True,"tiiic most nutritious. epps's grateful-comforting. cocoa err-akfast and sji4per. colne united congregational society. opening of new premises. the attiti7de pl.' the public. a, a counter attraction to"
cocoa,1900,0,3009,80,4.3521,True,"the most nutritious p p (iratifii l. c.- nifortiaig. cocoa _ brea kfast .-soppeil socoesoful harvest thanksgiving cervices in connection wit,h the primitive methodist church, thundoa °pillory, were he"
cocoa,1900,0,3009,81,4.3538,True,"epps's cocoa a d—ell- cisai-drisir-asif -- _ a sastaiig tad. should remain at home. they should ii. 4 go to school, and have any definite work to do, but what the..."
cocoa,1900,0,3009,82,4.3552,True,the most nutritious epps's grateful—corn-forting. cocoa british trade. i3elfast booming'. what of the tees? mrs henry fell pease. the funeral. tim burial ground at the west of the friends' meeting hou
cocoa,1900,0,3009,83,4.3577,True,"grateful-comforting. cocoa ifor breakfast and supper. the ntaninr. hoare war puna on 'thlesday reaohed over a million sterling. l'pwards of £lo,ooo damage reaulted from a fire ..."
cocoa,1900,0,3009,87,4.3639,True,"the most nutfiitiou3 epps's grateful-comforting. cocoa breakivast and supper. 0 olca carbol-cresol mixed with water is the best disinfectant for bedrooms, blankets, ctc. sold iu fa and 1. bottles by s"
cocoa,1900,0,3009,89,4.3702,True,"cocoa na ea kfa st-suppe& the marquis and marchioness of zethod on monday returned to ae hall, rich- mond. the triennial clortion of west hartle- pool scho..."
cocoa,1900,0,3009,90,4.3703,True,"cocoa brf_akfast-supper, printed by the norte eastern news association, luernan, at the reg interact (adm, zetla nd-roa d, middlesi3rougu, ift the county o..."
cocoa,1900,0,3009,93,4.373,True,"the most nutritious. ps is :•••12 grateful-comforting. cocoa areakfast and supper. purchase of land at howley. the new county rate basis. at a meeting of the above committee, mr. william owen, having "
cocoa,1900,0,3009,94,4.3779,True,the most nutritious epps's grateful-comforting. cocoa breakfast and supper. g olcar. sonny bank baptist band of hope.— on wednesday evening a well-attended public meeting was held in connection with t
cocoa,1900,0,3009,95,4.381,True,"the most nutritious. epps's grateful-comforting. cocoa [irs roast and supper. the sunday corner an experiment which has been very successful in pittsburg, u.s.a., might be copied with advantage in thi"
cocoa,1900,0,3009,96,4.3843,True,"the most nutritious. epps's grateful-comforting. cocoa areak fast and suppi er. -- nevi water pad trims never gets hard. timms of every known descrlptlon, including the new washable waterproof always "
cocoa,1900,0,3009,97,4.3848,True,the most nutritious. epps's grateful—comforting. cocoa brea k fa st—supper. visit to burnley i7p-to-dai i testiniony. sr mr. ison has visited the lanca- shire towns n'or upwards of 13 years with the g
cocoa,1900,0,3009,98,4.385,True,cocoa take beet form of otkotet for svery-doar bath ellesmere port. one cannot refrain from sympathising very deeply tlh the hrontieulthroliaits who abound...
cocoa,1900,0,3009,99,4.385,True,"the most nutritious. epps's grateful—comforting. cocoa breakfast—supper. st. john's church, golca the grand bazaar. £1,143 realised. the third day's proceedings were opened on friday last by mr. john "
cocoa,1900,0,3009,100,4.3871,True,"...s london ilancheater leeds bradford and calcutta wholesale agents j. p. evan. and co.. 64 and n. exmouth-street, birkenhead. nourishing. (plasnion \\ cocoa iwo ilarrser drlalaalonawars6 qu"
cocoa,1900,0,3009,101,4.3884,True,"epps's grateful—comforting. cocoa upper. omen, naa evidently been purenasea at a zer..e.- hand establishment and were both frayed and musty as well as badly fitting, and being origina..."
cocoa,1900,0,3009,102,4.3904,True,"the most nutritious'. epps's grateful—comforting. cocoa breakfast—supper. goo dr metal cases if% 2l'-, 25 silver • 12i6, 20/-, 25/-. 35/-. & £5. solid cold • et- up -to zoo. vocdding rinas arc the bes"
cocoa,1900,0,3009,103,4.3916,True,"the most nutritious, e p p s' s grateful—comforting. cocoa breakfast—supper. ihe smoke nuisance and 110 w to pion ent it.° when next our corporation are in doubt as to what to do with the smoke nuisan"
cocoa,1900,0,3009,105,4.4034,True,"cocoa and gird ..f. chocolates highest honours mr newton jones's visit to middlesbrough. ""and here is to be noted, that such ornaments of the church. and o..."
cocoa,1900,0,3009,107,4.4057,True,"the most nutritious. e ps's grateful-comforting. cocoa r ea kfast-gupper, nitmber 6 parade, ""m. e. francis"" (author of in a north country village,"" te.) part 1. mrs. collins stood gazing meditatively "
cocoa,1900,0,3009,108,4.4063,True,"the most nutritious. e ps,s grateful-comforting. cocoa zreakfast-suppefl ,tbnt self-raising flotj ladies' letter, mt dear nellie, recently i saw a charming gown which was of soft cream frieze, with a "
cocoa,1900,0,3009,110,4.4155,True,"e p i,.,'-) s s o;""ateful-comforting. cocoa in 4 urfa.e gam' iwo iiinwell stockton and 1 thornaby herald. news in brief. cardirud loam di can• lao died eit verona. --- mr joseph ryan, eecretary..."
cocoa,1900,0,3009,111,4.4166,True,"the most nutritious. epps's gratet in—comforting. cocoa breakfast—supper. halton.. eaet lynne.—a touring company 01 ncrforotri east lynn,"" in lialtan &noel no tne,day ,-,nung, too iiii,,ntrlypntail an"
cocoa,1900,0,3009,113,4.4194,True,the most nutritious. epps's grateful-comforting. cocoa breakfast and supper. accrington socialists. mr. hempsall says it was not anarchism. that caused mckinley's murder. vigorous reply to the rev. t.
cocoa,1900,0,3009,114,4.4194,True,"ins most nutritious. epps's grateful-comfortinli. cocoa breai4.fasr and sjpper. notes from field & road (by ""pion bee."") football. padiff am v. nelson. padiham should have played a combina- tion match"
cocoa,1900,0,3009,117,4.421,True,"cocoa a delicious drink and a sostaufing food. the new french remedy. therapiont his successfal and popular remedy, used in continentat hospitals by rirord..."
cocoa,1900,0,3009,118,4.4224,True,"""nothing cheaper or bettor than vi-cocoa."" thousand.. of men and w,iiipti nay this. experi- ence hal told them that f. 61. packet or 9d. or is. 6d. to of dr. tibb vi-cos. 14 the tnt value in..."
cocoa,1900,0,3009,119,4.4239,True,itie most nutritious. epps's grateful-comforting. cocoa eireakfast and supper. st. james' church sunday school. anncal cake and apron fair. the popularity of this affair is beeeming an established fac
cocoa,1900,0,3009,121,4.4289,True,"epps's grateful-comforting. cocoa the most nntaltions and economical. 000l000•0000000 o • • arnold's o o • •, scotch 0 ,i snuff dil ..., (best barrel). high drist6 x o unscented, olea..."
cocoa,1900,0,3009,123,4.4309,True,"f p a's p. cocoa fee anopostiow limappini4 a goods engine ran off the line on saturday evening at stokesley, with the result that the last train to whitby, instead of..."
cocoa,1900,0,3009,124,4.431,True,p ps's orayeful-comfcr.:tinii. cocoa for: creakfast and supper. stockton and is this a miracle :) a cleveland miner's experience witit bile beans for biliousness. the ancient vfliage of ...
cocoa,1900,0,3009,127,4.4356,True,"or, if a lighter, thinner drink is preferred. the most refreshing and stimulating epps9s improved cocoa essence welcome at any hersr of the day. aj i/i i iias rankin, goarch bread i biscuit baker ..'o"
cocoa,1900,0,3009,130,4.4407,True,"the most nutritious. epps's gratetui—comlortmg. cocoa breakfe at—supper. angling items. [it angling in tim lcnii, a main, mellower feeling in theair, with a gentle rise of water in the liver. liberate"
cocoa,1900,0,3009,133,4.4482,True,"9c7-= !;-d s s grateful-comforting. cocoa wc %fast and supper. local markets howden come, saturday.—wet weather rather affee!ed etendanee. wheat was only a slew trade, priers hing about tbo s..."
cocoa,1900,0,3009,137,4.4544,True,"the most nutritious. e pps's grateful-comforting. cocoa 3reakfast--suppefi, ladies' letter. 1 my dear nicllie, already it may be said, that we have become' accustomed to the combination of fur and lac"
cocoa,1900,0,3009,141,4.4591,True,-tin most nuirmouiii coooll. e p p s's cocoa fah 4p.t.aksaiit apo supped. trinity baptist sonoolc—l'nder the aus- pices of trmity baptist young metall mutual im- provement society all iisteresti...
cocoa,1900,0,3009,145,4.4655,True,"the most nutritious. epps's grateful-comforting. cocoa areakfast and supper. lancaster 43, penny street. sold a few toas at too low a price, i.e., about 120. a ton, the buyer coming for them. i am tol"
cocoa,1900,0,3009,146,4.4664,True,cocoa sudper- on monday at darlington guardian* the raminatsiou returi.is for the perled ending june last were submitted. at llartleponl on monday a lad aw...
cocoa,1900,0,3009,147,4.468,True,"i all per ystd. genuine tough 'yard. cocoa matr le. ie. the empire furnishing co., 300 & 302, stockport-road, c-on-m. (corner of milton-street), manchester. newer designs. better quality, chea..."
cocoa,1900,0,3009,151,4.4722,True,cocoa &nd eire4 e04144qw chocolates mightst ftnours musical motes. -(*)- a police spy. extraordinary story revealed turkish princess's flight frcnh piccani...
cocoa,1900,0,3009,154,4.4756,True,"cocoa breakfast and supper. correspondence. be joseph tweed. to the lalilow tor (he 4ihritlocaite guardian, dear sis,—ln your issue of the 25th of this mem..."
cocoa,1900,0,3009,155,4.4758,True,epps's gftateful-- com 70r;ting. cocoa breakfast and sjf er. -- church can do accrington a good turn by de- (eating burnley. --o§o— church have mooed the clumpionshtp because the batting i...
cocoa,1900,0,3009,158,4.4767,True,"the most r otritious. epps's gratcful cot.i forting. cocoa ba:..akfai3t and supi,er. accrington police court. muni).ii"".-lipfore mr. it. 11. ran land prrl- u) •ncl alderman lee. brunk in illackburtero"
cocoa,1900,0,3009,160,4.4786,True,epps's grateful-comforting. cocoa msakfast and supper. cuardians of the poor and guardians of the peace. extraordinary incident at beverley. a row which had been brewing for several w...
cocoa,1900,0,3009,162,4.4793,True,the most nutritious. e p ps's grateful-comforting. cocoa zreakfast-sjppefl • .1. i dur the evening gowns of the present fashions are mote lovely than they have ever been. there is a disposition to use
cocoa,1900,0,3009,164,4.4864,True,the most nutritious. epps's grateful-comforting. cocoa efierkfast and suppei anniversary seakvices and annual meeting. a decia.aad income. the onulvereary services in connection with _ the wesleyan fo
cocoa,1900,0,3009,165,4.4867,True,"a fraud upon the consumer. mazawattee cocoa aycl wye wateii. at the meting of the darling:to:, rural .conncil on mon • mr g. chapman moved the adoption of e aycliffe committee's report, which e..."
cocoa,1900,0,3009,168,4.4932,True,"epps's cocoa £ delldus mak and ev i sestalelse fool several other things which come back dimly to my memory, but i cannot describe them. i know the sight of them ..."
cocoa,1900,0,3009,170,4.4963,True,"cocoa breakfast-supped- printed by the norma eastern nzws assoctation, limited, at ilse registered office, 'zs land-road, middlesli govan, in the county of..."
cocoa,1900,0,3009,171,4.4981,True,the most nutritious epps's grateful-con forti ng. cocoa breakfast mci &upper. golcar baptist chape l. re.opening services. at the beginning of the present year some apprehension was felt by the offici
cocoa,1900,0,3009,172,4.499,True,"cocoa alleakfast—stmiess. lady dammam of hamlin-ton hall, york, has dad at bournemouth. an outbroak of sheep scab is reported on the farm of james rookin, ..."
cocoa,1900,0,3009,173,4.4991,True,"the most nutritious. epps's gratenl-com forting. cocoa meaiceas and ,i,jpiaal settle: matthias mason, stock and share broker, mime. primitive methodist chapel.— special services were held at this plac"
cocoa,1900,0,3009,174,4.5006,True,"the most nutritious. epps's crateful-comforting. cocoa breakfast-suppe& at ncw atarake a male voice choir has 1,000 form,,l. now wevloyan chapel is to ho oreoted famish' by the tnd of next month. tho "
cocoa,1900,0,3009,176,4.5024,True,"epps's graterul-com fort! nu. cocoa breakfast and supper. does not shrink t-j forv igh vi ye le5.11...s hai n ac. to le obtaino.l horn all leactini irmo. rs, or r.ante f netm, •ent oo a..."
cocoa,1900,0,3009,178,4.5046,True,-rhe most nutritious. e pps's grateful-comforting. cocoa breakmar=auerer.i' two deaths and cases in hospi ial. reassuring statements. investigations this ateefc-have;teveafed the fact that an ostbreak
cocoa,1900,0,3009,180,4.505,True,"epps's grateful-comforting. cocoa breakfast and super. i sl cockle's antibilious pills. cockle's antibilious pills, for livf.r cockle's antibilious pill, fity.f. newm mf:ii,cttry &he ..."
cocoa,1900,0,3009,181,4.5052,True,"the most nutritiouz. s s gfateful-comforting. cocoa rteakfast---suppepl interesting presentation at runcorn. a life well-spent. a most interestil,4 event in connection with sun- day sehuol work t o pl"
cocoa,1900,0,3009,182,4.5052,True,"/bmus pure cocoa invigorating a sustaining. g arden seat's, largest np-to-clate maltt,rs. los 1.4 t from r. potts a co.. caledonian rldmi.. liverpool. a grici: ',ty r..."
cocoa,1900,0,3009,185,4.5087,True,epps's grateful-00m foftti no. cocoa the most nutritious and economical local football. hudder6field d; district northern ituoby union. slaithwai l'e juniors v. iiove edge. the visit of ...
cocoa,1900,0,3009,189,4.5119,True,"cocoa invaluabie to / lar kb's 841 111,1. s are warranted to cnre. in k either sex, all acquired or constitutional dis- cinharttees if,rmoz th;rueerifisroa..."
cocoa,1900,0,3009,190,4.5125,True,"the most nutritious epps's grateful-comforting. cocoa breakfast and supper. '. rnwor 't. pinnyfr, 0 elfin ,it, • u wit,„,t, 4,1 c. 51e04 a -04': 1' !or f a air a l;t, 42p.tr s'at; '‘_. •—'' 1 quickly "
cocoa,1900,0,3009,191,4.515,True,cocoa straight line to the entrance door from paztoi- street. carriages could then come along paxton- street from sraitcliffe and church. and their pas- p....
cocoa,1900,0,3009,192,4.5163,True,•epps's grateoul-com fortino. cocoa the most nutritious and economical. the northern union. northern league. first division. warrington win at hunslet. warrington took practically a ful...
cocoa,1900,0,3009,193,4.5197,True,"the most nutritious, e pps's grateful-comforting. cocoa jreakeast-supper, ,ciiapter, xxvi. re morm war. for a week or so after his return home, mark received an amount of attention which embarrassed h"
cocoa,1900,0,3009,194,4.5216,True,"cocoa ibreakfast—suipla. swim fever has broken out north west of richmond, and also near barnard castle. sir 'herbert (oft., 11.4. inspector of conetabular..."
cocoa,1900,0,3009,195,4.5244,True,"tem most miiimitious. epps's ting. cocoa care or tile torrons. my correspondent asking for particulars as to how beet to rear a tortoise should note that the grecian variety, the one beet kn..."
cocoa,1900,0,3009,196,4.5266,True,"grateful-comforting. cocoa wor breakfast and supper. tterkeee of the (neel witbra! everscee- ?be only eye srieliet wi) rio.rtr.,/,1 to ever! rla ri kie ur,t‘ • s gold mednilist..."
cocoa,1900,0,3009,197,4.5275,True,"the most nutritious. epps's grateful-comforting. cocoa aver er established 25 years. 4: have you a cough? a dose will relieve it n have you a cold? adobe at bedtime will reliove ,4c when you ak i'or •"
cocoa,1900,0,3009,198,4.5275,True,grate ful-com forting. cocoa breakfast and supper. golcar. an:nm:w.4ii.y serviclii.- -oil sunday last the anniversary of westwood edge church sunday school was celebrated. the af...
cocoa,1900,0,3009,200,4.529,True,",rw oa • _ 4 6't rnsii people a cocoa that is soda° with the outbuimings and yard was £bo, and the pur- land was in the past. the greater would be the chase value at 22 years, £1,760. the..."
cocoa,1900,0,3009,202,4.5301,True,epps's grateful-comforting. cocoa breakfast and supper. cricket notes. nelson. by tai uoblin. the nelson team have certainly given their supporters one of the most fluctuating seasons...
cocoa,1900,0,3009,203,4.5303,True,cocoa breakfast and bupper. every in yorkshire now sells co.oe. store ringrose's bedtime teai co-op. store nature's very best remedy co-op. store for costi...
cocoa,1900,0,3009,205,4.532,True,"chant's pills. k't say you do like, cocoa ""til you have tasted rowntree's it's different as a fiddle"" that scarcely applies to aceasliseal condition bet a ter tie general every.day st the per..."
cocoa,1900,0,3009,207,4.5329,True,"4::i, ~,...7./ i' cocoa ess e co oa m wnw .'t*saw traveller (trying to write his name on a hotel register) this is a historic hostelry, i be- lieve?"" host (proudly) yes, sir..."
cocoa,1900,0,3009,209,4.5368,True,cocoa hielses mat en a sidalist issi drama of au exciting nature confronts paw of the above house this messrs. e. h knight and g. denham's y presenting art...
cocoa,1900,0,3009,211,4.5383,True,"the most nutritious. e p ps's grateful-com f 0 rtin g. cocoa areakeast--supper. women's chai. within the memory of all but the oldest, the ninth of november has been the occasion of a royal festival, "
cocoa,1900,0,3009,213,4.5405,True,"epps's grateful-comforting. cocoa breakfast and supper. photographle notes. br veronica."" the odd weather effeeta our photographic work plot an much when we come to developi,g and ton..."
cocoa,1900,0,3009,214,4.5414,True,"• l, -aa ryi t ;11f cocoa wregularly ;',i.l htg ~ w either with meals id or between meals gp w b-, it is a safe, refreshing, and i 41- 4) invigorating beverage, for t winter, ..."
cocoa,1900,0,3009,215,4.5422,True,"highest iforwurx fizt:j 111540401 cocoa mminn..._ charity. 11,alt: • the committee of the botehers charity ball has handed to the mayor ialdermen john forbes) the sum of £l5, which he has d..."
cocoa,1900,0,3009,216,4.5444,True,epps's grateful-comforting. cocoa breakfast and supper. ead e's pills. eade's 13ill-. all wh'. suffer from goat or rheumstism should irnmeditite- eade's pills. ly hare recourse to ead...
cocoa,1900,0,3009,218,4.5456,True,t4).jwart=.. epps's cocoa essence ildos—de at my bun at the ay. mdmk. elvira wishes to inform her cheat%le that. owls' to her extended tour in the united states chat her sidi°...
cocoa,1900,0,3009,221,4.5552,True,"the most nutritious. epps's grateful-comforting. cocoa breakfast and suppei laauat•thts miaal/aad and. cou.ni aiivetaiser, june _l4, 1901. ---- north lancashire farmers local and general inquests in l"
cocoa,1900,0,3009,223,4.5589,True,epps's grateful-comfort n g. cocoa breakfast and supper. _ melt! [am philharmonic society. first concert. it is only about two years ago that steps were first taken in the direction of...
cocoa,1900,0,3009,224,4.5592,True,"strong ciiildren. jan.:— i everybody should drink cadbury's cocoa regularty at hreiddast and lunch time, and, porticularly with the evening meal, because, owing to as mildly stimulative action, it is "
cocoa,1900,0,3009,225,4.5618,True,"the most nutritious. epps's grateful—comforting. cocoa breakfast—supper. mozart's requiem in the cathedral. the nave of the cathedral was well-tilled on !friday evening, when the ripon cathedral choir"
cocoa,1900,0,3009,226,4.5619,True,"cocoa involusblo to ou4 high-class criminals. the kidneys easily get out of order. notable scheme for their extinction. then come dropsy, rheumatism, crave..."
cocoa,1900,0,3009,227,4.5648,True,vhs most nutrmous e p ps's grateful-comfortii4. cocoa breakfast-supper. edit='s b 41 pills are warranted to cure in all acquired or constitutional discharges from the urinary organs. gravel and peal2l
cocoa,1900,0,3009,228,4.5658,True,"cocoa i mr. samuel nam], bin samuel noton, breakfast- supper. gripo. gripo. gripo. to textile and other workers on machinery gripo is acknowledged by users..."
cocoa,1900,0,3009,229,4.5676,True,"cocoa the most nutritious sat nomootioak golf. the spring meeting of the royal limp* golf club commenced cm monday ore os hoybake links, the courts being a..."
cocoa,1900,0,3009,230,4.5696,True,"l 7, —4-a•g) l,:lri.;""—s"" cio_ (7;3 ra li .4tffaip a grate fu l-co ni forti r4g. cocoa breakfast and supper. mars den. adveiltisements for the guardian. and orders for printing, bookbinding, and stati"
cocoa,1900,0,3009,234,4.5732,True,the most nutritious. epps's grateful—comiorting. cocoa breahlw_a—supper. every in yorkshire now sello co-op. store ringrose's bedtime tea. 00-01'. store nat-tire's very bast remedy co-op. store for co
cocoa,1900,0,3009,235,4.5762,True,"grateful—comforting. cocoa blreak fe at—supper. settle. w bslry grild.—on monday evenin-n the r.v. f. j. mann of bury, gave • lecture in the weeley•n church on ""john bunyan."" z..."
cocoa,1900,0,3009,237,4.5777,True,"mazawattee cocoa judge aitackb society. there is no iscoseass about jerome. the nevrl'y elected metelot attorney for now york. at a banquet nix hundred guest., many l..."
cocoa,1900,0,3009,238,4.5781,True,the most nutritious. epps's grateful—comforting. cocoa breakfast—supper. %i1mi1v.11•1..i... a safe remedy for all skin and blood diseases. if you suffer from any disease due to an impure state of the 
cocoa,1900,0,3009,240,4.5801,True,"cocoa breakfast- supper. the lawton gas engine, the simplest motor in the market. different sizes to be seen working, and prices on application, at the chi..."
cocoa,1900,0,3009,242,4.582,True,".the most nutritious. ep p s's grateful—comforting. cocoa breakfast—supper. illustrated fasiiio.i\ ,: autumn fashions are in no hurry to maku their appearance this season. this may arise from the fact"
cocoa,1900,0,3009,243,4.5821,True,"the most nutritious. epps's grateful-comforting. cocoa breaivast and supper. 1 ft •1 ti • t i i i i i go- • 1(11' i 1 armrames.r..ar..mommatosomonommwnlmpll.nr-r.newasammipipmmin.p..."" -,............."
cocoa,1900,0,3009,244,4.5827,True,"the most nutriticu'') epps's _ grateful-coniforting. cocoa _ breakfast and supper. the slaithwaite guardian and colne valley news—june s, 1900. litsuntide in the colne valley. slaithwaite. st. james' "
cocoa,1900,0,3009,246,4.5855,True,yen most nutritious. e p ps's grateful—comforting. cocoa 11reakfastn:suppea. account of the bmnksome urban district council.— mr. e. sykes prosecuted (instructed by mr. w. h. curtis. clerk to the pros
cocoa,1900,0,3009,247,4.5855,True,"gnateful-com forting. cocoa breakfast and supper, mars den. advertisements for the guardian, and orders for printing, bookbinding, and stationery may be left at the house of mr...."
cocoa,1900,0,3009,248,4.5863,True,"gratetul-comforting. • ibreakfast•rsupper. cocoa marnhull. sorool inspea.ition. —the day school vas in- spected on wednesday, the lith inst., and the girls' evening nehool on thursday, the 16th inst..."
cocoa,1900,0,3009,249,4.5869,True,epps's grateful-comforting. cocoa drericfast and supper. prepaid advertisement form. three insertions for is. (mat be prepai by p-oiiage stathps t words. notice can be taken of we bio...
cocoa,1900,0,3009,250,4.5875,True,cadbury's cocoa the past season through a lapse of some fix- tures. de he could not help regretting the lack of support given by the 4s. members. he had only sold £l...
cocoa,1900,0,3009,251,4.5884,True,"crateful-comforting. cocoa on'monday, tvaneett •:.es held in the l't.r•ry sl.....leningrove, for the purpose of eg. mods to provide • ohrisa inas treat for the aged and infirm ..."
cocoa,1900,0,3009,252,4.589,True,"the examiner, saturday july 15, 1905. nourishing. ~,------- 46.1( till' ia i 0 brij? i.p nil 1\\.....,_ (.... cocoa best summer drink—non-heating. a ;ippr, all clienaists and grocers. dd. tin. the ins"
cocoa,1900,0,3009,254,4.5914,True,"cocoa and p 4- choeolatec highest honours ''' august 20, 1104 round the wi 'orid. by the usual mysterious praxes. l..: men in l.eadecihall market da.plajed..."
cocoa,1900,0,3009,255,4.5921,True,"e lor, eit4r cu,ol grateful—com!orling. cocoa breakfast—supper. publisiiers' notes. the statesman's year book, which again appears under the editorship of dr. seo:t kciltie, furnishes tor 1903 no..."
cocoa,1900,0,3009,257,4.5925,True,epps's cocoa 4 lidos alit nm of wearing glasses that are unsuitable. if you are in doubt about your eyes. call upon u 8; we will advise you free of charge. and if...
cocoa,1900,0,3009,258,4.5926,True,"cocoa the best suited for all ages and classes. ',loan °. orio• van why pay 40/-. .en we will supply you evith splendid lady's key-winder or keyless silver..."
cocoa,1900,0,3009,259,4.5931,True,"epps's g fiat e fu l-co m forti ng. cocoa bfieakfast and supper. 116,, tiiree miners killed. an accident occurred on friday afternoon at the broomfield pit, standish, near wigan, be- longing ..."
cocoa,1900,0,3009,260,4.5957,True,epps's grateful-com forting. cocoa tifilakfast and supper. an all;) to 131 gamy. there is a search form in use at somerset house so nearly like a death certificace-z;i:-iz easily lends...
cocoa,1900,0,3009,263,4.5995,True,"cocoa invaluable to all> the eeeeert forthwith, and it need hardly be said that on approaching the authorities the matter was taken up most enthusias- tica..."
cocoa,1900,0,3009,266,4.6052,True,"the most nutritious. epps's _ grateful—comlorting. cocoa breakfast—supper. the whitsuntide festival. the processions in nelson. in fine, though dull and threatening wes,l ther, the annual whitsuntide "
cocoa,1900,0,3009,267,4.606,True,"the most nutritious. p ps's grateful-comforting. cocoa lireaiceast-supper. ishol icoii sii wart oody avesen, ad irgue lession vie ping ildltion eceul rougi resew tfficiency /therw. irmalism labous. la"
cocoa,1900,0,3009,268,4.6065,True,"the most nutrmous. e• grateful-comforting. cocoa areakfast and supper. were summoned for having on the 17th june, at stretton. wilfully damaged a fence and some grass, the property of arthur smith t..."
cocoa,1900,0,3009,269,4.6076,True,"cl 4. 444 41‘el' you will find it the very cocoa you want. the advantage of using disinfectants is not °react° fight disease after its development, ut to check it in its infancy before.any danger re..."
cocoa,1900,0,3009,270,4.608,True,"grateful-comforting. cocoa breakfast and supper. exssric sivicking9. cap% &ci. —for valens, vein and all casesuf we,xcess aid swelling of the legr. spritl n they are porous, li..."
cocoa,1900,0,3009,271,4.608,True,"the most nutritious. epps's grateful—comiorting. cocoa brea klast—suppor. children's league of kindness, conducted by ""uncle george."" ""he prayeth best who loveth best, all things both great and small."
cocoa,1900,0,3009,273,4.6121,True,"i. grateful-comforting. cocoa the most nutritious and economical. i special tickets, eidbracing loual tours in cornwall ark is,und aitfie principal stations. booklet giving all pa..."
cocoa,1900,0,3009,274,4.6129,True,cocoa and po echocolatefc ilishou honour; the herald:- .1 the s.p.o. anti-ritualist protest at liver- pool. diaorderly scenes took pleoe at the meet- ing o...
cocoa,1900,0,3009,277,4.6185,True,"si;ataining qualltie;, are cocoa jr valuable i, mi. angling items. [ht the immo the season only opened moderately. very few were cut, as the weather wan not at all suitable, and ben:..."
cocoa,1900,0,3009,280,4.6235,True,"cocoa the beet form of 00006 for evory-do7 u.s. at newmark, assizes con monday eriminal business concluded with two cases of attempted murder.—robert dodd:..."
cocoa,1900,0,3009,282,4.6255,True,"the most nutritious epps's gratefu l-com for ti ng. cocoa breakfast and supper. tiiwaite guardian and colne valley news.-july 20, 1900. circumstances of this case were not exactly the same as in the l"
cocoa,1900,0,3009,284,4.6262,True,"e ss grateful-comforting. cocoa breakfast and supper. the examiner, friday, june 8,1900. the new workhouse infirmary. the opening ceremony there was a representative gathering of la..."
cocoa,1900,0,3009,286,4.6294,True,"to suit your taste. or, a lighter and thinner drink, refreshing and stimulating. eppws cocoa essence wokaiii at an but of tie my. • the gazwtte saturday august 17 19117 _ __-_. -- x.,, and health note"
cocoa,1900,0,3009,287,4.6303,True,"the most nutritious. epps's grateful-comforting. cocoa breakfa67 and 11u• drk& (copyri:ot.) tom taylor's luck. by ii ii kinloch, author of ""sbil's warning,"" ""the haunted chamber,"" ""paul carlton's fort"
cocoa,1900,0,3009,289,4.6342,True,"the most nutritious epps's grate ful-com forting. cocoa breaktast and kipper. golcar urban district council. the monthly meeting of this authority was held last night (thursday), mr. a. shaw (vice-pre"
cocoa,1900,0,3009,291,4.6348,True,"why do the public buy vi-cocoa? ito volt bow that your mental health depends very much on your bodily health, and, therefore, on your foost tholoands of people, who first tried vi...."
cocoa,1900,0,3009,292,4.6355,True,"the most nutritious.. epps's _ grateful—comforting. cocoa breakfast—supper. stop a cough in onyz night. a doctor's te sti .)n y. i veno's lightning cough cure is 1. scientific remedy, remarkable for i"
cocoa,1900,0,3009,294,4.6381,True,"tne most nutritious: epps's grattful-comforting. cocoa 13reakfas1 and supper, lancaster standard and county advertiser, february 23, 1900. bolton ploughing match es. the united alkali co. he had seen "
cocoa,1900,0,3009,295,4.639,True,"grateful—cornlorting. cocoa breakfast—supper. ripon gilchrist lectures. dr. andrew wilson on ""bone and muscle."" the victoria hall was crowded on thursday evening. when dr. andre..."
cocoa,1900,0,3009,296,4.6392,True,"cocoa isvalusige weil • t>.'•tfr.-""••11r7v.""•441,•.•.• r•••• • -• •:%**--• a martyr to billows. nose at s years old— ""no family modloin* ilk. bile beans,"" ..."
cocoa,1900,0,3009,297,4.6394,True,"cocoa bite beet torte of 00011111 ac 11.110,46/ um. paw at simmers port, hawing brought wiwi* einmote of timanst. the crews turned tip ""wet* well to lill a..."
cocoa,1900,0,3009,298,4.6397,True,cocoa bremi.fasi and supper. wow & maui fon one oavii work. kidney disease—lts dan- ger—kidneydiseasc does not usually come on with a short) pain. if it di...
cocoa,1900,0,3009,300,4.6412,True,"[pureconcentrated tle 1 300 aagmedak cocoa dif4oimi3. crackers. no wonder two yorkshire lez lecontly haver • that, about their :,ne asked th• other: ""how hin mt, jjme. g. 4 over bets °peration..."
cocoa,1900,0,3009,301,4.6421,True,"the most nutritious. epps's -grateful—cornio-rting. cocoa lareakfe it—supper. annual club walk. 1 parochial festivities [specially contribeted to the ""peraxauto."") the ninth annual feetivties in mnnec"
cocoa,1900,0,3009,302,4.6491,True,epps's _ cocoa a delicious drisk as/ r i antakieg nod. bispham elections. --- the representatioß of gym resideats. ti.. ratepayers on the gynn estate mani- feeted t...
cocoa,1900,0,3009,305,4.6505,True,"cocoa oa boa term et owes air wleley-40.1 mo& prissy wsisber returned from his thinktadi emit lomita hist evecing. whoa he fl, tor. min swot thew take up l..."
cocoa,1900,0,3009,307,4.6515,True,"7/1111 most nutritious. epps's grateful-comforting. cocoa @mc a ftle tirr-- *i pp9fr. rowl(..isr,eposy,pioevta.l,,nii ls ccmalen. •., •qtclr corot.or ir. lilezmilartt,'., remote all 0$ 77.,c•r"".:a owd"
cocoa,1900,0,3009,309,4.6546,True,"7,l*:le.:tds.. epps's cocoa essence wilma' at aay how a is day. if not, why not? ten ••• row *maim • pcdfay 4•61m1101141 pm ainina any and every manus taut limited ember et ammo..."
cocoa,1900,0,3009,314,4.6576,True,"grateful-comforting. cocoa death of mr_ george mitchell, ""one from the plough."" his life story. (spicially contribitbd.] the sanetuncenteet of the death of mr. george mitchell,..."
cocoa,1900,0,3009,315,4.6579,True,the most fq jthitious. epps's grateful-comforting. cocoa breakfast and supper. spiritualism in accrington. big gatherings. saturday and sunday last were important days for the accrington spiritualists
cocoa,1900,0,3009,316,4.658,True,"again, and again, and again, again we akik you to drink vi-cocoa. dr. tibbles\""-cocoa is neither a medicine dor a mere thirst-assuager. it is a food at the same time that it is a beverage, and thus an"
cocoa,1900,0,3009,317,4.6582,True,"erit ""vtosvili' cocoa riche•zt ttonottrs everywhilim table 0. percentage of day's services. mt women. child total. total. marring .... 283 .. 987 .. 166 .. 741 .. 32.1 s.f..."
cocoa,1900,0,3009,319,4.659,True,"most nutrittotis. epps's gratsfj!--::o:.l;'!"".,rt!nts cocoa breai‘fas f and supper. nelson police court. nattar.—before alderman s. gott and mr. jos. hartley. brother drivers in trouble.— two brothers"
cocoa,1900,0,3009,321,4.6605,True,"grateful-comforting. cocoa breakfast and supper. trades union congress a' huddersfield. alteration or standing orders. on resuming its business on iveduesday, mr. knight, el ne..."
cocoa,1900,0,3009,322,4.6614,True,"most nutritious. epps's grateful-comforting. cocoa itreakfast and supper. -1n ladies' letter: my dear nellie, velvet now appears to rank first and foremost as one of the favourite fabrics. for cloaks "
cocoa,1900,0,3009,323,4.6629,True,the most nutritious. epps's grateful-comforting. cocoa arsokfast and supper. cranswick village green. the important qiiestioit f ira outrol of the village green was again before the cranswick parish c
cocoa,1900,0,3009,324,4.6638,True,cocoa the best form of coe-os for emery-day =oa agriculture. wensleydale sheep breeders' association. the annual nueting of the wensleydale blue-faced shee...
cocoa,1900,0,3009,325,4.6645,True,"01, if a limitei, minxes rink is freferrui • the main refreshing end stinegering epps's improved cocoa essence illrelems at say lam a the dog. adtalicxb to ant amount to ikon ratiord to monet under wi"
cocoa,1900,0,3009,327,4.6667,True,the most nutritious. epps's grateful—comforting. cocoa pithy pars. mr. george cadbury has given £5oo to the ruskin memorial fund. ----- lord charles beresford is going shortly to bad nauheiin for a fe
cocoa,1900,0,3009,329,4.6682,True,"the most nutritious. epps's grateful- comfo9thvg. cocoa breakfast and sjrpeft. cricket notes. covea-poinr."" lart saturday ivbi day of surpri., the laneashire league. both burnley and east. lauea- shim"
cocoa,1900,0,3009,331,4.6695,True,"grateful-comforting. cocoa break,ast and bupper. our neighbouring boroughs have lately been passing through the throes of municipal elec- tioneering, and to.day the flood of or..."
cocoa,1900,0,3009,333,4.6702,True,"the most nutritious. ep ps's grate f u i— comforting. cocoa 13 rett k fe st—supper. slyne-with-h est children entertainia).—on satunday a sumptuous ;tea who provided in the wheel- i prom. slyne, to th"
cocoa,1900,0,3009,334,4.6706,True,"epps's grate ful-com forting. cocoa tir_akfast and sjpper. colla ambulance brigade. annual tea. meeting and distribution, the mayor on self-sacrvice. the duty 01 citizens: mil w. wilkin..."
cocoa,1900,0,3009,336,4.6728,True,"p s's -42ateful-comforting. cocoa and suppul about 1,000 glasgow haw joiners are idlel because of the niter proposal to roduee wages trout 10,1 to 9tl per hour. a pnisheus at newpsh-t..."
cocoa,1900,0,3009,337,4.6741,True,cocoa lb* bort torus of cocos for every-day use. photography. notes by vt2lftrnit'..l. (l'he writer of this column will he happy to reply to gnerieti on te...
cocoa,1900,0,3009,339,4.6751,True,"the most nutritious. epps's grateful—comforting. cocoa breakfast—supper. methodist new connexion, wel lho use. chapel anniversary. although the services were 'special,"" the chapel was by no means crow"
cocoa,1900,0,3009,342,4.6794,True,"aid tm epps's cocoa essence ii-sk. it in-flair at du day. douglas rankin, sootor bread ribottit baker. antrzonosza and flottb dealer, glaboow bakery. wt mewl fleetwood. ..."
cocoa,1900,0,3009,344,4.6857,True,cocoa a fragrant doltaloas and wan healthful boyars's. thornton hougfi. congregational tea. meeting. the annual tea meeting of the st. george's congregatio...
cocoa,1900,0,3009,346,4.6879,True,"cocoa a gifted pianist. ihassld hamar ilk. gardens. mr. hasild beam, ane of the 1= ask piamine ol the day. gave • balms • mall bat deliglind audi•eneo me i..."
cocoa,1900,0,3009,347,4.6916,True,"epps's grateful-com forti nc. cocoa tablets for constipation when the digestive organs become weak, sluggish and deranged, the system is consti- pated and sleep becomes uneasy, work irk..."
cocoa,1900,0,3009,348,4.6919,True,tne most nutritious. epps's grateful-comforti n i‘. cocoa dreakfas r and suppir. • never be withot.t b..ttiv of symington's eci inbu rgh coffee essence in the house all grocers sell it. it makes.. de-
cocoa,1900,0,3009,350,4.6925,True,"epps's oratiemii cocoa you wui sad it %imp ismesom,you4saati, there will be a great exodus of ardent primitive methodists from ellesmere port this week-end, bound for mow c..."
cocoa,1900,0,3009,351,4.6937,True,"epps's grateful-comforting. cocoa breakfast and supper. .6iiiiimmioni news of the week. the deatii-r ate. the death-rate for england and wales last week ss, 18.3 per thousand. mr. cou..."
cocoa,1900,0,3009,352,4.6941,True,"cocoa the beet form re coca"" for every-day use. passive resisters. dl,tpain'ps made at reicsitam. list of goods seized. following upon the appearance of fi..."
cocoa,1900,0,3009,354,4.6946,True,"cocoa breakfast 1040 supper. golca r. smoke hobson's bogie flake, 31. per oz --adel st. john's cuuscii.—the fortnightly sewing tun in conneciion with this ..."
cocoa,1900,0,3009,355,4.6947,True,"to .7,. 1 ex'.. .. ps's cocoa essence fakistot isy—beir d ths eq. ep ~.. _ _."
cocoa,1900,0,3009,356,4.6992,True,ths most nutritious. e.pps's cocoa (to ix costissod. cavoilit.—a certain snopwaixer in one or roe large drapery establishments in the west end of london is noted for his severity to th...
cocoa,1900,0,3009,358,4.7063,True,"""i really must use-yi-cogoa."" thousands of mm and women, after reading the per; ticulars published respecting the merits of dr. tibbles vi-cocoa,havebeen induced to become regular drinker° of this pop"
cocoa,1900,0,3009,359,4.7066,True,"cocoa breakfast and supper. milnsbridge keeping dogs withovt license.—james tripe dresser, and albert taylor, labourer, were summoned at the county police ..."
cocoa,1900,0,3009,360,4.7076,True,e p ps grateful-comforting. cocoa breakfast-supper. eade's pillr. eade's puzs. all wile puffer from gout or rheumatism should im- vade's pills. mediat.lv have recourse to 12. i bade's...
cocoa,1900,0,3009,361,4.7077,True,"cocoa breakfast- supper. the lawton gas engine, the simplest motor in the market. different sizes to be seen working, and prices on application, at the chi..."
cocoa,1900,0,3009,362,4.709,True,cocoa the but form— of cl 000• toe ovrorday we. _property sale. messrs benson and al 06p6 sold by public auotion on tuesday night the house no. 103. gtanho...
cocoa,1900,0,3009,363,4.7108,True,"cocoa she —boat form of com ste every-a/kv sae- cargo fleet cc.'s wants. corporation's precaut ions, with rc,poret to the ••plicatkin of the cargo t'ket ir..."
cocoa,1900,0,3009,365,4.7129,True,"-sfiomxt'43 cocoa richest honor everywheri hertw). would be a greet oonvenienos. thews would no probably, be sufficient childrirn living close to the proposed school t..."
cocoa,1900,0,3009,371,4.718,True,"the most nutritious. epps's grateful-comforting. cocoa breakfast and supper. hampton-in-arden. social un/on.—on tuesday last a grand vocal and instrumental concert was ow in the girls' school- room, t"
cocoa,1900,0,3009,372,4.7183,True,"crosfield's fire brigade. annual dinner. cocoa cleave, ti. morns and laxvfess, and concertina solos by the brothers brobbin. mr. bert smith was the accom- panist. chapel v. public house. the count..."
cocoa,1900,0,3009,374,4.7232,True,"t_aair cocoa makers to the king, pension tea. ths 8}11t1,13 widows assurance oumi.any. limited audit( )rb' report. 3rd august, 1904. in acoordasee with your instr..."
cocoa,1900,0,3009,375,4.7239,True,"• l, -aa ryi t ;11f cocoa wregularly ;',i.l htg ~ w either with meals id or between meals gp w b-, it is a safe, refreshing, and i 41- 4) invigorating beverage, for t winter, ..."
cocoa,1900,0,3009,376,4.7241,True,"the most nutritious. ep psgs grateful—comiorting. cocoa breakfast—supper. alleged coiners at colne. insufficient evidence to comic!. at the colne police court on monday, alexander faulkner, weft fork "
cocoa,1900,0,3009,378,4.7252,True,"the most nutritious. epps's g:=atefui -comforting. cocoa nre,;tfast and supper. wreckage on tee lcean. the cunard steamer saxonia, frcm boston, has arrived at queenstown after a most stcrmy passage. t"
cocoa,1900,0,3009,379,4.7262,True,"edirvzvl i 1 cad du ry's cocoa contains no added starch, alkalies, fir colouring matter, which are often used to disguise poor and inferior cocoas. entirely free from all s i oreig..."
cocoa,1900,0,3009,380,4.7271,True,"61113 pure cocoa is best. mr. u. whitley, m. c. raz elldeavollrillyr $4, ridicule the thrill reformer. otaternehis, at a debate in. loudon, over which he pro,,ided. ...."
cocoa,1900,0,3009,381,4.7273,True,"giesitkaaess 3lazawaitek cocoa. • sane time ago you kindly sent, me a =tor your cocoa, wch hi i faithfully tried. as i we much i continued to obtain it from your local agent here, ..."
cocoa,1900,0,3009,382,4.7289,True,"the most nutritious. epps's grateful-comforting. cocoa breakfast and supper. from all quarters the faults of the intelligence department 1 have during this war been with reason criticised, and an arti"
cocoa,1900,0,3009,385,4.7319,True,"cocoa sreakfast and supper. it is reported that grest itrgao. japan. and koren have concluded an agree t to defend korea's territory inder,•thlym.e. it is ..."
cocoa,1900,0,3009,387,4.7325,True,"cocoa the best form of cocom for every-day use. .., ce-ive your orders for the factory tines so your bookseller at once, and be sure you .get it. t paciory..."
cocoa,1900,0,3009,391,4.734,True,"four cups of vi-cocoa each day. twice each day mr. w. c. burrows, 118. princes- road. stoke. staffs., takes two cups of vi. cocoa. ""and i am glad to do so,"" he says, ""for ..."
cocoa,1900,0,3009,392,4.7349,True,"epps's grateful-comforting. cocoa breakfast and supper. • ennyroyal di 1 el.' t owle'sr,& steel i il for fem a le s. qqicelv. corlnfer all riitatiopladities, remo: lll i es -tarierion..."
cocoa,1900,0,3009,396,4.7387,True,"cocoa aiiiakfaeci-•salippeiit, accident to an express. a serious accident occurred last tuesday evening to the manchester express letting 131ackpool at 10 ..."
cocoa,1900,0,3009,400,4.7438,True,"cocoa the best suited for all ag., glad classes. miss marie hall. mi. marie hall, the talented violinitit, who shitren with kubelik the honour of being the..."
cocoa,1900,0,3009,402,4.7442,True,"the most nutritious. epps's, grateful—comforting. cocoa breakfast—supper. the appeared to cry. dr. stoker arrived r little later. and refused to iv .t certificate as to the citufa of death, saying he "
cocoa,1900,0,3009,405,4.7474,True,"the most nutritious. epps's grateful-comforting. cocoa breakfast and supper. accrington police court. saturday.—befons. mors. w. smith and smith drunk.—john edaard hoy., back bradrhaw- fdrta.t. churci"
cocoa,1900,0,3009,406,4.7492,True,"l'7'pps's cocoa iittailfast-4,111,1101 swami miners at upleathern admit lived notices to quit work on saturday. among those present on the platform at mr aacp.mth's ..."
cocoa,1900,0,3009,409,4.7506,True,"the most nutritious. 55 s a4' ,‘„apps gfateful-comforting. cocoa 3reakfast-slippef!i notes on games and athletics cricket. the warrington first eleven succeeded in placing a victory to their credit on"
cocoa,1900,0,3009,411,4.751,True,"the most nutritious. epps's grateful-comforting. cocoa areakfast and supper. locomotive men's grievances. meeting at warrington. the workmen's club, market place, was filled on sunday afternoon on the"
cocoa,1900,0,3009,412,4.7511,True,"grateful-comforting. cocoa breakfast and supper. •--re"" i4i long' woo rm-ovening britricl t.-- parkwood cthursday). botv thoroughly reno- appearar,x, boon ver- eurreo awa it e...."
cocoa,1900,0,3009,413,4.7515,True,"the most nutritious. epps's grateful-comforting. cocoa oritakpaipt /rid 'mir (cop,right.) a fruitless fruition. by florence h. smiles, author of a hazardous game,"" ""an unrehearsed effect,"" &o. ""dear c"
cocoa,1900,0,3009,415,4.7519,True,"cocoa invaluable to all. the new french remedy. therapionnis s %ere srsef eaanyd wed in continental hospitals by ricordp, rostan, jobeit, vel peau and othe..."
cocoa,1900,0,3009,420,4.7556,True,"cocoa lb* bast ham af esswe ovarresi eft mz num list. comimibecial /fotbl. mr. mathias applied tor • renewal et the bos a. al the commercial motel. 1, tann..."
cocoa,1900,0,3009,421,4.7557,True,"the most nutritious. epps's grateful—comforting. cocoa breaklast—supper. golcar school board. the monthly mooting of this poard was ludd on wednesday evening in the board room at know] bank school, mr"
cocoa,1900,0,3009,427,4.7606,True,epps's cocoa essence welcome at any hoar of the day. -v- poft s c°rner. ^a experien(;i.i. sad wisdom comes too soon each one discovers realties sr: not. with such...
cocoa,1900,0,3009,429,4.7632,True,cocoa invaluable so all. slaithwaite cricketer at denn er. bowling v. crickee a pleasant function in connection with tip) slaithwaite cricket and athletic ...
cocoa,1900,0,3009,430,4.7636,True,"""imp most nutritious. psgs grateful-comforting. cocoa breakfast—supper. new torpedo-boat destroyers: the admiralty have given 6rders for nine 'erpt•co destroyers to private builders. they are diaritut"
cocoa,1900,0,3009,432,4.7641,True,"cocoa sreakfas t.-supper. on monday at the adiourneo brewster ses- sions for the county divisio of darlington, .11no. robinson, of great ayetiff."", asked f..."
cocoa,1900,0,3009,436,4.7686,True,"cocoa breakfast- supper. b 41 pills are warranted to cure. in either sex, all acquired or constitutional dis- charges from the urinary organs, gravel and p..."
cocoa,1900,0,3009,437,4.7689,True,jzifrml. the most nutritious. e p ps's grateful-comforting. cocoa p;reakfast--supper. railway smash at wilders- pool. during the dense fog which prevailed at balf-pait seven on sunday morning a collis
cocoa,1900,0,3009,440,4.7714,True,"epps's cocoa a iildratirldriai i adding ma that weary feeling p. la • mr• and, of truordetkl dt•ktiok 11/4yal .4•• are brag 4,..• imo your kood from hoptyttrtly j..."
cocoa,1900,0,3009,442,4.7746,True,"the most nutp,itious. epps's grateful-com forti ng. cocoa areanfast and supper. servian royal scandal official statements have been received in vienne from belgrade confirming the apparently incredibl"
cocoa,1900,0,3009,443,4.7748,True,no breakfast table complete without epps's grateful-comforting. cocoa the most nutritious and economical. ideal conditions of labour. mr. budgett meakin lectures at warrington. a crowded audience asse
cocoa,1900,0,3009,446,4.777,True,"e??p's cocoa a delicloni—drink and a sastaiahig food. to help forward the progressive cause, and that he. would receive the h. 1111 l ors which he believed he was..."
cocoa,1900,0,3009,447,4.7782,True,"the most nutritious. epps's grateful—comforting. cocoa breakfast—supper. broad oak cricket an i) athletic club. annual tea and social. there was a vast attendance at the annual tea and social, which w"
cocoa,1900,0,3009,449,4.7793,True,"epps's grateful-comforting. cocoa areakfast and supper. melth am. temporary troisfejl.:--011 tueeday morning at the county police court, huddersfield, the license .of the roee and cro..."
cocoa,1900,0,3009,450,4.7799,True,"i really must use vi-cocoa."" thousands of men and women, after reading the particulars published regard- ing the merits of dr. tibbles' vi-cocoa, inca been induced to become re..."
cocoa,1900,0,3009,451,4.7827,True,"the most nutritious. epps's grateful—comforting. cocoa breakfast—supper. memorial service. the lath mr, david wilkinson, of slaitimaite. the fact of its being the first sunday in a new year may have h"
cocoa,1900,0,3009,454,4.7859,True,"epps's grateful-comforting. cocoa areakfast and supper. christmas cards. messrs. raphael tuck and,4bons, are again early in the field with their magnificent assortment of christmas ca..."
cocoa,1900,0,3009,455,4.7878,True,"i.-''-'--- cocoa the best form of coeos foss every-clay use. grip°. gripo. gripo. to cannot got away fro= it. the fact is, gripo is the beet paste on the market, eith..."
cocoa,1900,0,3009,459,4.7903,True,"the most nutritious. epps's grateful—comiorting. cocoa breakfast—supper. local share market from f w bentley it co., hudderefteld. 17,6 z .0 • 2"" i vompany. prim. vs! .4 i 10 i slsithwaite gas.... 2 d"
cocoa,1900,0,3009,460,4.7905,True,"_ epps's grateful—oomforting. cocoa a delicious drink and "". sastalolos too& football chat. slaitliwaite united stili unbeaten. that the junior: accomplished a smart performance on satu..."
cocoa,1900,0,3009,464,4.7928,True,"cocoa breakfast- supper. guaranteed to keep correct time for three years, sent to any address for p.o. or stamps value 219, and 3 stamps extra for postage...."
cocoa,1900,0,3009,466,4.7934,True,"cocoa st. annes. the 'lnaekpool herald may be 1.4 mons tue. dm and friday enornirg !tom mown w. b. phu* and salk bedlam station bookstalls: my. lambert, ar..."
cocoa,1900,0,3009,467,4.7935,True,"grateful-comforting. cocoa bkakfast and supper. oolcar urban district council. the monthly meeting of 1:1'q ertaricil was held last night (thursday) in tho conned 12ns, at know..."
cocoa,1900,0,3009,468,4.7942,True,01ateflil-consfortino. cocoa fo a breakfast and supper. 'wise. 11111ci1sarldl el i re•ot supply iffalsweixol army wit. its origin and character (by pensioner.] there ir no more p...
cocoa,1900,0,3009,470,4.7966,True,the most nutritious. epps's gratcful-conforting. cocoa bbencfabt and buppi& i tile woman's world. literary extracts. tim rope will be the inapt popular flower lay. • writer in the set) in millinery ef
cocoa,1900,0,3009,471,4.7984,True,"ep ""s's grateful-comforting. cocoa areakfast and supper: crossley-street. was summoned for using a slaughter house near crossley street without having first obtained a license from the..."
cocoa,1900,0,3009,473,4.7988,True,"the most nutritioug. e pps's gfiateful-comforting. cocoa ;v1 r eakfast--s 1j p p efl falo multitudes of seagulls visit the london thames every winter, and the announcement that a millinery house had g"
cocoa,1900,0,3009,474,4.7993,True,cocoa the beet suited for ail ages end °hisses. miaow new sections for wrestling and weight-lift- i under the leader. ship or n m -ral.tu!urs and dittmer. ...
cocoa,1900,0,3009,475,4.8005,True,"...rrington borough. police court. minor cases. flavor with great sustenance, forti- w inter fying the system against cold, is morning. found in and • 9 cocoa i. i pate-godatot ""it contains all the hea"
cocoa,1900,0,3009,479,4.8036,True,"r 4 la fp st, ukia sr, civt4oa, contains no added starch, alkalies, or colouring matter, which are often used to disguise poor and inferior cocoas. it is entirely free from all foreign substances, suc"
cocoa,1900,0,3009,480,4.8082,True,"the most nutritiou epps's grateful- coiviworting. cocoa breakfast- supper. razors thinnest hollow ground razor in the world. forged, hardened, tempered and ground, tte.„ by thorough practical sheffiel"
cocoa,1900,0,3009,481,4.8092,True,"the most nutritious. epps's grateful—comforting. cocoa breakfast—supper. an autumn toilette. smbroidered collar and waistband. the skirt is cut in one of the most fashionable styles for autumn which, "
cocoa,1900,0,3009,484,4.8124,True,"mazawattee cocoa also lt liver23o4, cie9tkr.et^ erc. if you still find at the holywell monthly sessions on tuesday, thomas harris, residing at claremont, dec banks, c..."
cocoa,1900,0,3009,485,4.816,True,"-rme most nutrmous. p ps's grateful—com f 0 r ting. cocoa emlakfast•r.supper. portland news, mr. j. cohben, high street, is the local reps, sentative of the tekgrant. notices of fon& coming events sho"
cocoa,1900,0,3009,487,4.8174,True,"epps's gratcful-comforting. cocoa the most nutritious and economical parliament. house of commons.—monday. during questions in the house of commons, mr. walter long gave statistics on..."
cocoa,1900,0,3009,490,4.8188,True,vim most sivrownova ep ps's grateful-comforting. cocoa breakfast-supper. eat'4 pills. eade'pm. ts all who suffer from s or rheumatism should ade's puff.a. mediately have reoottree bade's pills. hundre
cocoa,1900,0,3009,491,4.8196,True,"mazawatte cocoa tu ep ners back, it to be their duty to loyally contribute to the funds of their own church.—the rev. c. mathison said he was surprised to hear of th..."
cocoa,1900,0,3009,492,4.8196,True,"cocoa breakfast-supper, cunard line royal mail steamers from liverpool via queenstown. to new tose. to foston. iternia. jim. 11 sylvania tue 3., jan 21 umb..."
cocoa,1900,0,3009,493,4.82,True,"cocoa breakfast—supper. switbt fzvoi:v7:4o soap. dainty, fragrant, pure. rises to tiie surface like cream. a purer soap is beyond the art of soapmaklng. le..."
cocoa,1900,0,3009,496,4.8206,True,"cocoa the most nutritious and economical. cycling notes. .--- a. high-grade met:bine with dunlop tyres, and acceuiories tf it., lest, will be found by far ..."
cocoa,1900,0,3009,497,4.8217,True,"epps's grateful-comforting. cocoa areakfast and supper. ladies' letter. my dear nellie, it seems that the milliners this year ara harking back to handkerchief toques, which they make ..."
cocoa,1900,0,3009,499,4.8249,True,"cocoa -eakfast -c.:upper. at the winery' institute, skinningrove, on monday, • concert we given for tho benefit of the widow and family of the late &award ..."
cocoa,1900,0,3009,500,4.8259,True,cocoa a fragrant. dellatatia. sal most hoeltbfal bevaraga. dangerous debility. ------- bile beans restore vigorous health to an ailing mother. dtbikty mean...
cocoa,1900,0,3009,501,4.8273,True,"7'me most nutritious epps's grateful-comforting. cocoa breakfast and supper. pastiiy ani) sweets"" towle's pr.syt pe oe yla. l pill's • r.. let) ,:tie of a vet, attractive and valuable little for femal"
cocoa,1900,0,3009,505,4.8302,True,"breakfast plasmon oats ..d plasmon cocoa notland and district cricket notes. (by don.) cricket. wn and district abacus. ""ronuk"" &polish wombwell sunday school leaguil 3 3 1 1 7 imn'lrwell pr..."
cocoa,1900,0,3009,506,4.8303,True,"the most nutritious. l,pps's 4' a tefl): comforting. cocoa s''''6l(fallt—eup.g.., the body foond on saturday in meseral bolt-how. vaughan, and co.'s reeervoir at, 'south estewi has been identified as "
cocoa,1900,0,3009,509,4.831,True,"the most nutritious. e p ps's qfiateful-comforting. cocoa 2reaxfast-su pper. women's chai. within the memory of all but the oldest, the ninth of november has been the occasion of a royal festival, so "
cocoa,1900,0,3009,510,4.8314,True,e p p s's grateful—comforting. cocoa the most nutritious: a german paper announces that mr. rudyard- kipling is a jew. mese said to be about 7.000 unemployed mess i• sunderland at the po...
cocoa,1900,0,3009,514,4.8325,True,"tifr.t's pure concentrated 30 rldior3dier cocoa acre.-i,—; rf,""6,7v. invial n,o i pot:i:pry nia de profitable. enthusiast to pedlar): ""those powders you f,old me were very had, mid you said they wi..."
cocoa,1900,0,3009,515,4.8329,True,"the most nutritious epps's grateful-comforting. cocoa breakfast and supper. itom all quarters. chips of news. her majesty's gunboat stork, which was butte in 1882 at a cost of £23,000, has been condem"
cocoa,1900,0,3009,516,4.8337,True,"the most nutritio. er ps's gpateful-comforting. cocoa breakfast-supper, hie examiner, friday. september 20 1901. batley v. oldham. these teams met at batley. batley had three of their best men on the "
cocoa,1900,0,3009,519,4.836,True,the most nutritious. ep p s's cocoa financial notes & topics. of =moe w. mansasava modlimile. i. min mom llbawd. looms s. a timer • 1.... mao *iv illsissay.a.. miditloid days. moab comm...
cocoa,1900,0,3009,521,4.8366,True,the most nutritious. e-13 ps's gratelui-comlorting. cocoa vrealat tt -supper. milnthorpe. sharp conflict of evidence—at mibitherpe on monday evidence was given by 13 persons in a c1..80 of drunkenness
cocoa,1900,0,3009,522,4.8382,True,"the most nutritious. epps's grateful-comforting. cocoa breakfast and supper. slaithwaite. delicious coffee, fresh roasted and ground daily is. 81. per lb.—city tea co., slaithwalte. employees' ball. —"
cocoa,1900,0,3009,523,4.8384,True,"the most nutritious. epps' grateful-comforting. cocoa 3 r eakfas t^-6 u p peel efforts, because the doctors in a report which ur seated the previous day gave the committee a. 50 note that the institut"
cocoa,1900,0,3009,524,4.8405,True,"epps's orateful-001afortinci. cocoa the moat nutrluous and deononathex caton. ,1 lighting miwitimi-1 meeting of the 1.41, ling; committee wan held on monday night at the institute. mr. ..."
cocoa,1900,0,3009,527,4.8415,True,"epps's cocoa the history of a staiip. in the year iso' a twelve-u• nuy 41(•••,. canadian postage.,tainp wan prii•ted ny .o orn mullion& at ottawa. the ',iodic did..."
cocoa,1900,0,3009,528,4.8421,True,"lairage employes' tontine tile annual dinner of the woodoido age employes' tontine woo held on thurs- day evening at ablates cocoa roomo, hainil- toltotzeet. _ -if;:-n-11.- gorton presided o‘er an att"
cocoa,1900,0,3009,529,4.8426,True,"cocoa • fragrant, dolleimm moot imalthral bovmmtm posal that endeavoure should be made to establish a free library in the district, and it is suggested tha..."
cocoa,1900,0,3009,530,4.8428,True,"the most nutritious. epps's grateful—comforting. cocoa breakfast—supper. the. apollo choirs' concert. efforts to cultivate local musical talent are always to be welcomed, and those townspeople who are"
cocoa,1900,0,3009,531,4.8441,True,"the most nutzitioul epps's cocoa no more asthma tirtlaliss awarded one handled thoucand francs. gold and medals, avid admitted to i. undefiled. particulars gm. amd pena wee tram dr. ..."
cocoa,1900,0,3009,532,4.8444,True,"the most nutritioue. ,epps's carateful— comforting. cocoa breakfast-supper. an enjoyeble concert arranged bg wt h. d. parson; was /ism mondagtiti of the middieebrougti missions to e in the institada m"
cocoa,1900,0,3009,533,4.8455,True,"• kel4 • „. ks, cocoa beezuse it is z, perfect natural food of solcite purity, and rni:,atcrs to the physical revircmcnts of the young in an cmiunt e,egree. it 3, contains..."
cocoa,1900,0,3009,534,4.8505,True,"the most nutritious. epps's grateful—comforting. cocoa breakfast—supper. colne. on wednesday, at the cohle police court,' !evans whiteside was. fined and costs owl 14 days for being drunk and di:orwle"
cocoa,1900,0,3009,536,4.8533,True,"the most nutritious. epps's grateful—comiorting. cocoa breakfast—supper. mb. joseph howes at slaith waite. after visitin„i the various clubs in the district hinging last week, this eminent,,lecturer,,"
cocoa,1900,0,3009,537,4.8537,True,"e s c• grateful---comiortins.,. cocoa breakfast and supper. to-mor row, played on the grounds of the first named club. nortonthorpe v. slaithwaite. ordinary match, slaithwaite juniors v. ..."
cocoa,1900,0,3009,538,4.8559,True,the most nutritious. e p ps's qraaeful-comforting. cocoa a r eakeast-8 u ppe& and our goods • • • have that happy knack of making countless a li friends wherever they go. we merely outline their • mer
cocoa,1900,0,3009,539,4.8566,True,"grateful-comforting. cocoa breakfast and supper. slaithwaite. try our hardeakes, they are the very best.— crown stores, kiln hill, slaithwaite.--zitlet. sacred conceirrs.—the m..."
cocoa,1900,0,3009,540,4.8575,True,"4::i, ~,...7./ i' cocoa ess e co oa m wnw .'t*saw traveller (trying to write his name on a hotel register) this is a historic hostelry, i be- lieve?"" host (proudly) yes, sir..."
cocoa,1900,0,3009,541,4.858,True,"the most nutritious epps's grateful-comforting. cocoa breakfast and supper. slaithwaite. pure (.7offee in perfection. refreshing aid stimulating. fresh roasted and ground d:tily. finest quality, is. b"
cocoa,1900,0,3009,542,4.859,True,"ana the best cocoa only. instruction in church schools. they would be quite willing to saddle the ratepay,rs with an additional ton.penny rate! and. lesides this. they ..."
cocoa,1900,0,3009,543,4.8591,True,"cc ea nabled kum to work in all kinds of weather leeds, writes just a word to tell you what i think about dr. tibbles' vi-cocoa. i am a farm labourer, and have to be out in all kinds of weather. i hav"
cocoa,1900,0,3009,544,4.8595,True,"-grateful—comforting. cocoa breakfast—supper. bring your .111!ntini) to the ""gazetie"" office ft tmat the rev. robert stone just one week of duty in saffron bledley to make himse..."
cocoa,1900,0,3009,545,4.8602,True,"g rate fu l-com forting. cocoa iireakfast and supper. the examiner, saturday, october 6, 1900. became closed to us it would be a very serious thing for our workingmen. he was thoro..."
cocoa,1900,0,3009,546,4.8607,True,"the most nutritious. epps's g oateful—comforting. cocoa breakfast—supper. withernsea urban council a meeting of the withernsea urban council was held on monday evening, mr. m. cheverton- brown presidi"
cocoa,1900,0,3009,547,4.861,True,"tine most nutritious. ep ps's cocoa 4411111 t ~-,,, doncaster west riding. baturday.—before mr. g. b. c. yarhassad, filassdamg), with mr. w. w. h. warde-aldua,l4- r: -hattie-wrightson, ..."
cocoa,1900,0,3009,548,4.8611,True,"no breakfast table complete without epps's grateful-comforting. cocoa the most nutritious 9.nd economical. zam-buk, stops an epidemic. family of six children cured. doctors astounded-parents grateful."
cocoa,1900,0,3009,549,4.8619,True,"the most nutritiouz'',7. p ps 9 grateful-comfortmg. cocoa areakfast—suppep- from scoring. castleford at length had their turn of passing scrimmage+ ensuing in front of the batley goal. fitzgerald reli"
cocoa,1900,0,3009,551,4.8649,True,"...on, education plays a most important part in life's battle, but energy and vigour are necessary if you wish to make the most of it. vanl out/i es sio cocoa >.• h ii is rich the properties"
cocoa,1900,0,3009,552,4.865,True,"epps's grateful—comforting. cocoa breakfast—supper. pareht :rex"": lompiled hy t rz,—y, perm ar•ilts. imperial (*ham' •treol, runde y: awl (*.mil/ivry:al f.:s: nw:cation.: waltur t., 0..."
cocoa,1900,0,3009,554,4.8656,True,"fry's pure concentra:itb 303 asekvk cocoa the ""union of hearts."" st. patrick's day. a redmondith harangue. the wearing of the (ireen. fisticuffs at the dinneir-table. a national tribute to ir..."
cocoa,1900,0,3009,555,4.8659,True,grateful- comforting. cocoa er'zakfast and supper. an important law case. are councils liable fr doctor's bills? an interenlia4 case cvne on for _hearing a .the _ holkrefield ut...
cocoa,1900,0,3009,556,4.8669,True,e p ps's qfateful-comforting. cocoa a reakfas tt—s u ppefl' more street betting cases. strong remarks by the mayor. ;full penalties imposed. operations watched through field glasses two...
cocoa,1900,0,3009,557,4.8688,True,"the most nutritious. e p gi 'l.teful--comforting. cocoa breakfast—supper. linth waite school board. the monthly meeting of the above board was held in the new street school last night, when mr. w. w. "
cocoa,1900,0,3009,558,4.869,True,cocoa breakfast—supper. wublic announcement which is the best—to take things as they come or as they go? what is the meaning of askwiths' spot cash system ...
cocoa,1900,0,3009,561,4.8697,True,"the most nutritioi;g. epps's grateful-comforting. cocoa zreakfast--supper, women's chat. the king and queen will be accompanied by the prince and princess of wales, on their visit to devon- port and p"
cocoa,1900,0,3009,562,4.871,True,"ti-r 1 most nutrit!ous epps's grateful-comforting. cocoa dreakfast and 6upper. 3 capital teas, is. la., is. si, 2.5. per lb. pure and refreshing.—city tea co., slaithwaite. nsw mistslsa.—the rev. h. r"
cocoa,1900,0,3009,563,4.8716,True,"r 4 la fp st, ukia sr, civt4oa, contains no added starch, alkalies, or colouring matter, which are often used to disguise poor and inferior cocoas. it is entirely free from all foreign substances, suc"
cocoa,1900,0,3009,565,4.8725,True,"cocoa areakfast and supper. women's chat. aremb a considerable amount of entertaining i 3 being done in london just now,and this state of affairs promises ..."
cocoa,1900,0,3009,567,4.8742,True,"?me most nutritious. epps's grateful-comforting. cocoa breakfast and supper. burnley board of guardians. the fortnightly meeting was held yester- day, mr w. bibby presiding. there were also present—me"
cocoa,1900,0,3009,568,4.8747,True,ep ps's grateful—comiul.t.lng. cocoa breakfast—supper. bell-rincers at bevehley. west riding dialect was very pronounced in the streets of beverley last saturday afternoon and evening. i...
cocoa,1900,0,3009,571,4.8773,True,"the most nutritious. ps's grateful-comforting. cocoa .;reakfast---suppep., women's chat. the abolition cf drawing rooms, and substitution of courts is welcomed by all except the rouveanx riches, and t"
cocoa,1900,0,3009,574,4.879,True,"cocoa novelties as a bait. no response from .ripon. what has become known as the trafalgar novelties case was resumed at bow street last week, when leslie ..."
cocoa,1900,0,3009,577,4.8801,True,"cocoa and p ch,a,e. i 1904 it imp u. now it .ekl, htd that no syoggie biiptimett 114 1104 witivarmad 41•11. -___.......... 1 land woidd have bean _ ...... ..."
cocoa,1900,0,3009,579,4.8803,True,"the most nutritious. epps's gratefu:- comlurting. cocoa ,t-supper gardening gossip. fred will not injure christmas ross% bid i the blooms are quickly discoloured and spoilt i by rain. an old ranh or l"
cocoa,1900,0,3009,580,4.8813,True,cocoa the beet form of mom for evereele7 ile& the world of flowers. hardy irerbactin:b plants. during the last few days the weather has been ninth 11-41 re...
cocoa,1900,0,3009,581,4.8821,True,"cocoa !morainal.'"" *dal • 1111fili 'bock. the smotheli ealim &um etisok. gymnastics. olt wednesday the brasier-street taint _paid their ant visit tellaz su..."
cocoa,1900,0,3009,585,4.8835,True,"caws a lark &ana artitle i frrediscas, which ahheart sischger to the eye. setae beton e.- this by teemberierg the mese whew • tut el caelistry i cocoa wed • tow et' a mafia cotes ore treekty ofterted."
cocoa,1900,0,3009,586,4.8847,True,graticful-comionting. cocoa breakfast and supper. accrington town council monthly meeting. the proposed univetsity for manchester. the mayor's generosity. an elective auditor an...
cocoa,1900,0,3009,588,4.8856,True,"the most nutritiouz, e p ps's qfateful-comforting. cocoa r ea kfast--su pp ell, a cure for deafness in old age in the report' of the d-ou-t institute, issued during the last quarter of 1901, will be f"
cocoa,1900,0,3009,590,4.8871,True,grateful-cora forting. cocoa breakfast and iiipfejl e adz's pills. bade's pills. all who suffer from gout ilheuruatisro should irn. eade's pills. mediately have recourse to eade'...
cocoa,1900,0,3009,591,4.8874,True,"mayoral hospitality at the workhouse. ""plasmon cocoa contains all the constituents able to support life."" —l«neet. gestion, p i tomotes refreshing sleep. on thursday evening the mayor and mayor- ess o"
cocoa,1900,0,3009,592,4.8877,True,"e p ,ff:vcs vif id;;;d grateful-comforting. cocoa breakfast and supper. tem inr linthwaite and slaithwaite tram passong, are invited to call at the buxton house inn, buxton road, r. sunly, manager. p..."
cocoa,1900,0,3009,593,4.8885,True,"the most nutritious epps's grateful-comforting. cocoa breakfast and supper. milnsbridge. stephens' horehound and honey for coughs, sore throats, loss of voice. stephens, chemist, milnsbridge. advt. fo"
cocoa,1900,0,3009,594,4.8894,True,"the most nutritious. e ps' s grateful-comforting. cocoa 3 reakfast-8 u pper. women's chat. thanks mainly to the efforts of mr f sherlock, the practice now obtains in many parishes of presenting the of"
cocoa,1900,0,3009,595,4.8897,True,"cocoa breakfast—supper. ""factory times '' postal fates' oei th. ecroßy times can be sent b. rx-,.„s 0 thursday evening at the following ratea, ""'— payable ..."
cocoa,1900,0,3009,596,4.8899,True,"grate ful-comforti ng. cocoa dreak.!a7,t and supper. urban district council ilinth wa ite school elections. i board. the monthly meeting of this authoriiy was held at milnsbridge..."
cocoa,1900,0,3009,598,4.8917,True,"""i really must use vi-cocoa."" thousands of men and women, after reading the particulars published respecting the merits of dr. tibbles' vi-cocoa, have been induced to be- come r..."
cocoa,1900,0,3009,599,4.8929,True,the most nutritious. epps's grateful—comforting. cocoa breakfast—supper. dr. latham and lord newton's gift. mr. t. ormand presided at the monthly meeting of the newton urban district council which was
cocoa,1900,0,3009,600,4.8953,True,"the most nusetious. el p p s' s cocoa am sta./aft/ay era faty het ins& evatainiai • numbs, rsday.tormad masi lopko•sts. of bra alti- =l:.boss 44.•••••• by ore tortreob."
cocoa,1900,0,3009,601,4.8962,True,"cocoa and 9 echocolates highest honours pretty wedding. an interesting wedding was solemn sed al the lis.,!car wesleyan church on wed- nesday. the contract..."
cocoa,1900,0,3009,602,4.8968,True,cocoa past d oitpixd. galvanized sheets and wire netline.e. stook of slightly dafratlve corrugated rarurtni vonaaffedgridirtireitit se. galvanized wise new...
cocoa,1900,0,3009,604,4.8999,True,"epps's grateful-comforting. cocoa the most nutritious and economical photographic notes. br viiiionica."" [tam writer 07 this colwyn will be happy to silty to queries on technical and ..."
cocoa,1900,0,3009,608,4.904,True,"'vim most nutritious. epps's grateful-comfortnig. cocoa breakfast-supper. coventry city council. builders and arbitration clause. a meeting of the coventry city council was held on tuosday, the member"
cocoa,1900,0,3009,610,4.9056,True,"the most nutritious epps's grateful-comforting. cocoa breakfast and supper. fashions, frills, and 1 furbelows. the truism that ""there is nothing new under the sun"" is, at the present time, more than e"
cocoa,1900,0,3009,611,4.906,True,114 e most nutritiolis. epps's —jr'nts cocoa orzakfasf and sjpper. the sanitary condition of brierfield. • surveyor's report. the report of the surveyor (mr. b. hal- stead) for the brierfield ur...
cocoa,1900,0,3009,613,4.9083,True,the most nutritiouz. e p ps's gpateful-comforting. cocoa 3reakfast--suppep. women's chat. in has been stated that there will be one or two costume balls at buckingham palace next year. there will no d
cocoa,1900,0,3009,614,4.9101,True,"flys f;aa. cqnn'rated 1521°;0° cocoa lancaster theand war. the war fund. anyone else, and when the bullets come whissing the number of recipients in this district, in- over my head i hav..."
cocoa,1900,0,3009,615,4.9111,True,"epps's cocoa a diadems a ouseslio judges' stand, to the effect that car no. 12, an argyll driven by mr. george, of nan.. castle,- had dropped its sand molest. an ..."
cocoa,1900,0,3009,616,4.9121,True,"the most nutritious. ep ps'; grateful-,com forting. cocoa destructive fires. the extensive premises occupied by mesas. a. bull and co., rag merchants, dorset-street, spitalfields, caught fire late on "
cocoa,1900,0,3009,617,4.9129,True,"cocoa rreakcast-supper. t"" talk of london is the kitchener chesterfield, wince can be maths by os front 4.5 a. mn' suits broin 45s intliear costumes from 4..."
cocoa,1900,0,3009,618,4.9132,True,the most nutritious-. epps's grateful—comforting. cocoa breakfast—supper. i was partly dreaming and- partly aware of actual suffering. the pain was real; but in my fancy i thought that a great maggot 
cocoa,1900,0,3009,620,4.9192,True,"sea that you gal d-o-d-d-ps. epps's grateful-comforting. cocoa sreakfast and supper. notes on news. ,it in always difficult to persuade the woman ratepayer that she has no vote but a lady in widow's w"
cocoa,1900,0,3009,622,4.9195,True,"pat v.114:111., oil fry's pure concentrated cocoa ina 300 golis-mtb4lls,&c. irrsi fivs! frrpi all persobs a. eriug from j!kf:is,y -tediem gald aa:lled na u 4dnw who will forw..rd, tree of charge, ful..."
cocoa,1900,0,3009,625,4.9214,True,"r 4 la fp st, ukia sr, civt4oa, contains no added starch, alkalies, or colouring matter, which are often used to disguise poor and inferior cocoas. it is entirely free from all foreign substances, suc"
cocoa,1900,0,3009,626,4.9216,True,"%oaf. cocoa highest honours! new swift cold medal 1 i'arrison knitter i pleasurable orrtepanon t. stockings. sock,. .""1111111111(4, kni clothing in wool. silk or..."
cocoa,1900,0,3009,628,4.9222,True,"epps's cocoa a delicious drink and a sustaining food. • p-7 assis•t3 thing: cons:;;tsznety promote:: sizz::, so essznu to the well- b:-.lng of the infant. quickl7..."
cocoa,1900,0,3009,629,4.9228,True,the most nutritious. epps's grikteful-comforting. cocoa i:fast and supper. istoiiii'33 and floods. si:angus damage. in london and the otstrict around rain fell incessantly for many hours during sunday
cocoa,1900,0,3009,631,4.9236,True,"the most nutritious. • epps's grateful—comforting. cocoa breakfast—supper. in the silence of night. collier's awful visitation. much interest hao been aroused (says the ""wrexham advertiser"") by the th"
cocoa,1900,0,3009,632,4.9237,True,"the most nutritious. epps's grateful-comforting. cocoa breakfast and supper. burns, and girdwaod, forwards. barrow open the gams and some capital kicking ex- changes were indulged in the best part of "
cocoa,1900,0,3009,633,4.9247,True,the most nutritious. epps's grateful-comforting. cocoa breakfast and supper. resolution. sent post free of the two very durable fabrics in tvaieh these cost times are made :—the john noble cheviot ser
cocoa,1900,0,3009,634,4.9254,True,"cocoa the moot nutritioal -ead-meonotilicll football notes. (by r erenzz.] english leagui division i. reiults up to wam p. w. l. d. f. a. p. mes,o 6'.14*.1..."
cocoa,1900,0,3009,635,4.9264,True,cocoa a delicious drink and a sustaining food. •uccess of the undertaking. a he conclusion ttf the festivities his worship sew. a long letter of appreciati...
cocoa,1900,0,3009,637,4.9269,True,epps's cocoa a liking mak sad a malablaa tool. william chatloner. secretary of the educa- tion committee of the national •stuciation of plumbers gave evidence to ...
cocoa,1900,0,3009,638,4.927,True,the most nutritious. ep p s' s grateful—comfokina. cocoa breakfast—supper. i wycliffe sunday school anniversary. this annual event was celebrated on sunday and was as successful as its predecessors. t
cocoa,1900,0,3009,639,4.9273,True,"epps's grateful-comforting. cocoa breakfast and supper. magazines, etc. the strand magazine for april is a strong number, containing powerful fiction and entertaining art idles. a pro..."
cocoa,1900,0,3009,640,4.9275,True,"the most nutritious. ep psys grateful—comforting. cocoa breakfast—su,pper. 71 7 fina, iq f! il,rtit 11-4 save your hair with shampoos of t ~, 7.ar 4... k. t, ~_, (i ~: -,,,,,,,,,.. •,,,, ‘ • ~, .n', s"
cocoa,1900,0,3009,641,4.9276,True,"tilt most nutritious. e p ps's grateful-comforting. cocoa f.:,‘eakfm.;t-suppeii. escomteozanterr to pouts= brzidifita. i the annual show of the bath and southern coon. ties agricultural society, which"
cocoa,1900,0,3009,642,4.928,True,nourishing. • aga cocoa best bummer drink—non-heating. 1111/411 all chemists and grocers. 9d. tin. the inspector: therefore you say they are not entitled to this loan mr. go...
cocoa,1900,0,3009,644,4.9307,True,"cocoa eb“obith4tioithiii44einiii,“644666i4“it6i,6666i6“6“k,/ co? yriest value of w i reless telegraphy. on the arrival at dover on tuesday of the ve,gian m..."
cocoa,1900,0,3009,645,4.9319,True,"wet raost nutritious epps's gratcpul-com fon ti ng. cocoa breakfast an supper some lancashire authors. by mr. wynford brierley. their influence and theme is, perhaps, no county in the king- dom (outsi"
cocoa,1900,0,3009,646,4.933,True,"the most nutritious. ps's grateful-comformi. cocoa i fat-supp dastardly attempt to wreck a train. on friday evening last the london and south western express, which left waterloo at 4.10 p.m., and waa"
cocoa,1900,0,3009,648,4.935,True,the most nutritious. epps' cocoa breakfast—supper. the rev. chas. williams and education rate. an imaginary police court scene. [the rev. charles williams has paid his poor rate. the...
cocoa,1900,0,3009,649,4.9357,True,"e' • 05 .• rot • ..?0, ••""' eh, gfiateful-comforting. cocoa reak.east _-su ppe fl batting first, the visitors were all dismissed for the small total of 39. the warrington bowlers lynes and bibby were "
cocoa,1900,0,3009,650,4.9363,True,"cocoa invaluable to all. wore vcr all. we glee a mckel•silver tintekeepet and mexican silverino watch chain, with guarantee to keep correct time to 3 years..."
cocoa,1900,0,3009,651,4.9364,True,"the most nutritious. e p 9 s grateful—comforting. cocoa breakfast—supper. volunteer prize distribution. there was a largo and fashionable gathering in the victoria hall on tuesday, dec. 23rd, when the"
cocoa,1900,0,3009,655,4.9415,True,"cocoa :akfast-supper. „ towle'spf,e""s'vtiipilis. = r e- dr, fe..mni_r- s. grarawr 01311 mot all litellaruarrnsx, liimovic all onstmoomoskand 'mese oseaistr..."
cocoa,1900,0,3009,659,4.9434,True,"cadbury's cocoa ""9 is a most valuable i* beverage for oa el rtailizi p11:1 4s**ii.ii highly nutritious and ss absolutely pure, being rop, entirely frae from druge or..."
cocoa,1900,0,3009,660,4.944,True,"cocoa military dance, on friday evening, in connection with the port sunlight section of the is), cheshire royal engineers (volunteers), a illost suc- ce s..."
cocoa,1900,0,3009,662,4.9456,True,"the most nutritious. epps's grateful-comforting. cocoa lsreakfast and supper. trespassing in pursuit of game near colne. at cohie county court, on wednesday, be- fore mr. t. t. smith, arthur walton, d"
cocoa,1900,0,3009,665,4.9483,True,"epps's g rate ful-com forti ng. cocoa orerkfast and supper. just published ""stones,"" by miss m. skinner."
cocoa,1900,0,3009,666,4.9486,True,"the most nutritious epps's grateful-comforting. cocoa breakfast and supper. meltham urban district council. a meeting of the above authority was held on monday evening, when the following members were"
cocoa,1900,0,3009,669,4.9509,True,epps's grateful-comforting. cocoa tiiieakfast and supper. i.4]ade's )ills. eaden pills. all who suffer from gout or rheumatism •hould im- iiade's plus. med ately have mourns) to po ea...
cocoa,1900,0,3009,671,4.9523,True,"cocoa _ invaluable to all. wouldn't be without it."" a chesterfield woman says mother seigel's syrup is the unfailing family medicine. ""for years now mother..."
cocoa,1900,0,3009,672,4.9523,True,"the most nutritious epps's grateful-comforting. cocoa breakfast and supper. you can get brown bread in perfection at crown stores, 4, kiln hill, slaithwaite.—adre lintliwaite and slaithwaite train pas"
cocoa,1900,0,3009,674,4.9537,True,the most nutritious. epps's grateful—comforting. cocoa breakfast—supper. buildinc sociery sensation. the affairs of the warrington permanent benefit society. value of shares largely reduced. alleged i
cocoa,1900,0,3009,677,4.9562,True,"the most nutp.it;o.i3. fig) brzz: atzl .4;4 grate7vi.-comfort:;ng. cocoa and sl.ppem president roosev elt's 111 h:ssa p.,. president roosevelt sent his message to congress on tuesday. after a referenc"
cocoa,1900,0,3009,678,4.9565,True,grateful—comiorting. cocoa breakfast—supper. ripon cathedral. the proposed reredos. replies to the dean's objections. the following statement was presented and read at the last...
cocoa,1900,0,3009,679,4.9584,True,"nisi ::' 3 .. • -0,-, 'ns. 1 • 44.. k ~. '' `1,..' grateful-comforting. cocoa areakfast and supper. daresbury petty sessions. tuesdat.—before msssrs w. c. jones (in the chair), john white. joseph know"
cocoa,1900,0,3009,680,4.9587,True,"a definitran of the church, a choice of cocoa either the most nutritious and strength-giving _ a lecture on ""christianity and ciommercialiam contrasted with smialism"" wan given on sunday at black..."
cocoa,1900,0,3009,681,4.9593,True,"epps's grateful- com forting. cocoa breakfast and supper. accrington tackier committed for trial. alleged false pretences. at the burnley county police court on monday, riehanl wonlea, ..."
cocoa,1900,0,3009,683,4.9617,True,"epps's grateful—comforting. cocoa breakfast-supper. 'umn toilette. an au' embroidered collar and waistband. the skirt is cut in one of the most fashionable styles for lutumn which, al..."
cocoa,1900,0,3009,684,4.9618,True,"epps's cocoa \ science notes and gleanings. a osamu printer is credited with an invention, much wanted, for feeding paper automatically is the printing press. it ..."
cocoa,1900,0,3009,687,4.9649,True,"for summer bre4lcfasts ,suppers rowntrees elect cocoa <snore san mt and tllow the, names to bo re- • per nil •mautral.' eurh men are unlit to renement the rstepayere. who expert.. they wow eleetmg men"
cocoa,1900,0,3009,689,4.9656,True,"cocoa the but formi- of coe-oe ice evers-fles ttee. ,1,1. is r. 7,111, t hero of a popular romanee. it was grav,•ly given out that he hart established the ..."
cocoa,1900,0,3009,692,4.9682,True,no ereakiaat table complete without epps's grateful-comforting. cocoa the most nutritious sad economio&l no christmas beer for the inmates of the workhouse. the meeting of guardians was held on satard
cocoa,1900,0,3009,693,4.9698,True,"the most nutritious. e p ps's grateful-comforting. cocoa breakfast-su ppe.ii. harrogate. alliged child munner..—a case of supposed child murder at harrogate was reported to mr. j. r. wood, coroner for"
cocoa,1900,0,3009,696,4.9716,True,"cocoa a !marmite oawaal& alt• meet healthful beverage. an unfounded rumour. in wednesday's ""news"" we referred to a persistent rumour which has been cur- re..."
cocoa,1900,0,3009,698,4.9729,True,"the most nutritious. ps's grateful-comforting. cocoa !breakfast-supper. italth and home_ by w. gordon stables, m.d.,r.n., author of ""sickness and health,"" ""the people' 8 a.b.c. guide to health,"" ""the "
cocoa,1900,0,3009,701,4.9737,True,cocoa breakfast—supper. r. an d motor cars conaiderable interest has been arm west country ilna week by the e-tal the great western railway company plying ...
cocoa,1900,0,3009,702,4.9742,True,"grateful-comforting. cocoa notice —consult mlti atkinson (the ladieff friend) on all ailments. irre- gularities, etc. advice free. hours 2to 10, except wednesdays. pills, 2e 94..."
cocoa,1900,0,3009,703,4.9743,True,"cocoa for breakfast a. sumer, a good catch •t seed's market hall, accrington. 103 xm a 8 goods. toys, sp(.endid comp.nio,, doll., variety .theni.g or magic..."
cocoa,1900,0,3009,705,4.9761,True,the most nutritious epps's grateful-comforting. cocoa breakfast and supper. slaithwaite urban district council. last evening (thursday) the monthly meeting of this council was held in the council chan
cocoa,1900,0,3009,707,4.9771,True,cocoa a ?remnant. delieloua mut roost healthful haven's*. that as there had been no new nominations for committee with the exception of mr. c. rowles (no. ...
cocoa,1900,0,3009,708,4.9781,True,cocoa breakfast—supper. no‘lancinc or cutting required if you use borges- s' lion ointment. it has *axed many slimb &can tbe knife. the base lissordy tor w...
cocoa,1900,0,3009,709,4.9785,True,"7me most nvtritioms. epps's !forting. cocoa breakfast aro suppul broken mill windows at nelson. at the colne county court on friday, be- fore his honour judge bompas, k.c., the adjourned hearin..."
cocoa,1900,0,3009,711,4.9791,True,the most nutritious. epps's -grateful—comto—rting. cocoa ureniat st—supper. agriculture. notes on the szabo'. 'rho severe weather that set in durigt.mastar has dose an immense amount of berm an nearly
cocoa,1900,0,3009,712,4.9792,True,":. •. ob. .•. ,• .. ~ f- ...:`,,'° -, • .. elect cocoa work for all we give a nit:flint-silver time- keeper 9nd mexican rilverine watch tbein, with guarantee to keep ourreot time tor three years, or a"
cocoa,1900,0,3009,713,4.9801,True,the most nutritious. epps's grateful—comforting. cocoa breakfast—supper. building society sensation. the affairs of the warrington permanent benefit society. value of shares largely reduced. alleged i
cocoa,1900,0,3009,714,4.9809,True,"cocoa use beat form of coops for fiiver,-day usc table talk. the result of the bye -election in the brad- ley ward at nelson came as a surprise in many way..."
cocoa,1900,0,3009,715,4.9816,True,eppsss grateful-comforting. cocoa orse kfast and supper. a skull with a legend. considerable local interest has been revived ia the chapel-en-le-frith district in the extraordinary tr...
cocoa,1900,0,3009,716,4.9827,True,"e p psgs griateful-comforting. cocoa 3reakfast-pu prep. women's chat. the duke and ducbees of fife are stay/in°, at blythe- wood for the opening of the glasgow exhibe ien, which is to ta..."
cocoa,1900,0,3009,720,4.9872,True,the most nutritious epps's grateful-comforting. cocoa breakfast and sum& the good ow times! .11.--private burial grounds. the suffer of the children which have been referred to in previous issues are 
cocoa,1900,0,3009,722,4.9875,True,"strong children. everybody should drink cadbury's cocoa regulorly at breakfast and lunch taut% and particularly with the everling neil. is rause, 00 ing to as mildly stimulative action, it is on. of t"
cocoa,1900,0,3009,723,4.9879,True,"cocoa um boot form of coma for oror7-.my us. a double impression. wind and pains in stomach, impaired digestion, disordered liver, and female ailments. ara..."
cocoa,1900,0,3009,724,4.9883,True,"cocoa the best form of cocoa for every-day use. tootn-acre cured instantly by bunter's n.l, inf. ft,rents per, ,•res sloples% nights presemed n furalcia, h..."
cocoa,1900,0,3009,725,4.9886,True,"epps's grateful-comforting. cocoa breakfast and supper. -iv. tonal schools,' slaithwaite ""the cruise of the delectus."" last frki and saturday evenings the young pce ,milnec+ed with th..."
cocoa,1900,0,3009,728,4.991,True,"cocoa this beat form of oooos 011ie _ e. mairtitt, _ wawa. sholthead oartilierbat co: um.% ""c!let-ea= limniallms..' done before the mill van be oared there..."
cocoa,1900,0,3009,729,4.9913,True,"grateful-comforting. cocoa breakfast and supper. lintiiwaite urban district council the monthly meeting of the above authority was held on monday evening in the coeimil 11,90 m..."
cocoa,1900,0,3009,730,4.9913,True,"the most nutritious epps's grateful-comforting. cocoa brcakfast and supper. mots in sheep-breeding, manuring, and so forth. the work which is being done by professor camp- bell it would be difficult t"
cocoa,1900,0,3009,731,4.9916,True,"four cups of vi-cocoa each day. twice each day mr. w. c. burrows, 518, princes-road,. stoke, staffs., takes two cups of vi-cocoa. ""and i am 'glad to- do so,""he says,""for i..."
cocoa,1900,0,3009,732,4.9921,True,the most nutritious. epps's grateful—comforting. cocoa eireakfast—supper. beverley town council proposed enlargement of the borough offices. the members of the beverley town council spent a busy eveni
cocoa,1900,0,3009,733,4.9929,True,"""""-'4ll s's g rateful—gom forting. cocoa breakfast—supper. falling save your flair with shampoos of hair -. ~...__., \ alr: \;\'.."",,,5....,,,\--::--- \„:,.......5.:4---„, i ‘'t s------,----..."
cocoa,1900,0,3009,734,4.994,True,tux: 7-103 t nutritious. epps's grateful-comporting. cocoa k_svp7i2. galvanized sheeta and wire netae steck of slightly defisegve corrugated pr..ticaily wagerw. priasos sprthestaon. cin niied 111_ll.b
cocoa,1900,0,3009,736,4.9962,True,the most nutritious. epps's grateful—comforting. cocoa breakfast—supper. a soldier's fight. soldiers have to fight with worse troubles than human enemies. the greatest loss in the last war was through
cocoa,1900,0,3009,737,4.9962,True,"the most nutritious. ep ps's qf ateful-comforting. cocoa women's chat. the pensions given to various ladies of queen vic- toria's court, are understood to be on a more limited fcalo than was expected."
cocoa,1900,0,3009,738,4.997,True,"the most nutritious. epps's cocoa photographic notes. by veronica."" [tub writer op this column will be happy to sertr to queries on technical and business matters relating to photogra..."
cocoa,1900,0,3009,740,4.9972,True,"toilers lancet says:, the standard of hi&h,,st parity. cad,mry's cocoa ?]he neston and parkgatic hygienic laundry and cleaning co., ltd. laundrymen, dyers. and french cleaners. shirts and collars a op"
cocoa,1900,0,3009,741,5.0,True,"..frxis pure concentrated • dl9 gored meth* &diplosia• cocoa crackers. • -/•-• hi r own medicine cheiif the siirgoon of an entrtivh mai, in war. who toed to preavritro salt water for his patients for "
cocoa,1900,0,3009,743,5.0018,True,"the most nutritious. epps's grateful-comforting. cocoa areakfast and supper ladies' letter:, my be. nellie, there is a decided tendency to put more fulness into skirts near the waist, and this fashion"
cocoa,1900,0,3009,746,5.0055,True,"el), m°a4ps's cocoa seterees• senior vehrusr• ds. simla= 1.•-•ite;• o. owltss. f•lnsary 141 h. pt. asses v. lytham. a. rtlonars dm. rivetwasil v. posh.. 1,, w. woemg. tr..."
cocoa,1900,0,3009,747,5.0057,True,"toilers lancet says:, the standard of hi&h,,st parity. cad,mry's cocoa ?]he neston and parkgatic hygienic laundry and cleaning co., ltd. laundrymen, dyers. and french cleaners. shirts and collars a op"
cocoa,1900,0,3009,748,5.0063,True,"the most nutritious. epps's grateful—comtortinu. cocoa breakfast—supper. linthwaite school board. the monthly meeting of the above authority was held in the new street board school list night, the cha"
cocoa,1900,0,3009,749,5.0102,True,"-mg most mutrrious. e p ps's grateful-comfortidig. cocoa farm notes. by a practical farmer. chanlock. everything considered charlock is, perhaps. the most troublesome weed with which the farmer of ara"
cocoa,1900,0,3009,750,5.0127,True,"s llggill i■d cußalln zyr up 1 .. ~;...•% l'-..;ir'••_„,,:. -,..„, ~:. mazawattee- cocoa tried by the supreme test of solubility cornea out tar ahead of the rest. it is so pure and refined that it uni"
cocoa,1900,0,3009,751,5.0137,True,"kaic. t; wr • .srw-rs:g first. ""yields a maximum pro- portion of the valuabie food constituents of the cocoa bean.""—the lancet. ""excels in all the charac teristics which elevate cocoa to the front ran"
cocoa,1900,0,3009,752,5.0146,True,"grateful-comforting. cocoa breakfast and suppeft. the empire trieatr huddersfield. ""for the colours, or a story of the transvaal,- i is the suggestive title of the piece which ..."
cocoa,1900,0,3009,753,5.0146,True,"cocoa 311eakfas t-s pi)l.r. britlei pill... le. j fot lrrni icac [ala n 4-ll stn:illitr:osentli78:n.040:11""ca.07.1.010:1110. 184 d. a-1,111.11. 20wdenn, 18..."
cocoa,1900,0,3009,754,5.0156,True,the most nutritiouz. e p ps's gfiateful-comforting. cocoa zreakfast-suppeft women's ohm. the new lady mayoress—lady dimsdale—will have her little daughter as train bearer at the reception at the mansi
cocoa,1900,0,3009,755,5.0157,True,"cadbury's cocoa es for working teo*. a eiiield c ""77m ova &m deat clarbs"" awes ""cassures it e bent eximpie at aen neennt e. ans—abeeknely pur end essanally tke ind b..."
cocoa,1900,0,3009,758,5.0188,True,"i 1 nitu ep ps's grazeme.ooiooimii42. cocoa oreakfast—supper. grace or no grace a farmer, bringing his son as a pupil, was asked by the schoolmaster what he intended to make of the lad. ""well, ..."
cocoa,1900,0,3009,759,5.0194,True,"the most nutritious. epps's grateful-comforting. cocoa smiaicfmit wpm. (copyright.) charlie race-the- water. by may crommelin. author of ""queenie,"" ""my jewel of a girl,"" ""dust before the wind,"" ""dead "
cocoa,1900,0,3009,760,5.0199,True,"epps's (ifiateful-comforting. cocoa breakfast and supper. the slaitiiwaite guardian and colne valley newi3.-marcii 29, ij9i. aiiiansimidge. annual 11,11tutino. the hharchold r. of the c..."
cocoa,1900,0,3009,765,5.0279,True,"ibe most nuismoub, epps's gratefjl--c:%•,t l.rtint. cocoa breakfas i and supper. i 68, friar( ate, preston. rt ,liality. 07 the a personal inspection th3i.i3an d 3 of rare & beautiful prices. bapgains"
cocoa,1900,0,3009,766,5.029,True,"the most nutritiouz. e p ps's qfiateful-comforting. cocoa jrea kfast-s u p per, cheshire county council scholarships. in the house of commons, on thursday, sir john brunner asked the vice-president of"
cocoa,1900,0,3009,770,5.0312,True,"suchard (su-.,) cocoa is more than taste; but the one, that tastes best, is best—suchard's. it is best ,in a way you think of least ,it nourishes best. if you don't like i..."
cocoa,1900,0,3009,772,5.0324,True,"the most nutritiouz. v '3o=l 1; ed s .4 grateful-comforting. cocoa ,3 rea kfast-8 p p eft chapter x. ni7reie and idler. amongst the idlers who haa gone to the seat of war from england was the youthful"
cocoa,1900,0,3009,774,5.0373,True,"the most nutritiouz. e pps's gnateful-comforting, cocoa dreakfast-supper (copyright.) a queen's soldier. by walter wood, author of ""barrack and battlefield,"" ""famous british warships,"" ""through battle"
cocoa,1900,0,3009,775,5.0417,True,"epps's cocoa a delicious drink and a sustaining food. )or, r. 711 i,•,t,, !iv h ißvery _1 ki _ there's comfort and healing in peps for coughs, colds, bronchitis, ..."
cocoa,1900,0,3009,776,5.0418,True,"cocoa a reiterant, daltalottip, hid moat healtlatul bovoraire. certain classes from heswall to west kirby. this is quite satisfactory, and for no other rea..."
cocoa,1900,0,3009,777,5.042,True,"tosi most 1110711/tious. epps's cocoa cycling news & gossii in this country we have not seen • great deal of motor pacing upon the race crock, but from all accounts this particular kind o..."
cocoa,1900,0,3009,778,5.0421,True,the most nutritious. e p ps's grateful-comforting. cocoa save moneys samples of oar celebrated now paparll—plaln and printed—will be ma post free on applierike. _
cocoa,1900,0,3009,779,5.0422,True,"mazawattee cocoa elm1)17 soothes, and the user of it is insured of all the benefit—which is very great —that can be derived fro n the action on the system of a bevera..."
cocoa,1900,0,3009,780,5.0423,True,"suchard the finest cocoa means of scat beans, best-made, suchard's; do doubt about it tastes hest and is best. if you don't think so, your dcaler returns your money, all of i..."
cocoa,1900,0,3009,781,5.0434,True,"fly's pure concentrated 300 gad medals cocoa &diploma. iakera giving iteraelf an%:ay a miner's wife, on going to the tupts.ant, found the apples gone. turning to her husband she said, ""alai aw l..."
cocoa,1900,0,3009,782,5.0442,True,"tobjf;:i.e.:.""zumwi.w. epps's cocoa essence wskatae at a—ay—bair of the day."
cocoa,1900,0,3009,784,5.0453,True,"the most nutritious epps's grateful-com forts ng. cocoa breakfast and supper. _ o•o*(......0000p0000000000000.. 2 owing to the special process, symington's edinburgh coffee .• o essences produce no he"
cocoa,1900,0,3009,788,5.0484,True,"grateful-com forting. cocoa preakfast and supper. local and general markets. loncasteil—saturday. a. d. • '1 tay, clover english i,ed vs heat, per 2811 lb. 14 6 fla3, meadow, pe..."
cocoa,1900,0,3009,790,5.0495,True,"cocoa 10 times more nutritious than ordinary cocoa. • delicious. digestible. in tins, 9d., 1/4, and 2/6 of all gronma toros, ate, all the rest fuchsias. pr..."
cocoa,1900,0,3009,791,5.0497,True,"cocoa to ell. ""you can catch the mail out from st. pancras and get back—"" get back! i'll go on if it lands me in—"" not at all a likely destination. any how..."
cocoa,1900,0,3009,792,5.0522,True,"rws bcoa !on c. there is more pure cocoa in a packet of cadbury's hence a given quantity makes more bever- age of a better quality. ,end wan pay balance weekly. sh. inala-ument at boi sale p..."
cocoa,1900,0,3009,793,5.0527,True,no breakfast table complete without epps's grateful-comforting. cocoa the most nutritious and economical zam-buk stops an epidemic. family of six children cured. doctors astounded -parents grateful. o
cocoa,1900,0,3009,794,5.0527,True,"tee most nutpitious epps's grateful-comforting. cocoa oreiicfast and supper. lord roberts at shorncliffr lord roberts inspected the new forts and anna• mints at dover, on monday, and afterwards pro- a"
cocoa,1900,0,3009,797,5.0544,True,"e ps's • grateful-comforting. cocoa the most nutritious and econonalcal. cricket bats slogger' ews klynker 716 1 don 10/6 suggeess 12,6 rani' /pat.) 15 071 lancs. witch, 276 /potent/ bo..."
cocoa,1900,0,3009,798,5.0555,True,cocoa breakfast- supper. gripo. gripo. to textile and other workers on machinery gizipo i 3 acknowledged by users to be the very beat strap paste on the ma...
cocoa,1900,0,3009,799,5.0561,True,"cocoa, chocolate, and quakers. a noteworthy feature of our present industrial life has been the rise and great commercial 61100.258 of many firms the found..."
cocoa,1900,0,3009,800,5.0583,True,"epps's cocoa the most nutritious and economical. i cocherham horse i sale. shockiiiu c.i..lt.lts but a sumessful sale. the ceekerham spring home bale, promoted by..."
cocoa,1900,0,3009,802,5.0592,True,"the most nutritious, epps's grateful—eom-forting. cocoa tee re police courts. middlesbrough. m mcdat --beta,* the stipendiary (mr c. j. coimi,11). a violent yellow. j there witire five. themes tuckere"
cocoa,1900,0,3009,803,5.0595,True,"the most nutritious. epps's grateful—comforting. cocoa breakfast—supper. piles & indigestion cured if you have piler do not neglect and allow them to aaantne,worae forma: fistula may follow. iceuty's "
cocoa,1900,0,3009,805,5.0599,True,sabden. rforaoaxs.—the operatives resumed work yester- day (thursday) morning after being stopped for the holidays. cadburys cocoa. pure—telerefore best. cadbury's coos is gaaran- teed to be absoldtel
cocoa,1900,0,3009,806,5.0601,True,epps's grateful—comiorting. cocoa breakfast—supper. saturday's matches. warrington v. widnes. the meeting of these two old rivals on saturday on the wilderspool enclosure drew a crowd...
cocoa,1900,0,3009,807,5.0635,True,"epps's grateful-comforting. cocoa the most nutritious and nconomical halton. ng, king street, laintulter, dries parish meeting of ilie lldr ton parish centred t. 16 held n the school-..."
cocoa,1900,0,3009,811,5.0671,True,'the most nutritious. epps's grateful—comforting. cocoa breakfast—supper. _ cricket. newton ii v hatdocic lodge.—played at haydock lodge. score newton it. haydock lodge. hft hlndley b scott.. ll s lea
cocoa,1900,0,3009,812,5.0682,True,epps's grateful-comforting. cocoa breakfav and supper. f 0 otball. district cup-ties-first round. slaithwaite v. slaithwaite juniors. this thrice-postponed match was played on saturda...
cocoa,1900,0,3009,813,5.0686,True,"epps's grateful—comforting. cocoa breakfast--supper. a smart toilette. mode with box-pleats stitched flat to just below the knee, where a considerable amount of fulness is permitted t..."
cocoa,1900,0,3009,817,5.071,True,"cocoa, tea, and ooffee. all are good. that goes without saying. yet ill are somewhat different in their action. tea should never be needed in the morning. ..."
cocoa,1900,0,3009,818,5.071,True,".1* 1.1 • cocoa is a valuable article of diet, and should be in every home. most extr ao r a well-made 22-als,ld rumor' a.sk for ttan 4ttea u .0 _ annan. order once...."
cocoa,1900,0,3009,819,5.0713,True,epps's grateful-comforting. cocoa the most nutritious .. and economical. fashions of to-day. the winter sales are one of the golden opportunities not only for that insatiable individu...
cocoa,1900,0,3009,822,5.0723,True,cocoa a delicious drink aid a sustaining toed. opening of parliament. sing to be accompanied by the queen. it is offivially stated hat the sing aouunpanied...
cocoa,1900,0,3009,823,5.0737,True,"cocoa briakfast-supper. critic/. ocumar alt. inseewlarittpa. torairy:: att. 0-,tarymms., out etheve the aatra syrintons frrvolentiola th.: sea. bkii le,lit..."
cocoa,1900,0,3009,824,5.0739,True,"epps's gratel cocoa breakfast—supper. 304 n sudden death.—on monday morn- ing, at the town hall, mr h. j. robinson, coroner, held an inquiry into the circum- stances of ..."
cocoa,1900,0,3009,826,5.0765,True,the most nutritious. e_p p s's grateful—comforting. cocoa breakfest—suppen senemoi tee urn op mosts. dj part 1.. u la the yf of a a of the 4140.3111t0i p.m t p--. 0 him him h an with pies wall parish 
cocoa,1900,0,3009,827,5.077,True,"the most nutr,itiou.; epps's grateful-comforting. cocoa n. rp/ %fast and supper. poor houses at withernsea. philanthropy"" and ""vultures."" i at the meeting of the withernsea urban 'district council hel"
cocoa,1900,0,3009,828,5.0782,True,"cocoa the beet tomb of deets toe amers•dwr me. mr. d. zones and the ximn =b.""111111?, mimes williams and litchia- mraney and mrs. ream, ilas- doom blaney a..."
cocoa,1900,0,3009,829,5.0784,True,the most nutritious. epps's grateful-comforting. cocoa breakfast and supper. the local reserve fund. grand concert and entertainment. a concert on behalf of the local reserve fund took place on thursd
cocoa,1900,0,3009,830,5.0788,True,"the most nutritious. e pps's gratieful-comforting. cocoa jreakfast-r-,surreiv women's ohm. the duke of norfolk, as earl marshal, has a very laborious task in order to master all the ins and outs of th"
cocoa,1900,0,3009,831,5.0797,True,"cocoa breakfast—supper. itching eczema: am other itchille, milli ad scaly nails. instant relief and speedy cure afforded by '•!..•=e; 'v • • '\ 1\ ~ 1 • 1*..."
cocoa,1900,0,3009,833,5.0815,True,"the most nutritious cocoa. p s -:,1;1-conifort:ns. cocoa wor bre.akfast and supper. one twonty-fifth of the sir ws breathe consists of watery vapour. with • population of abou..."
cocoa,1900,0,3009,834,5.0819,True,"the most nutritious. e p p s's grateful-comfortii cocoa see windows ror cau)pst,ools, hassock., and easy chairs from 1,3. k.lso special linesiii dinner and teaware. teasets from 8 6. dinnersets flom 1"
cocoa,1900,0,3009,835,5.0824,True,"the most nutritious. e p p s' s grateful—comtorting. _ cocoa i3re3i.tt st,—supper. matticrs educatimal. i lancashire county council and the new act. important suggliftions. at a special meeting of the"
cocoa,1900,0,3009,837,5.0848,True,"tax most iiitrmove. p ps's -grateful-comforting. cocoa breakfast-suppeft. tull six of egg,. with the breeding season comes the annual debate on that evergreen subject, ""can you tell which 84. x will h"
cocoa,1900,0,3009,839,5.086,True,cocoa breakfast—supper. bowling. liberal club. the annual main of bowls in connection with the prizes given by the president (mr a el crosfield) took place...
cocoa,1900,0,3009,840,5.0869,True,cocoa tooth-ache oiowi.aptif bunter's nti.neb ltsl. towlis chlorodyhz cum °drumm asomcism.. antonia • antsvirtiox it i. • ihrierfal 31011e1r. —4iitt it. do...
cocoa,1900,0,3009,842,5.0875,True,"epps's _ grateful-oomfortingl cocoa you will find it the very cocos you want mr. crozier: if mr.. ai,!erten will give un 1118 opinion, ho will say that that boat, if got for pas wingers..."
cocoa,1900,0,3009,843,5.0876,True,"cocoa health of thornton. dr. itkol4lo v•iii•alams report. --• dr. p. p. rhode., medical phew of health i. the thersten debi. deane cassell, ha. atimatil h..."
cocoa,1900,0,3009,845,5.0883,True,"the most nutritious. p ps's g riat e ful-com fort! ng. cocoa ereakfast and supper. 4 vonright• steve, the outlander. by arthur laycock, author of ""the young gaffer,"" ""seaside sketches, ""lsncashire ske"
cocoa,1900,0,3009,846,5.0887,True,"the moot nutritious. epps's -grateful—comforting. cocoa brea kfast—suroper• • affima73l wirral licensing sessions licensing sessions for wirral were held at the birkenhead county court on thurs- day, "
cocoa,1900,0,3009,847,5.0891,True,epps's grateful-comforting. cocoa breakfast and supper. second team. haslingden board of guardians. annual meeting. appointment of chairman. vice- chairman. and committeeri. the annua...
cocoa,1900,0,3009,848,5.0893,True,4) • ~.t• • cocoa illiggh est inc2 ls s.i ity. lowest in price. 4:44 padgate. wesley arlld.—the rev. w. mellor presided over i a fair attendance at the monthly devotio...
cocoa,1900,0,3009,851,5.093,True,"epps's cocoa .. 14-1111..ie1.e. l'i'7 fl ~ 21-iferhe,n. 7.1. •ver „ /11-91. aware. fa. lrmo dee. 11-111erkpoel atlthetie i.l. aes. i—lyoura. f.l. .. 1 leril i—let..."
cocoa,1900,0,3009,852,5.0931,True,"11111.41111111 t 1111011richpis epps's gratryuce—coopowrile cocoa brcakfast-supper. gilleep •, ..ii end. may you and he be happy together in; fervent prayer. i am sure i don't 'mow how it will end,* a"
cocoa,1900,0,3009,853,5.0933,True,-rlie most nutrmous. grateful-comforting. cocoa oriaicfast-n%uppc.r. animals that pat thz itent. have gone to the public house. but when piggy is killed—at the end of the fattening puriod there is ...
cocoa,1900,0,3009,854,5.0946,True,"_the most nutritious. epps's grateful—comforting. cocoa breakfast—supper. babies on fire with itching; burning,-scaly humours find instant relief and speedy cure in cuticura soap and cuticura ointment"
cocoa,1900,0,3009,855,5.0946,True,"micarrit nutritious% ep p s's grateful-com fortimg. cocoa breakfast-supp.t.r. hint which, stuptuni short of brusqueness. jima bad 1111w6711 enjoyed talking with him, and the two bad biome good friends"
cocoa,1900,0,3009,856,5.0952,True,"cocoa a delicious drink and a sustaining food. try sold 37 crocers, orysalters, and oilmen everywhere. ''l iv e your orders for the factory times to :j1 yo..."
cocoa,1900,0,3009,858,5.0968,True,"cocoa the most nutritious and economical football and footballers. (by the deputy.) after displacing padiiham from the lu- cas hi re cup competition, the n..."
cocoa,1900,0,3009,862,5.0988,True,the most nutritious. epps's grateful-comforting. cocoa breakfast-supper. off to the fete. during the months a may and june the time-honoured custom of holding festivals in connection with rural sick b
cocoa,1900,0,3009,864,5.0995,True,"madge."" the most nutritiouz. ep ps's qrateful-comforting. cocoa zreakfast-upper, runcorn notes. [by a correspondent.] i learn that the runcorn football club committee have refused an tiler of some £l2"
cocoa,1900,0,3009,865,5.101,True,"cocoa a fragrant, &malan% and anal bealtadat baveralaa. '.4 ft i •. 4 * 4 h h now attended by an average of more than! 900 children. the chairman accorded...."
cocoa,1900,0,3009,867,5.1028,True,cocoa invaluable i 0 all. slaithwaite urban district council. golf' club again discussed. the matter shelved. dr. dean presided over the monthly meeting of...
cocoa,1900,0,3009,869,5.1062,True,"grateful-comforting. cocoa breakfast- supper. opening of the loom overlookers' club at oldham. on saturday evening the opening of the loom overlookers' club, in lees-road, was ..."
cocoa,1900,0,3009,870,5.1064,True,"the most nutritious. epps's g ratefu i— com i orttng. cocoa larea kfe st—supper. thz world of flowers. wol:k tolie done. it is pint as well, now and again, to review the ppsrdening situation, and no f"
cocoa,1900,0,3009,872,5.1078,True,"cocoa breakfast- supper. jest published, poet free, constantine and jackson's illustrated and price list of surgical inctiarubbor .b.ppliauces, trusses, el..."
cocoa,1900,0,3009,873,5.1114,True,"grateful—comforting. cocoa breakfast—supper. the ripon observer, thursday, november 20 increasing-the stature by electricity. ""can a man by taking thought add one cubic 'to his..."
cocoa,1900,0,3009,874,5.1134,True,"cocoa vor r eakfast aro supper. the fern new, 3 in biiief• 'r t. marcltant ""wi'nam.; has 11,en appointed stipc..l.aty inagit.trate at morthyr 'rydvil a 7e...."
cocoa,1900,0,3009,879,5.1168,True,"par s 9... pure concentrated stu—seds cocoa i' • • q;-filf -- c 1 eo net ask y.ll to .pet d money to if st ~ whether 711 v 1 entedy does ~r ,lors not d. .. ore fits. epilepsy, st vit:is dance, ..."
cocoa,1900,0,3009,880,5.1169,True,"let r -,ativi, e-. 4) 0 °.h.',...-ic tra.23 zi :4, (111a1efol com forting. cocoa i3reakfast and bupper. slaithwaite. have you seen fitton'r faurr stott% in britannia road? it's up-t q-date. advt. best"
cocoa,1900,0,3009,881,5.1169,True,"the most nutritiouz. e p ps's gfateful-comforting. cocoa 3reakfa,st--supper, women's chat. the queen consort has almost completed the at paint- meats in her new household, and the dtinheme of bur- ele"
cocoa,1900,0,3009,882,5.1173,True,"epps's gratcrul-comfortmg. cocoa ,<fas ano s..pper. lancaster srrroor, pomm. in the commons. in the commons, captain pretyman moved, 1 and mr. h. p. pease reconded the adoption of th..."
cocoa,1900,0,3009,883,5.1181,True,"erp4iryirroutrmdus9.s.s cocoa breakfast-supper. a c. k rh a pigulnealpiaenata iior einnd asdtisecnk, 2 the kenilworth advertiser, saturday, july 14, 1900. 'c•e,4•4:•••••4•40404)4:..."
cocoa,1900,0,3009,884,5.1186,True,"after three-quarters of a century as c a the best form of cocoa fbr every-day use. the examiner, saturday, ,may 14 1904 mr. crosfield addresses liberal workers. months ago to my friends on the executi"
cocoa,1900,0,3009,888,5.12,True,"cocoa this but sultsd for adas awl awes. teasers bungling, to the great inconvenience of those who live in certain parts of the dis- trict, still seems to ..."
cocoa,1900,0,3009,889,5.1209,True,"%ally must use vi-0000a."" l'housalais of men and women, after nartieulans published respecting the ribbles' vi-cocoa, have been t, hecohue regular drinkers of this food bk.verage. but many hare said k"
cocoa,1900,0,3009,891,5.1212,True,epps's grateful-comforting. cocoa the most nutritious and economical. serious apprenticeship. elizabeth c. waltz. (copyright.] one morning i was called to the study to see several for...
cocoa,1900,0,3009,893,5.1224,True,"women's chat. ep s cocoa essom welcome at any hour of the day. p ,r lating. 5s"
cocoa,1900,0,3009,894,5.123,True,"gratzful-comforting. cocoa iirekkftst and supper. me lth am. without license.—henry taylor, shopkeeper, was charged at the county police court, hudders- field, on tuesday morni..."
cocoa,1900,0,3009,895,5.123,True,"/bap y's pure cocoa invioorating & sustaining. fii,arden seats, largest up-to-date makers. wa- list from it. potts & co.. caledonian /edge., liverpool. a grlculturalcoll..."
cocoa,1900,0,3009,896,5.1232,True,"epps's grateful-comforting. cocoa breakfast and supper. the gazwpfe saturday d: proofer boots & harness softens end preoervee the lenth,. piap.ot odour, allowb ilislon with bin. king...."
cocoa,1900,0,3009,898,5.1241,True,"the most nutritious. epps's grateful—comforting. cocoa breakfast—supper. blood humours skin humours, scalp humours, !fair humours, whether simple scrofulous or hereditary speedily cured by cuticura so"
cocoa,1900,0,3009,900,5.1246,True,"epps's grateful—comforting cocoa breakfast—supper. racy reminiscences. to 25 boxes, was seized. the lady was, how- ever, released next day. extradition granted. (reuter's telegrams.)..."
cocoa,1900,0,3009,901,5.1247,True,-orsfttal ud oinfortt.ll- epps's cocoa prepared twat the sant wilmtai gaeta will the aataral wnwerved. it is tar mad away the meat sat:mame barely. yew eaa _ e p gocoa ist bnakiri null sap...
cocoa,1900,0,3009,902,5.1248,True,the most nutritious. epps's grateful—comforting. cocoa breakfast—supper. cricket. newton ii v ha.ydoek lodge.—pia7ed at haydock lodge. score newton it. haydock lodge. h h hindley b s2ott ..... .... 11
cocoa,1900,0,3009,903,5.1271,True,"the most nutritious. grateful—comforting. cocoa breakfast—supper. mulli n/ii motor body com pa n they commented operations at july. 1901. alio it 51tosn months ego only, with haff a des.ii mci. awl..."
cocoa,1900,0,3009,904,5.1276,True,"the most nutritious. p ps's grateful-comfortng. cocoa zreakfast--suppef't women's chat. many leading women in society will make a point of entertaining this season, and londonderry house,which is one "
cocoa,1900,0,3009,905,5.1278,True,"tic yost nutritious. epps's cocoa lirilakfast-suppiji ts beenrew• mn, tluvatteaa. esa orsees.—parebass • abstract ask card caw pries is.) at tie • harald"" (lane, 11,, -,:rbkatrast, ta..."
cocoa,1900,0,3009,908,5.1305,True,"the most nutritious. epps's g:atf l'-niorting. cocoa br upper. local and general markets d. d. meadow hay, per stoue clover, per stone straw, wheat, per atone shrew, oat i potatoe, per stone 1 apples,"
cocoa,1900,0,3009,909,5.1306,True,"_ ""why don't you drink vi-cocoa ?"" be sausdkdeednhathtais. 'be able to make any headway at all. and, although the inventor does not claim for the i trident, as he 'terms her, any lo..."
cocoa,1900,0,3009,910,5.1315,True,"s r iiiii, lasu grateful-comforting. cocoa the most nutritious and economical. ii 11 ...r..........,......................- a somnolent hen. a remarkable story concerning the uncon- scious adv..."
cocoa,1900,0,3009,911,5.1321,True,"grateful-com fortin3. cocoa breakfast-supper. ripon county court. at the ripon county court on saturday, before his honour judge templer, jeremiah stockdale, burnsall, skipton, ..."
cocoa,1900,0,3009,913,5.1329,True,"the finest cocoa beans the world produces, the !lest perfect system of manufacture. the experience of three-quarters of a century, are combined in producing 9 j.l'lli..."
cocoa,1900,0,3009,914,5.1334,True,"/barry's pure cocoa invigorating lc sustaining. ttefitt irr°otieft.si wood. to, with each old m f' v 46 8 6 8 15 24 8 33 p.m. 8 50 8 55, 97 9 16 9 39 l-r ii- •.. • • it*..."
cocoa,1900,0,3009,915,5.1335,True,"for the people the best is not too good. -• • elect cocoa makers to the king. pension tea. thi british _widows' assurance -ocilf an y. li littid, auditors' report. 3d august, 1904. in aecordance with "
cocoa,1900,0,3009,916,5.1352,True,epps's g •ateful—comforting. cocoa breakfast—supper. driffield council meeting. substantial reduction in the rates. mr. seotchburn presided at a monthly meet- ing of the driffield urba...
cocoa,1900,0,3009,917,5.1357,True,"epps's grateful-comforting. cocoa dreakfast and supper._ rivongveiivitremilwree.•.•.*."".•.no, „{: lite careviftereer, rtweargyeterderrag,,,- ::: mity of flavour have made symingtor % ..."
cocoa,1900,0,3009,918,5.1368,True,"cocoa a delicious drink and a sustaining toed._ toug 91 41 219 lafole's 13 41. pills are warranted to cure, in either sex, all acquired or constitutional d..."
cocoa,1900,0,3009,919,5.1371,True,"epps's grateful-domforting. cocoa the most nutlltiow3 stud economics). football. rphb appearance of that unique little ""11:mary and com• panion issued by glio. g. bussby fa co— for th..."
cocoa,1900,0,3009,920,5.1384,True,"cocoa ;gp -4;:,•au-asr ^ha supper. news in brief. lord rolftlyn rerorted to be trekking through ilaimeolar.ii to bloemfontein. sir william gaininwr haft re..."
cocoa,1900,0,3009,922,5.1391,True,"epps's cocoa bremipast- supper. another leg saved. m. hinds writes en july 2, 0392 ""i ha a anr/ bad lag. mad the dtctors told me i should have my leg taken off, b..."
cocoa,1900,0,3009,923,5.1398,True,"rowntree sellci cocoa makers to n.m. the king. tb. -i.ichipital loveiiint at it te parr., to ho hoped that the move- ment kr obtaiking carper 10-al support for the ghtelle..."
cocoa,1900,0,3009,925,5.1411,True,the most nutritious. epps's grateful-comforting. cocoa breakfast and supper. the war. _ relief of mafeking. lord roberts's message. the war office on sunday night issued the following despatch (lord r
cocoa,1900,0,3009,926,5.1441,True,"mcdougall's pewit self-raising flour an an the examiner' saturday, december 5, l9ob ~, a cup of cocoa :-. .. _. is always cheering, sustaining & nourishing, when made with o, z-,, ...,..... „... • q.,"
cocoa,1900,0,3009,927,5.1453,True,the most nutritious. epps's grateful-007t1forting. cocoa breakfast and supper. the strongest nerve tonic 4 23 28 37 54 66 75 89 45 100 todmorden. .t. w. crabtree eand b hull j. w. stan+fielat b hall 2
cocoa,1900,0,3009,928,5.1454,True,cocoa invaluable to all. 501113 m:111h-neati r3f07313. warrington is thankful. how can we in warrington be other than grateful for open-hearted statements ...
cocoa,1900,0,3009,930,5.1477,True,thp most nutritious. epps's grateful—comforting. cocoa all kinds of sport. cricket. yorkshire's game at hull with warwickshire last week-end was interesting in many respects. the total receipts of the
cocoa,1900,0,3009,932,5.149,True,"the most nutritious epps's grateful-comforting. cocoa breakfast and supper. linthwaite urban d i strict council the monthly meeting of the above authority wa4 held on monday evening, when mr. j. w. fr"
cocoa,1900,0,3009,933,5.1498,True,cocoa dbeakfast-suppz4i our london letter. [by 01711 artist covabspondint. i the session which has just closed has been remarkable for the passage of the a...
cocoa,1900,0,3009,934,5.1504,True,"e ps's grateful-comforting. cocoa the most nutritious and economical / insanitary property at widnes. at widnes, on thursday, mr. craik deputy tow.° clerk, applied for a closing order..."
cocoa,1900,0,3009,936,5.1509,True,"the slarriiwaite guardian and colne valley news-september 28, 1900: epps's grateful-comforting. cocoa breakfast and supper. meeting of colne valley liberal council. sii james kits!)n formally adopizd "
cocoa,1900,0,3009,938,5.1519,True,cocoa breakfast and supper. accrington wednesday v. dr. fitzgeral d's team. thu mateh was played on the accrington ground 1.. wednesday afterz;non. and res...
cocoa,1900,0,3009,941,5.156,True,"tht most nuts !timis. epps's grattful-c3nitc,rtinu, cocoa break.fasf an bupper."
cocoa,1900,0,3009,943,5.1585,True,"""the good old g• english cocoa. pp gt- 7k.f,'• v._ wc 4 i, -9, • i. iti .-. .6, • ~w ':4 1,,. ao ..l. ,•;' r s .0.5; cocoa :* tabsolutely pure, therefore !lest sc. ltc. ---),k- ge...."
cocoa,1900,0,3009,944,5.1592,True,"cocoa of objection had been served were:—the emmet...on inn, hurworth, tenanted by cl.arles yates, and owned by joseph john- son, durham; golden cock, broo..."
cocoa,1900,0,3009,945,5.1602,True,epps's oratzfui cocoa you will and it the vary come you wont. the proposals together it will be found that no person vitt be called npon to pay for that which ha has not c...
cocoa,1900,0,3009,946,5.1607,True,"thr most nutritious. epps's 0 te fu i—comiortrig. cocoa breakfast—supper. theatre royal, hull. the last two performances of ""the second mrs. tanqueray,"" with mrs. charles sugden as paula"" are announce"
cocoa,1900,0,3009,947,5.1624,True,"e p p s's grateful-comforting. cocoa for breakfast mo suppiul the wolf and the jackal many requests, writes sir edwin arnold in the ""daily telegraph,"" hate been made for another story, f..."
cocoa,1900,0,3009,948,5.1632,True,"the most nutritious. epps's grateful-commrtinti, cocoa breakfast and bupper. weavers amalgamation. new rule as to strikes. immersed in liquid poison. a horrible adventure, a horrible adventure has rec"
cocoa,1900,0,3009,950,5.1647,True,cocoa t the bishop of beverley on tuesday held s confirmation at the sokesley parish church. the amount subscribed for the coal club in connection with the...
cocoa,1900,0,3009,951,5.1649,True,sabden. rforaoaxs.—the operatives resumed work yester- day (thursday) morning after being stopped for the holidays. cadburys cocoa. pure—telerefore best. cadbury's coos is gaaran- teed to be absoldtel
cocoa,1900,0,3009,954,5.1672,True,"epps's grateful-comforting. cocoa breakfast and supper. in dui recent election of a &hoot board at keighley. on ele,or gate 6.003 votta to one ran- tsiciate. • sir chariot that not mo..."
cocoa,1900,0,3009,958,5.1721,True,epps's grateful-comforting. cocoa limakipair ow suppies a vienna correspondent sends an authoritative denial of the rumour that the aged emperor ot i austria is about to contract a mo...
cocoa,1900,0,3009,959,5.1726,True,"e p ps's grateful-comforting. cocoa j reakfast—s u p p en& l's pathnt self-raising flour tim au sir j. t. brunner, mp., on ihe lifuture of english grammar schools. sir j. t. brunner, m...."
cocoa,1900,0,3009,960,5.1727,True,"cocoa the best form of coco% for every-day use. foreman (it the door) did yer husband hey a sew suit ay clo'es on this mor.rnin', mrs, o'malley ?"" mrs. o'm..."
cocoa,1900,0,3009,962,5.1734,True,"rvx. fm 1 (z, '1,3 av g q. l'ft),3a contains no added starch, alkalies, or colouring matter, which are often used to disguise poor and inferior cocoas. it is entirely free from all foreign substances,"
cocoa,1900,0,3009,965,5.1744,True,"epps's cocoa mst bici(cliss malt ili.""11/001.11wd7 iieazthy ch/zdpeai. happy"" mothers ~ • ~ 41 jenburgs foods ,041 a /44a1144varr om //654111/wedinc ""ref .4. • th..."
cocoa,1900,0,3009,966,5.175,True,"cocoa premfast-supper. clarke's b 41 pills are wazranttid to cure. in either sex, all acquired or constitutional dis- charges from ths urinary organs, grav..."
cocoa,1900,0,3009,969,5.1776,True,cocoa the- best foil; of cocos for every-day ume. i the molt.. eonfirtried. the time for tbe ...rringe. to stand co the front on sundays trill thorefore it...
cocoa,1900,0,3009,973,5.1803,True,"grate ful-com forthis. cocoa breakfast and supper. golcar urban di strict council the monthly meeting was held last night (thursday). present :—mr. w. crowther, i.p. (in the chai..."
cocoa,1900,0,3009,974,5.1807,True,"van flouterfs cocoa northern union of conservatives, -- tile annual conference ot (tie n e.hun union of conservative associations was held at the grand hotel. west hartl..."
cocoa,1900,0,3009,975,5.1809,True,"thornton. ft 11`....m.:44t114...p.......1==5•-""""474 the most nutritious. epps's grateful—couttorting. cocoa breakfast—supper. a ileums is ma prtmr.—tbere were 01,111411 i wldlp.pitoit• at th• momter.r"
cocoa,1900,0,3009,976,5.1812,True,epps's gr at e fu l-com fort! ng. cocoa the most nutritious and economical. sequel to a wedding party. desperate affray at church. a man stabbed. a constable severely lal-led. two irisfimen...
cocoa,1900,0,3009,978,5.1822,True,"e 77) 11,7 z, 5 ea gratc.ful-cota fc ;wing. cocoa bremvast and supper. results of district council election: no more inclement day for the district council elections has been experienced for many yea..."
cocoa,1900,0,3009,979,5.1829,True,"if yes wu ind mazawattee cocoa ses diens wben half qa•attlir emir is used sibs, dome. • tardier sidusvacei qs quantity mod is advisable. oda' to be superlative dirssidtb. each grid..."
cocoa,1900,0,3009,980,5.1849,True,"cocoa srfakfast-suppilii the wesleyan anniversary services are being held at chop gate, biledale, on mon- day. sermons were pretc.hed on sunday by rev. e. ..."
cocoa,1900,0,3009,981,5.1877,True,the most t itritious. epps's grateful-comforting. cocoa breakfast and supper. football notes. results at a glance. english ccp—replayed final. sheffseld ithited 2; southampton 1. league.—first divisio
cocoa,1900,0,3009,982,5.1878,True,"cocoa bre akfast- supper. iw""nida knitter knitsa,"""".-`,4cisztt i. wool, bilk, ar carrot'. in sisuot/ons mee llas freeperp.... spinners of zest irzanncia si..."
cocoa,1900,0,3009,983,5.1895,True,"the most seithmomm. epps's gratziwl-conforting. cocoa xr-7 4,;•.57 a s _'-''`f the war. saturday. diispatcr from roburts. lan hakilpon's operations. reconnoitring the 110 er positions. a liellpntell f"
cocoa,1900,0,3009,984,5.1896,True,ideal conditions. prom another point of view the manufaoture of pry's cocoa represents the highest achieve- ments of blitiah trade. everyone who is a user of the firm's dolightful productions must der
cocoa,1900,0,3009,986,5.1924,True,epps's grateful-comforting. cocoa nreakfast and supper. nerer established 26 years. have you a cough! • dom will relieve it. have you a cold! • dom at bedtime will &mot. it. when you ...
cocoa,1900,0,3009,987,5.1927,True,"ciinnve, llent 'ntree's rout cocoa )us."" r7jrzio6. '4 police courts. considering the sadness of the case---a ey wednesday.—before mr. e. a. beasl pay 4s. bd. costs but should he repeat..."
cocoa,1900,0,3009,988,5.1929,True,"epps's cocoa a delicious mak sad a sastalalag toad. didn', whisk,. a sweeper's death. &ail trouble sad weide. the inquest on the body of the blackpool street swee..."
cocoa,1900,0,3009,989,5.1949,True,"epps's cocoa spathe i ormaad vdt's lowell jewelled rzy. cw.w*p..nats. go,kl eased. 2e... de aluablii actio 04. ,r irv!, !tal vicgialst c invaluable to all. i,ondo..."
cocoa,1900,0,3009,990,5.1958,True,"cocoa breakfast—super. ai the dearb ecl this life .ed by hal t., who tail !e home al r mother. ii,ll;ed, the late hestrr, 1896, age* a bcrre, wh° 37 -ic&rs..."
cocoa,1900,0,3009,992,5.1982,True,"tha 6 flzrws::. epps's cocoa essence typewriting. thebpi/1:1c-13ebsilers' and athi• xx & 14ilcockbon, bill; 10x."
cocoa,1900,0,3009,996,5.2028,True,"the most nutritious. ,e_p p s's cocoa etreaktast—supper. erpgrigrena r a somewhat celebrated tortneeteller is i dead in pan.. the pence et maas mo.- gruel she was the ragas in the days a ..."
cocoa,1900,0,3009,998,5.2042,True,"-rne most nutrmous. e p ps's grateful—comforting. cocoa sreakfast.t4suppf-a markets. the corn trade. the mark lane express says little pro- gress has been made with harvest work since august set in, o"
cocoa,1900,0,3009,1000,5.2082,True,"mcdougall's pewit self-raising flour an an the examiner' saturday, december 5, l9ob ~, a cup of cocoa :-. .. _. is always cheering, sustaining & nourishing, when made with o, z-,, ...,..... „... • q.,"
cocoa,1900,0,3009,1001,5.2105,True,epps's cocoa invaluable to all. a largest vessels in the world now building. fastest and finest ships between li verpool and new york. most comfortable ships betw...
cocoa,1900,0,3009,1002,5.2108,True,"grateful-comfort ing. cocoa ateqk of foul than • too. val."" ofeli""';"" -t-p read nions of the ..‘'atltk medical journals on 42 .or ear l,5..e60., food: the 4ancet says:—"" the pre..."
cocoa,1900,0,3009,1004,5.2123,True,"th slliatd cocoa of the wo:ld. lag they aotild not kesp the soaps. isq dilt, they could make them. a vol,: no, they can't. mr. booth: thy can crotte the demand, and t..."
cocoa,1900,0,3009,1005,5.2132,True,"the most nutritioug. epps's grateful—comforting. cocoa breakfast—supper. the northern union. the league.,--first division. runcorn v. warrington. the above match was played on the irwell lane en- clos"
cocoa,1900,0,3009,1006,5.2136,True,"mazawattee latariba cocoa. • among the more encouraging ,iris )1' the cnies may be counted the great incre,re that has of late taken place in the consump- tion of cocoa and ch..."
cocoa,1900,0,3009,1010,5.2166,True,how to obtain abeald la the for three cacpury's _ we wogs- following bratkfast cocoa in it= with water pilhallake :-. cadbury's cocoa in stronfoost becomes it is pespost. it is therefore most eeenemni
cocoa,1900,0,3009,1011,5.2168,True,"mazawattee cocoa ia pi, impeagii. a a all • cocos. the test n? oebta. lead lir mow at to its polotolgoolos sad itor,or, a opook toe ttaelt.""-00110011 immo, 11. d., sa..."
cocoa,1900,0,3009,1012,5.217,True,"sr ps's grateful—comforting. cocoa breakfast—supper. women's chat. the appearance of the christmas nussibers,rcminds us that the festive season is not far off, and those who do much in..."
cocoa,1900,0,3009,1013,5.2178,True,"cocoa breakfast- supper ""factory times .' postal 11-3°s' the actory times eau be sent by ros thursday evening at this following rates, payable in advance:—..."
cocoa,1900,0,3009,1015,5.2188,True,"the most nutritious. epps's grateful—comiorting. cocoa breakfast—supper. the cotton trade. the new cotton crop. the quarterly report of the amalgamated association o: operative cotton spinners, mit is"
cocoa,1900,0,3009,1016,5.2194,True,"the most nutritious. epps's grateful-comforting. cocoa oree nfast and supper. departure of royal guests. the king of portugal, who has been the guest of king edward at buckingham palace since the fune"
cocoa,1900,0,3009,1017,5.2196,True,the most nutritious. epps's grateful—comforting. cocoa breakfast—supper. pleasant paragrapes. can. mr. pemberton: have the corporation embodied what you want in the order? the chairman: they say they 
cocoa,1900,0,3009,1018,5.2208,True,marple. rams noun muzs. these mills were re- started last week after a stoppage of more than • week for repairs. ladeurt's cocoa. ?lieb—therefore best. csoacrey's cocos is guaran- teed to be absolutel
cocoa,1900,0,3009,1021,5.2222,True,"too 'many swarations. • 7 s 13.2, • ...v. 'f4107 \ th best ccoooa. e-r.. 00157- evith the gcntline cocoa flavour there irore so many applicant.. for separation ordera at gateshead on wednesday that ai"
cocoa,1900,0,3009,1023,5.2225,True,"no casual ward dt scotland, and that these gentlemen who wanted cocoa or something stronger had had perforce to walk about all night. i was anxious as soon as might be to visit the sites whore the pla"
cocoa,1900,0,3009,1025,5.2256,True,"four cups of vi-cocoa each day. twice each day mr. w. c. burrows, 518, princes-road, stoke, staffs., takes two cups of vi-cocoa. ""and i am glad to do so,""he says,""for i do..."
cocoa,1900,0,3009,1026,5.226,True,"grateful—comforting. cocoa breakfast—supper. children's league of kindness, conducted ey ""uncle george."" ""he prayeth best who loveth best, all things both great and small."" dea..."
cocoa,1900,0,3009,1028,5.2302,True,"e p psis iateful-comfortino. cocoa you will find it the voz______22lc_tal vast. printed and published by j. w. kober* s' general printing and publishing o$a bridge street, slaithivaite..."
cocoa,1900,0,3009,1029,5.2304,True,cocoa tie best ins et owns fee •tory 41•7 stei hilswall the shocking macide winoli aocarred in beseigi on medea night threw tile ths- tdot intoa elate of e...
cocoa,1900,0,3009,1031,5.231,True,"grateful-04 .:9rtinip cocoa pal n sacred cantata. ~n-llothelifcvlbg the effort of sunday the choir provided • r d musical treat on the monday evening, when a e4l,ntata' ,4 david..."
cocoa,1900,0,3009,1033,5.2322,True,"cocoa saitarcia 6 i -6u ppliii home broken up. on prietolay at tele.nool fit...ions mrs ,f,oen wilson wwi ebargod with saoulting !her 3aogleer roan mary wi..."
cocoa,1900,0,3009,1034,5.2325,True,"epps's grateful-comforting. cocoa %breakfast and supper. sivrelt, iltst of all, tell me about rutland. to say he is twenty-six?"" ""yes."" ""and minister of tudor chapel, which yen say is..."
cocoa,1900,0,3009,1035,5.2328,True,"cocoa supper. jest publisbed, post free, constantine and jackson's illustrated and descriptive price list of slutcal indiazubber a.ppliaaces, trusses, elas..."
cocoa,1900,0,3009,1038,5.2336,True,".j cadbury's is cocoa and the best cocoa only. absolutely pure tiffefwe best. neston and parkgat hygienic laundry & cleaning co., ltd., laundrymen. dyers, and french clean..."
cocoa,1900,0,3009,1039,5.2345,True,"the most nutritious. epps's grateful-comforting. cocoa breakfast and supper. rayon & uri work rr- v9te gm. gel thom. plated watch, alto a chain and charm for sailing id dozen packages of bixine at fly"
cocoa,1900,0,3009,1042,5.2386,True,"thr most nutritious. epps9s g .ateful—comiort.ing. cocoa breakfast—supper. epitome of news. mr. thomas hardy, the novelist and poet, was c 3 .-41 tuesday. 1,..-yptian flamingoes are on their way to th"
cocoa,1900,0,3009,1043,5.2387,True,"van houten's the cocoa that goes farthest. tion, or intimidation, and no nuisance, riot, disturb- ance, or unlawful assemlaly."" mr. whittaker explained the attitude of the ..."
cocoa,1900,0,3009,1044,5.2402,True,"cocoa breakfast—supper. the following .tatement of the floral', ot volonteers in thjs country shows that there is very little difference to the total on ja..."
cocoa,1900,0,3009,1047,5.2416,True,cocoa invaluable to all. correspondence. the recent _oi:i'!irea.k of fever xt marsde. to mt editor of 4 e. 'tvaite omar 11.. yon kindly allow me to make a ...
cocoa,1900,0,3009,1048,5.2439,True,"1090"") _ violette: the most nutritious. e pp s' s cocoa why people drink oxo. oxo is an energetic food. it makes energy quickly. it digests and becomes a living force in the blood in a shorter time th"
cocoa,1900,0,3009,1050,5.2446,True,cocoa tie best term a come& tar ilvori-de7 u••• nz. t. nice geeeided wpm sood k isitarkiteesities of the pii.a. eabsy. lir. irthei init:reetiehe sad -... w...
cocoa,1900,0,3009,1051,5.2463,True,"...eet. —mr j. mcluekie, 117, union-street, middles- brough, writiug on the 7th october. 1909. says:—"" i was advised by a doctor to drink dr. tibiae& vi-cocoa some ten"
cocoa,1900,0,3009,1053,5.2466,True,"cocoa and starch lyon to obtain orders. at the st. helens police court on satur- day albert prince, alias albert taylor, deecribed as a tea and cocoa canva..."
cocoa,1900,0,3009,1054,5.2471,True,"grateful-comforting. cocoa breakfast and supper. slaithwaiti43. we are still to the front with everything of the best quality in confeetilnery.—nommleb, crown stores, kiln llil..."
cocoa,1900,0,3009,1057,5.2487,True,epps's cocoa a wickes drisk aid a mistaistag nei to one that when the ordinanee expired this year people in llee transvaal would require a continuation of chinese...
cocoa,1900,0,3009,1058,5.2488,True,"cocoa 3reakfast and suppefl geasibe apartments. norafortable apartments. ve close to sea, kni) minus easy distance of railway station. 6,ablntly situated i..."
cocoa,1900,0,3009,1059,5.2504,True,"cocoa les boot foi•sa of coosa 1., ovez7-457 13.0. plowing i wird@ i breach of promise :ase. mr juettiaa darting and a mamma jury had before them an a.ctio..."
cocoa,1900,0,3009,1060,5.2515,True,"cocoa the-boot form of cocos ror every-day use w &llaces"" celebrated sausages, en). and 01.0. 11.:11 lb. 1)2 delicious pure butter, 10d. and 1 /. per li 3...."
cocoa,1900,0,3009,1064,5.2565,True,"p v,,:. -! !-i.s:-.!a .. apaine lrsge, zo grateful-comforting. cocoa breakfast and supper. longwood. the benefit or the doubt.—on tuesday morning at the county police court, huddersfield, randall walk"
cocoa,1900,0,3009,1065,5.2575,True,e p -•-• 442 a cit grateful-comforting. cocoa breakfast and gupper. the war in south africa. damaging telegraph lines and railways. boer a cti v ity. (rams assoclation ar special.) greylinattad. ...
cocoa,1900,0,3009,1066,5.2579,True,"e _ ,f'. ti?:s-‘,7 l'.• %igi grateful-comforg. cocoa breakfast and su p p er. annual meeting of the colne valley liberal council. on sour. ley lest, the annual meetiug of ile- coln« valley libel- ii c"
cocoa,1900,0,3009,1070,5.2592,True,"four cups of vi-cocda each day. twice each day mr. w. c. burrows, 518, princes-road stoke, staffs, takes two cups of vi-cocoa. ""and lam glad to do so, he says, for i do not suffer from the general las"
cocoa,1900,0,3009,1072,5.2601,True,"epps's grateful-comforting. cocoa breakfast and supper. a dispute about ""amen."" six hours' sitting. a sequel to the scene in the emmanuel free church of england at great harwood on su..."
cocoa,1900,0,3009,1073,5.2606,True,"cocoa breakfast- supper. ""factory times"" postal ra' the factory times inn be fent by ro- 0 thursday evening n 4 the following ratet, wb'ch psyable in adven..."
cocoa,1900,0,3009,1074,5.2613,True,"...ttendance returns. the returns for the month ending decem- ber 2.oth ,were as follows —lnfant schoolb —christ church national—number on re- eadbury's cocoa is world= renowned for its absolute "
cocoa,1900,0,3009,1075,5.2617,True,"cocoa pf,is i'one 121'ral distuct council. i,li.dtpei.d:'.6::::l.;:irtr m. thum'. wouh, ,t.eater p:...hd that dra.held a the""mtly the ""h wthorn • a ,lutadt..."
cocoa,1900,0,3009,1076,5.2626,True,"cocoa lest form of coco6 everv-clay the slaithwaite guardian and come valley news-march 24, 1905."
cocoa,1900,0,3009,1078,5.2673,True,"cocoa 7.""...t:.`!- ecclesfield football notes. emallwill at ecru. to le in a my gado. state. of all thr dol. in the tillage ate only nor fat lerrhald tlewl..."
cocoa,1900,0,3009,1079,5.2688,True,epps's grateful-comforting. cocoa breakfast and supper. irishmen and mr kruger uproarious proceedings. a great deal of interest centred in monday night's meeting of the corporation of...
cocoa,1900,0,3009,1080,5.2693,True,"highest honours! 1j so- mar cocoa the kesaldd proposed marine board. reply on behalf of the tdes-side shipping federation the scheme defended [editor of tub ""irebald:] sir,—although i..."
cocoa,1900,0,3009,1082,5.2698,True,epps's cocoa thom bog suited for all atm sad °lama.
cocoa,1900,0,3009,1083,5.2701,True,"epps's grateful-comforting. cocoa breakfast and supper. england's danger. a returned soldier's interesting statement. over a year ago, when the country was depleted of a great .part o..."
cocoa,1900,0,3009,1084,5.2705,True,"the most nutritious. epps,s grateful-comforting. cocoa ariakfa4tvismpplil the new mayors. tho fullowiur is a li,t of the. local i%.l:4yurts elected on friday for the riming year liberals. andover.—mr."
cocoa,1900,0,3009,1088,5.2741,True,cocoa a &mama'. deltsfaus. pad magi hialtletal boverses. heswal4 considerable animation characterised the proceedings at the use view assembly rooms last w...
cocoa,1900,0,3009,1089,5.2749,True,"4pp s 9 r,l"",'- ciratefl;!.- comfort!. cocoa eirf.akiast-suppea."
cocoa,1900,0,3009,1090,5.2753,True,"the most nutritious. e ps's grateful—comforting. cocoa torturing disfiguring skin, scalp and blood humours speedily cured by cuticura soap, ointment and pills when the best physicians and all else fai"
cocoa,1900,0,3009,1091,5.2764,True,"cocoa the boat form of cocoa for ovorr-day u.s. betrayed by writing. i great agitator dead. accrington lads- in trouble. owed £600,000 to the i serious cha..."
cocoa,1900,0,3009,1092,5.277,True,"c i ...,..-,:;,' '...,i,..,;-•::: r 7 7-.11, 9 i, •.•, .- ,..„, .... ~_, 0 c., 1. ..,„,.:.. ...., ~,..,. 4 ~ .„ cocoa it is an exceedingly nourishing food beverage possessing all the essentials necess"
cocoa,1900,0,3009,1093,5.277,True,"epps's grateful-comforting. cocoa breakfast and supper. ichurch news ofthe week a controversy has again sprung up on the alleged decay of plyathing in the anglican chunk, and a eorrea..."
cocoa,1900,0,3009,1095,5.2774,True,"epps's cocoa a main adak asi amialiss ise& coulee, it ciao desire it, you can have a beautiful net made up at very mort notioe, and have seen many a lovely wreath..."
cocoa,1900,0,3009,1096,5.2777,True,"van houten's cocoa eclipses all others. the• were on friendly terms and he wrot,, to her the letter produe4 ile 1.54 quarelled wit,'.l her. i ditl not resllv !aro for t..."
cocoa,1900,0,3009,1099,5.2782,True,"the most nutritious. epps's grateful-comforting. cocoa breakfast and s,ppe lam 'ast ei! liberalism. mnornio or 'nth association. mr. n. w. helme the new presipent. tuesday. wed aaaaa y. robliciw troop"
cocoa,1900,0,3009,1101,5.2787,True,"• 5 ""kr:4l4. the best form of cocoa for every-day 7..5e. liberal-minded nun. be was once a liberal. (laughter.) he was now a liberal unionist, which was not quite the sallle thing. (lau..."
cocoa,1900,0,3009,1102,5.2793,True,"epps's cocoa limb mo adrift= owl ilesesedeal ws doom lor tm 01101111. comiiiminl-tinsogial oggl be bubo i abb. thome iberr.l.-os lopube, !.11...a.,.0.a. neepiemo,..."
cocoa,1900,0,3009,1104,5.2805,True,",a 9 cocoa zvents of the week. resident in the transvaal after the war, but now that ill-feeling has subsided it would be ungenerous to refuse him burial in the..."
cocoa,1900,0,3009,1105,5.282,True,"epps's gr ate ful-com forti ng. cocoa orr', wfast and supper. local postal information. beverley post office. g. m. hunter, postmaster. hours of attendance. the office is open on week day..."
cocoa,1900,0,3009,1106,5.2825,True,"an easter calamity. thii king's civil list. cocoa :ifiza.kfas7 and st-ppe •••••••• see n1n1)ow-. 1 'lt yc tlbltl'itt. 23, market street, marl iialoate watea st pylif. on the recommendation of the pla..."
cocoa,1900,0,3009,1108,5.286,True,"the mcis-t nutritious. epps's g •atetul—comiorting. cocoa breakfast—supper. /uniem poultry keeping for profit. by tom brown, manager e' reading college poultry farm. lecturer to thi beds., kirkcudbrig"
cocoa,1900,0,3009,1109,5.2862,True,"smon cocoa we nourishment than 10 cups of ,inary cocoa, and is absolutely chemir,al3 and added stara vsathr. nourishes, warms, strengthens. thu etrong lislodoei..."
cocoa,1900,0,3009,1115,5.2905,True,grateful-comforting. cocoa break?ast and oupper.
cocoa,1900,0,3009,1116,5.2909,True,cocoa cycling. an interesting case was beard in the court 01 al. post on hondo.. it was the action art i simpson v. the teignitionth and spaldon bridge com...
cocoa,1900,0,3009,1117,5.2912,True,"the most nutritious, epps's gvateful—comforting. cocoa breakfast—supper. nessle urban district council annual meeting. all the members were present at the annual meeting of the urban district council,"
cocoa,1900,0,3009,1121,5.2934,True,"epps's grateful comforting. cocoa the most nutritious arid economical. printed and published by j. w roberts, at lits go eral printing and publishing office, bridge &loot, rdaitliwait..."
cocoa,1900,0,3009,1122,5.2939,True,epps's grateful-comforting. cocoa breakfast and supper. linthwaite urban district council tgge the monthly-meeting of the above council was held on monday evening in the council rooms...
cocoa,1900,0,3009,1123,5.2943,True,"the most nutritious, epps's grateful-comforting. cocoa greakfait and bijpper. huddersfield subscription concerts. the moderate audience which assembled at the town hall, huddersfield. on ticsday nigbt"
cocoa,1900,0,3009,1125,5.2964,True,"e psle grateful_comforiing. cocoa t.he most, nutritious and eobnomical supply and training of pupil teachers. how the demand is to be met in warrington. this important subject is ably..."
cocoa,1900,0,3009,1126,5.297,True,"cocoa areakfast and supper. .1 in the organism of man as in that of all the highest. animals, the materials for the nutrition of every portion or the struc..."
cocoa,1900,0,3009,1127,5.2974,True,"fry's pure concentrated 300 aold medals b,lolothu • cocoa -al • accidents of all kinds railnay accidents. employers liability. inst.:add against 'theft insura nce & fidelity bonds granted by tln railw"
cocoa,1900,0,3009,1129,5.2984,True,"the most nutritious. epps's gra tsivl--c om t""'.,. cocoa sreakfasi and supper. bazaar program mes tit-4 et nil printed and artistically illustrated it the ""(lettenicur"" printing orks, broad- street, n"
cocoa,1900,0,3009,1134,5.3012,True,"the most epps's grateful-con romitia. cocoa sreakfast and supper. the wings of a great bird, floating down, down into soft blue mist followed bye beautiful oblivion. chapter xv. the train was w..."
cocoa,1900,0,3009,1135,5.3023,True,"e grateful-cw.if ti no. cocoa for jr eaxfast md supper. heavy failure, a loss of £16,000,000. absolutely consternation has recently been caused in many houses by the disclosure of..."
cocoa,1900,0,3009,1136,5.3029,True,"_ ep rs ,s grateful—comforting. cocoa breakfast—supper. could she be fickle, a mere mortal like the reek of womankind, he wondered, putting the thought, however, into his own crude, coars..."
cocoa,1900,0,3009,1137,5.3032,True,epps's grateful-comforting. cocoa breakfast and supp6fl accrington baptist academy. a reminiscence. the baptist academy was at the bottom of unioncitreet. and is now represented by th...
cocoa,1900,0,3009,1139,5.3037,True,"...t 1 ~.,,,, '‘,.....4- ./.,,rai it; • 411, ''*:„.47 k lia, ,2. •,,:. a 15450334, pure riit....„ •4...;.,...- ..;,,,oc,, tst;: f,. 4,k sziu!ziie and no cocoa ia the world equals il for p1!,971tu,"
cocoa,1900,0,3009,1142,5.3062,True,"""i really must use vi-cocoa' thousands of men and women, after reading the particulars published respecting the merits of pr' tibbles' vi-cocoa, have been induced to become regu..."
cocoa,1900,0,3009,1143,5.3063,True,cocoa breakfast—supper. starting a new ring s?inaing mill at farnwort'a. farnworth has had two new mills erected within the last few mouths. the second one...
cocoa,1900,0,3009,1147,5.3085,True,"i11i414, a‘n oighat honour cocoa a musical cabby. 1 sir frederick flridge ha.- a"" ninon critic.' who ojik.ll6 drives him to the albert hai. cabby does not like waginsa, finding him n..."
cocoa,1900,0,3009,1148,5.3097,True,the host nutritious. epps's grateful-com forti nu. cocoa breakfasr and supper. the odds he wanted who was that swaggering old fakir who promised to do such jolly things if you would only give him -hea
cocoa,1900,0,3009,1149,5.31,True,"epps's cocoa the moat nutritious sad licasomical sacred concert.—tiie members of the stanley-street united methodist free church choir, nelson, gave a sacred ma- ..."
cocoa,1900,0,3009,1152,5.3104,True,"the most nutritious. epps's grateful-comforting. cocoa breakfast and supper. elasiic stockings, kner cap 9, &c.—for vtricoie vein and all cases of weikness and swelling of the lege, sure( n they are p"
cocoa,1900,0,3009,1155,5.3133,True,"e ppsos grateful-comforting. cocoa breakfast and supper: i crossley-street, was summoned for using a slaughter house 1 near crossley street without having first obtained a license from..."
cocoa,1900,0,3009,1156,5.3133,True,tits most nutritious. epps's grateful—comforting. cocoa mete attempting t• eta. ilte trials 'ear coda:woe maims teliaehmet as patamtay. the vita et • gepettwats sammtllimma gm laming a... by • p•••••f
cocoa,1900,0,3009,1157,5.3141,True,"e pps', grateful-comforting. cocoa iireakfast and supper. and ascertained that a man named parsonage had been afriaulted. parsonage was not there when forey arrived nn the soene.—the m..."
cocoa,1900,0,3009,1158,5.3142,True,"van houten's and the cocoa supply sir,—at a meeting of the council of the liverpool chamber of commerce on 21st inst.' mr. william a. cadbury, speaking on behalf of messrs. cad..."
cocoa,1900,0,3009,1159,5.3148,True,epps's cocoa nil most nutritious iiid lova=lca bozoligh of nelson. üblt llt. • loans. the corporation are prepared to receive lome m sume of not lees than £lo6 fo...
cocoa,1900,0,3009,1160,5.3149,True,"wi4iarmbv's tea. coffee and cocoa chquc.i iv ii with each ilb., can be obtained front any of our agenta, or a' our brawl %dos. new street, sla i trwaite. hobson and sons, (branuii of ..."
cocoa,1900,0,3009,1161,5.3149,True,"lowest birth and death rates on record. a note of warning. the eminent food specialist, dr. andrew wilson, says:— ""the practice of adding to cocoa foreign substances should be condemned— cocoa in itse"
cocoa,1900,0,3009,1162,5.3162,True,"grateful-comforting. cocoa breakfast and supper. golcar urban district council the moor top hospital question. marsden council criticised for ""impertinent remarks."" the monthly..."
cocoa,1900,0,3009,1163,5.3172,True,"cocoa sho boot form of 0°604 for overy-day us*. lanapshot photography. it was comfortint ito this id plutocrat to think that conti, was alone on the water...."
cocoa,1900,0,3009,1164,5.3187,True,"the most nutritious. epps's grateful—comforting. cocoa breakfast—supper. local share market from f w bentley & co., huddersfield. 1 price. ° g a apil 0 a 75 company. slaithwaite gas do slaithwaite spi"
cocoa,1900,0,3009,1165,5.3198,True,"the most nijtp!tious. t. s s grateful-oomforti'io. cocoa breakfast -suppea. the swaledale liillt, wear of richmond, were moliday, rovered with snow. the annual report of the durham count 7 assoe:atici"
cocoa,1900,0,3009,1166,5.3212,True,epps's gratieful-comfor'i ng. cocoa oremfast md supper. football. liudderbfieli) & district northern rugby union. results. up to date. played. won. lost. drn. for: aga(. pta. elland fre...
cocoa,1900,0,3009,1167,5.3222,True,"epps's cocoa invaluable to ali. ilk you all to gather all together tits co-oparstive bees, ltd., v japing oseialls, live bad leg with wounds that 'discharge or ot..."
cocoa,1900,0,3009,1168,5.3225,True,"cocoa ""he finds vi-cocoa botii food and drink."" mr b. cleveland, 22, mms, hm s astrea, shanghai, writes i ran a diver on h.m.s. astreii, pad i wish to say ..."
cocoa,1900,0,3009,1172,5.3293,True,"fur cps of vi-c33oa ecm day. twice each day mr. w. c. burrow, 513, princes-road, stoke, staffs., takes two caps of vi-cocoa. ""and lam glad to do so,"" he says, ""for ido not fuller from the general lass"
cocoa,1900,0,3009,1174,5.3303,True,"the most nutritious. epps's grateful-con forti ng. cocoa mireincfast and supper. local postal information. beverley post office. g. m. hunter, postmaster. hours of attendance. the office is open on we"
cocoa,1900,0,3009,1175,5.3304,True,"epps's grateful--comforting. cocoa breakfast and supper. ..._,it,""7.41(41.1.0'...;',..-ii...,ti,,t:i'.-i,c,l,t,i`*cii,..cicte,?-• i i i,,,,f,•;i1%*:i, -4):-.(4.,?-2k,r.:: i..-.. accrin..."
cocoa,1900,0,3009,1178,5.332,True,epps's grateful-comforting. cocoa ton will !lad it the yery cocos you want.
cocoa,1900,0,3009,1180,5.3336,True,lovere of i it coff'ef. and cocoa will find liptons unzqualled for fxcellence of quality and delicaiie flavor. extracts from local press opinions. the l1m0... ecuo says as the globe f...
cocoa,1900,0,3009,1181,5.3349,True,"epps's grateful-com forting. cocoa breaivast and supper. a marsden of romance. how many maradens are there of course i know there is marsden-in-huddersfield and marsden-in-alanondbury,..."
cocoa,1900,0,3009,1184,5.3359,True,"grateful-comforting. cocoa s mak fast-su ppfgi rioted and published by the proprietor, la annand, at the office, 2a, finkle swots rips, may 1, 1902. i • the ripon observer, thu..."
cocoa,1900,0,3009,1185,5.336,True,-tise most nutrmous. e p ps's grateful-comforting. cocoa poole. magnificent meeting. farther evidence of the great popularity of the liberal candidate was afforded by the crowded and enthusiastic meet
cocoa,1900,0,3009,1186,5.3387,True,epps's grateful-com forti ng. cocoa breakfast and supper. in china. a situation desperate: grave news from the foreign ministers. an express telegram from washington states mr. secretar...
cocoa,1900,0,3009,1187,5.339,True,"1 .1 grateful-comforting. cocoa areakfast and supper. a pvyright• steve, the outlander. by arthur laycock, author of ""the young gaffer,"" ""seaside sketches, ""lancashire sketches,"" &c..."
cocoa,1900,0,3009,1189,5.3395,True,"mazaivattee cocoa. some time ago you kindly sent me a sample of your cocoa, which i faithfully tried. as relished it very much i continued to obtain it from your local..."
cocoa,1900,0,3009,1191,5.3403,True,"111 rhi ""medical maga& says s— without exception the most popular cocoa of the day; we are glad to give it the highest praise. for strength, purity, and nourishment there is nothing superior to be fou"
cocoa,1900,0,3009,1193,5.3427,True,"suchard there is a best cocoa one 'best. who makes it suchard; and your dealer returns your money, if you don't think so. niue* ifil-mon) do pow. rhieve•oo th•edre wag was. vow lo..."
cocoa,1900,0,3009,1194,5.3437,True,"suchard your dealer wants to return your money, if you don't find suchard's cocoa better than that you compare it with; no matter what that is. mug tkiers) dr gnome adiewira drift sr frialllaws pill/ "
cocoa,1900,0,3009,1195,5.3439,True,"epps's grateful-comforting. cocoa the most nutritious and economical. saturday, november 2l, 1903. many workers receive their death-blow just as they leave work. taitoresses, leaving ..."
cocoa,1900,0,3009,1196,5.3441,True,"a smoix cocoa lutriment 1-ib. beef or ten of ordinary cocoa, and is ,ute/y free from chemicals. aids digestion, braces the nerves, invigorates the system. 1, 90, i..."
cocoa,1900,0,3009,1197,5.3446,True,"epps's cocoa a delicious- drink and a sustaining food. n lo :-rc ri7.7 um mcm tim cno ""orintrthe""; ostrich, finding the eggs by chance, hatched dier.. as if they ..."
cocoa,1900,0,3009,1200,5.3497,True,"the most nutritiouz. e ps's grateful-comforting. cocoa 3 reakfast-8u p p eft weak lungs, tnompwooed ftrtr"" thio-afilidcllllls' padn.k 2.,noomed vs. p.341.01v,11 ulgegive apparato• k sub-kak and ml* a."
cocoa,1900,0,3009,1202,5.351,True,"cadbury's cocoa +,..1 po* n.b.—cocca is strongest when pure, but if treated with alkali as in dutch and some english cocoas a dark coloured article is produced, whic..."
cocoa,1900,0,3009,1204,5.3516,True,"• ""i really ust use i' [-cocoa. thotteindi,i of men and women, after reading the particulars published respect- ing the merits of dr. tibbles' ti-cocoa, have been induced to become..."
cocoa,1900,0,3009,1206,5.3543,True,"cocoa tja—• bort form of 0420011. tar evorr-clas 'as. correspondence. overcrowding of trams to till suirroa op thb sre,—the comfort of passengers travellin..."
cocoa,1900,0,3009,1209,5.3567,True,"the most nutritious. epps's grateful—comforting. cocoa loc 7173 •••• 0 00 z e 4 25 20 60 91 _ 5 5 10 10 breakfast—supper. [dandleld, rket -19 -:-21 4 101-104 61- 64 16 -16 • 'l-11* 151-15 i 24-25 341-"
cocoa,1900,0,3009,1210,5.3575,True,the most fourornout epps's iforting. cocoa drei.kfast and sjppei.
cocoa,1900,0,3009,1211,5.3575,True,epps's cocoa essencs its!gem.: at ray hear et the day.
cocoa,1900,0,3009,1212,5.3591,True,".17* .; no two makes ot cocoa are alike. the best is suchard's. if you don't think so, your dealer returns your money, all of it. rider agents wp.rted tnar !ri part, dlneit o rtd•..."
cocoa,1900,0,3009,1213,5.36,True,epps's grateful-comforting. cocoa sr...akfast and supper. proclamation of the king at trawden. proclamation of the king at trawden. on saturday an event which will live in the history...
cocoa,1900,0,3009,1214,5.3604,True,"toilers lancet says:, the standard of hi&h,,st parity. cad,mry's cocoa ?]he neston and parkgatic hygienic laundry and cleaning co., ltd. laundrymen, dyers. and french cleaners. shirts and collars a op"
cocoa,1900,0,3009,1215,5.3619,True,"cocoa bad leg with wounds that discharge or otherwise, perhaps sur. rounded with inflammation and swollen, that when you press your finger on the inflamed ..."
cocoa,1900,0,3009,1217,5.3638,True,"p ps's grateful-comforting. cocoa jreakfast,-supper.i pleasant par_,igratrs. s'imilar.—"" well, how is your '99 bicycle. fts7ust like my '9b one—not paid for."" don't ever doubt that th..."
cocoa,1900,0,3009,1222,5.368,True,"epps's grateful-comforting. cocoa the most nutritious and economical. whisperings. it was ths -,oth anniversary of the battle 0 balaclava on tuesday, the famous charge of the ltght br..."
cocoa,1900,0,3009,1227,5.37,True,the most nutritious. epps's grateful—comforting. cocoa _breakfast—supper. cricket. newton ii v haydocic lodge.—played at hap:lock lodge. score newton 11. iliydock lodge. h h hadley b scott it s leadbe
cocoa,1900,0,3009,1229,5.3705,True,"the most nutritious. e • ps's grateful—comforting. cocoa breakfast—supper. prevent 3akiness by shampoos with and light dressings with cuti- cura, purest of emollient skin cures. this treatment at once"
cocoa,1900,0,3009,1230,5.3708,True,"the most nutrmou& epps's grateful-30mforting. cocoa sreakfast-supper. royal exchange assurance incoupoilated a.d. 1720. chief office :- royal exchange london, e.c. fire life and marine accumulated fun"
cocoa,1900,0,3009,1231,5.3713,True,"cocoa 3 • • ~, ...-4-!,,,, "",,w '.:., mr.: --, -_ .._ .- 011111111111111111111 r --='l4llllliiiiiiiilllllllllllliiiiiiiiilltiliiiiillhlllllllllilliiiiiiiii..."
cocoa,1900,0,3009,1233,5.3718,True,"theosophy in ripon. the hidden side of nature. a lecture on the above surqe3t was given last fri- day evening at the cocoa hmse, westgate. in con- nection with the theos iphical study class which meet"
cocoa,1900,0,3009,1234,5.3719,True,"eppss cocoa is an admirable food, the nicest and most nutritious beverage for the breakfast table. it is made in a moment with boiling water or milk, and its sus..."
cocoa,1900,0,3009,1237,5.376,True,"_ cocoa the best form of cocoa. for every-day lige* local government reform. the duties of the citizen. farman of a lulu. on s tturlay afternoon, in the mine..."
cocoa,1900,0,3009,1238,5.3765,True,"the most nutritiouz. e ppws grateful-comforting. cocoa 3reakfast-suppere helten chapter xviii. a friendly officer. for several hours he was oblivious to all that passed. when at last he did wake up, h"
cocoa,1900,0,3009,1240,5.3778,True,cocoa the best form of cocoa for every-day use. stockton heath. annual band or hope meitogi.—the tenth animal meeting and concert in connection with the hi...
cocoa,1900,0,3009,1241,5.378,True,"cadbvry's cocoa 41 o.l+l. 4"". .00c' 3(.6.404.4•''c10cz,1t • police news. county petty sessions.- sp.turday. 'moro w. gamett (chairman), b. b. dolma, e. %storey, w. d..."
cocoa,1900,0,3009,1243,5.3801,True,"rvx. fm 1 (z, '1,3 av g q. l'ft),3a contains no added starch, alkalies, or colouring matter, which are often used to disguise poor and inferior cocoas. it is entirely free from all foreign substances,"
cocoa,1900,0,3009,1244,5.3811,True,cadbury's cocoa rifle shooting at bradfield. i councillor fred kelley and ecclesall fihal match for the kelley challence cup. i no truth in retirement rijmourr ilene...
cocoa,1900,0,3009,1245,5.3832,True,no break-fast table complete without epps's grateful-comforting. cocoa the most nutritious and economical. a principle at stake. the interests of the teachers as a whole and of the ratepayers had to b
cocoa,1900,0,3009,1246,5.3848,True,"cocoa mev. a kva/st- rimper. another leg saved. :,..... hlnds wows on july 2, aw: •• i had a tn,y bad leg, rani me doctors 'aid int i • ,tte,itl la. my' le..."
cocoa,1900,0,3009,1247,5.3863,True,cocoa the beet form of cocoa for .very-day ttee. w disgraceful guardians _ scene. _ talk of sending for police. at a meeting of the blackburn rosrd of guar...
cocoa,1900,0,3009,1248,5.388,True,"gnomon surneramw e p ps's cocoa breakfast-supper. the kenilworth advertiser, saturday, september 29, 1900. ""i mean that cornelia wylie loves yon, my dear beloved mother ejected from..."
cocoa,1900,0,3009,1249,5.3881,True,"four cups of vi-00c3a eva day. twice each day mr. w. c. burrows, 518, princes-road stoke, staffs, takes two cups of vi-cocoa. ""and lam glad to do so, he says, for i do not suffer from the general lass"
cocoa,1900,0,3009,1250,5.3893,True,"epps's grateful-comforting. cocoa the most nutritious and economical. the benefits of science. the examiner, saturday, september 17, 1904 • pleasant paragratils education in warringto..."
cocoa,1900,0,3009,1252,5.3898,True,the most nutritioug. epps's grateful—comforting. cocoa breakfast—supper. the northern union. the league.--first division. runcorn v. w.a.rrington. the above match was played on the irwell lane en- clo
cocoa,1900,0,3009,1253,5.3912,True,"cocoa the) best forma of mom be •vort-ifor vim 411111:1 1* amt. pvabnimat raiment*, fie moth yid kb* lads tern* bib lip t• naos.' •etieetiog of the 118eite..."
cocoa,1900,0,3009,1255,5.3922,True,the most nutritious. epps's grateful-comforting. cocoa br-akfast and 5.1-per. me new recordeit of london: a meeting of the court of aldermen wm held on tuesday afternoon for the pcipose if electing a 
cocoa,1900,0,3009,1256,5.3925,True,"epps's grateful-comforting. cocoa breakfast and supper. mexican cure (a ua ha ,rseo) known as rev. joseph holmes. mexican prescrip- tion discovered in the hot table lands of old mexic..."
cocoa,1900,0,3009,1258,5.3946,True,"four cups of vi-cocoa each day. twice each day mr. w. c. burrows, 518, princes-road, stoke, staffs., takes two cups of vi-cocoa. ""and t am glad to do so,""he says,""for i do..."
cocoa,1900,0,3009,1259,5.3952,True,"cocoa invaluable to all. ""wouldn't be whom' it."" a chesterfield woman says mother seigel's syrup is the unfailing family medicine. ""for years now mother se..."
cocoa,1900,0,3009,1260,5.3959,True,"""i will have vi.cocoa."" your grocer and every oilier grocer, too, oan tell you of men and women itho week after week regularly use dr. tibbles' vi- cocoa, and who, to use ..."
cocoa,1900,0,3009,1262,5.3977,True,2°ll(ll.r'' ps 9 s gsatzf-%.r- cocoa the mos-- nutritious and ectincralcal
cocoa,1900,0,3009,1264,5.3999,True,the most nutritious. epps's grateful—comiorcing. cocoa ipper. idosmyst
cocoa,1900,0,3009,1265,5.4004,True,"cocoa breakfast- supper. qr 141113.7 corzicit all 013.7i'lz7tiona, and relieve prevalent with ae sex. boxi times the quantity). of all on rooeigt of 15 ora..."
cocoa,1900,0,3009,1267,5.4021,True,"...hmen. mr. h. j. wilson, m.p., and the brewers. fifty tuns in a mining the licensing bill. the best is always the cheapest. ---- • some reasons why vi-cocoa relie"
cocoa,1900,0,3009,1270,5.4064,True,"epps's grateful-comforting. cocoa the most nutritious and economical saturday, november 21, 1903. speak from his own experience of the value o f work of the nurses. he expressed the i..."
cocoa,1900,0,3009,1272,5.4076,True,"cocoa the best form of coooa for every-day use. through the home backs, which made their tackling look quite simple, placing the ball under the posts. this..."
cocoa,1900,0,3009,1273,5.4091,True,... the nicest and most nutritious beverage for the breattast table. it is made in • moment with boiling water or milt. and its sustaining qualities ire cocoa inviattoble 10 w. the co
cocoa,1900,0,3009,1276,5.4102,True,the' most nutritious epps's grkteful-comfcnting. cocoa scfast and s..:pper. new empire map. important to our readers. it has been suggested to us from many quarters to publinh an exact and clear map o
cocoa,1900,0,3009,1277,5.4102,True,"smon. cocoa utriment beef or ten of ordinary cocoa, and is utely free front chemicals. aids digestion, braces the nerves, invigorates the system. in tins, sn, 9n..."
cocoa,1900,0,3009,1278,5.4103,True,"-gr-ataful—comfiirtizkg, cocoa brookfast—supper. 401411141.1"
cocoa,1900,0,3009,1279,5.4103,True,"...--(-18,--a)rthyir fitzsimmons (bc and michael daly (17), boys belonging to man- chester and salford, were charged on remand with stealing a packet of cocoa, and also wi"
cocoa,1900,0,3009,1280,5.4111,True,"the most nutritioug. e p p s's gi'ateful—comforting. cocoa breakfast—supper. the great poisoning case. trial of chapman. three charges of murder. at the central criminal court, london, on monday befor"
cocoa,1900,0,3009,1282,5.4119,True,"yo'.. oi.onot possibly hom• a bouer cocoa than p s 98 c sc3s st ands very much higher c una or ton,"" dr. hassell lys, ""and contains wren' in- a; *..tlirnt necoscary to the growth ani r.l tsma..."
cocoa,1900,0,3009,1283,5.4128,True,"grateful—comturung. cocoa ur. william waldorf aoter giros o&m for rho 404•11,111. t of onlotom •a oedomod roloonofskip at usivenity mr. i.iiipit pa c=o cams at gas &am"
cocoa,1900,0,3009,1285,5.4133,True,"epps's grateful-comforting. cocoa breakrast and supper. linthwaite scrool board. the monthly meeting of this board was held on friday evening last in the new street school, millisbrid..."
cocoa,1900,0,3009,1290,5.4161,True,"1 9 .rowntrees elect cocoa _ makers to n.m. the kriel thos. nixon &sons', \\;lcker, sheffield. bargains jug forfeited pi x no. a. nicolug 13 g ,41rip1.11 itrea rast rubbodp. st..."
cocoa,1900,0,3009,1295,5.4216,True,"mazawattee cocoa and n.4.,uwmalwsys u-e it. it halt speonful gives twice as winch liquid 4i any ordinary emus. test this feet for your elf, and if you are not satisfi..."
cocoa,1900,0,3009,1297,5.4232,True,"~., ~. •,„ ......., ..., ._.. • .. .. ~.. :,,,,, .) •• `;,. ~!;"" -e, 1 øi ',... ~ .... -. "". •. .. '. .4e. .•14:1 ...'4o. 1,'•••• the best of all cocoas best for food value. the lancet says: “van hout"
cocoa,1900,0,3009,1300,5.4246,True,"vcfflauton:#l awt you will find it the most digestible, and the most delicious cocoa known. mr. mahinson next presented a handsome smoking cabinet to mr. gordon from the men's bible class, of which mr"
cocoa,1900,0,3009,1303,5.4273,True,"v 1, 1,,v to, .., • lii i, ,y 3 ~,c. co,o refined; stimulating, digestible. ""the standard of.hichest purity."" —the lancet. noc cadbury's cocoa: the great refresher all the year round, being at once a "
cocoa,1900,0,3009,1304,5.4298,True,"mai a oc.'""r. il dosser d co.'s, ltd. r,""=;:e, once used s ack s. ow as/ cheapest for potatoes. cow tc. ilmilw one: ell! oft casmon cocoa at 111/zakiiaiit will imp you wall fed lid contriod till lunch"
cocoa,1900,0,3009,1305,5.4306,True,"cocoa 1--........._,, --...., • 0441464440 ~... 46 ______._ breakfast- supper. ,i. instruments. 2,6 monthly. fins, banjoes mandolines, guitars, melo. deans..."
cocoa,1900,0,3009,1306,5.4316,True,"• c • you will find it the very cocoa you want. especially recommended for bad leo's, piles, iises, burns, and all wounds and beres. _ orm,zistoer,,,rnd °c3llloll7llit-tt4'°f j'it healing..."
cocoa,1900,0,3009,1309,5.4334,True,"cocoa a fragrant, delirious, and moat healthful beverage. uric acid. inmates only when they were in the last stage of consumption, and they could not be in..."
cocoa,1900,0,3009,1310,5.4341,True,"epps's cocoa invaluable to all. 1 lytham. the debt ou the new paul's choreh at falrhavert has been ',wooed to coss td. the •aadell inardale du mon become a popula..."
cocoa,1900,0,3009,1311,5.4347,True,"the most nutritious. eppg's grateful—comlorting. cocoa breakfast—supper. a o in an oval without lifting the pen from the paper? the task appears impossible, but if you read to the end of this article "
cocoa,1900,0,3009,1312,5.4355,True,"filyis pure concefftrated ,ga :m! 0 e asa s • cocoa smoke jack jones cigar 21) the finest 21) obtainable. pictures pictures pictures .i.iile .ni) '1e1...,1)1-nt. piiments at scupham's pict ure gallery"
cocoa,1900,0,3009,1313,5.4355,True,epps's grateful-comforting. cocoa breakfast and supper. i wesleyan foreign missions. meeting at union street. the future of china. on tuesday evening to annual meting in con- nection ...
cocoa,1900,0,3009,1315,5.4363,True,"e p hi-7g cocoa /sr irunkhot— aid dapper. iv lan's a.—tht moody woof= r•=••••1_ mr. t;rilma,•: th."":l4lllrat taw. ay mm. d amigo 40...tt:... t....•••••crei toi.idrat..."
cocoa,1900,0,3009,1317,5.438,True,"right side up, epps's cocoa science notes and gleanings. 4n antidoiii loft i,lltreffle acid. peroxide of hydrogen is now recommended as es antidote for prussic acid and cyanide ..."
cocoa,1900,0,3009,1319,5.4393,True,epps's grateful—com i:oftr mts. cocoa breakfast and suppea.
cocoa,1900,0,3009,1320,5.4407,True,"e p s 5 n, grateful-comforting. cocoa areakfast and supper. ""women's chat."" yet another crashing blow has fallen upon -ur beloved qdleen in the loss, of her second ecm' the duke of saxe- ..."
cocoa,1900,0,3009,1331,5.4494,True,"cocoa, chocolate, and quakers. a noteworthy feature of our present industrial life has been the rise and great commercial 61100.258 of many firms the found..."
cocoa,1900,0,3009,1332,5.4501,True,"c • coa the best form of cocoa for every-day use. instead of attending to his work on monday morning he was drinking, but in the afternoon he came to the yard. as he was drunk and ..."
cocoa,1900,0,3009,1333,5.4524,True,"cocoa a fragrant, delicious, and bealtkful beverage. fosten deadly disealt brandy for the din the position of public 44 in emercenciea• remarks by the boro..."
cocoa,1900,0,3009,1335,5.4553,True,"cocoa, chocolate, and quakers. a noteworthy feature of our present industrial life has been the rise and great commercial 61100.258 of many firms the found..."
cocoa,1900,0,3009,1336,5.4574,True,"epps's grateful-comforting. cocoa the most nutritious and economical. —.--.... _ _... „ ~•'.'. f • 1 • .... ..•' 1-... ......... +a ........ .. _. _ ..- ....... -....-....... • _ .., ..."
cocoa,1900,0,3009,1337,5.4586,True,"cocoa brealcfast—suppen ti lattst san itap ir• c ca; er y if wash er k.°--r- --•-•-....,....................._.: q-2- • ..s thf---- ----, safe washer"
cocoa,1900,0,3009,1339,5.4589,True,"cocoa the best form— of oooos for ovory-dsy uos mr. philip snowden and the nelson co-operative society. to the editor of the -chronicle."" sir,-1 abould est..."
cocoa,1900,0,3009,1340,5.4589,True,"man eau lilts 100 yeses soot tatter sheasing, 4441 bolter toed. keep prawn won afird dant aloe the hose soils& fire all ages mid eleameo. cocoa the 0. the ellesmere port and whitby bowling club played"
cocoa,1900,0,3009,1342,5.4594,True,"cocoa ~......-.-----__ is. ostrow rare of lb. ""wiser mresise is s s~el_sstrei mrs sr trsi.arrisl lim sr -• ring. i l s w- ar* re. carbest• i• tbs sew u.s.k..."
cocoa,1900,0,3009,1347,5.462,True,"cocoa jur.tly prized by blathers fee themselves and their children, mho ahem* it esderly."
cocoa,1900,0,3009,1348,5.462,True,"th. most nutritious. epps's cocoa it,. mpeetal out **osmium midi., eat in th. ampl zesteadtail of war oil approsiame aim assar in nam ami dale firm& monkey brand for kitchen tables so..."
cocoa,1900,0,3009,1349,5.4627,True,grateful-ccm forting. cocoa breakfast and bupper. gymnastic competition. huddersfield and district associa- semi-final round. milnsbridge v. kirkreaton. these teams met at the m...
cocoa,1900,0,3009,1351,5.4641,True,"cadbury's cocoa. absolutely pub.b—thereopore best. cadbury's cocoa is guaran- teed to be absolutely pare, and is therefore the beet cocoa. it is at once a refreshing..."
cocoa,1900,0,3009,1352,5.4672,True,"ce*pailiy's pure cocoa invigorating a sustaining. farm) _ ideg- a cc?' g 9,1 0.40! modern moderate 746 8 6 8 15 8 24 8 33 p.m. 8 50 8 55 97 9 16 938 q.p1d1.4 to mil i' late..."
cocoa,1900,0,3009,1353,5.4676,True,"epps's orateful-comfortiml cocoa for breakfast ans ruffin. correspondence. rent. water rent. ~n 1 rates. to the editor of the ""gazette."" sir,—my attention has been drawn to the fact ..."
cocoa,1900,0,3009,1356,5.4699,True,"""i really must use vi-docoa."" thousand-. of men and women, after reading the particulars publn,hed respecting the merits of dr. 'fibbles' vi-cocoa. have been induced to become regular drinkers of this"
cocoa,1900,0,3009,1357,5.4704,True,"epps's emnr,ul-oomro- ems cocoa ton will ibid is the tea coosa you 'want*"
cocoa,1900,0,3009,1359,5.4722,True,epps's grateful-comforti ng. cocoa horse show in dublin. brilliant gathering at thc opening. beautiful weather favoured the opening of the dublin horse show at ball's bridge on tuesday...
cocoa,1900,0,3009,1360,5.4731,True,"one cup u.,,,,, .11 i it, s cocoa digestible nutriment ?rib. beef in cups of any other cocoa. as supplied to the war offlae. j obtained employment as a carter for messrs. buckley and ..."
cocoa,1900,0,3009,1362,5.4734,True,"cocoa 10 times more nutritious than ordinary cocoa. delicious. digestible. in tine, 9d., 1/4, and 2/6 of all orocers,..6ores, etc. bees' tested seeds in pe..."
cocoa,1900,0,3009,1370,5.4775,True,"""i really must have vi-cocoa."" thousands of men and woman, after reading the particulars published respecting the merits of dr. tibbles' vi-cocoa, have been induced to become reg..."
cocoa,1900,0,3009,1372,5.4807,True,the most nutrmous. e p ps's grateful-comforting. cocoa independence day. inftendence day was celebrated in the urea manner throughout the united states. in paris that american residents met at a banqu
cocoa,1900,0,3009,1373,5.4809,True,"why don't you drink vi- cocoa ?"" e, pr, ivo,lng aurl mortuu ...""' l • ,:r ,!,..„,n......1..""..71h."",:.',7,1.3`.1' :7:3:71 ni.',4g :',.,6 iv:. ,- ...„,, ‘.... 1„,,,, c....ht;_t,,""...."
cocoa,1900,0,3009,1374,5.4815,True,epps's cocoa a delicious drink and a sustaining food. when once i heard that i was free my first thought wait that wo might he happy together. black as your strir...
cocoa,1900,0,3009,1376,5.4818,True,"to suit your taste. or, a war and maur drink, refit:dig sad stimulating. epps's cocoa essence ilelcaais—a—t airy—kir n the my."
cocoa,1900,0,3009,1377,5.4821,True,the most nutritious. epps's grateful—comi-o-rting. cocoa 13reakfas—t—sup—per. shocking tragedy at church. a woman starved 11) death. revolting re velations.
cocoa,1900,0,3009,1379,5.4829,True,"the most nutritious. epps's grateful—comtorting. cocoa breakfast—supper. • ,•, like it stab the back.. te back."" ""like a stab in ti have you had it? it's the kidneys cry twenty-four hours they put in "
cocoa,1900,0,3009,1380,5.4846,True,"e p p s's g ra teful—comforting. cocoa breakfast—supper. by the employment of certain nil lt,hentian 'eventor has tlivovered a meatt •,t tancelling •tamps much mere tptiekly thou it the pi..."
cocoa,1900,0,3009,1382,5.4849,True,"e 4 fal the best for ltuich. most beverages simply stimulate. van houten's cocoa not only stimu. lates and warms you, it supplies the nourishment, necessary for keeping body and mind in good condition"
cocoa,1900,0,3009,1384,5.4879,True,"cocoa a fragrant, delicious. sad moat healthful b. naslingden finances. ;.a 1 s: 112 s z- i 03;z. a ,`;'• x _ f. 47.4 2; z bahia, street im- trorensouts 59..."
cocoa,1900,0,3009,1385,5.4884,True,"the most nutritious epps's grateful-comforting. cocoa breakfast and supper. • golca.r. more bad lanoulum.--at the county police court, huddersfield, on tuesday morning, john thomas trainer, millhand, "
cocoa,1900,0,3009,1386,5.4891,True,"cocoa rt igc, vfief:11:;11 er 1 lobby. the excitenient in the lobby,. the position became apparent was inteat,i and many were the reproaches levelled '• th..."
cocoa,1900,0,3009,1388,5.49,True,"cocoa invaluable to all. ""wouldn't be without it."" a chesterfield woman says mother seigel's syrup is the unfaillng family medicine. ""for years now mother ..."
cocoa,1900,0,3009,1389,5.4902,True,"~., ~. •,„ ......., ..., ._.. • .. .. ~.. :,,,,, .) •• `;,. ~!;"" -e, 1 øi ',... ~ .... -. "". •. .. '. .4e. .•14:1 ...'4o. 1,'•••• the best of all cocoas best for food value. the lancet says: “van hout"
cocoa,1900,0,3009,1390,5.4908,True,"rsustaining qualities aro cocoa invaluable to all. [f you area factory worker. and are wishful of gdoin voar duty to yourself and your neighbours, near and distant, join the union t..."
cocoa,1900,0,3009,1391,5.4913,True,"cocoa 3 • • ~, ...-4-!,,,, "",,w '.:., mr.: --, -_ .._ .- 011111111111111111111 r --='l4llllliiiiiiiilllllllllllliiiiiiiiilltiliiiiillhlllllllllilliiiiiiiii..."
cocoa,1900,0,3009,1392,5.4914,True,"epps's grateful-comforting. cocoa breakr=ast and suppeii. printed and published by j. w. roberts, at hie general printing and publkhing office, bridge street, slaithwaite, yorke, frid..."
cocoa,1900,0,3009,1394,5.4915,True,"""i really must use vi-cocoa."" thousands of men and women, after reading the particulars published respecting the merits of dr- tibbles' vi-coooa, have been induced to become reg..."
cocoa,1900,0,3009,1395,5.4917,True,"epps's cocoa the most nutritious and nocoiomical photography. by veronica. (the wr,tar cf this column will he happy to reply to weenies on technical and bus- matt..."
cocoa,1900,0,3009,1397,5.4955,True,"..... • • '..'41 vp' .: % '-,`..4... g '• .. _ ""the standard of highest purity.""—tue l4ncet; free from kola, malt, hops, alkali, or any admixture. it is cocoa and the best cocoa onl"
cocoa,1900,0,3009,1400,5.4987,True,cocoa breakfast-supper. popular editions of c. p. brooks' books at popular prices. cotton. a new edition. price 79. gd. net. contains all in- formation tha...
cocoa,1900,0,3009,1402,5.5003,True,"epps's grateful—comforting. cocoa breakfast—supper. local share market from f w bentley k cu., llodatell,i: 1 ]-4 4., 0 ei 40 0 z r 1:1 g ei <1 2, compiny. slaithwaite oa: do slaithwa..."
cocoa,1900,0,3009,1403,5.5013,True,"no breakfast table complete without epps's grateful-comforting. cocoa the most nutritious and economical. „ _ the examiner, saturday, march 25, 1905. a principle at stake. the interests of the teacher"
cocoa,1900,0,3009,1404,5.5045,True,vw! most nutwmous comm. e pp s's 66666 ful-comfortins. cocoa wwi sreamfamit an s ibupp*ii. me slack bull—the haalingden bench on monday granted an application for the temporary tranafer of the licence
cocoa,1900,0,3009,1407,5.5076,True,the most nutritious. epps's bratattl-comfo-rting. cocoa breektast.—suppir. cloe of the mid doligito of the moat gime to the kirkham workbemo lamstor aortas their eotioo to blarepeol last slmmiar • md 
cocoa,1900,0,3009,1408,5.5112,True,"the most nutritious. e p ps's grateful—comforting. cocoa a soled .laly killer"" a • poet poona ww olio bad wee topopod gutsy lime oadi lobo bunted to in istboreito limit so •••••• bed wow retard as odo"
cocoa,1900,0,3009,1409,5.5116,True,"...t 1 ~.,,,, '‘,.....4- ./.,,rai it; • 411, ''*:„.47 k lia, ,2. •,,:. a 15450334, pure riit....„ •4...;.,...- ..;,,,oc,, tst;: f,. 4,k sziu!ziie and no cocoa ia the world equals il for p1!,971tu,"
cocoa,1900,0,3009,1410,5.5119,True,"...r the auspices of the educational department of the warrington co-operative society a lantern lecture on"" the cultivation and manu- facture of c.w.s. cocoas"" was giv"
cocoa,1900,0,3009,1411,5.5121,True,epps's grateful-.comfort incr. cocoa for !breakfast and supper. • • ••• no. • • • • • •• :1. al • si • 1 • 1 • 1 • •••
cocoa,1900,0,3009,1412,5.5132,True,the most su tri tious. epps's grateful. cocoa lirlarfast- supper
cocoa,1900,0,3009,1414,5.5157,True,...the nicest ai.d most nutritious beverage for the breakfast table. it is made in a moment with boiling water or milk. and ito sustaining qualities ars cocoa invalusble tn a
cocoa,1900,0,3009,1415,5.5165,True,"...report from grange-road.— mrs e. thompson, 99, grange-road w., middlesbrough. writing on the 7th october, 1909, says:- -"" i have used dr. tibblee vi- cocoa for the last ten m"
cocoa,1900,0,3009,1416,5.5166,True,"1-77-i, i cocoa ...,...i,• 4 na l.. _•.:, a., f '- • ..: -4 .«,ii /' • :”....tu: 4,1 • i t.n.: iza, k ..,;;,, atiariba ~ t public notices. to bs let. ihot water inst..."
cocoa,1900,0,3009,1417,5.518,True,"cocoa. the dutch have always been famed as manufacturers of cocoa preparations, and in those islands of the west indies which belong to holland the cocoa b..."
cocoa,1900,0,3009,1420,5.5186,True,"one cup cocoa ea de's pills. eade's eade's eade's lad e's eade's pills all who suffer from gout. or rheum*, tisin should immediately have recourse pills to bade's ..."
cocoa,1900,0,3009,1421,5.5196,True,"ep ps's grateful-comforting. cocoa a reakfast--supper, hallenge sale c women's chat. a warrington woman's shocking death. husnand arrested on suspicion. alleged lamp-throwing. at the w..."
cocoa,1900,0,3009,1423,5.52,True,"rasumutet. • g ag4i: cocoa at,,47.c to measure, 211. to 50."
cocoa,1900,0,3009,1424,5.5207,True,"v 1, 1,,v to, .., • lii i, ,y 3 ~,c. co,o refined; stimulating, digestible. ""the standard of.hichest purity."" —the lancet. noc cadbury's cocoa: the great refresher all the year round, being at once a "
cocoa,1900,0,3009,1430,5.5262,True,"cocoa teams for 111,3101t1tow. tire ftliowing play.trs have been ael,dol to represeat laitnatcr in their leigne match with elverston to-morrow at elvrrston..."
cocoa,1900,0,3009,1431,5.5266,True,the most nutritious. ep p s's grateful—com.urting. cocoa !t-supper.
cocoa,1900,0,3009,1433,5.5284,True,"1•,,i"". 15103 t nutritious. epps's ting. cocoa it& 411 a' all' ibe ""forwards.- ea lra bgbg, cbrome, sill paetlse, below by... od."
cocoa,1900,0,3009,1435,5.5284,True,"epps's cocoa li, views of the weekly press. the nation's mandate. the position of the government has, we are glad to say, greatly improved during the past week, r..."
cocoa,1900,0,3009,1438,5.5293,True,"cocoa the hest suited for all ages and classes. (john knight, estd. 18)7.) made for nearly a century in the good old-fashioned way at the royal primrose so..."
cocoa,1900,0,3009,1440,5.5297,True,"unable to help herself. ____ the most nutritious. epps's grateful con!forting. cocoa breakfast and supi er. tea table talk. br madol"" the new royal yacht is not an comfortable a sea boat as the out vi"
cocoa,1900,0,3009,1441,5.5329,True,"cocoa with wonder gent's &ali silver 'atch, watch 6/11 lady's silver watch, a, opal dialai i 'solid silver alberts, 311 afinnon. lady's silver alberts, vii..."
cocoa,1900,0,3009,1444,5.5349,True,cocoa the best form a moos dor every-day um. chapter xix an inquisition. jordison heard the crash of breaking doors as he slid swiftly down the ladder to t...
cocoa,1900,0,3009,1445,5.5355,True,"cocoa it contains information which idarriod woman shoulit kliow, sad it read. to hr simt poet free, in envelope, for postal __...r.. iea if yi. s—c s-- t...."
cocoa,1900,0,3009,1446,5.5358,True,"0 .94, ~f,72z* 6.41 .-kfi • `•zi,ii. (1,,,,ai r erm ""yie!ds it maximum pro- portion ofthe valuable food cottituent 3of the cocoa bean.""—tlle lancet. exeeis in all the charac- teristics which elevas co"
cocoa,1900,0,3009,1447,5.5361,True,epps's grateful-comforting. cocoa eirsakfast and supper. the king. reception of loyal addresses. on wednesday the king attended at st. james's palace to receive loyal addresses from a...
cocoa,1900,0,3009,1449,5.5379,True,epps's cocoa dreakfaot and suppir. the war. our daily summary. monday. reported ann ex ation lf twe transv aal bolllti diamora used. a ntw3 agency reports that ox...
cocoa,1900,0,3009,1450,5.5381,True,"akw-gpm s.•a lgll'lb, a a r,) 3 cocoa v 9 l bemuse it is a perfect natural 4 n i food of absolute purity, and 1-1 ministers to the physical ~,!,3 1-zu.irements of the young in an eminent ..."
cocoa,1900,0,3009,1451,5.5387,True,"t 9, 1005, tor _summer brealciasts -supper rowntrees elect cocoa il.pander. the poach prewi-- a token= to lor4 una-- the china at the pr the rooeption of the no,'• .11•01- i satisfaction in all klwds "
cocoa,1900,0,3009,1452,5.5391,True,"the most nutritious. epps's grateful—comforting. cocoa card room operatives' association mr. a. eidsforth, secretary of the north-east lancashire cardroom operatives.' association, has ismed the follo"
cocoa,1900,0,3009,1453,5.5396,True,"~., ~. •,„ ......., ..., ._.. • .. .. ~.. :,,,,, .) •• `;,. ~!;"" -e, 1 øi ',... ~ .... -. "". •. .. '. .4e. .•14:1 ...'4o. 1,'•••• the best of all cocoas best for food value. the lancet says: “van hout"
cocoa,1900,0,3009,1454,5.5397,True,"4 v the best form of cocoa for every-day use. veal covernment rf,f3rm. the duties of the citizen. frill mal of a league. on s tturday afternoon. in the manchester ant exehance,..."
cocoa,1900,0,3009,1455,5.54,True,"cocoa 4.4(r st- supper. towle.spe7nr,p,,,_\:,%llills. 10' lim,lc _1 i quit cozalior mi. 11111:wal.a1nmrs, baxoti all ob.thrmow, oss4 paling the (kstreoeiss..."
cocoa,1900,0,3009,1456,5.5408,True,"f)ueips of vi-cocoa each day. twice each day 31r. w. c. barrows, 31r, princes-road, stoke, staffs., takes two cups of vi-cocoa. ""and i am glad to do so,"" he says, ""for i..."
cocoa,1900,0,3009,1457,5.5408,True,"epps's cocoa wll6 =nm laver mir. poulton. ra maa- r; la alftlasdijatar; amaled ai ad k rvaltma kr jomos sou.—a problo sole le io tato ow on widow.lay wed ?bored*,..."
cocoa,1900,0,3009,1458,5.5427,True,"the most nutp.itious. e f- ps's grateful-comfortng. cocoa breakfast-supper- is a faithful servant, but a bad one is worse than none at all. if there is anything worse than a watch that gains time it i"
cocoa,1900,0,3009,1459,5.5436,True,"the most nutritious epps's cocoa lireasfast and iiijppii/l ald•rman be!i blatnilpwtly r!!..rk.d that .b. rould aot understand w y th. cooto,. should he toasted at a meeting of that s..."
cocoa,1900,0,3009,1461,5.5448,True,tains its leading position se cocoa the best form of cocoa for every-day use. how the fire was extinguished. yellow hammer stood alone at the foot of the old tower. it was quite dark ka...
cocoa,1900,0,3009,1463,5.5456,True,"epps's grateful-comforting. cocoa the most nutritious and economical. the examiner, .saturday,vember 19, 1904. assure them that yorkshire were trying to follow their example. (cheers...."
cocoa,1900,0,3009,1465,5.5465,True,"cocoa breakfast—supper. the sunday corner. in one of his ""letters on life ""claudius clear • discusses whether or not pain is really antagonistic to happine..."
cocoa,1900,0,3009,1471,5.5496,True,the most nutritious. epps's grateful—comforting. cocoa breakfast—supper. the diocese of ripon. church building and education. the annual meeting of the church building and education societies of the d
cocoa,1900,0,3009,1474,5.5516,True,"cocoa oreakfast-suppm smart captu re. on monday, the richmond police were .aequaanted of a robbery which was coiui. mitred at the house of thomas fawcett, ..."
cocoa,1900,0,3009,1475,5.552,True,"cocoa breakfast—supper. woman fr • unp ?lino p rim/ 0 towle sp e nknsytreoeytal mrllb for females. oos-lag rom., ala. look.otmweirmo, asid/cs all aiii/ swa..."
cocoa,1900,0,3009,1478,5.5521,True,"why do the public buy vi- cocoa p k 00. orii:7l.;;nkmit al malt 11 dr- therel.ay. ozy""2 ~. r fowl. i'llo=4l7urryple; 1:-.1ts :oral 1,,.4 vi-oonms ma aw peraaft,t i limo a duly. have..."
cocoa,1900,0,3009,1479,5.5544,True,"~., ~. •,„ ......., ..., ._.. • .. .. ~.. :,,,,, .) •• `;,. ~!;"" -e, 1 øi ',... ~ .... -. "". •. .. '. .4e. .•14:1 ...'4o. 1,'•••• the best of all cocoas best for food value. the lancet says: “van hout"
cocoa,1900,0,3009,1480,5.5546,True,umw not siam &mom mazawattee cocoa or of g• ••••• ••• weitory mik vor inners and daughter di 11 \dams dos& ow rmadtably /whims dew !--ied la 400 'wu *di. bd awed away dd.& me aar. d •f...
cocoa,1900,0,3009,1482,5.557,True,".::::iii,,tif "".;:=ll i,0ffe1ra,,,..11 ro.;:o, ~i 4 icr ,-ty t3::',l c a 144 ~,,-;:1,:tvt,44 i 5 notequalled„: in-:quality by any__ other ""i'cocoa wiiatsoever ct !s not as so many ordinary cocoas are."
cocoa,1900,0,3009,1484,5.5582,True,"tie yost summon. epps's cocoa oinakfast- wpm the camar•wah• p. 11.. comm m. as il•rolay &dared ilati•eds • rretal police district. thu grin throw lb* eept of osietaisig erase, tb•..."
cocoa,1900,0,3009,1485,5.5584,True,"rvx. fm 1 (z, '1,3 av g q. l'ft),3a contains no added starch, alkalies, or colouring matter, which are often used to disguise poor and inferior cocoas. it is entirely free from all foreign substances,"
cocoa,1900,0,3009,1488,5.5592,True,cocoa po mo famo et oeus ter overydav ums. short story. a puff of 8110z11. tire vas to be a «arde a lin polom's wa we& len. valencia. iv it midogilmall. in...
cocoa,1900,0,3009,1489,5.5618,True,"cocoa von siulaxfast amid wpm& dr- as carda, in groat varitty, at the •••1 garrto offtoo, abbey btreet, accrington. church 840swaldtwistle."
cocoa,1900,0,3009,1490,5.5626,True,cocoa fa. rut an7as et oisi-im .the vidar_tlisa mss mid mr. aptitd lidas vidaelsony tor vadalsy_dhadow marais. st mc p. wriirsno avoa iliyidd bettor it wid...
cocoa,1900,0,3009,1492,5.5633,True,"the most nutritious. epps's gr..._cdom,orting. cocoa ilackyoul folios ouurt. monday.- bofors mow. irk tho i alum). h. 1. wile.. a. h. den. was. a. p. firtll. 01611 j. oardwell. _ a mummer ilrana.—jaar"
cocoa,1900,0,3009,1493,5.5645,True,"epps's grateful-comforting. cocoa the most nutritious and economical. „ evans mr. plinston mr. may in regard to the estimates, very great cars had bees exercised in their preparation...."
cocoa,1900,0,3009,1494,5.5647,True,"four cups of vi-cocoa each day. twice itach day mr. w. c. burrows, 118, princes- road, stoke, staffs., takes two caps of vi-cocoa. ""and i am glad to do so,"" he says, **for..."
cocoa,1900,0,3009,1495,5.5658,True,"epps's grateful-comfortino, cocoa f.. tteaxfast aim supper. hand of hopi union.—the annual meetings of the llaslingden band of hope union were held in the wesleyan school. hehnshore. ..."
cocoa,1900,0,3009,1496,5.5663,True,e s gr4teful-comforting. cocoa r.)rv itfast and supper. american orphan asyitim destroyed. twenty-eight children burnt to death. at one o'clock on tuesday morning a fire broke out ...
cocoa,1900,0,3009,1497,5.568,True,"epps's grateful-comforting. cocoa the most nutritious and economical. football. the appearance of that unique little ""idiary and f.lom- panion issued by geo. g. bussey ?it co.. for th..."
cocoa,1900,0,3009,1498,5.5681,True,"epps's grateful—comforting. cocoa breakfast—supper. mack, naa evictently been pnrcnasea at a hand establishment establishment and were both frayed and musty as well as badly fitting, ..."
cocoa,1900,0,3009,1501,5.5703,True,"""i will have vi-cocoa."" your grocer and every other groeer, tot, can tell you of men and women who week after week regularly use dr. tibbles vi- coooa, and who, to use a c..."
cocoa,1900,0,3009,1502,5.5713,True,"r • p qeateful-comforting. cocoa • 3 r eakfast,suppefl. new novels, macmillan and co.—there is a fascinating freshness in miss una l silberrats new novel, ""princess puck,"" (pp 410 65..."
cocoa,1900,0,3009,1503,5.5719,True,linie nistryttowl e p p sps gratem—coidropmma. cocoa breakfast-supper. onions fielseted english 2/6 wad was) hen hsaludid. max l ceseisdiebatkels. cambs. 4/6a pair op ll3urf sbeillebt meek solid silve
cocoa,1900,0,3009,1504,5.5724,True,"to suit your taste. or, a lighter and thinner drink, refreshing and stimulating. eppws cocoa i essence welcome at airy boar it the day. er to tri tt"
cocoa,1900,0,3009,1507,5.576,True,"medical herbalist & tumour speciall9t. newport=road, middlesbro'. grateful-comfortm:g. cocoa breakfast-suppe&"
cocoa,1900,0,3009,1508,5.5767,True,"epps's oratiful-oomfoirincl cocoa ton trill end it the vorl cows you want aisle have been appointed to direct the game. retiree, mr. c. taylor,. linesruen, mawr.. 3. f. °maio and c. e..."
cocoa,1900,0,3009,1509,5.5771,True,"tnr innit nutritious. epps's grateful-comforting. cocoa anq christmas sentiments of charles dickens. its pleasant ass(wia t lon s. christmas time! that man must be a ores., throne indeed, in whose bre"
cocoa,1900,0,3009,1510,5.5772,True,epps's grateful—comforting. cocoa breakfast—supper. local itrade unionism. town council and municipal bowling greens. there was a good attendance of delegates at the monthly meeting o...
cocoa,1900,0,3009,1511,5.5785,True,"epps's cocoa assault on the police at north or si esb y. at a special sitting of the midellestrmigh vounty police cfoint held on mominy charles frederick smith, 7..."
cocoa,1900,0,3009,1513,5.5799,True,"cocoa mu) vim funs of dices siff imei-ass ass, mho preetett (limard) was the speaker, end jpesessiines wenn 001111fidlliwrialhd ralls mem whit& were ides r..."
cocoa,1900,0,3009,1514,5.5803,True,tici most nittintious. epps's gratiml-comfoiiting. cocoa breanrast and suppier
cocoa,1900,0,3009,1515,5.5809,True,"... that imparts mental and bodily vigour, and is comparatively easy of digestion, may be described as a ""pilot to health."" such a beverage is cadbury's cocoa. it is ""staying"
cocoa,1900,0,3009,1517,5.583,True,"mazawattee cocoa while for nourishing the system, and bracing it for exertion it possesses very exceptional qualifications."" gordon stable!, c.m., b.a. _ • • -1"
cocoa,1900,0,3009,1518,5.5835,True,"grateful-comforting. cocoa areakfast and supper. association football. warrington cup. semi-final. barnton united v. oughtringt )n park—at war rington, on saturday, before a mo..."
cocoa,1900,0,3009,1519,5.5839,True,"...street.—mr j. licluekie, union-street. middles- brough. writing on the 7th october, 1909, save:—"" i woo advised by a doctor to drink dr. tibloles' vi-cocoa some ten year"
cocoa,1900,0,3009,1522,5.5884,True,"the most nutritioug. epps's grateful—comforting. cocoa breakfast—supper. 15 buns for id. tou can make 15 large, light,d. kelwilolosars• buns from id. et tower bun f/our for a tot 4 coat it is se eite,"
cocoa,1900,0,3009,1523,5.589,True,_ eppsis grateful—comforting. cocoa a delicious drink and a sustaining food. i'he gazette saturday april si 1907 brindle had • glorious chance of opalising whit within a few yarda of go...
cocoa,1900,0,3009,1525,5.5909,True,"""i really must use vs-cocoa."" thousands of men and wollll.ll. after reading the particulars published respecting the merits of lir. tibblcs' vi-cocoa, have been induced to becom..."
cocoa,1900,0,3009,1526,5.5913,True,"grateful-comforting. cocoa breakmst and supper. printed and published by j. w. roberts, at his general printing and publishing office, bridge street, slaithwaite. yorke, fridlt..."
cocoa,1900,0,3009,1529,5.5924,True,cocoa breakfast—supper. tito lasko of orninarant wilt b ia oupththe nownsad al tth troope talon part la the oererthatha pronortkor with the coronation cai ...
cocoa,1900,0,3009,1531,5.5928,True,lits most nutritious. e p p s' s cocoa isom (late of ilas) i• to b••• • •maple •••••—• sift tram ti• we loom 111111100011.
cocoa,1900,0,3009,1532,5.5945,True,"cocoa the best form of cocoa for every-day use. worm fob ali,. we give a nickel-silver timekeeper and mexican silverine watch chain, with guarantee to keep..."
cocoa,1900,0,3009,1533,5.5952,True,"epps's grateful-comforting. cocoa the most nutritiona and economical intoleton. drew th., landlord's attention to them is i said, •• well, if you are drunk, chaps, you • grand concert..."
cocoa,1900,0,3009,1535,5.5954,True,"epps's grateful—comforting. cocoa breakfast—supper. tell your grocer: ""i want my money back,"" if you don't like fels-naptha soap; and you'll get it instantly. why should we pay him to..."
cocoa,1900,0,3009,1536,5.5956,True,epps's oratep'ul-60mfor1incl cocoa the yost ?lutaltiou4 aad naeaaagaah
cocoa,1900,0,3009,1537,5.5964,True,"the most nutritious. epps's grateful-comforting. cocoa lifiahlraer ano 641""4111 what the kirk- stone saw 1/4 ,°p.vng"". by halliwell sutcliffe, atit'tor of ""appipia iif discord,"" ""the eleventh commandm"
cocoa,1900,0,3009,1538,5.5965,True,the most nutritious. e p ps's gratf.ful-comforting. cocoa ireakfast-supper.
cocoa,1900,0,3009,1539,5.5968,True,"mazawattee cocoa it you still find too sty !fl yins a hall nitimity only is used in comparbon to other cycoas, a further reduction in thy quantity used is advisable. ..."
cocoa,1900,0,3009,1540,5.5974,True,"the most nutrit:ous. e p ps's grateful-comforting. cocoa rlakfast-s u p p eft, • .--. ~$--, among the 11u1101mists. helirt, jerry sot your atm fltt all fitted up ""nut quite. do roi know wlitre 1 cittl"
cocoa,1900,0,3009,1542,5.6022,True,"...le food, the nicest and most nutritious leverage for the breakfast table. /t in made in s moment with water or milk, and its auetaining qualities are cocoa invo"
cocoa,1900,0,3009,1543,5.6048,True,"cocoa areanfaer a,40 iikippf.r. to let, the combined a,bilita- and re- j.:curer* of the ""nelaco new and ,atenaire printing tv,.14,.= in bread street, nekon..."
cocoa,1900,0,3009,1545,5.6051,True,"the most nutritious. e ps's grateful-comforting. cocoa b reak fast-s u ppe r. buy your watches at taylor's/ watchmaker, jeweller, and silversmith, 14, market place, ripon, vrtablished 1966. establishe"
cocoa,1900,0,3009,1547,5.6083,True,"epps's cocoa oratriful and comforting. a delicious drink and a austninhig food. or, if a wirm thinker drink is preferred& the mot mihreshhag sad wannalsahlit"
cocoa,1900,0,3009,1548,5.6083,True,epps's cocoa essence welcome at say kit et the day. the monarchs of the snows. (by an occasional correspondent.' the annual death roll of mountaineers and tn. plo...
cocoa,1900,0,3009,1551,5.6102,True,the most nutritious. epps's gratefu:—comforting. cocoa break fast—supper.
cocoa,1900,0,3009,1552,5.6105,True,"r eisma rre a so wir. sc. led= lc. epps's gratatul—comtorting. cocoa braiest-supper• 711 bill of ill-hallow. a ?ale of tu colt,."
cocoa,1900,0,3009,1553,5.6113,True,epps's grateful-comforting. cocoa the most nutritious and economical. vice-president. mr. parker proposed mr. j. fuit-n.n smith as vice- president. he said that gentleman had been a v...
cocoa,1900,0,3009,1556,5.612,True,"the most nutritious. epps,s grat e fu l-c om forting. cocoa -,'at and supper ""yaps told nancy that i was to be ready ea. i morrow morning at nine o'clock, and that we were i all going to london. oh, i"
cocoa,1900,0,3009,1557,5.6123,True,"grateful- cocoa breakfast- surber floriline '—tor tumth mid breath tbormsoly mamma the arab from all vr.m.ne or &mamas., imams sla""rrarair""stol''"".tar v."".arel ...i ..."
cocoa,1900,0,3009,1558,5.6124,True,"cocoa breakfast-supper- pabl:ahed by jonv andrew, & 1, wlp•l7bll•sireet, cr°lo street, liancheater, for the ""cotton factory taw° company. primal bv trevie ..."
cocoa,1900,0,3009,1560,5.6155,True,"the most 4utpitioob. epps's gratf:roi-c• ,7•7•prvt... cocoa dll-akfas f and 6.ipper•"
cocoa,1900,0,3009,1561,5.6156,True,"cocoa the boat form of mmea for every-day use. manufactured iron and steel shtpmenth. the deliveries of manufactured iron and sttel last month reached 43,8..."
cocoa,1900,0,3009,1562,5.6178,True,14 a cup of van li°uten van houten's cocoa gives just the right kind of nourishment for building up active brains and strong muscles. cocoa you can enjoy. 'beautiful warrington.- a letter to t...
cocoa,1900,0,3009,1563,5.6185,True,e ps's .irateriii.-comforting. cocoa breakfast-supper. i wise and other* ise. trees grow out of doors and doors are made out of trees. a farmer works a miracle when he turns his horses t...
cocoa,1900,0,3009,1564,5.6186,True,"epps's grateful-comforting. cocoa the most nutritious tknd economical. football. the appearance of that unique little "";diary and com- panion issued by gbo. g. bussey co.. for the see..."
cocoa,1900,0,3009,1565,5.6191,True,"cocoa and chocolatez 1$ low hooomrs a middlesbre' alderman's failure, ""bad trade and bad health"" assigned as causes. robert burrows, oxley villa, ooatham, ..."
cocoa,1900,0,3009,1568,5.6213,True,"the mont inutiiitiouil epps's grateful-con forting. cocoa spienafait allo wpm% wwi wiiiiis flying column. a lancaster trooper's experienceti. lana-ter trooper in the welsh yeomanry (met), which ...ore"
cocoa,1900,0,3009,1569,5.6214,True,"again. anu again, and again. again we ask you to drink vi-cocos. dr. tibbles vi-cocoa is neither a melicins nor a mere thirst-assuager. it is a food at the same time that it is a beverage, and thus an"
cocoa,1900,0,3009,1572,5.6229,True,"...oak soriety the first annual fling .4 th‘• hearts • of oak darlington and diatrict medical. agency and association was held on salm; day at smedley s cocoa rooms, tufmeil. row, darlington.--"
cocoa,1900,0,3009,1573,5.6258,True,"mire concentrated p.*"". cocoa riv eeth! eetii ,• fr e e ii fuil sets from £1 to 1:10. single teeth from a bd. at rich a 11 hson's, 144. linthorpe-road. middlesbrough; end norton r..."
cocoa,1900,0,3009,1574,5.6273,True,"cocoa the best form of cocoa for every-day use. dacre banks. tragic deatii of a schoolniaster.-011 sim- i day morning, mr. farrington, schoolmaster, dacre ..."
cocoa,1900,0,3009,1575,5.6278,True,"cocoa brie kicmst -supreg. ti•e l4test so.iii:ary 015covery (.£co., 1, lmii srje t f: e, c' a i f. t•via. eift7ncated rivets (thomson's paten's)."
cocoa,1900,0,3009,1576,5.6288,True,grate ful-comfoirt i ko. cocoa if yr% arun le advent.* la aey wee ee hm. mom etnetekt le tin -nereid- neee. the rem et pebnefty et emend se ell adver there is or 'llaraid.- wien ts...
cocoa,1900,0,3009,1577,5.6297,True,"/barry's pure cocoa invigorating & sustaining. bosshart's hotel italy, (southoffranco. mentone. warmest and most protected position on the riviera mrs. bosshart is engli..."
cocoa,1900,0,3009,1580,5.6321,True,"cocoa moo boa tam at oesaa toramact-das am royal memory. lord roberts ant) the pensioner. lord roberts bag what is sometimes called a ""royal"" memory—the gi..."
cocoa,1900,0,3009,1582,5.6342,True,"northern rugby union. the county championship. the most nutritious. e ps's grateful--comforting. cocoa ,breakfast—su.pper. .„ „,.,„ a • ;.4 —, ~,a.t. .1,, 4, ~ .:_. •• ~, ~.,,,-. •,. ~ •,_..,c• :• ~ ~"
cocoa,1900,0,3009,1583,5.6356,True,"cocoa ointment; purest of emollients and greatest of skin cures. the most wonderful curatire of all time fori torturing, disfiguring humours. cuticura oint..."
cocoa,1900,0,3009,1584,5.6357,True,"vanoll4l* n •o pa _ no cocoa equals it. only one quality. best & goes farthest. for cuts, bruises, burns, scalds, scratches, sprains, strains, chafings, raw chapped hands, cold-s..."
cocoa,1900,0,3009,1586,5.6383,True,the cocoa boycott. firms not dealing in the slave -grown produce. with refrrehoe to the actimi taken by enoialr linos iii rtr4ard to the eueoa sbi%e trol ti la...
cocoa,1900,0,3009,1587,5.6387,True,"to cocoa d rinkers• liptons famous cocoa. awar.i) toe grand prize at tiie paris exhibition, 1900, strengthening, nourishing. invigorating. -------- liptons gr..."
cocoa,1900,0,3009,1588,5.6426,True,"why do the public buy vi-cocoa? do you know that your mental health depends very much on, your bodily health, and, therefore, on your food. thousands of people, who first tried vi-..."
cocoa,1900,0,3009,1589,5.6437,True,"?14s most nutritious cccoa. 7.7 tral t 4-451 grateful-comfortin3. cocoa for breakfast and supper. panic at a theatre. building partly destroyed by fire. during the performance of the drama ""serving th"
cocoa,1900,0,3009,1590,5.6442,True,"the most nutritious cocoa. epps's orateful-comfort !no. cocoa rumoured re-opening of sutton colliery. it is he fly reported that shottem cellery, which was stopped and diemant..."
cocoa,1900,0,3009,1591,5.6442,True,the most nutritious. epps's -grateful—comt—orting. cocoa reak ft et—supper.
cocoa,1900,0,3009,1593,5.6469,True,the most nutritious. ep ps's -grateful-coml-orting. cocoa break& st—supper.
cocoa,1900,0,3009,1594,5.6484,True,"a smoii cocoa striment to 4.8. beef or ten cups of cocoa and is absolutely free from. chemicals. agestion, braces the nerves, invigorates the system. in tins sd., ..."
cocoa,1900,0,3009,1595,5.6488,True,the most nutfiitio's epps's gra tt ful-com fort! ng. cocoa brl.;ifasr and sjpperi. notes from field & road (by '•pioneer.)
cocoa,1900,0,3009,1599,5.6498,True,"..... • • '..'41 vp' .: % '-,`..4... g '• .. _ ""the standard of highest purity.""—tue l4ncet; free from kola, malt, hops, alkali, or any admixture. it is cocoa and the best cocoa onl"
cocoa,1900,0,3009,1601,5.6509,True,strong children. children grow strong on cadbury's cocoa because it contains in a generous measure those food elements that are essential to health and good physical condition. it possesses the combin
cocoa,1900,0,3009,1603,5.6514,True,epps's oratifu4-00mfortif4(1. cocoa inie wet litttritiess sad noonimaila.
cocoa,1900,0,3009,1604,5.6519,True,"cocoa is a mart' taliabli loonrerate ter pt b°%b highly mundt-ions and absolutely pure, entirely tree nipm, dregs or any admixture. 0 0 0 a famous athlete ..."
cocoa,1900,0,3009,1607,5.6547,True,"a branch for colne. n""- ii 59 • •it• al= •., ft, ••'3, 05;:, -• ....,.:i.'' • s • ~• ire bury's cocoa is: liebig, says: von food, as wholesome as delicious, a beneficent restorer of exhausted ity must"
cocoa,1900,0,3009,1611,5.6576,True,houtens little miss muffit sits on a but does not eat curds and if for the wizer has grown since 'van houtcn's' she'd and now enjoys cocoa each ancl the horridest spider that sat down beside her could
cocoa,1900,0,3009,1614,5.6586,True,"how to apply fora pension. cocoa the circumstances attending the death of john clark t 72). labourer. sz. alhansen- street, hartlepool, forined the subject of coroner's inquiry at ha..."
cocoa,1900,0,3009,1615,5.6588,True,the most nutritious. epps's grasettil—conalorting. cocoa -.
cocoa,1900,0,3009,1618,5.6604,True,"your loving, jennie. the most nutritiou.7. ep sw's's fateful-comforting. _ cocoa 3reakea,st--supper. the examiner, friday, january 'ii 1901"
cocoa,1900,0,3009,1622,5.6651,True,epps's cocoa essence ifeleoi-ne at any hour of the day.
cocoa,1900,0,3009,1625,5.67,True,"cocoa sold by all grocers, in packets and tins. boon to fat people. a home remedy and the recipe. obstinate over-stoutness in such an unhealthy and humilia..."
cocoa,1900,0,3009,1626,5.67,True,"...at superiority as a highly nutritious food beverage, being delicious in taste, absolutely pure and the most economical withal. caclbury's is the best cocoa only, with the ge"
cocoa,1900,0,3009,1628,5.6703,True,"cocoa es boot twit of sown skswern4l.7 ink ur. • week ""%eh los been a premiss v•scridig kw one thin put. at the eini of next wadi tio bow. f. t aw.. the- p..."
cocoa,1900,0,3009,1629,5.6711,True,"eppss cocoa the best suited for all ages and clans& moms!. md ma mom lind on inoutoaol liebl.ma. solicit., v nnw n 0.,."
cocoa,1900,0,3009,1630,5.6719,True,"cocoa cricket brieflets. it hal. beam divided ea take a fifteenth plater a.ietralia tine month, and an invitation has been externied ii r. 11. sproaer. the..."
cocoa,1900,0,3009,1631,5.6727,True,"mazawattee cocoa while for nourishing the system, and tracing it for exertion it possesses very exceptional qualifications."" gordon stables, c.m., m.d., b.a."
cocoa,1900,0,3009,1634,5.6739,True,"~., ~. •,„ ......., ..., ._.. • .. .. ~.. :,,,,, .) •• `;,. ~!;"" -e, 1 øi ',... ~ .... -. "". •. .. '. .4e. .•14:1 ...'4o. 1,'•••• the best of all cocoas best for food value. the lancet says: “van hout"
cocoa,1900,0,3009,1635,5.674,True,cocoa breakfast—supper. thousands of textile and other machine workers are conetautly using the grip° strap paste. they say it is the best in the world for...
cocoa,1900,0,3009,1636,5.6753,True,grateful and cenfertiag. epps's cocoa i proofed tram the mott ...tatted oares 1 with tke s.teral sal remora& it is far and my tbe nett isoritim i beverage yee on wu. ep p-wg- gocoa fes br...
cocoa,1900,0,3009,1637,5.6756,True,"to suit your touts,. epps's cocoa essence wakens at any but et ike day."
cocoa,1900,0,3009,1638,5.677,True,"the most nutritious. epps's grateful-comforting. cocoa breakfast and s...pper. boer or briton?. mm. [all rights 111.,erved.1 )n, equal rights for all whites -4 tale of love and war in south _4 /pica. "
cocoa,1900,0,3009,1639,5.6771,True,".::::iii,,tif "".;:=ll i,0ffe1ra,,,..11 ro.;:o, ~i 4 icr ,-ty t3::',l c a 144 ~,,-;:1,:tvt,44 i 5 notequalled„: in-:quality by any__ other ""i'cocoa wiiatsoever ct !s not as so many ordinary cocoas are."
cocoa,1900,0,3009,1640,5.6789,True,"the most muntnnout epps's grats njl-c i,c,rti nu. cocoa breakfas r and supper."
cocoa,1900,0,3009,1643,5.681,True,the most nutritious. epps's grateful—comforting. cocoa breakfast—suppar. countries protection increaries the misery of mass of the population order to swell the fortunes of the few. in eery one of the
cocoa,1900,0,3009,1644,5.6819,True,"epps's grateful-comforting. cocoa the examiner, saturday, february 25, 1905. ,cii"
cocoa,1900,0,3009,1645,5.6826,True,"the most nutritious. epps's grataftal—comforting. cocoa breakfast—supper. d. om. 111.1.10rey.. member of he likarbera• owirerstio.. i 6•• b.f• mi•611 kr skein* le ow sae. of coroner toy nod city, to 1"
cocoa,1900,0,3009,1646,5.6855,True,"""nothing cheaper or better than vi-cocoa."" thcwand; of men and women pay thi, experi- ence has told them that a 6d. packet or 9d. cr is. 6d tin of dr. tibbles' vi-cocoa is the be..t value ir..."
cocoa,1900,0,3009,1647,5.6856,True,epps's gra teful—comtorting. cocoa _ areaideast—supper. ve2e632:01
cocoa,1900,0,3009,1648,5.6857,True,the most nutritious. e p ps's grateful-comforting. cocoa pals had
cocoa,1900,0,3009,1649,5.6857,True,"""i really must use vi-cocoa."" thousands of men and women, after reading the particulars published respecting the merits of dr. tibbles' vi-cocoa, have been induced to be- come r..."
cocoa,1900,0,3009,1650,5.6859,True,"epps's grateful-comfortinti. cocoa breakfav and !supper i.iazaar programmes tastefully printed and artistically illustrated at the ""chronicle.' printing works, broad- st met, nelson."
cocoa,1900,0,3009,1651,5.6861,True,to r b ka4irel your :mt i &i r epps's cocoa essence ireimtist say—mir it tm my.
cocoa,1900,0,3009,1653,5.6868,True,"epps's grateful-comforting. cocoa you will find it the very cocoa you want. monsty agreed to in• defendant in each case. in all ,gg after this decision davies gm were charged with aid..."
cocoa,1900,0,3009,1654,5.6872,True,"~., ~. •,„ ......., ..., ._.. • .. .. ~.. :,,,,, .) •• `;,. ~!;"" -e, 1 øi ',... ~ .... -. "". •. .. '. .4e. .•14:1 ...'4o. 1,'•••• the best of all cocoas best for food value. the lancet says: “van hout"
cocoa,1900,0,3009,1655,5.6875,True,"nutsitioos e ‘fa%-in't4""""i. t • s n-vji gra'. r ""ni cocoa breai,.fai and sjpper. 11 notes from field & roau (by ""pioneer."") • ancient halls.—an intereeting lec- ture was given in the co-operative asse"
cocoa,1900,0,3009,1656,5.6896,True,"...r the auspices of the educational department of the warrington co-operative society a lantern lecture on"" the cultivation and manu- facture of c.w.s.scocoas was giv"
cocoa,1900,0,3009,1657,5.6913,True,grateful-comforting. cocoa areakfast and supper. • .` • • • -.. • '44(o)sg*:
cocoa,1900,0,3009,1658,5.6921,True,"1 * /,‘,...,,,,,.: ':‘ ~,,,,,:‘lr.:e'l-'' '4 '1**,3,1):: aik --od, h iiih est in quail ity., 4 < cocoa 4',, low's.* in price. :,:::',•;: ',- • ____ women's chat. a soft point in america..—an indian pr"
cocoa,1900,0,3009,1659,5.6935,True,"t. .ult your tast, epps's cocoa essence ifilesios 0 say mir ef tie day."
cocoa,1900,0,3009,1660,5.6953,True,"or, if a ucisitil tema buns is misperred4 the ""meet reboiling eel ellemleilme epps's cocoa essence improved wakens at ally boor of ilia day."
cocoa,1900,0,3009,1661,5.6957,True,eppws grateful—comforting. cocoa a delicious drink and a sustaining food. a in -1% rat_ with you 411.' it isn't wise to go away fo; a holilay without zam-ftuk. many a mishap might ma...
cocoa,1900,0,3009,1662,5.696,True,"four cups of vi-cocoa each day. twice each day mr. w. c. burrows, 51s, princes-road, stoke, staffs., takes two cups of vi-cocoa. ""and i am glad to do so,"" he says, for i d..."
cocoa,1900,0,3009,1664,5.6971,True,"epps's grateful—comforting. cocoa breakfast—supper. -, results at a glance. football notes. league—first division. blaekhurit rovers, 2; sheffield wednesday, 1. nottingham foreet, 0; ..."
cocoa,1900,0,3009,1665,5.6984,True,"...r the auspices of the educational department of the warrington co-operative society a lantern lecture on"" the cultivation and manu- facture of c.w.s. cocoas"" was gi"
cocoa,1900,0,3009,1668,5.7016,True,"ti 47. most nutrittous cocoa. s's grateful-comforting. cocoa %ir breakfast /ow gtoppf.il north.country news. a roreiving order has been made against the setate of james thome, sh..."
cocoa,1900,0,3009,1670,5.7029,True,"epps's grateful—comforting. cocoa ,breakfast—supper. councillor bennett and the suggested service to padga.te bridge. a meeting of the tramways committee was held on september 10:th, ..."
cocoa,1900,0,3009,1671,5.7035,True,"cocoa colored silks, worth is. 81d. to is. 111 d. rich broche silks, 2s. 6d. wort 3s. ild. to 4s. lid. dress skirts, worth 6s. lid. to 9s. lid. under skirt..."
cocoa,1900,0,3009,1672,5.704,True,"_..,_. four cups of vi-cocoa each day. twice each day mr. w. c. burrows, 518, princes-road, stoke, staffs., takes two cups of vi-cocoa. ""and i am glad to do so,""he says,""for i do..."
cocoa,1900,0,3009,1673,5.7043,True,suchard no two makes of cocoa are alike the best is suchard's. try it and you will know. cocoa &como/ay—one pons 4 d ledurto cm yields 0 am sop at delionno lornem. flio tins ai& 1...
cocoa,1900,0,3009,1674,5.7051,True,"a word there is little to choose between cadbury's a- solutely pure cocoa essence and milk, so closely allied are they in composition. cadbury's cocoa is highly nourishing, and as a daily beverage for"
cocoa,1900,0,3009,1675,5.7064,True,"epps's grateful-comforting. cocoa breakast *nd supper. friday, v.:ceiii tier 6 a policy of progr reflecting upon the best :• • eating to the reader those questi nhieli wu conceive to ..."
cocoa,1900,0,3009,1676,5.7071,True,ile nov nutmitious. epps's gratepj! cocoa breakfast and supper.
cocoa,1900,0,3009,1677,5.7072,True,"cocoa rmeßraity tom. the mark of the standard! mr,al77, that lrhich ensures your getting scott's emulsion is this .trademark. if the fisherman is oa packag..."
cocoa,1900,0,3009,1680,5.7074,True,epps's grateful—com forte nta. cocoa sreaji.fas r and supper.
cocoa,1900,0,3009,1681,5.7075,True,strong children. children grow strong on cadbury's cocoa because it contains in a generous measure those food elements that are essential to health and good physical condition. it possesses the combin
cocoa,1900,0,3009,1682,5.7082,True,"""plasmon i the food value eiton."" lariat giktlt cocoa 10 times more nutritious than ordinary cocoa. delicious. digestible. in tins, 9d.. i/4, and 2/6 of all (husrs,mon4, sic. rees ltd, 11, wapping bui"
cocoa,1900,0,3009,1683,5.709,True,epps's cocoa is a valuable article of disk fuod should be la ovary beam bernd with a trint of peat. ho bad b. about ten =unto. when he tot h. pa. ith ea.. and whi...
cocoa,1900,0,3009,1684,5.7099,True,"n t it -,,. ,v7p,, •9 i .„.....„, ..... ~,, cocoa children never tire of its exquisite natural flavour and it is as healthful as it is delicious. 'arthest. woman's realm. dress-fashion-home. adaptabi..."
cocoa,1900,0,3009,1685,5.7102,True,"epps's grateful—comforting. cocoa the education bill mr. helme, m.p., at great eccleston. tei education qiiietion. a harmonious system wanted. yr. n. w. }feline, m.p., concluded his s..."
cocoa,1900,0,3009,1686,5.7114,True,"-74itika- on tummy& ep psis grateful-comfortog. cocoa makfast-supper. answers to correspondents. ""y. p."" and ""miss r.""—replied to by post. inquiries concerning appliances illustrated or referred to in"
cocoa,1900,0,3009,1687,5.7116,True,"gvateful—comforting. cocoa is tobacco smoking injuriojs this is a question frequently asked, and the answer sometimes given hy persons who never have smoked or do not understan..."
cocoa,1900,0,3009,1690,5.7143,True,"tn( most nutritious. epps's onatiiiil-00611,01171006. cocoa liikakfast-suppu am, er c•artsrtr.• --mirror =rare -re--*wire. awl rett are rah, rarteller ••••••••. • rotor learn .4th.. hoar that = or orr"
cocoa,1900,0,3009,1691,5.7148,True,"rin i r, cocoa vor"", it forms a welcome delicacy for the morning and evening meal. a fragrant, delicious, and most healthful beverage. as a food for quite young chi..."
cocoa,1900,0,3009,1692,5.7149,True,epps's cocoa essence welcome at any boor 0 the du.
cocoa,1900,0,3009,1693,5.7152,True,"e pp s's cocoa liriakfaiit- suppsii to boom= ms, toovoszoos. ors orosoc—pyrolloo. • cootniot and cord ciro ipnco 10 at tlio nomad"" 05... ns- fraoi. 'scholia. if air..."
cocoa,1900,0,3009,1694,5.7176,True,'lasmon cocoa zest imam drlak—lles-ilestlid. all armies mg orsomil. tha tea good tea strengthens tired limbs and gives the weary workei rest. but mind you get broo...
cocoa,1900,0,3009,1695,5.7182,True,"p/*1 f. •:"".' -. r4*- hi rll ii v, 4, for summer and winter and all the year round. n.b. cocoas treated with alkali and chemicals have a medicinal scent when the tin or packet is cirst opened and will"
cocoa,1900,0,3009,1699,5.7203,True,"...e that imparts mental and bodily vigour, and is comparatively easy of digestion, may be described as a pilot to health."" such a beverage is cadbury's cocoa. it is staying a"
cocoa,1900,0,3009,1700,5.7209,True,f p !nilo grateful-comforting. cocoa breakfast-supper. cricket. serretarira would al4o obl;je by .00liog wr bowling awdyhis and cle.4criptions of matches suit- able for crlcket now. colu...
cocoa,1900,0,3009,1701,5.723,True,epps's opatarul-oositroßtnls. cocoa tm mort natation an lintomatal
cocoa,1900,0,3009,1703,5.7255,True,"cocoa the most nutritious tad moonomicat birkenhead news cheap prepaid advertisements of the f3llowinci classes houses to ri lit, apartments wanted, houses..."
cocoa,1900,0,3009,1704,5.7291,True,"cocoa the boat form of cocoa for ovorr-day u.s. betrayed by writing. i great agitator dead. accrington lads- in trouble. owed £600,000 to the i serious cha..."
cocoa,1900,0,3009,1705,5.7295,True,cocoa breakfast and supper. [pcblisned by special arrange/mtt.i cornelius with lowered head. end in a moment both bed di%appeared.ovrr. the edge of the pre...
cocoa,1900,0,3009,1706,5.7296,True,"epps's grateful-comforting. cocoa breakfast and supper. in millihery the fiat hot is a firm fsacurite, sad appears likely to remain so. mark twain new work will be demble-barrell.l de..."
cocoa,1900,0,3009,1707,5.7299,True,epps's gratuul-oomroomsea. cocoa tin nast nati sad neatead _ _ dow? 1.0011 old. wits obsesses yews /1n... bombs s do wit lockterd bulp1(011 iaii misstohilil oboe asylums is be idris ...
cocoa,1900,0,3009,1709,5.7309,True,"grateful-com fortmg. cocoa kircatcfp.f, an: tijpfel schools table. p. w. l. d. pur. boys' nato:just ll .. 9 .. 0 .. 2 .. 20 bowerham s. luke s 8 6 0 2 .14 s. thomas' c. church ..."
cocoa,1900,0,3009,1711,5.7311,True,"cocoa rreakfast and suppe i d:cpfase in tee army. loid cecil manners, • con of the duke of rutland and the rely alerted member for one of the leicestershir..."
cocoa,1900,0,3009,1713,5.7313,True,"mazawattee cocoa a tre• tin will be sent you on application to mmes. wane', loam. i salk. sy auction ertazusa's, -mo. smith & sons, auctioneers, valuers, aim estate a..."
cocoa,1900,0,3009,1714,5.7331,True,"the. most nutritious. epps's grate ful—coml orting. cocoa breakfast—supper. agriculture. the price of grain. the average weekly price of wheat on novem- ber ist was only e.'s. per quarter, the lowest "
cocoa,1900,0,3009,1715,5.7342,True,epps's cocoa sitimlfmit-swmm as admlliorat m tibe ma* well hi& wt. 111. pedant/ pm is mot aisand imo say sari isserled is the wank* mba -inure 4146. mt kr kid vim...
cocoa,1900,0,3009,1716,5.7343,True,"cocoa 3 • • ~, ...-4-!,,,, "",,w '.:., mr.: --, -_ .._ .- 011111111111111111111 r --='l4llllliiiiiiiilllllllllllliiiiiiiiilltiliiiiillhlllllllllilliiiiiiiii..."
cocoa,1900,0,3009,1717,5.7366,True,the full value is in the cocoa compulsory military training. national service league meeting at warrington. the compulsory military training proposals of the national service leagu...
cocoa,1900,0,3009,1718,5.7367,True,"hiohest honours! illth si su- shar cocoa cock-crowing contest. little bantam beats all his rivals, the paris correepondent of the ""daily expresa eays:—untasual intereet marked the opening of..."
cocoa,1900,0,3009,1719,5.7375,True,4114. cocoa the best suited for all ages and classes. suffe ping women.' thousands of women in england to-day are going through unnecessary suffering caused by t...
cocoa,1900,0,3009,1720,5.7389,True,"tits most nutritious. e p p s' s gratipftd—comiorting. cocoa to plant mn elam countut. as •••••hoott•• ..titled 'pm* 111ora ()sentry lbw neat*, ent.477 an th• molt of • orating ran 'moray prara tbe pr"
cocoa,1900,0,3009,1722,5.7405,True,"epps's grateful—comforting. cocoa breakfast—supper. the late dr. parker. a tribute from the rev. john yonge. the rev john yonge, writing in this month's wycliffe church record says it..."
cocoa,1900,0,3009,1724,5.7408,True,epps's cocoa you twurand it the verroocos you4-want..
cocoa,1900,0,3009,1725,5.7408,True,epps's grateful-comforting. cocoa the most nutritious and economical ranbrottom 2nd v. church 2nd. (lanfl.liro junior league.) t rap4.ltom. scone church 2n.d.—.1. durlrworth b btu-wic...
cocoa,1900,0,3009,1730,5.7433,True,epps's grateful-comforting. cocoa _ breakfast and supper.
cocoa,1900,0,3009,1732,5.7435,True,"the most nutritious. epps's grateful—contorting. cocoa break fast—su p per. local football. saturday's mat ilei4 sumjiarv of ilebults, huddersfield it district union. cr. t. p. brighoua! st. j. 0 1— 3"
cocoa,1900,0,3009,1737,5.7468,True,"a smon. cocoa iirtriment to lb. beef or ten cups of cocoa and is absolutely free from chemicals. ligestion,_ braces__ the nerves, invigorates the system. in tins 5..."
cocoa,1900,0,3009,1738,5.747,True,"nan oan live 100 years epps's cocoa by better housing, better hygiene gind better food. hoop yourself well and daily use"
cocoa,1900,0,3009,1739,5.7471,True,the most nutritious epps's gratf::ful-comforting. cocoa breakfast and supper. it.
cocoa,1900,0,3009,1740,5.7475,True,epps's cocoa tm ikea nutritious nail loomosalcal fleetwood. 1 mir joitimiii. brio& ara to wa their twat plastic* at lail bowl. the salvation aims m. festival at r...
cocoa,1900,0,3009,1741,5.7488,True,epps's impimed cocoa essence wigwams at any liver of taw day.
cocoa,1900,0,3009,1742,5.7507,True,"tool most nu i mmus. epps's oitatepul-00111poriin6 cocoa smaiwast-mippsii :6:2o.ki.ve niers •11 12.12 mis ce., dia.l""v"
cocoa,1900,0,3009,1743,5.7508,True,"jtft.b gleat cpcoa, a cocoa of wide repute—as favoured for its economy as strength and delicious flavour. cunaed line royal mail steamers from liverpool via queenstown. to new t..."
cocoa,1900,0,3009,1745,5.7511,True,"_triton .1 ill the fil arylime proclaim s cocoa sweetens life.. ,goesfarthest-wms true fame. 1 _ tst -- -41 % ical. we are very previous; when february arrives, spring headgear is the order of the ..."
cocoa,1900,0,3009,1747,5.7522,True,"epps's cocoa the most nutrlucake sad ilteasoinical departmlnts omiiiniciil • •liiitic rtillll3o. amessonmas— • sacana ft clliiir an0w........trainn,... le. o.l sl..."
cocoa,1900,0,3009,1748,5.7527,True,"van houten's, the standard cocoa of the world. to sell your propert or business for cash p bohm. you lory or sell any kind of property or business in any part of the country, stop an..."
cocoa,1900,0,3009,1749,5.7545,True,'wm nw reiitiimipini 011019111. e pp s's cocoa 604 likiaafast mn suppli. correspondence. how ratepayers' money goes. to ter editor on ten gazette... is of particular interest to property owners an...
cocoa,1900,0,3009,1751,5.7551,True,epps's giateful-oomfortincl cocoa you will end it the very cocos you want.
cocoa,1900,0,3009,1752,5.7553,True,epps's grateful—com forti n {a. cocoa breakfas i* and supper. symington's
cocoa,1900,0,3009,1753,5.7554,True,"cocoa 41.417;71111 zrt closaa aga who ni sad isad thaloff, —.off wo 001111716111""e°d611. a 11. the aresoposet isla uses. 11. wit ur. /t thressik se, efi pa..."
cocoa,1900,0,3009,1754,5.7555,True,"the most nutritious. epps's grateful—comic.)rting. cocoa breakfast—supper. death of a ripon innkeeper. on saturday morning, at the court house, dr. .j. s. walton, coroner for the north riding, held an"
cocoa,1900,0,3009,1755,5.7558,True,"r.;,. • • • • -•• • • • .1: • • 11. •, ..• • • --,., co • .$1 t.4_y • • • • the cocoa bean. shell is not cocoa any more than husk is corn, or oyster- shells oysters, and to offer ground-up shell to co"
cocoa,1900,0,3009,1756,5.7571,True,"""why don't you drink vi- cocoa ?"" evers working mon owl woman should be atikei this niiiwilon the onialoa of it ler, 1,0 :si""ms;ur7til;l7l....s'rss,::7.ll[:;:""lk i used .i.ly. wrsw..."
cocoa,1900,0,3009,1758,5.7587,True,"epps's cocoa the meet nntritlale 44.31.1491,900+ occasions for a cialiter offence.—the beach lied gleitedaat 1016 me tavola ter der fame offence. and the •er, ala..."
cocoa,1900,0,3009,1759,5.7588,True,mazawattie latariba cocoa fantity nicedzd than of other cocoa in making a top of cocoa and whim you have to pit no more for it than for ordinary cocoas current topics. owing t...
cocoa,1900,0,3009,1760,5.7596,True,"four cups of vi-cocoa each day twice each day ms. w. c. burrows, 118, princes road, stoke, staffa., takes two cups of vi-cocoa. ""and i am glad to do sc,"" he eaye, ""for i d..."
cocoa,1900,0,3009,1761,5.7596,True,"cocoa brieakfast- supper. -19w1pf 001.1) m ed* ,r, nei latflisa"
cocoa,1900,0,3009,1762,5.7597,True,"epps's grateful comforting. cocoa 10 it) 10 5 10 73 the mont nutritious and economical, 19 --21 4 -- 4i 101--1(p, (4-- 7 85 --90 102i--105 154-164 25i-25g 31 --3 i; 18:--191 37; -37 1..."
cocoa,1900,0,3009,1766,5.7606,True,"unable to move. the cocoa bean. shell is not cocoa any more than husk is con], or oyster. shells oysters, and to offer ground-up shell to cocoa drinkers is an insult to their ..."
cocoa,1900,0,3009,1768,5.7622,True,"difeknding tout awns cadbury's cocoa la • patra tamed haven,* avtritiase. atimalatiog, aml dolm- looking ansa disabled soldizis 1 aibi. vb. •.l....4•• ears it .. to th• and soginsitr wid..."
cocoa,1900,0,3009,1769,5.7631,True,"absolutely pure-therefore best. cadbury's cocoa is griaran• teed to be absolutely pure, and is therefore the best cocoa. it is at once a refreshing, stimu- lating drink, and a nutritioue food, cont..."
cocoa,1900,0,3009,1770,5.7632,True,epps's grateful-comforting. cocoa _ breakfast and supper. a
cocoa,1900,0,3009,1771,5.7645,True,"e cr.; • grateful gomfontitig. cocoa breakfast and supper. football. sccr,taries of lo3al clubs will oblige by forward- ing reports of matches early in the week. if delayed they stand li..."
cocoa,1900,0,3009,1773,5.7669,True,epps's grateful-comforting. cocoa breakfast and suppeft. last night's parma- ment. (special telegram.) home of commons. thumlay. _ the speaker took the chair at 3-5. the treatment of ...
cocoa,1900,0,3009,1774,5.7671,True,"a cocoa and much mort 'he. mart who found it t mr. j. enter, 17, evelyn terrace, wallsend • • r 4 0 morning being the per. s. v. guy, vicar of st. james' chu..."
cocoa,1900,0,3009,1775,5.7688,True,grateful-comforting. cocoa ion breakfast ad suppe&
cocoa,1900,0,3009,1777,5.7703,True,epps's cocoa essence weicome at any hoer of the day.
cocoa,1900,0,3009,1778,5.7711,True,"pn ""the typical cocoa c of foolish man- the analyst. 'edadblirlis i i a refined, stimulating, digestible. ""till standarb sf nicnest purity."" -171 e lamm •=w14,.... cadbury..."
cocoa,1900,0,3009,1779,5.7713,True,the most nutritious. ep psys gretteful—gorn forting. cocoa break fe st—supper.
cocoa,1900,0,3009,1780,5.7714,True,"_ women's chat. i. ""for perfect purity, delicacy of flavour, _ g 1 and nutritive value, van houten's cocoa f g occupies the foremost place.""— .braitthvaite's retrospect of nedicine. • ::''' *:- ::: 11"
cocoa,1900,0,3009,1781,5.7719,True,"cocoa acci den ts of all k nos railway acumf.n'ii. enti`loyers'liahiltv. ntiblill: a.gainst tii eft insurance it, fidelity vints. gpanted br mx i.ilway tas..."
cocoa,1900,0,3009,1782,5.772,True,"tm most nutrmous. e p ps's cocoa breakfast-supper. bradford's universally mem& laiindzy sat dairy luchisir.y. mem 4/10 gadd &wm nadas end pm pm. amanda ""wawa"" womanwnam lhomonat onvo..."
cocoa,1900,0,3009,1784,5.7744,True,"cocoa breakfast-5 up p e cricket notes. tkil cut' ire.) the 'jest feats of the week. i.n/11111.e event. i kepi iridla,y 2w). 31 runs and five wart et-. :23..."
cocoa,1900,0,3009,1785,5.7749,True,"u 1 -,- .;-. -s cocoa i high am* in qum%llly. lowesat in 11.6-icel,"
cocoa,1900,0,3009,1789,5.7782,True,"epps's man can live 100 years by better housing, better hygiene and better food. keep yourselves well and daily vse cocoa the best suited for all ages and classes. (john knight, estd.lbl7.) made for n"
cocoa,1900,0,3009,1790,5.7794,True,"mazawattee latariba cocoa. • among the more encouraging ,iris )1' the cnies may be counted the great incre,re that has of late taken place in the consump- tion of cocoa and ch..."
cocoa,1900,0,3009,1791,5.782,True,cocoa tho boot form of cocos for every-tiny 1.1f5.
cocoa,1900,0,3009,1796,5.7856,True,"lorreowars cocoa loggrus ors brgiii..7.--rimi.—ii;i;;;;r"" .1..... tasornosvi—iirriloor awe lemina• ikameilft •i••••• imams of op lire 11011113•11 mom mil wriateues. d..."
cocoa,1900,0,3009,1797,5.7878,True,"epps's grateful—comforting. cocoa breakfast—supper. rev. john gunnell's iitribute. on sunday evening a-memorial service to the late mr robert garnett, j.p., was held in penketh wesley..."
cocoa,1900,0,3009,1798,5.7881,True,"businesses for sale. to be sold enesp. boarding house an d cocoa rol.llb old-eetabliebed bus:nem in a rood neigh- biarhood.—apply to j. jona, i. brougham-greet. trail. melee 1319no2lide: cattle & carr"
cocoa,1900,0,3009,1799,5.7883,True,"cocoa breakfast-slipper. ,i. wi 1118112011 swift gold 111.11 al knit ter d r' 'lg. knits ""'""iibble or -phi* olov &land cloteli) 0 • • ta wool. sill or cott..."
cocoa,1900,0,3009,1800,5.7886,True,cocoa for breakfast is good for those who work. and for those who play! rowntree's cocoa is a favourite with workers. because it's nourishing. and deliciou...
cocoa,1900,0,3009,1801,5.789,True,"the most nutritious epps's grateful-com fort! ?va. cocoa breakfast and supper. go ld andsi lv er pfrchase of a wholesale tpr stock bought at a disco u,nt under a deed of assignme for the benefit of cr"
cocoa,1900,0,3009,1802,5.7892,True,"cocoa as boa fan ele o.°oll tss •••17 48.7 wo. ,tl.ll art of the clapagßa,"
cocoa,1900,0,3009,1803,5.7916,True,"• ,:rs,!, an _ordinaty'reccoal an extraordinary cocoa, whol;y' composed of the picked growths of the finest cocoa plantations of central america where the best cocoa is grown. and fron plantation to p"
cocoa,1900,0,3009,1804,5.7921,True,no breakfast table complete without epps's grateful-oomforting. cocoa the mot nutritious and economical meltham urban district council. the fortnightly meeting of the above authority was held at the t
cocoa,1900,0,3009,1805,5.7922,True,"the most nutritious. epps's grateful—comi—orting. cocoa b4l""actr-wisupper' se2orny3l new laundry scheme at the workhouse."
cocoa,1900,0,3009,1806,5.7922,True,"`z4'e--'ll4s..liiiilz,p cocoa and slave labour. the proprietors 4.f van houten•s cocoa wrivai:—ae a great publicity ha., t`vvii given to the lam that eartain 01(.0a mann- factutv•..."
cocoa,1900,0,3009,1808,5.7928,True,"‘.tk%tiktk‘ cocoa 10 times more nutritious than ordinary cocoa. delichnuoi. digestible. in tins, 9d., 1/4, and 2/6 of all oroana,atsea. ale, b ees° tested seeds in pen..."
cocoa,1900,0,3009,1809,5.7938,True,"grateful-comforting. cocoa lireakfast and oupper. pro-boer meeting at long- wood. speeches by de wet and botha. frequent interruptions. oe tuesday evening, a public meeting was..."
cocoa,1900,0,3009,1810,5.7945,True,epps's cocoa essence welcome at any hoar of the day. li at ma' ti it r fro mu
cocoa,1900,0,3009,1811,5.7945,True,"cocoa skiakfast adbum& und with le to cut whoteffer a killed, „ for lot ot.st witls i cgotisto lag* who ha ~.-1-1;la [i."" the ev dr- uczt sun- hi• yam. 1,,..."
cocoa,1900,0,3009,1813,5.7955,True,"amort—t—lernso—res.- cstoint. ihmerrooe. *it is abm to slipport um"" --la•aft • 16111111 16,1142,,,,, cocoa t.nannent tnez?..m.2:l =7l; row eke mikval.. tourism& warm.? sigitno72lloll."
cocoa,1900,0,3009,1814,5.7962,True,"e ps's grateful-comforting. cocoa breakfast and supper. broke in father sheen presently. ""suppose efery- thing turns out according to your plans, what is to become of him?"" • ""impossi..."
cocoa,1900,0,3009,1815,5.7971,True,"""i really must use vi-cocoa."" thousands of men and women, after reading the par- ticulars published respecting the merits of dr. tibblea' vi-cocoa, have been induced to become r..."
cocoa,1900,0,3009,1817,5.799,True,"the most nutritious, epps's grateful-com forti ng. cocoa breakfast and supper. the story of spion kop. generals severely criticised by lord roberts. censure of sir charles warren and colonll thornencr"
cocoa,1900,0,3009,1818,5.7998,True,not made abroad. mazawattee cocoa add fro twang as tar as ordinary comma.
cocoa,1900,0,3009,1819,5.8021,True,epps's grate ful-com forti ng. cocoa breakfast and buffer.
cocoa,1900,0,3009,1820,5.8026,True,ilighat honours.' 1111411 alt cocoa battles/11ps. (lass. king krle;nl vii dirnewl formidable c'iumptia iklajetin rryal sovereign renown 'out ilrion trafalgar 'triumph a r moured cruiser...
cocoa,1900,0,3009,1822,5.8044,True,9 ariartai ';': cocoa richest fionotyrii evrrywhere.
cocoa,1900,0,3009,1823,5.8049,True,epps's grateful-comforting. cocoa the most nutritious and economical. music and drama. by edward herbert. another musical prodigy has arrived in england—of course dumped down free of ...
cocoa,1900,0,3009,1827,5.8063,True,"...r the auspices of the educational department of the warrington co-operative society a lantern lecture on"" the cultivation and manu- facture of c.w.s.scocoas was giv"
cocoa,1900,0,3009,1828,5.8065,True,"the most nutritious epps's grateful-comforting. cocoa breakfast and supper. • owle'si""sia""..pili.4 fop female 001isct ale saszerranrrre9, nznovt oastatreynomm, awl relieve la. rlitfroo,no pfoll, 'amam"
cocoa,1900,0,3009,1830,5.8085,True,...ant frock. of simple but most elegant and becoming style is the beautiful frock pictured in our illus- tration. a fine light make of cloth in the new cocoa-colour is the material in which it is ac
cocoa,1900,0,3009,1832,5.8087,True,"zugsns,4oo,4ffeduopueartit"" !!'§,l) c9coa absolutely purt s therefore best. s fti *.4 e.o4—ca-1 6,s 1,1;, wli cadoury's cocoa n contains no added starch, alkalies, or colouring matter, which are often"
cocoa,1900,0,3009,1833,5.8103,True,"the most nutritious. epps's grateful—comforting. cocoa breakfast—supper. 304 n chips fha! th' owd block. by ""pendle forester."" i'come, take the chips that now i seattet forth, not from the massive tre"
cocoa,1900,0,3009,1834,5.8104,True,the most nutritious. p ps's grateful-comforting. cocoa _ breakfast--supper.
cocoa,1900,0,3009,1836,5.8112,True,"epps's., gratcful-comforting. cocoa u.ftr..r.v(ft c.:40 if.:pfei."
cocoa,1900,0,3009,1838,5.8139,True,epps's • cocoa essence welcome at any hour of the day.
cocoa,1900,0,3009,1840,5.8146,True,the most nu epps's grateful-comforting. cocoa brf.akfast ani;) supper. local cricket. saturday's matches. huddersfield and district league. slaithwaite v. at slaithwaite. primrose rill. t. 11. sy...
cocoa,1900,0,3009,1842,5.8155,True,"......)1.0):""•,4 41.0 •kk, • .1'0: v the best form of cocoa for every-day use. bowling. =warrington and district league. sankey chapel house v. brooklands.—the match between these clubs at sankey resu"
cocoa,1900,0,3009,1843,5.8157,True,"f g. -fry's pure concentrated ""no gialpire cocoa ...35 years -.-royen efficacy. an ever ready household remedy. loosens phlegm • au-ays couch. aves immediate ealjep unum catharticum pills. for indig..."
cocoa,1900,0,3009,1846,5.819,True,"""i really must-i.'use vi-cocoa."" thousands of man and women, after reading the par- ticulars published respecting the merits of dr. tibbles vi-cocoa,havebeen induced to become regu..."
cocoa,1900,0,3009,1847,5.8193,True,"...the most economical, the most nourishing, the most delicious. to prove these statements it is only necessary to buy a tin. you will find van houten's cocoa unequalled for high quality, ex"
cocoa,1900,0,3009,1848,5.8199,True,"a cocoa you can enjoy. of which were being turned out of the factories by hundreds. the newest boleros are all built fitting in more closely to the waist, an..."
cocoa,1900,0,3009,1849,5.8207,True,"e p s grateful-comfoe ting. cocoa 'don't pay 6.ny more bmw —apjly, !nert u""""g this lei""'' to m e.c.. for bahama* street, ithout—do, copy of illustrated hoek*. which ""hwy to live rent ..."
cocoa,1900,0,3009,1851,5.8215,True,grateful-comforting. cocoa _ aircakfast and supper.
cocoa,1900,0,3009,1852,5.8219,True,epps's cocoa essence welsame at any mut et the day.
cocoa,1900,0,3009,1853,5.8224,True,"to suit your taste. or, a lighter and thinner drink, refreshing and stimulating. epp wokoise at lay mar et the day. s's cocoa ssence"
cocoa,1900,0,3009,1854,5.8231,True,"cocoa breakfast- supper. ""factory times"" postal rates' the ia ('tort 773ffs can he sent by °lt rirr; thursday eveuing at the following rates, %olt payable ..."
cocoa,1900,0,3009,1856,5.8252,True,"no breakfast table complete without epps's orateful-oomfortino. cocoa the most nutritious and economics/ it was notified on tuesday night that, accord- ing to present arrangements, the king will pro- "
cocoa,1900,0,3009,1857,5.8265,True,"the duty on cocoa. in a letter to the ""daily news"" —of febmary 12, henn. (..lalbury brow, ltd., argue that the • tocoa industry is not protected. their argument, howev..."
cocoa,1900,0,3009,1860,5.832,True,"cocoa arqittfast and supper. cammidge street. rockly villas. coates, mr. bridlington (mrs. t. worrall.) houghton, mr. huh lynard, mr. j. hull beevers, mr. ..."
cocoa,1900,0,3009,1861,5.8344,True,the most nutritious. epps's grateful—comforting. cocoa breakfast—supper. an unsuccessful divorce suit in the divorce divition on wednesday mr. jus. tice barnes and special jury beard the petition of m
cocoa,1900,0,3009,1862,5.8358,True,"cocoa ointment purest of emollients and greatest of skin cures. the most wonderful curative of all time for torturing, disfiguring humours. cuticura ointme..."
cocoa,1900,0,3009,1863,5.838,True,"suchard's cocoa is the best in two ways: mo‘t sus- both bet...:lia, ;toi bent :•. .1;1:1 made ixst. what others think. sunda) evenieg chureb co. amnion. ito sibs lad..."
cocoa,1900,0,3009,1864,5.8387,True,cuisborouch urban council _ decide to support an effort for extended powers. a choice of cocoa ue most nmritions and strength-gi‘ ing
cocoa,1900,0,3009,1865,5.8394,True,"the staple of trinidad. the second chief industry of trini- dad, 'next to sugar, is the cultivation of cocoa; or, more properly, cacao, named by linnaeus ""theobrom.a,"" or ""food of the gods."" the tree "
cocoa,1900,0,3009,1867,5.8411,True,"epps's grateful-comfortino, cocoa ""ia tiiteakfast a. suppe& .f•hr i.lr 116"
cocoa,1900,0,3009,1868,5.8419,True,"colne child's shockin“ death. p:s most nuts:tious. epps's grat7r cocoa breai.-fas r and sjppefi. ld fal'e text gut.— i cash or offer.—lt. d kj. b feassa. li, ',treat, ipssriel, the largest i .1.1,tr.1"
cocoa,1900,0,3009,1873,5.8464,True,"cocoa liow to prevent it. it a lady troubled in this way cairic to me, and ahked me that shei could do to prevent such attacks of, the boot form of ooma se..."
cocoa,1900,0,3009,1874,5.8483,True,pps's cocoa essence welcome at any lour of tile day.
cocoa,1900,0,3009,1875,5.8491,True,"warrington temperance federation. annual meeting. the annual meeting of the warrington temperance federation was held ii t`m liorsemarket-,t reet cocoa rooms on thursday last week, counclll,,r luke el"
cocoa,1900,0,3009,1876,5.8492,True,"... combh.icil advantages of being thil:st-quenching: invigorating, and highly nourishing, and the children like it especially because it is the ni;:est cocoa.- everybody should drink cadbu"
cocoa,1900,0,3009,1877,5.8507,True,"eppss cocoa invaluable to all. douglas rankin, soot= bililild • 610 c 0 tt liza. 006/1110tions3 • flour dram.. owmow [mit _wm. mum. _ r-stwood. aleeklk °mira ofi..."
cocoa,1900,0,3009,1878,5.8521,True,"cocoa garden work. tu 11=003 8,1302.11a5. it is ma always easy for an amateur to deter. mine tie base of some of the tubers of these plants, but usually th..."
cocoa,1900,0,3009,1879,5.8527,True,"...nhal arm mi inims—m, mr tommommag momelimmemelim ms mom= swim wm arm or- moomdmoommeltsbe oussamp.momalms mmilmermatiom anor monommaem et • omeary as cocoa j tar 110141imili 00111111"
cocoa,1900,0,3009,1880,5.8536,True,"prevents mcdougall's paterit self-raising flour indigestion. the t-srav ""ait :gni= 2• • -f best. cocoa t in triaorkl woman's eealm. the .i2s:at).ainei: saturday, october 24, 1.9„18. [all rights reseii"
cocoa,1900,0,3009,1881,5.8544,True,"stockton heath. [continued from, page 3.] improvements in the villige.—the proposed erection of two shops with cocoa rooms with club and billiard rooms at the corner of old london-road and victoria sq"
cocoa,1900,0,3009,1882,5.8545,True,"grateful-comforting. cocoa aar/ kfast and supper. minster puss, beverley. letterpress vinting supplied with postf,rs for auctioneers, tradesmen, en cer.ta inments, i3usiness, a..."
cocoa,1900,0,3009,1884,5.8555,True,death ol a daytime! cosmos beard scloool teadser. hem h- a cocoa that
cocoa,1900,0,3009,1885,5.8586,True,"• ./a1 0 t'!.„ -at= 7.* a:0 tit ^ reduced pricfs •_, ca fact sd. 14„ yjb. tin 73d. and gti4e-a 3:z=s. messrs. cadbury bros., td., guarantee their cocoa to eof tiea sa:ne here tot ores"
cocoa,1900,0,3009,1890,5.8617,True,e op. s a.t131 grateful-com fort: ng. cocoa breakfast and supper. six months fore''':; trade. coal and ships very largely exported. the trade of the united kingdom is still happily on the up gr...
cocoa,1900,0,3009,1891,5.8623,True,"epps's orateful-oomforting. cocoa the most nutritious and illoonoinical. 3deatb of (om sunberlanb. ""the yorkshire queen of song."" the younger generation of to day will read the ab we ..."
cocoa,1900,0,3009,1892,5.8644,True,"p p s s grateful-comforting. cocoa breakfast—su pfrln• cunard line royal mail steamers anialveßpoolvia qu eenstown to new yore. to poston. etruria sat., may 31 iverni.:t tues., june 10..."
cocoa,1900,0,3009,1893,5.8649,True,"epps's grateful-comforting. cocoa the most nutritious and eoonomical circulars, (in creatmtaid or tinted pam,. rzecuted with neaturra promptitude. and itormormr. at the ""gazette' offi..."
cocoa,1900,0,3009,1894,5.865,True,cocoa breakfast—supper. holy trinity y. whalley road. at brookside on saturday. for holy trinit4 t. whiteley took 10 wickets for two runs. fkorf's whalley ...
cocoa,1900,0,3009,1895,5.8651,True,the mc ';7 epps's gnatcful-comfontr4g. cocoa breakfast a' :d
cocoa,1900,0,3009,1896,5.8653,True,e p p gratettil—comfortibe. cocoa axitradior;: novw sons humanitarian litimaturs i• 1102.
cocoa,1900,0,3009,1899,5.8688,True,"ep p s grateful—comlort:ng. cocoa breakfast—supper. printed and published by j. w. roberts, at his general printing and publishing otli,e, bridge street, ellaithwaite, yorks, friday, ..."
cocoa,1900,0,3009,1900,5.8689,True,"th.' most nutritious. ep p s's grateful—comforting. cocoa breakfast—supper. withernsea pos office georgie hunter, postwaaer. hours of attendance. the office is open on week days from 7 a... to 8 p.m.,"
cocoa,1900,0,3009,1901,5.8692,True,tito most nutritious. e p p s' s cocoa br•akfast.—supper. nomes bi the 'wail tho lava setts bays. aniverl at it. avows! head. mould receive every ettentirn. in 1 th. aa a... ..... ...........
cocoa,1900,0,3009,1902,5.8702,True,"...ts pagmaki 1110=mirs. msg. back and avms den con- phigranizoi ma nisiokther,_/msz= 'az= we* 211,—fark. eikiiclocii—o iris 'doh mos 1111 par p.rd. gur cocoa autrino. paves wiik grail,. ham yr"
cocoa,1900,0,3009,1903,5.8715,True,"thil most nutritious. l e pp s's cocoa 8111arfa5t- supplii tba -herald"" don ad appeal to • saint tett. lii.. artlelreier•late• jaaraal. ea appeal. t• all clams, awd th. reepp•imd nathan fa..."
cocoa,1900,0,3009,1904,5.8722,True,"dlicsnor..7iaitwood. and litman. an, jaa.llo. :::::... ui 1 u my.-.$ 2...:.:.: 5.a..e., .. ~._... n 11 ill 1 gill'. i :us. cadbury's cocoa boo • •••14eile is. .2 .. .= hit oa elm 44 valuarlai mow= ms "
cocoa,1900,0,3009,1905,5.8723,True,the most nutritious. e p psgs grateful-comforting. cocoa the poet's corner.
cocoa,1900,0,3009,1906,5.8732,True,"thz taw•zimittiovil e pp s ''s muusirrirs—asseramerws. cocoa science gt lo. by virtue of his office, • story off homiiiirg. timid =mom 111,r0wla.14d4116/11‘,41mlikor of thitpeansw mem dog,. wen•writti"
cocoa,1900,0,3009,1907,5.8733,True,the most nutritious. epps's ciratma-coiwortipri. cocoa siminuir &md suppor eprf on t ibm n a von of police and l% %it office.
cocoa,1900,0,3009,1908,5.8754,True,"r.;,. • • • • -•• • • • .1: • • 11. •, ..• • • --,., co • .$1 t.4_y • • • • the cocoa bean. shell is not cocoa any more than husk is corn, or oyster- shells oysters, and to offer ground-up shell to co"
cocoa,1900,0,3009,1909,5.8757,True,epps's cocoa a &helen drink and a sustaining toed.
cocoa,1900,0,3009,1911,5.877,True,epps's --(llpriv;a.) cocoa essence • ••.- -••••— welcome at aoy hour of the day.
cocoa,1900,0,3009,1913,5.8777,True,"\ 0%0 cocoa 10 times more nutritious than ordinary cocoa. delicious. digestible. in tins, 9d., 1/4, and 2;6 of cal grocers „stores, etc. tested ss in id. packets..."
cocoa,1900,0,3009,1914,5.878,True,"madman on the housetop. ""i really must use vi-cocoa, police-constable heaton, of derby, on sun-1 • day evening was fetched to court 12, ~alker- thousands of men and women, after read,lo lane. on the t"
cocoa,1900,0,3009,1915,5.8783,True,"prices which defy competition. no fancy names required to describe liptons cocoa, cocoa essence pure and simple the best, the cheapest, the purest. compare the prices, compare the quality; we ask no m"
cocoa,1900,0,3009,1917,5.8801,True,"...r the auspices of the educational department of the warrington co-operative society a lantern lecture on"" the cultivation and manu- facture of c.w.s. cocoas"" was gi"
cocoa,1900,0,3009,1920,5.8839,True,s el 4:16 ~. 4i% grateful-comforting. cocoa the most nutritious and economical. cheshire lines engineers v. eccleston.—at warrington. -engineers. eccleston. s. prioe lbw b matthews 3 a. worsley...
cocoa,1900,0,3009,1921,5.8842,True,"4::,nitli -1 cocoa rama • l 19 4ilci —'---------...""gr ----- :1 i 2 rcad * )',,,. •z %., 1 burys (7 _ f .... ihttioa i i stgivrt.ntra i stumm • ..l. •....,r reduced fac..."
cocoa,1900,0,3009,1922,5.8844,True,"cocoa idiser.oesay4 jean °agri= cliviebratev. ai. died wellesmoak chediash. ea seeeviei. eade. *ldea. awl u. ea mar ol•-• 0 ....v....4, cam ila= mas. sunli..."
cocoa,1900,0,3009,1923,5.8852,True,"the most nutritious. p ps9s gfateful-comforting. cocoa 2r ea k,fast---su pp e ft. i '! .x*"
cocoa,1900,0,3009,1925,5.8853,True,"epps's grateful-com fort! ng. cocoa t-. n the most nutritious and economical. •t •r• 1 ••. i•y_wr.d_ power i• .• i .• 0.1 it 4 • by. tk. ()rcier, sild reported for .trmal re.,111 thc ho..."
cocoa,1900,0,3009,1927,5.8868,True,"cocoa thp? le9t form of cccoa for tiy:,,ry-clay use."
cocoa,1900,0,3009,1929,5.8886,True,"mazawattee cocoa supplies a tim omni new ger wholesome nourishment. thee,. soe no special agents ter this ono& r cnn be obtained ha, gimpy spoor.. 1,;;•v;ep trip and ..."
cocoa,1900,0,3009,1931,5.8907,True,"epps's grateful-comforting. cocoa the most nutritious and economical. warrington borough police court. minor cases. mondav.—before the mayor (in the chair), alderman smethurst, counci..."
cocoa,1900,0,3009,1933,5.8915,True,"mazawattee cocoa i 01•11.•• none haw kith.. w. 11•11.. le we a...• ...i the. wert thee, so* ...fit 11... tie perfect upper mewl 111 j. irs& aoyorrneire.. wwi&"
cocoa,1900,0,3009,1934,5.892,True,".1!, ""health"" ""cadburys cocoa gives system endurance hardihood,buildi. reduced f 6d. packet sd. prices. 4.-.113. tin 734 d. and other sizes. is .. .;,.., for working people. a .. ..."
cocoa,1900,0,3009,1935,5.8921,True,"r.;,. • • • • -•• • • • .1: • • 11. •, ..• • • --,., co • .$1 t.4_y • • • • the cocoa bean. shell is not cocoa any more than husk is corn, or oyster- shells oysters, and to offer ground-up shell to co"
cocoa,1900,0,3009,1936,5.8922,True,a chaos of cocoa ether the esse astride= sad strap-giving
cocoa,1900,0,3009,1937,5.8934,True,"""i will have vi-cocoa."" your grocer and every other grocer, too, can tall you of men and women who week after week regularly use dr, '.l'ibbles' vi- cocoa, and who, to use..."
cocoa,1900,0,3009,1939,5.8944,True,"hight's( 11,,ours 9j su- shati cocoa hi, musical notes. local music and musicians. any such attractions, it is, indeed, expressly stated ii the syllabus of the a/scooted board that the c..."
cocoa,1900,0,3009,1940,5.8946,True,"cocoa hid, prised by mothers. for theniselees and the'. children, who ^boo. it ea.gerly"
cocoa,1900,0,3009,1941,5.8953,True,"mazawattee cocoa alto* seethes, and the tuer of it is itsered of iitns7 peat—wln can tos dewed 101 %a oaten on tin system of a bswerala os`vb4ll wo nest peeont auteit..."
cocoa,1900,0,3009,1943,5.896,True,"our local churches. baptist church, golborne-street. cocoa on sunday afternoon a'united meeting of the bible class and sunday school was held for the purpose of presenting to mr. and mrs. dunnico two "
cocoa,1900,0,3009,1944,5.8962,True,"cocoa bneakfast—supper. answers to correspondents. ""men. 6.""—am very pleased indeed to hear that you have at length got the country cottage you so much des..."
cocoa,1900,0,3009,1945,5.8975,True,"epps's cocoa the most nutritious and economical e use tr linseed a mpound 3or mploolo.noo r, 1. kay s compound esse wee or wisely) esc. t: sersteemers a:4p! p'ole..."
cocoa,1900,0,3009,1947,5.8977,True,"...-- a a-a. ..i.l- '`4a '41.4t 44'4 11 t.e‘ ititaltitlaitib is half the battle, so see that you begin ycnr day well l‘y tnktng a cur' of van ri-tsten's cocoa at breakfc.et tirne."
cocoa,1900,0,3009,1948,5.8982,True,"tlie queen's heroes. cadbury's cocoa is ""a perfect food."" the victoria cross won by captain towse, of the gordon highlanders, at magersfontein in december last, was on wednesday cuufetre..."
cocoa,1900,0,3009,1949,5.8983,True,epps's grateful-comforting. cocoa imprim=mmmmim special tickets. e mbracing loual tours in cornwall. arm is med at the principal stations. booklet giving all particulars now ready.
cocoa,1900,0,3009,1953,5.9005,True,strong children. children grow strong on cadbury's cocoa because it contains in a generous measure those food elements that are essential to health and good physical condition. it possesses the combin
cocoa,1900,0,3009,1954,5.9007,True,"frxss pure concentrated 300 gadme"". cocoa &diplomas. ltd., 1."
cocoa,1900,0,3009,1955,5.9013,True,"again, and again and again. again we ask you to drink vi-cocoa. dr. tibbles' vi-cocoa is neither a medicine nor a mere thirst-assauger. it is a fool a the same time that it is a beverage, and thus ans"
cocoa,1900,0,3009,1956,5.9024,True,"mazawattee cocoa 111 *us inalap, it is al cott* th• bed et coen.' in the meet as le fie pslatablenua sad fianeor, xtl ea4014 tot itois,,•—cioappg fume. ill mir"
cocoa,1900,0,3009,1958,5.9039,True,"ums son mos cm. firralair, oval to oartme aura ot twit et spoil potettoot tau. toidir• ------ ark2lclotil-1 por_2l wile, oat ijklargaint,, 4jr—cocoa zavrou. 2 pm& 1,4 pod. cocoa iuis. loa ------gsailg"
cocoa,1900,0,3009,1960,5.9044,True,"c•00a the best form of cocoa for every-day progressed within the last 50 years at a pace unknown before in the history of the world. (applause.) he would mention, the conditions ..."
cocoa,1900,0,3009,1961,5.9045,True,epps's cocoa essence welcome at any boar d the day. the great engush bad leg
cocoa,1900,0,3009,1965,5.9066,True,"e life of ere woo: turroint lima won nwt;mous. g p ps's gratefuie-comfortinci cocoa bremcfast—supper. !bid! by a potent dada* to see and speak aeltli inmates of the cottage, where the roses wens now t"
cocoa,1900,0,3009,1967,5.9067,True,"turwirwi../491.4rw‘1e s ct l:'11111"" • 4,, a 'it ..., cocoa absnitely pure piz:adore ust. u%--)c.ao cadeury's cocoa c•-. contains no added starch, alkalief, or colouring matter, which at'e often _ ti "
cocoa,1900,0,3009,1968,5.9069,True,the most nutritious. e p ps's grateful-comforting. cocoa sreakfast--supper.
cocoa,1900,0,3009,1969,5.907,True,the most n itritious. epps's grate ful-com forti ng. cocoa breakfast and suppefl
cocoa,1900,0,3009,1971,5.9107,True,"absolutely pure-therefore best. cadbury's cocoa is griaran• teed to be absolutely pure, and is therefore the best cocoa. it is at once a refreshing, stimu- lating drink, and a nutritioue food, cont..."
cocoa,1900,0,3009,1972,5.9111,True,"cocoa i broakfast—supper• • aitu. tho repor4 of 71.0--ca.terrool- ofiter for ur put moot b woo prodered at the basitory committee's mootlog, tom whit* •p- ..."
cocoa,1900,0,3009,1974,5.9122,True,"...tter experience unnecessary. work guarranteed. rite for cosh or firs tema. 53, clayton-st., newe.astt nee 4.=na. mos oi4es braces the nerves cplasmon cocoa hie cup contains more tent than than"
cocoa,1900,0,3009,1976,5.9132,True,"""i really must use vi-cocoa."" thousands of men and women, after reading the particulars published respecting the merits of di. tibbles' vi-cocol,have been induced to become regu..."
cocoa,1900,0,3009,1977,5.9137,True,"cocoa breakfast- supper for ma cooseo4 tte of ladili sottfl- alia* 'anita:o' towel"" nc• lo foakat• cootamag halides. ""me lal mormon sold by 0. l. schofield..."
cocoa,1900,0,3009,1979,5.9166,True,"coronation preliminaries. the local coronation committee recently formed held a meeting at the cocoa house on monday evening, under the presidency of mr. w. scotchhurn, when there was a large attend- "
cocoa,1900,0,3009,1980,5.9191,True,"cocoa a fragrant, delicious, and -alert healthful boverasaa parish council: a meeting of the council was held in the eleanor school on monday evening. ther..."
cocoa,1900,0,3009,1981,5.9191,True,"epps's gratefu l-com 'portin cocoa breakfast- supper. published by joint andrew, at i,warren-street, groot:, street, maoebester, for the cotton t'actory 'limo company. printed b trad u..."
cocoa,1900,0,3009,1982,5.9197,True,household hints a drop of vanilla added to a cup of cocoa or cho- colate will greatly improve the flavour. steel knives look brighter for a much longer period if kept wrapped in tiasne-paper. whalebon
cocoa,1900,0,3009,1985,5.9223,True,"the most nutritious. e pp s's grateful comfort inc. cocoa breakfast- supper to motrers.—bi.i. wiselow 11•01*- mg limy ••• bom red cow fifty ""yam by mil. li.s. al sateen kr theyr clur;l• teetbeog, mstb"
cocoa,1900,0,3009,1986,5.9224,True,"epps's grateful-comforting. cocoa breakfast and supper. i .4 i, held last year 214 children were and reinored to their home, nirktiarkitorinii"" ix a piece of forgotte, cori .i• y for ..."
cocoa,1900,0,3009,1987,5.9231,True,"eimsmi!mmii dilworimm.o.•••• -""i find nothing so refreshing and lburishing :111:9"" .i ?iga;alin at xsis(llll7 lauseestes m.o. on 9 cocoa 0 ed 11311993. it is a perfect food beverage possessing all the"
cocoa,1900,0,3009,1989,5.9247,True,",owa the pure cocoa which is more digestible and possi ;esse: a finer flavour than any other. ""perfect in flavour, pure and well prepared.""— brihsh medical journal. ""a p..."
cocoa,1900,0,3009,1992,5.9276,True,paderewski ii odyc4o. tsameam armee • aquatic & variety circus 11.4.000..611 dr rawer cocoa ni ims woiild. alswaliss it lir giuder adliwommt al 0.1•=21 rem tinspli•albe pm& impow /b. mows il 111412110
cocoa,1900,0,3009,1994,5.9293,True,cocoa th• bawl taw= a/ owns /or 4avei74•/ las imikwomeml
cocoa,1900,0,3009,1996,5.9325,True,"four cups of vi-cocoa each day.' twice each day mr. w. c. burrows, 518, princes-road stoke, staffs, takes two cups of vi-cocoa. ""and i aid glad to do so, he says, for i -d..."
cocoa,1900,0,3009,1997,5.9326,True,strong children. children grow strong on cadbury's cocoa because it contains in a generous measure those food elements that are essential to health and good physical condition. it possesses the combin
cocoa,1900,0,3009,2000,5.9338,True,"... the nicoat and most nutritious beverage for the breakfast table. it is made in • moment with boiling water or milk, and its sustaining qualities sr. cocoa ,__;-.--, i"
cocoa,1900,0,3009,2001,5.9354,True,cocoa nismstlisa•- tyne— bays make* is • pvit t. tie toss qs bina liisce their maim...tilos iftone mouths sr. -up irpownpr morba ••• cogan lit and lied •r ...
cocoa,1900,0,3009,2002,5.9354,True,"•ro $i pim s cocoa g ."" ting & sustaining. jerrytou ndiarubber (old) purchased for james ward & co., _lndiarubher cement maim vlvasent grove, york rued, king's cross, l..."
cocoa,1900,0,3009,2003,5.9359,True,"... a speciality. being distingati !ta try?ratine all others b 3 ---- -- its delkdoue arour. this- mem, con. t-inync sett deo. all the substance, of the cocoa nib, maintaen"
cocoa,1900,0,3009,2004,5.9376,True,leas iflpur:cot4centiucted cocoa • • .1 loosens phlegm allays cough gives in t4ediate ikuep catharticum incigesi lon n evils. seareeereak ealious der.anlement •14 ivaragereenole aper...
cocoa,1900,0,3009,2005,5.9377,True,cocoa after • reteretie erleralio• ta• etret• tr foram. primer der. tie arehrlepet. bargee flat be au drevend ta. neerrolie el primitive bark deter r bock ...
cocoa,1900,0,3009,2006,5.9393,True,"cocoa breakfast7suppen great har wood v. read. played at read on saturday. scores:— gr.att harwood. j. frost lbw b mayor r. t. mills b myer, w. kirwright b..."
cocoa,1900,0,3009,2007,5.9396,True,"cocoa the best form of cocoa for every-day use. salford v. huddersfield. this match was played on the salford ground, before a good attendance of spectator..."
cocoa,1900,0,3009,2010,5.9429,True,"mazawattee cocoa a pkvolut.lia ,ei,auaay to plow. co saar- day xleatam. at tla• valirsl rodoey la.. it or yenne.itins et inetty medal se gremlin to hr. manse lie by i..."
cocoa,1900,0,3009,2011,5.9453,True,"nri fa wif: i !pi ,;, 73,, n 4-4 facts are stubborn things and the plain and simple fact that mazawattee cocoa is twice the strength of any other british- made cocoa, and goes twice as far, is so stub"
cocoa,1900,0,3009,2012,5.9456,True,"epps's cocoa a delicieuf ,tirlak and a sustaining tooi:"
cocoa,1900,0,3009,2013,5.9468,True,"""i really must use vi-cocoa."" thousands of men and women, after reading the par- tvie.ulars published respecting the merits of dr. tibbles' 7.°j'eaa have been induced to become ..."
cocoa,1900,0,3009,2015,5.9469,True,cocoa rubber why spoil the look of your boots or shoes. why risk accidenti by wearing turning-style heels when you elm have the penna elastic bobber !let! ...
cocoa,1900,0,3009,2016,5.9478,True,"9s g ‘;. grate ful-com forte ng.' cocoa .1"" r' r"
cocoa,1900,0,3009,2018,5.9491,True,cocoa our telephone no. is 231. please note this when requiring en advertisement. or the attendance of a reporter. never put off wi to-marrow the advertisi...
cocoa,1900,0,3009,2021,5.9519,True,"p.l 7 • sett a tie s wia • d cocoa because it is a perfect natural .food of atsolute purity, and ministc:s to the physical recidiremertts of the young in an cminent degree. it contains..."
cocoa,1900,0,3009,2022,5.9545,True,"the reniarkable popularity of rowntrevs zlect cocoa is exactly shewa by the comparative sizes of the above discs. eqe,e s s /9 0,10 /9% 43,5•"
cocoa,1900,0,3009,2023,5.9549,True,"epps's grat7sul-comforting. cocoa ur e. • 14.. fas f mid s'j pp er. sro. lams a gf:a aroe t.t beril (asi & post up-ic cat: tuell 1,.4. ri,../1 i ic? c ra, £8 los. £lo os. •t$ t £l2 os..."
cocoa,1900,0,3009,2024,5.955,True,"... that imparts mental and bodily vigour, and is comparatively easy of digestion, may be described as a ""pilot to health."" such a beverage is cadbury's cocoa. it is staying and "
cocoa,1900,0,3009,2027,5.957,True,"%as 17: v. cocoa 10 times more nutritious than ordinary cocoa. del! ciou s. dig estible. in tin., pd...1!4, and 2;6 of 1.11 owe., storm etc. tested seeds in id. packe..."
cocoa,1900,0,3009,2028,5.9574,True,"for summer bre4gasts &.-sippers rowntrees elect cocoa hoyland common cricket notes. dueung ni run,. wartrunrll, and t sand., ecru nevi. 1.i.• tnn.y, warinnnrll, w 15.to.u.,h.lmwezed. awadersoto bolo. "
cocoa,1900,0,3009,2029,5.9585,True,the most nutritious. p ps's grateful-comforting. cocoa srfakeast-suppetl
cocoa,1900,0,3009,2032,5.9594,True,"... invigorating nutritious qualities and delicious flavour. it contains all the substance of the choicest nibs, and main- tains its leading position as cocoa the best"
cocoa,1900,0,3009,2033,5.9607,True,"...s. happy the man with thrift and care, who lives so well that he can spare; prolongs his life with little funds— protects himself and little ones. vi-cocoa makes him feel at eas"
cocoa,1900,0,3009,2034,5.961,True,"madman on the housetop. ""i really must use vi-cocoa, police-constable heaton, of derby, on sun-1 • day evening was fetched to court 12, ~alker- thousands of men and women, after read,lo lane. on the t"
cocoa,1900,0,3009,2035,5.9643,True,cocoa invol—uablo to all. • • • • • vo. • • • • • • • •
cocoa,1900,0,3009,2037,5.9659,True,"mi ha! served el well for 50 year the lancet says t: a • 1"" /....7 3uryl7-0.7“10, a ala • cocoa ""yields a maximum pro- portion of valuable food constituents and what is of more importance still, these"
cocoa,1900,0,3009,2038,5.9661,True,"/barry's pure cocoa invigorating a sustaining. offer lu?. e l .„ j. col n • 2•zz:4il. '* • iltli importance that the le ,eetetlkyp.(ioyertllnent ma^."
cocoa,1900,0,3009,2039,5.9663,True,"k ,'..4.-.:1. ;...;.? $ .., 1 .!, j., •%0.4., i.• 3.1.', • **i.i. .!:.• ~r,••• it; ?; at, s cocoa ~, .. • ""a / • a, .. • ter* in whci once established as the children's morning beverage, is always loo"
cocoa,1900,0,3009,2040,5.9663,True,"c(koa n 9 mere is nothing so easy to mak, nothin,g so nice when made as v4iy 1101jmn:5 cocoa s c... ,volinivie n v ifir si 1 -44014e.:„-- _:, ...r ---„.... ril‘‘'llf.l ;14 :low ail 41 w 4 ki 'i • 1,11"
cocoa,1900,0,3009,2041,5.9664,True,epps's cocoa ton win fled it the vary moon you meat.
cocoa,1900,0,3009,2042,5.9669,True,"u mer bre4kfasts stope se rowntrees elect cocoa sport & pastime. (13, ;-covis4point.i rl7; nian.ino s.l.labo:` another fortzught. and the win... pritirne! veil.] b.. full swing, and a nuinhtii nf e..."
cocoa,1900,0,3009,2044,5.9703,True,epps's gratieful-com forti pig. cocoa breakfast and supper.
cocoa,1900,0,3009,2045,5.9709,True,"k ,'..4.-.:1. ;...;.? $ .., 1 .!, j., •%0.4., i.• 3.1.', • **i.i. .!:.• ~r,••• it; ?; at, s cocoa ~, .. • ""a / • a, .. • ter* in whci once established as the children's morning beverage, is always loo"
cocoa,1900,0,3009,2048,5.9717,True,ep-ps's cocoa essence ‘felcome at any hour of the day.
cocoa,1900,0,3009,2049,5.9721,True,"midnight arrests. alleged raid on a cocoa roo3i at the borough police court yesterday, james power and ferdinand geseter, labouring men, of 10. neptune-street, were charged with breaking and ..."
cocoa,1900,0,3009,2050,5.9764,True,"epps's grateful-comforting. cocoa areakfast and supper. the temptation of duncan rutland. by joseph hocking, author of ""the birthright,"" ""mistress nancy molesworth,"" ""all men are liar..."
cocoa,1900,0,3009,2051,5.9765,True,"laundry (british), prieedtvset —you* woman. tor iiand issohtne. waisted. 60615010 cocoa snd dining booing —wanted s good plain cool— a nag evening. 12. parkileld-svenue. 60/jaslo47"
cocoa,1900,0,3009,2053,5.9773,True,ths most nutritious'. epps's grateful-com fop.ti n g. cocoa orvkfast and supper. their majesties the
cocoa,1900,0,3009,2054,5.9778,True,"r.;,. • • • • -•• • • • .1: • • 11. •, ..• • • --,., co • .$1 t.4_y • • • • the cocoa bean. shell is not cocoa any more than husk is corn, or oyster- shells oysters, and to offer ground-up shell to co"
cocoa,1900,0,3009,2055,5.9785,True,".j cadbury's is cocoa and the best cocoa only. absolutely pure tiffefwe best. neston and parkgat hygienic laundry & cleaning co., ltd., laundrymen. dyers, and french clean..."
cocoa,1900,0,3009,2056,5.9793,True,cocoa the beet form of cocoa for every-day use. lunacy. the ma.yon the present law requires that all places where horses and cattle are sold shall be flagg...
cocoa,1900,0,3009,2057,5.9794,True,epps's grateful-comforting. cocoa sreasfast and supper.
cocoa,1900,0,3009,2058,5.9795,True,"nutrmous and cocoa roononacial. aloft rind by metiers ise thenwelese and their ohllldrea, who choose w esprit•"
cocoa,1900,0,3009,2059,5.9799,True,"cocoa mow to prevent mein, maw ge 0111p0 ammo lair own& ff and paikoaib fiyounnio laundry & cleaning co.. bro. laundrymen. dyer& a.nd french cleaners shirt..."
cocoa,1900,0,3009,2060,5.9817,True,"ihe utmost possible value in cocoa there are no special agents for this cocoa. it can be obtained from every grocer. told to go into the world to preach the gop!: -0.,' nations. that i..."
cocoa,1900,0,3009,2061,5.9824,True,grateful—comloming. cocoa fre a k fast—s upper. _ seleany2l
cocoa,1900,0,3009,2062,5.9861,True,"...rawford's cream crackers royal london friendly society staff associa- tlon. the above annual meeting of assistants was held on wednesday night at the cocoa 'romds, sankey-street, at eight o'clock, wh"
cocoa,1900,0,3009,2071,5.9907,True,"cadbury's better and values its the nicest cocoa also. the more indigestible the food, the more the necessity for the help of good mustard. most people take mustard with pork, for instance. it is it..."
cocoa,1900,0,3009,2073,5.9928,True,the most nutrmous. epps's grateful-comforting. cocoa breakfast and supper. auton bheffiew wulverlutnipton w
cocoa,1900,0,3009,2074,5.993,True,"cocoa am boot tom of oottoo s., wm"", -mir nm correspondence."
cocoa,1900,0,3009,2075,5.9937,True,"the most nutrmous. e p ps's grateful-comfortng. cocoa .reakfast-supper. science notes and gleanings. tin blood of animals poisoned with carbonic &cid loses its power of absorbing oxygen, but as italia"
cocoa,1900,0,3009,2078,5.9982,True,"/barry's pore cocoa _ ting sustaining. of all madleal men. (thgo fwilcox & co., 49, li9vrnorko _ reating apparatus greenhouses, for pagstors. 'ratite 1 eater., st ft1111..."
cocoa,1900,0,3009,2080,5.9995,True,"epps's grateful-com forting. cocoa !ireakfav"" an3"
cocoa,1900,0,3009,2081,6.0,True,"_ the most nutriuous. epps's grateful—comforting. cocoa •••.....------..-----_ ryaln du ow bents of osiers sod imo tr br qs.. it.dorismirm.thitli s silwr .is soir c:41,1:60olsoos"" is • salad for mot c"
cocoa,1900,0,3009,2084,6.0075,True,"grateful—comforting. cocoa the herald. police courts. middlesbrough. fridat ifc i r c. j. coleman. reit ind cr usa de. _ tom bookmaker. of si, cannon. street. and arthur t!tisp..."
cocoa,1900,0,3009,2085,6.0079,True,the most epps's grateful-com forting. cocoa isr_akfast and supper. automobile notes. it is only natural that in the forward move- ment which is being made in automobilisni a variety of differen...
cocoa,1900,0,3009,2087,6.0101,True,"r i rt ..•• ""it ill• :ood ""kitne cu... inse•rwt t cocoa lri times more nutritious than ordinary cocoa. delicious. di( f.viible in ti. 9d., 1/4, aid 2/6 mom,. etc. riioi3accos! ctoa.rs! cigarettes! rf "
cocoa,1900,0,3009,2088,6.0104,True,"epps's cocoa essence welcome at any hour of the day. 104697-11aro1d kelsey, 97, clarporation-rd., middlesbrough. 1:4598—a1f kelsey, 97, corporation-rd., middlesbr..."
cocoa,1900,0,3009,2090,6.0121,True,to bw..z epps's cocoa essence ildes-iis it lay—iiiir st the day.
cocoa,1900,0,3009,2093,6.0178,True,"th. e prost imtri77oi3sb e psys grateful—comoorting: cocoa -,titt416144611.175a"
cocoa,1900,0,3009,2094,6.0179,True,"cocoa bits from boobs. william the fourth's coronation. sir john mowbray, who died only a couple of years since, after enjoying for a brief while the title..."
cocoa,1900,0,3009,2096,6.0208,True,"the most nutritious. e p psgs cocoa thk ut w. ivan& an appnyciativii imitioil i as appnenu.v. aosta of the /ma w. i lams oxs.liwki•all • pantvapahr pop mu, of ala insult of 'yak sly"" i...."
cocoa,1900,0,3009,2097,6.021,True,"man can live 100 years epps's by better housing, better hygiene and better food. keep yourselves well and daily use cocoa the ',est suited for all ages and classes. weekly report on the health of warr"
cocoa,1900,0,3009,2098,6.0246,True,s's cocoa essence welcome at any hour of the day. 111 a ddiissb-•• spring cleaning a luxury. the 'atom' suction cleaning machine extracts all dust out of carpe...
cocoa,1900,0,3009,2099,6.025,True,"...wn mil ears in llll•miestarg nalmilies woos= ••• on imbibes ilimpow mo our, sow falaleselliliesell so siillasuse et she illiesqpinniens at lisiel“ se cocoa 07-sem"
cocoa,1900,0,3009,2100,6.0257,True,""". vr•p ..> -v.,.,.• ,""k vot r; f. ...4 ~v 1 ""2 .'"" ~ i• p -.. ,-•-• -,, .6., i,,-,.. ,3 .. i -,, ~ cocoa ""it contains all the health-ffiving properties of the cocoi bean in the most nourishing appeti"
cocoa,1900,0,3009,2102,6.0266,True,"... ler.116141( 1110 pipe, 1 i mitropolitaii madwdid3tb co., ltd., ii. instodulturaworlairorm. 11.0. frotis • pure concentrated 300 aeigiadlpavnasl4e""s• cocoa a"
cocoa,1900,0,3009,2103,6.0277,True,"...dard if highest purity.""—the lancet. (14'. 14. wo „ 4 1 kti,l ,!,100 xrinir r7.i""n .4! 4:kl v 4•,' $ '6,1 \''.:l t .... .s e eoeo pi 1/4„ 9 cadbury's cocoa is absolutely pure, and a `:94f.'‘ "
cocoa,1900,0,3009,2105,6.0293,True,"turwirwi../491.4rw‘1e s ct l:'11111"" • 4,, a 'it ..., cocoa absnitely pure piz:adore ust. u%--)c.ao cadeury's cocoa c•-. contains no added starch, alkalief, or colouring matter, which at'e often _ ti "
cocoa,1900,0,3009,2106,6.0316,True,"the most epps's grattful-com forting. cocoa isreakfabf and supper. sunday in tux churches sunday, june 23._ st. john's church—morning: venite, mae- farren psalms, ouseley, turk, elvv to dettm, ..."
cocoa,1900,0,3009,2107,6.0316,True,"s. s. eades, 43, lynn-street, west hartlepool. and at stockton, middlesbrolgu, spennym( or, sunderland, gateshead, jarrow, &c. plasmon cocoa conlains all the con- stituents able to support life."" no f"
cocoa,1900,0,3009,2108,6.0322,True,"cocoa breakfast—supper. printed and published by j. w. roberts, at his general printing and publishing office, bridge street, slaithwaite, yorke, friday, o..."
cocoa,1900,0,3009,2109,6.0341,True,"cocoa a frea-rent. delleleue, and aaast healthful beverage."
cocoa,1900,0,3009,2111,6.0356,True,"4 -:r.r ',a: \it rf • • • ‘:"" vtt-....• /4 • the best form of cocoa for every-clay use. charles and martha pharvey are alive. will they please communicate with friends. address 35, clarendon-avenue, n"
cocoa,1900,0,3009,2112,6.036,True,"cocoa a fr•grast. delletous. spa emit hultlttal boverfift ter of fort. that statement had beea veer 'mph enurgerirttd. toward. the elate pmf.. ilerkonser, ..."
cocoa,1900,0,3009,2113,6.038,True,"toni most nu/141110415. epps's cocoa breakfast- suppir -- ""boueda &allegretto wad i &it nook:* ""what'e the trembler ""0%, she asked no leo. i liked hor seder hat nw i told hor i thought s..."
cocoa,1900,0,3009,2114,6.0386,True,"cocoa the boss form of 000011 to erwrday -- h 111- 01. ia • t 5 2, 60 lou s o k 2 1 10 10"
cocoa,1900,0,3009,2115,6.0389,True,"man can live 100 years epps's by better housing, better hygiene and better food. keep yourseli well and ihily 'use cocoa the best suited for au ages and classes. bentham. re-uphalatering furniture, re"
cocoa,1900,0,3009,2116,6.0391,True,"cadbrary's cocoa absolutely pure, therefore best. •%-- •- • ws: • '• --allt-- \ 777i-:----- litth), / ilj/ .1 ':11; •1 ''' ',l i la./ -t: ..\ 'a&'1111 lig 1 -, 1 ii l..."
cocoa,1900,0,3009,2117,6.0392,True,"epps's oratiful-oomfortino. cocoa tli• most nutrmoan oat attleaine jusicenieiad sm11111) • om ja111111%.4t 7s6:7ooati. tgt, %max itistt.wv tiatifor. ibia. marl u. cook. kea at dssiraw..."
cocoa,1900,0,3009,2118,6.0395,True,"c .. 4 orip • 4 40, i i ../ ::• '''' .....: ''''' ~....,--,.4 .i. the best form of cocoa for every-clay use. mr. grosfield addresses liberal workers. the last of the series of ward meetings. the liber"
cocoa,1900,0,3009,2122,6.0437,True,cocoa breakfast—sup per. sollowso ail korrr alden ga•ftim gm 1 omr' i restliesl imokw sew as amp% a ris of ii e see kiss ceesseeti at tbe dee eser es sew a...
cocoa,1900,0,3009,2123,6.0439,True,"epps's cocoa txtrg & plates. for emit. if we oadainahls io poor dilarria. um and, oarriogo void. so forester queens, or so magnets, or forester regalia, or *' oar..."
cocoa,1900,0,3009,2126,6.0456,True,"epps's grateful-comforting. cocoa [1.411,....gfaf-: and"
cocoa,1900,0,3009,2127,6.0463,True,"midnight arrests. alleged raid on a cocoa roo3i at the borough police court yesterday, james power and ferdinand geseter, labouring men, of 10. neptune-street, were charged with breaking and ..."
cocoa,1900,0,3009,2128,6.0463,True,"eto4ç it<kola cocoa ft4elipa 1;( paper apparently thrown abide, she threw it into i..he fire, unaware of its contents. the bank notes were destroyed, and tome of the sov..."
cocoa,1900,0,3009,2133,6.0505,True,"turwirwi../491.4rw‘1e s ct l:'11111"" • 4,, a 'it ..., cocoa absnitely pure piz:adore ust. u%--)c.ao cadeury's cocoa c•-. contains no added starch, alkalief, or colouring matter, which at'e often _ ti "
cocoa,1900,0,3009,2135,6.0506,True,"cocoa • • during the qeone,i w,ek of deeemher there were 27 onthreeks of swine fever in england and wales es ermnrcred with z 1 in the previous eeek and 20..."
cocoa,1900,0,3009,2136,6.0509,True,"eli% en"" 1/2 o doul:c kettle requircil with plastneft oats no over night stewing thoroughly coolied in 4 minutes plabsmon cocoa the food cocoa tele proof lies with you 4 ut be sure it 13 plasmon, kowj"
cocoa,1900,0,3009,2137,6.0512,True,"• -., t•;,,s-.-- w.. 'tz,, ••,- -. ,1 f .. 5,.;••.. ~,' ~. mkt um ,;•. .., •,. .. s, 4; cocoa essence welcome at any hour of the day."
cocoa,1900,0,3009,2138,6.0525,True,"o,oooia the beet focal ot cocoa for ovory-dsr use"
cocoa,1900,0,3009,2139,6.0534,True,tits most nutritious. ep p sills cocoa a e albey-o•• draw baa awed te •obr the tows of bororkor with • free library sad num. if • imitable mital. obtakaal tho taws oo•aell oa to il l1z.a.....
cocoa,1900,0,3009,2141,6.0548,True,"cocoa the moat nutritiona and moonoatioal --f-' ootball notes. br itintems.] english league division i. molts op to davi. pll woa lost den 101. agit, pts i..."
cocoa,1900,0,3009,2142,6.0549,True,"11,0 cs im 11 cocoa favoured by the homes and hospitals of great britain. dainty sample tin free to any address. amazes—dß. tibbles' vi-cocoa (ltd.), 60, 61, and 62. bun..."
cocoa,1900,0,3009,2143,6.0559,True,"cocoa the beet form of cocoa for every-day use. county championship. cumberland v. lancashire. this county match was played at whitehaven on monday, under ..."
cocoa,1900,0,3009,2144,6.0562,True,"town hall,—thursday. before e. b. dawson s. satterthwaite, t. p. greene, and j. heald e3qrs. iron cocoanuts at a skerton sally. george walton, travelling show proprie- tor, was summoned for frail. chi"
cocoa,1900,0,3009,2145,6.0565,True,"e ,:00,, psls grateful-comforting. cocoa breakfast and supper, the examiner, priday, may 11, 1900."
cocoa,1900,0,3009,2146,6.0576,True,"cocoa tr.ii court. lu.io, fll_ly/11,11•inson and f. 550 111:1 on 'ell 1.01,11 eat in atti. 110 ti. the ex 5.511011 4.5 h 11v. i:hlehh. 51 th. arminf up the..."
cocoa,1900,0,3009,2147,6.058,True,"grateful-comforting. cocoa mrs. w. e. gladstone. much sympathy will go out to mrs. gladstone in her serious illness. mrs. gladstone is in her 88th year, and her health has been..."
cocoa,1900,0,3009,2152,6.0602,True,etpariy t.s.t.qb nie 'y • • epps's cocoa tm mut nutritious old noceetaloshl optirvip
cocoa,1900,0,3009,2154,6.0612,True,"epps's grateful-comforting. cocoa the most nutritious and economical. the new battleship she is to carry four twelve-inch guns, each capable of throwing an 850-pound shell through 42 ..."
cocoa,1900,0,3009,2155,6.0686,True,grateful-comforting. cocoa ar..-akfasi and supper.
cocoa,1900,0,3009,2156,6.069,True,• epps's improved cocoa essence meknes at say hour of the day.
cocoa,1900,0,3009,2157,6.0694,True,"epps's oratiful-comforting. cocoa th• art nutritious aid noma=leal lulkambrius. whoa mr. t% proeval. .41 i1.770:1"";.1.1;;;;j.: c'll2.bg 161111 slssm swam & wu, clonia p.a. wet abenkl ..."
cocoa,1900,0,3009,2160,6.0734,True,"...rkenhead iwandehers) new _ ground at the annual general meeting of the above northern union club to be held to- morrow (thursday) evening in gamble's cocoa room (161. conwayotreet), it wil"
cocoa,1900,0,3009,2161,6.0739,True,"9 • i 11 ^ flour th, om: spe big a choice of cocoa either the most nutritious and strength-giving te most nutritious, digestible, and econ- deal soup thickening obtainable. it is !cially prepared and "
cocoa,1900,0,3009,2162,6.0752,True,epps's cocoa 'a iiislesterbitasi a sostabise hit
cocoa,1900,0,3009,2163,6.0778,True,...ant frock. of simple but most elegant and becoming style is the beautiful frock pictured in our illus- tration. a fine light make of cloth in the new cocoa-colour is the material in which it is ac
cocoa,1900,0,3009,2164,6.0791,True,"...dard if highest purity.""—the lancet. (14'. 14. wo „ 4 1 kti,l ,!,100 xrinir r7.i""n .4! 4:kl v 4•,' $ '6,1 \''.:l t .... .s e eoeo pi 1/4„ 9 cadbury's cocoa is absolutely pure, and a `:94f.'‘ "
cocoa,1900,0,3009,2167,6.0812,True,"low bentham eemonit eteingjouineymi to 113 r. too and :were defeatett, the se.;cae being: low wmtharn hortan j s ibe no cocoa •011‘)"
cocoa,1900,0,3009,2168,6.0812,True,"i- woman, respectable, would be glad of daily work. %tv washing. cbaning, etc.; cu manage cocoa room business; good worket.—address lb. station-road. doak'. le2 vu'oiian, respectable, wanti daily work"
cocoa,1900,0,3009,2169,6.0813,True,re -breaktrat tablo oesipleto without epps's grateful-.oopafortino. cocoa tim moot nutritious _ aid beitassiask
cocoa,1900,0,3009,2171,6.0834,True,"es ylekaiie at aily—bettr of tin day. libeled* ,pps's cocoa 'sence"
cocoa,1900,0,3009,2172,6.085,True,th. most nutritious. epps's -or;taftl3—comf7:4tbag. cocoa broailbsisupp•i.6 raw. stid is mortal film 'remand. this •pposr to b. tb• 114 _ eser•admiral id merles dereateni ikes' we promote des twa/mire
cocoa,1900,0,3009,2173,6.0857,True,"116; =mt_ omeand sarsam.l-64.144. caw cocoa le absslatag wes bee fres or sag waters. /wile seti"".lloe—se eller came amp eflea imee he the ewe et mobs pen. croat tor unitarian view of peace. add..."
cocoa,1900,0,3009,2174,6.087,True,"...ts pagmaki 1110=mirs. msg. back and avms den con- phigranizoi ma nisiokther,_/msz= 'az= we* 211,—fark. eikiiclocii—o iris 'doh mos 1111 par p.rd. gur cocoa autrino. paves wiik grail,. ham yr"
cocoa,1900,0,3009,2176,6.0878,True,"val aids i)*gistion. -- braces the nerves 7 -p la as mon cocoa hs-s one cup contains more nourishment than ten cups cups of any ord:nary cocoa. is absolutely free from chomicals. lit tin/. 9(1, 17/air"
cocoa,1900,0,3009,2178,6.0892,True,"epps's grateful-com forting. cocoa the most nutritious and economical football. lancashire combination. a"" division. pld. won lost drn. accrington stanley 24 .. 16 5 3 .. 35 m.,ncheste..."
cocoa,1900,0,3009,2179,6.0896,True,epps's grate ful-com forting. cocoa breakfast and supper.
cocoa,1900,0,3009,2180,6.0917,True,"the most nutritiour.."". e ps's fateful-comforting. cocoa reakfasi--,9upper, _"
cocoa,1900,0,3009,2181,6.0929,True,"e p ps's grateful-comforting. cocoa garden work. ton flower gaapix. standard briars will look well now after the frequent showers we have had lately, and the cool atmosphere has wonderf..."
cocoa,1900,0,3009,2183,6.0954,True,the most nutritious. epps's grateful—comforting. cocoa _ breakfast—supper. _ 304 n
cocoa,1900,0,3009,2185,6.0967,True,"thft most nutritious. epps's grateful—comforting. cocoa marris, willows, & smith."
cocoa,1900,0,3009,2186,6.0967,True,"cocoa a trnerape. dellrtnas, aad moat 1....1rani beverage."
cocoa,1900,0,3009,2187,6.0981,True,"royal london friendly society staff associa- tion. the above annual meeting of assistants was held on wednesday night at the cocoa rooms, sankey-street, at eight o'clock, when a fairly good attendance"
cocoa,1900,0,3009,2188,6.1013,True,"zugsns,4oo,4ffeduopueartit"" !!'§,l) c9coa absolutely purt s therefore best. s fti *.4 e.o4—ca-1 6,s 1,1;, wli cadoury's cocoa n contains no added starch, alkalies, or colouring matter, which are often"
cocoa,1900,0,3009,2190,6.1031,True,"oh • 5 7,4 3 also ts cocoa regularly p 4 kg 4= either with meals na wor between meals w wlt is a safe, refreshing, and w tr winter,summer, and' i for i to r 7 the year round. p..."
cocoa,1900,0,3009,2191,6.1032,True,"a fraud upon thz consumer. mazawattee cocoa punistinetly cruel towards her, aid she had left him ken tines, sad thee pa beak to him be bed dews bar arm the skim amid tempi her lei ell the boar ..."
cocoa,1900,0,3009,2193,6.1044,True,cocoa cho best fenria of moos for every-day sae. ....•nenmiimiii
cocoa,1900,0,3009,2195,6.1061,True,"royal london friendly society staff associa- tion. the above annual meeting of assistants was held on wednesday night at the cocoa rooms, sankey-street, at eight o'clock, when a fairly good attendance"
cocoa,1900,0,3009,2197,6.1084,True,".......--z ms aulsellmisuallela in adsiam sw or& na- ftali= mellbessillbovelissamestaii owesillianftlensibleallolllp•win •••• thossemosen as a eserse as cocoa alfweux4,llllo -....""'"
cocoa,1900,0,3009,2198,6.1091,True,"no most nutritious. epps's -gralsail:comforting. cocoa a ?similar lean b. p wrimiuri lod. ia prm browa• nod oeirldr4ve ream via he morit lea • emts,7 hod thaw et aus is soma ostlislis chaniksl."
cocoa,1900,0,3009,2199,6.1096,True,";., .. 4,4 vi ,2i. of- iny4 ~' :"" m 111'1/4,, b jvd. e 'a' k: i"" .44, • if,,•,..:, • ~.• 'fr,, ,4„. ,14, ~.:' ,-...c.""- ,f'..,0 -..i cocoa in and were much enjoyed, particularly by the young people. a"
cocoa,1900,0,3009,2200,6.1104,True,"the food cocoa agree will be found dainty, palatable and nourishing. your grocer sells all foods. ~ ~„,...4x il,, -,-. • -,,- :-,-.:14i,,,,,,e4.1-,. .• dr:, „sac' :..."
cocoa,1900,0,3009,2201,6.1112,True,"...doa ilaathester leads bradford aodkatta te h. locale ats: j. p. keels, .11.6 sal. 6 s'rannotith-street, birkettlboad. ...ad 66. cp nourishing. lasmon cocoa sot 1111111714* driak—ihmia"
cocoa,1900,0,3009,2202,6.1119,True,"and the plain and simple fact that mazawattee cocoa is twice the strength of any other british- made cocoa, and goes twice as far, is so stubborn that it cannot possibly be got over. nothing is easier"
cocoa,1900,0,3009,2203,6.1126,True,tbe most nutritious. ep p s's cocoa dirootor of elm. ;adak aduarimo at tlerr york kos warlike& • hemostat for girt di. tim mom frodurat irina. usable ir lb. mod or wi. awe by • rod ow4....
cocoa,1900,0,3009,2204,6.1133,True,"epps's cocoa by better housing, better hygisns and better food. keep yourself well and daily use"
cocoa,1900,0,3009,2205,6.1133,True,"...abour m.p.'s. a new move: the first step. mr 11. h. hughes preside:l at a meeting of the darlington trades council, held on wednesday at a.rmstrong's cocoa room.— the him. secretary (mr m. harrison) "
cocoa,1900,0,3009,2206,6.1135,True,"cocoa the beet term of 00c0ii for every-day use. printed and published by j. w. roberts, at his general printing and publishing office, bridge street, slai..."
cocoa,1900,0,3009,2207,6.1147,True,"---u- the most nutritious. epps's grateful-comforting. cocoa ')r' fast and surfer. will dispute settled. in the probate and divorce division, before sir f. jenne and a special jury, curtis and another"
cocoa,1900,0,3009,2208,6.1157,True,"a-d- bilj .::,, 0,.0::,::::„•• v. 5., t• • t( ,i• :4:1,01.1 1: • ""..,e3.' .4.• 4-.a5z.i.t ''' :1 cocoa i.4iwiest in quality. i.43weisat in iprico. women's chat. a soft point in america.—an indian prin"
cocoa,1900,0,3009,2210,6.1171,True,epps's cocoa essence welcome at any wiu. of the dtka.
cocoa,1900,0,3009,2211,6.1182,True,*1 grateful-comforting. 3 cocoa the most nutritious and economical. w3men's chat. historic castles and their heirs:—september has been remarkable for the coming of age of several he...
cocoa,1900,0,3009,2212,6.1207,True,"epps's cocoa dreanfast and suppet saturday. thp, allies' at pekin. message from sir a. gaselee. sca ra 'ity of food. judging from its eontptitm, gentral tiaselee'..."
cocoa,1900,0,3009,2213,6.1217,True,"...s's oases oases very =lob dump than oreee co dm: dr. zamall ✓ays. ""art sestalas rimer ilb• ✓reasst seesaws to dm growth sad mistairase er the beitr."" cocoa a trsersat. maim& 104 fart msltalia belle"
cocoa,1900,0,3009,2214,6.122,True,"cocoa the best form of cocos tor •torprlas we. :41 1111.4 ,41:1 :tly '(i ,11.1ir. a, 1111 d 11l ell 1.111 ly ,44141, 010,0 0, had gi1..114 1,111111414. r ...."
cocoa,1900,0,3009,2215,6.1224,True,"you n make you will enjoy every cup. no cocoa eql),ls it. van houten's cocoa. only one quality. best & goes farthest. them intha ranks of temperance when they left bands of hope and went to work...."
cocoa,1900,0,3009,2217,6.1256,True,suchard sochard's cocoa is inside with all the knowledge and skill of 76 years experience; and with the care of world. wide trade. elm. mr • yetft. • watt et wow.. if you do...
cocoa,1900,0,3009,2220,6.1314,True,"iterllni- qii-all-t-i-e-e-a;•-• cocoa apdrealated by ail cleveland's steel output the value of sir lowthian bell's researches, the ""westminster gazette"" says :—sir 1 isaac lowthian bell, ..."
cocoa,1900,0,3009,2224,6.1341,True,"cocoa c•is kakfast £lllo supper. estate and house agents print- ing.—w mow thll & pogers for property salet.—the gnrette printing works, 88. abbey street, ..."
cocoa,1900,0,3009,2225,6.1344,True,"*lay lot mak coooll. why sok wiwi thy het? li, mazawattee cocoa toil hays • hal ammo, of ammo. ""a""..."".. remil aroma totployed 'at tto so .111.113011:1, wombed wi ail filis ocitio of sim tropioal moot"
cocoa,1900,0,3009,2227,6.14,True,"inc most nutritious. e pp s's cocoa breakfast- suppiem tao -llerold"" dm. sot swot to • moot n. it io • irlilelreireolatoi jooraal. rod .11=1wfolital -0c21""111or rro moo sot •avortimil i..."
cocoa,1900,0,3009,2228,6.1413,True,"business premises to be sold 101serien1iead docks.—very dna boarding -1-11 house, restaurant, and cocoa hoomi; promin. eat position; main thoroughfare. ihtew imoirron.—victoria-roul. —pint °lase shop "
cocoa,1900,0,3009,2229,6.1418,True,"cocoa !,*, !"".^: •!, a:tt >upper. coleman's ca! the finest tonic in me world. 65 c tgi e zajl 11; ;lim 6,000 nodwich a london. iip ,toott fear rooroderful ..."
cocoa,1900,0,3009,2231,6.1424,True,esse ce welcome at soy mu of th: jay. pps's cocoa n
cocoa,1900,0,3009,2233,6.1456,True,cocoa invaluable to ail wycliffe p.s.a._ sgclety. there was an open meeting of this society oa sunday last when alderman david tinnion presided. he stated ...
cocoa,1900,0,3009,2234,6.1462,True,"mete natural food co., d na l green, london. e. _ try n f. 0000a.—tou do not know what a good cocoa is like if you have not had it. it agrees when others disagree. send is or 2s fici for a tin. 4 • .•"
cocoa,1900,0,3009,2235,6.1463,True,epps's oratepul-oomfortino. cocoa the most nateltioni lad locapamiek int'erbsting
cocoa,1900,0,3009,2236,6.1474,True,"cocoa breakfast- supper. 'jut fabhailed, poet free, constantine and jackson's illustrated and descriptive price list of surgical ludiaralber appliances, tr..."
cocoa,1900,0,3009,2237,6.1489,True,"cocoa in sommieno• vita • ismer ventetren rig tke street wm., committee, lastnetitee love bow given te the serendm sketritel sugimoto to mart obetrielâlt p..."
cocoa,1900,0,3009,2240,6.1499,True,"cocoa is absolutely pure— most refreshing, invigorating, and sustaining, guy's hospital gazette says: -from practical experience we can say that it possess..."
cocoa,1900,0,3009,2241,6.1524,True,"the motor car in commerce. messrs.cs dbury, of cocoa fame, utilise motor cars for the distribution of the precincts of their works. the holding capacity of each car is very large, and it can make a lo"
cocoa,1900,0,3009,2243,6.1539,True,"mazawattee cocoa .;0 ~,, 0 -,'.. -ii: ....„:„ ~. '4.,,, ~.o. nine-tenths of the ills humanity endures are unnecessary ills. for instance rheumatism anaemia gout indig..."
cocoa,1900,0,3009,2245,6.1544,True,e being dis. its invigo: its delici4 taming cocoa nit after th
cocoa,1900,0,3009,2246,6.1548,True,cocoa th•—bimat fairs— et 0010ib for every-day ds*.
cocoa,1900,0,3009,2247,6.1571,True,"4‘;.3 #.iiiw t not presents or coupons. the full value is in the cocoa women's chat. january anniversaries.—the present month is not welcomed by ceitain members of the royal family, for the reason tha"
cocoa,1900,0,3009,2250,6.163,True,cocoa _ hlgrinnit in quality. i.nwant in anicie.
cocoa,1900,0,3009,2251,6.1641,True,"•-; a • 4t.'•• a 4);, • a •- •.• 'po 0 • • the best form of cocoa for every-day vvisl ed the examiner, saturday, april 16, 1904. warrington town council. budget night -a four hours' sitting. lively sc"
cocoa,1900,0,3009,2252,6.1655,True,"...dard if highest purity.""—the lancet. (14'. 14. wo „ 4 1 kti,l ,!,100 xrinir r7.i""n .4! 4:kl v 4•,' $ '6,1 \''.:l t .... .s e eoeo pi 1/4„ 9 cadbury's cocoa is absolutely pure, and a `:94f.'‘ "
cocoa,1900,0,3009,2253,6.1672,True,"t&l, cocoa is a natural food pro- duct, and is absolutely pure and untampered with. it_ is .a. whole- _ some, healthful beverage pure, refined, digestible; and ..."
cocoa,1900,0,3009,2254,6.1676,True,"it is aule to support life."" —lost cup .c' cocoa eon tainsmore nourishment nu 10 ,eufs of any ordinary a, awl ia absolutaly*llo from chemioala nol:ktlstila war ms. 'renfiifin."
cocoa,1900,0,3009,2256,6.1685,True,"h, :„.....,, a :, 4 ate, the best form of cocoa for every-day •,:se, re-vaccination of children. councillor stott moved that the recommendation of the general purposes committee that a petition be ..."
cocoa,1900,0,3009,2257,6.1687,True,epps's cocoa epps;ii-caoa epps's cocoa salleal dayme vw-ronis lot rocilyv.—the bev. w.& lioulgate. of fleetwood. save • capital looter. lecture to the members of ...
cocoa,1900,0,3009,2258,6.1695,True,the most nutritious. epps's grateful—comforting. cocoa •upper.
cocoa,1900,0,3009,2259,6.1746,True,"epps's cocoa by better housing, better hygiene and better food. beep yourself well and daily uso"
cocoa,1900,0,3009,2260,6.1747,True,"ep s's grateful-comforting. cocoa the most nutritious and economical. • --r •-• ..---op,'""""*.s. ~... .. _ *7- -.7.:..-- •, * -,' * -7-- —; ..: .•,--- -- ""..-..- -. -,-.:1 • ~,,, ._ _...."
cocoa,1900,0,3009,2262,6.1773,True,"41buralk?95 f _ cocoa because it is a perfect natural fe3:l of aholvte purity, and ministers to the physical rrements of the young in an eminent degree. it contains all th..."
cocoa,1900,0,3009,2264,6.1815,True,ep p grateful-comforting. cocoa breakfast-supper. ;if v mumminemmimminiminimii
cocoa,1900,0,3009,2265,6.1836,True,"proposed chess club. it is proposed to form a chess club at the bridge street cocoa rooms and the promoters would be glad if anyone willing to join would hand in his name to the manager, mr. starkey, "
cocoa,1900,0,3009,2266,6.1843,True,"mazawattee cocoa while for nourishing the system, and bracing it for exertios it possesses very exceptional qualifications."" gordon stables, c. 11., mx.. b.a."
cocoa,1900,0,3009,2269,6.1865,True,"'''; 1 d ~,,‘ il 01, 6 0 s# a fraud upon 7 it ~i. 1 i ,4-11 -ir pra 4- a-1, a i',a z a -g,' :t tee ts insures vile utmost possible value in cocoa there are no special agents for this cocoa. it can be "
cocoa,1900,0,3009,2270,6.1869,True,"cocoa invaluable to all. vi've your orders for the factory times to your bookseller at once, and be sore yen get is. e- actor!' 'limes aims a; being a sple..."
cocoa,1900,0,3009,2271,6.1871,True,"the most nutritious. e p ps's grateful-comforting. cocoa prince's visit to bristol the prince of wales has consented to visit bristol on march sth. to cut the first sod of the new dock at avonmouth, w"
cocoa,1900,0,3009,2273,6.1904,True,cocoa the best torso of cocoa for-every-day use. here's a grand une. for many ether novelties write for oar illustrated cata- logue. post free. 'e lectric ...
cocoa,1900,0,3009,2275,6.192,True,"midnight arrests. alleged raid on a cocoa roo3i at the borough police court yesterday, james power and ferdinand geseter, labouring men, of 10. neptune-street, were charged with breaking and ..."
cocoa,1900,0,3009,2276,6.1926,True,the yellow badge. the most nut f4itiovs. e p psgs grateful-comfortmul cocoa breakfast-supper. tit-bits of interest.' durable shoes for men are now made of pig- skin. :lisa word with most syllables ia 
cocoa,1900,0,3009,2278,6.1939,True,"epps's grateful-comforting. cocoa the london cabby's 1 credentials. i everyone is probably aware that the driver of a hansom cab, omnibus or other public vehicle in the london metropo..."
cocoa,1900,0,3009,2279,6.1941,True,"... —it is easy to digest, and i find nothing so refreshing and nourishing after a severe feat of strength."" winners of the english cup, 1902. cadbury's cocoa is 4`a perfect food."" her strang"
cocoa,1900,0,3009,2280,6.1943,True,"elli;iii s s cocoa a young astor slob's( to make • gaol lapremessa up•e allessele fem., wet iseisd the het tint ise bad ereen.d a medd. ed. oaeiee. as it aces lie bad s..."
cocoa,1900,0,3009,2282,6.1947,True,"cocoa tie moot nutritious mid 'economical tram to tho adialsol ma a,. •`` eir•sport mimosa.... ea •..!. • ••••• snood to sows ism prom .••• ,a as of twirl ..."
cocoa,1900,0,3009,2284,6.1949,True,epps's improved cocoa esseme walooms at any hour d the day.
cocoa,1900,0,3009,2286,6.1969,True,"cadbury's cocoa 010p140r0l#4;, absolutely pim therefore best. ut-mn cadbury's cocoa contains no added starch, alkalies, or colouring matter, which are often n used t..."
cocoa,1900,0,3009,2289,6.1975,True,"theosophy. lecture in ripon. a lecture on ""re.incarnation"" was given at the cocoa house, westgate, last friday even- ing, by miss h hodgson smith, of harrogate, the chair being taken by mr hodgson smi"
cocoa,1900,0,3009,2290,6.1982,True,"cocoa latar solves the digestio what was required was a light, nourishi satisfying food, i --"
cocoa,1900,0,3009,2291,6.1998,True,cocoa tht-)--bet form ot cocoa for 07'01u-day um hot days and light diet. doom of the good old heavy breakfast. a london grievance. amording to biblical te...
cocoa,1900,0,3009,2292,6.2008,True,as analdbil table ailigleis mimi epps's cocoa tm imo nsmime mill smsawahsal
cocoa,1900,0,3009,2293,6.2009,True,"the. most nutrjtious. f ps is ep gateful-comforting. cocoa ripon city court. at the ripon city court, on wednesday, before j. baynes esq. (chairman), j. b. lee, t. smithson, f. smith, t. williamson, i"
cocoa,1900,0,3009,2294,6.2014,True,"cocoa a delicious drink and a sustaining food. not decked with diamonds, or indian tones in order to be seen."" exactly. we go about with a crown on our hea..."
cocoa,1900,0,3009,2295,6.2014,True,"presentation to sert. j. h. bruce. a useful gift. on friday night, at the cocoa house, west- gate, the members of the ripon road club presented sergt. j. h. bruce, a member of the club, and who on sat"
cocoa,1900,0,3009,2297,6.2038,True,mazawattee latariba cocoa • is irreproachable. poi simi ramo. john parkinson's flour a may immo.
cocoa,1900,0,3009,2300,6.2073,True,"zugsns,4oo,4ffeduopueartit"" !!'§,l) c9coa absolutely purt s therefore best. s fti *.4 e.o4—ca-1 6,s 1,1;, wli cadoury's cocoa n contains no added starch, alkalies, or colouring matter, which are often"
cocoa,1900,0,3009,2302,6.2084,True,"epps's cocoa you will flud it the very cocoa v( n want. lanc the '1 lengthy 1,, a burl t is just o' cailcil to in connect sage some a tire of e in some. f, uwe di..."
cocoa,1900,0,3009,2304,6.2127,True,"tn! most nutritious. ~epps,s 1 grateful-com forting. cocoa breakfast and 7,'jppei sports&athletics football. fixtures for to-morrow. played on the ground of the first-named club. rugby northern union."
cocoa,1900,0,3009,2305,6.2137,True,the licst nutriticus cocoa. a's g2ateful-comfortinci. cocoa for breakfast and buppefl louis botha. the boer leader who is reported negotiating teen's cf surrender. it is & rema...
cocoa,1900,0,3009,2307,6.2168,True,"highest honours, so- shar cocoa stained with blood and spots. witness gave !'..irn another sheet to htinmur hint. lout when he again name down a fourth times wit raw ,oclered him ba..."
cocoa,1900,0,3009,2308,6.2189,True,"suchard it costs no more to use the be cocoa than some of the poor ones--there are plenty of them. besides, it's ignored: if you don't like it, your dealer re- turns your loolsey, all of it. sol..."
cocoa,1900,0,3009,2309,6.2204,True,"tho most nutritious. e p p s' s gratsful—coustortiog. cocoa .willba mem laftbrr warr. dere ilo parr ibrairy. warld wade ma pravda, emery kr !orb ea ur femoral wbr as purr war • gar he 1•11 se ild• gir"
cocoa,1900,0,3009,2312,6.2223,True,"9 74- pa .4, g tr; • • •tl, 0, ricr, job v 17.4, 4 < 1 rio • v • „ •1. 1 here is a, cocoa that you can drink at last, it ti '- 6- pi; .---• zi ..4 -1.,.. ?) ~. 1 ,g,l ,re 4r. i:c• •"
cocoa,1900,0,3009,2314,6.2242,True,"epps's grateful-comforting. cocoa you will find it the very cocoa you want. monsty agreed to in• defendant in each case. in all ,gg after this decision davies gm were charged with aid..."
cocoa,1900,0,3009,2315,6.2243,True,"ply's pure concentrated lifts. cocoa i ii -. ..,,.. -""•-.412 0-ve n v... • an ever ready household 1 loosens ffiloo•8 .. ali., -06 h. gwes inneciate ~..__ _. e'r linum catharticum pills...."
cocoa,1900,0,3009,2316,6.2248,True,tne most nutritious epps's grateful-comforting. cocoa breakfast and supper. by suck warrant lonnaliii6ri 10 ite wm 1 cdi lifflgn c bells a h-tart'sf'• dome supinfine.. * * .-
cocoa,1900,0,3009,2317,6.2255,True,"cocoa lit,! tors oraira el siphon mawst at"" /11.166. harbor kw lon* ship- wmtai hop. ping tads i• ti; saris • vieetwi.iil and borrow trinity homo gams to ,..."
cocoa,1900,0,3009,2319,6.2276,True,"cocoa we give you free i 04;41—eir:1 pie ilam brier, free for ijltiioßln arlieles. the clean white look of your front teeth may be the only way other peopl..."
cocoa,1900,0,3009,2320,6.2287,True,"cocoa breakfast-supper. oy4t pills 4te.ei for 'fema le"" • (mum, ocnumor all 111111egiilarmes, =mots all onstm.-rrion a, and relieve the distressing symptom..."
cocoa,1900,0,3009,2321,6.2299,True,epps's eitateful-conifortinil cocoa ifor ibriakfast iwo supper.
cocoa,1900,0,3009,2322,6.2329,True,epps's grateful-comforting. cocoa breakfast and supper. benson neg l lesisshw t e wa:ranted nn i ch es .caglish watches—the best timekeepers. thousands of testimonials. guaranteed for...
cocoa,1900,0,3009,2324,6.2376,True,"x * rt rt,,,, .0,,. f,,,...rciv.5.,, sdi,9 4..,44.4. ljil '4 4 .1 p,v t."".•42, ~...""....) ''' i,s' e..,' e; cocoa becnsc it is a perfect natisral food of a!)solute purity, and raia:ster3 to the physic"
cocoa,1900,0,3009,2325,6.2432,True,epps's orateful-00mfownnu. cocoa you will find it the very ooce& you west.
cocoa,1900,0,3009,2327,6.2437,True,"the most nutritious. epps's grateful—comforting. cocoa breakfast—supper. children's league of kindness, conducted by ""uncle george."" ""he prayeth best who loveth best, all things both great and small."""
cocoa,1900,0,3009,2328,6.2449,True,epps's cocoa tm nowt natritlees aal demonaloal sunlight soap the gam of tho laundry. sunlight soap the &id clothes washer. sunlight soap the greet linen preserver...
cocoa,1900,0,3009,2331,6.2486,True,"800ri o'he .rtandard of liiihcit rurity... adburv s 1r cococi alone, there is more pure cocoa in a packet of cadbury's; hencea given quantity makes more bevel.. age of a better quality. on the lairs a"
cocoa,1900,0,3009,2332,6.2496,True,"...ot the replayed mini-anal ti. at gar- titan molt a:atm-day between itirkenlitad and garaton gmwmka the following nff6 ten cannot amnia, bays a bettor cocoa than"
cocoa,1900,0,3009,2333,6.2497,True,"epps's cocoa by better housing, better hygiene and better food. keep yourself well and daily use"
cocoa,1900,0,3009,2334,6.2497,True,"epps's cocoa by better housing, better hygiene and better food. keep yourself well and daily use"
cocoa,1900,0,3009,2335,6.2497,True,"epps's cocoa by better housing, better hygiene and better food. keep yourself well and daily use"
cocoa,1900,0,3009,2336,6.2497,True,"epps's cocoa by better housing, better hygiene and better food. keep yourself well and daily use"
cocoa,1900,0,3009,2341,6.2554,True,"cocoa the beat form of oeoes tor every-day see. 1 th e art of the camera, t: 6 6 • lora' viff n .111 etstra p 4ei rar* tcf: ina6 immo t‘ to • d gc- cigc g ..."
cocoa,1900,0,3009,2342,6.2559,True,"cocoa t!, i:est form of cocoa revery-day use. no lancing or cumng sequireil if yon use the ivorld.renowned '; burgess' uon ointment./ -7. it has raved many..."
cocoa,1900,0,3009,2345,6.2609,True,"liptons, ltd., tea, coffee and cocoa planters, ceylon. chief offices: city road, london. local branches: 43, penny street, lancaster. local agent: m. hothersall, lower church street, lan..."
cocoa,1900,0,3009,2346,6.2617,True,"warrington temperance federation. annual meeting. the anaual meeting of the warrington temperance federation was held in tne florsemarket-ureet• cocoa rooms on thursday last week, councillor luke elli"
cocoa,1900,0,3009,2347,6.2653,True,"fanciers' annual meeting. the annual meeting of the driffield and die- triet fanciers' society took place on tuesday evening at the cocoa itooms, when a very satis- factory balance sheet, showing that"
cocoa,1900,0,3009,2350,6.27,True,epps's cocoa a delicions drink and i sustaininl toad.
cocoa,1900,0,3009,2352,6.2746,True,the most nutritious cocoa. e p p s's grateful-comforting. cocoa for breakfast and suppeil eitockton and thornaby herald. mr bryce on liberal north yorkshire bell- imperialism....
cocoa,1900,0,3009,2354,6.2763,True,"after three-quarters of a century as cocoa the best form of cocoa for every-day use. about bright's disease. from phcenix green, winchfleld, hants, comes the report of a case which is sure to ..."
cocoa,1900,0,3009,2355,6.2789,True,"the most nutritious. ps's 4rateful-gomforting. cocoa a reakfast—s u p per, the baron's choice, alice isaacson (author of ""after ten years,"" le) eiiapteri. ""so the herr baron is to marry his, cousin, t"
cocoa,1900,0,3009,2356,6.2789,True,lancaster teachers' association. the most nutritious. epps's grateful-comforting. cocoa '3azanfabt and suppli.
cocoa,1900,0,3009,2357,6.2798,True,epps's cocoa essence welcome at any hair st the day.
cocoa,1900,0,3009,2358,6.2809,True,cocoa a resagf•at. deiio•puip. sad =ea maatatal imptotiibi6 in a eanatry &aid oat tar from leeds lb* following sild ewes mee jast been galbered:—priaroma r...
cocoa,1900,0,3009,2359,6.2829,True,"/0 0 cocoa s weeping brooms eared a: 4n. & 50. zack. mdetimil valltz. at 3 •ker'i3, rs :oad & haxptoiii-11trx1r."
cocoa,1900,0,3009,2360,6.2855,True,"complete without illii •:::iiiiiii, .tvaii::.e.4 ..:.• g ',l•4ryi`, map4- • ?"". -, -:-. ~ ..; 4 qrateful-comforting. cocoa il'he most nutritious and economical."
cocoa,1900,0,3009,2361,6.2866,True,1141ciwoit nutritpous. epps's grateful-com fortin:i cocoa breakfast-supper.
cocoa,1900,0,3009,2362,6.2874,True,"cocoa lovall-tabl• to alb the late ifarquis's secretary. tho into .marquia's private eeereta.ry, riehard thomae. dunton, followed lady gwondolon in the lfl..."
cocoa,1900,0,3009,2364,6.29,True,"mazawattee cocoa i. • owl sweat usieismes, and ea leviesuily *** *** the gales, ""ma 14 is impsidlis war- •••• om* is • valialis kose easississlis immtil lonnivin lel ..."
cocoa,1900,0,3009,2366,6.2909,True,epps's cocoa essence welcome at any hoar ----• at the day.
cocoa,1900,0,3009,2367,6.2912,True,"cocoa refined, stimulating, digestible. ""the standard of richest purity."" -the lancet. cadbury's cocoa: the great refresher all the year round, being at on..."
cocoa,1900,0,3009,2370,6.2967,True,...l t. liverpol anotaila plot /wet and £310111211 drawn gaud roc dr wad comorlot nooday. blackpool and lo••••• 1 act co deady to not= dwell maw um wool cocoa of do oa. coihr
cocoa,1900,0,3009,2374,6.3006,True,",wiiy don't you drink vi-cocoa ?"" every working man and woman should be asked this qaestion daily. the opinion of the rey. f. f. taylor, of sud- denham, near manchester, who writes..."
cocoa,1900,0,3009,2375,6.3008,True,"cocoa a. fragrant, dellethuh awl almost healthful lerveretia"
cocoa,1900,0,3009,2377,6.3017,True,"breakfastless school children. free breakfasts of dry bread and cocoa have again been provided this week at the ragged school each morning from 745 to 90. forty-four were present on monday, 50 on tues"
cocoa,1900,0,3009,2378,6.3023,True,"the main of the nom to miirga ii, mazawattee cocoa the auvaliita luau. whet 0•1•7 001 c."" bl"" •14."" is •• • ••••••1•1 ila am, cm• i• • ine•••• ansioli et itagorarees doom rib la"" fisissudel rumor le w"
cocoa,1900,0,3009,2379,6.3056,True,"cocoa • the majestic, of the white star line, arrived in the mersey from in-ew york about half-past eight o'clock on wednesday evening. amongst the second-..."
cocoa,1900,0,3009,2380,6.3109,True,bury's lad cocoa rhe lancet. delicious & ladulteratiid. soothing a sustaining. lieri n=gretbor: tidy digested bevenigt pure =l;sse.ae=sivreaebaild iiiitifirtap.at in ...
cocoa,1900,0,3009,2381,6.311,True,"ep.ps's cocoa accrington and district league. ""• division. flood won loot dna pt. chura 13.aptials 3 2 0 1 5 mount pieaaant woodnook baptista 2 2 0 0 4 union stree..."
cocoa,1900,0,3009,2382,6.3115,True,"epps's cocoa fbis mem llspftiolle sad illoosondeal rugby. x&senlimad park • allnc -.44 ws p. ilonot at 3110. para; 1,.. & dap 7°. *—""=""*.pi. at • • °l..irral a lp..."
cocoa,1900,0,3009,2385,6.3163,True,"when you have plasmon cocoa plasmon oats for supper. made in a tew minut a pretty art metal box toll of samples and a 1/- cookery book free tor 3/6 from milano ld, farringdon st..."
cocoa,1900,0,3009,2388,6.3183,True,"the most nuteitiou3. epps's grateful-oo2f.forting. cocoa breakfast and supper. cricket fixtures. _ accrington first team,"
cocoa,1900,0,3009,2389,6.3193,True,"...s's ""moss stands vies masa wow sass coffee et tea: d. zambia pam -and esstaase evsey tia• wadies% aesaassztta thogreirti sad sastmases et tits body."" cocoa a fragrant. a•iletalta. and mast hgaltbfu"
cocoa,1900,0,3009,2390,6.3197,True,"epps's oratipul-oomfortin4 cocoa wove .-- araxatim•d 1.,& v siial:ogly.—at lark. 111411 awn= 77/74i. 1111.1.' diw•00/04.., -al, mat rig. ilanire kitail• ft- o. • da... w. s. jallit b..."
cocoa,1900,0,3009,2391,6.3212,True,"""i really must use vi-cocoa."" thousands of men and women, after reading the particulars published respecting the merits of dr. tibbles' vi-cocoa, have been induced to become reg..."
cocoa,1900,0,3009,2392,6.3214,True,"van! ':outeris cocoa good stories flom america. yes,"" sad farmer josiah is devotire a g gaillea ale light literatw ""isn't that a rather ten, ""yes. but you see, all the bi..."
cocoa,1900,0,3009,2393,6.3259,True,azawattee cocoa mazawattee cocoa further improvements are to be made to the churchyard at newton-undecßomborry. some anxiety ia being felt a scarborough through the ...
cocoa,1900,0,3009,2395,6.3319,True,"dyspeptics! don't despair because it is jun purr. undefiled cocoa. nt the • hisheit attainable qudlity, the rortaluct of the complitely ilinen riantstionn and the perfection of axes friz from .;*_ ner"
cocoa,1900,0,3009,2397,6.3374,True,"p cocoa 4 ,••1111i"" •- -trt 99463—m. payne, 28, btuwe-et., mid dleshrougt. 19464—l. payne, 28, stnv-st., yiddle.ebrough. 93465—r. ormway, 35, stovee-st., mid..."
cocoa,1900,0,3009,2398,6.3419,True,"the slaithwaite guardian and colne valley neviret-natmber 2a, 1900. epps's gratzful-comforting. cocoa breakfast and supper."
cocoa,1900,0,3009,2399,6.3425,True,"orseetsl orketiag, 'epps's cocoa prepared teen tat dual esiested omen wak the magma ell room& it is fis aad away the oast astriliessi barantse yes eaa take. epfs'-s .2000 a"
cocoa,1900,0,3009,2402,6.3474,True,"epps's cocoa by better housing, better hygiene and better food. beep yourself well and daily use"
cocoa,1900,0,3009,2404,6.3476,True,"cocoa t!, i:est form of cocoa revery-day use. no lancing or cumng sequireil if yon use the ivorld.renowned '; burgess' uon ointment./ -7. it has raved many..."
cocoa,1900,0,3009,2405,6.349,True,epps's oratiful-oomfor7io cocoa the mort nutritisel had ileasemical
cocoa,1900,0,3009,2406,6.3504,True,epps's cocoa essence %acme a: any boor fa tke itaa.
cocoa,1900,0,3009,2407,6.3517,True,epf's' cocoa s tat will ma it the tea 00006 you wild.
cocoa,1900,0,3009,2410,6.3539,True,"* * * now not to eat porridge. our friend says: ""i have porridge for break- fast every other day, mixed with a dessert- spoonful of cocoa paste, a teaspoonful of tinned milk, and a little butter and i"
cocoa,1900,0,3009,2411,6.3571,True,epps's cocoa essence welcome at any how st the day.
cocoa,1900,0,3009,2413,6.3573,True,"a cocoa you can enjoy. woman's realm. dress-fashion-ho/vie. new lingerie underskirts. in the new lingerie underskirts of batiste, fine lawn, or cambric, the ..."
cocoa,1900,0,3009,2416,6.3591,True,"co 0a the best form of cocoa for every-day use. i special tickets, exbracing local tours in cornwall, are ls)ued at the principal stations. booklet giving all particulars now rea..."
cocoa,1900,0,3009,2417,6.3598,True,"epps's by better housing, better hygiene and better food. keep yourgelves well and daily i.e cocoa the i,est suited for all ages aod classes. regara to- um marriage. luny oteversliam, his thew' was a "
cocoa,1900,0,3009,2418,6.3612,True,"rownt ft• ee elect cocoa _ makers to hm. the king. 967178-ealbere faring', .oantlereagli-eits, si ikaworth. 98/79--thoessa eyes, band-lane, slfleitwortlt 9fillo---,lisay haw ..."
cocoa,1900,0,3009,2419,6.3619,True,"vi‘go cocoa plasmon increases the food value enorti_mo.±l.” —lancet. 10 times more nutritious than ordinary cocoa. delicious. dicestisle. in tins, 9d., 1/4, and ..."
cocoa,1900,0,3009,2422,6.3703,True,cocoa w=. eteradeat ef the lime te the comoney. will retire et the sof of sri rev christmas orme*. so so.te. dm. out. ovissap bub la nnw* w sea wei.—meelai...
cocoa,1900,0,3009,2423,6.3754,True,"cocoa invaluablio to eal ncl beenii th,in anders oi the occupi, riceon; loung th,ir bei acti clic! • • nual by the lena it .a year justif"" • • qui tb u:cra..."
cocoa,1900,0,3009,2424,6.3777,True,"to cocoa drinkers. liptons famous cool awarded the grand prize, at the paris exhibition, 1900. strengthening! fotuishing invigorating !! liptons grow their ow..."
cocoa,1900,0,3009,2426,6.3837,True,"epps's grateful-comforting. cocoa you will find it the very cocoa you want. council was sought by several of those present and mr. ibouchier, chairman of the parish council, said that..."
cocoa,1900,0,3009,2427,6.3839,True,"cocoa the beet tee= of o.won tor •••••74,4v 16.111.. vtooloorti tbe workers arobto•••••• ott lb. !teed wit, made lb* not ad os velour t mg. or. wrote, mono..."
cocoa,1900,0,3009,2429,6.3887,True,"aftani us ""scotched."" blackpool. friday. feb. ard. mt feeling in the town cocoa is very 11111,41 divided on the question of the de- eirability or otherwise of lowering the price of gas in blackpool, a"
cocoa,1900,0,3009,2431,6.3939,True,"e p ps's grateful-comforting. cocoa areakfast—suppefl• k the northern league. warrington football club. fixtures for season 1901-1902. first tram. date. club. ground, 19j1. points for a..."
cocoa,1900,0,3009,2434,6.3977,True,cadbury's cocoa the past season through a lapse of some fix- tures. de he could not help regretting the lack of support given by the 4s. members. he had only sold £l...
cocoa,1900,0,3009,2436,6.4006,True,"...hitis cured by veno's lightning cough cure. miss lticy m. roberts, 29, alma slam, st. itifin's wood, nw., writes, march 16th. 1905: vano's tfightring cocoa cure ill no splendid "
cocoa,1900,0,3009,2438,6.4008,True,epps's cocoa essence welcome at any hoar • at the day.
cocoa,1900,0,3009,2439,6.4041,True,tvs riost nutritious 000011. epps's srateful-comfortinil cocoa mi imakfast abm sum/.
cocoa,1900,0,3009,2441,6.4065,True,"cocoa • *i3jeailfast--suppii4 english men of letters. new volumes. crown bvo, gilt tops, fiat boob, 28 net oath. george eliot. by leslie btspittee. [resdy...."
cocoa,1900,0,3009,2444,6.4102,True,"...that imparts mental and bodily vigour, and is comparatively easy of dares- 6on. nivy be deacribed as a pilot to beglth."" such a beverage is cadbury's cocoa it is slaying "
cocoa,1900,0,3009,2445,6.4115,True,"smon cocoa a 3triment to ilb. beef or ten cups of cocoa and 'is absolutely -free from chemicals. agestion, braces the nerves, invigorates the system. in tins 5d..."
cocoa,1900,0,3009,2446,6.4125,True,"tii9iincliffm. vhecla g. well took lour oneketa for 2 row. and 11. bs, i aid. to. oro sick.. for 11 rum, store: 1111c1,. tiioii.iici.ii,fe. • cocoa a. horn,' b rotel.ff not out _l5 wawidro 1 hornsby n"
cocoa,1900,0,3009,2447,6.413,True,the most nutritious. e p p s' s grateful—comforting. cocoa a baiimaid'm thints. robberies from ties foiefovea _ how. a wadded ed ettnetidimitiog rtourr dad tlotheries oda ham t lode wedh k. ladt- wald
cocoa,1900,0,3009,2448,6.4131,True,"(;-.p, titte ;:i -; 7 4 ,cr. tie .6744 !.)• s the ucst for breakfast. kicil in nutritive and aii-nulating prflitetks, van hotiten cocoa is reay assitnila-ted, builth:ng up the body and supplying force"
cocoa,1900,0,3009,2449,6.4133,True,"cocoa • fragrant, dauatous.-and stoat hosttatfal boorerait‘"
cocoa,1900,0,3009,2452,6.4161,True,"tits mo n i nutritious. epps's 0, ia timul-0011111for 1 ono. cocoa sreakfast- supper ""%maw libw. histosiesl novel mi mae' .what vim the natter with it r ”oh. i 4 so shoirlisd la wag strictly aresrato "
cocoa,1900,0,3009,2453,6.4178,True,"city 6: dis evict news. ripon. as will be seen from our advertisement columns, a class is being held in the cocoa house, west• gate, for the study of theosophy. this group is the outcome of a series o"
cocoa,1900,0,3009,2455,6.4234,True,"van ier;) r: eri., l. 7,;;;;:c.. -coa van• tkt,,,) qo-7+t-ty j 131.1.11, „„i the est for lunch. most buverates simply stimulate. van houten's cocoa not only stimu. lltes and warivs you, it suponcs the"
cocoa,1900,0,3009,2457,6.4245,True,"a :if kr 'llll ._ .. ~, for working people. ""the civil service gazette"" says: ..‘ a sh jeld „cathithi,,s is the finest exarnpl, cocoa rnarnifacture—absolut2ly r i nrci e,sentially the food ts,.. ,:: s"
cocoa,1900,0,3009,2458,6.4259,True,the mai% t4utrit4ous. e p p s' s gratettal—comiorting. cocoa oar sege kr erg gm re kr ago bar orr boa fg le*. tor • egg japer we wei gag lbe one ira. mil leg bit iptiii xii on al/ is oa !kw
cocoa,1900,0,3009,2459,6.4266,True,"o rill tri i stien maly, quit carl ntrr.y wm rdoes your 9a7den tow why cocoa fyn wry si6e gi3e-wirmel9 in a ow.bb n(lnjiourens'is it.. 2 kind rojer sf you want' lan maids ro3rowj no.l. l la 55 said th"
cocoa,1900,0,3009,2461,6.4288,True,van 1 'll 2 wl4il t ‘z.k 4 no cocoa equals it. only one quality. best & goes farthest.
cocoa,1900,0,3009,2463,6.4348,True,"-.pps's grateful-comforting. cocoa the most nutritious and economical lord harry quy took the blow like a man. he laughed away her tears, kissed her hand, and left her with the assuran..."
cocoa,1900,0,3009,2465,6.4395,True,"setae liirewirmixters at a oastary ;ii— cocoa aft belt soma ist ems 7, sprwitri!winet----"
cocoa,1900,0,3009,2466,6.4445,True,"cry's capb co( ;oa pure -ore best. labsolute') there ,s 41 cadbu contains no add( or colouring ma used to disguise cocoas. entin foreign substanci malt, hops, etc. s pure, it does not ""1.1.11. a cocoa"
cocoa,1900,0,3009,2469,6.446,True,"cocoa simko""- ast-- supp-1111 fathet• eery await alms/ that 111111te will elope wtth that yam natal."" blather -i asa% thisk ma. dear re. aiwdad bar 1..1 *r..."
cocoa,1900,0,3009,2470,6.4468,True,"warrington temperance federation. annual meeting. the annual meeting ot the warriugton temperance federation waa held in tie horsetnarket-strebc cocoa rooms on thursday evening, councillor luke elliso"
cocoa,1900,0,3009,2471,6.4472,True,"the most nutritious. epps's grateful-comforting. cocoa eirsakfast and supper. law suit for twopence the spalding county court judg. was engaged en monday in hearing an action, brought by the welland d"
cocoa,1900,0,3009,2472,6.4476,True,"cocoa justly prized by mothers for thenasehrel and their children, who o'onn-71 ft ertlnev- wag' ovei,y patchworie..—measter pamela. selected beautiful plu..."
cocoa,1900,0,3009,2473,6.4481,True,"didin4iitib and astriii. ti unein (ht 1* t):i?fikv i; ci rep it ven..ii 11.11:117nini. cocoa tre. _ e4..01 nib. nee.* moabla, wall.. a• 4•11 ow• lan. oil weal.. ta the n•••••tt• •ma ▪ it••• •p by algi"
cocoa,1900,0,3009,2474,6.4493,True,"-(0)--• cocoa pushlitg. —a quarter of !• irt bread crumlw. a breakfast cup ot • tablespoonful of sugar, one large t• • ful or butter, and one of cocoa. af, ~ • of ..."
cocoa,1900,0,3009,2476,6.4521,True,".... g. h. sharyi,.. f.c.s., analyst. 11 & 12, great tower-street, london. says, in his certificate of analysi3:—"" i am cf opinion that veno's lightning cocoa cure will prove a valua"
cocoa,1900,0,3009,2477,6.4533,True,"• sing a song of sixpence—some biscuits or some bread and a soothing cup of cocoa before you go to bed. ""van houten's"" gives good sleep and rest and its always wise to use the best. no. 7. the corsele"
cocoa,1900,0,3009,2478,6.4535,True,"...r. veno. startling facrs. how the suffering are cured. seeing on the walls of manchester a large poster set- ting forth the merit of veno's lightning cocoa cure, th"
cocoa,1900,0,3009,2479,6.4539,True,"...ished from all others by its invigorating nutritious qualities and it. delirious flavour. 'ads moos, con- taining as it does all the =octane • of the cocoa nib, maintains its lead"
cocoa,1900,0,3009,2480,6.4544,True,"...nisis and trade developments. mr hey, of the united kingdom tobacco dealers' alliance, addressed a meeting of tobacconists at the florsemarket-street cocoa rooms, warrington, on tues"
cocoa,1900,0,3009,2481,6.4559,True,"... housb, or finsiness of any description. also par- ticulars of properties for sale, should communicate with t. woodcock, 125, lytham road, blackpool. cocoa and"
cocoa,1900,0,3009,2482,6.4578,True,"e p ps's grateful-coworting. cocoa irpwl via» fa baeurfty 12 garter's itile iver 111""11 pm pills ahyouutel.y cure !lick tiosd• ache, itilioininots. tlmonineos, torpid urger, conollpirt..."
cocoa,1900,0,3009,2485,6.4646,True,"epps's cocoa you will flud it the very cocoa v( n want. lanc the '1 lengthy 1,, a burl t is just o' cailcil to in connect sage some a tire of e in some. f, uwe di..."
cocoa,1900,0,3009,2486,6.4651,True,epps's cocoa the most nutritious sad ileasceelael softens. lux is amigos is its ccae• positica lux is onkel is is reparetiss. lux is wipe le ils rusks. lux weal s...
cocoa,1900,0,3009,2487,6.467,True,cocoa invaluable so u. a victorious faith. this larger faith is laying hold of the minds of men. the grander vision is a new coming of jesus. it is the rev...
cocoa,1900,0,3009,2489,6.4717,True,"7: • "":"" ni' • ;:t • 3•.: • 3 ""al cr *— • • s. „ ar% the best cocoa in the world. is found on the breakfast, lunch, and supper tables of all the world. delicious—nourishing—refreshing. by mis. e. bago"
cocoa,1900,0,3009,2495,6.4855,True,"... operatives' association. the inarterly meeting of the wigan and district cardroorn operatives and ring spinners' associa- tion was held at hurford's cocoa rooms, market- street, wigan, on"
cocoa,1900,0,3009,2499,6.4889,True,"...ist s and trade developments. mr hey, of the united kingdom tobacco .dealers' affiance, addressed a meeting at tobacconists at the horsemarket-street cocoa rooms, warrington, on tue"
cocoa,1900,0,3009,2500,6.4912,True,cocoa oriaijast-sumu oman woosize=ipardatnrlll.2l. esisdotin %awls rat wt irgesians wye& wm&
cocoa,1900,0,3009,2501,6.4913,True,"vn• moot 111utritiouu cocoa. e p p s's cocoa co. breakfast aso sum& haslingben and helmshore. our l0c.13. office. the ether of the ”haslingden gmette"" is now at 2, princess-stre..."
cocoa,1900,0,3009,2505,6.5007,True,the most nutritious cocoa.- e p p s's orateful-coaifortinl cocoa for irriakfast mid cuppzil flinenetre &keret/one in the ci licensing laws aro bang exauskiseed by the 110/1410...
cocoa,1900,0,3009,2506,6.5012,True,"ihaimiwif de i s the good old ik: .4ci english cocoa.' li t • ---).<— • • co ~. ..,- i absolutely eutpi, pel i therefore best. • 4..7,4e_ 1 ""maintains its great superiority?"" cadbury's ..s. ,':cocoa -"
cocoa,1900,0,3009,2508,6.5059,True,"cocoa still maintains its great superiority as a highly nutritious food beverage, being delicious in taste, absolutely pure and the most economical withal...."
cocoa,1900,0,3009,2509,6.5145,True,cocoa tie boot tone of moos for ovory-doy now the conservative party
cocoa,1900,0,3009,2512,6.5166,True,"the that =•ork and v ery week nded tilted paid d one orary that .chei the e for ed on there 3 paid only id the the s not in the lord i r the pure cocoa • 111p' _ • • ,*;\ a 0 !ori ,r 0"
cocoa,1900,0,3009,2514,6.5176,True,epps's grateful--comforting. cocoa a delicious drink and a sustaining food. their command—not as a concession to a particular creed but as a protection against a real and a common dang...
cocoa,1900,0,3009,2515,6.5218,True,"eli% en"" 1/2 o doul:c kettle requircil with plastneft oats no over night stewing thoroughly coolied in 4 minutes plabsmon cocoa the food cocoa tele proof lies with you 4 ut be sure it 13 plasmon, kowj"
cocoa,1900,0,3009,2516,6.5228,True,"the ""daily news."" the daily news has, writes our london correspondent, once more be- come somebody else's property. mr. cad- bury, of cocoa fame, and another gentleman have bought out the proprietors "
cocoa,1900,0,3009,2520,6.5254,True,"an h a a frog he woula a-woo: ng go but he took no opera hat for ha. knew that his lady-love liked cocoa so he took her a t.n of c.at. heigh°, wise froggy, van huuten's most jolly i"
cocoa,1900,0,3009,2522,6.5264,True,cocoa breajcfast—suppar. timarda a victoria memorial scarborough bea raired 1.3111. • taanto•b.boon moire! • donation of ostaiu by yr. *linty carnegie for ...
cocoa,1900,0,3009,2525,6.5281,True,"mazawattee (ll:obdel cocoa s he was qualifying for county honours. brooks ball all the dash of the team practically, and had fish thrown himself into the fray with equal energy..."
cocoa,1900,0,3009,2526,6.529,True,"van houte sing a song of sixpence—some biscuits or some bread and a soothing cup of cocoa before you go to bed. ""van houten's gives good sleep and rest and its always wise to use the best. no. 7. wore"
cocoa,1900,0,3009,2528,6.5327,True,e p ps's the most nutritiou:ar gfateful-comforting. cocoa rea kfast--sl) oeft.
cocoa,1900,0,3009,2529,6.5344,True,epps's gr atefu l-00 prl forting. cgcoa you will find it the 'sou cocoa you want.
cocoa,1900,0,3009,2530,6.535,True,"...ure dining-room furniture parlour furniture dr:ming-room furniture kitchen furniture hall furniture mill-puff beds, mattresses cork lino, floorcloths cocoa"
cocoa,1900,0,3009,2531,6.5359,True,"fortified by mazawattee cocoa yon an dee use doodled cold ""bather oth henuntty. the katorodueler elements opetabved in oh pun oxen are most prononneed, it wee fano a oat sal:addin..."
cocoa,1900,0,3009,2533,6.5412,True,"...examiner, saturday, may 21, 1904 warrington and the ship canal company. proposed chess club. it is proposed to form a chess club at the bridge street cocoa rooms and the promoters would be glad if"
cocoa,1900,0,3009,2534,6.5441,True,ma zawattee cocoa yr *dusted tlie plata ot t. emoorlovlsi wale.
cocoa,1900,0,3009,2536,6.5523,True,"uoning. cocoa a ire wake proko am at parratemort oetamll. nolte.. es tiamday. dad marai. magee mm••• i.li modem temporarily ills ""mt employer. aim sizigloostrairrs..."
cocoa,1900,0,3009,2537,6.555,True,"cocoa • a fragrant, delirious. and moat healthful beverage,."
cocoa,1900,0,3009,2538,6.5559,True,ep grateful-comforting. cocoa breakfast--supper. 1. still so far as ag to reoen several mc effect that ildence can other hand be now eon which was is nothing believed tt i to make...
cocoa,1900,0,3009,2540,6.5588,True,epps's gratieful-oomforting. cocoa you will find it the very coma you want.
cocoa,1900,0,3009,2542,6.5631,True,beekeepers' gathering. the members of the driffield and district beekepers' association was held at the cocoa rooms in the market-place on wednesday even- ing. there was a fair gathering of apiarians 
cocoa,1900,0,3009,2544,6.5653,True,"ciit a the best form of cocoa for every-day use. second division. warrington st. paul's v. vulcan, ueferee,g. d. prust st. ambrose v. albion reserve, j. r. davies. stockton heath ..."
cocoa,1900,0,3009,2545,6.5666,True,"suchard cocoa is more than taste but the one, that tastes best, is best suchard's. it is best in a way you think-of least: ;t nourishes best. if you don't like it,..."
cocoa,1900,0,3009,2547,6.5675,True,"cocoa ',lgo boot form of coco', for olrorf-407 gas. 1 i .. 4. ,11 1 .- 1 i 1 ...it 1 i '.. ifl 6 1 l' 1 i • .4, 1 .j.f 4 t"
cocoa,1900,0,3009,2549,6.5719,True,"ca grys cocoa cadbury's cocoa is ""the standard of highest purity"" (so the lancet says), because it contains all the health-giving properties of the cocoa bean in t..."
cocoa,1900,0,3009,2550,6.5724,True,"sleep well when you have plasmon cocoa plasmon oats for supper. made in a few minutes a pretty art metal box full of samples and a x/- cookery book free for x/6 from plasmon li., farringdo..."
cocoa,1900,0,3009,2552,6.5739,True,"16•311 m. 44 i „.„,i,.., :b, vi '''l 5q ;,:•;4 4 p fl, ucy locket pocket; kitty fisher found 'krul there within lay a lovely tin- with 'van houten's cocoa round it! 0 happy find for lucky kitty; 'or l"
cocoa,1900,0,3009,2553,6.5744,True,"epps's grateful-comforting. cocoa you will find it the very cocoa you want. council was sought by several of those present and mr. ibouchier, chairman of the parish council, said that..."
cocoa,1900,0,3009,2556,6.5752,True,"the most nutritious. e p ps's grateful-comforting. cocoa sharow. st. john's church. sunday morning 10.30, evening 6.30. the rev. canon nunn, m.a., vicar. studley park. st. mary's church. sunday mornin"
cocoa,1900,0,3009,2558,6.5768,True,"..11•101rattir cans cad be aimed by ee)bed, begrever erlitlee. where the enb. leery as"" come waned cause dieneedort bed irritation liiazawattee cocoa oberly oodles. owl the airs of is inure& of nil di"
cocoa,1900,0,3009,2559,6.5796,True,"epps's grate ful-com fort! ng. cocoa breakfast and supper. british government io securities, bonds, ""g e stocks and other 42: 44 investments futtl current on ,ylrtanti 01. at 1 i bank of..."
cocoa,1900,0,3009,2560,6.5844,True,the most nutritious epps's cocoa areaafasi ap4o tjoeei. and northern parts of the island this mango is very highly approved of. to allow land to remain down two years in gram reduces...
cocoa,1900,0,3009,2561,6.5846,True,"...lma vir lirftwasirr museum groom ra no mow= weak imo mak sow wag se is•so.al umbaasse alb* ossismallsalos its wane min= sem 1.081,41800.• 0 • 0.00.0. cocoa geese !or "
cocoa,1900,0,3009,2563,6.5864,True,"highest honours 14,7 so- sw cocoa musical notes. a rara avis. the comment as to the paucity of gooi 'tenor voices in the ranks of our local dikral 'societies is beourning weartiorne i..."
cocoa,1900,0,3009,2564,6.5914,True,cocoa tht-)--bet form ot cocoa for 07'01u-day um hot days and light diet. doom of the good old heavy breakfast. a london grievance. amording to biblical te...
cocoa,1900,0,3009,2566,6.5986,True,"liptons c lovers of perfect coffee and cocoa will find liptons unequalled for 7_,xx=i,w4c,w, ltd., tea, coffee, and cocoa planters, 3mlrjr_acbmw. chief offices: city road, london. local branch: ..."
cocoa,1900,0,3009,2573,6.6139,True,"45k ...""'414. f;`,; 14 t vi"" 41r; '4ip the best form of cocoa for every-c.-) y leeds v. hull kingston rovers. at leeds, before 12,000 spectators. the rovers had four new players from wales in their ra"
cocoa,1900,0,3009,2576,6.616,True,"...ei'4)jj • p;tl j ock wlet-tv,t, -mine? 5504-176twa4 cl;sns •-navel"" feea 6.4441-cost cdcrajlout • 01 comis t&—cgccitii-. ci-oclt3jottinovst vaal-sood cocoa clotitrza getteive mast i oniniwi wa"
cocoa,1900,0,3009,2578,6.6175,True,... tba odedeal osseo fer oseakeed sal owen the lbw devenned. sbe ails ww600110.16 teo boss sidled ler ad tor awl dam% e the pewit isolarstie kr topped. cocoa lee* prised 
cocoa,1900,0,3009,2580,6.6212,True,grateful—comforting. cocoa broakfast—supper. anwsl bebinoton burial board. the general vestry meeting of the bab- ington burial board was held. on wednesday evening in st. mark...
cocoa,1900,0,3009,2581,6.6215,True,"the examiner, saturday, may 21, 1904 proposed chess club. it is proposed to form a chess club at the bridge street cocoa rooms and the promoters would be glad if anyone willing to join would hand in h"
cocoa,1900,0,3009,2583,6.6292,True,eppss cocoa the best suited for all ages and claw& .____adii fleetwood.
cocoa,1900,0,3009,2584,6.6293,True,"...examiner, saturday, may 21, 1904 warrington and the ship canal company. proposed chess club. it is proposed to form a chess club at the bridge street cocoa rooms and the promoters would be glad if"
cocoa,1900,0,3009,2585,6.6315,True,"batles housing, 11•1110 kiltion• ileimp re= tr foe& dmiy6ii4 tm beat totted fira au ion ass alasess. cocoa ••1114100 • .4'. •,0714 •• 0. .0, 1111.. in 14 .1, • 44 4 tip. h..6teo \"
cocoa,1900,0,3009,2587,6.6444,True,"r- ""c. 1--1 s s qrateful- comforting. cocoa _ _ lireakfast -su pper•"
cocoa,1900,0,3009,2588,6.6496,True,when you forgotten breakfast plasmon oats plasmon cocoa all grocers and stores.
cocoa,1900,0,3009,2592,6.6585,True,epps's cocoa epps;ii-caoa epps's cocoa salleal dayme vw-ronis lot rocilyv.—the bev. w.& lioulgate. of fleetwood. save • capital looter. lecture to the members of ...
cocoa,1900,0,3009,2593,6.6611,True,"toe most nutamouo cocoa. epps's orateful-comfortina cocoa am. symms. haslingden and helmshore.. jottings. that jocular ti 11%"" [see last week's iffnie a jocular tone was int..."
cocoa,1900,0,3009,2596,6.6636,True,a veto of wake o. as vicar for ift evenlaiel tile media& epp-4-tl-3-c6coa mips's cocoa ep-il-4's -cocoa valvablz dinoovery for tim wora..ll/i„..tortimpty w er. writ= nowt.. w wow cow. ergs w nh* wit t
cocoa,1900,0,3009,2602,6.6735,True,"was making no progress. peptolaxa worked wonders. extras 3 total total total .. 19 cocoa _ill maintains its great superiority as a .ighly nutritious food beverage, being elicious in taste, absolutely "
cocoa,1900,0,3009,2603,6.674,True,cocoa the seas hem et owes aiiiyniswaily up& 111111101. torrim7 asiasesoidosibisourrirs halli4 a self praise i• do resonemeneiatioa. leati•• resameasset if...
cocoa,1900,0,3009,2604,6.6754,True,"rowntrees elect cocoa local news. hoyiend common cricket notes. !cartenn and clist. i.ioiitino4p 're 1.1. e t'or innk:eic. fr po • .th ile. fao., tho nal to me.,ee 'fatse•..."
cocoa,1900,0,3009,2608,6.6831,True,"preference to whom? when mr. chamberlain says he will take the taxes off tea, sugar, cocoa and coffee to square the other food taxes, which will give the colonies a preference, doe he mean all the col"
cocoa,1900,0,3009,2610,6.6859,True,"stockton heath. [continued from, page 3.] improvements in the villige.—the proposed erection of two shops with cocoa rooms with club and billiard rooms at the corner of old london-road and victoria sq"
cocoa,1900,0,3009,2615,6.6911,True,"cocoa. it is true economy to use no other cocoa goes so far. no other cocoa has such strength and exquisite flavour. 11,4;1 iinii .. 11111 joilmilliohil,ru..."
cocoa,1900,0,3009,2618,6.6997,True,..........'.....°1 r ay. ima110wn.w...... n.i11.........n t cocoa as ever a every vest isl l perfect a of the
cocoa,1900,0,3009,2619,6.7027,True,"e 'full value is in the cocoa no presents-no coupons. are given with a. -...,,,.. 4p ../. ~, .., -.....* • 4.4,1,,,,,- •.!. i, 15.. • re.;'''' 4 r 17451 yr 4'.., ...0 0. • %lz:. '..."
cocoa,1900,0,3009,2622,6.7061,True,"-,.. • iw.÷. • ."" fl grateful-comforting. `,,•• • .400 •r• .11.* •' • 3 •1.1 •#!. lo:, •r, •- you will find it the -,tery cocoa you want. football. vers t.the best. nor 6 v6:-14a's-34-245-2 t'auetil t"
cocoa,1900,0,3009,2624,6.7078,True,"nah.;.(7b so easy to maffe' nothim so nice wizen 4;ade tioliten:rs cocoa eigimx. rum ult .:4, ....ar•--- ---,„..101 1j470:1 itranusi „ ,f!i .ipip i --,, • z i .•44341.4.1""-os 0 -.9 r• 4i, \,tt,;it,, 0"
cocoa,1900,0,3009,2627,6.7109,True,"sleep well when you have plasmon cocoa plasmon oats for supper. made in a few minutes a pretty art metal box full of samples and a i/- cookery book free for 1/6 from plasmon ld., farringdo..."
cocoa,1900,0,3009,2630,6.7158,True,"mazawattee cocoa aro-i 'con will alwaya u-e it. a half spoonful gives twic, as much liquid a, any ordinary cccla. test ulla fact for your-elf, and if you are not sati..."
cocoa,1900,0,3009,2632,6.7216,True,"4 preston kikntlevan pilui op ph wpm op vsncrs umrristio cocoa =is w.conti. w. lbethriatrost pryer. 'mew --maytag bare eat* dare tbeletaes with e bed swab sad bleed egalting, awl med view riese dither"
cocoa,1900,0,3009,2638,6.7485,True,"the halifax comet. richard whitaker & sons, llml- ted.—preference shares on sale.—j. turner spencer, stockbroker. halifax. se 11302 halifax cocoa house & refresh- ment company, limited.—shares on sale"
cocoa,1900,0,3009,2639,6.7492,True,"suchard to a drinker of other cocoa: try suchard's for a week; now go back to your old favourite not so nice as it was, is it? cocoa iconosiy—oof pound of sotharto coo. *ma 99 gaol <oaf..."
cocoa,1900,0,3009,2642,6.7561,True,"azawattee cocoa '. i u i •s • • /*;;* ....... .i.; i?.',"" • .• co"
cocoa,1900,0,3009,2643,6.7579,True,"warrington temperance federation. annual meeting. tiip anßual meeting ot the warrington temperance foderation wag held in t9e florsemarket-,trect cocoa rooms on thursday last week, councillor luke ell"
cocoa,1900,0,3009,2644,6.7587,True,"... food. mood sad most nutrltiou• -.• for th• breakfast table. with the it ie made in • moment boiling 'rater or milk, end ha mustaining tinelitiet tre cocoa in"
cocoa,1900,0,3009,2647,6.761,True,strong children. ‘ildr gre • st:- cad: -' children ~ow strong on lbury's cocoa because it contains in a generous measure those food elements that are essential to health and good physcal condition. it
cocoa,1900,0,3009,2650,6.7645,True,"money put in your pocket, as the moult cr/ want mazawattee cocoa le so mak mem 111,01. yon sued basely liest • waste'. so maks• luaus ot rem awl even then el is found too strews toe wo. mo& the vow.. "
cocoa,1900,0,3009,2651,6.7674,True,how to obtain abeald la the for three cacpury's _ we wogs- following bratkfast cocoa in it= with water pilhallake :-. cadbury's cocoa in stronfoost becomes it is pespost. it is therefore most eeenemni
cocoa,1900,0,3009,2657,6.7737,True,"the most nutritious. epps's grateful—comforting. cocoa fast ditesi fast and supper. _ h lill and hornsea trains leave hull for hornsea at 6-30, 7-36, 9-45, 12-10, 1-35 (thursdays and saturdays only), "
cocoa,1900,0,3009,2659,6.7762,True,"cocoa briaiwast- suppir ?be dem •et seeesl to • seisk few. it le • altelreirroisted jearsei. =l.se all vireo sod le the si fee ell ""'cagier m. nrrel ha% oa..."
cocoa,1900,0,3009,2661,6.7833,True,"you will make it get 25 cups out of with boiling water; you will enjoy every cup. no cocoa equals it. it. van houten's cocoa. only one quality. best & goes farthest. 87415-n. craig*, 52, billy row. 87"
cocoa,1900,0,3009,2664,6.7881,True,tr2 most nutritious cocoa. epps's ciraterul-comtof:tini3. cocoa sell breakfast and suppol an explosion .01:alrfati in the early bass ni monday at one of the bisit-furnaeos at ...
cocoa,1900,0,3009,2665,6.7909,True,"sleep well when you have plasmon cocoa plasmon oats for supper. made in a few minutes a pretty art metal box full of samples and a i/. cookery book free for 1/6 from plasmon ld., farringdo..."
cocoa,1900,0,3009,2666,6.7913,True,epps's cocoa t. ike' nutritious sad feasoutboal _ oan2 tolitallantallitatlßo i nitro nowa fat buttes sad nruinis.
cocoa,1900,0,3009,2669,6.8005,True,"---- 114 e most nutritious cocoa. p p 3 crateful-comforting. cocoa for breakfast and supper. the ildian famine fund low amounts to mr c. p. hunting:an, the great miiwny mag- nate, di..."
cocoa,1900,0,3009,2672,6.8022,True,when you forgotten breakfast on plasmon oats plasmon cocoa all grocers and stores.
cocoa,1900,0,3009,2673,6.8061,True,"liptons c lovers of perfect coffee and cocoa will find liptons unequalled for 7_,xx=i,w4c,w, ltd., tea, coffee, and cocoa planters, 3mlrjr_acbmw. chief offices: city road, london. local branch: ..."
cocoa,1900,0,3009,2674,6.8063,True,• • • i 1 1 •_ you cannot possibly have a better cocoa than
cocoa,1900,0,3009,2675,6.8065,True,"the most nutritious.. ps's grateful-comforting. cocoa • quoi nard, br. murat steel i its ./ee""ile,"""""". wee, • wy... -4, u. maims, tit."" in••••at"
cocoa,1900,0,3009,2676,6.8078,True,mazawattie latariba cocoa fantity nicedzd than of other cocoa in making a top of cocoa and whim you have to pit no more for it than for ordinary cocoas current topics. owing t...
cocoa,1900,0,3009,2677,6.8082,True,"e van -:..-euit,,r9,-. -""-- p n __ the finest cocoa beans the world produces, the most perfect system of manufacture, the experience of three-quarters of a century, are combined in producing solubie e"
cocoa,1900,0,3009,2682,6.8181,True,"s cocoa for work ng people. ""the civil service gazette"" says: ""cadbury's is the finest example of cocoa manufacture—absolutely pure, and essentially the food..."
cocoa,1900,0,3009,2684,6.8221,True,"cocoa i use r"" bronchitis emsrocation ""i, touchis the spot:* is generous to a degree in imparting to the body those food elements that are essential to hea..."
cocoa,1900,0,3009,2686,6.8307,True,"theosophy in ripon. ""lite after death"" was the title of an ad- dress given by mr j monger in the cocoa house, weatgate, on thursday evening. the speaker gave an outline of the various bodies used by m"
cocoa,1900,0,3009,2687,6.8313,True,"--.i••••mminimmem rowntree's elect cocoa is exactly shewn by the comparative sizes of the above discs. sales still growing. 1047315-jaignag fall, 3, newton-st., dean bank 104737-lartleur win..."
cocoa,1900,0,3009,2688,6.8337,True,no breakfast table complete without epps's grateful-comforting. cocoa the most nutritious and economical. warrington. points. 1901. for agst. sept. 3. leigh away 16 2 99 10 halifax 17 hull 99 24 bradf
cocoa,1900,0,3009,2689,6.8349,True,"ztet04,1•1.‘,,,et,74,,,apw1a cocoa abscady pure therefore best. csitlit.ath cadbury's cocoa contains no added starch, alkalies, i). or colouring matter, which are often s used to disgu..."
cocoa,1900,0,3009,2695,6.8437,True,orateful-conifortinci. cocoa lialakfa 6 t- suppe&
cocoa,1900,0,3009,2696,6.8449,True,"pure concentrated gold medals 3"" cocoa &diplomas."
cocoa,1900,0,3009,2697,6.8455,True,strong children. ‘ildr gre • st:- cad: -' children ~ow strong on lbury's cocoa because it contains in a generous measure those food elements that are essential to health and good physcal condition. it
cocoa,1900,0,3009,2698,6.8486,True,"cocoa is a mart' taliabli loonrerate ter pt b°%b highly mundt-ions and absolutely pure, entirely tree nipm, dregs or any admixture. 0 0 0 a famous athlete ..."
cocoa,1900,0,3009,2699,6.8505,True,"how not to eat porridge. our friend says, ""i have porridge for breakfast every other day, mixed with • dessertspoonful of cocoa paste, a teaspoonful of nestle's milk, and • little butter, and i eat ja"
cocoa,1900,0,3009,2701,6.8574,True,"cocoa ointment purest of emollients and greatest of skin cures,"
cocoa,1900,0,3009,2702,6.8582,True,"epps's grateful-com fort! no. cocoa qrsanfast and supper. north-eastern railway. local trains-october. hull and beverley. trains leave hull for beverley at 5-45, 6-35, 8-15, 8-85, 9-54,..."
cocoa,1900,0,3009,2703,6.8583,True,"the most nutettleus. e p p s's cocoa oyer mon maim at malan irishso sowelo aro soli asaaally. amit =ors si= m. wn ws mi ipte, nm am =ix.im weir andluf"
cocoa,1900,0,3009,2704,6.8605,True,tn! most nutritious cocoa. ipps's orateful-conifort;no. cocoa fes ansiumurr and supprii at ilartlily.' on montiay a laborwar named ja& boy was fined 10a 6d for stealing a tsui...
cocoa,1900,0,3009,2706,6.8657,True,"warrington and district boot retailers' assoodation. the members of this newly-formed association held a meeting at the horsemarket-street cocoa rooms on monday evening, mr. owen (public benefit) pres"
cocoa,1900,0,3009,2710,6.8755,True,"...lii- eac'sr li. lie p rt, 7,11 t .1 .., ..11e2i)qqa '1 cp for this i ~ .mi ~ '4 011 1 1 i gin /* oncl pr, kt :1.19 k., a•i:s. kixto reasons why on rv cocoas the difference bet"
cocoa,1900,0,3009,2711,6.8794,True,...mes first among lone beverages because it h trey clearly mdk i.. ia its composition. there rs really bole to cluster between cadbury' atanlutely pure cocoa ...toe 
cocoa,1900,0,3009,2712,6.882,True,cocoa go by the book it is folly to boil your wash. that question was settled several years ago. you know it shrinks woollens; we know it shrinks cottons a...
cocoa,1900,0,3009,2714,6.8885,True,pure concentrated so &nowa; cocoa 'kays tic pills- •:. cure fageache & neuralgia. ritalkse 54/4.177; '77/tls.tcoic4 mortatos
cocoa,1900,0,3009,2719,6.8934,True,"eif2aivatme cocoa • eq. armor tbef•--yvatly mr•erier is•deed. wt melt •c. yva won tvala•• vrfam coeds re/ay in. sej nacans, and •itookl"
cocoa,1900,0,3009,2722,6.8988,True,in linakhst taft asespiets wilbsst epps's cocoa tm lacat wataaaas sad faaaaskal its dty of now tort kr ewer ewhty 11marras set woe fr.& 1 acre le ewer eenr• 1•74•4 1141.• ray mar cio yowl. en& 1.71...
cocoa,1900,0,3009,2725,6.9062,True,a sps cocoa the best suited for all ages and classes.
cocoa,1900,0,3009,2726,6.9077,True,"cocoa is absolutely pure— most refreshing, invigorating, and sustaining, guy's hospital gazette says: -from practical experience we can say that it possess..."
cocoa,1900,0,3009,2728,6.9107,True,"coco there is nothing so easy to make & nothiag so nice when made as van 1101iten:s cocoa 2 ___________. • _ ..,„: i ,4±.................. ---. 1111°— is 1 4. i 1(.01 riourril:n ',:. v.:# so a • ui„. "
cocoa,1900,0,3009,2729,6.9125,True,"0 1: there is nothings° easy io make nothine so nice when made as van 1-1011ten:s cocoa p(-s.,;(::'a t:... .::-:, if peri,: solj. 001.4a4441 j' :null m deo' liii4i\ mi ,di ll''',\\ \ • 9 i • 1-mrclawc"
cocoa,1900,0,3009,2731,6.9182,True,"epps's crateful comfortino. cocoa the most nutritious and economical. printed and published by s. w. roberts, at his general printing and publishing office, bridge street, t•laitlinpi..."
cocoa,1900,0,3009,2735,6.9213,True,epps's cocoa ti ida lad it tie vitt opes• yea irma&
cocoa,1900,0,3009,2736,6.9219,True,"mazaw attee cocoa is all that we siik. you will not need further prau. ins, as the infinite superiority of this ooooa over all others le made eekhripamrt. prom an 6001..."
cocoa,1900,0,3009,2739,6.9325,True,"tuzistritrs cocoa 11410, ••••••• ..1=212.110.216•1 .i..zara porn- ans• b • baba o.: •••••2•••••■ • womb"
cocoa,1900,0,3009,2742,6.9365,True,"the most nutritious. e p ps's grateful-comforting. cocoa 9 r eak fast-su ppe r. tradesmen's directory: for ripon. clothiers, miliiners,:drapels, &c. j. c. etherington, 1, market place. r. jackson, 27,"
cocoa,1900,0,3009,2743,6.9377,True,"mazawa'tiee cocoa ay. serener to thrrn— ently weed. wolt ouch • coto.. ou i • vibni conks really kt. and means. and •11.,...1 ocords• saw... cm, m.d.. v a. p"
cocoa,1900,0,3009,2744,6.9379,True,"_ aii' b' 1 g g il, .4 reit) ::: ~,, • cocoa irgl regularly 0 either with meals to or between meals tlt is a safe, refreshing, and w i\zirerratiingmnibeevreraafies for l tbthe year round. rbr.el..."
cocoa,1900,0,3009,2745,6.9381,True,"latal aad caatartiaa, _ epps's cocoa ?mated from the sneak aslastad coma with tits astute' sll ittetar•od• it is tar sad sits) me nod antsttims immures yea tea tau. epps's cocoa lot breg..."
cocoa,1900,0,3009,2746,6.9403,True,"warrington and district boot retailers' association. the members of this newly-formed association held a meeting at the horsemarket-street cocoa rooms on monday evening, mr. owen (public benefit) pres"
cocoa,1900,0,3009,2747,6.9409,True,"the most nutritious cocoa. epps's dratefiik.--conifor 11ng. cocoa --ill sizakfast mw slim& su:mans/1 tore (76), of lies, died suddenly in. 1.1 mi lioadoty. a lipw 9011111 of o..."
cocoa,1900,0,3009,2749,6.9495,True,"strong ch li,drfn. ,tro, on adbnry s cocog don, ,3s“ ,ondition it po-....,5es the combin,d adrdntan, ,nn everybalv shon,l dr nk eadburi. cocoa regular'', at breakfast and lunch inn, and panieu:drlv th"
cocoa,1900,0,3009,2750,6.9534,True,"grate tu i-- com i rting. cocoa eireakfe si,—super."
cocoa,1900,0,3009,2751,6.9564,True,"cocoa sold by all grocers, in packets and tins. john walker, & co. lithographere. 13g31i131 nd res. stationers."
cocoa,1900,0,3009,2761,6.9646,True,"spells econolay the great new cocoa. is therefore the cocoa that and this is how it works out the northern leigue, warrington football club. fixtures for season 1901-1902. first tham. d..."
cocoa,1900,0,3009,2763,6.9666,True,"liitoman. respectable, would be glad of daily work, washing, cleaning, etc.; can manage cocoa room business; good worker.—address lb, station-road, docks. 104"
cocoa,1900,0,3009,2770,6.9765,True,"()co • rn, there is nothing so easy to nothing ,so nice when made van 110v7tn:5 cocoa s 3 ake as ‘,..z.:.:::7,,,f,"""") lile-a---- _ 45 ',llbrili r ~,,,, ..i.,,. „. .t. ~, .._ ~ 4„,„.... -......,_.... ."
cocoa,1900,0,3009,2772,6.9797,True,"an houte sing a song of sixpence—some biscuits or some bread and a soothing cup of cocoa before you go to bed. ""van houten's gives good sleep and rest and its always wise to use the best. no. 7. the c"
cocoa,1900,0,3009,2773,6.9807,True,eppss cocoa th• best suited for all ages and chum.
cocoa,1900,0,3009,2774,6.9831,True,"...ished tram all atlases by its invigorating butzttkrias qualities sail ifs sadoloan savour. thia- ssma. um. tatnang as it doom .11th. rabotauo• of tho cocoa nib, maintains its leading sua"
cocoa,1900,0,3009,2778,6.9904,True,flit's gm pure concentrated roii-medals rripiantas• cocoa '-.0-4oven eff an ever ready household remedy. loosens phlegm allays cough. gives immfinate relief .inum.catharticum pills. • for indigestion 
cocoa,1900,0,3009,2779,6.9907,True,"..... •,. 7 c7a ..,„ ,n._ ~.t, ..k. lec• ell •., 4 tell • 7 4.1 ll le 4)4 ^ 4 $ grateful-comforting. tainfre ti 4 tyn,„: q‘,p you will 11-nd it the very cocoa you want."
cocoa,1900,0,3009,2781,6.9951,True,"ztet04,1•1.‘,,,et,74,,,apw1a cocoa abscady pure therefore best. csitlit.ath cadbury's cocoa contains no added starch, alkalies, i). or colouring matter, which are often s used to disgu..."
cocoa,1900,0,3009,2782,6.9954,True,"the most nutritious. e p p s's grateful—comforting. cocoa o t. wet oise motley mit recruits will am is futon be ...opted ter aver *i illnatreo6zlalaa oa, ma at lomot wt. lea. go to & td..:140..116, to"
cocoa,1900,0,3009,2785,7.0005,True,azawattee cocoa mazawattee cocoa further improvements are to be made to the churchyard at newton-undecßomborry. some anxiety ia being felt a scarborough through the ...
cocoa,1900,0,3009,2790,7.0154,True,"mazawattee cocoa moire quo formation of muscle and loanimes it for fiction. and, therefore. o a drink par excellence fcr the athlete. the sailor, the soldier. and of ..."
cocoa,1900,0,3009,2793,7.02,True,"cocoa i- ovi-cocoa makes me fresh all day."" mr william walter, 122, braemar-strcet, off morning side road, kirkdale, liverpool, writes :_—_ _ ""i find vi-co..."
cocoa,1900,0,3009,2796,7.0245,True,"grateful—comforting. cocoa the member for holderness. mr. stanley wilson exposes a sw i ndlea. at the marylebone police court on friday, charles scott, aged 33, a very respecta..."
cocoa,1900,0,3009,2798,7.0287,True,"cocoa a boy lit it m ins kappi waal& is par*la. not r•• rinksa kw kin um bemuse be bed bra ialnia••••• ---•- • • • we have the amine* du*, th ptlyete aulak..."
cocoa,1900,0,3009,2799,7.0296,True,"coc a the best form of cocoa for every-day use. the examiner, saturday, september 19, 1903. second division. results to date. for against. p. w. l. d. g. t. p. g. t. p. pts. roch..."
cocoa,1900,0,3009,2800,7.0296,True,"the most nutritious. epps's grateful--comiorting. cocoa breakfast—supper. of trgi: now 101•4 till. ow io 1 eh. a of palermo. rnanai ca. pin ogoo. no som 4 oho of }mo, c.mia.l do em. orbs is oa ii roue"
cocoa,1900,0,3009,2801,7.0341,True,"cocoa advertisements written by consumers. to be continued. excellent for economy, strength and flavour. ""your cocoa is excellent, both ""for economy and fl..."
cocoa,1900,0,3009,2802,7.0352,True,nazawattee cocoa satins diem obs lam mimeo bon •••bbe to tab. wpm. to bajoy n. dyne dom. bed bow* by dm.. the perfect supper several
cocoa,1900,0,3009,2804,7.0404,True,cocoa '-: -''':sence welcome at any hour of the day.
cocoa,1900,0,3009,2805,7.043,True,"cocoa fos breakfast ass suppils. first divisiiin iepteiii 2—sunderland v. sheffield united. 2—stoke v. rory. 2—evertou v llanclo,ter city. 2—small heath v...."
cocoa,1900,0,3009,2809,7.0536,True,"the food cocoa agree will be found dainty, palatable and nourishing. your grocer sells all foods. ~ ~„,...4x il,, -,-. • -,,- :-,-.:14i,,,,,,e4.1-,. .• dr:, „sac' :..."
cocoa,1900,0,3009,2810,7.0551,True,suchard no two makes of cocoa are alike the best is suchard's. try it and you will know. cocoa &como/ay—one pons 4 d ledurto cm yields 0 am sop at delionno lornem. flio tins ai& 1...
cocoa,1900,0,3009,2811,7.0553,True,cocoa a owl lorima ihr ima appistal ufa iligei a iii. 2; 4:2o46:nriabstrm. :i sermdetp et vlostizineyr; raw lid !ado& is th• oirl.
cocoa,1900,0,3009,2816,7.0696,True,"toilers lancet says:, the standard of hi&h,,st parity. cad,mry's cocoa ?]he neston and parkgatic hygienic laundry and cleaning co., ltd. laundrymen, dyers. and french cleaners. shirts and collars a op"
cocoa,1900,0,3009,2818,7.0748,True,"sustaining qualities are cocoa invaluable to all. mote paper and envelopes a mast stylae, at the guardian moe."
cocoa,1900,0,3009,2821,7.0845,True,"...s mims ilirmasisial om all mon int mullioremillio sow me mader mean ilie owns, air limmalares albs nelaealr lie neel. pows now orsimmolon et amme, as cocoa boa forma colea linronert4lm me. '. ="
cocoa,1900,0,3009,2822,7.0854,True,"oveys cocoa advertisements written by consumers. ie antinued. excellent for economy, strength and flavour. ""your cocoa is excellent, both ""for economy and flavou..."
cocoa,1900,0,3009,2827,7.0991,True,me aveakfaia table °moist's without epps's oratefui cocoa the mort maritime sad somozaleal
cocoa,1900,0,3009,2828,7.1023,True,"...at superiority as a highly nutritious food beverage, being delicious in taste, absolutely pure and the most economical withal. caclbury's is the best cocoa only, with the ge"
cocoa,1900,0,3009,2834,7.1189,True,"cocoa you can enjoy dougall's paterit self-raising flour bi'imsastprey. ealthful beverage pure, nour ng. & 2 m c i) u i ~ ..... .- 1 1 • .1"" i 1101,1i.141:..."
cocoa,1900,0,3009,2835,7.1247,True,"... the nicest and most nutritious beverage for the breakfast table. it is made in a moment with boiling water or milk, and its sustaining qualities are cocoa invaluable to al"
cocoa,1900,0,3009,2836,7.1265,True,"to suit your taste. or, a lighter and thinner drink, refreshing and stimulating. epps cocoa essence welcome at any hour et the day. 's"
cocoa,1900,0,3009,2839,7.137,True,"...lii- eac'sr li. lie p rt, 7,11 t .1 .., ..11e2i)qqa '1 cp for this i ~ .mi ~ '4 011 1 1 i gin /* oncl pr, kt :1.19 k., a•i:s. kixto reasons why on rv cocoas the difference bet"
cocoa,1900,0,3009,2841,7.1457,True,"le ocr /ocr papers all youitorr. it' mazawattee cocoa /mims thir ihno•tion el remade sod barbels ft br mirk and. &melee, fa • ore* for brlbs artatate. the bib, the foldier. red .111 oar herr wien to t"
cocoa,1900,0,3009,2842,7.1527,True,"epps's_ cocoa epps's cocoa epps's cocoa =wy yr.& .. ;ln* • ^m ex ••••••• femeltty p•r:,epe ••what was th• mailer eralt ih•t motet, b` ttlt•-• imeneeee .itl. &oval ..."
cocoa,1900,0,3009,2844,7.1569,True,the most nutrit;ous cocoa. eppe'3 grateful—com fortin o. cocoa for breakfast and supper. tramways for durham county. at wednesday's meetioc of the durham county council the cc...
cocoa,1900,0,3009,2845,7.1588,True,"...reatment of employes. a liberal pension scheme has been formulated in connection with the workpeople of messrs rowntree and co., ltd., the well-known cocoa "
cocoa,1900,0,3009,2850,7.1705,True,"cocoa a frairribat. deueiotax sad ••••^4, b•••••••••-•• • .."
cocoa,1900,0,3009,2852,7.1725,True,"nazawatiie cocoa or asly raw re wry rms. you rill or erre r nor r r error corr nrom re b.. d is.. oar gad corr on illarrnr carr as gordo. cm., 11. d, 34."
cocoa,1900,0,3009,2853,7.1754,True,"(!pi c 4., there 15 northinb so easy to in nothths. so nice when made van 11011tly:5 cocoa *gy e, •a ice _ _ ~..------ -2-----.=, -17:5-,?‘ .-4),et:' -- ----- vl 1-, ''y.l- ._ 1:: • ,i cs 0 l.....,' -"
cocoa,1900,0,3009,2854,7.1787,True,onsiktal gad onehrtiag. _ epps's cocoa !morel tuna the isaat wasted gwen with tile natural gl presorted. it is tar 61.11 away the awl natant...le haeurap ew• 0.. t.i... epps'-§ cocoa ter b...
cocoa,1900,0,3009,2855,7.1913,True,"mcdougall's pategt self-raising flo a cup of cocoa --s, is always cheering, z"", sustaining & nourishing, when made with ~ l \ '.4 1 „c ~ -„_ -,. 11 s. ° 4 i. .: .• '''' the cocoa of highest quality. w"
cocoa,1900,0,3009,2856,7.1928,True,"1905. the man in the moon came down too soon, but said he had come to crave a boon. ""cold porridge is not at all to my taste, ""but good cocoa builds up without any waste. „” ""a supply of 'van houten's"
cocoa,1900,0,3009,2857,7.1994,True,"always use mcdougall's patent self—raising flour it is the best. the examiner, saturday, may 12, 1906. cocoa s, absolutely pure _ _"
cocoa,1900,0,3009,2861,7.2029,True,cocoa alammlsommiwnwmilmft r !js.din hospitals fwr namposni &eel 7••• • baps weber id cessmistion implias sad mos- ails re mee@ itmellas sys. imstleallip. ...
cocoa,1900,0,3009,2864,7.2077,True,"the most nutritious. epps's g""uurp.l cocoa the racing;ipigeen. yorkshire birds at rugby. al alum.' and district h.s. (771 miles).—tl,r- teen members sent 95 binds.—a. green and sons. swindon, ..."
cocoa,1900,0,3009,2866,7.21,True,gedetel sal oinforti.g. _ epps's cocoa prustirsol tam tbs boot *seal oros with tio ottani est warm& it is fat sod away tbs mot ptrllises its•ssuro yes gas wm_ ep 1;-s;-; cocoa _ ter brealb...
cocoa,1900,0,3009,2867,7.2123,True,"sleep ad? cabbury's i 1 le.ara cocoa of yighest purity.""-"
cocoa,1900,0,3009,2872,7.2269,True,ul filyi pure ciallimedais cocoa 'arbon. is pure concentrated
cocoa,1900,0,3009,2875,7.2343,True,sustain tug qualities are cocoa invaluable to ell-
cocoa,1900,0,3009,2878,7.2383,True,...eting. the members of the warrington and district grocers' and provision dealers' association held their fourth annual meeting at the british workman cocoa ro
cocoa,1900,0,3009,2882,7.2492,True,... the nicest and most nutritious beverage for the breakfast table. it is made in • moment with boiling water or milk. and its sustaining qualities are cocoa to all
cocoa,1900,0,3009,2883,7.25,True,"epps's_ cocoa epps's cocoa epps's cocoa =wy yr.& .. ;ln* • ^m ex ••••••• femeltty p•r:,epe ••what was th• mailer eralt ih•t motet, b` ttlt•-• imeneeee .itl. &oval ..."
cocoa,1900,0,3009,2887,7.2659,True,epps's grateful-comforting. cocoa the most nutritiows and economical. northern rugby league. first division. fixtures and scores. warrington. points. 1904. for agst. sept. 3 leigh awa...
cocoa,1900,0,3009,2888,7.2659,True,epipsis orateful-comfontins. cocoa von bre/wait ann 11upp111.
cocoa,1900,0,3009,2889,7.2732,True,lb araiktrt toy suegivis warns epps's cocoa ilhe sim warr sal so pshe dr ris din mit jorp
cocoa,1900,0,3009,2891,7.2858,True,...••1111milismailm 1.6 nil isedam imam ay 0••••• 2•10.11 mala gm 1•• subsume of tan• oesisa• amil•mile• ow irmaif mama cam 6114•4•1010••• et • maims •• cocoa tio—b
cocoa,1900,0,3009,2892,7.2921,True,"to cocoa d rinkers• liptons famous cocoa. awar.i) toe grand prize at tiie paris exhibition, 1900, strengthening, nourishing. invigorating. -------- liptons gr..."
cocoa,1900,0,3009,2893,7.2953,True,"tab most nutrits7i_ cocoa. e pp s's orate fin.—co ?a forting. cocoa for inleakfast and supper. =n a .. i g' -4 w ip ,_.— it, dig :..0 ~ ~, 5.,4.` ._ t '---i_, :nor_ _._, j'.— ..."
cocoa,1900,0,3009,2898,7.3085,True,"nutritious and economical cocoa justly prised by noiliers for theniaolvee end ilielr children, who choose it engorly."
cocoa,1900,0,3009,2899,7.3205,True,e p p s's tes most cocoa laa miaow ant am 111/ippiiiil
cocoa,1900,0,3009,2900,7.3223,True,"cocoa is absolutely pure— most refreshing, invigorating, and sustaining, guy's hospital gazette says: -from practical experience we can say that it possess..."
cocoa,1900,0,3009,2904,7.331,True,"it is not •nec to oxide of iron, venetian red, or other 'impure colouring substances in the production of mazaa'attee latarida cocoa it is so full of natural strength and richness that it does its own"
cocoa,1900,0,3009,2908,7.3564,True,"notes on the game, south bank v. darlington. south bank visited darlington on wed- nesday last, and played their return match at armstrong's cocoa rooms, and, after a"
cocoa,1900,0,3009,2909,7.3566,True,"epps's grateful comfori cocoa tlis most nutritious and economical. at :4 eowie hinging coutest held at iludderulield, ou saturday, mr, johu druke, et meshaul, secured the third vr..."
cocoa,1900,0,3009,2911,7.3612,True,"• mazawattee cocoa .111b.f c 9.4 mug nonsiling sad sortantint la nothing bo the mpg* polo sod c°°4"" im ""dad aoloomr. ths as inalun 4.1.10. ow* assam burn..aap semersi. ..."
cocoa,1900,0,3009,2912,7.3616,True,"cocoa by better housing, better hygiene and better food. keep yourself well and daily use"
cocoa,1900,0,3009,2914,7.3946,True,vara. mazawattee cocoa this delicious miiiii4o has preyed its s•!•• 14•••4 • s•esde.tioe tot garde sod eliciesooseso red were mcsissel rlso elede meet at in wadi •i. oa it ...
cocoa,1900,0,3009,2917,7.4221,True,"c()c0 n there 15 nothing so easy to mak 6) nothing so nice when made as van 110117fn:s cocoa s in i, r --- il •*..*..:p..-.,:.: .:,-z1 ra.-,. -. ,_,,,,,, ~.c. 4,..., ~,_,.,,, .....k. ~,...,..,, i,..4,"
cocoa,1900,0,3009,2919,7.4512,True,"epps's cocoa epps's cocoa epps's cocoa ter tb• hug tunrial carriages. ge, littotthrolut's comeau. livery litsbia. ttitrobto• • -storkt74.—aad me rtr3rnna ore m rm..."
cocoa,1900,0,3009,2921,7.4606,True,"...el,m!ter 10#1121,,d.1. n °tip, mem.writ.•- apou .t • liftropolvar sloppe. td., stoektom.o2l.l.6s.' and acc • • w.' ifrxis -- pure concentrate] aeskl"" cocoa &dip"
cocoa,1900,0,3009,2923,7.4774,True,"• • ,; t,. • 05.4 nat e $l.-f • ,4f, it, 4 r `4l .st ""`""' p z „..., • 1 ffrie ,`1""14, gif; cocoa in quality of bean, refinement of preparation, purity of product, or strength-imparting elements."
cocoa,1900,0,3009,2924,7.4803,True,"ripon road club. the annual general meeting of the members of the ripon road club was held on friday night at the club's headquarters (mr. precious' cocoa house, westgate), at 8 p.m. there was an aver"
cocoa,1900,0,3009,2925,7.534,True,"try them te-day. yi a first and 1 cadburys cocoa co beverages because it is milk in its °composition. to choose between cadb_, 44. co coa essence and railk.—lt is highly to,lit mg, and asa deny beve..."
cocoa,1900,0,3009,2926,7.5359,True,"...lag. epps's cooa.i prepared hem the heat seaweed gem with the ravel al preemed. it le ter art wry the art setritlear beeenai yea era taw _ _ ,epps'ig cocoa iir bagful aad wpm."
cocoa,1900,0,3009,2930,7.5651,True,"r fr, iconcliei trate -'4llll adainida cocoa st writaras. y' pure"
cocoa,1900,0,3009,2932,7.5886,True,"tae most notr!tious cocoa. lpps's 0-.atr.7ll_--comforting. cocoa 'or br eakfast supper. news in brief. e,3 louise of anhalt, has died at bantu, ege..l 73. prinoe and perweee c..."
cocoa,1900,0,3009,2933,7.5987,True,"gadburg fc3.titlrft froj 7-1 rrth p p rar.lr-017:71w1t7- .;!irgr.-20-e-g erg—tre7--2,raitfai-t;w.t7to-trarilll,. e • ft ii ft 12, -04 -11 cadbury's cocoa is ""a perfect food."" ..,...- ..-----,-.;,---f-"
cocoa,1900,0,3009,2935,7.6034,True,"cocoa estate. caribisin""s cvcoa is absolutely pure, therefore .i.cese. it ~1 l n.h hgproperties of the cocoa eall, ithellt any foreign admixture whatsoever..."
cocoa,1900,0,3009,2940,7.6589,True,"plasmon for adding to ordinary food. i to be obtained at att. osswizta, acec!x4.4o.4l4opa the only cocoa which satisfies- gives health, endurance. str is 02 buili musc e only one which )s—nourist-if.s"
cocoa,1900,0,3009,2945,7.7204,True,"fly's 300 r:pre cocoa association. lancaster and district llasiud. tittlgate v. skertoe reserve. lancaster and district league. table up to and including march 3rd, 1900. ..."
cocoa,1900,0,3009,2947,7.7535,True,"the most n,jtritious. eppsy:: grateful-comforting. cocoa breakfast and supper. -,,-#k.....c',.-.':,;4!...--.i..:...-.....•i:..:.:•.,',,5..4.7.::..5i...,.:e0:•4:,:.:.t.'4,;-4,.4:-.,,,..:..',*:1:,-,..' "
cocoa,1900,0,3009,2948,7.7587,True,"a. cocoa you can enjoy cdougall's patefit self7raising flour bit%m. 'hful b ,verai 2 m _ • icii;riiiiitillimillimintnitioitilinitilti 1 ii 1,11111,1[1.1'111th..."
cocoa,1900,0,3009,2949,7.7635,True,es epps' cocoa se idalwo at any mir st tke day. nce
cocoa,1900,0,3009,2951,7.7953,True,after three-quarters of a century as cocoa the northern union.
cocoa,1900,0,3009,2953,7.8362,True,"don't say you do not like cocoa until you have tasted rowntree's—it's different. ~, • 4=,5,..1-•••;.,?, ',0,,- --:- ..?,..itrtlet,...:,f4i• ,5,,t4(51: • 4ti, ..,: it it .‘ .... •• ...."
cocoa,1900,0,3009,2955,7.8418,True,"epps's cocoa railway time tables. er4°' ii! _-..„._ 8224i° i11g:7132 a@lig a.... ..... a p • 0.06_00 a iaosg,:i s :---• a.... c......,..5p 4.4; ,p._ :i ""ei.4412-2..."
cocoa,1900,0,3009,2956,7.8441,True,gedetel sal oinforti.g. _ epps's cocoa prustirsol tam tbs boot *seal oros with tio ottani est warm& it is fat sod away tbs mot ptrllises its•ssuro yes gas wm_ ep 1;-s;-; cocoa _ ter brealb...
cocoa,1900,0,3009,2960,7.9075,True,"cocoa estate. caribisin""s cvcoa is absolutely pure, therefore .i.cese. it ~1 l n.h hgproperties of the cocoa eall, ithellt any foreign admixture whatsoever..."
cocoa,1900,0,3009,2962,7.9679,True,"e ps s -comforting cocoa breaafast an; s.pper. le. for some w were collections. country and iown-.s-iib--of. flees —barrow- ford, 9-30 a.m. 1-0 p.m., 8-0 p.m., sundays i nil;..."
cocoa,1900,0,3009,2964,8.0375,True,fry's pure concentwed 300 gold neda's d:ptsinc.s. cocoa
cocoa,1900,0,3009,2966,8.1079,True,"bee-keepers' association. mr. foster presided at the annual meeting of the driffield and district bee-keepers' associa- tion, held in the cocoa rooms the other day. it was reported that nearly tal wor"
cocoa,1900,0,3009,2967,8.1225,True,"• d wig lailowl nm the prorp,-ta of ur om. 4.11 saw se comae e. of epps's cocoa osbotel ma eaptsrel.i. epps's cocoa 1;••10;s1 varqs..— e pi3ips -cocoa 1/1111 imam. imam dale. erryoirr ikon°ya.—the sys"
cocoa,1900,0,3009,2968,8.196,True,"local butchers' ring."" -- at a meeting of the local butchers, held at the cocoa rooms, last thursday evening, the price of meat was considered. the chair was taken by mr. j. t. morris, who referred to"
cocoa,1900,0,3009,2969,8.2166,True,the king. i '0 n.m. r •rowntrees elect cocoa
cocoa,1900,0,3009,2970,8.221,True,"cocoa 'ssence wand d any bit of the day. foes. if we are able to claim the victory, thee think some amount of credit will be due to this lancashire divisio..."
cocoa,1900,0,3009,2972,8.2514,True,the most nutritious. epps's grateful—comforting. cocoa
cocoa,1900,0,3009,2973,8.2744,True,"...he nicest and most nutriticeas beverage for the breakfast us, le. it is made in a moment with boiling water or milk. and its sustaining qualities are cocoa to all."
cocoa,1900,0,3009,2974,8.2998,True,"he full value is in the cocoa no presents-no coupons. are given with 2 „ ~. „ • .... .. ~.-:., _ ...., --1 '. .. ---.----- '-- •': .- --• ----.- ~..- ~. .... ...-...,!--!,... fi1,..."
cocoa,1900,0,3009,2975,8.3037,True,"• d wig lailowl nm the prorp,-ta of ur om. 4.11 saw se comae e. of epps's cocoa osbotel ma eaptsrel.i. epps's cocoa 1;••10;s1 varqs..— e pi3ips -cocoa 1/1111 imam. imam dale. erryoirr ikon°ya.—the sys"
cocoa,1900,0,3009,2976,8.3053,True,the most nutritious. epps's grateful-comforting. cocoa
cocoa,1900,0,3009,2977,8.3444,True,"epps's grateflii.-comfofiting. cocoa orr., kfast and suppei a p:zized purchase. p- -, f'' 1 • 1.1.- te..%) 4 .0.1k\5;.40,4:,,v. .....a.:7 ,_.,..::...t.n.,..e,.......,:::-. .. _ „...: • •..."
cocoa,1900,0,3009,2978,8.4001,True,"the remarliable popularity of flowntr.ee's elect cocoa is exactly shewn by the comparative sizes of the above discs. cy xeciti. / „,,,40„..;.:;..441,,,:a.,*. ,--,- -- .... .-..,e.:x.4.4,,..,... ~ ...."
cocoa,1900,0,3009,2979,8.4764,True,"epp essence welcome at any hoar ot the day, vs cocoa"
cocoa,1900,0,3009,2980,8.4808,True,the most nutritious. ep ps's grateful-comforting. cocoa
cocoa,1900,0,3009,2983,8.5926,True,"tilt 11110 st nutrmo4iii cocoa. epps's orateful-comfortinil cocoa /os 1111111111cfaiit wo 4411.1.1 i st. patrick's day---the devitt, branch or the irish national ....eague held the..."
cocoa,1900,0,3009,2984,8.6111,True,"epps's caga 9.4 to suit your taste. or, a sad mom e pps's cocoa"
cocoa,1900,0,3009,2985,8.6169,True,"4u in cocoa flavour pleasanttothe palate th .1::3' ,' / • ~, 4.' ..... ...‘ -t,:.',,...i.f-1,1:,....."":',-. ',,••• ,;:, v ''. -...,,,, z' (-, ..,„t. ~...% a •,....."
cocoa,1900,0,3009,2986,8.6391,True,"grateful-comforting. cocoa orep 4cfast and supper. 1901. comfort use mi for t co fen& he lord beeal th mr it wi a""ii -ship answ prop for t hi is in -------w- ,iiik .. .. ..>- ...."
cocoa,1900,0,3009,2987,8.9348,True,"stone trough brewery, halifax. cadbu ry's cocoa"
cocoa,1900,0,3009,2988,8.9581,True,"epps's grateful—oomforting. cocoa • a delicious drink and a sustaining food. ~z„,,--.95-*;,?:';',.;,..-:,4 ~, „. ~-.,, 7. ': .:-.-!-,•ii..#;f7.""-41‘;,i7kk-.7.1 ~.f a ~ lk '-:'"" '-:.•:..."
cocoa,1900,0,3009,2989,8.9626,True,essence 'takao. at a—ay—baar of the day. s's cocoa
cocoa,1900,0,3009,2990,8.9691,True,van • • no presents. no coupons. the full value is in the cocoa
cocoa,1900,0,3009,2991,9.0142,True,"bru w ak looks, stnells, ta.;tes like coffee, and is as easily made as tea, coffee, or cocoa"
cocoa,1900,0,3009,2992,9.0591,True,"--flor--;.•-•-y-t delicious te'\ul.g,// '4,,,,,sustalvevg cocoa"
cocoa,1900,0,3009,2993,9.447,True,"gowntree's good advicf ""take a tin home— you'll like it."" elect cocoa"
cocoa,1900,0,3009,2994,9.9652,True,udr ?awl et.t. =.• lllll7boll r 11.1 :. ci i in epps's cocoa epps's cocoa epps's cocoa
cocoa,1900,0,3009,2995,10.8064,True,"edirvzvl i 1 cad du ry's cocoa contains no added starch, alkalies, fir colouring matter, which are often used to disguise poor and inferior cocoas. entirely free from all s i oreig..."
cocoa,1900,0,3009,2996,11.1507,True,...ea_ or better titan vi.coooa. tb.ouss.nda of men and women ray this. experience has told them that a 64 p.cket or 9d or is fai tin of dr. tibhles' vi-cocoa is the hest valve in the wo
cocoa,1900,0,3009,2998,11.3448,True,"cocoa is absolutely pure— most refreshing, invigorating, and sustaining, guy's hospital gazette says: from practical experience we can say that it possesse..."
cocoa,1900,0,3009,3000,11.5929,True,"padih&iti. the recent stoppages.—a local mill have corn- meneed to welve out. enterprise mill (graham, oxley, said co.) is still btoppe4. bury's cocoa. ,wre—therefore best. cadbury's cocoa is guaran- "
cocoa,1900,0,3009,3001,11.6334,True,"the original cocoa, and a sp.eciality. • t. r}l. .• .14 imo ek s tt it#,• (4:,•76al (nj tting distingrished from al'. others by its invigornting nutritious quaities and..."
cocoa,1900,0,3009,3002,11.7209,True,"""nothing cheaper or better than vi-cocoa."" thou-and, of men and unman say this. experi- ence has told them that a 6d. packet or 9d. or is. 61 tin of dr. tibblea. vi.coecia i, the be,t value ..."
cocoa,1900,0,3009,3003,11.817,True,"...r the auspices of the educational department of the warrington co-operative society a lantern lecture on"" the cultivation and manu- facture of c.w.s. cocoas"" was giv"
cocoa,1900,0,3009,3007,12.3558,True,"the duty on cocoa. to thi emma or the gillettil"" sir,-1 trust you can spare space for a word of comment on the following letter from mr. george cadbury, which was publ..."
cocoa,1900,1,3292,1,4.4124,True,"mazawattee cocoa is therefore the cocoa that nature's choicest nutrient. 14,1 • 1 a, a s 11 1, js qi a, bq a 2 /if,"
cocoa,1900,1,3292,2,4.4636,True,"""plasmon food value elmorol ."" —l.acve. olk6 cocoa 10 times more nutritious than ordinary cocoa. delicious. • idigestible. in tins, 9d., 1/4, and 2/6 of ail groarro,§lo.4. et.,"
cocoa,1900,1,3292,3,4.4836,True,"n e joy. t a cocoa that is not only the 'or nutritive, sustaining and in- vigorating properties, but one that you can thoroughly enjoy, drink van houten's. it retains t..."
cocoa,1900,1,3292,4,4.493,True,"9ft., 9 ..•., • '4:4w • cocoa for summer and winter and all the year round. n.b. cocoas treated with alkali and chemicals have a medicinal sent when the tin or packet is ii st ope..."
cocoa,1900,1,3292,5,4.5267,True,"""the typical cocoa of english manufacture.""— the analyst. cadecuely's is cocoa, and the best cocoa 0n1y..... nutritious, stimulating and digestible."
cocoa,1900,1,3292,6,4.5863,True,the original cocoa. and a speciality. eppsis distinguished from all others by its invigorating nutritious qualities and delicious flavour. it contains all the substance...
cocoa,1900,1,3292,7,4.5879,True,"mazawattee cocoa is therefore the cocoa that nature's choicest nutrient. 14,1 • 1 a, a s 11 1, js qi a, bq a 2 /if,"
cocoa,1900,1,3292,8,4.643,True,"epps's you cannot possibly have a better cocoa than ""cocoa stands very much higher than coffee or tea."" dr. hassell says, and contains every in- gredient necessary to the grow th and sustenaooe of..."
cocoa,1900,1,3292,9,4.6568,True,"a word to mothers. there is little to choose between cadbury's ab- solutely pure cocoa essence and milk, so closely allied are they in composition. cadbury's cocoa is highly nourishing, and as a daily"
cocoa,1900,1,3292,10,4.6601,True,"cocoa the best form of cocos for every-day use. p plasmon cocoa contains all the constitztcnts able to support life."" —lancet. aids digestion. ...... _ .- ..."
cocoa,1900,1,3292,11,4.6608,True,"a smon cocoa in tlns, st, gro, li 4d, & 2s 6d. futriment 1-ib. beef or ten of ordinary cocoa, aids digestion, braces the nerves, invigorates the system. the clean..."
cocoa,1900,1,3292,12,4.665,True,"smon cocoa a ttrevient to ilb. beef or ten cups of cocoa ant/ is absolutely free from chemicals. ligestion, braces • the nerves, invigorates the system. in tins..."
cocoa,1900,1,3292,13,4.6678,True,"e ps's cocoa the favourite with young and old. delicious, fragrant, and warmtggiving. ""epps's"" contains the maximum of nourishment in cocoas. ""epps's"" sts.nds for..."
cocoa,1900,1,3292,14,4.6764,True,"smon cocoa rutriment to ilb. beef or ten cups of cocoa and is absolutely free front chemicals. ligestion, braces the nerves, invigorates the system. in tins 5d...."
cocoa,1900,1,3292,15,4.6782,True,"you cannot possibly have a better cocoa than epps's ""cocoa stands very much higher than coffee or tea."" dr. hassell says. ""and oontains ever, in- gredient necessary to the growth and susten..."
cocoa,1900,1,3292,16,4.6965,True,"mazawattee cocoa le even superlor to them —greatly superior indeed. with such a cocoa you soon realize what cocoa really is, and means, and should be."" gordon -tables..."
cocoa,1900,1,3292,17,4.7035,True,"cocoa the best form of cocos for every-day use. p plasmon cocoa contains all the constitztcnts able to support life."" —lancet. aids digestion. ...... _ .- ..."
cocoa,1900,1,3292,18,4.7041,True,"cocoa the best form of cocos for every-day use. p masi-non cocoa contains all the constituents able to support life."" —lancet. aid 3 digestion. ?.#.44. • '..."
cocoa,1900,1,3292,19,4.7084,True,"a word to methers. there is little to choose between cadbury's ab- solutely pure cocoa essence and milk,,so closely allied are they in composition. cadbury's cocoa is highly nourishing, and as a daily"
cocoa,1900,1,3292,20,4.7248,True,"e\'' e• true economy to use no other cocoa goes so far. no other cocoa has such strength and exquisite flavour. the cocoa you will enjoy. woman's realm, atig ot a very snort khaki skirt and ja..."
cocoa,1900,1,3292,21,4.7301,True,"cocoa the best form of cocos for every-day use. p masi-non cocoa contains all the constituents able to support life."" —lancet. aid 3 digestion. ?.#.44. • '..."
cocoa,1900,1,3292,22,4.7421,True,"smon cocoa futriment to ilb. bbef or ten cups of cocoa and is absolutely free front chemicals. oigestion, braces the nerves, invigorates the system. in tins 5d...."
cocoa,1900,1,3292,23,4.7478,True,"smon. cocoa :utriment to ils. beef or ten cups of cocoa and is absolutely free from chemicals. imestion, braces the nerves, invigorates the system. in tins 5d., ..."
cocoa,1900,1,3292,24,4.7482,True,~.. •.. rc i! for summer and winter and all the year round. n.b. cocoas treated with alkali and chemicals have a medicinal scent when the tin or packet is 'irst opened and will be a dark colour when i
cocoa,1900,1,3292,25,4.7485,True,"epps's grateful-comforting. cocoa the most nutritious and economical. „,, / 5"
cocoa,1900,1,3292,26,4.749,True,"mazawattee cocoa is even superior to them—greatly superior indeed. with such a cocoa you soon realize what cocoa really is, and means, and should be"". goxidon stables..."
cocoa,1900,1,3292,27,4.7496,True,"41, ,4.4.41ry9s 011•111.1c:3, • cocoa a delicious, refreshing drink. a healthful, sustaining food. absolutely pure therefore lest. the perfect purity of cadbury's cocoa— a strong point wi..."
cocoa,1900,1,3292,28,4.7504,True,"e\'' e• true economy to use no other cocoa goes so far. no other cocoa has such strength and exquisite flavour. the cocoa you will enjoy. woman's realm, atig ot a very snort khaki skirt and ja..."
cocoa,1900,1,3292,29,4.7564,True,• ~v • it c9c.t)a i i is a delicious invigorating and sustaining food beverage for summer and winter and all the year round. n.b. cocoas treated with alkali and chemicals have a medicinal scent when t
cocoa,1900,1,3292,30,4.7564,True,cadbury's is as pure as it is good. avoid cocoa concoctions—the added ingredients in such mixtures are mosily cheapening substances that either diminish or neutralize the natural nourishing qualiti...
cocoa,1900,1,3292,31,4.7571,True,"epps's cocoa is cm admirable food, the nicest and most nutritious beverage for the breakfast table. it is made in a moment with boiling water or milk, and its sus..."
cocoa,1900,1,3292,32,4.7606,True,"mazawattee cocoa is even superior to them —greatly superior •indeed. with such a cocoa you soon realize what cocoa really ls, aud means, and should aw."" gordon stable..."
cocoa,1900,1,3292,33,4.7693,True,"cadbury's cocoa +,..1 po* n.b.—cocca is strongest when pure, but if treated with alkali as in dutch and some english cocoas a dark coloured article is produced, whic..."
cocoa,1900,1,3292,35,4.7781,True,"pacoa to assist mental and physical labour, 1, there is no cocoa like dvs., ii 'tiles' v 1. ""the food beverage of the people? i, dainty"" address; vi-cocoa, ltd., sample. go, bunhill row, london, e.c. "
cocoa,1900,1,3292,36,4.7788,True,first and foremost. cadbury's cocoa comes first among food beverages because it is very closely allied to milk in its composition. there is really little to choose between cadbury's abs...
cocoa,1900,1,3292,37,4.7793,True,"one cup smon cocoa a [n nutriment to lb. beef or ai cups of ordinary cocoa. aids digestion, r braces the nerves, invigorates the system. in tins 5d., 9d., 1/4 and /6."
cocoa,1900,1,3292,38,4.785,True,"you cannot possibly hays a battier cocoa than epps's ""cocos stands very much higher than colt.. or tea; dr. hausll says, ""and contains ever, in- gredient necessary to the growth and au .tena..."
cocoa,1900,1,3292,39,4.787,True,"mazawattee cocoa will be found most nourishing and sustaining. it is nothing but the higliftt grade cocoa,andcontains no added ingredients whatioever. the full nutrit..."
cocoa,1900,1,3292,40,4.788,True,'aro coa alone. there is more pure cocoa in a packet of cadbury's; hence a given quantity makes more bever- age of a better quality.
cocoa,1900,1,3292,41,4.7935,True,the most nutritious. e p psfs grateful—com footibi g. cocoa breakfast-supper. -3
cocoa,1900,1,3292,42,4.7971,True,ci i cocoa it is an • exceedingly nourishing food beverage possessing all the essentials necessary for the • sustenance of the body. highly beneficial to young ...
cocoa,1900,1,3292,43,4.7972,True,"""for perfect purity, delicacy of flavour, and nutritive value, van liouten's cocoa occupies the foreniost place."" dr. braithwaite's retrosfied of medicine. 6-- • „ a 61, 77 • a 9 4v. it, r, 441 *q."" „"
cocoa,1900,1,3292,44,4.7976,True,"""if' is able to support life."" —lancet cocoa contains more nourishment than 10 cups of any ordinary cocoa, and ii absoiutrly fres from chemicals. nourishes. warms. strengthens. :nee cup c:l°°s#"
cocoa,1900,1,3292,45,4.7982,True,.. c• i t ~. 9 .. cocott 11 i 1111 is a delicious fnvigorating and sustaining food beverage for summer and winter and all the year round. n.b. cocoas treated with alkali and chemicals have a medicinal
cocoa,1900,1,3292,46,4.8066,True,"absolutely pure thereforb best. vw' mils stood tile: test of time. ""the standard of highest purity.""—tße lancet. ""the typical cocoa of english manufacture.""— the analyst. cadbury's is cocoa, and the b"
cocoa,1900,1,3292,47,4.8068,True,"epps's grateful comforting. cocoa the most nutrition/ and economical. printed and published by j. w roberts, at his general printing and publishing offioe, bridge street, slaithwaits,..."
cocoa,1900,1,3292,48,4.8079,True,mazawattee cocoa will be found most nourishing and sustaining. it is nothing but the highest grade cecoa.and contains no added ingredients whatsoever. she full nutrit...
cocoa,1900,1,3292,49,4.8109,True,"you asonot pooolbly mae a boner cocoa than epps's ""cocoa stands very much higher than coffee or tea; dr. hawaii says. ""and oontains every in. gradient necessary to the growth and sustenan..."
cocoa,1900,1,3292,50,4.8115,True,"ep ps's grateful-comfortino. cocoa the most nutritious and economical latest sasptar c ~,,qj 4 ‘ potiv,) (4_ the --------.' '.' :;141,154fe *wa sher"
cocoa,1900,1,3292,51,4.8225,True,"(ti, be concluded.) cadbury's cocoa has ta world-wide reputation no a. deli mous, strengthening beverage, a..d a valuable nutritive to .1 the ••lanevt"" says it represents the standard o..."
cocoa,1900,1,3292,52,4.8226,True,"mazawattee cocoa goes twit cas far as ordinary cocoa. a half spoonful gives twice as much liquid as any ordinary ooeoa. test this fact for yonrielf, and if you are no..."
cocoa,1900,1,3292,53,4.8229,True,"""for perfect purity, delicacy of flavour, and nutritive value, van houten's cocoa occupies the foremost place.""— or. 93rait5u;aite's retrospect of nedicine."
cocoa,1900,1,3292,54,4.8291,True,first and foremost. cadbury's cocoa comes test among food beverages because is very closely allied to —.*lr in its composition. there. is really little zhoose bemeen cadbury's absolutel...
cocoa,1900,1,3292,55,4.8369,True,"imou %dv ff-t you can face the prevailing cold weather with impunity. the heat-producing elements contained in this pure cocoa are most pronounced. it also forms a most satisfy- ing beverage, and is r"
cocoa,1900,1,3292,56,4.8411,True,"cocoa the beat form of cocoa for every-day use, 1. mciem34. „ -„; t *p'c 47#'44c."
cocoa,1900,1,3292,57,4.8413,True,"""for perfect purity, delicacy of flavour, and nutritive value, van houten's cocoa occupies the foremost place.""— or. g3rait6waite's retrospect of .medicine."
cocoa,1900,1,3292,58,4.8483,True,.ic4' ey cocoa —it makes all the difference. every grocer sells vi-cocoa in 6d. packets and dd. and is. 6d. tins.
cocoa,1900,1,3292,59,4.8496,True,"itanmixt mimi ""for perfect purity, delicacy of flavour, and nutritive value, van houten's cocoa occupies the foremost place.""— or. 53raitelvaite's retrospect of nedicine. northern wetirty gta 7,ptte s"
cocoa,1900,1,3292,60,4.8497,True,...lbc‘l% cadbury's is first amongst food beverages because ot its absolute purity and freedom from admixture of any kind. the lancet says :-- cadbury's cocoa under- goes no method ot treatment by which
cocoa,1900,1,3292,61,4.852,True,"maza w attee cocoa will be found most nourishing and sustaining. it is nothing but the highest grade cocoa, ar.d contains no added ingre li en ts whatsoever. the full n..."
cocoa,1900,1,3292,63,4.8647,True,"• ca -). 7fr s cocoa whgn once established as the children's morning beverage, is always looked forwari to with eagerness by the little folks. it makes them feel strong a..."
cocoa,1900,1,3292,64,4.8675,True,"cocoa the beet form of cocoa for every-day use. printed and published by j. w roberto, at his general printing and publishing office, bridge stteet, :-lait..."
cocoa,1900,1,3292,65,4.8679,True,"cadbory's cocoa ""a really valuable foob. i i .to"
cocoa,1900,1,3292,67,4.87,True,"smon cocoa a t.itiziment to ilb. beef or ten cups of cocoa anil is absolutely free from chemicals. igestion, braces the nerves, invigorates the system. in tins ..."
cocoa,1900,1,3292,68,4.8719,True,"i the proof of the beverage is in the drinking. try f: 4,4zrft van outen9 mcoa and you will not be disappointed. it is a pure cocoa with a delicious natural flavour which you cannot fail to enjoy. ""of"
cocoa,1900,1,3292,69,4.8768,True,"smon cocoa n nutriment to /lb. beef or n cups of ordinary cocoa. aids digestion, braces the nerves, invigorates the system."
cocoa,1900,1,3292,71,4.8796,True,"(i. i ...........i the proof of the beverage is in the drinking. try van n outen ..,.,,.:, i and you will not be disappointed. it is a pure cocoa with a delicious natural flavour which you cannot fail"
cocoa,1900,1,3292,72,4.8809,True,"mazawattee cocoa will be found • most nourishing and sustaining. it is nothing but the highest grode cocoa,and contains no added ingredients whatsoever. the full nutr..."
cocoa,1900,1,3292,73,4.8867,True,ton cannot possibly have a better cocoa than epps's grateful-oomfortinp. cocoa you will find it the very (locos you want.
cocoa,1900,1,3292,74,4.8885,True,"mazawattee cocoa is ens wirier to them—uearly superior indeed. with obh a cocoa yoli realite what co really la, sod illt.iis, :111/104 be."" gordon grillo."
cocoa,1900,1,3292,75,4.89,True,"mazawattee cocoa and you will always use it. a half spoonful gives twice as much liquid as any ordinary cocoa. test this fact for toureelf, and if you are not satisfi..."
cocoa,1900,1,3292,76,4.8913,True,tllt most nutrmous cocoa. e p p s's ateful-coinfortino. cocoa for breakfast and supper.
cocoa,1900,1,3292,77,4.8977,True,"strong children. everybody should drink cadbury's cocoa regulorly at breakfast and lunch taut% and particularly with the everling neil. is rause, 00 ing to as mildly stimulative action, it is on. of t"
cocoa,1900,1,3292,78,4.8978,True,"cadmmy's cocoa m=ll.lr,' it is the natural cocoa skilfully prepared without adulteration or admixture of any kind whatsoever. ""cadbury's is a perfectly pure oa of t..."
cocoa,1900,1,3292,79,4.8998,True,25/6 cocoa for breakfast is good for those who work. and for those who play 1 _ rowntree's cocoa is a favourite with workers. because it's nourishing. and delic...
cocoa,1900,1,3292,80,4.9004,True,"a smon cocoa n nutriment to ilb. beef or ,n cups of ordinary cocoa. aids digestion, braces the nerves, invigorates the system. in tins 5d., 9d., 1,4 and 1/6."
cocoa,1900,1,3292,81,4.9024,True,"a word to mothers. there is little to choose between cadbury's ab- solutely p-ire cocoa essence and milk, so closely allied are they in composition. cadbury's cocoa is highly nourishing, and as a dail"
cocoa,1900,1,3292,82,4.9043,True,raati)w oc°ct 4'7-ipq is a delicious invigorating and sustaining food beverage for summer and winter and all the year round. n.b. cocoas treated with alkali and chemicals have a medicinal fc mt when t
cocoa,1900,1,3292,83,4.9055,True,"15 3, r. s s s 4 ‘, 4 cocoa ""first and foremost"" why? it has stood the test of time. why? it is highly beneficial to all, young and old. why? it is ""the typical english cocoa (s..."
cocoa,1900,1,3292,84,4.9069,True,"mazawat tee cocoa in plain languag#, it is all a cocoa, the best of (alcoa, and the purest. as .tr) its palatable. mo.ge an,l flavour, it will speak for itself.""— gond..."
cocoa,1900,1,3292,85,4.9072,True,"suchard lx•st cocoa is suchard, 110:•oitticcd %u-shar. the only best cocoa isi there's one or two ot:it.r good ones. if you don't like it, your dvaler returns your money..."
cocoa,1900,1,3292,86,4.9093,True,a smon cocoa digestible nutriment i-lb. beef ;n cups of any other cocoa. as supplied to the war office.
cocoa,1900,1,3292,87,4.9122,True,"cocoa the beat form of cocoa for every-day use, 1. mciem34. „ -„; t *p'c 47#'44c."
cocoa,1900,1,3292,88,4.9171,True,"mazawattee cocoa is not only pure but very otronir. 10 you will not rtquire so mucb of it as of oidinary uozoas. hither- to we have had few, if any, such good cocoas ..."
cocoa,1900,1,3292,89,4.9192,True,"16, .1$ 1: i 9 i i i is a dencious invigorating and sustaining food beverage for summer and winter and all the year round. n.b. cocoas treated with alkali and chemicals have a medicinal scent when the"
cocoa,1900,1,3292,90,4.9208,True,epps's grateful-comforting. cocoa the most nutritious and illoonomiol
cocoa,1900,1,3292,91,4.9302,True,"mazawattee cocoa is even superior to them —greatly superior indeed. with such a coool you soon realize what cocoa really is, awl means, and should be."" gordon 'tables..."
cocoa,1900,1,3292,92,4.9305,True,"""plasmon cocoa contains all the constituents able to support life."" lancet. digestion. braces the nerves. * refreshing % sleep. cocoam"
cocoa,1900,1,3292,93,4.9313,True,"vvvbat cad the great ecientist, baron cocoa is a sower; but its quail and easily digested, occu perfect with those whose speakers, and with cadbury's cocoa caution: and will be a darker colour ..."
cocoa,1900,1,3292,94,4.9328,True,"ttti is 9s cocoa alone. there is more pure cocoa in a packet of cadbury's; hence a given quantity makes more bevel., age of a better quality. • kf"
cocoa,1900,1,3292,95,4.9376,True,"absolutely pure therefore best. 1r- lie/4.s stood the test of time. -lug ""the standard of highest purity.""—the lancet. ""the typical cocoa of english manufacture.""— the analyst. cadbury's is cocoa, and"
cocoa,1900,1,3292,96,4.9427,True,"cocoa advertisements written by consumers. to be continued ""the flavour is perfect."" one of my chief nourishments."" ""i never use any other cocoa but yours...."
cocoa,1900,1,3292,97,4.944,True,"c:aids digestion. braces the nerves plasmon cocoa is non-heating. one cup contains snore nourisnment than 10 cups of any ordinary cocoa. 1a wm, 9d. 1/4 sod *6 and development"" the philatelic editor c..."
cocoa,1900,1,3292,98,4.9449,True,"cocoa the best form of cocoa for eve:y-day uze. to let. to let, house, bondgate green bridge, hot aud cold bath, w.c., ,etc.—apply, 24, north street. a goo..."
cocoa,1900,1,3292,99,4.9476,True,epps's grateful-comforting. cocoa the most nutritious and zoonomioal
cocoa,1900,1,3292,100,4.9514,True,epps's oratipul—oomfortinei cocoa yon will ind it tin tory cocoa you want.
cocoa,1900,1,3292,101,4.9517,True,"a smoii cocoa itriment to 1.8. i beef or ten cups of 'cocoa and is absolutely free from chemicals. ligestion, braces the nerves, invigorates the system. in tins 5d..."
cocoa,1900,1,3292,102,4.9556,True,"smoii, cocoa jtriment to beef or ten cups of 7. cocoa and is absolutely free from chemicals. agestion, braces the nerves, invigorates the system. in tins 5d., 9d...."
cocoa,1900,1,3292,103,4.9577,True,"the premier cocoa at popular prices. -- delightful flavour and easy to make. • • 111. sold by all grocers, in packets and tins."
cocoa,1900,1,3292,104,4.9593,True,"a smon cocoa ire nourishment than 10 cups of linary cocoa, and aheolutely chemicals and added starch matter nourishes, warms, strengthens."
cocoa,1900,1,3292,105,4.9597,True,"ottigl •' • cocoa a is a most valuable beverage for the young, and does splendid service in building up the constitution. ""health"" says it builds up muscle and bodily ..."
cocoa,1900,1,3292,106,4.9665,True,"cocoa the beat form or cocoa for every-day use. wallaces' pure fresh_ fruit,"
cocoa,1900,1,3292,107,4.9706,True,"eoeoa from kola, malt, hops, alkali, or any cdmixfure. 1 cocoa only. it has stood the test of time. he tesi b ury's cocoa is: lisbig, says: food, as wholesome as delicious, a beneficent restorer of ex"
cocoa,1900,1,3292,108,4.972,True,"74""aftniu.. abbury9s i; the stanbarb cocoa of yighest purity.""— the lancet. delicious & unadulterated. soothing & sustaining. ""messrs. cadbury's famous cocoa is a nutritious, agreeable, and ea..."
cocoa,1900,1,3292,109,4.9727,True,"the best proof. experience establishes the fact that van houten's cocoa is not only the highest in quality and the most delicious in flavour, but also the most econonli,-31 in use. buy h ....ad prove "
cocoa,1900,1,3292,110,4.9735,True,"mom education. he ...rtandard qf iftilhext parity."" adbury's ix cocoa alone. there is more pure cocoa in a packet of cadbury's; hence a given quantity makes more bever- age of a better quality."
cocoa,1900,1,3292,111,4.9754,True,"cocoa the beet form of cocoa for every-day use. ‘,„ \"
cocoa,1900,1,3292,112,4.9776,True,"cocoa the best form of cocoa for every-day use. tootn-acre cured instantly by bunter's n.l, inf. ft,rents per, ,•res sloples% nights presemed n furalcia, h..."
cocoa,1900,1,3292,113,4.9777,True,"!epps's being distinguished from all others by its invigorating nutritious qualities and its delicious flavour. this cocoa, con- taining as it does all the substance of the cocoa nib, maintains its le"
cocoa,1900,1,3292,115,4.9813,True,"eri 47 • ....4 v a ...„, ./....„ i pure soluble and no cocoa in the world equals it for e7fig6 quality, exquisite :natural mayor, d- eeonomy in use. these are facts which are recognised alike by the m"
cocoa,1900,1,3292,116,4.9822,True,"ci;6iann q:- •aity9 h s cocoa can always be relied upon for its purity. adulterated cocoas are riy and should be avoided. cadm's cocoa tal:pn regularly, is highly beneficial to yo..."
cocoa,1900,1,3292,119,4.9918,True,"""i really mustt use vi-cocoa."" ithousands of men and women, after reading the particulars published respecting the merits of dr. tibbles' vi-cocoa,have been induced to become reg..."
cocoa,1900,1,3292,120,4.9918,True,"...ed from al! others by its invigorating nutritious qualities and its delicious flavour. this coca-,. con- taining d,s it does all the subotance of the cocoa nib, maintains it le"
cocoa,1900,1,3292,121,4.992,True,epps's grateful-comforting. cocoa the most nutritious and economice.l
cocoa,1900,1,3292,122,4.9933,True,"cocoa advertisements written by consumers. to be continued ""the flavour is perfect."" one of my chief nourishments."" ""i never use any other cocoa but yours...."
cocoa,1900,1,3292,124,4.9943,True,"mazawattee cocoa goes twice as far as ordinary cocoa. a half spoonful gives twice as much liquid as any ordinary cocoa. test this fact for yourself, and if you are no..."
cocoa,1900,1,3292,125,4.9946,True,no cocoa is pure which contains substances not naturally present in the cocoa bean. many of the so-called cocoas now on sale are merely cocoa preparation. •vi...
cocoa,1900,1,3292,126,4.9957,True,"mazawattee cocoa goes twl aas far as ordinary ccooa. a half spoonful gives twice as much liquid as any ordinary coosa. test this [act for yourself, and if you are not..."
cocoa,1900,1,3292,127,4.9984,True,first and foremost. cadbury's cocoa comes first among food beverages because it is very closely allied to milk in its composition. there is really little to choose between cadbury's abs...
cocoa,1900,1,3292,128,5.0012,True,"fact versus fiction. the fiction is that anther cocoa is ""as good as van i-louten's."" the fact is there is not another cocoa to equal van houten's. in every market in the world it is the standard by w"
cocoa,1900,1,3292,129,5.0078,True,first and foremost. cadbury's cocoa comes first among food beverages because it is very closely allied to milk in its composition. there is really little to choose between cadbury's abs...
cocoa,1900,1,3292,130,5.0092,True,"mazawattee cocoa goes twice as far an ordinary cocoa. a half spoon- ful gives twice as much liquid as any ordinary comm. test tido fact for yourself, and if you are n..."
cocoa,1900,1,3292,131,5.0106,True,"...ong lure. ""dothnal groan people don't live to be 90 unleisi they are in the workhouse,"" saki dr. wynn westooft at an inquest on mon- day. a choice of cocoa either the nest nutritious end"
cocoa,1900,1,3292,132,5.012,True,epps's grateful-oomfortino. cocoa the moat nutritious and economical
cocoa,1900,1,3292,134,5.014,True,"smoii cocoa utriment to ilb. beef or ten cups of cocoa and is absolutely free front chemicals. ligestion, braces the nerves, invigorates the system. in tins 5d.,..."
cocoa,1900,1,3292,135,5.0149,True,"mazawattee cocoa in pla:o language. it is all a cocoa, the beat of cocoa, and the purest. as to its palatableness and flavour, it will speak for itself.""—goßdon st.tb..."
cocoa,1900,1,3292,136,5.0156,True,radblagat 1! cocoa 111 for summer and winter and all the year round. n.b. cocoas treated with alkali aid chemicals have a medicinal re.!nt when the tin or packet is 1. ...
cocoa,1900,1,3292,137,5.0183,True,the most nutritious cocoa. epps's grateful-comfortino. cocoa fon liirlakfast aniii supped.
cocoa,1900,1,3292,138,5.0185,True,"l the little ones like it. cadburg's cocoa children's beverage par excellence—makes them feel well 81 stri health says: ""cadbury's gives the system endurance and hardihood, building up muscle ..."
cocoa,1900,1,3292,139,5.0206,True,"i really must use vi-cocoa."" thornands of men and women, after reading the particulars published respecting the merits of dr. tibbles' vi-cocoa, have been ind aced to become re..."
cocoa,1900,1,3292,140,5.0214,True,"cocoa the best form of cocoa for every-day •,:se. children's coughs. mrs. ballin, the great authority on children's diseases, strongly recommends veno's li..."
cocoa,1900,1,3292,141,5.0231,True,"mom education. he ...rtandard qf iftilhext parity."" adbury's ix cocoa alone. there is more pure cocoa in a packet of cadbury's; hence a given quantity makes more bever- age of a better quality."
cocoa,1900,1,3292,142,5.0251,True,_ of the choicest nibs. and main- tains its leading position as cocoa the best form of cocoa for every-day use. a
cocoa,1900,1,3292,143,5.0271,True,"one cup a smon cocoa iutriment to ilb. beef or ten cups of cocoa and is absolidelv free from chemicals. agestion,_ braces the nerves, invigdrates the system. in tins 5d.,..."
cocoa,1900,1,3292,144,5.0308,True,strong children. children grow strong on cadbury's cocoa because it contains in a generous measure those food elements that are essential to health and good physical condition. it possesses the s comb
cocoa,1900,1,3292,145,5.0315,True,"epps's cocoa is an admirable food, the nicest and most nutritious beverage for the breakfast table. it is made in a moment with boiling water or milk, and its sus..."
cocoa,1900,1,3292,146,5.0315,True,"epps's cocoa is an admirable food, the nicest and most nutritious beverage for the breakfast table. it is made in a moment with boiling water or milk, and its sus..."
cocoa,1900,1,3292,147,5.0315,True,"epps's cocoa is an admirable food, the nicest and most nutritious beverage for the breakfast table. it is made in a moment with boiling water or milk, and its sus..."
cocoa,1900,1,3292,148,5.0315,True,"epps's cocoa is an admirable food, the nicest and most nutritious beverage for the breakfast table. it is made in a moment with boiling water or milk, and its sus..."
cocoa,1900,1,3292,149,5.0315,True,"epps's cocoa is an admirable food, the nicest and most nutritious beverage for the breakfast table. it is made in a moment with boiling water or milk, and its sus..."
cocoa,1900,1,3292,150,5.0315,True,"epps's cocoa is an admirable food, the nicest and most nutritious beverage for the breakfast table. it is made in a moment with boiling water or milk, and its sus..."
cocoa,1900,1,3292,151,5.0315,True,"epps's cocoa is an admirable food, the nicest and most nutritious beverage for the breakfast table. it is made in a moment with boiling water or milk, and its sus..."
cocoa,1900,1,3292,152,5.0331,True,cocoa highly nutritious and absolu• tely pure. being free from drugs or any admixture. what a famous footballer says of cadbury's cocoa: i have tried cadbu...
cocoa,1900,1,3292,153,5.0371,True,"cocoa ..• ministers to the physical requirements of young and o!ci in an eminent degree. 'health"" says— ""cadbury's cocoa possesses in a remarkable degree t..."
cocoa,1900,1,3292,154,5.0402,True,first and foremost. cadbury's cocoa comes first among food beverages because it is very closely allied to milk in its composition. there is really little to choose between cadbury's abs...
cocoa,1900,1,3292,155,5.0406,True,"mazawattee cocoa will be found most nourishing and sustainieg. it ls nothing but the higheet grade ceeoa,and contains no added ingredient' whateoever. ihe full nutrit..."
cocoa,1900,1,3292,156,5.0408,True,epps's grateful-comfortino. cocoa the most nutritious staid economical.
cocoa,1900,1,3292,157,5.0409,True,suchard's cocoa is appetizing in a delicate state of health this is important; but the most important point is the after-com- fort. try it and you'll know. cocoa eco...
cocoa,1900,1,3292,158,5.041,True,first and foremost. cadbury's cocoa comes first among food b7erz.tges because it is very closely allied to milk in its composition. there is really little to choose between cadbury's ab...
cocoa,1900,1,3292,159,5.0433,True,"cabbury's i isofthaenb all cocoa yighest purity.""— -lalimmiv the lancet. delicious & unadulterated. soothing & sustaining. ""messrs. cadbury's fai-nous cocoa is a nutritious, agreeabl..."
cocoa,1900,1,3292,160,5.0446,True,"after three-quarters of a century as cocoa the best form of cocoa for every-day use. exhiiiition kt parr hall, warrington, april 19th to 29th. always use brand • 'fan ke4l""l4° tii"
cocoa,1900,1,3292,161,5.0458,True,"suchard lx•st cocoa is suchard, 110:•oitticcd %u-shar. the only best cocoa isi there's one or two ot:it.r good ones. if you don't like it, your dvaler returns your money..."
cocoa,1900,1,3292,162,5.0512,True,epps's grateful-comforting. cocoa the most nutritious and econontical
cocoa,1900,1,3292,163,5.052,True,"suchard su•shal) suchard's cocoa is made with all the knowledge and skill of 76 years' experience and with the care of world- wide trade. if you don't like it, yotr dealer returns yo..."
cocoa,1900,1,3292,164,5.0532,True,"‘4' s's grateful-comforting. cocoa the most nutritious and economical. additional extracts fiioni the diary of the rev, robeut meek e,"
cocoa,1900,1,3292,165,5.0542,True,"epps's the original maw and a speciality. being distinguished from all others by its invigorating nutritious qualities and its delicious flavour. nil cocoa, con. tabling as it does all the substance o"
cocoa,1900,1,3292,167,5.0599,True,"... stands very mach higher than coffee ow tee,' dr. haspll says. -and sestatns every in- gredlent neeimaihz7 te the growth awl stuteeenes of the body.' cocoa a fragrant, delletem. most hos w"
cocoa,1900,1,3292,169,5.0622,True,"smon cocoa a ttrevient to ilb. beef or ten cups of cocoa ant/ is absolutely free from chemicals. ligestion, braces • the nerves, invigorates the system. in tins..."
cocoa,1900,1,3292,170,5.0626,True,"the most nutritious cocoa. e p p s's grateful-com fortino. cocoa for ntiean,fazt an 0 supper,"
cocoa,1900,1,3292,171,5.0677,True,.. c• i t ~. 9 .. cocott 11 i 1111 is a delicious fnvigorating and sustaining food beverage for summer and winter and all the year round. n.b. cocoas treated with alkali and chemicals have a medicinal
cocoa,1900,1,3292,172,5.071,True,"the most nutritious. _ p ps p c abla grateful—comforting. i cocoa breakfast and 1-,uppßl."
cocoa,1900,1,3292,173,5.0713,True,"eoeoa from kola, malt, hops, alkali, or any cdmixfure. 1 cocoa only. it has stood the test of time. he tesi b ury's cocoa is: lisbig, says: food, as wholesome as delicious, a beneficent restorer of ex"
cocoa,1900,1,3292,174,5.0715,True,"""uhe ....rtandard highest purity."" ry's 'ocoa lone. there is more pure cocoa in a packet of cadburys; hence a given quantity makes more bever- age of a better quality."
cocoa,1900,1,3292,175,5.0721,True,"... the nihost and most nutrition' bsverage for the breakfast table. it is made in a moment with boiling water or milk, and its sustaining qualities sr. cocoa invaluable to ail"
cocoa,1900,1,3292,176,5.0741,True,epps's grateful-comforting. cocoa the most nutritious wad economical.
cocoa,1900,1,3292,177,5.0745,True,"cocoa the best form of cocoa for every-day use. ""11414.41""5""1gr'- 7777'7"
cocoa,1900,1,3292,178,5.0776,True,s r v .616 cocoa digestible nutriment beef en cups of any other cocoa. as supplied to the war office. a most difficult run4hrough sad red ball only a quarter of an-in...
cocoa,1900,1,3292,179,5.0781,True,"epps's cocoa is an admirable food, the nicest and most nutritious beverage for the breakfast table. it is made in a moment with boiling water or milk, and its sus..."
cocoa,1900,1,3292,180,5.0785,True,when you drink cesoa. why not e. eleet the best? in mazawattee cocoa you have a food %overage of supreme refinement. the special process employed in its manufacture has been so eminently successful th
cocoa,1900,1,3292,181,5.0792,True,"proof above question from rotheinan. cadbury's cocoa comes first among food beverages bemuse it is trey closely allied to nulls tts composition 3'here in really little to chins.. between milinry, abso"
cocoa,1900,1,3292,182,5.0802,True,"epps's the original cocoa for breakfast and supper. the finest flavoured, and most nutritious, the beet suited for all iles and clnescr.. the greatest in,gorator for the fagge..."
cocoa,1900,1,3292,183,5.0809,True,thr most nutritious. epps's grateful—comforting. cocoa breakfast—supper.
cocoa,1900,1,3292,184,5.0833,True,epps's grateful—oomforting. cocoa a delicious drink and a sustaining food.
cocoa,1900,1,3292,185,5.0838,True,"01) dm gin a-6'# z.) how to make, sure of pure cocoa. no cocoa is pure which contains substances not naturally present in the cocoa bean. many of the so-called cocoas now on sale are merely cocoa prep"
cocoa,1900,1,3292,186,5.0845,True,cocoa the blot form of cocoa for ever7f-day use. iza4•¢l.l
cocoa,1900,1,3292,187,5.0862,True,"... that imparts mental and bodily vigour, and is comparatively easy of digestion, may be described as a ""pilot to health."" such a beverage is cadbury's cocoa. it is ""staying"
cocoa,1900,1,3292,188,5.0867,True,/barry's pure cocoa in tins only. 64.. 1/.. ss 2/- each.
cocoa,1900,1,3292,189,5.0888,True,"""the typical cocoa of english manufacture.""— the analyst. cadecuely's is cocoa, and the best cocoa 0n1y..... nutritious, stimulating and digestible."
cocoa,1900,1,3292,191,5.0908,True,":m ii. z )4, watt e e ', cocoa is net only pure but very strong, so you will not require so much of it, as of ordinary cocoas. hitherto we have hid few, if any, such good cocoas as..."
cocoa,1900,1,3292,192,5.0919,True,cocoa the best form of cocoa for every-day use. • •
cocoa,1900,1,3292,193,5.0923,True,suchard the finest cocoa means best made of best beans—suchard's; no doubt about it—it tastes best and is best. •'l4 or from pour grocer or•hr. oar& err ~r 1 receipt or your ...
cocoa,1900,1,3292,194,5.0931,True,"...ed from al! others by its invigorating nutritious qualities and its delicious flavour. this coca-,. con- taining d,s it does all the subotance of the cocoa nib, maintains it le"
cocoa,1900,1,3292,195,5.0938,True,cocoa the i)et form of cocoa for evfitry-day use.
cocoa,1900,1,3292,196,5.0939,True,first and foremost. cadbury's cocoa comes first among food beverages because it is very closely allied to milk ;ii its composition. 'lhere is really little to choose between cadbury's a...
cocoa,1900,1,3292,198,5.0951,True,"vvvbat cad the great ecientist, baron cocoa is a sower; but its quail and easily digested, occu perfect with those whose speakers, and with cadbury's cocoa caution: and will be a darker colour ..."
cocoa,1900,1,3292,199,5.0952,True,"f,7ke4 6,7 99 pi, f sti iq --71 p [ai i why should'nt you economis in cocoa when a ed. tin of superb will go as far as 1/- worth cf ordinary inferior cocoas p .:•5i11t""4... .. -au.:a.aawy.4i-: .4,-:' "
cocoa,1900,1,3292,200,5.0954,True,epps's crateful- comforting. cocoa the most nutritious and economical
cocoa,1900,1,3292,201,5.0984,True,"cocoa a fragrant, delleiona. and most boaltbful beverage. i i saturday, drcr: 1,. 7,r7,:77-7577"
cocoa,1900,1,3292,202,5.0989,True,"eppss cocoa is an admirable food, the nicest and most nutritious beverage for the breakfast table. it is made in a moment with boiling water or milk, and its sus..."
cocoa,1900,1,3292,203,5.0992,True,"you • al 114 -10/111w. t 004114 pedruiller,l §er van nouten's cocoa is always first. first in the opinion of the highest medical authorities on account of its purity, great nutritive value and the eas"
cocoa,1900,1,3292,204,5.1032,True,"cocoa the best form of cocoa for every-day use. easter holiday number, containing a large instalment of anthony hope's remarkable romance, sophy of kravoni..."
cocoa,1900,1,3292,205,5.1048,True,"epps's cocoa is an admirable food, the nicest and most nutritious beverage for the breakfast table. it is made in a moment with boiling water, or milk, and its su..."
cocoa,1900,1,3292,206,5.1053,True,"cadbury's is cocoa, and the best cocoa only. ""for strength purity and nourishment there is nothing superior to be found medical magazine. • 11111111m1 11e111"
cocoa,1900,1,3292,207,5.1055,True,"epps's cocoa is an admirable food, the nicebt, and most nutritious beverage for the breakfast table. it is made in a moment with boiling water or milk, and its su..."
cocoa,1900,1,3292,209,5.1079,True,mazawattee cocoa will be found most nourishing and sustaining. it is nothing but the highest grade cecoa.and contains no added ingredients whatsoever. she full nutrit...
cocoa,1900,1,3292,210,5.1088,True,f the :ritish people a cocoa that is the -.- is*. h'.-'st att s; inabie quality. no foreign cocoa imported into this country equals
cocoa,1900,1,3292,211,5.1096,True,• ~v • it c9c.t)a i i is a delicious invigorating and sustaining food beverage for summer and winter and all the year round. n.b. cocoas treated with alkali and chemicals have a medicinal scent when t
cocoa,1900,1,3292,212,5.1114,True,"*signifies only one game played. cadbury's cocoa is a pure. refined beverage, nutritious, stimulating, and digestible. the lancet"" says it repre- sents the standard of highest purity."" eatlrely free..."
cocoa,1900,1,3292,213,5.1117,True,van houten's cocoa. the same quantity of any other cocoa will not give so good a result either in strength or flavour. try a 6d tin it will yield 25 cups of the most de...
cocoa,1900,1,3292,214,5.1126,True,the most nutrmous. e p p s's grateful—comforting. cocoa breakfast-supper. pfr i
cocoa,1900,1,3292,215,5.115,True,"smon cocoa .n nutriment to /lb. beef or n cups of ordinary cocoa. aids digestion, braces the nerves, invigorates the system."
cocoa,1900,1,3292,216,5.1157,True,"the original cocoa, and a speciality. eppsis distinguished vrom all others by its invigorating nutritious qualities and delicious flavour. it contains all the substance..."
cocoa,1900,1,3292,217,5.1191,True,"a smon. cocoa :n nutriment to ilb. beef or ,n cups of ordinary cocoa. aids digestion, braces the nerves, invigorates the system. in tins 5d., 9d., 1/4 and 1/6."
cocoa,1900,1,3292,218,5.1202,True,"the most nutritious. e p ps's grateful-comforting. cocoa 3 reakfas. t-s upper, shocking deaths occur everyday through the neglect of lumbago. pains in the back, gravel, kidney disease. sciatica. rheu-"
cocoa,1900,1,3292,219,5.1223,True,"the premier cocoa at popular prices. (4 „lb •j un 7 • tai ...a t., .r:. a f -icy 'i., delightful flavour and easy to make. • i ^... ~., ..., '4 ^ '1"" .. ';.' + • '-' •..."
cocoa,1900,1,3292,221,5.1237,True,"3 s being distinguished from all others by its invigorating nutritious qualities and its delicious flavour. this cocoa, con- taining as it dips all the substance of the cocoa nib, maintains its leadin"
cocoa,1900,1,3292,222,5.1259,True,"on 0 makers to h.m. the king. .0 ute-)a an autumn hint. the cheering influence oft cup of really steams from the cup—its wanting, boar. good cocoa is one of winter's conipeusa- lotting, invigorating a"
cocoa,1900,1,3292,223,5.1261,True,"c'ip,tcoaoa the best form of cocoa for every-day use. r"
cocoa,1900,1,3292,224,5.1274,True,cocoa the blot form of cocoa for ever7f-day use. iza4•¢l.l
cocoa,1900,1,3292,225,5.1275,True,"cocoa is absolutely pure— most refreshing, invigorating, and sustaining, guy's hospital gazette says: from practical experience we can say that it possesse..."
cocoa,1900,1,3292,226,5.129,True,cocoa the best form— of cocoa for every-day use. bm
cocoa,1900,1,3292,227,5.1293,True,"/barry's pure cocoa in tins only, ed.,-i,=„ -i 2/•—each.—"
cocoa,1900,1,3292,228,5.1317,True,"green,_ london, try ny. cocoa.-----ou do not know what a good cocoa is like if you have not had it. it agrees when others disagree. send is or 2s 6d for a tin. bunter's"
cocoa,1900,1,3292,229,5.133,True,cidwv!d; owa is a delicious invigorating sustaining food beverage for summer and winter and all the year round. n.b. cocoas treated with alkali and chemicals have a medicinal scent when the tin or pac
cocoa,1900,1,3292,230,5.1375,True,first and foremost. cadbury's cocoa comes first among food beverages because it is very closely allied to milk in its composition. there is really little to choose between cadbury's abs...
cocoa,1900,1,3292,231,5.1388,True,"the original cocoa, and a speciality. e p psis distinguished from all others by its invigorating nutritious qualities and delicious flavour. it contains all the substan..."
cocoa,1900,1,3292,232,5.1399,True,"epps's being distinguished from all others by its invigorating nutritious qualities and its delicious flavour. this cocoa, con- taining as it does all the substance of the cocoa nib, maintains its lea"
cocoa,1900,1,3292,233,5.1401,True,"...most economical, the most nourishing, the most delicious. 11j1 to prove these statements it is only necessary to buy tin. you will find van hottten's cocoa unequ"
cocoa,1900,1,3292,234,5.145,True,the most nutwtious. e p s s grateful-comforting. cocoa areakfast and supper. i
cocoa,1900,1,3292,235,5.1457,True,"cadbury's cocoa absolute& pure, therefore best. ttrs-r of a if treated with alkali and chemicals, such cocoas will have a medicinal scent when the tin is opened, and..."
cocoa,1900,1,3292,236,5.1478,True,"totals 164 23.70 1-97 lees w. gregson, f.g.s. cadbury's cocoa can always be relied upon for its purity. adulterated cocotte are risky and should always be avoided. cadbury's cocoa is highly beneficial"
cocoa,1900,1,3292,237,5.1493,True,"mazawattee cocoa is not only pure but very strong, so you will not require so much of it as of ordinary cocoas. hitherto we have had few, if any, such good cocoas as ..."
cocoa,1900,1,3292,238,5.1495,True,"smon cocoa :cious nutriment 1-ib. beef or ten cups of ordinary ,a, mid is absolutely free from chemicals. aids digestion, braces the nerves, invigor- ates the s..."
cocoa,1900,1,3292,239,5.1506,True,first and foremost. cadbury's cocoa comes first among food beverages because it is very closely allied to milk in its composition. there is really little to choose between cadbury's abs...
cocoa,1900,1,3292,240,5.1519,True,cocoa the best form— of cocoa for every-day use. bm
cocoa,1900,1,3292,241,5.152,True,england's best valve! northern wevjkly gazette. 10vembeir 21. 1903 why has the home consumption of' cocoa declined this ycap by
cocoa,1900,1,3292,242,5.1524,True,epps's grateful—comforting. cocoa a delicious drink anti a sustaining food.
cocoa,1900,1,3292,243,5.1536,True,"why has the home consumption of cocoa declined this year by 59 • 01, *oo lbs. '9 rave the public tired of cocoas with foreign or fancy names, and have some given up drinking cocoa? unlike..."
cocoa,1900,1,3292,245,5.1559,True,"cwl‘im•viij6 c ministers to the physical requirements of young and old in an eminent degree. health"" says-- ""cadbury's cocoa possesses in a remarkable dezree those natural elements of sustenance which"
cocoa,1900,1,3292,246,5.1561,True,"smon cocoa futriment to ilb. bbef or ten cups of cocoa and is absolutely free front chemicals. oigestion, braces the nerves, invigorates the system. in tins 5d...."
cocoa,1900,1,3292,247,5.1562,True,"""i really must use vi-cocoa "". --0,- thousands of int n and women, after read- ing the particulars published respecting the merit: of dr. tibbles: vi-coeoa, have been induced to..."
cocoa,1900,1,3292,248,5.1562,True,"e\'' e• true economy to use no other cocoa goes so far. no other cocoa has such strength and exquisite flavour. the cocoa you will enjoy. woman's realm, atig ot a very snort khaki skirt and ja..."
cocoa,1900,1,3292,250,5.1577,True,"...ge, combinl strength, purity and soinii:ty.""-- medical annual. il i van floutens c2c0,73. you cannot drink it without realizing that it is the finest cocoa you have ever tasted. worthy"
cocoa,1900,1,3292,252,5.158,True,cocoa the beet form of cocoa for evory-day mm• 8101
cocoa,1900,1,3292,253,5.1582,True,"ep s's cocoa the original cocoa for breakfast and supper, the finest flavoured, the most nutritious, the best suited for all ages and classes, the greatest invigo..."
cocoa,1900,1,3292,254,5.1586,True,"""rne most nutrmous. e ps's grateful—conifortnta. cocoa breakfast-supper,"
cocoa,1900,1,3292,255,5.1618,True,"epps's cocoa is —a valuable artiole of diet, and should ba in ovary home."
cocoa,1900,1,3292,256,5.1635,True,"ttti is 9s cocoa alone. there is more pure cocoa in a packet of cadbury's; hence a given quantity makes more bevel., age of a better quality. • kf"
cocoa,1900,1,3292,257,5.165,True,"smon cocoa stutriment to ii.b.beef or ten cups of f cocoa awl ix absolutely free from chemicals. mgestion, braces the nerves, invigorates the system. in tins 5d..."
cocoa,1900,1,3292,258,5.1672,True,eppsgs grateful-comforting. cocoa the yost nutritious and noonomical
cocoa,1900,1,3292,259,5.168,True,"vvvbat cad the great ecientist, baron cocoa is a sower; but its quail and easily digested, occu perfect with those whose speakers, and with cadbury's cocoa caution: and will be a darker colour ..."
cocoa,1900,1,3292,260,5.1686,True,c• i 9 c°co4i ii is a delicious invigorating and sustaining food beverage for summer and winter and all the year round. n.b. cocoas treated with alkali and chemicals have a medicinal trent when the ti
cocoa,1900,1,3292,262,5.1731,True,"mazawatte e cocoa in plain language, it is all a cocoo, the best of cocoa, and the i,urest. as to its palatabltnes and flavour. it will speak for itself.""—cohdon stabl..."
cocoa,1900,1,3292,263,5.1732,True,tne most nutritious. p 9 s grateful-comforting. cocoa breakfast-23upper.
cocoa,1900,1,3292,265,5.1802,True,"cadbury's cocoa is absolutely pure, being entirely free from kola, malt, hops, alkali, or any foreign admixture caution i the publie should insist on haying cadbury'..."
cocoa,1900,1,3292,266,5.1816,True,the most nutritious. epps's grateful—comforting. cocoa breakfast--supper.
cocoa,1900,1,3292,267,5.1817,True,the most nutritious. epps's gratetw—comlorting. cocoa breakfe st—supper.
cocoa,1900,1,3292,268,5.1819,True,"douiiple econoky. to buy the ordinary cocoa that is a concoction of a very small proportion of low- grade cocoa, and -a very large proportion of cheapening ingredients, such as green& up shell,..."
cocoa,1900,1,3292,270,5.1845,True,"cocoa the best form of cocoa for every-day •,:se. children's coughs. mrs. ballin, the great authority on children's diseases, strongly recommends veno's li..."
cocoa,1900,1,3292,271,5.1851,True,the most nutritious. ep p s's cocoa breakoast—supper.
cocoa,1900,1,3292,272,5.1852,True,"epps's grateful- comforting. cocoa the most nutritious sad economical, a strange pattern. police news. mr. helme, m.p., at pilling heysham. itowie.s • -pillsl_ jobe mad 0114ti sunos • ..."
cocoa,1900,1,3292,273,5.1856,True,the most nutritious. epps's -grateful—comforting. cocoa sreakte st—supper.
cocoa,1900,1,3292,275,5.1873,True,"zan eau live 100 years epps's by better housing, better hygiene and better food. keep yourself well and daily use cocoa the best suited for all .es and classes. foliti bull hum, everyone seems to t su"
cocoa,1900,1,3292,276,5.1877,True,epps's grateful-comforting. cocoa the most nutritious and economical
cocoa,1900,1,3292,277,5.1877,True,epps's grateful-comforting. cocoa the most nutritious and economical
cocoa,1900,1,3292,278,5.1877,True,epps's grateful-comforting. cocoa the most nutritious and economical
cocoa,1900,1,3292,279,5.1877,True,epps's grateful-comforting. cocoa the most nutritious and economical
cocoa,1900,1,3292,280,5.1877,True,epps's grateful-comforting. cocoa the most nutritious and economical
cocoa,1900,1,3292,281,5.1877,True,epps's grateful- comforting. cocoa the most nutritious and economical
cocoa,1900,1,3292,283,5.1891,True,epps's grateful-comforting. cocoa the mt nutritious and eloonomical.
cocoa,1900,1,3292,284,5.1895,True,epps's g rate f u l-com forting. cocoa the most nutritious and economical
cocoa,1900,1,3292,285,5.1904,True,"pownp efs elect cocoa. it usually takes a teaspoon- ful of cocoa to make a breakfast- cupful. when rowntree's elrot cocoa is used, it only takes half the quantity—half-a- ..."
cocoa,1900,1,3292,286,5.1912,True,"...d from ep others b 7 its invigorating nucritiour; qualities and its delicious flavour. this cocos, con- t _lining as it does all the subetance of the cocoa nib, maintains its "
cocoa,1900,1,3292,287,5.1924,True,"t i al ta i te i 0 w ank 11 ba :4 1(4 which represents cocoa in the highest attainable form, made from the finest cocoa beans the world produces, prepared by more refined methods than cocoa was ever b"
cocoa,1900,1,3292,288,5.195,True,"thp most nutritious. ep ps,s grateful—comforting. cocoa breakfast—supper."
cocoa,1900,1,3292,289,5.1951,True,"van houten's cocoa know how good it is to drink and how economical it is in use. if you havc not_ tried it buy a new 6d tin, will you make get 25 cups out of it. it wit..."
cocoa,1900,1,3292,291,5.1957,True,no breakfast tabfe complete without epps's orateful-oomforting. cocoa the most nutritious sad hoosamioal to be substitutx
cocoa,1900,1,3292,292,5.201,True,"""i really must use vi-cocoa."" thousands of men and women, after reading the parti- culars published respecting the merits of dr. tibbles' vi-cocoa, have been induced to become r..."
cocoa,1900,1,3292,293,5.202,True,"...by its invigorating nutritious qualities and delicious flavour. it contains all the substance of the choicest nibs, and main- its leading position as cocoa the bes"
cocoa,1900,1,3292,294,5.2024,True,"mazawatte e cocoa is not only pure but very strong, so you will not require so much of it as of ordinary cocoas. hither- to we have had few, if any. such good cocoas a..."
cocoa,1900,1,3292,295,5.2039,True,"mazawattee cocoa will be found • most nourishing and sustaining. it is nothing but the highest grode cocoa,and contains no added ingredients whatsoever. the full nutr..."
cocoa,1900,1,3292,296,5.2065,True,the most nutritious. epps's cocoa areakmoi ako suppel
cocoa,1900,1,3292,297,5.2067,True,epps's grateful comforting. cocoa the most nutritious awl economical.
cocoa,1900,1,3292,298,5.207,True,"epp ''.,'s grateful -comforting. cocoa the most nutritious and economics/"
cocoa,1900,1,3292,299,5.2085,True,"mazawattee cocoa is ens wirier to them—uearly superior indeed. with obh a cocoa yoli realite what co really la, sod illt.iis, :111/104 be."" gordon grillo."
cocoa,1900,1,3292,300,5.2097,True,"mazawattee cocoa will be found most nourishing and sustaining. it is nothing but the higliftt grade cocoa,andcontains no added ingredients whatioever. the full nutrit..."
cocoa,1900,1,3292,301,5.2104,True,mazawattee cocoa simply soothes. and the user ikf it iss insured of all the henefit—which is very great—that can be de- rived from the action on the system of a bever...
cocoa,1900,1,3292,302,5.2113,True,epps's grateful—comforting. cocoa a delicious drink and a sustaining food.
cocoa,1900,1,3292,303,5.2113,True,epps's grateful—comforting. cocoa a delicious drink and a sustaining food.
cocoa,1900,1,3292,305,5.2146,True,":m ii. z )4, watt e e ', cocoa is net only pure but very strong, so you will not require so much of it, as of ordinary cocoas. hitherto we have hid few, if any, such good cocoas as..."
cocoa,1900,1,3292,306,5.2154,True,"epps's delightful flavour and easy to make. cocoa sold by all grocers, in packets and tins."
cocoa,1900,1,3292,307,5.2154,True,"epps's delightful flavour and easy to make. cocoa sold by all grocers, in packets and tins."
cocoa,1900,1,3292,308,5.2155,True,epps's crateful-comforting. cocoa the most nutritious and economical.
cocoa,1900,1,3292,309,5.2158,True,"mazawattee cocoa this delicious beverage has proved its value, and estab- lished a reputation for purity and wholesomeness never before attained. the whole secret of ..."
cocoa,1900,1,3292,310,5.216,True,"n)4 * ""it is able to support life."" —lanciot. cupo cocoa 'contains more nourishment than 10 tops of any ordinary cocoa, and is absolutely frail from chemicals nourishe.s. warms. strengthens. "", tz, •"
cocoa,1900,1,3292,311,5.2203,True,"cadmmy's cocoa m=ll.lr,' it is the natural cocoa skilfully prepared without adulteration or admixture of any kind whatsoever. ""cadbury's is a perfectly pure oa of t..."
cocoa,1900,1,3292,313,5.2215,True,epps's grate fu l-com forti ng. cocoa the most nutritious and mconoonicid.
cocoa,1900,1,3292,314,5.2231,True,ci i cocoa it is an • exceedingly nourishing food beverage possessing all the essentials necessary for the • sustenance of the body. highly beneficial to young ...
cocoa,1900,1,3292,315,5.2232,True,"after three-quarters of a century as cocoa the best form of cocoa for every-day use. exhiiiition kt parr hall, warrington, april 19th to 29th. always use brand • 'fan ke4l""l4° tii"
cocoa,1900,1,3292,316,5.2235,True,cocoa the beet form of cocoa for evory-day mm• 8101
cocoa,1900,1,3292,317,5.2253,True,"es 5 s being distin guished from all others by iis invigorating nutritious qualities and its delicious flavour. this cocoa, cch- taining as it does all the substance of the cocoa nib, maintains its le"
cocoa,1900,1,3292,318,5.2256,True,"epps's grateful-comfortino. cocoa the most nutritious and economical. i. i, i .l: i 4 1 c...: ~,i, ~ p. .. ~ 1f ~. k, 5,.,. .. .•' ,x)"
cocoa,1900,1,3292,319,5.2285,True,"mazawattee cocoa this delicious beverage has proved its value, and estab— lished a reputation for purity and wholesomeness never before attained. the whole secret of ..."
cocoa,1900,1,3292,320,5.2285,True,"mazawattee cocoa this delicious beverage has proved its value, and estab— lished a reputation for purity and wholesomeness never before attained. the whole secret of ..."
cocoa,1900,1,3292,321,5.2286,True,"epps's being distinguished from all others hy its invigorating nutritious qualities anti it. delielous flavour. rl'his cocoa. con- taining as it does •ll the substance of the cocoa nib, maintains its "
cocoa,1900,1,3292,322,5.2307,True,"epps's being di,tinguished from i.ll others by its invigorating nutritious qualities and its delicious flavour. tile cocoa, con. tabling as it does all the substance of the cocoa nib, maintains its le"
cocoa,1900,1,3292,324,5.2313,True,war it. leadtaig —psidtlisa -- cocoa the best form of 0000& tor e ow.v•tivey u.
cocoa,1900,1,3292,325,5.2331,True,"van hodes coco icle in its most digestible form. a perfect beverage, capable of ready assimilation and digestion.""— medical annual. a cocoa you can enjoy. 11.1114./ 1109 t.• the pure 0111) _ 4411.0:"
cocoa,1900,1,3292,326,5.2341,True,the most nutritious. epps's grateful—comtorting. cocoa breakfe st—supper.
cocoa,1900,1,3292,327,5.2346,True,f the :ritish people a cocoa that is the -.- is*. h'.-'st att s; inabie quality. no foreign cocoa imported into this country equals
cocoa,1900,1,3292,328,5.2353,True,epps's cocoa the most nutritious and economical 1 _
cocoa,1900,1,3292,329,5.236,True,any duotor or hospital not yet using liiuorone sal be gladly supplied for a test v..-aeo• r yi a first and foremost. &dbury's cocoa comes first among food beverages because it is very closely allied t
cocoa,1900,1,3292,330,5.2361,True,"epps's cocoa is an admirable food, the nicest and most nutritious beverage for the breakfast tatle. it is made in a momw,t with boiling water or milk, and its sus..."
cocoa,1900,1,3292,331,5.2363,True,mde digestion. braces the nerves plasmon cocoa is non-heating. one cup contains nor. nourienment than 10 cups of any ordinary cocoa. la taw 5d..114 sail ws
cocoa,1900,1,3292,333,5.2398,True,"c a i i h.5:1 ministers to the physical requirements of young and old in an eminent degree. health says— ""cadbury's cocoa possesses in a remarkable degree those natural elements of sustenance which gi"
cocoa,1900,1,3292,334,5.2398,True,"a smon. cocoa 'utriment to ilb. beef or ten cups of ir cocoa anti is absolutely free from chemicals. 3igestion, braces the nerves, invigorates the system. in tins ..."
cocoa,1900,1,3292,335,5.2402,True,"cabbury's i isofthaenb all cocoa yighest purity.""— -lalimmiv the lancet. delicious & unadulterated. soothing & sustaining. ""messrs. cadbury's fai-nous cocoa is a nutritious, agreeabl..."
cocoa,1900,1,3292,336,5.2419,True,epps's cocoa is a valuable article of diet. and should be la every horse.
cocoa,1900,1,3292,337,5.2438,True,"it pan i. wortio• i. ms j.i. suchard's cocoa helps health, it does not hinder it. best in othcr respects also. try it for a week and you'll know. cocoa economy—me rend nf stscbord'e cana yield. ..."
cocoa,1900,1,3292,338,5.2461,True,"cocoa the- best form of cocoa for every-de), us••"
cocoa,1900,1,3292,339,5.2469,True,epps's cocoa ton win find it the vory cocoa you want.
cocoa,1900,1,3292,340,5.2489,True,"i am yours, etc., w. enson, sanitary inspector. cadbury's cocoa is absolutely pure, and is therafore he best coca. it is a refreshing stimulatirg drink, and nutritious food, contain- ing no foreign su"
cocoa,1900,1,3292,341,5.2507,True,"northern weekly gazette. unlike many other cocoas the demand has been maintained for the favourite one, epps's grateful and comforting. the original cocoa for breakfast and supper, the finest flavou..."
cocoa,1900,1,3292,343,5.2526,True,the most nutritious. epps's grateful—comforting. cocoa breakfast—supper.
cocoa,1900,1,3292,344,5.2526,True,the most nutritious. epps's grateful—comforting. cocoa breakfast—supper.
cocoa,1900,1,3292,345,5.2536,True,"...that imparts mental and bodily .vigour, and is comparatively easy of digestion, may be described as a ""pilot to health."" such a beverage is cadbury's cocoa. it is ""staying "
cocoa,1900,1,3292,346,5.2537,True,"epps's being distinguished from all others by its invigorating nutritious qualities and its delicious savour. this cocoa, con- taining as it does all the substance of the cocoa nib. maintains its lead"
cocoa,1900,1,3292,347,5.2547,True,"~nt%ltart midn fact versus fiction. the fiction is that another cocoa is ""as good as van houten's."" the fact is there is not another cocoa to equal van houten's. in every market in the world it is the"
cocoa,1900,1,3292,348,5.2548,True,"ru.;] zo tl -, 01 tt.. h ff-- 0 s being distinguisled from all otlicrs—by its invigorating lutriti os cuallties and its delicious cs.vour. a his cocoa. con- taining as it does all the substance of the"
cocoa,1900,1,3292,349,5.2569,True,fortified by mazawattee cocoa you can face the prevailing cold weather with impunity. the heat-producing elements contained in this pure eocea are most pronounced. it also forms a...
cocoa,1900,1,3292,350,5.2585,True,"cocoa the beat form or cocoa for every-day use. wallaces' pure fresh_ fruit,"
cocoa,1900,1,3292,351,5.2588,True,"epps's grateful—comforting. cocoa a delicious drink and, a sustaining food."
cocoa,1900,1,3292,352,5.2598,True,"epp_ °,'s grateful-comforting. cocoa the most nutritious and economical."
cocoa,1900,1,3292,355,5.2611,True,first and foremost. cadbury's cocoa comes first among food beverages because it is very closely allied to milk ;ii its composition. 'lhere is really little to choose between cadbury's a...
cocoa,1900,1,3292,356,5.2615,True,the most nutritious. epps's gratsfi.ii.-goniforti ng. cocoa breakfast and slippier
cocoa,1900,1,3292,357,5.2634,True,th. most nutritious. epps's grateful—comforting. cocoa breakfast—supper.
cocoa,1900,1,3292,358,5.2642,True,"mazawattee cocoa is even superi r t,, 14. in —rival y with such a cocoa you soon realize what coo'ia really is, and means, and should he.- gordon stables, c.m., m.d.,..."
cocoa,1900,1,3292,359,5.2645,True,"the medical magazine says ""the favourite cocoa of the day. for strength, purity, and nourishment,there is nothing superior to be found."" cabury's is cocoa an the nest cocoa only."
cocoa,1900,1,3292,360,5.266,True,epps's grateful-comforting. cocoa the most nutritious and nconomical.
cocoa,1900,1,3292,361,5.267,True,the most nutritious. epps's grateful ocoafc ting. cocoa lireakfast-supper
cocoa,1900,1,3292,362,5.269,True,"cocoa the beet form of cocoa for every-day use. ‘,„ \"
cocoa,1900,1,3292,363,5.2693,True,"4( cocoa t.. to assist mental and physical labour, there is no cocoa like ""the food beverage of the people? dainty address: vi-cocoa, ltd., sapl 60, bunhill r..."
cocoa,1900,1,3292,364,5.2695,True,"he original cocoa, and a speciality. e p pb3b distinguished from all others by its invigorating nutritious qualities and delicious flavour. it contains all the substan..."
cocoa,1900,1,3292,365,5.27,True,epps's grateful-comforting. cocoa the most nutritious and mcouoinical
cocoa,1900,1,3292,366,5.2706,True,"c 1 ~... a e i, • c -i.'• k. ..„, cocoa it is an exceedingly nourishing food beverage possessing all the essentials necessary for the sustenance of the body. highly beneficial to young ,t 4..."
cocoa,1900,1,3292,367,5.2714,True,"imou %dv ff-t you can face the prevailing cold weather with impunity. the heat-producing elements contained in this pure cocoa are most pronounced. it also forms a most satisfy- ing beverage, and is r"
cocoa,1900,1,3292,368,5.2723,True,e grateful-comforting. cocoa the most nutritious and economical fels-naptha now and then a woman boils her wash; her grandmother did. why don't she wear a poke bonnet; her grandm...
cocoa,1900,1,3292,369,5.2726,True,nutamous and noononical. cocoa justly fined by ibetbsts tie tbesessayas oil their abliarte. mitt theses it impel.
cocoa,1900,1,3292,370,5.2726,True,p s grateful-ccmforting. cocoa the most nutritious aad economical.
cocoa,1900,1,3292,371,5.273,True,"the examiner, saturday, april 21, 1906. at bf will one cup of cocoa .eakfast keep you well fed and contented till lunch time. all grocers and store. 9d. tins, () asmon"
cocoa,1900,1,3292,372,5.2754,True,"...e that imparts mental and bodily vigour, and is companuively easy of digestion, may be described as a ""pilot to health."" such a beverage is cadbury's cocoa. it is ""staying an"
cocoa,1900,1,3292,373,5.2767,True,"l the little ones like it. cadburg's cocoa children's beverage par excellence—makes them feel well 81 stri health says: ""cadbury's gives the system endurance and hardihood, building up muscle ..."
cocoa,1900,1,3292,374,5.2771,True,cocoa the best form of cocoa for every-day use. • •
cocoa,1900,1,3292,375,5.2797,True,epps's grateful-comforting. cocoa the most nutritious gad eiconoutical
cocoa,1900,1,3292,376,5.2808,True,"mazawattee cocoa will be found most nourishing and sustainieg. it ls nothing but the higheet grade ceeoa,and contains no added ingredient' whateoever. ihe full nutrit..."
cocoa,1900,1,3292,377,5.2813,True,"epps's cocoa is an admirable food, the nicest and most nutritious beverage for the breakfast table. it is made in a monurat with boiling water or milk, and its su..."
cocoa,1900,1,3292,378,5.2825,True,"ses% 0- or* the best form of cocoa for or.- • printed and published by j. w roberts, at his general printing and publielung office, bridge street, slaithwaite. yorke, friday, jaituaut ..."
cocoa,1900,1,3292,379,5.2835,True,"cadbj‘.o wk.? % • • 4r4 • ,t• the medical magazine says: ""the favourite cocoa of the day. for strength, purity, and nourishment ,there is nothing superior to be found."" the lancet says: ""we are glad t"
cocoa,1900,1,3292,380,5.2836,True,"epps's being distinguished from all otnere by ite invigorating nutritious qualities and its delicious flavour. tbis cocoa. con- taining suit does all the substance of the cocoa nib, maintains its lead"
cocoa,1900,1,3292,381,5.2845,True,".e p.:, s's being distinguished from all others by its invigorating nutritious qualities and its delicious flavour. this cocoa, con- taining as it does all the substance of the cocoa nib, maintains it"
cocoa,1900,1,3292,382,5.2862,True,th. oriel-!mai cocoa. and a speclality. epps 's being distinguished from all others by its invigorating nutritious qualities and its delicious flavour. this cocoa. con- t...
cocoa,1900,1,3292,383,5.2865,True,"epps's cocoa grateful and comforting. a delicious drink and a sustaining food. if a lighter, thinner drink is preferred. the most refreshing and stimulating"
cocoa,1900,1,3292,384,5.2872,True,the most nutritious cocoa. e pp s's grateful-comforting. cocoa for breakfast mid supper.
cocoa,1900,1,3292,385,5.2876,True,-• • ip& ocoa alone. there is more pure cocoa in a packet of cadbury's; hence a given quantity makes more bever- age of a better quality.
cocoa,1900,1,3292,386,5.2881,True,tains its leading position aa cocoa the best form of cocoa for every-day use.
cocoa,1900,1,3292,387,5.2881,True,"padih&iti. the recent stoppages.—a local mill have corn- meneed to welve out. enterprise mill (graham, oxley, said co.) is still btoppe4. bury's cocoa. ,wre—therefore best. cadbury's cocoa is guaran- "
cocoa,1900,1,3292,388,5.2885,True,"cocoa the best form of cocoa for every-day use. with. local weiming.—a wedding of some local interest took place in st. mary's church, between mr. john edw..."
cocoa,1900,1,3292,389,5.2886,True,"cadbury's cocoa +,..1 po* n.b.—cocca is strongest when pure, but if treated with alkali as in dutch and some english cocoas a dark coloured article is produced, whic..."
cocoa,1900,1,3292,392,5.2891,True,"epps's bging distinguished from -all others by it 3 invigorating nutritious qualities and its delicious flavour. this cocoa, con- trining as it does all the substance of the cocoa nib, maintains its l"
cocoa,1900,1,3292,393,5.2894,True,"...ed from ali others by its invigorating nutritious quasities and its delicious flavour. this coco-... con- taining as it does all the substance of the cocoa nib, maintains its "
cocoa,1900,1,3292,394,5.2894,True,f:pps's grateful—comiorting. cocoa breakfast—supper. 4. 4.4
cocoa,1900,1,3292,395,5.29,True,"padih&iti. the recent stoppages.—a local mill have corn- meneed to welve out. enterprise mill (graham, oxley, said co.) is still btoppe4. bury's cocoa. ,wre—therefore best. cadbury's cocoa is guaran- "
cocoa,1900,1,3292,396,5.2901,True,e p p s' s grateful—comforting. cocoa breakfast—supper.
cocoa,1900,1,3292,397,5.2903,True,epps's cocoa the most nutritious cutd economical.
cocoa,1900,1,3292,398,5.2909,True,cocoa local from f the beet form of cocos for every-day nso. k et tudderefleld.
cocoa,1900,1,3292,399,5.2911,True,'1 1 9 cocoa is a delicious invigorating i sustaining food leverage for summer and winter and all the 'ear round. n. 13. cocoas treated with alkali and chemicals ...
cocoa,1900,1,3292,400,5.2919,True,the most nutritious. e_pps's grateful—comforting. cocoa break fest—supper.
cocoa,1900,1,3292,401,5.2928,True,any duotor or hospital not yet using liiuorone sal be gladly supplied for a test v..-aeo• r yi a first and foremost. &dbury's cocoa comes first among food beverages because it is very closely allied t
cocoa,1900,1,3292,402,5.2936,True,cocw -4 the beet form cf cocoa for every-dsy-nas.
cocoa,1900,1,3292,403,5.2937,True,"absolutely pure therefore best. 1r- lie/4.s stood the test of time. -lug ""the standard of highest purity.""—the lancet. ""the typical cocoa of english manufacture.""— the analyst. cadbury's is cocoa, and"
cocoa,1900,1,3292,404,5.294,True,c 1111 coodtt ill is a delicious invigorating and sustaining food beverage for summer and rinter and all the year round. n.b. cocoas treated with alkali and chemicals have a medicinal scent when the t
cocoa,1900,1,3292,405,5.2954,True,"the most nutritious epps's grateful-comforting. cocoa orsakfast and supper. removes removes ize.liko, es tarnia. removes stains. removes corrosions. cleans everything."
cocoa,1900,1,3292,406,5.2961,True,"smoii, cocoa jtriment to beef or ten cups of 7. cocoa and is absolutely free from chemicals. agestion, braces the nerves, invigorates the system. in tins 5d., 9d...."
cocoa,1900,1,3292,407,5.2964,True,no breakfast table cciaplete without epps's grateful comforting. cocoa the mopt nutritious and economical aa • c
cocoa,1900,1,3292,408,5.2968,True,"in countless homes in every country in the world, van houten's cocoa has been used by one generation after another. they have proved by experience that no other cocoa equals it for delicious natural f"
cocoa,1900,1,3292,409,5.2986,True,"addury's is as pure ‘-.. • ..,. as it is good. 1 amid cocoa concoctions--- the added ingredients in such mixtures are mostly cheapening 44, -n substances that either diminish •*.- or neutralize the na"
cocoa,1900,1,3292,410,5.3004,True,the most nutritious-. epps's grateful—comforting. cocoa breakfast-supper. 5e20=2731
cocoa,1900,1,3292,411,5.3012,True,cocoa the beat form of cocoa for every-day use. 1
cocoa,1900,1,3292,412,5.3025,True,"cwl‘im•viij6 c ministers to the physical requirements of young and old in an eminent degree. health"" says-- ""cadbury's cocoa possesses in a remarkable dezree those natural elements of sustenance which"
cocoa,1900,1,3292,413,5.3042,True,"... prove these statements it is only the most ccone2a'azal, the most nourishing, the most delicious. necessary to buy a tin. you will find van houten's cocoa unequalled for high quality, e"
cocoa,1900,1,3292,414,5.3045,True,the most nutritious. epps's cocoa ore4kfast—suppra.
cocoa,1900,1,3292,415,5.3058,True,epps's grateful—comforting. cocoa breakfast—supper.
cocoa,1900,1,3292,416,5.3058,True,epps's grateful—comforting. cocoa breakfast—supper.
cocoa,1900,1,3292,417,5.3058,True,epps's grateful—comforting. cocoa breakfast—supper.
cocoa,1900,1,3292,418,5.3058,True,epps's grateful—comforting. cocoa breakfast—supper.
cocoa,1900,1,3292,419,5.3058,True,epps's grateful—comforting. cocoa breakfast—supper.
cocoa,1900,1,3292,420,5.3058,True,epps's grateful—comforting. cocoa breakfast—supper.
cocoa,1900,1,3292,421,5.3058,True,epps's grateful—comforting. cocoa breakfast—supper.
cocoa,1900,1,3292,423,5.307,True,"7u,iiir,;, 5 grate.f;2l-comfoeting. cocoa the jost nutritious and economical"
cocoa,1900,1,3292,424,5.3075,True,p s's grateful—comforting. cocoa breakfast—supper.
cocoa,1900,1,3292,425,5.3096,True,the most nutritious. epps's grateful—comiorting. cocoa breakfast—supper.
cocoa,1900,1,3292,426,5.3097,True,"mazawattee cocoa simply soothes, sad the user of it is insured of all the benefit—which is very great —that c 314 be derived fro ri the ac!don on the system of a bove..."
cocoa,1900,1,3292,427,5.3116,True,feb. strong children. --- children grow strong on cadbury's cocoa because it contains in a generous measure those food elements that are essential to health and good physical condition. it possesses t
cocoa,1900,1,3292,429,5.3125,True,the most nutritious. epps's grateful—comiorling. cocoa breakfast—supper. 1 1111.1111
cocoa,1900,1,3292,430,5.3128,True,the most nutritious. ep ps's grateful-com forting. cocoa isreakf.* :t-suppeil
cocoa,1900,1,3292,431,5.3142,True,"epps's grateful-comfortino. cocoa the most nutritious and ecc,aolnics)."
cocoa,1900,1,3292,432,5.3146,True,"van houten's cocoa know how good it is to drink and how economical it is in use. if you havc not tried it buy a new 6d tin, you will get 25 cups out of it. make it .wit..."
cocoa,1900,1,3292,433,5.3153,True,the most nutritiout. epps's _ _ _ grataful—comf—orting. cocoa broakfast—aitopen naoinaysi
cocoa,1900,1,3292,434,5.3157,True,"""the typical cocoa of english manu- facture."" the analyst."
cocoa,1900,1,3292,436,5.3165,True,"the most nutritious. e p ps's grateful-comforting. cocoa 3reakfast-suppep, jones & tilo,m.§9ns century buildings, 75 and 77, london-road, and 1, norton street, liverpool. notwithstanding our usually l"
cocoa,1900,1,3292,437,5.317,True,"officer. something will be done. only those who use van houten's cocoa know how good it is to drink and how economical it is in use. if you hzi...e not tried it buy a new 6d tin, you will get 25 cups "
cocoa,1900,1,3292,438,5.3171,True,"cad:o:,ury's cocoa tha lancet (august9th, 1902) t44t. says: cadbury's cocoa undergoes no method oftreatment by which 414$ foreign substa.noes co. are introduced."""
cocoa,1900,1,3292,439,5.3172,True,"the finest cocoa beans the world produces, the !lest perfect system of manufacture. the experience of three-quarters of a century, are combined in producing 9 j.l'lli..."
cocoa,1900,1,3292,440,5.3177,True,"r ,„. 4 f 0111 ip • the best form of cocoa for overy-day uze, a liverpool scandal."
cocoa,1900,1,3292,441,5.3184,True,"cocoa being the ,allof most refined most digestible most soluble most satisfying and 1 cocoas most strengthening) forms the ideal supper beverase."
cocoa,1900,1,3292,442,5.3197,True,"f 4.t cocoa is a most valuable beverage for the young, and does splendid service in building up the constitution. ""health"" says it builds up muscle and bodily vi..."
cocoa,1900,1,3292,445,5.3219,True,"mazawattee cocoa is even superior to theca—greatly superior indeed. with such a cocoa you soon realize what cocoa really is, awl means, and should be"". gordon swazle4..."
cocoa,1900,1,3292,446,5.3238,True,"$ e 9 .;, being distinguished from all others by its invigorating nutritious qualities ane,' its delicious flavour. this cocoa, con- taining as it does all the substance of the cocoa nib, maintains it"
cocoa,1900,1,3292,447,5.3241,True,study economy and live like a lord and start with your cocoa. use half a teaspoonful of van houten's cocoa for a breakfast cup. at the end of a week com- pare the cost with what you had been paying. y
cocoa,1900,1,3292,448,5.326,True,"only those who use van houten's cocoa know how good it is to drink and how economical it is in use. if you have not tried it buy a new 6d tin, you will get 25 cups out of it. make it with..."
cocoa,1900,1,3292,449,5.3276,True,epps's grateful-comforting. cocoa the most nutritious and economical.
cocoa,1900,1,3292,450,5.3276,True,epps's grateful-comforting. cocoa the most nutritious and economical.
cocoa,1900,1,3292,451,5.3276,True,epps's grateful-comforting. cocoa the most nutritious and economical.
cocoa,1900,1,3292,452,5.3276,True,epps's grateful-comforting. cocoa the most nutritious and economical.
cocoa,1900,1,3292,453,5.3276,True,epps's grateful-comforting. cocoa the most nutritious and economical.
cocoa,1900,1,3292,454,5.3276,True,epps's grateful-comforting. cocoa the most nutritious and economical.
cocoa,1900,1,3292,455,5.3276,True,epps's grateful-comforting. cocoa the most nutritious and economical.
cocoa,1900,1,3292,456,5.3276,True,epps's grateful-comforting. cocoa the most nutritious and economical.
cocoa,1900,1,3292,457,5.3276,True,epps's grateful-comforting. cocoa the most nutritious and economical.
cocoa,1900,1,3292,458,5.3276,True,epps's grateful-comforting. cocoa the most nutritious and economical.
cocoa,1900,1,3292,459,5.3276,True,epps's grateful-comforting. cocoa the most nutritious and economical.
cocoa,1900,1,3292,460,5.3276,True,epps's grateful-comforting. cocoa the most nutritious and economical.
cocoa,1900,1,3292,461,5.3276,True,epps's grateful-comforting. cocoa the most nutritious and economical.
cocoa,1900,1,3292,462,5.3276,True,epps's grateful-comforting. cocoa the most nutritious and economical.
cocoa,1900,1,3292,463,5.3276,True,epps's grateful-comforting. cocoa the most nutritious and economical.
cocoa,1900,1,3292,464,5.3276,True,epps's grateful-comforting. cocoa the most nutritious and economical.
cocoa,1900,1,3292,465,5.3276,True,epps's grateful-comforting. cocoa the most nutritious and economical.
cocoa,1900,1,3292,466,5.3276,True,epps's grateful-comforting. cocoa the most nutritious and economical.
cocoa,1900,1,3292,467,5.3276,True,epps's grateful-comforting. cocoa the most nutritious and economical.
cocoa,1900,1,3292,468,5.3276,True,epps's grateful-comforting. cocoa the most nutritious and economical.
cocoa,1900,1,3292,469,5.3276,True,epps's grateful-comforting. cocoa the most nutritious and economical.
cocoa,1900,1,3292,470,5.3276,True,epps's grateful-comforting. cocoa the most nutritious and economical.
cocoa,1900,1,3292,471,5.3276,True,epps's grateful-comforting. cocoa the most nutritious and economical.
cocoa,1900,1,3292,472,5.3276,True,epps's grateful-comforting. cocoa the most nutritious and economical.
cocoa,1900,1,3292,473,5.3276,True,epps's grateful-comforting. cocoa the most nutritious and economical.
cocoa,1900,1,3292,474,5.3276,True,epps's grateful-comforting. cocoa the most nutritious and economical.
cocoa,1900,1,3292,475,5.3276,True,epps's grateful-comforting. cocoa the most nutritious and economical.
cocoa,1900,1,3292,476,5.3276,True,epps's grateful-comforting. cocoa the most nutritious and economical.
cocoa,1900,1,3292,477,5.3276,True,epps's grateful-comforting. cocoa the most nutritious and economical.
cocoa,1900,1,3292,478,5.3277,True,epps's grateful-comforting. cocoa the most nutritious and economical.
cocoa,1900,1,3292,479,5.3288,True,"t 9 .. -, cocoa it is an exceedingly nourishing food beverage possessing all the essentials necessary for the sustenance of the body. highly beneficial to young and ..."
cocoa,1900,1,3292,480,5.329,True,strong children. children grow strong on cadbury's cocoa because it contains in a generous measure those food elements that are essential to health and good physical condition. it possesses the combin
cocoa,1900,1,3292,481,5.329,True,"one cup a smoii cocoa :n 'nutriment to lb. beef or ,n cups of ordinary cocoa. aids digestion, braces the nerves, invigorates the system. in tins 5d., 91)., 1/4 and 1/6."
cocoa,1900,1,3292,482,5.3299,True,"and good digestion, says ""van houten's cocoa is admirable, in ""flavour it is perfect, and it is so pure ""and well prepared that it may with great ""advantage be largely used in public ""institutio..."
cocoa,1900,1,3292,483,5.3309,True,the most nutritious. epps's g t'la teful—comforting. cocoa breakfast—supper.
cocoa,1900,1,3292,484,5.3322,True,"eri 47 • ....4 v a ...„, ./....„ i pure soluble and no cocoa in the world equals it for e7fig6 quality, exquisite :natural mayor, d- eeonomy in use. these are facts which are recognised alike by the m"
cocoa,1900,1,3292,485,5.3332,True,"mazawattee cocoa is not only pure but very strong, so you will not require so much of it as of ordinary cocoas. hitherto we have had few, if any, such good cocoas as ..."
cocoa,1900,1,3292,486,5.3335,True,"...d from all others by its invigorating nutritious qua.,,ities and its delicious flavour. this c0c0... con- taining as it does all the substance of the cocoa nib, maintains its "
cocoa,1900,1,3292,487,5.3338,True,"4,} s sakle,,c cocoa ligestible nutriment beef ;n cups of any other cocoa. as supplied to the war office."
cocoa,1900,1,3292,488,5.3341,True,"...hed from all others by its invigorating nutritious qualities and its delicious flavour. this cocos., con- taining as it does all the substance of the cocoa nib, maintains its le"
cocoa,1900,1,3292,489,5.3342,True,"ce 9 cocoa _ is first amongst food beverages because of its absolute purity, and free- dom from admixture of any kind. ""the lancet"" says: ""cadbury's is the stan..."
cocoa,1900,1,3292,490,5.3353,True,e ps9s grateful—comiorting. cocoa breakfast—supper. ni 1 i
cocoa,1900,1,3292,491,5.3363,True,"the most nutritious. epps's grateful—comforting. cocoa ,breakfast—supper."
cocoa,1900,1,3292,492,5.3363,True,"• .7. \d, ministers to the ehysical-- requirements of young and old in an eminent degree. health says— ""cadbury's cocoa possesses in a remarkable degree those natural elements of sustenance which give"
cocoa,1900,1,3292,493,5.337,True,"e p law it',d being distinguished from all others by its invigorating nutr:tious qualities and its delicious flavour, this cocoa, containing as it does all the substance of the cocoa nib, maintains it"
cocoa,1900,1,3292,494,5.3384,True,"e 404 foo. ajo .41y0% 1„, buy a packet at once and you will continue. the original cocoa for breakfast and supper."
cocoa,1900,1,3292,495,5.3386,True,"mazawattee cocoa is not only pure but, very strong, so you will not require so much of it as of ordinary cocoas. liitbertl we have hid few, if any, such good cocoas a..."
cocoa,1900,1,3292,496,5.3394,True,1. radsury cocoa mahon* in gaaniity. low4bit in price.
cocoa,1900,1,3292,497,5.3408,True,"earlestown and newton. st. helens. the original cocoa, and a speciality, epps's being distinguished from all others by its invigorating nutritious qualities and its delicious flavour. this cocoa, con-"
cocoa,1900,1,3292,498,5.341,True,first and foremost. cadbury's cocoa comes first among food b7erz.tges because it is very closely allied to milk in its composition. there is really little to choose between cadbury's ab...
cocoa,1900,1,3292,499,5.3412,True,"cocoa 1 the best form of cocoa for every-day use. p probiotes refreshing sleep. plasmon cocoa contains all the constituents able to sua:sort life."" —lancet..."
cocoa,1900,1,3292,500,5.3425,True,"cad:o:,ury's cocoa tha lancet (august9th, 1902) t44t. says: cadbury's cocoa undergoes no method oftreatment by which 414$ foreign substa.noes co. are introduced."""
cocoa,1900,1,3292,501,5.344,True,"epps's being distinguished from all others by its invigorating nutritious qualities and its delicious flavour. this cocoa, con. tabling as it does all the substance of the cocoa nib, maintains its lea"
cocoa,1900,1,3292,502,5.3447,True,tlit most nutrmoims cocoa. e pp s's grateful-com f ort i ng. cocoa for breakfast and wpm!.
cocoa,1900,1,3292,504,5.3459,True,"van houtf,n's cocoa know how good it is to drink and how economical it is in use. if you have not tried it buy a new 6d tin, you will get 23 cups out of it. make it with..."
cocoa,1900,1,3292,505,5.3461,True,"pps's being distingul,hed from all others by _ its invigorating nutritious qualities and its delicious flavour. this cocoa. con- taining as it dues all the oubstance of the cocoa nib, maintains its le"
cocoa,1900,1,3292,506,5.3466,True,epps's grateful-comforting. cocoa the most nutritious and economical. 1 •
cocoa,1900,1,3292,508,5.3471,True,"...s the origma 1 coe:,e and a speciality. being distinguished from all others by its invigorating iiutritious qualities and ita delicious flavour. this cocoa, con- taining as it does all"
cocoa,1900,1,3292,509,5.3471,True,'1 1 9 cocoa is a delicious invigorating i sustaining food leverage for summer and winter and all the 'ear round. n. 13. cocoas treated with alkali and chemicals ...
cocoa,1900,1,3292,510,5.3477,True,"...s's the orizinsl cocos, sods. specmlity, being distinguished from all others by it. invigorating nutritious qualities and its delicious flavour. this cocoa. con. mining ao it does all the substance"
cocoa,1900,1,3292,511,5.3482,True,"mazawattee cocoa in plain language, it is all a cocoa, the heat if cocos, and the purest. as to its palatableness and flavour. it will speak for itself.""—goadon stabl..."
cocoa,1900,1,3292,512,5.3482,True,"the most nutritious. epps's grateful—comforting. cocoa breakfast—supper. obtaina a nd a, d (0), •' constructed movements tar ious ty• .•"
cocoa,1900,1,3292,513,5.3503,True,25/6 cocoa for breakfast is good for those who work. and for those who play 1 _ rowntree's cocoa is a favourite with workers. because it's nourishing. and delic...
cocoa,1900,1,3292,515,5.3506,True,epps's grateful—comtorting. cocoa breakfast—supper.
cocoa,1900,1,3292,516,5.352,True,cocoa the best form of cocoa • for every-clay use.
cocoa,1900,1,3292,517,5.3527,True,"cocoa the beet form of cocoa 111 for every day 1.1,3."
cocoa,1900,1,3292,519,5.3551,True,"4.. i aaour,s.'9s foo; is as ture i.k3 it is good. avoid cocoa concoctions— the added ingredients in such mixtures are mostly cheapening substances that either diminish or neutraltze the natural nouri"
cocoa,1900,1,3292,520,5.3572,True,"epps's being distinguished from all others by its invigorating nutritious qualities and its delicious flavour. this cocoa, con- taining as it does all the substano• of the cocoa nib, maintains its lea"
cocoa,1900,1,3292,521,5.3573,True,"cocoa the best form of cocoa for every-day use. easter holiday number, containing a large instalment of anthony hope's remarkable romance, sophy of kravoni..."
cocoa,1900,1,3292,522,5.3573,True,"proof above question from rotheinan. cadbury's cocoa comes first among food beverages bemuse it is trey closely allied to nulls tts composition 3'here in really little to chins.. between milinry, abso"
cocoa,1900,1,3292,523,5.3585,True,"mazawattee cocoa tried by the supreme test of solubility cornea out tar ahead of this rest. it is i•ci pure and refined that it unite,. with boiling water without lea..."
cocoa,1900,1,3292,524,5.3588,True,the most nutritious cocoa. e pp s's grateful-comforting. cocoa for saigaisast mid buppia. 7a /i.:_c7e'r's
cocoa,1900,1,3292,525,5.3596,True,strong children. children grow strong on cadbury's cocoa because it contains in a generous measure those food elements that are essential to health and good physical condition. it possesses the s comb
cocoa,1900,1,3292,526,5.3597,True,the most nutritious. ep -s's grateful-comforting. cocoa zreakfast and supper.
cocoa,1900,1,3292,527,5.3599,True,"the original cocoa, and a speciality, epps's being distinguished from all others hn its invigorating nutritious qualities and its delicious flavour. this cocoa, con- ta..."
cocoa,1900,1,3292,528,5.3599,True,the most nutritious: epps's grateful—comforting. cocoa breakfast—supper.
cocoa,1900,1,3292,529,5.3599,True,"the most nutritious. epps' ,43 gr:_tteful—comlcaing. cocoa breakfast—supper. g 001.) quality gum arabic, ruled foolscap carbon paper, and large rample envelopes guardian office."
cocoa,1900,1,3292,530,5.3601,True,mazawattee cocoa you have a food beverage of supreme refinement. the special process employed in its' manufacture has been so eminently successful that all the nutrit...
cocoa,1900,1,3292,531,5.3604,True,"the original cocoa, and a speciality, epps's being distinguished from an others by its invigorating nutritious qualities and its delicious flavour, this cocoa, con- tai..."
cocoa,1900,1,3292,532,5.3611,True,radblagat 1! cocoa 111 for summer and winter and all the year round. n.b. cocoas treated with alkali aid chemicals have a medicinal re.!nt when the tin or packet is 1. ...
cocoa,1900,1,3292,533,5.3617,True,"cocoa the beet form of cocoa for every-day use. printed and published by j. w roberto, at his general printing and publishing office, bridge stteet, :-lait..."
cocoa,1900,1,3292,534,5.3637,True,"• 4 41) ""i) being distinguished from all others by its invigorating nutritious qualities and its delicious flavour. this cocoa, con- taining as it does all the substance of the cocoa nib, maintains it"
cocoa,1900,1,3292,535,5.3637,True,"""i really must- use vi-cocoa."" thousands of inn and women, after reading the par- ticulars published respecting the merits of dr. tibbles' vi-cocoa, have been induced to become r..."
cocoa,1900,1,3292,536,5.3657,True,"proof above question from rotheinan. cadbury's cocoa comes first among food beverages bemuse it is trey closely allied to nulls tts composition 3'here in really little to chins.. between milinry, abso"
cocoa,1900,1,3292,537,5.367,True,"epps's being distinguished from all others by its invigorating nutritious qualities and its delicious savour. this cocoa, con- taining as it does all the substance of the cocoa nib, maintains its lead"
cocoa,1900,1,3292,538,5.3685,True,cocoa as used in some of the largest hospitals in the united kingdom. sold by all grocers. refuse /imitations. it difficulty is experienced in obtaining th...
cocoa,1900,1,3292,540,5.3687,True,"...iginal oocoa, and a speciality, epps's being distinguished from all others by its invigorating nutritious quali- ties and its delicious flavour. this cocoa, containing as it does all the substan"
cocoa,1900,1,3292,541,5.3693,True,pps's grateful-comfortinc. cocoa the most nutritious and economical.
cocoa,1900,1,3292,542,5.3697,True,"• .7. \d, ministers to the ehysical-- requirements of young and old in an eminent degree. health says— ""cadbury's cocoa possesses in a remarkable degree those natural elements of sustenance which give"
cocoa,1900,1,3292,544,5.3701,True,"mazawattee cocoa is not only pure but very strong, so you will not require ro much of it as of ordinary cocoas. hitherto we have had few, it any, such good cocoas as ..."
cocoa,1900,1,3292,545,5.3708,True,"mazawattee cocoa is not only pure but very strong, so you will not require co much of it as of ordinary cocoas. hitherto we have had few, if any, such good cocoas as ..."
cocoa,1900,1,3292,546,5.3712,True,"epps's mao illoigistol cocoa, sal a lipeoliility. being distinguished from all others by its invigorating nutritious quanta's and its delicious flavour. this cocoa. con- taining ..."
cocoa,1900,1,3292,547,5.3713,True,"""i really must use vi-cocoa."" thousands of men and women, after reading the particulars publiahed reapecting the merita of dr. tibbles' vi-cocoa, have been induced to become reg..."
cocoa,1900,1,3292,548,5.3716,True,"""i really must use ili-cocoa."" thousands of men and women, after reading the particulars published respecting the merits of dr. tibbles vi-cocoa, have been induced to become regu..."
cocoa,1900,1,3292,549,5.3719,True,"• .7. \d, ministers to the ehysical-- requirements of young and old in an eminent degree. health says— ""cadbury's cocoa possesses in a remarkable degree those natural elements of sustenance which give"
cocoa,1900,1,3292,550,5.3721,True,"e 1/44 the -original cocoa for breakfast and supper, the finest flavoured, sutd most nutritious, the b3st suited for all ages and easse,s, the greatest invigorator for the fagg..."
cocoa,1900,1,3292,551,5.3725,True,"the most nutritious-. epps's grateful—comforting. cocoa ,breakfast—supper."
cocoa,1900,1,3292,552,5.3726,True,"nazawattee jlatariba cocoa which, lahite reprtpenting the highest attainable quality in cocoa is no dearer in pricc than ordinary interior cocoas, thus ineario,; to the coon/mi..."
cocoa,1900,1,3292,553,5.3744,True,"...-- 1 the proof of the beverage 1 is in the drinking. t try 1 !7 -,1: 9 .f' van :5. -s.outens _.,. ocoa and you will not be disappointed. it is a pure cocoa with a delicious natural flavour w"
cocoa,1900,1,3292,554,5.3757,True,tains its leading position se cocoa the best form of cocoa for every-day use. how the fire was extinguished. yellow hammer stood alone at the foot of the old tower. it was quite dark ka...
cocoa,1900,1,3292,555,5.3762,True,"well foi van houten'si cocoa ""yields a maximum pro- portion of valuable food constituents .. and what is of more importance still, these are presented in a condition more easy of..."
cocoa,1900,1,3292,556,5.3768,True,"15 3, r. s s s 4 ‘, 4 cocoa ""first and foremost"" why? it has stood the test of time. why? it is highly beneficial to all, young and old. why? it is ""the typical english cocoa (s..."
cocoa,1900,1,3292,557,5.3786,True,the most nutritioue. epps's! -grateful—comforting. cocoa breakfast—supper.
cocoa,1900,1,3292,558,5.3793,True,"mazawattee cocoa leas educated the palate of the cocoa-loving public the process of manufaoture has been eminently successful, and no other coeea is its equal in solu..."
cocoa,1900,1,3292,559,5.3795,True,"epps's the ori,slual cocoa, and a speciality, being distinguished from all others by its invigorating nutritious qualities and its delicious flavour. this cocoa, con- taining a..."
cocoa,1900,1,3292,560,5.3796,True,l.: pps's grateful-comforting. cocoa the most nutritious and economical
cocoa,1900,1,3292,561,5.3807,True,"...'s the oftimai ooecia. and oi igeolialkx being distinguished from all others by its invigorating nutritious qualities and its delictcus flavour. this cocoa, con- taining as it does all the substan"
cocoa,1900,1,3292,562,5.3833,True,the most nutritious. ps 5 s grateful—comforting. cocoa breakfast—supper.
cocoa,1900,1,3292,563,5.3834,True,"the original cocoa, and a speciality, epps's biting distinguished from all others by its invigorating nutritious qualities and its delicious flavour. this cocoa, con- t..."
cocoa,1900,1,3292,564,5.3836,True,"p;. 5 ~„ being distinguished from all others by :is invigorating- nutritious qualities anc' its delicious flavour. this cocoa, con- taining as it doss all the substance of tho cocoa nib, maintains its"
cocoa,1900,1,3292,565,5.385,True,"cocoa 1 the best form of cocoa for every-day use. p probiotes refreshing sleep. plasmon cocoa contains all the constituents able to sua:sort life."" —lancet..."
cocoa,1900,1,3292,566,5.3852,True,"cadbury's is cocoa, and the best cocoa only. ""for strength purity and nourishment there is nothing superior to be found medical magazine. ;nk.*, -.-!.j-&-- 0111"
cocoa,1900,1,3292,567,5.3853,True,"epps's being distinguished from 311 others—by it. invigorating nutritious qualities and its delicious flavour. this cocoa, con- taining as it dose 311th. substance of the cocoa nib, maintains its lead"
cocoa,1900,1,3292,568,5.386,True,"fie- ni ‘4, ~. •,....: „.. cocoa 1 is a most valuable beverage for the young, and does splendid service in building up the constitution. ""health"" says it bui!ds up muscle and bodily ..."
cocoa,1900,1,3292,569,5.3863,True,"• .7. \d, ministers to the ehysical-- requirements of young and old in an eminent degree. health says— ""cadbury's cocoa possesses in a remarkable degree those natural elements of sustenance which give"
cocoa,1900,1,3292,570,5.3892,True,"epps's being distinguished from all others by its invigorating nutritious qualities and its delicious flavour. this cocoa, con- taining as it does all the substanee of the cocoa nib, maintains its lea"
cocoa,1900,1,3292,571,5.3898,True,"e..s._ .„ „. ~.,,,.:.. s's being distinguished from all others by its invigorating nutritious qualities and its delicious flavour. this cocoa, con- taining as it does all the substance of the cocoa ni"
cocoa,1900,1,3292,572,5.3901,True,first and foremost. cadbury's cocoa comes first among food beverages because it is very closely allied to milk in its composition. there is really little to choose between cadbury's abs...
cocoa,1900,1,3292,573,5.3903,True,"epps's being distinguished from all others by its invigorating nutritious qualities and its delicious flavour. this cocoa, con- taining as it does all the substance of the cocoa nib, maintains its lea"
cocoa,1900,1,3292,574,5.3934,True,co a the best form cf cocoa for every-d 3 use. minn
cocoa,1900,1,3292,575,5.3935,True,rowntree's explanation. the diagrams in the press and on the hoardings showing the phenomenal increase in the sale of rowntree's elect cocoa have aroused widespread interest. that the consumption of c
cocoa,1900,1,3292,576,5.3943,True,"epps's beteg distingnalshed from all others by its invigorating nutritious qualities and its delicious flavour. this cocoa, con- taining as it does all the substance of the cocoa nib, maintains its le"
cocoa,1900,1,3292,577,5.3946,True,"epps's grateful-comforting. cocoa the most nutritious and economical. start to-day to read our brilliont new serial story, -the weapons of mys- tery;' by rev. joseph hocking."
cocoa,1900,1,3292,578,5.3947,True,cadbury's is as pure as it is good. avoid cocoa concoctions—the added ingredients in such mixtures are mosily cheapening substances that either diminish or neutralize the natural nourishing qualiti...
cocoa,1900,1,3292,579,5.3949,True,cocoa the best form of cocoa for every-day use.
cocoa,1900,1,3292,580,5.3968,True,"cocoa the best form of cocoa for every-day use. ""11414.41""5""1gr'- 7777'7"
cocoa,1900,1,3292,582,5.3984,True,"...ginal °nen'', and • speciality, epps's being distinguished from all others by its invigorating nutritious quali- ties and its delicious flavour. this cocoa, containing as it does itll the subst"
cocoa,1900,1,3292,583,5.3994,True,"cod v 1 ralla is half the battle, so see that you begin your day well by taking a cup of van houten's cocoa at breakfast time. it is a nourishing and delicious beverage, strengthening the body for the"
cocoa,1900,1,3292,584,5.3995,True,"smoii cocoa utriment to ilb. beef or ten cups of cocoa and is absolutely free front chemicals. ligestion, braces the nerves, invigorates the system. in tins 5d.,..."
cocoa,1900,1,3292,585,5.4,True,"a word to mothers. there is little to choose between cadbury's ab- solutely p-ire cocoa essence and milk, so closely allied are they in composition. cadbury's cocoa is highly nourishing, and as a dail"
cocoa,1900,1,3292,586,5.4012,True,"cadbory's cocoa ""a really valuable f 000."" ri ''...'"",. ~, ~. :. '':' .: -: -j ...' :. ~ •"
cocoa,1900,1,3292,587,5.4031,True,"m azawattee cocoa nand facts for nahd-hradrd urn. is ltr, flnest, the most, soluble, end the meet invipor- ating cooos,ever made. milslf-spoonful gives twice as much l..."
cocoa,1900,1,3292,588,5.4035,True,"epf's's being distinguished from all others by its invigorating nutritious qualities and its delicious flavour. this cocoa, con- taining as it does all the substance of the cocoa nib, maintains its le"
cocoa,1900,1,3292,589,5.4036,True,"...shod from all others by it invigorating nutritious qua!ities and its delicious flavour. this cocos, con- taininz as it does all tile substance of the cocoa nib, maintains its"
cocoa,1900,1,3292,591,5.4037,True,"alleged assault on a wath landlord. cape dismissed. conflicting evidence. epps's cocoa it forms a welcome delicacy for the morning and evening meal a fragrant. delicious, and most healthful beverage. "
cocoa,1900,1,3292,592,5.4038,True,~.. •.. rc i! for summer and winter and all the year round. n.b. cocoas treated with alkali and chemicals have a medicinal scent when the tin or packet is 'irst opened and will be a dark colour when i
cocoa,1900,1,3292,593,5.4042,True,epps's improved cocoa essence welcome at any hour ol ho day.
cocoa,1900,1,3292,594,5.4043,True,epps's cocoa a delicious drink at.i a sustaining food.
cocoa,1900,1,3292,595,5.4056,True,"s. • ,) a cocoa 0 11 .16 etx enjoya if you want a cocoa that is not only the bast for nutritive, sustaining and in- vigorating properties, but one that you can thoro..."
cocoa,1900,1,3292,596,5.4067,True,"th• on j 1 and a speciality. epps's booing distinguished from all others by its invigorating nutritious qualities and its delicious flavour. this cocoa, con- taining as it does all the substance of th"
cocoa,1900,1,3292,597,5.4069,True,"epps's being distinguished from all others by its trivia' oral: lug nutritious quaff- till/ anti it doliel,,us flavour. this cocoa, containing tia it does all tbe substance of the cocoa nib, main- tai"
cocoa,1900,1,3292,598,5.4074,True,"...riginal cocos, and • speciality. epps's. being distinguished from all others by it. invitonaltlif nutritious qualities and its delicious savour. this cocoa, con tattling as it dose all the substa"
cocoa,1900,1,3292,599,5.4082,True,"nourishing stout stone trough brewery, halifax. cadbury's cocoa entirely free from all admixtures— such as kola, malt, hops, alkali, &c. absolutely pure therefore best. mr' liils stood the test of tim"
cocoa,1900,1,3292,600,5.4097,True,"mazawattee cocoa is not only pure but very strong, so you will not require so much of it as of ordinary cocoas. hitherto we have had few, if any, such good cocoas as ..."
cocoa,1900,1,3292,601,5.4099,True,"czcoa you can eilloy. if you want a cocoa that is not only the h2st for nutritive, sustaining and in- vlgorating properties, but one that you can thoroughly enjoy, drink van houten's. it reta..."
cocoa,1900,1,3292,602,5.4101,True,"9ft., 9 ..•., • '4:4w • cocoa for summer and winter and all the year round. n.b. cocoas treated with alkali and chemicals have a medicinal sent when the tin or packet is ii st ope..."
cocoa,1900,1,3292,603,5.4109,True,mazawattee cocoa you have a food beverage of supreme refinement. the special process employed in its manufacture has been so eminently successful that all the nutriti...
cocoa,1900,1,3292,604,5.4118,True,"cocoa the best form of cocos tor evory-day use. easter holiday number, containing a large instalment of anthony hope's remarkable romance, sophy of kravoni..."
cocoa,1900,1,3292,605,5.4119,True,"ft is not as ordinary cocoas are of inferior quality. even some of the cocoas which are advertised as pure are poor, inasmuch as they are made froin • cheap beans imported from ..."
cocoa,1900,1,3292,607,5.4128,True,"van houten's. van houten's cocoa preserves, their highest perfection and in concen- trated form, all the most nourishing and invigorating properties of the cocoa bean. the quality of..."
cocoa,1900,1,3292,608,5.4128,True,"c i ...,..-,:;,' '...,i,..,;-•::: r 7 7-.11, 9 i, •.•, .- ,..„, .... ~_, 0 c., 1. ..,„,.:.. ...., ~,..,. 4 ~ .„ cocoa it is an exceedingly nourishing food beverage possessing all the essentials necess"
cocoa,1900,1,3292,609,5.413,True,here is a cocoa that you can drink at last! i az twattee
cocoa,1900,1,3292,610,5.413,True,"one cup a smon cocoa futriment to ilb. beef or ten cups of cocoa anti is absolutely free from chemicals. agestion, braces the nerves, invigorates the system. in tins 5d.,..."
cocoa,1900,1,3292,611,5.4134,True,thr most nutritious. epps's grateful—comtorting. cocoa important announcement. cp?
cocoa,1900,1,3292,612,5.4134,True,"is proznotcd by taking adbury's cocoa regularly either with or between meals meals it is a safe, refreshing, and i'ivlv.::!tilitlmmerrata% for the year round. cadbury's cocoa is an invalu..."
cocoa,1900,1,3292,613,5.4137,True,"one cup a smon cocoa iutriment to ilb. beef or ten cups of cocoa and is absolidelv free from chemicals. agestion,_ braces the nerves, invigdrates the system. in tins 5d.,..."
cocoa,1900,1,3292,614,5.414,True,"l the little ones like it. cadburg's cocoa children's beverage par excellence—makes them feel well 81 stri health says: ""cadbury's gives the system endurance and hardihood, building up muscle ..."
cocoa,1900,1,3292,615,5.4143,True,"cocoa treakfast and supper. in the organism of man as in that of all the highest. animals, the materials for the nutrition of every portion or the structur..."
cocoa,1900,1,3292,616,5.4153,True,"cocoa the beet form of cocoa 111 for every day 1.1,3."
cocoa,1900,1,3292,618,5.4164,True,"cadbury's cocoa the medical magazine says: ""the favourite cocoa of the day. for strength, purity, and nourishment,there is nothing superior to be found."" caibury's i..."
cocoa,1900,1,3292,619,5.4165,True,the most nutritious. epps's grateful—comforting. cocoa litreakfs st—supper.
cocoa,1900,1,3292,620,5.4165,True,"k. • ra, t*4' pi which represents cocoa in the highest attainable focm, made from the finest cocoa beans the world produces, prepared by mcse refined methods than cocoa was ever before subm..."
cocoa,1900,1,3292,621,5.4171,True,"...s. happy the man with thrift and care, who lives so well that he can spare prolongs his life with little funds— protects himself and little ones. vi• cocoa makes him feel at ease"
cocoa,1900,1,3292,622,5.4175,True,the most nutritious: e p p s's grateful—comforting. cocoa preakfe st—supper.
cocoa,1900,1,3292,623,5.4177,True,"epps's you oannot possibly basil a hotter cocoa than ""cocoa stands vary much higher than coffee or t 8.,"" or. hassell says, ""and eontalne every in- gredient necessary to tbe growth and sustenance o..."
cocoa,1900,1,3292,624,5.4186,True,t e n pal e 15114'* at ainable quality. no foreign cocoa imported into this country equals
cocoa,1900,1,3292,625,5.4189,True,"e ',i. :nc -:`,. i being distinguished from all others by its invigorating nutritious qualities anc its delicious flavour. this cocoa, con- taining as it does all the substance of the cocoa nib, maint"
cocoa,1900,1,3292,628,5.4202,True,epps's gr4teful-com forting. cocoa ore.. kfast and supper. 111
cocoa,1900,1,3292,629,5.4208,True,"the rebellion in morocco. cadburys cocoa is highly nourishing and easily digested, repairing waste and preserving health. it is •volutely pure aud untampwed with. being entirely free from dr..."
cocoa,1900,1,3292,630,5.4211,True,"epps's being distinguished from all others by its invigorating nutritious qualities and itg delicious flavour. this cocoa, con- taining as it does all the substance ox the cocoa nib, maintains its lea"
cocoa,1900,1,3292,631,5.4213,True,"...riginal cooo6, and a specie,lity. ep s's being distinguished from all others by its invigorating nutritious qualities and its delicious flavour. this cocoa, con- taining as it does all the substa"
cocoa,1900,1,3292,632,5.4216,True,epps's gratefui cocoa the most nutritious and economical.
cocoa,1900,1,3292,633,5.422,True,"cocoa the- best form of cocoa for every-de), us••"
cocoa,1900,1,3292,635,5.4225,True,feb. strong children. --- children grow strong on cadbury's cocoa because it contains in a generous measure those food elements that are essential to health and good physical condition. it possesses t
cocoa,1900,1,3292,636,5.4226,True,"p the original cocoa for breakfast and supper, the finest flavoured, the most nutritious, the best suited for all ages and classes, the greatest invigorator for the fagge..."
cocoa,1900,1,3292,637,5.4232,True,...original coeoa. and a speciality. epps's being distinguished from all others by its invigorating nutritious qualities and its delicious flavour. this cocoa. con- taining alit does all the substanc
cocoa,1900,1,3292,639,5.4242,True,"9 • .5.‘4,..2 4. • cocoa is a most valuable beverage for the young, and does splendid service in building up the constitution. health says:— ""it builds up muscle and bodily v..."
cocoa,1900,1,3292,640,5.4244,True,"oratuful—cloratorting. cocoa a delicious drink and sostalo!og food. • ••, • r"
cocoa,1900,1,3292,641,5.4247,True,"cocoa ernest needham, (captain, sheffield united football club, winners of the english cup, 1902. cadbury's cocoa is ""a perfect food."""
cocoa,1900,1,3292,642,5.4255,True,van houten's cocoa. the same quantity of any other cocoa will not give so good a result either in strength or flavour. try a 6d tin it will yield 25 cups of the most de...
cocoa,1900,1,3292,643,5.4262,True,"pt, •ro being distinguished from all others by its invigorating nutritious qualities and its delicious flavour. this cocoa, con- taming as it does all the substance of the cocoa nib, maintains its lea"
cocoa,1900,1,3292,644,5.4263,True,epps's grateful—comiolqing. cocoa breakfast—supper.
cocoa,1900,1,3292,645,5.4268,True,maza attee cocoa you can face the prevailing sold weather with impunity. the heat-producing elements contained in this pure cocoa air most pronounced. it also forms a...
cocoa,1900,1,3292,646,5.4278,True,epps's grateful-com fort! n g. cocoa breakfast and supper.
cocoa,1900,1,3292,647,5.4279,True,grateful-comforting. cocoa eireakfast and ii.ipp&r.
cocoa,1900,1,3292,648,5.4282,True,"""i really must use vi-cocoa."" thousands of men and women, after read- ing the particulars published respecting the merits of dr. tibbles' vi-cocoa, have been induced to become r..."
cocoa,1900,1,3292,649,5.4306,True,strong children. children grow strong on cadbury's cocoa because it contains in a generous measure those faml elements that are essential to health and goo 4 physical condition. it possesses the combi
cocoa,1900,1,3292,650,5.431,True,"epps's grateful-00mf0rting. cocoa sold by all grocers, in packets and tins."
cocoa,1900,1,3292,651,5.4328,True,cocoa for breakfast is good for those who work. and for those who play! rowntree's cocoa is a favourite with workers. because it's nourishing. and deliciou...
cocoa,1900,1,3292,652,5.4342,True,no bseakfaet table complete without epps's cocoa the most nutritious and economical.
cocoa,1900,1,3292,655,5.4352,True,"c00,4a the beet .orm of cocoa for every-day use. ~• children like virol— it is pleasant to the taste; nothing else gives them the glow of health so quickly. virol"
cocoa,1900,1,3292,657,5.4362,True,"urts cocoa promotes health & strength dr, andrew wilson says: ""cocoa in itself is an excellent and nutritious food and it should be consumed in a perfectly pure..."
cocoa,1900,1,3292,658,5.4374,True,"cadb rys ..i• is as pore ..., i as it s good. • lavoid cocoa concoctions— ,, the added ingredients in such mixtures are mostly cheapening —0: substances that either diminish f la: •\:. or neutralize t"
cocoa,1900,1,3292,659,5.4376,True,the. most nutritious. 7pps's grateful-comforting. cocoa sreaicfast and supper.
cocoa,1900,1,3292,660,5.4378,True,"c ad; cy'rtib cocoa because, being absolutely pure, and charged with the natural essentials of physical support, it keeps the limbs supple and active, and imparts streng..."
cocoa,1900,1,3292,661,5.4379,True,the most nutritious. e p ps's grateful-comforting. cocoa breiucfi
cocoa,1900,1,3292,662,5.4385,True,"cocoa a fragrert. diateicue, and meet klzltlaful beverage."
cocoa,1900,1,3292,663,5.4387,True,"cocoa 1 the best form of cocoa for every-day use. p probiotes refreshing sleep. plasmon cocoa contains all the constituents able to sua:sort life."" —lancet..."
cocoa,1900,1,3292,665,5.4399,True,"corn v la's cocoa has a world -wide reputation as a delicious. strengthening beverage. and a vain• able nutritive food. the -lancet"" says it repre- sents ''the highest..."
cocoa,1900,1,3292,666,5.4414,True,"...hed from all others by its invigorating nutritious qualities and its delicious fia.vour. this cocos, con- taining as it does all the substance of the cocoa nib, main tans its le"
cocoa,1900,1,3292,667,5.4416,True,strong children. children grow strong on cadbury's cocoa because it contains in a generous measure those food elements that are essential to health and good physical condition. it possesses the combin
cocoa,1900,1,3292,668,5.4417,True,"...onomy. cobana is the name of the new food bever- age, which, in a per- fectly concentrated form, combines all the nutritive qualities of the choicest cocoa and the essentia"
cocoa,1900,1,3292,669,5.4419,True,1--- 1 ;i 1 1 a 9d. tin of this great cocoa will go as far as a is. 6d. tin of ordinary cocoas.
cocoa,1900,1,3292,670,5.4422,True,"cocoa the best form of cocoa for every-day use. with. local weiming.—a wedding of some local interest took place in st. mary's church, between mr. john edw..."
cocoa,1900,1,3292,671,5.4425,True,"eppws coco eu welcome at any hear of the day. the cup victory. __- mr. crosfield, mp. entertains the footballers at chester., cocoa a delicioni-drink and a food."
cocoa,1900,1,3292,673,5.4432,True,epps' grateful—comforting. cocoa breakfast—suppes
cocoa,1900,1,3292,674,5.4449,True,"proof above question from rotheinan. cadbury's cocoa comes first among food beverages bemuse it is trey closely allied to nulls tts composition 3'here in really little to chins.. between milinry, abso"
cocoa,1900,1,3292,675,5.445,True,"... '1 th. original mesa. and a speciality. being distinguished from all others by its invigorating nutritious qualities and its delicious flavour. this cocoa, con- taining as it d"
cocoa,1900,1,3292,676,5.4459,True,"cwl‘im•viij6 c ministers to the physical requirements of young and old in an eminent degree. health"" says-- ""cadbury's cocoa possesses in a remarkable dezree those natural elements of sustenance which"
cocoa,1900,1,3292,678,5.4469,True,"... original oocon, ana µ speciedi ty. ert4ipts being distinguished rr others by its invtgorat ink, nutritious qualities and its delicious flavour. this cocoa. con tabling as it does all the substance"
cocoa,1900,1,3292,679,5.4472,True,"• ""i really ust use i' [-cocoa. thotteindi,i of men and women, after reading the particulars published respect- ing the merits of dr. tibbles' ti-cocoa, have been induced to become..."
cocoa,1900,1,3292,680,5.4474,True,cadbury's cocoa can always be relied upon for its purity. adulterated cocoas are risky and ahonld always be avoided cadbury's cocoa is highly beneficial to young and...
cocoa,1900,1,3292,681,5.4478,True,"epps's being distinguished from all others by its invigorating nutritious qualities ane its delicious flavour. this cocoa, con- taining as it does all the substance of the cocoa nib, maintains its lea"
cocoa,1900,1,3292,682,5.4483,True,"epps's being distinguished from all others by its invigorating nutritious qualities and its delicious flavour. this cocoa, con- taining as it does all the substance of the cocoa nib, maintains its lea"
cocoa,1900,1,3292,683,5.4488,True,"epps's being distinguished from all others by its invigorating nutritious qualities and its delicious flavour. this cocoa, con- taining as it does all the substance of the cocoa nib, maintains its lea"
cocoa,1900,1,3292,684,5.4493,True,"cocoa as used in some of the largest hospitals in the united kingdom. (v.i, label.) sold by all grocers."
cocoa,1900,1,3292,685,5.4502,True,the most nutritious epps's -gratcful-comforting. cocoa breakfast and bupper.
cocoa,1900,1,3292,686,5.4519,True,"• ca -). 7fr s cocoa whgn once established as the children's morning beverage, is always looked forwari to with eagerness by the little folks. it makes them feel strong a..."
cocoa,1900,1,3292,687,5.452,True,epps's cocoa a delicious drink and a sostithillg teal.
cocoa,1900,1,3292,688,5.4527,True,"cocoa the beet form of cocoa tor eir•r7-41$1, sm."
cocoa,1900,1,3292,689,5.4528,True,the original cocoa. and a speciality. eppsis distinguished from all others by its invigorating nutritious qualities and delicious flavour. it contains all the substance...
cocoa,1900,1,3292,690,5.4539,True,...iginal corm. anti & apeciality. !epps's hang distinguished from all others by its invigorating nutritious quali- ties and its dslielous flavour. this cocoa. containing ili it tiocs ell the stihs
cocoa,1900,1,3292,691,5.4544,True,"plasmon cocoa contains all the constituents able to support life."" —lancet. aids digestion."
cocoa,1900,1,3292,692,5.4545,True,"the original cocoa, and a speciality. ~ • 1-• • i' 'id 88 ,; distinguished from all others by its invigorating nutritious qualities and delicious flavour. it contains a..."
cocoa,1900,1,3292,693,5.4547,True,"cocoa a delicious drink and sustaining food. ari iv e your orders for the factory tom to 11, 1r your bookseller at once, and be sere yodi ett t. the factor..."
cocoa,1900,1,3292,694,5.4547,True,e pss grateful—comlorting. cocoa breakfast—supper.
cocoa,1900,1,3292,695,5.455,True,":0 ma, of pure cocoa. no cocoa is pure which contains substances not naturally present in the cocoa bean. many of the so-called cocoas now on sale are merely cocoa prepar..."
cocoa,1900,1,3292,696,5.4551,True,"...ished from all others by its invigorating nutriticus quaities and its delicious flavour. this coco-, con- taining as it does all the substance of the cocoa nib, maintains its lead"
cocoa,1900,1,3292,697,5.4555,True,"...shed from all others by its invigorating nutritious quaiities and its delicious ti.vour. this cocco., con- taming as it does all the substance of the cocoa nib, maintains its lea"
cocoa,1900,1,3292,699,5.4559,True,cocoa the i)et form of cocoa for evfitry-day use.
cocoa,1900,1,3292,700,5.4564,True,"the original cocoa, and a speciality. epps's being distinguished from all others by its invigorating nutritious quailties and its delicious flavour. this coccm, con- ta..."
cocoa,1900,1,3292,701,5.4574,True,"epps's being distinguished from all others by its invigorating nutritious qualities and its delicious flavour. this cocoa, con- taining as it does all the substance of the cocoa nib, maintains its lea"
cocoa,1900,1,3292,703,5.458,True,".• :;ty .t being distinguished from all others by its invigorating nutritious qualities and its delicious flavour. this cocoa, con- taining as it does all the substance of the cocoa nib, maintains its"
cocoa,1900,1,3292,704,5.4581,True,first and foremost. cadbury's cocoa comes first among food beverages because it is very closely allied to milk in its composition. there is really little to choose between cadbury's abs...
cocoa,1900,1,3292,705,5.4582,True,"after three-quarters of a century as cocoa the best form of cocoa for every-day 1::,e."
cocoa,1900,1,3292,706,5.4585,True,"cadbury' cocoa is an absolutely pure article can- not be controverted in view of the results of analysis which, in our hands, this excellent article of food has yie..."
cocoa,1900,1,3292,707,5.4595,True,"40,t, 4;4.:a0 adbury is as pvre as i,t is good. lavoid cocoa concoctions— the added ingredients in such mixtures are mostly cheapening 4'44' substances that either diminish zo•,:e. vi or neutralize th"
cocoa,1900,1,3292,708,5.4599,True,"boy: master: what is cocoa, and what about it? boy: cocoa is the finely-ground powder of a roasted cocoa bean, and is used as an article of diet. master: then what is false tha..."
cocoa,1900,1,3292,709,5.4605,True,"a cw, vc%. being distinguished from all others by its invigorating nutritious qualities and its delicious flavour. this cocoa. con- taining as it does all the substance of t ho cocoa nib, maintains it"
cocoa,1900,1,3292,711,5.4615,True,"9 • .5.‘4,..2 4. • cocoa is a most valuable beverage for the young, and does splendid service in building up the constitution. health says:— ""it builds up muscle and bodily v..."
cocoa,1900,1,3292,713,5.4629,True,",ocoa ""perfect in flavour, pure and well prepared.""— british medical 7ournal. ""a perfect beverage.""—medical annual. the pure cocoa is more digestible and possesses a finer flavour than any other. ----"
cocoa,1900,1,3292,714,5.463,True,nutritious. e p ps's cocoa furnish for credit at cash prices!
cocoa,1900,1,3292,715,5.4632,True,"epps's tao original cocoa, and a speciality. being distinguished from all others by its invigorating nutritious qualities and its delicious flavour. this cocoa, con- taining a..."
cocoa,1900,1,3292,716,5.4633,True,"ep.„i being distinguished from all others by its invigorating nutritious qualities ane its delicious flavour. this cocoa, co taming as it does all the substance of the cocoa nib, maintains its leading"
cocoa,1900,1,3292,717,5.4639,True,"only those who use van houten's cocoa know how good it is to drink and hos economical it is in use. if you have not tried it buy a new 6d tin, • you will gct 25 cups out of it. make it wi..."
cocoa,1900,1,3292,718,5.4653,True,"epps's being distinguished from all others by its invigorating nutritious qualities and its delicious flavour. this cocoa, con- taining as it does all the substance of the cocoa nib, maintains its aea"
cocoa,1900,1,3292,719,5.4671,True,"...ished from all others by its invigorating nutritious quanties and its delicious flavour. this cocos. con- taining as it does all the substance of the cocoa nib, maintains its "
cocoa,1900,1,3292,720,5.468,True,"the original cocoa. and a speciality. e,pps's beteg distinguished from all others by its invigorating nutritious qualities and its delicious flavour. this cocoa, con- t..."
cocoa,1900,1,3292,721,5.4681,True,"16, .1$ 1: i 9 i i i is a dencious invigorating and sustaining food beverage for summer and winter and all the year round. n.b. cocoas treated with alkali and chemicals have a medicinal scent when the"
cocoa,1900,1,3292,722,5.4681,True,"111%, 'wm .; °mp • t being distinguished from all others by its invigorating nutritious qualities and its delicious flavour. this cocoa, con- taining as it does all the substance of the cocoa nib, mai"
cocoa,1900,1,3292,723,5.4685,True,"cocoa the best form of cocoa for every-day use. worm fob ali,. we give a nickel-silver timekeeper and mexican silverine watch chain, with guarantee to keep..."
cocoa,1900,1,3292,724,5.469,True,"p 9 being distinguished from all others by its invigorating nutritious qualities and its delicious flavour. this cocoa, con- taining as it does all the substance of the cocoa nib, maintains its leadin"
cocoa,1900,1,3292,725,5.4697,True,cocoa is generous to a degree in imparting to the body those food elements that are essential to health and good physical condition. it also acts as a gent...
cocoa,1900,1,3292,726,5.4699,True,"7.he original cocoa, and a speciality. epps5s distinguished from all others by its invigorating nutritious qualities and delicious flavour. it contains all the substance..."
cocoa,1900,1,3292,727,5.4708,True,"er, p sgs gnateful-comforting. cocoa the most nutritious and economical."
cocoa,1900,1,3292,728,5.4719,True,"epps's being distinguished from all others by its invigorating nutritious qualities and ha delicious flavour. this cocoa, con- taining as it does all the substance of the cocoa nib, maintains its lead"
cocoa,1900,1,3292,729,5.4721,True,"4 vor being distinguishod from all others by its invigorating nutritious qualities and its delicious flavour. this cocoa, con- taining as it does all the substance of the cocoa nib, maintains its lead"
cocoa,1900,1,3292,730,5.4724,True,"highest form purest form most digestible and a cocoa that is unquestionably i',.;:perior to all ft reign cas there are no special agents for this cocoa. it can be obtained from every grocer,"
cocoa,1900,1,3292,731,5.4731,True,epps's cocoa grateful and comforting. a delicious drink and a sustaining food.
cocoa,1900,1,3292,732,5.4735,True,"epps's being distinguished from all others b 9 its invigorating nutritious qualities and its delicious flavour. this cocoa, con- taining as it does all the substance of the cocoa nib, maintains its le"
cocoa,1900,1,3292,733,5.4736,True,...lbc‘l% cadbury's is first amongst food beverages because ot its absolute purity and freedom from admixture of any kind. the lancet says :-- cadbury's cocoa under- goes no method ot treatment by which
cocoa,1900,1,3292,736,5.4745,True,"""i really, must use vi-cocoa."", thousands of men and women, after reading the particulars published respecting the merits of dr. tibbles' vi-cocoa, have. been induced to becowe r..."
cocoa,1900,1,3292,737,5.4748,True,epps's grateful-comforting. cocoa the most nutritiotui ~ paid economical.
cocoa,1900,1,3292,739,5.4753,True,the most nutritious. e p ps's gratc.ful-comforting. cocoa a rinucfast—supper.
cocoa,1900,1,3292,740,5.4755,True,"epps's being distinguished from all others by its invigorating nutritious qualities and its delicious flavour. this cocoa. con- taining as it does all the substance of the cocoa nib, maintains its lea"
cocoa,1900,1,3292,741,5.4757,True,"riz & amps beniclabmoied bacon. amen cocoa to suit tour taste and reed. mbar tie owl nutritious sod eareagth-glying epps,s ,cocoa grateful and comforting. a delicious drink and a sustaining fo..."
cocoa,1900,1,3292,742,5.4759,True,"the original oneek end d. tiapps's being distinguished from all others by its invtgorsting nu t, ous q ual 1- thee and its delicious tlavour. ihia cocoa, containing as il does all the substancs of the"
cocoa,1900,1,3292,743,5.4761,True,epps's cocoa the most nutritious sad noonomir-sk
cocoa,1900,1,3292,744,5.4779,True,"stone trough brewery, halifax. cadbu ry's cocoa absolutely pure therefore best. ter- imils swoon pti-ie test op time. -09 ""the standard of highest purity.""—the lancet. ""the typical cocoa of english..."
cocoa,1900,1,3292,745,5.4785,True,"nourishing. lasmon c cocoa beat summer drlnk—non-lieetleg. allrbunitts uld (imcers, 941. tin."
cocoa,1900,1,3292,746,5.4791,True,"lat4frib:i; cllca nature's choicest nutrient. dyspeptics! don't despaer. because it is just pure, undefiled cocoa, of the highepk attainable quality-, the product of the finest plantations, completely"
cocoa,1900,1,3292,747,5.4794,True,"„p! s being distinguished from all others by its invigorating nutritious qualities and its delicious flavour. this cocoa, con- taining as it does all the substance of the cocoa nib, maintains its lead"
cocoa,1900,1,3292,748,5.4805,True,epps's cocoa a delicious drink and a sastalalag food.
cocoa,1900,1,3292,749,5.4825,True,"...original caeca, and a speciality, eppsys being distinguished from all others by its invigorating nutritious qualities and its delicious flavour. this cocoa, con- taming as it does all the substanc"
cocoa,1900,1,3292,750,5.4826,True,the most nutritious.. epps's grateful—comforting. cocoa breakfast—supper. 111
cocoa,1900,1,3292,752,5.483,True,"fact versus fiction. the fiction is that another cocoa is ""as good as van houten's."" the fact is there is not another cocoa to equal van houten's. in c\-l-ry market in the world it is the standard by "
cocoa,1900,1,3292,753,5.4845,True,suchard's cocoa is appetizing in a delicate state of health this is important; but the most important point is the after-com- fort. try it and you'll know. cocoa eco...
cocoa,1900,1,3292,754,5.4846,True,ep n's's grateful-comforting. cocoa the most nutritious and economical.
cocoa,1900,1,3292,755,5.4853,True,ei4ps's g rateful—comiorting. cocoa breakfast—supper.
cocoa,1900,1,3292,756,5.4854,True,epps's grateful comforting. cocoa the most nutritious and economical.
cocoa,1900,1,3292,757,5.488,True,"% ip d3:,''ry's cocoa • regularly -a( -w either with meals tg or between meals it is a safe, refreshing, and invigorating beverage, for winter, summer, and all the year ro..."
cocoa,1900,1,3292,758,5.4887,True,the most nutritious. epps's grateful—comforting. cocoa breakfast—suppee
cocoa,1900,1,3292,759,5.4899,True,grandfather houten's cocoa have been firm friends for 80 years. lie knows that van houten's is the best cocoa in the world for keeping mind and body in good condi- tion. it is ...
cocoa,1900,1,3292,760,5.49,True,"cocoa the beict forzs,of cocoa for every-day uso."
cocoa,1900,1,3292,761,5.49,True,the original cocoa for breakfast and supper. buy a packet a once and you will continue.
cocoa,1900,1,3292,762,5.4908,True,"cadbury's cocoa is absolutely pure, and ""a perfect food."" mile: \acos if hi 4 11111 1 i 1 1 1. 11 \... i i \ \\: i"
cocoa,1900,1,3292,763,5.4914,True,*epps's cocoa the most nutritious and economical.
cocoa,1900,1,3292,764,5.4918,True,"...shed from all others by its invigorating nutritious qua!ities and its delicious flavour. this coco-, con- taining as it does all the substance of the cocoa nib, maintains its lea"
cocoa,1900,1,3292,765,5.4927,True,"l being distinguished from all others by its invigorating nutritious qualities and its delicious flavour. this cocoa, con- taining as it does all the substance of the cocoa nib, maintains its leading "
cocoa,1900,1,3292,766,5.4935,True,the most nutritious. e‘p ps's grateful—comforting. cocoa breakfast—supper. mina soap the world's greatest skin soap. the standard of every nation of the earth. sale greater than the world's praia
cocoa,1900,1,3292,767,5.4936,True,try a 6d tin it will yield 25 cups of the most delicious cocoa in the world.
cocoa,1900,1,3292,768,5.4936,True,"on a trinidad cocoa estate. cadbury's cocoa iseabsolutely pure, therefore but. it contains all the full nourishing properties of the cocoa bean. sithout any foreign adie..."
cocoa,1900,1,3292,769,5.4946,True,"4,u cart enjoy. if you want a cocoa that is not only the best for nutritive, sustaining and in- vigorating. properties, but one that you can thoroughly enjoy, drink van houten's. it ret..."
cocoa,1900,1,3292,770,5.4957,True,"""i really must use vi-cocoa."" thousands of men and women, after reading the particulars published respecting the merits of dr. tibbles' vi-cocoa, have be,?9 induced to become re..."
cocoa,1900,1,3292,771,5.496,True,epps's cocoa the most nutritious sad soonomioal.
cocoa,1900,1,3292,773,5.4966,True,"the best for supper. van houten's cocoa is so perfectly digestible that there is no fear cf its causing a bad night's rest. its nourishing qualities enable the blood to build up, during sle..."
cocoa,1900,1,3292,774,5.4972,True,tains its leading position aa cocoa the best form of cocoa for every-day use.
cocoa,1900,1,3292,775,5.4974,True,"epps's grateful—comfortmg. cocoa break,.fast—supper."
cocoa,1900,1,3292,777,5.498,True,"...ed from all others by its invigorating nutritious quaiities and its delicious flavour. this c0c0,,, con- tainin,7 as it does all the substance of the cocoa nib, maintains its l"
cocoa,1900,1,3292,779,5.5004,True,"c a i i h.5:1 ministers to the physical requirements of young and old in an eminent degree. health says— ""cadbury's cocoa possesses in a remarkable degree those natural elements of sustenance which gi"
cocoa,1900,1,3292,780,5.501,True,"111 rhi ""medical maga& says s— without exception the most popular cocoa of the day; we are glad to give it the highest praise. for strength, purity, and nourishment there is nothing superior to be fou"
cocoa,1900,1,3292,781,5.5013,True,"!epps's being distinguished from all others by its invigorating nutritious qualities and its delicious flavour. this cocoa, con- taining as it does all the substance of the cocoa nib, maintains its le"
cocoa,1900,1,3292,782,5.5025,True,"cocoa the best form of cocoa for eve:y-day uze. to let. to let, house, bondgate green bridge, hot aud cold bath, w.c., ,etc.—apply, 24, north street. a goo..."
cocoa,1900,1,3292,783,5.5035,True,epps's grateful-corifopting. cocoa breakfast and supper.
cocoa,1900,1,3292,785,5.5036,True,"he original cocoa, and a speciality. e p psgs distinguished from all others by its invigorating nutritious qualities and delicious flavour. it contains all the substan..."
cocoa,1900,1,3292,786,5.5042,True,no breakfast table complete without epps's grateful-corifortinc. cocoa the most nutritious and economical.
cocoa,1900,1,3292,787,5.5059,True,"to suit your taste. or, a lighter and thinner drink, refreshing and stimulating. .eppws cocoa essence welcome at any hoar of the day."
cocoa,1900,1,3292,788,5.5067,True,"epps's being distinguished from all others by its invigorating nutritious qualities and its delicious flavour. this cocoa, con- taining as it does all the substance of the cocoa nib, maintains its loa"
cocoa,1900,1,3292,789,5.5072,True,"epps's grateful-comforting. cocoa the most nutritious and economical. part 18 of the surrey gaz,tteer of the british bits contains a plan of nottingham, and an exceedingly interesting..."
cocoa,1900,1,3292,790,5.5075,True,"labour life. pt! l the cadbury's cocoa is a delicious beverage coeranning excerlente flo-nur with great sustenance, ti-;,3 ysiaml eaaainst cold. 21:iiih1y benefaciaa yozma and old at all t..."
cocoa,1900,1,3292,792,5.5079,True,"smon. cocoa :utriment to ils. beef or ten cups of cocoa and is absolutely free from chemicals. imestion, braces the nerves, invigorates the system. in tins 5d., ..."
cocoa,1900,1,3292,794,5.5081,True,"it is ama to support wm"" —larca. cocoa malaise mere moo. -. meat than oafs ormy =vcocoa. a. 4 /row awake& c ofik %o.="
cocoa,1900,1,3292,795,5.5087,True,"e 9 4, at being- dieting ;11slie1 from all others—by lt s invigare.tb.g nutritious qualities and its delicious flavour. t.da cocoa. con- taining sa it does all the subaance of the cocoa nib, maintains"
cocoa,1900,1,3292,796,5.5089,True,first and foremost. cadbury's cocoa comes test among food beverages because is very closely allied to —.*lr in its composition. there. is really little zhoose bemeen cadbury's absolutel...
cocoa,1900,1,3292,797,5.509,True,"• • i `4e. •t• vll9 .14 4' • '44 l(the lancet says ""-- ""!s the standard of ,s. ca highest purity"" cocoa alone is an excellent food as well as a stimulant, having a salutary action upon the e*--) nerve"
cocoa,1900,1,3292,798,5.5098,True,"s mon cocoa 313 more nourishment than 10 cups of any ordinary cocoa,, !bvairtely free front clo;»tirais (old «medtech!! 2il(ttler. nourishes. warms. strengthens...."
cocoa,1900,1,3292,799,5.5113,True,"boy: master: what is cocoa, and what about it? boy: cocoa is the finely-ground powder of a roasted cocoa bean, and is used as an article of diet. master: then what is false tha..."
cocoa,1900,1,3292,800,5.512,True,"tit 3, tat • • 4-44 p being distinguished from all others by its invigorating nutritious qualities and its delicious flavour. this cocoa, con- taming as it does all the substance of the cocoa nib, mai"
cocoa,1900,1,3292,801,5.5139,True,"epp being distinguished from all others by its invigorating nutritious qualities and its delicious eavour. this cocoa, con- taining as it does all the substance of the cocoa nib, maintains its leading"
cocoa,1900,1,3292,802,5.5142,True,"stone trough brewery, halifax. cadbury's cocoa absolutely pure therefore best. or' has stood 'tram test of time. -log ""the standard of highest purity.""—the lancet."
cocoa,1900,1,3292,804,5.5146,True,"!epps's being distinguished from all others by its invigorating nutritious qualities and its delicious flavour. this cocoa, con- taining as it does all the substance of the cocoa nib, maintains its le"
cocoa,1900,1,3292,805,5.5154,True,epps's cocoa the most nrtritleoll and economical
cocoa,1900,1,3292,806,5.5155,True,"p 4, a „t. r9s • • is as pure 4 *.; • as it is good. avoid cocoa concoctions— the added ingredients in such mixtures are mostly cheapening substances that either diminish or neutralize the natural nou"
cocoa,1900,1,3292,807,5.5159,True,"stone trough brewery, halifax. cadbury's cocoa absolutely pure therefore best. lias stood the test of time. -min the standard of highest purity.""-771e lancet ""the typical cocoa of english manufact..."
cocoa,1900,1,3292,808,5.5165,True,adhury's pure 5 [• i as it s good. i • avoid cocoa concoctions— the added ingredients in such mixtures are mostly cheapening substances that either diminish or neutralize the natural nourishing qualit
cocoa,1900,1,3292,809,5.5165,True,"la s mon cocoa more nourish mead than id cups of any ordinary cocoas and ic absossi tug _fred front chemical. 11 this 4! ia et. mo 2ai tut contain kiw4 ,vtra ,4 32"
cocoa,1900,1,3292,810,5.5168,True,the most nutritious. epps's grateful—comlorting. cocoa breakfast—supper.
cocoa,1900,1,3292,811,5.5168,True,the most nutritious. epps's grateful—comlorting. cocoa breakfast—supper.
cocoa,1900,1,3292,812,5.5169,True,"mazawattee cocoa is not only pure but very strong, so you will not require co much of it as of ordinary cocoas. hitherto we have had few, if any, such good cocoas as ..."
cocoa,1900,1,3292,813,5.5173,True,"pn ""the typical cocoa c of foolish man- the analyst. 'edadblirlis i i a refined, stimulating, digestible. ""till standarb sf nicnest purity."" -171 e lamm •=w14,.... cadbury..."
cocoa,1900,1,3292,814,5.5176,True,"eppss cocoa is an admirable food, the wisest and most nutritious beverage for um breakfast table. it is mails la a moment with boiling water or milk, and its ila..."
cocoa,1900,1,3292,815,5.5189,True,"...ed from all others by its invigorating nutritious qua!!ities and ita delicious flavour. this c0c0,.. con- taining ai it does all the substance of the cocoa nib, maintains its l"
cocoa,1900,1,3292,816,5.519,True,"ak,t, 4; is true economy to use woman's realm, photographic notes. no other cocoa goes so far. no other cocoa has such strength and exquisite flavour. the cocoa you will enjoy. tug ot a very snort kha"
cocoa,1900,1,3292,817,5.5195,True,... 4.2 s s grateful—corniorting. c '4l* c $4 breakfast—supper. mazlwattee cocos. can be digested by any- body however delicate. where the ordinary shop cocoa would cause dis
cocoa,1900,1,3292,818,5.5196,True,c .0 a the best form of cocoa for every-dr: y use.
cocoa,1900,1,3292,819,5.52,True,epps's grateful comforting. cocoa the most nutritloua anti economical.
cocoa,1900,1,3292,822,5.5219,True,"...ed from all others by its invigorating nutritious quallties and its delicious flavour. this cocc-.. con- taining as it does all the si,bstance of the cocoa nib. maintains its l"
cocoa,1900,1,3292,823,5.5221,True,"ep s's cocoa the original cocoa for breakfast and supper, the finest flavoured, the most nutritious, the best suited for all ages and classes, the greatest invigo..."
cocoa,1900,1,3292,824,5.5225,True,strong children. children grow strong on cadbury's cocoa because it contains in a generous measure those food elements that are essential to health and good physical condition. it possesses the s comb
cocoa,1900,1,3292,825,5.5248,True,"a word to methers. there is little to choose between cadbury's ab- solutely pure cocoa essence and milk,,so closely allied are they in composition. cadbury's cocoa is highly nourishing, and as a daily"
cocoa,1900,1,3292,826,5.5252,True,"fact versus fiction. the fiction is that anothef cocoa is ""as good as van houten's."" the fact is there is not another cocoa to equal van houten's. in every market in the world it is the standard by wh"
cocoa,1900,1,3292,828,5.5257,True,epps'e grateful-comforting. cocoa breakfast and tappes.
cocoa,1900,1,3292,829,5.5264,True,"epps's being distinguished from all others by its invigorating nutritious qualities and its delicious flavour. this cocoa, con- taining as it does all the substance of the cocoa nib, maintains its lea"
cocoa,1900,1,3292,830,5.527,True,give the children plasmon oafs piasmon cocoa for breakfast and supper. try them yourself. also pia.smort chocalftte pinsmon biscuis plasraon tea delicious and nourishing for old or young all gro...
cocoa,1900,1,3292,832,5.5281,True,"...rishing more delicious more economical than any other. what does this mean to the consumer? briefly, that being more soluble, the full benefit of the cocoa is obta"
cocoa,1900,1,3292,833,5.5281,True,"fact versus fiction. the fiction is that another cocoa is ""as good as van houten's."" the fact is there is not another cocoa to equal van houten's. in every market in the nyorld it is the standard by w"
cocoa,1900,1,3292,834,5.5282,True,"the original cocoa, and a speciality, epps's being distinguished from all ethers by its invigorating nutritious qualities and its delicious flavour. this cocos, con- ta..."
cocoa,1900,1,3292,835,5.5285,True,"•, r a bury 93 ,s a s as it is good. avoid cocoa concoctions— the added ingredients in such mixtures are mostiy cheapening substances that either diminish or neutralize the natural nourishing qualit..."
cocoa,1900,1,3292,836,5.5293,True,"were awarded the grand ,prize. (this is the highest honour obtainable). lovers of perfect ooffee and cocoa will find liptons un equalled for excellence of quality and delicacy of flavour. lipton, ltd."
cocoa,1900,1,3292,837,5.5297,True,"01) dm gin a-6'# z.) how to make, sure of pure cocoa. no cocoa is pure which contains substances not naturally present in the cocoa bean. many of the so-called cocoas now on sale are merely cocoa prep"
cocoa,1900,1,3292,838,5.5298,True,"cadbury's cocoa is refreshing, invigorating, and perfectly pure, containing all the hill nourishing properties of the cocoa bean, without admixture of any kind. cadb..."
cocoa,1900,1,3292,839,5.5302,True,"smon cocoa rutriment to ilb. beef or ten cups of cocoa and is absolutely free front chemicals. ligestion, braces the nerves, invigorates the system. in tins 5d...."
cocoa,1900,1,3292,840,5.5304,True,epps's cocoa a delicious drink and a sastaleist hod.
cocoa,1900,1,3292,842,5.5312,True,"• ca -). 7fr s cocoa whgn once established as the children's morning beverage, is always looked forwari to with eagerness by the little folks. it makes them feel strong a..."
cocoa,1900,1,3292,843,5.5315,True,"ak,t, 4; is true economy to use woman's realm, photographic notes. no other cocoa goes so far. no other cocoa has such strength and exquisite flavour. the cocoa you will enjoy. tug ot a very snort kha"
cocoa,1900,1,3292,844,5.5332,True,"epps's •--- being distinguished from all others 119 its invigorating nutritious qualities and its delicious flavour. this cocoa, con- taining as it does all the substance of tho cocoa nib, maintains i"
cocoa,1900,1,3292,845,5.5335,True,"cocoa y: -0 ou can enjoy. if you want a cocoa that is not only the best for nutritive, sustaining and in- vigorating properties, but one that you can' thor..."
cocoa,1900,1,3292,846,5.5336,True,"...s the original corcs. and a speciality, being distinguished from all others by is invigorating nutritious quali- ties and its delicious flavour. this cocoa. containing as it doss all the substanc"
cocoa,1900,1,3292,847,5.5338,True,"e being distinguished from all others by its invigorating nutritious qualities and it delicious flavour. this cocoa, con- taining as it does all the substance of the cocoa nib, maintains its leading p"
cocoa,1900,1,3292,848,5.5344,True,the most nutritious. epps's grateful-comforting. cocoa breakfast-supper.
cocoa,1900,1,3292,849,5.5344,True,e p psps grateful-comforting. cocoa brfakfast.i4upp-elit. the most nutritious.
cocoa,1900,1,3292,851,5.5349,True,"• 'iii?' being distinguished from all others by its invigorating nutritious qualities and its delicious flavour. this cocoa, con- taining as it does all the substance of the cocoa nib, maintains its l"
cocoa,1900,1,3292,852,5.536,True,"e -s's being distinguished from all others by its invigorating nutritious qualities and its delicious flavour. this cocoa, con- taining as it does all the substance of the cocoa nib, maintains its lea"
cocoa,1900,1,3292,853,5.5367,True,epps's grateful-comforting. cocoa tim most nutritious industrial exhibition.
cocoa,1900,1,3292,855,5.538,True,marple. rams noun muzs. these mills were re- started last week after a stoppage of more than • week for repairs. ladeurt's cocoa. ?lieb—therefore best. csoacrey's cocos is guaran- teed to be absolutel
cocoa,1900,1,3292,856,5.5384,True,"ii;rdighleadad 188 125 140 88 140 88 -- 48 37-85 majority for saracen's head. ""nothing cheaper or better than vi-cocoa."" tirmsands of men and women say this. experience has told them that a 61 packet "
cocoa,1900,1,3292,857,5.5386,True,the most nutritious epps's grateful-comforting. cocoa breakfast and supper.
cocoa,1900,1,3292,858,5.5386,True,the most nutritious epps's grateful-comforting. cocoa breakfast and supper.
cocoa,1900,1,3292,859,5.5395,True,"the original cocoa, and a speciality, epps's being distinguished from all others by its invigorating nutritious qualities and its delicious flavour. this cocoa, con- ta..."
cocoa,1900,1,3292,860,5.5398,True,"""another cup, please."" when you use van houten's cocoa the children enjoy it and ask for more. it is as nice to drink as it is good for health."
cocoa,1900,1,3292,862,5.5409,True,"dante's paradiso."" health in old age. controverted the lancet says: ""the statement that eadburys cocoa is an absolutely • pure article can- not be controverted in view of the results of analysis which"
cocoa,1900,1,3292,863,5.5411,True,"...nin was rb.owned on thursday night by the over- turning of a boat at greencastle, down. his two companions were rescued by coast- guards. a choice of cocoa "
cocoa,1900,1,3292,864,5.5414,True,"cocoa the beict forzs,of cocoa for every-day uso."
cocoa,1900,1,3292,865,5.5416,True,"the' most nutritious. p s s grateful—comforting. cocoa breakfast—supper. john wright & co., oepartmont 0, minster press. beverley. r aa"
cocoa,1900,1,3292,866,5.5422,True,"is la.smon cocoa at breakfast will keep you well fed and contented till lunch time. of all grocers, 9d., 1/4 and 2/6 per tin."
cocoa,1900,1,3292,867,5.5426,True,"epps's being distinguished from all others by its invigorating nutritious qualities and its delicious flavour. this cocoa, eon- taining a% it does all the substance of the cocoa nib, maintains its lea"
cocoa,1900,1,3292,868,5.543,True,how to make sure of pure cocoa. no cocoa is pure which contains substancel dot naturally present in the cocoa bean. many of the so-called cocoas now on sale are merely cocoa prepar...
cocoa,1900,1,3292,870,5.5433,True,epps's grateful-oomfortincl cocoa th• most nutrition. and bansionsical
cocoa,1900,1,3292,871,5.5444,True,"""nothing cheaper or better than vi-cocoa"" thousands of men and women say this. experience has told them that a 6d. packet or 9d. or is. 6d. nu dr. tibbles' vi-cocoa is the best value in the ..."
cocoa,1900,1,3292,872,5.5444,True,thr- most nutritious. epps's g ~ateful—comforting. cocoa breakfast—supper. tublit snnouncetnenv which is the best—to take things as they come or as they go?
cocoa,1900,1,3292,873,5.5449,True,"epps's cocoa is an admirable food, the nicest and most nutritious beverage for the breakfast table. it is made in a moment with boiling water or milk, and its sus..."
cocoa,1900,1,3292,874,5.5456,True,"epps's being distinguished from all others by its invigorating nutritious qualities and its delicious flavour. this cocoa, con- taining as it does all the substance of the cocoa nib, maintains its lea"
cocoa,1900,1,3292,875,5.5456,True,"epps's being distinguished from all others by its invigorating nutritious qualities and its delicious flavour. this cocoa, con- taining as it does all the substance of the cocoa nib, maintains its lea"
cocoa,1900,1,3292,876,5.5456,True,"epps's being distinguished from all others by its invigorating nutritious qualities and its delicious flavour. this cocoa, con- taining as it does all the substance of the cocoa nib, maintains its lea"
cocoa,1900,1,3292,877,5.5456,True,"epps's being distinguished from all others by its invigorating nutritious qualities and its delicious flavour. this cocoa, con- taining as it does all the substance of the cocoa nib, maintains its lea"
cocoa,1900,1,3292,878,5.5456,True,"epps's being distinguished from all others by its invigorating nutritious qualities and its delicious flavour. this cocoa, con- taining as it does all the substance of the cocoa nib, maintains its lea"
cocoa,1900,1,3292,879,5.5456,True,"epps's being distinguished from all others by its invigorating nutritious qualities and its delicious flavour. this cocoa, con- taining as it does all the substance of the cocoa nib, maintains its lea"
cocoa,1900,1,3292,880,5.5456,True,"epps's being distinguished from all others by its invigorating nutritious qualities and its delicious flavour. this cocoa, con- taining as it does all the substance of the cocoa nib, maintains its lea"
cocoa,1900,1,3292,881,5.5456,True,"epps's being distinguished from all others by its invigorating nutritious qualities and its delicious flavour. this cocoa, con- taining as it does all the substance of the cocoa nib, maintains its lea"
cocoa,1900,1,3292,882,5.5456,True,"epps's being distinguished from all others by its invigorating nutritious qualities and its delicious flavour. this cocoa, con- taining as it does all the substance of the cocoa nib, maintains its lea"
cocoa,1900,1,3292,883,5.5456,True,"epps's being distinguished from all others by its invigorating nutritious qualities and its delicious flavour. this cocoa, con- taining as it does all the substance of the cocoa nib, maintains its lea"
cocoa,1900,1,3292,884,5.5456,True,"epps's being distinguished from all others by its invigorating nutritious qualities and its delicious flavour. this cocoa, con- taining as it does all the substance of the cocoa nib, maintains its lea"
cocoa,1900,1,3292,885,5.5456,True,"epps's being distinguished from all others by its invigorating nutritious qualities and its delicious flavour. this cocoa, con- taining as it does all the substance of the cocoa nib, maintains its lea"
cocoa,1900,1,3292,886,5.5456,True,"epps's being distinguished from all others by its invigorating nutritious qualities and its delicious flavour. this cocoa, con- taining as it does all the substance of the cocoa nib, maintains its lea"
cocoa,1900,1,3292,887,5.5456,True,"epps's being distinguished from all others by its invigorating nutritious qualities and its delicious flavour. this cocoa, con- taining as it does all the substance of the cocoa nib, maintains its lea"
cocoa,1900,1,3292,888,5.5456,True,"epps's being distinguished from all others by its invigorating nutritious qualities and its delicious flavour. this cocoa, con- taining as it does all the substance of the cocoa nib, maintains its lea"
cocoa,1900,1,3292,889,5.5456,True,"epps's being distinguished from all others by its invigorating nutritious qualities and its delicious flavour. this cocoa, con- taining as it does all the substance of the cocoa nib, maintains its lea"
cocoa,1900,1,3292,890,5.5456,True,"epps's being distinguished from all others by its invigorating nutritious qualities and its delicious flavour. this cocoa, con- taining as it does all the substance of the cocoa nib, maintains its lea"
cocoa,1900,1,3292,891,5.5456,True,"epps's being distinguished from all others by its invigorating nutritious qualities and its delicious flavour. this cocoa, con- taining as it does all the substance of the cocoa nib, maintains its lea"
cocoa,1900,1,3292,892,5.5456,True,"epps's being distinguished from all others by its invigorating nutritious qualities and its delicious flavour. this cocoa, con- taining as it does all the substance of the cocoa nib, maintains its lea"
cocoa,1900,1,3292,893,5.5458,True,first and foremost. cadbury's cocoa comes first among food beverages because it is very closely allied to milk ;ii its composition. 'lhere is really little to choose between cadbury's a...
cocoa,1900,1,3292,894,5.5459,True,"...shed from all others by its invigorating nutritious quafities and its delicious flavour. this coco-, con- taining as it does all the substance of the cocoa nib. maintains its lead"
cocoa,1900,1,3292,895,5.5461,True,"epps's the original cocoa. and • speciality. being distinguished from all others by its invigorating nutritious qualities and it. delloious flavour. thl cocoa, con coining as ..."
cocoa,1900,1,3292,896,5.5471,True,"epps's the original cocoa for breakfast and supper, the finest flavoured, and most nutritious, the best suited for all ages and classes. the greatest invigorator for the fagge..."
cocoa,1900,1,3292,897,5.548,True,"it pan i. wortio• i. ms j.i. suchard's cocoa helps health, it does not hinder it. best in othcr respects also. try it for a week and you'll know. cocoa economy—me rend nf stscbord'e cana yield. ..."
cocoa,1900,1,3292,898,5.548,True,"...ttendance returns. the returns for the month ending decem- ber 2.oth ,were as follows —lnfant schoolb —christ church national—number on re- eadbury's cocoa is world= renowned for its absolute "
cocoa,1900,1,3292,899,5.5483,True,"stone trough brewery, halifax. cadbury's cocoa absolutely pure therefore best. 1r- 111 vs stood the test 00 time. -see ""the standard of highest purity.""—the lancet. ""the typical cocoa of english m..."
cocoa,1900,1,3292,900,5.5485,True,epps's grateful—comforting.— cocoa a delicious drirsc—and a sustaining food.
cocoa,1900,1,3292,901,5.5491,True,"epps's cocoa a delicious drink and a sastalebig, food."
cocoa,1900,1,3292,902,5.5494,True,".°-214t1) mental and manual, will derive great bent ifit from the regular daily use of an absolutely i ui e cocoa. cocoa is first amongst food beverages because of its labsolute purity and freedom 'no"
cocoa,1900,1,3292,903,5.5496,True,cot lira the best form of cocoa for every-day use.
cocoa,1900,1,3292,904,5.5498,True,"cocoa invaluable to all. ive your orders for the factory times to your bookseller ek once, and be sure you gtt it. the factory timc. aims at bewg • splaudi..."
cocoa,1900,1,3292,905,5.55,True,",e p s being distinguished from all others by its invigorating nutritious qualities and its delicious flavour. this cocoa, con- taining as it does all the substance of the cocoa nib, maintains its lea"
cocoa,1900,1,3292,906,5.5507,True,"a smoii cocoa n nutriment to ,ilb. beef or n cups of ordinary cocoa. aids digestion, braces the nerves, invigorates the system. meeting of teachers."
cocoa,1900,1,3292,907,5.5516,True,"cocoa ""a delicious beverage, easily assimilated.""— food and cookery."
cocoa,1900,1,3292,908,5.5524,True,pps' cocoa essence welcome at any hour of the day.
cocoa,1900,1,3292,909,5.5529,True,"epps's being distinguished from an others by its invigorating nutritious qualities end its delicious flavour. this cocoa, con- taining as it does all the substance of the cocoa nib, maintains its lead"
cocoa,1900,1,3292,910,5.553,True,epps's cocoa is an admirable food* the•nioest and most nutritious beverage for the break:feat table. it is made in a nisseent !with willie water se milk. and its ...
cocoa,1900,1,3292,911,5.5555,True,"read's donkey brand fi i r, 0 i d v a • • 11. i efi sold by grocers, drysalters, oilmen, &c. suchard's (striks;) cocoa is best and yields most grand prix—pasis alma d 0 n kz if i ..‘4';', .13ran-07 \-"
cocoa,1900,1,3292,912,5.557,True,"...s the original cocos, and • speciality, being distinguished fronl all others by its invigorating nutritious qualities and its delicious flavour. this cocoa, con. tabling as it doer all the substa"
cocoa,1900,1,3292,913,5.557,True,"...riginal cocos, and a speciality, e.ppsss being distinguished from all others by its invigorating nutritious qualities and its delicious flavour. this cocoa. con- as it does all the substance of t"
cocoa,1900,1,3292,914,5.5578,True,cadbury's is the only absolutely pure cocoa no other is made in the cadbury way. it is more than a drink —an excellent food and its regular use is conducive to good health and bodily vigour.
cocoa,1900,1,3292,915,5.5585,True,the' most nutritious. epps's gra teful—comtorting. cocoa breakfast—supper. local postal information. beverley post office.
cocoa,1900,1,3292,916,5.5587,True,"the most economical way of buying cocoa is to buy for quality. mazawattee cocoa is the highest quality ever attained in cocoa, and in use it goes twice as far as ordinary cocoas. mazatt:"
cocoa,1900,1,3292,917,5.5588,True,"er 111. s grateful-comforting, cocoa the most nutritious and economical"
cocoa,1900,1,3292,918,5.5589,True,"a shield n.b.—cocoa is strongest when pure, but if treated with alkali as in dutch and some english cocoas a dark coloured article is produced, which appears stronger to..."
cocoa,1900,1,3292,919,5.5598,True,"the original cocoa for breakfast and supper. buy a packet at once and you will continue,"
cocoa,1900,1,3292,920,5.5599,True,"you • al 114 -10/111w. t 004114 pedruiller,l §er van nouten's cocoa is always first. first in the opinion of the highest medical authorities on account of its purity, great nutritive value and the eas"
cocoa,1900,1,3292,921,5.5602,True,the most nutritioug. epps's grateful-comforting. cocoa a r ea kfast—su ppeil t_
cocoa,1900,1,3292,922,5.5602,True,the most nutritious. epps's grateful—comforting. cocoa breakfast—sup—per.
cocoa,1900,1,3292,923,5.5603,True,"mazawattee cocoa is even superior to them —greatly superior indeed. with such a coool you soon realize what cocoa really is, awl means, and should be."" gordon 'tables..."
cocoa,1900,1,3292,924,5.5603,True,"mazawattee cocoa is not only pure but very strong, so you will not require so much of it as of ordinary cocoas. hitherto we have had few, if any, such good cocoas as ..."
cocoa,1900,1,3292,925,5.5604,True,the most nutritious. epps's grateful—commisting. cocoa breakfast a :d sjpi er.
cocoa,1900,1,3292,926,5.5606,True,"cocoa is so much money saved. you need barely half-a- spoonful to make a strong cup of this cocoa, and even then it is found too strong for some people. th..."
cocoa,1900,1,3292,927,5.5607,True,"mazawattee cocoa is not only pure but, very strong, so you will not require so much of it as of ordinary cocoas. liitbertl we have hid few, if any, such good cocoas a..."
cocoa,1900,1,3292,928,5.5611,True,"(4:. 9 'r>.ta ir being distinguished from all others by its invigorating nutritious qualities and its delicious flavour. this cocoa, con- taining as it does all the substance of the cocoa nib, maintai"
cocoa,1900,1,3292,929,5.5613,True,"addury's is as pure ‘-.. • ..,. as it is good. 1 amid cocoa concoctions--- the added ingredients in such mixtures are mostly cheapening 44, -n substances that either diminish •*.- or neutralize the na"
cocoa,1900,1,3292,930,5.5613,True,"epps's being distinguished from all others by its invigorating nutritious qualities and its delicious flavour. this cocoa, con- taining as it does all the substance of the cocoa nib, maintains its lea"
cocoa,1900,1,3292,931,5.5613,True,"epps's being distinguished from all others by its invigorating nutritious qualities and its delicious flavour. this cocoa, con- taining as it does all the substance of the cocoa nib, maintains its lea"
cocoa,1900,1,3292,932,5.5614,True,egef.s's cocoa a delicion—s drink awl a sustaining fro
cocoa,1900,1,3292,933,5.5616,True,"e u,,,. ~ ~. ~. being distinguished from all others by its invigorating nutritious qualities and its delicious flavour. this cocoa, con- taining as it does all the substance of the cocoa nib, maintain"
cocoa,1900,1,3292,934,5.5621,True,"ep s's being distinguished from all others by its invigorating nutritious qualities and its delicious flavour. this cocoa, con- taining as it does all the substance of the cocoa nib, maintains its lea"
cocoa,1900,1,3292,935,5.5625,True,"ak,t, 4; is true economy to use woman's realm, photographic notes. no other cocoa goes so far. no other cocoa has such strength and exquisite flavour. the cocoa you will enjoy. tug ot a very snort kha"
cocoa,1900,1,3292,936,5.5626,True,"the original cocoa, and a speciality, e ~,t, • being distinguished from all others by its invigorating nutritious qualities and its delicious flavour. this cocoa, con- ..."
cocoa,1900,1,3292,937,5.5626,True,the most nutritious. epps's grateful—comforting. cocoa breakfast—supper. worth a guinea a box.
cocoa,1900,1,3292,938,5.5637,True,"tne.original cocoa, and a speciality. epps's being distinguished from all others by its invigorating nutritious qualities and its delicious flavour. this cocoa, con- ta..."
cocoa,1900,1,3292,939,5.5639,True,cocoa the best form of cocoa for every-day use. stockton heath. annual band or hope meitogi.—the tenth animal meeting and concert in connection with the hi...
cocoa,1900,1,3292,940,5.5642,True,"epps's cocoa is an admirable food, the nicest and most nutritious beverage for the breakfast table. it is made in a moment with boiling water or milk, and its sus..."
cocoa,1900,1,3292,941,5.5643,True,"stone trough brewery, halifax. cadbury's cocoa absolutely pure therefore best. 1r- 111 vs stood the test 00 time. -see ""the standard of highest purity.""—the lancet. ""the typical cocoa of english m..."
cocoa,1900,1,3292,942,5.565,True,"cadbury cocoa is an absolutely pure article can- not be controverted in view of the results of analysis which, in our hands, this excellent article of food has yie..."
cocoa,1900,1,3292,943,5.5662,True,cocoa bre a kfast- su pper. bifurcated rivets (thomson's patent).
cocoa,1900,1,3292,944,5.5664,True,"no breakfast table complete without epps's grateful-comforting. cocoa the most nutritious and economical,."
cocoa,1900,1,3292,945,5.5665,True,the most nutritious. epps's grateful-comforting. cocoa breakfast and supper.
cocoa,1900,1,3292,946,5.5665,True,the most nutritious. epps's grateful-comforting. cocoa breakfast and supper.
cocoa,1900,1,3292,947,5.5665,True,the most nutritious. epps's grateful-comforting. cocoa breakfast and supper.
cocoa,1900,1,3292,948,5.5668,True,"epps' being distinguished from all others by its invigorating nutritious qualities and its delicious flavour. this cocoa, con- rtaining as it does all the substance of the cocoa nib, maintains its lea"
cocoa,1900,1,3292,949,5.567,True,"cad se ury's cocoa 1 is refreshing, invigorating, and perfectly pure, containing all the full nourishing properties of the cocoa bean, without admixture of any kind. ca..."
cocoa,1900,1,3292,951,5.5675,True,"...ong lure. ""dothnal groan people don't live to be 90 unleisi they are in the workhouse,"" saki dr. wynn westooft at an inquest on mon- day. a choice of cocoa either the nest nutritious end"
cocoa,1900,1,3292,952,5.5676,True,"...ished from se others by its invigorating nutritious qualities and its delicious flavour. this cocos, con- taining as it does all the substance of the cocoa nib, maintains its "
cocoa,1900,1,3292,953,5.5677,True,"cocoa the best form of cocos for every-day use. printed and published by the proprietor, george james marks, at his printing works, market square, ripon, i..."
cocoa,1900,1,3292,954,5.5679,True,"9 h a if; c*-coa cadbuy's cocoa is ""the standard of highest purity"" (so the lancet says), because it contains all the health-giving properties of the cocoa bean in the most easily a..."
cocoa,1900,1,3292,955,5.5684,True,"a branch for colne. n""- ii 59 • •it• al= •., ft, ••'3, 05;:, -• ....,.:i.'' • s • ~• ire bury's cocoa is: liebig, says: von food, as wholesome as delicious, a beneficent restorer of exhausted ity must"
cocoa,1900,1,3292,956,5.5684,True,"dr. andrew wilson, says:--"" cocoa in itself is an amnia and nutritious food."" cadbury% is cocoa--and the best cocoa only."
cocoa,1900,1,3292,957,5.5686,True,"the your day houten's cocoa at breakfast time. it is a nourishing and delicious beverage, stregth.ening the body for the coming fatigues of the day, and fortifying the nerves ag..."
cocoa,1900,1,3292,958,5.569,True,"is proznotcd by taking adbury's cocoa regularly either with or between meals meals it is a safe, refreshing, and i'ivlv.::!tilitlmmerrata% for the year round. cadbury's cocoa is an invalu..."
cocoa,1900,1,3292,959,5.5703,True,the most nutritious. epps's cocoa breakfast—super. wasanin
cocoa,1900,1,3292,961,5.5706,True,"the most nutritious epps's grateful-com forti ng. cocoa and s,i-pefl"
cocoa,1900,1,3292,962,5.572,True,the most nutritious. ep ps's grateful-comfort ng. cocoa breakfast--sufpe r. london. kc..
cocoa,1900,1,3292,963,5.5724,True,"mazawattee cocoa this delicious beverage has proved its value, and estab- lished a reputatlin for purity and wholesornernlss never before attained. the whole secret o..."
cocoa,1900,1,3292,964,5.5726,True,the best for children. the extremely nourishing qualities and exquisite natural flavour of van tiouten's cocoa recommend it for children as well as for adults. it is a powct-ful aid in promoting the g
cocoa,1900,1,3292,966,5.5728,True,"the original cocoa, and a speciality, epps's being distinguished from all others by its invigorating nutritious qualities and its delicious flavour. this cocoa. con- ta..."
cocoa,1900,1,3292,967,5.5737,True,"cocoa: the valuable pro- perties of the finest cocoa are well known. kola of extraordinary sustaining properties, pre- venting undue fatigue or exhaustion ..."
cocoa,1900,1,3292,969,5.5739,True,"74""aftniu.. abbury9s i; the stanbarb cocoa of yighest purity.""— the lancet. delicious & unadulterated. soothing & sustaining. ""messrs. cadbury's famous cocoa is a nutritious, agreeable, and ea..."
cocoa,1900,1,3292,970,5.5753,True,"cocoa. it is true economy to use no other cocoa goes so far. no other cocoa has such strength and exquisite flavour. 11,4;1 iinii .. 11111 joilmilliohil,ru..."
cocoa,1900,1,3292,971,5.5757,True,"stone trough brewery, halifax. cadbury's cocoa absolutely pure therefore best. ow fka.s stood the test of time. -in ""the standard of highest purity.""—the lancet. ""the typical cocoa of english manu..."
cocoa,1900,1,3292,972,5.5767,True,"smon cocoa a t.itiziment to ilb. beef or ten cups of cocoa anil is absolutely free from chemicals. igestion, braces the nerves, invigorates the system. in tins ..."
cocoa,1900,1,3292,973,5.5769,True,"fie- ni ‘4, ~. •,....: „.. cocoa 1 is a most valuable beverage for the young, and does splendid service in building up the constitution. ""health"" says it bui!ds up muscle and bodily ..."
cocoa,1900,1,3292,974,5.577,True,cocoa the beat form of cocoa for every-day use. 1
cocoa,1900,1,3292,976,5.5789,True,the most nutritious. epps's grateful-comforting. cocoa ersaicfast and bupper.
cocoa,1900,1,3292,977,5.5792,True,"totals 164 23.70 1-97 lees w. gregson, f.g.s. cadbury's cocoa can always be relied upon for its purity. adulterated cocotte are risky and should always be avoided. cadbury's cocoa is highly beneficial"
cocoa,1900,1,3292,978,5.5793,True,epps's grateful gomforting. cocoa 10 10 10 2 6 4 10 stutk 100 stook 100 40 10 the mont nutritious and economical.
cocoa,1900,1,3292,979,5.5795,True,"nazi i imeadediar. go. —.i at alhonmilim flouri.h .r. (tardy umbrusted ""ling upright- dymbrough, latariba cocoa which, while reprc,ent:ng the highest attainable quality in cocoa is no dearer price tha"
cocoa,1900,1,3292,980,5.5799,True,"i r r r for the children. 00 0 0 cadbury's cocoa the lancet (august 9th, 1902) says: ""cadbury'. cocos undergoes no method oftrestment by which foreign sulbstanees are introduced."" parents when punka..."
cocoa,1900,1,3292,981,5.5809,True,"""plasmon cocoa contains all the constituents able to support life."" lancet. dic,estion. braces the nerves. s refreshing t sleep. cogol * analysis. e: cocoa .. 63 pr..."
cocoa,1900,1,3292,982,5.5812,True,van o ten e the superior quality of van houten's cocoa has won for it the foremost place among the cocoas of the world. it is pure cocoa—cocoa in its best and truest form—a perfect beverage for breakf
cocoa,1900,1,3292,983,5.5818,True,the most nutritious. epps's _ grateful—comiorting. cocoa ikea kfe ;&—supp•r— i
cocoa,1900,1,3292,984,5.5829,True,epps's gratefui cocoa the most nutritious and economical
cocoa,1900,1,3292,985,5.5841,True,no breakfast table colaplete without epps's grateful-comforting. cocoa the most nutritious and economical
cocoa,1900,1,3292,986,5.5842,True,"epps's being distinguished from all others by its invigorating nutritious qualities and its delicious flavour. this cocoa, con- taining as it does all the substance of the cocoa nib, maintains its lea"
cocoa,1900,1,3292,987,5.5844,True,"epps's _ being distinguished from all others by its invigorating nutritious qualities and its delicious flavour. this cocoa, con- taining as it does all the substance of the cocoa nib, maintains its l"
cocoa,1900,1,3292,988,5.585,True,"van houten's cocoa know how good it is to drink and how economical it is in use. if you have not tried it buy a new 6d tin, you w.ill get 25 cups out of it. make it wit..."
cocoa,1900,1,3292,989,5.585,True,"mazawattee cocoa simply soothes, aid the user of it is insured of all the benefit—which is very great —that can be derived fro n the action on the system of a bsverag..."
cocoa,1900,1,3292,990,5.5853,True,"e -.4 ~..-, ,-,1 5v' --- 4 being -,..iistirrrilghed from all others by its invigoruting nutri ties shad its delicious flavour. this cocoa, oontaining as it does all the substance of the cocoa nib, mai"
cocoa,1900,1,3292,991,5.5854,True,"the original cocoa, and a speciality. epps's being distinguished from all others by its invigorating nutritious qualities and its delicious flavour. this cocoa, con- ta..."
cocoa,1900,1,3292,992,5.5856,True,"s cocoa for work ng people. ""the civil service gazette"" says: ""cadbury's is the finest example of cocoa manufacture—absolutely pure, and essentially the food..."
cocoa,1900,1,3292,993,5.5857,True,"epps's being distinguished from all others by its invigorating nutritious qualities and its delicious savour. this cocoa, con- taining as it does all the substance of the cocoa nib, maintains its lead"
cocoa,1900,1,3292,994,5.5864,True,"epps's cocoa -- it forms a welcome delicacy for the morning and evening meal. a fragrant, delioloue, and most healthful beverage. as a food for quite young childr..."
cocoa,1900,1,3292,995,5.5865,True,"the most nutritious epps's grateful-comfortmg. cocoa breaafast and supper. shrewd, basines-like go-ahead people are uever slow to advertise in the beet mediums."
cocoa,1900,1,3292,996,5.5867,True,epps's cocoa a delicious drink and a sostalsdag rood.
cocoa,1900,1,3292,997,5.5871,True,0000 a the best form of cocoa for every-day use.
cocoa,1900,1,3292,998,5.5874,True,"i, ~ sat in ac, with cocoa insti of a pie; to avoid indiges just take my sug ""van houten's the cocoa to"
cocoa,1900,1,3292,999,5.5875,True,"fact versus fiction. the fiction is that another cocoa is ""as good as van houten's."" the fact is there is not another cocoa to equal van houten's. in every market in the world it is the standard by wh"
cocoa,1900,1,3292,1000,5.5882,True,"the original cocas, land a speciality, epps's distingulabod from .11 othere—by its invigornting nutritious qualitlea sad its delicious flavour. this cocoa. con. a. it do os all the subetanee of tit* c"
cocoa,1900,1,3292,1001,5.5889,True,epps's cocoa the most nutattioas eoo/1011114:01.
cocoa,1900,1,3292,1002,5.5891,True,"economy. it-7f a teaspoonful makes a deliclous breakfast ,cup of van houten's cocoa. the same/ quantity of any other cocoa will not give so 'good a result either in strength or flavour. try a 6d tin i"
cocoa,1900,1,3292,1003,5.5892,True,sabden. rforaoaxs.—the operatives resumed work yester- day (thursday) morning after being stopped for the holidays. cadburys cocoa. pure—telerefore best. cadbury's coos is gaaran- teed to be absoldtel
cocoa,1900,1,3292,1004,5.5899,True,epps's cocoa choose a cocoa to suit your tote and need. either the most nutritious and strength-divind grateful and comforting. a &diatom. drink and a suetaining ...
cocoa,1900,1,3292,1005,5.5901,True,epps's cocoa the moat nutritious sus noonoinical
cocoa,1900,1,3292,1006,5.5904,True,"lik epps's the original cocoa, and a 8 peciality. being distinguished from all others by its invigorating nutritious quali- ties and its delicious flavour. this cocoa, containing ..."
cocoa,1900,1,3292,1007,5.5905,True,"epps's grateful-comforting. cocoa you will find it the very cocoa you want. an,l,l""'m'"
cocoa,1900,1,3292,1008,5.5911,True,"15 3, r. s s s 4 ‘, 4 cocoa ""first and foremost"" why? it has stood the test of time. why? it is highly beneficial to all, young and old. why? it is ""the typical english cocoa (s..."
cocoa,1900,1,3292,1009,5.5913,True,"e ps's being distinguished from all others by its invigorating nutritious qualities and its delicious flavour. this cocoa, con- taining as it does all the substance of the cocoa nib, maintains its lea"
cocoa,1900,1,3292,1010,5.5927,True,"mazawattee cocoa in plain language, it is all a cocoa, the best of cocoa, and the purest. as to its palatableness and flavour, it will speak for iteelf.""—qoanon stabl..."
cocoa,1900,1,3292,1012,5.5931,True,"p 1 cadbury's cocoa o is an invaluable food, and is guaranteed to be perfectly t 4.4 pure. it is not tampered p with by chemical additions wfor the purpose of giving an ..."
cocoa,1900,1,3292,1013,5.5934,True,epps's cocoa a delicious-- drink and a sustaining food.
cocoa,1900,1,3292,1014,5.5937,True,ep 17 s 5 s grateful-comfort:nm cocoa the most nutritious and econonaical
cocoa,1900,1,3292,1015,5.5938,True,"epps's the oehrbiel cocoa. and a sp•alality. being distinguished from all others by its invigorating nutritious qualities and its delicious flavour. this cocoa, con. tattling ..."
cocoa,1900,1,3292,1016,5.594,True,"p 1 cadbury's cocoa o is an invaluable food, and is guaranteed to be perfectly t 4.4 pure. it is not tampered p with by chemical additions wfor the purpose of giving an ..."
cocoa,1900,1,3292,1017,5.5941,True,c• i 9 c°co4i ii is a delicious invigorating and sustaining food beverage for summer and winter and all the year round. n.b. cocoas treated with alkali and chemicals have a medicinal trent when the ti
cocoa,1900,1,3292,1018,5.5943,True,"epps's cocoa _ is an admirable food, the nicest and most nutritious beverage for the breakfast table. it is made in a moment with boiling water or milk, and its s..."
cocoa,1900,1,3292,1019,5.5964,True,"...•2 -•=.4lllba 'l,llllo !la 0 • 4., 3, * being distinguished from all others b 3 its invigorating nutritious qualities and its delicious flavour. this cocoa, con- taining as it does all the substanc"
cocoa,1900,1,3292,1020,5.5965,True,epps's improved cocoa essence welcome at any hour of the day.
cocoa,1900,1,3292,1021,5.5965,True,"a word to mothers. there is little to choose between cadbury's ab- solutely pure cocoa essence and milk, so closely allied are they in composition. cadbury's cocoa is highly nourishing, and as a daily"
cocoa,1900,1,3292,1023,5.5977,True,the most nutritious. e p ps's grateful-comforting. cocoa sreakfast-suppeo.
cocoa,1900,1,3292,1024,5.5978,True,"dr. andrew wilson, says:--"" cocoa in itself is an amnia and nutritious food."" cadbury% is cocoa--and the best cocoa only."
cocoa,1900,1,3292,1026,5.5993,True,".. ak. a s cocoa _ 9 the lancet says: ""we are glad to find that messrs. cadbury draw atten- tion to the fact that there are strong grounds for objection to the additi..."
cocoa,1900,1,3292,1027,5.6001,True,"fact versus fiction. the fiction is that another cocoa is ""as good as van houten's."" the fact is there is not another cocoa to equal van houten's. in every market in the nyorld it is the standard by w"
cocoa,1900,1,3292,1028,5.6001,True,epps's grateful-ccparonting. cocoa breakfast and supper.
cocoa,1900,1,3292,1029,5.6002,True,"... that imparts mental and bodily vigour, and is comparatively easy of digestion. may be described as a ""pilot to health."" such a beverage is cadbury's cocoa. it is ""staying"
cocoa,1900,1,3292,1030,5.6003,True,"...r or better than _ vi-bocoa"" thousands of men and women eay this. experience has told them that a 6d. packet or 9d. or la. 63. tin of er. tibbles' vi-cocoa is the best value in the wor"
cocoa,1900,1,3292,1031,5.6004,True,"fact versus fiction. the fiction is that another cocoa is ""as good as van houten's."" the fact is there is not another cocoa to equal van houten's. in every market in the world it is the standard by wh"
cocoa,1900,1,3292,1032,5.6005,True,"epps's b•ins distinguished from all others by its invigorating nutritious qualities and its delicious flavour. this cocoa, con- taining as it does all the substance of the cocoa nib, maintains its lea"
cocoa,1900,1,3292,1033,5.6012,True,"the same quantity of each be used, the superiority of mazawattee cocoa is so marked that it can be instantly detected blindfold. there- fore, put a common-sense fact to a common-sense test, and establ"
cocoa,1900,1,3292,1034,5.6019,True,strong children. children grow strong on cadbury's cocoa because it contains in a generous measure those food elements that are essential to health and good physical condition. it possesses the combin
cocoa,1900,1,3292,1035,5.6023,True,the most nutritious. ep ps's grateful-comforting. cocoa ireakfast_su p pr
cocoa,1900,1,3292,1036,5.6024,True,"being distinguished from all others by its invigorating nutritious qualities and its delicious flavour. this cocoa, con- taining as it does all the substance of the cocoa nib, maintains its leading po"
cocoa,1900,1,3292,1037,5.6027,True,"...original caeca, and a speciality, eppsys being distinguished from all others by its invigorating nutritious qualities and its delicious flavour. this cocoa, con- taming as it does all the substanc"
cocoa,1900,1,3292,1038,5.6028,True,"cocoa ..• ministers to the physical requirements of young and o!ci in an eminent degree. 'health"" says— ""cadbury's cocoa possesses in a remarkable degree t..."
cocoa,1900,1,3292,1039,5.6032,True,"notic.. a meeting of tbe football club on monday at 7.30 p.m. all interestea requeated to attend. cadbury's cocoa, is abamlutely pure and it therefore he beat cocoa. it is a refreshing stimulaticg dri"
cocoa,1900,1,3292,1041,5.6036,True,".44 • t• • 14*.tk v.:44 s. r• being distinguished from all others by 1.--t-s-in-vigorating nutritious qualities and its delicious flavour. this cocoa, con- taining as it does all the substance of the "
cocoa,1900,1,3292,1042,5.6037,True,",04""'""; 1,0"" h .-, i,' )1': 1. ~,,,,, 4, av o' eittftt— highest purity"" l cocoa alone is an excellent food as well as a stimulant, having a salutary action upon the nerve centres"" • _ _li-: v----j the"
cocoa,1900,1,3292,1043,5.604,True,"how jot to co it. one evening t had supper at the house of a young friend who was married early in june, writes a ise housewife. her method of making cocoa in- terested ing, first, she mixed the dry p"
cocoa,1900,1,3292,1044,5.6045,True,"• g ,174:4, • •••i, • • being distinguished from all others by its invigorating nutritious qualities and its delicious flavour. this cocoa, con- taining as it does all the substance of the cocoa nib, "
cocoa,1900,1,3292,1045,5.6045,True,"ci;6iann q:- •aity9 h s cocoa can always be relied upon for its purity. adulterated cocoas are riy and should be avoided. cadm's cocoa tal:pn regularly, is highly beneficial to yo..."
cocoa,1900,1,3292,1046,5.605,True,"41, ,4.4.41ry9s 011•111.1c:3, • cocoa a delicious, refreshing drink. a healthful, sustaining food. absolutely pure therefore lest. the perfect purity of cadbury's cocoa— a strong point wi..."
cocoa,1900,1,3292,1047,5.6051,True,"mazawattee cocoa money put in your pocket ab the result of using is so much money saved. you need barely half-a- spoonful to make a strong cup of this cocoa, and even..."
cocoa,1900,1,3292,1048,5.6052,True,fortifted by mazawattee cocoa yera call lace the prevailing cold weather with impunity. the hest-producing elements contained in this pure cocoa are most pro- nouncod. it also for...
cocoa,1900,1,3292,1049,5.6059,True,cidwv!d; owa is a delicious invigorating sustaining food beverage for summer and winter and all the year round. n.b. cocoas treated with alkali and chemicals have a medicinal scent when the tin or pac
cocoa,1900,1,3292,1050,5.6066,True,1142 most nutritious cocoa. ep ps' grateful-cora fortino. cocoa pe breakfast nw suppiul
cocoa,1900,1,3292,1051,5.6073,True,"...he original cocos, and a speciality, i • being distinguished from all others by its invigorating nutritious qualities and its delicious flavour: this cocoa, con- taining as it does all the substance "
cocoa,1900,1,3292,1052,5.6073,True,"epps's being distinguished from all others by its invigorating nutritious qualities and its delicious flavour. this cocoa, con- taining as it does all the substance of the cocoa nib, maintains its lea"
cocoa,1900,1,3292,1053,5.6082,True,economy. half a teaspoonful makes a delicious breakfast cup of van houten's cocoa the same quantity of any other cocoa will not give so good a result either in strength or flavour. try a 6d tin it wil
cocoa,1900,1,3292,1054,5.6083,True,"how cocoa is prepared. the ma.nufacrture of chooolate and cocoa. is an interesting study, and one which all housekeepers will be interested in. both a.re made ..."
cocoa,1900,1,3292,1055,5.6083,True,rowntree's explanation. the diagrams in the press and on the holrdings showing the phenomenal increase in the sale of rowntree's elect cocoa have aroused widespread interest. that the consumption of c
cocoa,1900,1,3292,1056,5.6083,True,"111'111111111 coo is not equalled in quality by any other cocoa whatsoever. it is no ri as so many ordinary cocoas are, a tinned concoction with a label to it, with almost as much adulterant as cocoa "
cocoa,1900,1,3292,1057,5.6087,True,the best form of cocoa for every-day use. is position will not look particularly: inviting to the ordinary player but it is not nearly so difficult as it appears. the in-of...
cocoa,1900,1,3292,1058,5.609,True,mazawattee cocoa you have a foal lioveraito 1 supremo re- tinement. tho speoial prisieis employed in its manufacture has hoem so eminently ric- -11..f111 that all the...
cocoa,1900,1,3292,1059,5.61,True,"'it is able to support life."" --lancet. one cup ilikk of in o cocoa contains more nourishment than 10 cups of any ordinary cocoa, and is absolutely fru from chemicals. in tins, 9d. is. 4d., & 2a. 6d. "
cocoa,1900,1,3292,1060,5.6102,True,"ep p s's grateful—comforting. cocoa i""an excellent food, admirably adapted to the wants of infants."" 'iipc sir chas. a. cameron, c.d., m.d.; ea-i-ws:jen!' of the iflcollege s;drgeou, /r..."
cocoa,1900,1,3292,1061,5.6112,True,rowntree's explanation. the diagrams in the press and on the hoardings showing the phenomenal increase in the sale of rowntree's elect cocoa have aroused widespread interest. that the consumption of c
cocoa,1900,1,3292,1062,5.6117,True,e ps's grateful-comforting. cocoa the most nutritious and economical.
cocoa,1900,1,3292,1063,5.6122,True,"yankee humour ""bury's cocoa is a c most valuable beverage for"
cocoa,1900,1,3292,1064,5.6123,True,"ottigl •' • cocoa a is a most valuable beverage for the young, and does splendid service in building up the constitution. ""health"" says it builds up muscle and bodily ..."
cocoa,1900,1,3292,1065,5.6131,True,the most nutritious. epps's grateful—comf—orting. cocoa brea k fast—su p per- sa2o.mol
cocoa,1900,1,3292,1066,5.6135,True,e 9 ok grateful-comforting. cocoa the most nutritious and economical.
cocoa,1900,1,3292,1067,5.6139,True,"van tiouterfs coc • try it. it is a pure soluble cocoa with a delicious natural flavour which you cannot fail to enjoy. ""pure and unmixed.""—the lancet. ""perfect in flavour. pure and well prepared."" —b"
cocoa,1900,1,3292,1068,5.6143,True,"linos mous 00001, awarded the grand prize, at the paiiis exhibition, 1900. strengthening! fourishing invigorating llptons grow their own cocoa, which is shipped direct from their plantations to their "
cocoa,1900,1,3292,1069,5.615,True,raati)w oc°ct 4'7-ipq is a delicious invigorating and sustaining food beverage for summer and winter and all the year round. n.b. cocoas treated with alkali and chemicals have a medicinal fc mt when t
cocoa,1900,1,3292,1070,5.6152,True,"fact versus fiction. the fiction is that another cocoa is ""as good as van h ou ten's."" the fact is there is not another cocoa to equal van llouten's. in every market in the world it is the standard by"
cocoa,1900,1,3292,1071,5.6172,True,"epps's grateful-comforting. cocoa breakfast-supper- the excellence of bovril and it great superiority, arise from the fact that it contains the nutritive pro. perties a beef as well a..."
cocoa,1900,1,3292,1073,5.6186,True,"epps being distinguished from all others by its inviqorating nutritious qualities awl its delicious flavour. this cocoa, con- taining as it does all the substance of 4 h cocoa nib, maintains its leadi"
cocoa,1900,1,3292,1075,5.6192,True,no bl•eafast table complete without e ps's grateful-comforting. cocoa the most nutritious and economical.
cocoa,1900,1,3292,1076,5.6195,True,"fact versus fiction. the fiction is that another cocoa is ""as good as van houten's."" the fact is there is not another cocoa to equal van houten's. in c\-l-ry market in the world it is the standard by "
cocoa,1900,1,3292,1077,5.6204,True,"cocoa a fragrant, delicious. end most healthful beverage. echo op the election orange member wllo supported mr. snowden."
cocoa,1900,1,3292,1078,5.6204,True,"what a silver sixpenc2 will do! it will mali) ll' \ .1)y, fortify i""gu \ t coug colds, and inf i.i:enz x, and save doctor's bills. dr tibble's vi-cocoa is in no sense a medicine, neither is it a mere "
cocoa,1900,1,3292,1079,5.6209,True,ti-ic most nutritious e grateful-comforting. cocoa breakfast and supper. .1.•
cocoa,1900,1,3292,1080,5.6211,True,epps's gratefu l-com forti ng. cocoa the most nutritious and economical. 2iivl
cocoa,1900,1,3292,1081,5.6214,True,"stone trough brewery, halifax. cadbu ry's cocoa absolutely pure therefore best. ter- imils swoon pti-ie test op time. -09 ""the standard of highest purity.""—the lancet. ""the typical cocoa of english..."
cocoa,1900,1,3292,1082,5.6217,True,"e which represents cocoa in the highest attainable form, made from the finest cocoa beans the world produces, prepared by more refined methods than cocoa was eve before submi..."
cocoa,1900,1,3292,1083,5.6217,True,e s grateful-comforting. cocoa the most nutritious and economical.
cocoa,1900,1,3292,1084,5.622,True,"ou 'lts best for breakfast. rich in nutritive and stimulating properties, van houten's cocoa is readily assimilated, building up the body and supplying force and vigour for the day's work."
cocoa,1900,1,3292,1085,5.6223,True,"epps's the original cocoa for breaknst and sapper. the finest flavoured. and most nutritious, the best suited for all agee and elegem the greatest invigorator for the fagged."
cocoa,1900,1,3292,1086,5.6225,True,the most nutritious epps's grateful—comforting. cocoa tye& c
cocoa,1900,1,3292,1087,5.6229,True,"e p • • s being distinguished from all others by its invigorating nutritious qualities and its delicious flavour. this cocoa, con- taining as it does all the substance of the cocoa nib, maintains its "
cocoa,1900,1,3292,1088,5.6238,True,"c 1 ~... a e i, • c -i.'• k. ..„, cocoa it is an exceedingly nourishing food beverage possessing all the essentials necessary for the sustenance of the body. highly beneficial to young ,t 4..."
cocoa,1900,1,3292,1089,5.6243,True,"mazawatiee cocoa unrivalled for strength, purity and richness. write ""mazawattee,"" london. for particulars of prize scheme."
cocoa,1900,1,3292,1090,5.6244,True,epps's cocoa a delicious- drink and a sustaining food.
cocoa,1900,1,3292,1091,5.6249,True,"~. • j.tiii, .:s s 5 being distinguished from all others by its invigorating nutritious qualities and its delicious flavour. this cocoa, con- taining as it does all the substance of the cocoa nib, mai"
cocoa,1900,1,3292,1092,5.6253,True,"""i really must use vi-cocoa."" thousands of men and women, after reading the particulars published respecting the merits of dr. tibbles' vi-cocoa, have been induced to be- come r..."
cocoa,1900,1,3292,1094,5.6266,True,"...original cocos, and a speciality, e•ps's being distinguished from all others by its invigorating nutritious qualities and its delicious flavour. this cocoa. con- taining as it does all the substan"
cocoa,1900,1,3292,1095,5.6266,True,mazawattee cocoa will be fun l equally palatahle. ry spec:al methods of manufacture no part of tios nutritive elements of tile cow' beanie bet and the manufacturing s...
cocoa,1900,1,3292,1096,5.6267,True,"mazawattee cocoa le even superlor to them —greatly superior indeed. with such a cocoa you soon realize what cocoa really is, and means, and should be."" gordon -tables..."
cocoa,1900,1,3292,1098,5.628,True,"... or. better than yi:coc,oa"" 'thousande of men and women tay this. experience has told them that • 64. packet or 9d. or la. 64. tin of dr. tibbles' vi-cocoa is the best vale° in the wor"
cocoa,1900,1,3292,1099,5.628,True,"cadbury's c vci..':: ;: the medical magazine says ""the favourite cocoa of the day. for strength, purity, and nourishment,there is nothing superior to be found.- caibury's is cocoa an the best cocoa on"
cocoa,1900,1,3292,1100,5.6281,True,"...ps's the °menet cocos. nod a speciality. being distinguished from all others by its invigorating nutritious qualities and its delicious flavour. this cocoa, con. mining as it does all the substance "
cocoa,1900,1,3292,1102,5.6298,True,"...iginal cocos, and a speciality, epps's being distinguished from all others by its invigorating nutritious quali- ties and its dwlicious flavour. tnis cocoa, containing as it does all the substan"
cocoa,1900,1,3292,1103,5.6306,True,the most nutritious. epps's grateful-comforting. cocoa diieakfast and supper. chain mi
cocoa,1900,1,3292,1104,5.6307,True,first and foremost. cadbury's cocoa comes first among food beverages because it is very closely allied to milk in its composition. there is really little to choose between cadbury's abs...
cocoa,1900,1,3292,1105,5.6309,True,"tn. original cocoa. and a speciality. e p ps 9s being distinguished from all others by tin invigorating nutritious qualities and its delicious flavour. this cocoa, con-..."
cocoa,1900,1,3292,1106,5.6318,True,the most nutritious. epps's grateful-comforting. cocoa breaititait and supper.
cocoa,1900,1,3292,1107,5.6318,True,"11.. • osp' s .„1 7ip zo. being distinguished from all others by its invigorating nutritious qualities and its delicious flavour. this cocoa, con- taining as it does all the substance of the cocoa nib"
cocoa,1900,1,3292,1108,5.6318,True,"cadbury's coco the medical magazine says: ""the favourite cocoa of the day. for strength, purity, and nourishment,there is nothing superior to be found."" caibury's is cocoa an the best cocoa only. the "
cocoa,1900,1,3292,1109,5.6323,True,"cadbury's cocoa, on the testimom so the lane ct ""represents the tandard of highest purity."" it is entirely 'ree from all fo bigt, substances, such as kola, malt, hop..."
cocoa,1900,1,3292,1110,5.6327,True,epps's cocoa you will find it the very cocoa you want.
cocoa,1900,1,3292,1111,5.6328,True,"s p,o46tn, 411111$ s4' -1 lir, i • 54., the best form of cocoa for every-day use."
cocoa,1900,1,3292,1112,5.6331,True,"4 4444'144, 4• ""). • • = the best form of cocoa for every-dr-5- use."
cocoa,1900,1,3292,1113,5.6332,True,no cocoa is pure which contains substances not naturally present in the cocoa bean. many of the so-called cocoas now on sale are merely cocoa preparation. •vi...
cocoa,1900,1,3292,1114,5.6336,True,the most nutritious epps's grateful-comforting. cocoa oasakfast and supper. illimma
cocoa,1900,1,3292,1115,5.6338,True,"epps's the finisinal cocoa, and a speciality. being distinguished from all others by its invigorating nutritious qualities and its delicious flavour. this cocoa, con- taining a..."
cocoa,1900,1,3292,1116,5.6339,True,marple. rams noun muzs. these mills were re- started last week after a stoppage of more than • week for repairs. ladeurt's cocoa. ?lieb—therefore best. csoacrey's cocos is guaran- teed to be absolutel
cocoa,1900,1,3292,1117,5.634,True,"a cocoa you can enjoy, with its rich, pure, natural flavor perfectly developed. a cocoa alike fresh and ref! eshing. a cocoa rich in food value; one that not..."
cocoa,1900,1,3292,1118,5.6341,True,no cocoa is pure which contains substances not naturally present in the cocoa bean. many of the so-called cocoas now on sale are merely cocoa preparation. •vi...
cocoa,1900,1,3292,1119,5.6341,True,epps's orateful-oomforting. cocoa you will find it the very cocoa you want.
cocoa,1900,1,3292,1120,5.6343,True,"cadbury' is cocoa, and the best cocoa only. ""for strength pu.city and nourishment there is no'ihing superior to be found medical alagazine. el"
cocoa,1900,1,3292,1121,5.6348,True,"... expense of every worker is for food. to get more food for less money means money in your pocket. you can get more food for less money out of -10- id cocoa .iole ar- cocoa ""00111 r than in"
cocoa,1900,1,3292,1122,5.635,True,"(to be concluded.) canntinv's cocoa has a vowl,i-vvicie reputation at a deli emus, etrenwthrning beveng,-. a..d a valuabie nutritive to d the ""i...ettot"" ba3s it represfuts the 3t indar..."
cocoa,1900,1,3292,1123,5.6368,True,"the original cocoa, and a speciality, r,• being distinguished from all ethers by its invigorating nutritious qualities and its delicious flavour. this cocoa, con- taini..."
cocoa,1900,1,3292,1124,5.6371,True,first and foremost. cadbury's cocoa comes first among food b7erz.tges because it is very closely allied to milk in its composition. there is really little to choose between cadbury's ab...
cocoa,1900,1,3292,1125,5.6373,True,epps's cocoa the most nutritious sed noonoutical
cocoa,1900,1,3292,1126,5.6377,True,"...runcorn supporter. mr. a. e. penny, 5, wellington-street, runcorn. writing on the 27th september ic-09 says :—"" i have been a user of dr. tibbles' vi-cocoa for this last eiot years or more "
cocoa,1900,1,3292,1127,5.6379,True,"t 7,17- ""14 x': 0,14 'rolgo r • being distinguished from all others by its invigorating nutritious qualities and its delicious flavour. thin, cocoa, con- taining as it does all the substance of the co"
cocoa,1900,1,3292,1128,5.6383,True,c 1111 coodtt ill is a delicious invigorating and sustaining food beverage for summer and rinter and all the year round. n.b. cocoas treated with alkali and chemicals have a medicinal scent when the t
cocoa,1900,1,3292,1129,5.6391,True,the most nutritkmis. epps's orate ftil -00/sport ino. cocoa 11.11aiwast- suppiii
cocoa,1900,1,3292,1130,5.6391,True,"...s, and a speciality. ____ epps's ...._ being distinguished from all others by its invigorating nutritious qualities and • its delicious flavour. this cocoa, con- taining as it does al"
cocoa,1900,1,3292,1131,5.6396,True,"to suit your taste. or, a lighter and thinner irish, refreshing and stimulating. epps's cocoa essence welcome at any hoot ot the day. i"
cocoa,1900,1,3292,1132,5.6398,True,"a friend of the family! introduce van houten's cocoa into the home. it will soon become a friend of the family! orintsa aaci pubbarvti i,: art* on p ickiss in g. for •,1), prnoriataaa. ""atlas& road, m"
cocoa,1900,1,3292,1133,5.6407,True,"...utied from all others by its invigorating nutritious qualities and its delicious flavour. this cocos. con- taming as it does all the substance of the cocoa nib, maintains its le"
cocoa,1900,1,3292,1134,5.6408,True,"tim most nutritious cocoa. e p p s's grateful-comforting. cocoa yid slue,—,••"
cocoa,1900,1,3292,1135,5.6409,True,"the original cocoa, and a speciality, „, • ui).. ,ar."".: being distinguished from all others by its invigorating nutritious qualities and its delicious flavour. this co..."
cocoa,1900,1,3292,1136,5.641,True,"the most nutritic,cs epps's grateful-comforting. cocoa linrosikmar mid ouppor."
cocoa,1900,1,3292,1137,5.641,True,"maz awatte e cocoa is a most pleasant experience, and has an invigorating eefect upon the system, which it is impossible to over- rate, this cocoa is a valuable heat pr..."
cocoa,1900,1,3292,1139,5.6421,True,"""i really must-i.'use vi-cocoa."" thousands of man and women, after reading the par- ticulars published respecting the merits of dr. tibbles vi-cocoa,havebeen induced to become regu..."
cocoa,1900,1,3292,1140,5.6427,True,the most nutritious.— epps's grateful—comforting. cocoa lpper. pomo
cocoa,1900,1,3292,1141,5.6428,True,"cadbury's cocoa. absolutely pub.b—thereopore best. cadbury's cocoa is guaran- teed to be absolutely pare, and is therefore the beet cocoa. it is at once a refreshing..."
cocoa,1900,1,3292,1142,5.643,True,strong children. children grow strong on cadbury's cocoa because it contains in a generous measure those food elements that are essential to health and good physical condition. it possesses the combin
cocoa,1900,1,3292,1143,5.643,True,"41, ,4.4.41ry9s 011•111.1c:3, • cocoa a delicious, refreshing drink. a healthful, sustaining food. absolutely pure therefore lest. the perfect purity of cadbury's cocoa— a strong point wi..."
cocoa,1900,1,3292,1144,5.6434,True,"...the nicest and most nutritleas beverage for the breaktsat table. it is made in a moment with boiling water or milk. and, it. gostaining qualities ere cocoa invaluablo ai"
cocoa,1900,1,3292,1145,5.6442,True,"the original cocoa, and a speciality. eppws distinguished from all others by its invigorating nutritious qualities and delicious flavour. it contains all the substance ..."
cocoa,1900,1,3292,1146,5.6462,True,radblagat 1! cocoa 111 for summer and winter and all the year round. n.b. cocoas treated with alkali aid chemicals have a medicinal re.!nt when the tin or packet is 1. ...
cocoa,1900,1,3292,1147,5.6463,True,"3 s being distinguished from all others by its invigorating nutritious qualities and its delicious flavour. this cocoa, con- taining as it dips all the substance of the cocoa nib, maintains its leadin"
cocoa,1900,1,3292,1148,5.647,True,"epps's being distinguished from all othersby na invigorating nutritious qualities and its delicious flavour. tins cocoa, con- taining as it does all the sabstans• of tins cocos nib, maintains its lead"
cocoa,1900,1,3292,1150,5.6471,True,"ti ri; 411 4711 aktea,4, tom cocoa is absolutely pure— most refreshing, invigorating, and sustaining, guy's hospital gazette says: ""from practical experience we can say that it possess..."
cocoa,1900,1,3292,1152,5.6502,True,"""i really must use vi-cool"" thousands of men and, women, after reading the particulars published respecting the merits of dr. tibbles' vi-cocoa, have been induced to become regular drinkers of this po"
cocoa,1900,1,3292,1153,5.6503,True,e grateful—comforting. cocoa a delicious— drink and a sustaining food.
cocoa,1900,1,3292,1154,5.6509,True,"es 9 s being distinguished from all others—by its invigorating nutritious qualities and its delicious flavour. this cocoa, con- taining as it does all the substance of the cocoa nib, maintains its lea"
cocoa,1900,1,3292,1155,5.651,True,"... part to some extent deals with the once notorious ""three whips,"" loeming lane. cadbury's coco& can slways be relied upos lot :te purity. adulterated cocoas are risky "
cocoa,1900,1,3292,1156,5.6517,True,"edirvzvl i 1 cad du ry's cocoa contains no added starch, alkalies, fir colouring matter, which are often used to disguise poor and inferior cocoas. entirely free from all s i oreig..."
cocoa,1900,1,3292,1157,5.652,True,"...iginal 0000 i,, and a speciality. epps's being distinguished from all others by its invigorating nutritious qualities and its delicious flavour. this cocoa, con- taining as it does all the subst"
cocoa,1900,1,3292,1158,5.652,True,cocoa the best form of cocoa for every-day use. poison in potted meat. whole families ill. one of those strange visitations of wholesale ptomaine poisoning...
cocoa,1900,1,3292,1159,5.6521,True,"""i really must use vs-cocoa."" thousands of men and wollll.ll. after reading the particulars published respecting the merits of lir. tibblcs' vi-cocoa, have been induced to becom..."
cocoa,1900,1,3292,1160,5.6522,True,"epps's grateful—comiorting. cocoa breakfast—supper. beautiful figure ind improved health obtains, 1411,' de i...,.,..t.., .... f 01) 2 • construrted i movements various t v• * for 7'"
cocoa,1900,1,3292,1161,5.6522,True,"cocoa ..• ministers to the physical requirements of young and o!ci in an eminent degree. 'health"" says— ""cadbury's cocoa possesses in a remarkable degree t..."
cocoa,1900,1,3292,1162,5.6527,True,"...ed from all others by its invigorating nutriticus quazities and its delicious flavour. this coco.-t, con- taining as it does all the substance of the cocoa nib, maintains its l"
cocoa,1900,1,3292,1163,5.6532,True,"... original cocos, and a speciality, ep;'s being distinguished from all others by its invigorating nutritious qualities an! its delicious flavour. this cocoa, con- taimng as it does all the substance"
cocoa,1900,1,3292,1164,5.6537,True,"tit the most economical way of buying cocoa is to buy for quality. mazawattee cocoa is the highest quality ever attained in cocoa, and in use it goes twice as far as ordinary cocoas. mazawattee..."
cocoa,1900,1,3292,1165,5.6552,True,epps's grateful-comforting. cocoa breakfast and 81..pper. syniington's
cocoa,1900,1,3292,1166,5.6557,True,"the original cocoa, and a speciality, epps's being distinguished from all others by its invigorating nutritious qualities and its delicious flavour. this cocoa, con- ta..."
cocoa,1900,1,3292,1168,5.657,True,"n e joy. t a cocoa that is not only the 'or nutritive, sustaining and in- vigorating properties, but one that you can thoroughly enjoy, drink van houten's. it retains t..."
cocoa,1900,1,3292,1169,5.6571,True,"urts cocoa promotes health & strength dr, andrew wilson says: ""cocoa in itself is an excellent and nutritious food and it should be consumed in a perfectly pure..."
cocoa,1900,1,3292,1170,5.6583,True,• 44. • grateful-comforting. cocoa the most nutritious and economical. =nw
cocoa,1900,1,3292,1171,5.6584,True,"i the proof of the beverage is in the drinking. try f: 4,4zrft van outen9 mcoa and you will not be disappointed. it is a pure cocoa with a delicious natural flavour which you cannot fail to enjoy. ""of"
cocoa,1900,1,3292,1172,5.6585,True,rowntree's explanation. the diagrams in the press and on the hoardings showing the phenomenal increase in the sale of rowntree's elect cocoa have aroused widesp cad interest. that the consumption of c
cocoa,1900,1,3292,1173,5.6589,True,"11ie test of time. c, the medical profession counsel the public to choose cadbury's in preference to the many cocoa admixtures. which are sold under the hallle of cocoa. no article of domestic consump"
cocoa,1900,1,3292,1174,5.6589,True,...tary announced that he had received a cornmunication from the warrington labour repre- entation committee asking that a deputation should a choice of cocoa either the mo
cocoa,1900,1,3292,1175,5.6592,True,"...shed from all others by its invigorating nutritious qualities and its delicious flavour. this coco-, con- taining as it does all the substance of the cocoa nib, maintains its lea"
cocoa,1900,1,3292,1176,5.6593,True,"111'111111111 coo is not equalled in quality by any other cocoa whatsoever. it is no ri as so many ordinary cocoas are, a tinned concoction with a label to it, with almost as much adulterant as cocoa "
cocoa,1900,1,3292,1178,5.661,True,coo 4 a the best form of cocoa for every-cle y lze. i
cocoa,1900,1,3292,1179,5.6612,True,e ppsgs orateful-oomforiit4o. cocoa the most nutritious and illconomical.
cocoa,1900,1,3292,1180,5.6622,True,"fact versus fiction. the fiction is that another cocoa is ""as good as van houten's."" the fact is there is not another cocoa to equal van .1 houten's. in every market in the world it is the standard by"
cocoa,1900,1,3292,1181,5.6624,True,epps's grateful—comlorting. cocoa brosidast..supper 609004364
cocoa,1900,1,3292,1182,5.6629,True,nutritious and economical. cocoa &ray oast by nether@ for themselves and their children. who choose it eagerly. vor
cocoa,1900,1,3292,1183,5.6631,True,eppsys grateful-oomfortinc_ cocoa _ you will find it the very cocoa you want.
cocoa,1900,1,3292,1184,5.6634,True,"cocoa the beet form of cocoa tor eir•r7-41$1, sm."
cocoa,1900,1,3292,1185,5.6635,True,"0000 a tbo—boot form of cocoa tor evero-rtav printed and published by j. w roberts, at it ge era! printing and publishing offioe, bridge street, slaithwaite, yorke, fittner, mat 1..."
cocoa,1900,1,3292,1186,5.6636,True,"to suit your taste. or, a lighter and thinner drink, refreshing and stimulating. eppws cocoa essence welcome at any hour of the day."
cocoa,1900,1,3292,1187,5.6638,True,"and the plain and simple fact that mazawattee cocoa is twice the strength of any other british- made cocoa, and goes twice as far, is so stubborn that it cannot possibly be got over. nothing is easier"
cocoa,1900,1,3292,1188,5.6647,True,"epps's being distinguished from all others by its invigorating nutritious qualities and its delicious flavour. this cocoa, con- taining as it does all the substance of the cocoa nib, maintains its lea"
cocoa,1900,1,3292,1189,5.6653,True,"van houten's cocoa know how, good it is to drink and how economical it is in use. if you have not tried it buy a new 6d tin, 25 cups out of it. boiling water; it with"
cocoa,1900,1,3292,1190,5.666,True,"cadbury's cocoa, is absolutely pure and is therefore he best cocoa. it is a refreshing stimulatir.g drink, and nutritious food, contain- ing no foreign substances, s..."
cocoa,1900,1,3292,1191,5.6664,True,"it is not as ordinal cocoas are, treated with the addition d colouring matter, vegetable or mineral, as well as the ground cocoa shell, in quantities varying from twenty to for..."
cocoa,1900,1,3292,1192,5.6684,True,"the original cocoa, and a speciality, epps's being distinguished from all others by its invigorating nutritious qualities and its delicious flavour. this cocoa, con- ta..."
cocoa,1900,1,3292,1193,5.6684,True,"the original cocoa, and a speciality, epps's being distinguished from all others by its invigorating nutritious qualities and its delicious flavour. this cocoa, con- ta..."
cocoa,1900,1,3292,1194,5.6687,True,"e p p s's grateful—comforting. cocoa breakfast—suoper. for sale, brougham in good condition spring cart and l'ony trap.—r. cartwright. 'minsk p, boro'bridge. qivedes and mangolds fur sal..."
cocoa,1900,1,3292,1195,5.6699,True,ep s's grateful-comforting. co oa you will find it the very cocoa you want. romaimilmlomminmk
cocoa,1900,1,3292,1196,5.6701,True,"?fox pcocca •evo to assist mental and physical labour, there is no cocoa like _ • • ""the food beverage of the people."" • dainty' address vi-cocoa, ltd.. sa.mplie 60, bunhill row. london, e.g. free. •"
cocoa,1900,1,3292,1198,5.6714,True,eppsys grateful-oomfortinc_ cocoa _ you will find it the very cocoa you want.
cocoa,1900,1,3292,1199,5.6719,True,"e is 5 s being distinguished from all others by its invigorating nutritious qualities and its delicious flavour. this cocoa. con- taming as it does all the substance of th,, cocoa nib, maintains its l"
cocoa,1900,1,3292,1200,5.6721,True,"cadbury's cocoa the medical magazine says: ""the favourite cocoa of the day. for strength, purity, and nourishment,there is nothing superior to be found."" caibury's i..."
cocoa,1900,1,3292,1203,5.6729,True,no brealcfast table complete without epps's grateful-comforting. cocoa the most nutritious and economical.
cocoa,1900,1,3292,1204,5.6733,True,"the original cocoa, and a speciality, e•wo'.o(o'''...s4l' being distinguished from all others by its invigorating nutritious qualities and its delicious flavour. this c..."
cocoa,1900,1,3292,1205,5.6735,True,"the oriainal cocoa, and a speciality. _ re • bolo.; di:anguished from all others by ltj invig,rating nutritious qualities and s flavour. this cocoa, con- og ris it does..."
cocoa,1900,1,3292,1206,5.6742,True,"scene on a trinidad cocoa estate. cadbury', cocoa is, absolutely pure, therefore best. it contains all the full nourishing pn.perties of the l',a4a in. without any foreign adm..."
cocoa,1900,1,3292,1207,5.6748,True,after three-quarters of' a century as cocoa the best form of cocoa for every-day use.
cocoa,1900,1,3292,1209,5.676,True,"the original cocoas, and a speciality, esk•-,•••.• • • 7.11111` )11.1' being distinguthhed from all others .by its invigorating nutritious qualities ancl its delicious ..."
cocoa,1900,1,3292,1210,5.6761,True,"treakfaat table ce:,tplete without e„. ~...4, -.4."".„„*.-i-a, 5 :, grateful comforting. cocoa the most nutritious and economical."
cocoa,1900,1,3292,1211,5.6763,True,4 oco a the—best form of cocoa for .very-dc.y use.
cocoa,1900,1,3292,1213,5.6769,True,the most nutrit;ous epps's grateful-com fort! ng. cocoa breakfast and supper.
cocoa,1900,1,3292,1214,5.6771,True,e ps 9s grateful—comforting. cocoa breakfast—supper. aa c `-`‘
cocoa,1900,1,3292,1215,5.6776,True,"""plasmon cocoa contains all tim constituents able to support life."" lancet digestion. braces the nerves. * refreshing % sleep. cocol * analysis. el cocoa .. 63 prot..."
cocoa,1900,1,3292,1216,5.6776,True,"cocoa the pure which is more digestible a finer flavour than per. c t in !'lavour, pure and well prepared.""— british mea'ical journal. a perfect bev —merlh..."
cocoa,1900,1,3292,1217,5.6781,True,"-if.4l:•: •4p • -• ...., original cocoa for breakfast and sapper, the finest flavoured, and most nutritious, the bast suited for all ages and clzteffos, the greatest invigorator for the fag..."
cocoa,1900,1,3292,1218,5.6785,True,"lime rams cool awarded the (i rand prize, at the par is exhibition, 1900. strengthening fourishing invigorating liptons grow their own cocoa, which is shipped direct from their plantations to their fa"
cocoa,1900,1,3292,1219,5.6788,True,the best for children. the extremely nourishing qualities and exquisite natural flavour of van fleuten's cocoa recommend it for children as well as for adults. it is a powerful aid in promoting the gr
cocoa,1900,1,3292,1220,5.6791,True,"...iginal 03000 a. and a speciality. epps's being distinguished from ail others by its invigorating nutritious qualities and its delicious flavour. this cocoa, con- taining as it does all the subst"
cocoa,1900,1,3292,1221,5.6792,True,are you getting full value out of your cocoa? some cocoas are difficult of digestion. van houten's cocoa can be assimilated by the weakest digestion. try it. van houten's the easily divested coc...
cocoa,1900,1,3292,1222,5.6796,True,"epps's being distinguished from all others by its invigorating nutritious qualities and its delicious flavour. this cocoa, con- taining as it does all the substance of th') cocoa nib, maintains its le"
cocoa,1900,1,3292,1223,5.6817,True,"it stands to reason that a cocoa that is made solely from the finest beans, as mazawattee • cocoa „. is, must be greatly superior to ordinary cocoas made from low grade beans."
cocoa,1900,1,3292,1224,5.6817,True,epps's cocoa a delicious drink and a sustaining fool
cocoa,1900,1,3292,1225,5.6824,True,ef'ps's grateful—comforting. cocoa breakfast—supper.'
cocoa,1900,1,3292,1226,5.6832,True,"cadbur porking ""the civil service gazi ""cadbury's is the finef cocoamanufacture—aly and essentially the ft for strenuo.• ""hl cadbur system hardih, people. :me"" says: :st example of isolutely pure, roo"
cocoa,1900,1,3292,1227,5.6835,True,"fs\ • .v"" it is the cocoa of the future! beware of the inferior qualities of cocoa both for yourself and your children free samples at your grocer! a clumsy gibe., a 1., :4 'n..."
cocoa,1900,1,3292,1228,5.6841,True,"w ^ • ,y v being distinguished from all others by its invigorating nutritious qualities and its delicious flavour. this cocoa. con- taining as it does all the substance of the cocoa nib, maintains its"
cocoa,1900,1,3292,1229,5.6844,True,the most nutritious. eppsgs —gratetut—comforting. cocoa ettkle 't— su p per.
cocoa,1900,1,3292,1230,5.6859,True,"111'111111111 coo is not equalled in quality by any other cocoa whatsoever. it is no ri as so many ordinary cocoas are, a tinned concoction with a label to it, with almost as much adulterant as cocoa "
cocoa,1900,1,3292,1231,5.6862,True,"boy: master: what is cocoa, and what about it? boy: cocoa is the finely-ground powder of a roasted cocoa bean, and is used as an article of diet. master: then what is false tha..."
cocoa,1900,1,3292,1232,5.6865,True,"the most nutritious, epps's grateful-comforting. cocoa breakfast and supper."
cocoa,1900,1,3292,1233,5.6875,True,"fact versus fiction. the fiction is that another cocoa is ""as good as van h ou ten's."" the fact is there is not another cocoa to equal van llouten's. in every market in the world it is the standard by"
cocoa,1900,1,3292,1234,5.6877,True,"prlces which defy competition. no fancy names required to describe liptons cocoa, cocoa essence pnro and simple the best, the cheapest, the purest. compare the prices, compare the quality; we ask no m"
cocoa,1900,1,3292,1235,5.6877,True,"""i really must use vi-cocoa."" thousands of men and women, after reading the par- ticulars published respecting the merits of dr. tibblea' vi-cocoa, have been induced to become r..."
cocoa,1900,1,3292,1236,5.6881,True,"cadbury's cocoa absolutely pure, therefore best. bpi nte47, 444'. ;.?:,."" ev, • 4- • ''/ •"
cocoa,1900,1,3292,1237,5.6888,True,"cadbury's cocoa, is absolutely pure and of therefore he best cocda. it is a refreshing stimulatir.g drink, and nutritious food, contains ing no foreign substances, s..."
cocoa,1900,1,3292,1238,5.689,True,"cocoa. it is true economy to use no other cocoa goes so far. no other cocoa has such strength and exquisite flavour. 11,4;1 iinii .. 11111 joilmilliohil,ru..."
cocoa,1900,1,3292,1239,5.6901,True,"the original cocoa, and a speciality. epps's being distinguished from all others by its invigorating nutritious qualities and its delicious flavour. this cocoa, con- ta..."
cocoa,1900,1,3292,1240,5.6901,True,"the original cocoa, and a speciality. epps's being distinguished from all others by its invigorating nutritious qualities and its delicious flavour. this cocoa, con- ta..."
cocoa,1900,1,3292,1241,5.6915,True,"caution.—how to teat the purity of cocoas. —lf treated with •ikali and chemicals, such cocoas will have a medicinal scent when the tin is opened, and it will be a darker colour when in liquo..."
cocoa,1900,1,3292,1242,5.6916,True,"a choice of cocoa to suit your taste. either the most nutritious i or, a lighter and thinner and strength-giving drink, refreshing and stimulating. epps's cocoa essenc..."
cocoa,1900,1,3292,1243,5.6917,True,epps's cocoa a diliciontdrink and a sustaining food.
cocoa,1900,1,3292,1244,5.6918,True,"epps's grateful and comforting. t the original cocoa fee breakfast sod sapper. the finest savoured the most nutritious. tlm beet suited for all ages and classes, the greatest invigorator for the fagge"
cocoa,1900,1,3292,1245,5.692,True,cocoa the best form of cocos for evc • y day use.
cocoa,1900,1,3292,1246,5.6924,True,"""cocoa _ .- to assist mental and physical • labour, t there is no cocoa like vi i i -.' ""the food beverage of the people.""' dainty ‘ • address: vi-cocoa, lt..."
cocoa,1900,1,3292,1247,5.6924,True,"cocoa refined, stimulating, digestible. ""the staniar, sc mout purity."" —rim lamm ••••••11411••• cad blip) cocoa the great refresher all year round, being s..."
cocoa,1900,1,3292,1248,5.6932,True,"the original cocoa. and a speciality. e mr ps's being distinguilbed from all others by its invigorating nutritious qualities and its delicious flavour. this cocoa, con...."
cocoa,1900,1,3292,1249,5.6938,True,"the original cocoa. and a speciality. e,pps's beteg distinguished from all others by its invigorating nutritious qualities and its delicious flavour. this cocoa, con- t..."
cocoa,1900,1,3292,1250,5.6942,True,"tit the most economical way of buying cocoa is to buy for quality. mazawattee cocoa is the highest quality ever attained in cocoa, and in use it goes twice as far as ordinary cocoas. mazawattee..."
cocoa,1900,1,3292,1252,5.6964,True,"r d ‘4.."" ""- ibilbpd,;i! ° is as fire as it is goc4. avoid cocoa concoctions— the added ingredients in such mixtures are mostly cheapening substances that either diminish t, or neutralize the natural "
cocoa,1900,1,3292,1253,5.6968,True,"plasmon cocoa contains all the constituents able to suplort life."" —lancet. aids digestion."
cocoa,1900,1,3292,1254,5.6968,True,"iviazawatt ee cocoa is the finest, the most soluble, and the mcgt invigor- ating coco,s,ever made. misslf-epoonful gives twice as much liquid as any ordinary coco%. lest..."
cocoa,1900,1,3292,1255,5.6977,True,"fact versils fiction. the fiction is that another cocoa is ""as good as van ilouten's."" the fact is there is not another cocoa to equal van houten's. in every market in the world it is the standard by "
cocoa,1900,1,3292,1256,5.6978,True,"i am yours, etc., w. enson, sanitary inspector. cadbury's cocoa is absolutely pure, and is therafore he best coca. it is a refreshing stimulatirg drink, and nutritious food, contain- ing no foreign su"
cocoa,1900,1,3292,1257,5.6982,True,the most iy itritious. epps's grateful-comforting. cocoa breakfast and supper.
cocoa,1900,1,3292,1258,5.6988,True,"otly.c4- the most perfect food-beve- rage ever invented. the press and public are unanimous in saying: ""there is no cocoa like vi-cocoa."" do not ask sour grocer for cocoa. ask for vi-cocoa—it makes al"
cocoa,1900,1,3292,1259,5.6988,True,"the most nutritious. epps's grateful-comforting. cocoa breakfas and 84,jpper."
cocoa,1900,1,3292,1260,5.6991,True,"...s the origiud cocc:t, and a speciality. being distingut-lied from all others by its invigorating nutritious qualities and its delicious flavour. this cocoa, con- taining as it does all the substa"
cocoa,1900,1,3292,1261,5.6994,True,epps's grateful comforting. cocoa breakfast and sdpper.
cocoa,1900,1,3292,1262,5.6997,True,"...eat superiority as a highly nutritious food beverage, being 'elicious in taste, absolutely pure and the ,ost economical withal. cadbury's is the best cocoa "
cocoa,1900,1,3292,1263,5.7,True,"the original cocoa. • and a speciality, epps's being dietinguished from all others by its invigorating nutritious qualities and its delicious flavour. this cocoa, con- ..."
cocoa,1900,1,3292,1264,5.7002,True,"74""aftniu.. abbury9s i; the stanbarb cocoa of yighest purity.""— the lancet. delicious & unadulterated. soothing & sustaining. ""messrs. cadbury's famous cocoa is a nutritious, agreeable, and ea..."
cocoa,1900,1,3292,1265,5.7004,True,"!lili3ury' cocoa regularly toa either with meals koor between meals it is a safe, refreshing, and m!cryiingtoerr,atgiugnimbeevr,eraarce all will the year round."
cocoa,1900,1,3292,1266,5.7005,True,"""i really must use vi-cocoa."" thousands of men and women, after reading. the particulars published respecting the merits of dr. tibbles' vi-coooe, have been induced to become re..."
cocoa,1900,1,3292,1267,5.7006,True,"epps's oratieful-oomfortino. cocoa the most nutritimul aid moonoistiosi,"
cocoa,1900,1,3292,1268,5.7021,True,"is a shield n.b.—cocoa is strongest when pure, but if treated with alkali as in dutch and some english cocoas a dark coloured article is produced, which appears stronger to..."
cocoa,1900,1,3292,1269,5.7022,True,epps's cocoa you will end it the tea ooooa yott want
cocoa,1900,1,3292,1270,5.7023,True,like cocoa. it's good for them. good for heads and good for limbs. and cocoa is very economical. rowntree's especially. half a teaspoonful makes a cupful. a cup...
cocoa,1900,1,3292,1271,5.7031,True,"...he nicest atkd most 'nutritious beverage for the breakfast table. it it made in a moment with boiling water or milk. and it. 'detaining qualities 000 cocoa 7.,rdurtble m arble and mon cmental works m"
cocoa,1900,1,3292,1273,5.7055,True,"the original cocoa, and a speciality, e.. .„ s s being distinguished from all others by its invigorating nutritious qualities and its delicious flavour. this cocoa, con..."
cocoa,1900,1,3292,1274,5.7058,True,epps's cocoa ton win find it the vory cocoa you want.
cocoa,1900,1,3292,1275,5.7062,True,the most nutritious. ep ps's grateful-comforting. cocoa sireakfast--supper. agricultitral now
cocoa,1900,1,3292,1276,5.7063,True,"no breakfast table complete without pps's grateful-comforting. cocoa the most nutritious and economical. national free chttrc council.' annual meetings at manchester' the examiner, saturday, february "
cocoa,1900,1,3292,1277,5.7064,True,"óa the best form of cocoa for every-day use. easter holiday number, containing a large instalment of anthony hope's remarkable romance, sophy of kravonia,' besides complete st..."
cocoa,1900,1,3292,1279,5.7086,True,"and the plain and simple fact that mazawattee cocoa is twice the strength of any other british- made cocoa, and goes twice as far, is so stubborn that it cannot possibly be got over. nothing is easier"
cocoa,1900,1,3292,1280,5.7086,True,"and the plain and simple fact that mazawattee cocoa is twice the strength of any other british- made cocoa, and goes twice as far, is so stubborn that it cannot possibly be got over. nothing is easier"
cocoa,1900,1,3292,1281,5.7092,True,"9• ,fy.olll, (the lancet says is the standard 0: highest purity"" cocoa alone is an excellent food as well as a stimulant, having a salutary action upon the nerve centres"" ‘..0.-) the epicure says: ""th"
cocoa,1900,1,3292,1282,5.7096,True,"w ^ • ,y v being distinguished from all others by its invigorating nutritious qualities and its delicious flavour. this cocoa. con- taining as it does all the substance of the cocoa nib, maintains its"
cocoa,1900,1,3292,1283,5.7098,True,"ep p s grateful-comforting, cocoa the most nutritious and economical."
cocoa,1900,1,3292,1284,5.711,True,epps's grateful—comlo—rting. cocoa iireakte $l. -sup—per.
cocoa,1900,1,3292,1285,5.7112,True,"...riginal cocos, and a speciality. eps's being distinguished from all others by its invigorating nutritious quali- ties and its delicious flavour. this cocoa, containing as it does all the substanc"
cocoa,1900,1,3292,1286,5.7118,True,e p ps's grateful-comforting. cocoa breakfast-supper.
cocoa,1900,1,3292,1287,5.7119,True,epps's cocoa a delicious drink and a sustaining food.
cocoa,1900,1,3292,1288,5.7119,True,epps's cocoa a delicious drink and a sustaining food.
cocoa,1900,1,3292,1289,5.7119,True,epps's cocoa a delicious drink and a sustaining food.
cocoa,1900,1,3292,1290,5.7119,True,epps's cocoa a delicious drink and a sustaining food.
cocoa,1900,1,3292,1292,5.7125,True,"... the 01410•4•100•00., sod • eii•lhality. being distinguished from all others by its invigorating nutritious qualities and its delicious flavour. this cocoa, con- taining as it does all the subat"
cocoa,1900,1,3292,1293,5.7133,True,"no breakfast table complete without ep 111. sjs grateful-comforting. cocoa the most nutritious and economical. .:',...,.,:,,;.4,,,,,,•:,:- -.,"
cocoa,1900,1,3292,1294,5.7143,True,deafness cured by a new method. the best for chiiiren. the extremely nourishing qualities and exquisite natural flavour of van liouten's cocoa recommend it for children a:- .. ell as for adults. it is
cocoa,1900,1,3292,1295,5.7145,True,strong children. children grow strong on cadbury's cocoa because it contains in a generous measure those food elements that are essential to health and good physical condition. it possesses the combin
cocoa,1900,1,3292,1296,5.7148,True,nothing cheaper or bettfr than vi-cocoa thousands of men and women bay this. ewe perience has told them that a 6d. packet or 9d. or is. ed. tin of dr. tibblee' vi-coson is the beat value in...
cocoa,1900,1,3292,1297,5.715,True,"""i really must use vi-cocoa."" thousands of men and women, after reading the parti- culars published respectiag the merits of dr. tibbles' vi-cocoa, have been induced to become r..."
cocoa,1900,1,3292,1298,5.7151,True,"fact versus fiction. the fiction is that another cocoa is ""as good as van houten's."" the fact is there is not another cocoa to equal van .1 houten's. in every market in the world it is the standard by"
cocoa,1900,1,3292,1299,5.7151,True,"ta• original cocoa. _and a speciality. epps's bising distinguished from all others by its invigorating nutritious qualities and its delicious flavour. this cocoa, con. ..."
cocoa,1900,1,3292,1300,5.7158,True,fortifted by mazawattee cocoa yera call lace the prevailing cold weather with impunity. the hest-producing elements contained in this pure cocoa are most pro- nouncod. it also for...
cocoa,1900,1,3292,1301,5.7161,True,"suchard cocoa is better than te: and coffee; better for beak) and strength; you may mis the glow warmth heat fin of your old professing fries< but real enemy, tea ..."
cocoa,1900,1,3292,1302,5.7165,True,mmnimminiimmini the nest fer children. the extremely nourishing qualities and exquisite natural flavour of van ttouten's cocoa recommend it for children as well as for adults. it is a powerful aid in 
cocoa,1900,1,3292,1303,5.7174,True,"a choice of cocoa to suit your taste. either the most nutritious i or, a lighter and thinner and strength-giving drink, refreshing and stimulating. epps's cocoa essenc..."
cocoa,1900,1,3292,1304,5.7174,True,"...l cocos, and a speciality, epps's being distinguished from all others by --...- its invigorating nutritious qualities and its delicious flavour. this cocoa, ccn- taining as it does all the "
cocoa,1900,1,3292,1305,5.7175,True,"4(w itly the best form of cocoa for every-day use. soaking does half the wash, with fels- naptha. half rubbing. no boiling. half damage to clothes. go by the book. fels-naptha 39 wi..."
cocoa,1900,1,3292,1306,5.7185,True,"no breakfast table complete without epps's grateful-comforting. cocoa the most nutritious and economical. :!:,,,,..'.7''.'.'..-.:'..,,..-.1'.,-:,'.',7.7',',.:..."
cocoa,1900,1,3292,1307,5.7189,True,":0 ma, of pure cocoa. no cocoa is pure which contains substances not naturally present in the cocoa bean. many of the so-called cocoas now on sale are merely cocoa prepar..."
cocoa,1900,1,3292,1308,5.7192,True,"i really must use vi-cocoa."" thornands of men and women, after reading the particulars published respecting the merits of dr. tibbles' vi-cocoa, have been ind aced to become re..."
cocoa,1900,1,3292,1309,5.72,True,a choice of cocoa either the mest nutritious anti strength-giving
cocoa,1900,1,3292,1310,5.7204,True,"van ~..:::.--',..outerip, ocoa try it. it is a pure soluble cocoa with a delicious natural flavour which you cannot fail to enjoy. ""pure and unmixed.""—the lancet. ""perfect in flavour. pure and well pr"
cocoa,1900,1,3292,1311,5.7206,True,"epps's the original cocoa, and s speciality, being distinguished from an others by its invigorating nutritious quali- ties and its delicious flavour. this cocoa, containing as..."
cocoa,1900,1,3292,1312,5.7208,True,"the county championship. lancashire v. cumberland. ""plasmon cocoa contains all thf constituents able to support life. lancet. dicestion. braces the nerves. * % promotes refreshing sleep. g ocoa la ana"
cocoa,1900,1,3292,1314,5.7213,True,grateful-comforting. cocoa breakfast and bupper.
cocoa,1900,1,3292,1318,5.7241,True,epps's grateful-comforting. cocoa breakfast and supper.
cocoa,1900,1,3292,1319,5.7241,True,epps's grateful-comforting. cocoa breakfast and supper.
cocoa,1900,1,3292,1320,5.7241,True,epps's grateful-comforting. cocoa breakfast and supper.
cocoa,1900,1,3292,1321,5.7241,True,epps's grateful-comforting. cocoa breakfast and supper.
cocoa,1900,1,3292,1322,5.7241,True,epps's grateful-comforting. cocoa breakfast and supper.
cocoa,1900,1,3292,1323,5.7241,True,epps's grateful-comforting. cocoa breakfast and supper.
cocoa,1900,1,3292,1324,5.7241,True,epps's grateful- comforting. cocoa breakfast and supper.
cocoa,1900,1,3292,1325,5.7241,True,epps's grateful-comforting. cocoa breakfast and supper.
cocoa,1900,1,3292,1326,5.7241,True,epps's grateful-comforting. cocoa breakfast and supper.
cocoa,1900,1,3292,1327,5.7243,True,"...original cocos. and a speciality, eppsgs being distinguished from all others by its invigorating nutritious qualities and its delicious flavour. this cocoa. con- taining as it does all the substan"
cocoa,1900,1,3292,1328,5.7251,True,"u • ar.z. t. • f • • k being distinguished from all others by its invigorating nutritious qualities and its delicious flavour. this cocoa, con- taining as it does all the substance of the cocoa nib, m"
cocoa,1900,1,3292,1329,5.7253,True,epps's grateful-comfortig. cocoa brf ak r art-supper-
cocoa,1900,1,3292,1330,5.7264,True,"the most nutritioug', s 9 gfateful-comfortng. cocoa zreakfast-supper 11114 0. a m ine fri ,) ay, april 11 1902"
cocoa,1900,1,3292,1331,5.7265,True,the most nutritious cocoa. s's grateful-comfortingl cocoa for breakfast
cocoa,1900,1,3292,1332,5.7268,True,...shed from all others by ito invigorating nutritious qutthties and its delicious flavour. this coco:. con- taining as it does all the substance of the cocoa nib. maintains its l
cocoa,1900,1,3292,1333,5.7282,True,"four cups of vi-cocoa each day. twice each day mr. w. c. burrows, 318, princes-road stoke, staffs, takes two cups of vi-cocoa. and lam glad to do so, he says, for i do not..."
cocoa,1900,1,3292,1334,5.7305,True,grateful-comforting. cocoa areakfast and supper. (copyright.)
cocoa,1900,1,3292,1335,5.7309,True,epps's grateful-comforting. cocoa ereakfast and supper.
cocoa,1900,1,3292,1336,5.732,True,"i r r r for the children. 00 0 0 cadbury's cocoa the lancet (august 9th, 1902) says: ""cadbury'. cocos undergoes no method oftrestment by which foreign sulbstanees are introduced."" parents when punka..."
cocoa,1900,1,3292,1337,5.7322,True,epps's cocoa a a delicious drink and a sustaining feed. folco—me at any hie of tlie day.
cocoa,1900,1,3292,1338,5.7327,True,"e. s s being distinguished from all others by its invigorating nutritious qualities and its delicious flavour. this cocoa, con- taining as it does all the substance of tho cocoa nib, maintains its lea"
cocoa,1900,1,3292,1339,5.7327,True,"...report from grange-road.— mrs e. thompson, 99, grange-road w., middlesbrough. writing on the 7th october, 1909, says:- -"" i have used dr. tibblee vi- cocoa for the last ten m"
cocoa,1900,1,3292,1340,5.7331,True,eppws grateful-comforting. cocoa breakfast-supper.
cocoa,1900,1,3292,1341,5.7331,True,"""i really must use vi-cocoa "". --0,- thousands of int n and women, after read- ing the particulars published respecting the merit: of dr. tibbles: vi-coeoa, have been induced to..."
cocoa,1900,1,3292,1342,5.7332,True,epps's cocoa choose a cocoa to suit your tote and need. either the most nutritious and strength-divind grateful and comforting. a &diatom. drink and a suetaining ...
cocoa,1900,1,3292,1343,5.7335,True,"cadbury's c vci..':: ;: the medical magazine says ""the favourite cocoa of the day. for strength, purity, and nourishment,there is nothing superior to be found.- caibury's is cocoa an the best cocoa on"
cocoa,1900,1,3292,1344,5.7341,True,"""the good old g• english cocoa. pp gt- 7k.f,'• v._ wc 4 i, -9, • i. iti .-. .6, • ~w ':4 1,,. ao ..l. ,•;' r s .0.5; cocoa :* tabsolutely pure, therefore !lest sc. ltc. ---),k- ge...."
cocoa,1900,1,3292,1345,5.7341,True,"the original cocoa, and a speciality, epps's being distinguished from all others by its invigorating nutritious qualities and its delicious flavour. this cocoa, con- ta..."
cocoa,1900,1,3292,1346,5.7351,True,the most rs' epps's grateful-comforting. cocoa breakfast and supper.
cocoa,1900,1,3292,1347,5.7355,True,"4b. the following unsolicited letter has been received by the proprietors of the new mazawattee cocoa anna. n, dumfries. january 14th. 1002. gelitlenten mazawattee cocoa. some time ago you kindly sent"
cocoa,1900,1,3292,1348,5.7365,True,"because it is not co. losed, as ordinary cocoas are, partly of the shell of the cocoa bean. shell is not cocoa any more than husk is corn, or oystershells oysters, and to offer ground- up shell to..."
cocoa,1900,1,3292,1349,5.7377,True,"r sly, ?,,,,,,•-:.ito 4 ':. -r riba -cocoa • • 41/4 is a cocoa that is"
cocoa,1900,1,3292,1350,5.7381,True,fortified by mazawattee cocoa you can face the prevailing cold weather with impunity. the heat-producing elements contained in this pure eocea are most pronounced. it also forms a...
cocoa,1900,1,3292,1351,5.7396,True,"cocoa the best form of cocoa for ever7-dei oor. differenes between the firm and the winn wm, not in different° which was terminated by the 1114.1,0 .tatent..."
cocoa,1900,1,3292,1352,5.7397,True,epps's grateful—comforting. • cocoa a delicious drink and a sustaining food.
cocoa,1900,1,3292,1353,5.7408,True,"...ed frcna all *thcrs by its invigorating nutritious qualities and its delicious favour. this coco""., con- taining as it does all the s,thstance of the cocoa nib, mairltains its "
cocoa,1900,1,3292,1354,5.741,True,"14 i, a cocoa ""pi asien'i increases the food 'aide 19 times more nutritious than ordinary cocoa. delicious. digestible. in tins, 9d., 1/4, and 2/6 of all grocere....."
cocoa,1900,1,3292,1355,5.7419,True,_ of the choicest nibs. and main- tains its leading position as cocoa the best form of cocoa for every-day use. a
cocoa,1900,1,3292,1356,5.7419,True,"the most economical way of buying cocoa is to buy for quality. mazawattee cocoa is the highest quality ever attained in cocoa, and in use it goes twice as far as ordinary cocoas. mazatt:"
cocoa,1900,1,3292,1357,5.7422,True,"epps' grateful-comforting. cocoa the most nutritiolul and economical. •ilarke's 341 pills are warranted to cure, in either sex, all acquired or constitutional die. cbarges from the u..."
cocoa,1900,1,3292,1358,5.7422,True,"tb • original cocoa, and a speciality. bedng distinguilhed from all others by its invigorating nutritious quali- ties and its delicious flavour. this 01nen. containing e..."
cocoa,1900,1,3292,1359,5.7432,True,"mazawattee cocoa is even superior to theca—greatly superior indeed. with such a cocoa you soon realize what cocoa really is, awl means, and should be"". gordon swazle4..."
cocoa,1900,1,3292,1361,5.745,True,the most pi jtritious. epps's grateful-comforting. cocoa breakfast and supper.
cocoa,1900,1,3292,1362,5.7451,True,"...ocos, and a speciality, g • • •""rt,' s:- being distinguished from all others by its invigorating nutritious dualities and its delicious flavour. this cocoa, con- taining as it does all t"
cocoa,1900,1,3292,1363,5.7461,True,the most nutritious. epps's grateful-comforting. cocoa oremfast and supper.
cocoa,1900,1,3292,1364,5.7461,True,"ma zawattee cocoa the strength of any other british- made cocoa, and goes twice as ha, is so stubborn that it cannot possibly be got over. nothing is easier of proof. ..."
cocoa,1900,1,3292,1365,5.7466,True,"...original cocos, and a speciality, epps's being distinguished from all others by its invigorating nutritious qualities and its delicious flavour. this cocoa, con- taining as it does all the substan"
cocoa,1900,1,3292,1366,5.7469,True,"the finest cocoa beans the world produces, the !lest perfect system of manufacture. the experience of three-quarters of a century, are combined in producing 9 j.l'lli..."
cocoa,1900,1,3292,1367,5.7472,True,the most nutritious. epps's grett( ul—comforting. cocoa eireakfastr—suppers local
cocoa,1900,1,3292,1368,5.7479,True,no breiticfast table complete without epps's gratefui cocoa the most nutritious and economical.
cocoa,1900,1,3292,1369,5.7493,True,rowntree's explanation. the diagrams in the press and on the holrdings showing the phenomenal increase in the sale of rowntree's elect cocoa have aroused widespread interest. that the consumption of c
cocoa,1900,1,3292,1370,5.7501,True,"cocoa the best form of cocoa for every-clay use. i special timms, embracing local tours in cornwall. ann is3usd at teir principal stations. booklet giving ..."
cocoa,1900,1,3292,1371,5.7501,True,strong children. children grow strong on cadbury's cocoa because it contains in a generous measure those faml elements that are essential to health and goo 4 physical condition. it possesses the combi
cocoa,1900,1,3292,1372,5.7505,True,"c ad; cy'rtib cocoa because, being absolutely pure, and charged with the natural essentials of physical support, it keeps the limbs supple and active, and imparts streng..."
cocoa,1900,1,3292,1373,5.7509,True,"ins most nutritious. epps's cocoa 1141lakfast-111/plti found i)ead, lian7oiioii 01110 in if. nat 1.01.0!., •••••••11 i...enf.b. 1111 t 0444 r. mist ali asatii zit% ma. 11101.,. 14 4 l..."
cocoa,1900,1,3292,1374,5.7511,True,"epps's grateful comforting. cocoa the most nutritioua ancl eiconoulioal,"
cocoa,1900,1,3292,1375,5.7517,True,"rt • • being distinguished from all others by its invigorating nutritious qualities and its delicious flavour. this cocoa, con- taining as it does all the substance of the cocoa nib, maintains its lea"
cocoa,1900,1,3292,1376,5.7534,True,"stone trough brewery, halifax. cadbury's cocoa absolutely pure therefore best. lias stood the test of time. -min the standard of highest purity.""-771e lancet ""the typical cocoa of english manufact..."
cocoa,1900,1,3292,1377,5.7537,True,"the most nutritious. e pp s's grateful-comforting. cocoa 3reakfast-73uppefi, 7-7"
cocoa,1900,1,3292,1378,5.754,True,a choice of' cocoa either the most nutritious and strength-giving
cocoa,1900,1,3292,1379,5.7541,True,epps's cocoa the most nutritious and bconomical.
cocoa,1900,1,3292,1380,5.7548,True,epps's cocoa the most nutritious and economical.
cocoa,1900,1,3292,1381,5.7548,True,epps's cocoa the most nutritious and economical.
cocoa,1900,1,3292,1382,5.7548,True,epps's cocoa the most nutritious and economical.
cocoa,1900,1,3292,1383,5.7552,True,"""i really must use ili-cocoa."" thousands of men and women, after reading the particulars published respecting the merits of dr. tibbles vi-cocoa, have been induced to become regu..."
cocoa,1900,1,3292,1384,5.7554,True,"et ia. and • 11* 9! 1.,; < repels in f ""a delicious beverage, easily assimilated.""— food and cookery. a cocoa you can enjoy."
cocoa,1900,1,3292,1385,5.7556,True,"fact versus fiction. the fiction is that anothef cocoa is ""as good as van houten's."" the fact is there is not another cocoa to equal van houten's. in every market in the world it is the standard by wh"
cocoa,1900,1,3292,1386,5.7561,True,"cocoa in the christmas hamper. christman is drawing mar, and soon many of out readers will be preparing small hampers for their friends, or to give to thos..."
cocoa,1900,1,3292,1388,5.7564,True,"epps' the original cocoa for breakfast and supper, the finest flavoured, and most nutritious, the bast suited for all ages and classes, the greatest invigorator for the fagge..."
cocoa,1900,1,3292,1389,5.7569,True,""". vr•p ..> -v.,.,.• ,""k vot r; f. ...4 ~v 1 ""2 .'"" ~ i• p -.. ,-•-• -,, .6., i,,-,.. ,3 .. i -,, ~ cocoa ""it contains all the health-ffiving properties of the cocoi bean in the most nourishing appeti"
cocoa,1900,1,3292,1391,5.7596,True,latari a cocoa whicii is acenowledged on all sills to br the highest quality ever attaitei
cocoa,1900,1,3292,1392,5.7597,True,"p .* original cocoa for breakfast said supper, the finest flavoured, and most nutritious, the best suited for all ages and classes, the greatest invigorator for the fagg..."
cocoa,1900,1,3292,1393,5.7603,True,"fact versus fiction. the fic:ion is that another' cocoa is ""as good as van houten's."" the fact is there is not another cocoa to equal van houten's. in every market in the world it is the standard by w"
cocoa,1900,1,3292,1394,5.7604,True,ep s's c4rateful-cofiforting. cocoa breakc46t-supper.
cocoa,1900,1,3292,1395,5.7605,True,"""i really must use vi-cocoa."" thousands of men and women, after reading the particulars publiahed reapecting the merita of dr. tibbles' vi-cocoa, have been induced to become reg..."
cocoa,1900,1,3292,1396,5.761,True,epps's cocoa 01•whil eel esimanlng. epps's cocoa for bruistra soil =ppm. e p-1)-4's -cocoa viii• remi flow. =b.
cocoa,1900,1,3292,1397,5.7612,True,"mazawatte e cocoa is not only pure but very strong, so you will not require so much of it as of ordinary cocoas. hither- to we have had few, if any. such good cocoas a..."
cocoa,1900,1,3292,1398,5.7613,True,cadbury's cocoa can always be relied upon for its purity. adulterated cocoas are risky and ahonld always be avoided cadbury's cocoa is highly beneficial to young and...
cocoa,1900,1,3292,1399,5.7622,True,"01) dm gin a-6'# z.) how to make, sure of pure cocoa. no cocoa is pure which contains substances not naturally present in the cocoa bean. many of the so-called cocoas now on sale are merely cocoa prep"
cocoa,1900,1,3292,1400,5.7627,True,"mazawattee cocoa a perfectly pure and economical food beverage. it is invaluable in cold weather, sold by all leading family grocers throughout the • kingdom."
cocoa,1900,1,3292,1401,5.7628,True,"epps's the original cocoa for breakfast and supper, the finest flavoured, and most nutritious, the best suited for all ages and classes, the greatest invigorator for the fagge..."
cocoa,1900,1,3292,1402,5.7629,True,"the duty on cocoa. in a letter to the ""daily news"" —of febmary 12, henn. (..lalbury brow, ltd., argue that the • tocoa industry is not protected. their argument, howev..."
cocoa,1900,1,3292,1403,5.7642,True,"lipton, ltd., middlesbrough norwich. •1ira......... ""it is able to support life."" —lanoot. cup h \ \ cocoa contains more nourishment turn 10 cups of any ordinary *coo, and is abaolutely fru from chemi"
cocoa,1900,1,3292,1404,5.7643,True,"epps's the original cocoa for breakfast and supper, tee finest flavoured, and most nutritious, the best suited for all ages and classes, the greatest invigorator for the fagge..."
cocoa,1900,1,3292,1406,5.7647,True,epps's grateful—comforting. cocoa brealaast—supper.
cocoa,1900,1,3292,1407,5.765,True,"cocoa in the christmas hamper. christman is drawing mar, and soon many of out readers will be preparing small hampers for their friends, or to give to thos..."
cocoa,1900,1,3292,1408,5.7656,True,tge original cocoa. and a speciality. epps's -.....-........ distinguished from all others by it. invigorating nutritious qualities and delicious flavour. it contains a...
cocoa,1900,1,3292,1409,5.7657,True,"...ising flour alznxt ;md? 2 ivicdougal au? 4:1 -"" health, strength el good digestion."" '4l 9 the british medical journal, speaking of properly-prepared cocoas as a means. of promoting he"
cocoa,1900,1,3292,1410,5.7661,True,"---- c * 1- cocoa custard. one pint of milk, 2 ego, 1 tablespoonful of sugar, 2 teaspoonfuls of cocoa. mix sugar and cocoa, beat egga and milk, then add sugar and coco..."
cocoa,1900,1,3292,1411,5.7662,True,"epps's grateful-comforting. cocoa the most nutritious and ni conomical gave birth to • child. crossman visited the house only at rare intervals, and shortly after the child was born t..."
cocoa,1900,1,3292,1414,5.7688,True,"fact versus fiction. the fiction is that another cocoa is ""as good as van houten's."" the fact is there is not another cocoa to equal van houten's. in every market in the world it is the standard by wh"
cocoa,1900,1,3292,1415,5.7688,True,"""i really must use vi-cocoa."" thousands of men and women, after reading. the particulars published respecting the merits of dr. tibbles' vi-coooe, have been induced to become re..."
cocoa,1900,1,3292,1416,5.7695,True,_the most nutritious. epps's grateful—comforting. cocoa eireakfast—supper. ••206333731
cocoa,1900,1,3292,1417,5.7714,True,"leilnka. tin most nutritious. epps's cocoa orzaiciast-suppvi the lima novelties is demi •wee. ze4fri strtireei.oresnerr= ee see meow se pelosties-,•• esessl woe."
cocoa,1900,1,3292,1418,5.772,True,"""i really must- use vi-cocoa."" thousands of inn and women, after reading the par- ticulars published respecting the merits of dr. tibbles' vi-cocoa, have been induced to become r..."
cocoa,1900,1,3292,1419,5.7721,True,"fact versus fiction. the fiction is that another cocoa is ""as good as van houten's."" the fact is there is not another cocoa to equal van houten's. in every market in the world it is the standard by wh"
cocoa,1900,1,3292,1420,5.7723,True,epps's cocoa grateful and comforting. a delicious drink ad a sustaining food.
cocoa,1900,1,3292,1421,5.7728,True,"...e ....„ .nv .. 5 ~.,..). t,. 44 414 n. being distinguished from all others by its invigorating nutrjtiornr; qualities ane its delicious flavour. this cocoa, cell- tabling as it clots all t"
cocoa,1900,1,3292,1422,5.7739,True,no breakfast table complete without epps's grateful -00mforting. cocoa the most nutritious and economical.
cocoa,1900,1,3292,1424,5.7749,True,"'tm! most nutrmous 000016 e pp s's ""a'""""i cocoa rat 11111akfast /111. suppel"
cocoa,1900,1,3292,1425,5.7755,True,"""i really must use vi-cocoa."" thousands of men and women, after reading the par- tvie.ulars published respecting the merits of dr. tibbles' 7.°j'eaa have been induced to become ..."
cocoa,1900,1,3292,1426,5.7756,True,the most nutritious. epps's grateful—comiorting. cocoa break fast—supper. • •
cocoa,1900,1,3292,1427,5.7757,True,"cocoa all lon cocoa .. lutely jr :ye :rout chemir,,z,, and added starchy matter. mark twain says i had an eight year,' persistent dispute with dyspepsia, b..."
cocoa,1900,1,3292,1428,5.7758,True,"1411,.p5' grateful-comforting. cocoa the most nutritious and economical"
cocoa,1900,1,3292,1430,5.7763,True,"a king's long retrospect. cadbury's cocoa is ""a perfect food."" the lancet says: ""cadbury's cocoa represents the standard of highest purity."" take care when drinking cocoa to have the pure art..."
cocoa,1900,1,3292,1431,5.7764,True,"the best for supper. van houten's cocoa is so perfectly digestible that there is no fear of its causing a bad night's rest. its nourishing qualities enable the blood to build up, during sle..."
cocoa,1900,1,3292,1432,5.7764,True,"the best for supper. van houten's cocoa is so perfectly digestible that there is no fear of its causing a bad night's rest. its nourishing qualities enable the blood to build up, during sle..."
cocoa,1900,1,3292,1433,5.7771,True,c • coa the best form of cocoa for every-day ilse.
cocoa,1900,1,3292,1434,5.7772,True,economy. 1--tnlf a teaspoonful makes a delicious breakfast cup of van houten's cocoa. the same quantity of any other cocoa will not give so good a result either in strength or flavour.
cocoa,1900,1,3292,1435,5.7775,True,"epps' grateful-com fort! fk.., cocoa breakfastasuppetf• s"
cocoa,1900,1,3292,1436,5.7778,True,"epps's -grateful—cozniorting, cocoa broadest—supper. sleolowa"
cocoa,1900,1,3292,1437,5.778,True,"the most nutritious e p ps's grateful-comforting. cocoa eireakfast and supper. .1. gentleman in h ram."" .1 n akle y."
cocoa,1900,1,3292,1438,5.7781,True,"epps's being distinguished from all others by its invigorating nutritious qualities and its delicious flavour. this cocoa, con- taining as it does all the substance of ti() cocoa nib, maintains its le"
cocoa,1900,1,3292,1439,5.7784,True,"""i really must use vi-cocoa."" thousands of men and women, after reading the particulars published respecting the merits of dr. tibbles' vi-cocoa, have be,?9 induced to become re..."
cocoa,1900,1,3292,1440,5.78,True,"oh • 5 7,4 3 also ts cocoa regularly p 4 kg 4= either with meals na wor between meals w wlt is a safe, refreshing, and w tr winter,summer, and' i for i to r 7 the year round. p..."
cocoa,1900,1,3292,1441,5.781,True,"a cocoa you can criday. delightful beneficial to health. if you want a cocoa that is not only the best for nutritive, sustaining and invigorating properties,..."
cocoa,1900,1,3292,1442,5.7828,True,"the most 1111111111111111 epps's iforting. cocoa 4reakfasi and ituppit lipton, ltd., tea, coffee and cocoa planters, ceylon. chief offices: city road, london. local branch: penny street, lancaster. ..."
cocoa,1900,1,3292,1443,5.7833,True,".......1 a_ 0,., .1:., e a et • • „ t • •l being distinguished from all others by its invigorating nutritious qualities anc. its delicious flavour. this cocoa, co"
cocoa,1900,1,3292,1444,5.7846,True,the most n jtritious. epps's grateful-comforting. cocoa breakfast and supper.
cocoa,1900,1,3292,1445,5.7846,True,the most n jtritious. epps's grateful-comforting. cocoa breakfast and supper.
cocoa,1900,1,3292,1446,5.7857,True,"...eat superiority as a highly nutritious food beverage, being 'elicious in taste, absolutely pure and the ,ost economical withal. cadbury's is the best cocoa "
cocoa,1900,1,3292,1447,5.7859,True,"the most nutritious cocoa. pp s's grateful-comforting, cocoa for breakfast and supper."
cocoa,1900,1,3292,1448,5.786,True,epps's grateful-comforting. cocoa drfaik itfast and supper. swiliett a
cocoa,1900,1,3292,1449,5.7862,True,"... expense of every worker is for food. to get more food for less money means money in your pocket. you can get more food for less money out of -10- id cocoa .iole ar- cocoa ""00111 r than in"
cocoa,1900,1,3292,1450,5.7864,True,nutritious and economical cocoa dually primed by mothers for thetas avow and their children. who choose it eadoril• i' dair
cocoa,1900,1,3292,1451,5.7864,True,epps's cocoa the most nutritious end nconoznioal
cocoa,1900,1,3292,1452,5.7864,True,any duotor or hospital not yet using liiuorone sal be gladly supplied for a test v..-aeo• r yi a first and foremost. &dbury's cocoa comes first among food beverages because it is very closely allied t
cocoa,1900,1,3292,1453,5.7867,True,"...ood ""the standard of purity."" free from drugs or any admixtur/ refreshing, lwrigorating, sustaining. of the greatest strength and the finest flavour. cocoa and cocoa only. ab"
cocoa,1900,1,3292,1454,5.7881,True,"cocoa the beet form of cocoa for every-clay use. i 11 yorkshire row atli,. fringrosa's bedtime tea nature, neu bc.l nor tly • • `ii.yo• cusiiveness, sick i..."
cocoa,1900,1,3292,1455,5.7895,True,e pp s's tin most nutrmous cocoa. cocoa fon similfast miii inommul
cocoa,1900,1,3292,1456,5.7895,True,epps's grateful-comforting. cocoa you will find it the very cocoa you want.
cocoa,1900,1,3292,1457,5.7895,True,epps's grateful-comforting. cocoa you will find it the very cocoa you want.
cocoa,1900,1,3292,1458,5.7895,True,epps's grateful-comforting. cocoa you will find it the very cocoa you want.
cocoa,1900,1,3292,1459,5.7899,True,epgratefpp's cocoa a delicious drink and a sustaining food.
cocoa,1900,1,3292,1461,5.7907,True,"really must use vi-cocoa."" thousands of men and women, after reading the particulars published respecting the merits of dr- tibbles' vi-cocoa, have been induced to become reg..."
cocoa,1900,1,3292,1462,5.7911,True,"the original cocoa. sad a speciality, epps's being distinguished from en others by its invigorating nutritious qualities and its delicious flavour. this cocoa, con- tai..."
cocoa,1900,1,3292,1463,5.7913,True,t h 'c. most nutritious. e_p ps's grateful-comforting. cocoa sreakfast-suppfil
cocoa,1900,1,3292,1464,5.7926,True,cocoa breakfast-suppep. rt is staked that the reaps/ 'non sand have famed over £45 for kcal charities this year. the dowager i.ady mick— to be very serious...
cocoa,1900,1,3292,1466,5.7933,True,"• „ 4 • :040, being distinguished from all others by its invigorating nutritious qualities are, its delicious tic-your. this cocoa, ecn- taimng a's it does all the substance of the cocoa nib, maintain"
cocoa,1900,1,3292,1467,5.7933,True,"""why don't you drink vi-cocoa ?"" every working man and woman should be asked this question daily. the opinion or the rev. f. f. taylor, of sudden- ham, near manchester, who writes..."
cocoa,1900,1,3292,1468,5.794,True,"oncilxiben e, isol ifs good for them. %good for heads and :good for limbs. and cocoa is very economical, rowntree's especially. half a teaspoonful makes a cupful. a cupful of pure, delicious, nourishi"
cocoa,1900,1,3292,1469,5.7949,True,"cocoa the best form of cocoa for every-day use. salford v. huddersfield. this match was played on the salford ground, before a good attendance of spectator..."
cocoa,1900,1,3292,1470,5.7954,True,"the original cocoa., and a speciality, ep s's being distinguished from all others by its invigorating nutritious qualities and its delicious flavour. this cocoa, con- t..."
cocoa,1900,1,3292,1471,5.7967,True,epps's ths_most nutritious. cocoa breakfast—supper.
cocoa,1900,1,3292,1472,5.797,True,"fact versus fiction. the fic:ion is that another' cocoa is ""as good as van houten's."" the fact is there is not another cocoa to equal van houten's. in every market in the world it is the standard by w"
cocoa,1900,1,3292,1473,5.7975,True,no breakfast table complete without epps's grateful-comforting. cocoa the most nutritious and economical.
cocoa,1900,1,3292,1474,5.7983,True,"...s when the milkman is heavily fined for selling milk if found with the cream abstracted, it is essential that the housewife should be made aware that cocoa i"
cocoa,1900,1,3292,1475,5.7985,True,"th• most nutritious. _ _ epps's grateful—comforting. cocoa breakfast—supper. posters and colour work of every eecri -110anlv and promptly nrintpd at the ""chronicle"" printing works, broad street, nelse"
cocoa,1900,1,3292,1477,5.799,True,"boy: master: what is cocoa, and what about it? boy: cocoa is the finely-ground powder of a roasted cocoa bean, and is used as an article of diet. master: then what is false tha..."
cocoa,1900,1,3292,1478,5.7995,True,"""the good old g• english cocoa. pp gt- 7k.f,'• v._ wc 4 i, -9, • i. iti .-. .6, • ~w ':4 1,,. ao ..l. ,•;' r s .0.5; cocoa :* tabsolutely pure, therefore !lest sc. ltc. ---),k- ge...."
cocoa,1900,1,3292,1479,5.8011,True,"... that imparts, mental and bodily vigour, and is comparatively easy of digestion, may be described as a pilot to health."" such a beverage is cadbury's cocoa. it is ""staying and"
cocoa,1900,1,3292,1480,5.8015,True,grateful-com forti no. cocoa breakfast and supper.
cocoa,1900,1,3292,1481,5.803,True,"epps's cocoa it forms a weloome delicacy for the morning and evening meal. a fragrant, delicious, and most -healthful beverage. as a food for quits young children..."
cocoa,1900,1,3292,1482,5.8038,True,"epps's • being distinguished from all others by its invigorating -nutritious qualities and its delicious flavour. this cocoa, con- taining as it does all the substance of tha cocoa nib, maintains its "
cocoa,1900,1,3292,1483,5.8039,True,"grateful--comforting. cocoa breakfast and supper. the examiner, priday, may 11, 1900."
cocoa,1900,1,3292,1484,5.8041,True,grateful-comforting. cocoa wireamifai3v ittfo wilk /aft
cocoa,1900,1,3292,1485,5.8042,True,"eppss cocoa is an admirable food, the nicest rnd most nutritious beverage for the breakfast table. it ii made in a moment with boiling water or milk, and its sus..."
cocoa,1900,1,3292,1486,5.8046,True,"cocoa the best salted for an ages and deem. the greatest sale in the history of jewellery. of this-- our contract is gearing its end, and our remaining sto..."
cocoa,1900,1,3292,1487,5.8055,True,"van houten's cocoa know how good it is to drink and how economical it is in use. if you have not tried it buy a new 6d tin,"
cocoa,1900,1,3292,1488,5.8058,True,";.! ,1) ,; \-% to) fl. 4 i, '-4• 41, alase '4l, vt*, for b:dttpiel en van houten's cocoa is so perfectly digestille that thi,.tre is no fear of its causing a bad nighcs rp.-.;9-. its nourishing qualit"
cocoa,1900,1,3292,1489,5.8061,True,strong children. children grow strong on cadbury's cocoa because it contains in a generous measure those food elements that are essential to health and good physical condition. it possesses the combin
cocoa,1900,1,3292,1490,5.8064,True,"the most nutritious. epps's grateful-comforting. cocoa orwkfast and supper. by lever brothers, limited, port sunlight,"
cocoa,1900,1,3292,1491,5.8084,True,"stone trough brewery, halifax. cadbury's cocoa absolutely pure therefore best. ow fka.s stood the test of time. -in ""the standard of highest purity.""—the lancet. ""the typical cocoa of english manu..."
cocoa,1900,1,3292,1492,5.8088,True,epps's orateful-oomfortino. cocoa the most nutritious and icosomical.
cocoa,1900,1,3292,1494,5.8102,True,"...~ e -....,,.,:: .„.74,, 5 .. • ~?' '4'4' • s being distinguished from all others its invigorating nutritious qualities and its delicious favour. this cocoa, con- taining as it doe"
cocoa,1900,1,3292,1495,5.8105,True,"to cocoa drinkers. liptons famous cool awarded the grand prize, at the paris exhibition, 1900. strengthening! fotuishing invigorating !! liptons grow their ow..."
cocoa,1900,1,3292,1496,5.8114,True,"epps's ocoa essence cocoa a delicious drink and a sustaining food. welcome at any hour of the day, slc"
cocoa,1900,1,3292,1497,5.8116,True,"the most nutritious cocoa. e pp s's cocoa rs. 4 ~f,f.aitifadt amp supp4il ciiristmas cards ~hould now be ordered before the beet oboe,o lute gone. inepeot the stook et the ""ga..."
cocoa,1900,1,3292,1498,5.8117,True,"cadbury's cocoa absolute& pure, therefore best. ttrs-r of a if treated with alkali and chemicals, such cocoas will have a medicinal scent when the tin is opened, and..."
cocoa,1900,1,3292,1499,5.8121,True,cocoa the boat form of coooli for every-day uoil.
cocoa,1900,1,3292,1500,5.8123,True,"wnvlijo °:°' 9 cocoa is first amongst food beverages because of its absolute purityand free- dom from admixture of any kind. ""the lancet"" says: ""cadbury's is the standard..."
cocoa,1900,1,3292,1501,5.8127,True,cirateful—comforting. cocoa a delicious drink and a sustaining food. _
cocoa,1900,1,3292,1502,5.813,True,"the original cocoa, and a speciality. e p psgs distinguished from all others by its invigorating nutritious qualities and delicious flavour. it contains all the substan..."
cocoa,1900,1,3292,1503,5.8137,True,e pps's grateful-comforting. cocoa oreakfast and sjppei
cocoa,1900,1,3292,1504,5.814,True,"april 29, he& do you feel the want of something between your meals? then try a cup of van houten's cocoa. it is easy to make, easy to digest and thoroughly enjoyable. try it. van houtcn's the cocoa th"
cocoa,1900,1,3292,1505,5.814,True,ep ws's grateul—corniorting. cocoa breakfast—supper.
cocoa,1900,1,3292,1506,5.8144,True,epps's grateful—cointorting. cocoa brosakfast—supw. seftweat
cocoa,1900,1,3292,1507,5.8152,True,"cocoa refined, stimulating, digestible. ""the standard of richest purity."" -the lancet. cadbury's cocoa: the great refresher all the year round, being at on..."
cocoa,1900,1,3292,1508,5.8153,True,local postal information. epps's grateful-comforting. cocoa dawkfast and supper. ail
cocoa,1900,1,3292,1509,5.8173,True,"no breakfast table complete without 4,1, 9 '`1,721 • grateful-comforting. cocoa the most nutritious and economical."
cocoa,1900,1,3292,1510,5.8173,True,"cad bury's cocoa pt.- for working people. ""the civil service gazette"" says: ""chmivizv's is the finest example of cocoa manufacture—absolutely pure, and essentially th..."
cocoa,1900,1,3292,1511,5.8173,True,c off% • #47. a the best form of cocoa for every-da use.
cocoa,1900,1,3292,1512,5.8181,True,"epps's being distinguished from all others by its invigorating nutritious qualities and lta delicious flavour. this cocoa, con tabling as it does all the substance of the cocoa nib, maintains its lead"
cocoa,1900,1,3292,1513,5.8187,True,"cadbj‘.o wk.? % • • 4r4 • ,t• the medical magazine says: ""the favourite cocoa of the day. for strength, purity, and nourishment ,there is nothing superior to be found."" the lancet says: ""we are glad t"
cocoa,1900,1,3292,1514,5.8188,True,„ p••••'. • 01; ltko 4rfa • 407 4: ;1- • the best form of cocoa for every-day use.
cocoa,1900,1,3292,1515,5.8188,True,"""why don't you drink vi-cocoa ?"" every working man and woman should be asked this question daily. the opinion of the rev. f. f. taylor, of suddenhana near manchester, who writes :..."
cocoa,1900,1,3292,1516,5.8199,True,strong children. children grow strong on cadbury's cocoa because it contains in a generous measure those faml elements that are essential to health and goo 4 physical condition. it possesses the combi
cocoa,1900,1,3292,1517,5.8207,True,"• • i `4e. •t• vll9 .14 4' • '44 l(the lancet says ""-- ""!s the standard of ,s. ca highest purity"" cocoa alone is an excellent food as well as a stimulant, having a salutary action upon the e*--) nerve"
cocoa,1900,1,3292,1518,5.8215,True,"epps's cocoa it forms a welcome delicacy for the morning and evening meal. a fragrant, delicious, and most healthful beverage. as a food for quite youn.e; childre..."
cocoa,1900,1,3292,1519,5.8217,True,":..14.; ow,trfite it isn't always what a man earns, but what his wife saves that makes the bank account. rowutree's elect cocoa is a food- • beverage of greatest economy. oil •5,- i 1 0. s,"
cocoa,1900,1,3292,1520,5.8218,True,"i really must use vi-cocoa."" thousands of men and women, after reading the par- ticulars published respecting the merits of dr. tibbles' 17i-cocoa, have been induced to become ..."
cocoa,1900,1,3292,1521,5.8219,True,"cocoa the best form of cocoa for every-clay use. i special timms, embracing local tours in cornwall. ann is3usd at teir principal stations. booklet giving ..."
cocoa,1900,1,3292,1522,5.822,True,the pannt rt.:tt:mous cccea. epps's grateful-comfortin3. cocoa for breakfast and supper.
cocoa,1900,1,3292,1523,5.8221,True,_• _ epps's being distinguished from all others by its invigorating nutritious quali- ties and its delicious flavour. this cocoa. oontaining as it does all the substance of the ooooa nib. main- tains 
cocoa,1900,1,3292,1524,5.8235,True,epps's orateful-00/4tfortip4fii. cocoa tke x•st nutritious hog llowaskial -4. t.
cocoa,1900,1,3292,1525,5.8241,True,"the medical magazine says the favourite cocoa of the day. for strength, purity, and notiristment,there is nothing superior to be found."" c abury's is cocoa an tin cocoa only. g 8 ft cc from alali..."
cocoa,1900,1,3292,1526,5.825,True,"cocoa in the christmas hamper. christmas is drawing near, and soon many of our readers will be preparing small hampers for their friends, or to give to thu..."
cocoa,1900,1,3292,1527,5.8262,True,"...original corea, and a speciality. epps's being distinguished from—all others by its invigorating nutritious qualities and it. delicious flavour. this cocoa. cols mining as it doer all the substanc"
cocoa,1900,1,3292,1528,5.8267,True,"stone trough brewery, halifax. cadbu ry's cocoa absolutely pure therefore best. ter- imils swoon pti-ie test op time. -09 ""the standard of highest purity.""—the lancet. ""the typical cocoa of english..."
cocoa,1900,1,3292,1529,5.8285,True,"the original cocoa, and a speciality. eppsis distinguished from all others by its invigorating nutritious qualities and delicious flavour. it contains all the substance..."
cocoa,1900,1,3292,1530,5.8289,True,"cocoa and no cocoa in the world equals it for exquisite piratal-ai alaver, 6- economy. in use. these are facts which are recognised alike by the medical pr..."
cocoa,1900,1,3292,1531,5.829,True,"plasmon cocoa contains all the constituents able to support life."" —lancet. alo3 digestio4. promotes rzfrzshing sleep."
cocoa,1900,1,3292,1532,5.8291,True,"legal notice. cadbchy's cocoa, is absolutely pure and it therefore he best coc3ii. it is a refreshing stimulatimg drink, and nutritious rood, contains ing no foreign substances, s..."
cocoa,1900,1,3292,1533,5.8292,True,the most nutritious. ep ps's grateful-comforting. cocoa r eak fastr4 u ppez
cocoa,1900,1,3292,1534,5.8293,True,"van houten's. van houten's cocoa preserves, their highest perfection and in concen- trated form, all the most nourishing and invigorating properties of the cocoa bean. the quality of..."
cocoa,1900,1,3292,1535,5.83,True,"it is not like or- dinary cocoas, charged with an excess of fatty matter. that has been carefully eliminated, nothing being left but cocoa in its purest and most digestible form, wi..."
cocoa,1900,1,3292,1536,5.8302,True,"ci.. i ai:: ;,,,'. ~.;,.;. 1.z.• rt "": .. •cocoa ministers to the physical requirements of young and old in an eminent degree. ""health"" says— ""cadbury's cocoa possesses in a remarkable degree those ..."
cocoa,1900,1,3292,1537,5.8303,True,cocoa the beet form of coc-4--ras for every-day use.
cocoa,1900,1,3292,1538,5.8305,True,the most nutritious; e p p s's _ grateful—comforting. cocoa breakfast—supper. bring your 111vmet° office.
cocoa,1900,1,3292,1539,5.8312,True,"...ttendance returns. the returns for the month ending decem- ber 2.oth ,were as follows —lnfant schoolb —christ church national—number on re- eadbury's cocoa is world= renowned for its absolute "
cocoa,1900,1,3292,1540,5.8312,True,"4( cocoa t.. to assist mental and physical labour, there is no cocoa like ""the food beverage of the people? dainty address: vi-cocoa, ltd., sapl 60, bunhill r..."
cocoa,1900,1,3292,1541,5.8317,True,"epps's ifortin4. cocoa dreakfast and sum% •••••'"""""
cocoa,1900,1,3292,1543,5.832,True,"epp 's by better housing, better hygiene and better food. keep yourselves well and daily use cocoa the best suited for all ages and classes."
cocoa,1900,1,3292,1544,5.8324,True,"epps's cocoa onoyid mai .......ifts. epps's cocoa for limier' rod ...pp.,. epps's cocoa imo wawa •••••■, ow."
cocoa,1900,1,3292,1545,5.8332,True,economy. half a teaspoonful makes a -- -delicious breakfast cup of van ijouten's cocoa. the same quantity of any other cocoa will not give so good a result either in strength or flavour. try a 6d tin 
cocoa,1900,1,3292,1546,5.8337,True,"oveys cocoa advertisements written by consumers. ie antinued. excellent for economy, strength and flavour. ""your cocoa is excellent, both ""for economy and flavou..."
cocoa,1900,1,3292,1547,5.834,True,"cocoa the beet term of ooeeek for beery-deg bee. manchester rd, nelson we don't ""pretend""---we do! 114, st. james st., burnley. furs only. in=l"
cocoa,1900,1,3292,1548,5.8342,True,"cocoa is refreshing, invigorating, and perfectly pure, containing all the full nourishing properties of the cocoa bean, without admixture of any kind. cadb..."
cocoa,1900,1,3292,1549,5.8352,True,"cadbury's cocoa the medical magazine says: ""the favourite cocoa of the day. for strength, purity, and nourishment,there is nothing superior to be found."" caibury's i..."
cocoa,1900,1,3292,1550,5.8356,True,"""i really mustt use vi-cocoa."" ithousands of men and women, after reading the particulars published respecting the merits of dr. tibbles' vi-cocoa,have been induced to become reg..."
cocoa,1900,1,3292,1551,5.8364,True,"... that imparts mental aad bodily %limit, and is comparatively easy of digestion, may be described as a ""pilot to health."" such a beverage is cadbury'. cocoa. lt is ""stayin"
cocoa,1900,1,3292,1552,5.8365,True,tim 1106 t itritious. epps's gratzful-comotoimmg. cocoa from england to new zealand. letter from mr. ste v ens( wn.
cocoa,1900,1,3292,1553,5.8366,True,"'lt *mkt be remembered also that mazawattee cocoa oar rtre. in* siry dame. so you win wit wain so inch al it as ot salinary cocoas. haw. ban bad w., d say. such good cocos& as kj° waitils 0000 a on 0..."
cocoa,1900,1,3292,1554,5.8369,True,... trona all ethers by its invigorating nntrltioxisrqualtileis and its delicious flavour. this cocos.. con- t. tnir)g as it does all tbssubstance orths cocoa 241 b. maintains 
cocoa,1900,1,3292,1555,5.837,True,",04""'""; 1,0"" h .-, i,' )1': 1. ~,,,,, 4, av o' eittftt— highest purity"" l cocoa alone is an excellent food as well as a stimulant, having a salutary action upon the nerve centres"" • _ _li-: v----j the"
cocoa,1900,1,3292,1556,5.837,True,epps's grateful-comforting. cocoa drs/0 kfast and supper. important to our readers. it has been suggested to us from many quarters to publish an exact and clear map of the united king...
cocoa,1900,1,3292,1557,5.837,True,"...hed from ail others by its invigorating nutritious quaities and its delicious flavour. this cocc.,, con- taining as it class all the substance of the cocoa nib, maintains its le"
cocoa,1900,1,3292,1558,5.8371,True,mazawattee cocoa will be found equally palatable. by apeal methods of manufacture no part of ties nutritive elements of the coen% bean is isst and the manufacturing s...
cocoa,1900,1,3292,1559,5.8375,True,grateful-comfc'_7:iir4g. cocoa breakfast and supper. ~ ...... 2 linte j. shaw b dyson 26 ellis run out bamford' run out whiteley c gee b peace jepson b dyson 1 ramsden b dyson
cocoa,1900,1,3292,1561,5.8384,True,maza attee cocoa you can face the prevailing sold weather with impunity. the heat-producing elements contained in this pure cocoa air most pronounced. it also forms a...
cocoa,1900,1,3292,1562,5.839,True,cocoa the most nutritious and boonominai. i i
cocoa,1900,1,3292,1563,5.839,True,"mazawattee cocoa money put in your pocket ab the result of using is so much money saved. you need barely half-a- spoonful to make a strong cup of this cocoa, and even..."
cocoa,1900,1,3292,1564,5.8398,True,"111'111111111 coo is not equalled in quality by any other cocoa whatsoever. it is no ri as so many ordinary cocoas are, a tinned concoction with a label to it, with almost as much adulterant as cocoa "
cocoa,1900,1,3292,1565,5.8401,True,"cocoa sold by all grocers, in packets and tins, john walker, & co. lithographerb. egokbinders. stationers. bewsey street warrington t it"
cocoa,1900,1,3292,1566,5.8413,True,"cocoa ..• ministers to the physical requirements of young and o!ci in an eminent degree. 'health"" says— ""cadbury's cocoa possesses in a remarkable degree t..."
cocoa,1900,1,3292,1567,5.8416,True,"...original coool4 and a speciality, e p psgs being distinguished from fl others by its invigorating nutritious qualities and its delicious savour. this cocoa, _cop- .. mining as it does all the subs"
cocoa,1900,1,3292,1568,5.8417,True,"...ddles3ro.' mr j. r. cail, 13. dover-street, cargo fleet, near middles- brough, writing on the 16th october, 1909, sisrs•— i have used th. tibbles' vt cocoa for tha past two years o"
cocoa,1900,1,3292,1569,5.8419,True,cocoa the best torso of cocoa for-every-day use. here's a grand une. for many ether novelties write for oar illustrated cata- logue. post free. 'e lectric ...
cocoa,1900,1,3292,1570,5.8424,True,fry's pure concentrated 300 il°lr4mednis cocoa &dip lamas. i
cocoa,1900,1,3292,1571,5.8426,True,epps's gratepul-comforti ng. cocoa breakfast and toppe
cocoa,1900,1,3292,1572,5.8433,True,r..-.he original cocoa.. and a speciality. ep s's distinguished from all others by its invigorating nutritious qualities and delicious flavour. it contains all the substanc...
cocoa,1900,1,3292,1573,5.8436,True,"c a i i h.5:1 ministers to the physical requirements of young and old in an eminent degree. health says— ""cadbury's cocoa possesses in a remarkable degree those natural elements of sustenance which gi"
cocoa,1900,1,3292,1574,5.8444,True,"cocoa the best form of moos for every-day uae. kine your orders for the factory times to your bookseller at once, and be sore yea g,t it, factory time* aim..."
cocoa,1900,1,3292,1575,5.8445,True,"cadbury's cocoa. absolutely pub.b—thereopore best. cadbury's cocoa is guaran- teed to be absolutely pare, and is therefore the beet cocoa. it is at once a refreshing..."
cocoa,1900,1,3292,1576,5.8445,True,cocoa the best form of cocoa for every-day use. poison in potted meat. whole families ill. one of those strange visitations of wholesale ptomaine poisoning...
cocoa,1900,1,3292,1577,5.8446,True,"•, green, landon, e. try n.f. 0000a.—yog do not know what a good cocoa is like if you have not had it. it agrees ,chen others disagree. send la or 2s to.i for a tin. bunter's nervine cubes cures tooth"
cocoa,1900,1,3292,1578,5.8451,True,"stone trough brewery, halifax. cadbury's cocoa absolutely pure therefore best. ear mias stood timm test op time. -so ""the standard of highest purity.""—tße lancet. ""the typical cocoa of english man..."
cocoa,1900,1,3292,1579,5.8455,True,mg original cocoa. and a speclality. epps's being distinguished from all others by its invigorating nutriceus qualities am; its delicious flavour. this cocoa. con. tab...
cocoa,1900,1,3292,1580,5.8456,True,e41146' 4 e _ _ the best form of cocoa for every-day u.sa.
cocoa,1900,1,3292,1581,5.8457,True,feb. strong children. --- children grow strong on cadbury's cocoa because it contains in a generous measure those food elements that are essential to health and good physical condition. it possesses t
cocoa,1900,1,3292,1583,5.8475,True,"eppss cocoa is an admirable food, the nicest and most nutritious beverage for the breakfast table. it is made in a moment with boiling water or milk, and its sus..."
cocoa,1900,1,3292,1584,5.848,True,choose a cocoa to suit your taste and need. either the most nutritious and strength-giving
cocoa,1900,1,3292,1585,5.848,True,choose a cocoa to suit your taste and need. either the most nutritious and strength-giving
cocoa,1900,1,3292,1586,5.8483,True,jltii; 60 1900 ?ne most nutrit/ous cocoa. e p p s's grateful-comfortino. cocoa and supper.
cocoa,1900,1,3292,1587,5.8484,True,grateful—comiorung. cocoa breakfast—supper. a thrilling & dramatic
cocoa,1900,1,3292,1588,5.849,True,thee most nutritious epps's grateful-comforting. cocoa breakfast and supper.
cocoa,1900,1,3292,1589,5.8491,True,"cadbury's coco the medical magazine says: ""the favourite cocoa of the day. for strength, purity, and nourishment,there is nothing superior to be found."" caibury's is cocoa an the best cocoa only. the "
cocoa,1900,1,3292,1590,5.8492,True,"...riginal cocos, and • speciality. epps's. being distinguished from all others by it. invitonaltlif nutritious qualities and its delicious savour. this cocoa, con tattling as it dose all the substa"
cocoa,1900,1,3292,1591,5.8494,True,the most nutritious. ep p s's grateful—comforting. cocoa arleittiptpt•—*upper. neegroybl
cocoa,1900,1,3292,1592,5.8503,True,"mazawatthe cocoa is guaranteed to be of finer quality, of greater strength, and is more coon omlcal as it goes twice as far as any ordinary cocos. if you are not sati..."
cocoa,1900,1,3292,1593,5.8506,True,"and fragrai pure, highest honours _ 0 a.ris exhibition, 1900. ffee & cocoa were awarded the grand prize (thi4 thr. high, -t minor obtainablt.)• ;xcellence of quality and delicacy of flavour."
cocoa,1900,1,3292,1594,5.8506,True,"grateful—comforting. cocoa settle. matthias mason, stock asd share broker,"
cocoa,1900,1,3292,1595,5.853,True,cocoa as used in settle of the largest hospitals te: use united kingdom. sold by all grocers. refuse imitations. if difficulty if experienced in obtaining ...
cocoa,1900,1,3292,1596,5.8531,True,rowntree's explanation. the diagrams in the press and on the hoardings showing the phenomenal increase in the sale of rowntree's elect cocoa have aroused widesp cad interest. that the consumption of c
cocoa,1900,1,3292,1597,5.8534,True,epps's being custinguisbod from all others by its invigorating nutritious qualitios and its delicious flavour. this cocoa. con- taining as it doss all th• substancis of the cocoa nib. maintains its is
cocoa,1900,1,3292,1598,5.8536,True,"kaic. t; wr • .srw-rs:g first. ""yields a maximum pro- portion of the valuabie food constituents of the cocoa bean.""—the lancet. ""excels in all the charac teristics which elevate cocoa to the front ran"
cocoa,1900,1,3292,1601,5.8544,True,lime mew nutritious. e p pss3 grateful.-comforting. cocoa imeakfabie/guf9efis
cocoa,1900,1,3292,1602,5.8549,True,"nourishing stout stone trough brewery, halifax. cadbury's cocoa entirely free from all admixtures— such as kola, malt, hops, alkali, &c. absolutely pure therefore best. mr' liils stood the test of tim"
cocoa,1900,1,3292,1603,5.8551,True,"epps's grateful-comforting. cocoa the most nutritious and economical. whole of the opposition, and transferring to sleep, who scored cleverly. starks again missed the goal. after this..."
cocoa,1900,1,3292,1604,5.8559,True,"...ished from an others by its invigorating nutritious quaiities and its delicious flavour. this coco:, con- taining as it does all the substance of the cocoa nib, maintains its lead"
cocoa,1900,1,3292,1606,5.858,True,il. the most nutrmous cocoa. p s's grateful-comforting. cocoa aid supper. _._z
cocoa,1900,1,3292,1607,5.8581,True,"cocoa is refreshing, invigorating, and perfectly pure, containing all the full nourishing properties of the cocoa bean, without admixture of any kind. cadb..."
cocoa,1900,1,3292,1608,5.8581,True,",„ -ilk s lib"" -g• '- • .. • .4, • ',. 4*, '.. '.. 7,', :.1 c 4 .- 4 cocoa ligestible nutriment -,-ib. beef in cups of any other cocoa. as supplied to the war oflir.,.e. obtained employment as a carte"
cocoa,1900,1,3292,1609,5.8591,True,the most nutritious. e p p s's g ra tefu i—c om 1 orting. cocoa break fe st—supper.
cocoa,1900,1,3292,1610,5.8599,True,"ep p 9 being distinguithod from all ethers b 7 its invigorating nutrizious queuities its delicious flavour. this cocoa. emu- taining as it does all the substance of the cocoa nib, maintains its leadin"
cocoa,1900,1,3292,1612,5.861,True,thp most nutritious. epps's _ g rate ful—comiorting. cocoa breakfast—supper. .. agetoliv.- -aaii■iinimiiiiiii
cocoa,1900,1,3292,1613,5.8625,True,"mazawattee cocoa is not only duro but very strong $o you will not e quire so much of ft as of o. divary uocoas. }ether- .to we have had few. if any, such 2004 cocoas ..."
cocoa,1900,1,3292,1614,5.8626,True,epps's grateful-comforting. cocoa breakfast and suppel
cocoa,1900,1,3292,1615,5.8631,True,"ma zawattee cocoa the strength of any other british- made cocoa, and goes twice as ha, is so stubborn that it cannot possibly be got over. nothing is easier of proof. ..."
cocoa,1900,1,3292,1616,5.8636,True,"... th a original clo cert, and a sitec:irtit:y. olrz distinguished from all others 4'l,s aivigoretiug nutritious quail- and its dplicious flavour. this cocoa, containing as it does all the substanc"
cocoa,1900,1,3292,1617,5.8639,True,"to suit your taste. or, a lighter and thinner drink, refreshing and stimulating. epps's cocoa essence welcome at any hour st the day."
cocoa,1900,1,3292,1618,5.8647,True,no breakfast table complete without epps's grateful-comforting. cocoa the most nutritious sad hoonoreical
cocoa,1900,1,3292,1619,5.8651,True,"ti ri; 411 4711 aktea,4, tom cocoa is absolutely pure— most refreshing, invigorating, and sustaining, guy's hospital gazette says: ""from practical experience we can say that it possess..."
cocoa,1900,1,3292,1620,5.8651,True,"read's donkey brand efuse imitations. taid by grocers, drysalters, nam, bal i '0 • • a ). $ • b the finest cocoa means of best beans, best-made, suchard's; no doubt about it tastes best and is best. i"
cocoa,1900,1,3292,1621,5.8658,True,"mazawattee cocoa too strong when half quantity only is used in com- parison to other cocoas, a farther reduction in the quastityased is advisable. owing to its superl..."
cocoa,1900,1,3292,1622,5.8665,True,epps's cocoa cocoaepi'tifg-- far i... waft epps's cocoa wall ramml eau= =el
cocoa,1900,1,3292,1623,5.8666,True,nutri7ious and economical. cocoa justly prised by *eases ote themselves sad thee children. nm oheosil it milevl7. 111'
cocoa,1900,1,3292,1624,5.8668,True,"mazkattee latamba cocoa which has been proved to be of a quality greatly surpassing the best a result that ha been reached the luxury of luxuries in foreign cocoas, cocoa."
cocoa,1900,1,3292,1625,5.8669,True,"e 0., p 5 grateful-comforting. cocoa the most nutritious and economical"
cocoa,1900,1,3292,1626,5.8676,True,"(i. i ...........i the proof of the beverage is in the drinking. try van n outen ..,.,,.:, i and you will not be disappointed. it is a pure cocoa with a delicious natural flavour which you cannot fail"
cocoa,1900,1,3292,1627,5.8687,True,"...y, ic. ~.,...? i„,,,,,.„ 5 wet pl• _ _ ~ being distinguished from all others by its invigorating nutritious qualities and its delicious flavour. this cocoa, eon- tai"
cocoa,1900,1,3292,1628,5.8693,True,mazawatt e cocoa has taken cocoa-consumers by surprise if you use as much as you would of other cocoas it is too strong to drink.
cocoa,1900,1,3292,1631,5.8715,True,"111 rhi ""medical maga& says s— without exception the most popular cocoa of the day; we are glad to give it the highest praise. for strength, purity, and nourishment there is nothing superior to be fou"
cocoa,1900,1,3292,1632,5.8717,True,"lowest birth and death rates on record. a note of warning. the eminent food specialist, dr. andrew wilson, says:— ""the practice of adding to cocoa foreign substances should be condemned— cocoa in itse"
cocoa,1900,1,3292,1634,5.8729,True,"the original cocoa, and • speciality. epps's being diatinenished from all others by its invigorating nutritious cualtties ald its delicious flavour. this cocoa, c minin..."
cocoa,1900,1,3292,1635,5.873,True,"stone trough brewery, halifax. cadbury's cocoa absolutely pure therefore best. lias stood the test of time. -min the standard of highest purity.""-771e lancet ""the typical cocoa of english manufact..."
cocoa,1900,1,3292,1636,5.8731,True,"cocoa refined, stimulating, digestible. ""the staniar, sc mout purity."" —rim lamm ••••••11411••• cad blip) cocoa the great refresher all year round, being s..."
cocoa,1900,1,3292,1637,5.8736,True,rowntree's explanation. the diagrams in the press and on the holrdings showing the phenomenal increase in the sale of rowntree's elect cocoa have aroused widespread interest. that the consumption of c
cocoa,1900,1,3292,1638,5.8745,True,"e p being distinguished from all othcrs by us invigorating nutritloas qualities and its delicious flavour. tnis cocoa, con- taining as it does all the substance of the cocoa 1111), maintelus its leadi"
cocoa,1900,1,3292,1639,5.8755,True,"really must use vi-cocoa."" thousands of men and women, after reading the particulars published respecting the merits of dr- tibbles' vi-cocoa, have been induced to become reg..."
cocoa,1900,1,3292,1640,5.876,True,epps's cocoa invaluable to all. i maypole butter los 01 i quality guaranteed! maypole dairy co. ld. local iii&scrio i d. cbt:bcb stilzkl blackpool asimums fe. da ...
cocoa,1900,1,3292,1641,5.877,True,"y • tt, k .' 1110 • r •-; 4. 41111 7.1 • 4 -st.t 4 • liz 'oat, • the original cocoa for breakfast and supper, the finest flavoured, the most nutritious, the best suited for all ages and classes, the r"
cocoa,1900,1,3292,1642,5.8775,True,"tbe original cocoa, and • speciality, epps's bang dietingulehed from all others its invigorating nutritious quail- lee and its d•liclous flavour. 'fble r,ocoa. containi..."
cocoa,1900,1,3292,1644,5.8779,True,the most nutritious. epps's grateful- comforting. cocoa sreakfast-sufwg&
cocoa,1900,1,3292,1645,5.8798,True,"9• ,fy.olll, (the lancet says is the standard 0: highest purity"" cocoa alone is an excellent food as well as a stimulant, having a salutary action upon the nerve centres"" ‘..0.-) the epicure says: ""th"
cocoa,1900,1,3292,1646,5.8807,True,"cocoa breakfast—supper published by jew; andrzw, oa 1. warreu•strsel, o°a street. itagichuoler, for the cotton factory tol^ company. .40 printed by trade u..."
cocoa,1900,1,3292,1647,5.8811,True,the most nutritious. epps's grate ril-com fort' no. cocoa bresicfas t and topfee •
cocoa,1900,1,3292,1648,5.8814,True,"cadbury's c vci..':: ;: the medical magazine says ""the favourite cocoa of the day. for strength, purity, and nourishment,there is nothing superior to be found.- caibury's is cocoa an the best cocoa on"
cocoa,1900,1,3292,1649,5.8821,True,maza attee cocoa you can face the prevailing sold weather with impunity. the heat-producing elements contained in this pure cocoa air most pronounced. it also forms a...
cocoa,1900,1,3292,1651,5.8839,True,"cocoa ""4 the best form of co- !or wrerv-dear use. là 1:"
cocoa,1900,1,3292,1652,5.8854,True,"""plasmon cocoa contains ill the constituents able to support life."" lastest digestion. braces the nerves. ia promotes refreshing • \af4 sleep. coco it analysis. coc..."
cocoa,1900,1,3292,1653,5.8856,True,"cocoa and no cocoa in the world equals it for exquisite piratal-ai alaver, 6- economy. in use. these are facts which are recognised alike by the medical pr..."
cocoa,1900,1,3292,1654,5.8857,True,• • • cocoa it is an exceedingly nourishing food beverage possessing all the essentials necessary for the sustenance of the body. highly beneficial to young and ...
cocoa,1900,1,3292,1655,5.8858,True,"when you drink co3ea, why not select the best in mazawattee cocoa you have a fool beverage of supreme refinement. the special process employed in its manufacture has been so eminently suecessful that "
cocoa,1900,1,3292,1656,5.8858,True,"... original owes, and a speciality, epps's being distinguished from all otkors by its invigorating nutritious qualities and its delicious flavour. this cocoa. con- taining as it doges all the substan"
cocoa,1900,1,3292,1657,5.8859,True,"...riginal cocos, and a speciality, e.ppsss being distinguished from all others by its invigorating nutritious qualities and its delicious flavour. this cocoa. con- as it does all the substance of t"
cocoa,1900,1,3292,1658,5.8859,True,"...s when the milkman is heavily fined for selling milk if found with the cream abstracted, it is essential that the housewife should be made aware that cocoa i"
cocoa,1900,1,3292,1659,5.887,True,cocoa ligestible nutriment -113. beef in cups of any other cocoa. as supplied to the war. office. i obtained employment as a carter for messrs. buckley and...
cocoa,1900,1,3292,1660,5.8885,True,"stone trough brewery, halifax. cadbury's cocoa absolutely pure therefore best. ear mias stood timm test op time. -so ""the standard of highest purity.""—tße lancet. ""the typical cocoa of english man..."
cocoa,1900,1,3292,1662,5.8893,True,mazawattee cocoa you have a food beverage of supreme refinement. the special process employed in its' manufacture has been so eminently successful that all the nutrit...
cocoa,1900,1,3292,1663,5.8899,True,"c ;,- 4.,,i, the best form of cocoa for every-day co.lz"
cocoa,1900,1,3292,1664,5.8907,True,"s. • ,) a cocoa 0 11 .16 etx enjoya if you want a cocoa that is not only the bast for nutritive, sustaining and in- vigorating properties, but one that you can thoro..."
cocoa,1900,1,3292,1665,5.8908,True,epps's grateful-comforting. cocoa breakfast and supper. symington's
cocoa,1900,1,3292,1666,5.8908,True,"eadbury9 cocoa is an absolutely pure article can- not be controverted in view of the results of analysis which, in our hands, this excellent article of food has yie..."
cocoa,1900,1,3292,1667,5.8912,True,"give the children plasmon oats plasmon cocoa for breakfast and supper. try them yourself. also plasnon choniate plasmor, ziscuq.s p:asmon tea delicious and nourishing for old or .young all groce..."
cocoa,1900,1,3292,1668,5.8914,True,"the original cocoa, and a speciality, e•wo'.o(o'''...s4l' being distinguished from all others by its invigorating nutritious qualities and its delicious flavour. this c..."
cocoa,1900,1,3292,1669,5.8916,True,"""i really must use vi-cocoa."" thousands of men and women, after reading the par- ticulars published respecting the merits of dr. tibbles' vi-cocoa, have been induced to become r..."
cocoa,1900,1,3292,1671,5.8922,True,th. oriel-!mai cocoa. and a speclality. epps 's being distinguished from all others by its invigorating nutritious qualities and its delicious flavour. this cocoa. con- t...
cocoa,1900,1,3292,1672,5.8922,True,"....,..... • .•• .. _ ~.,.. .„ .., ~ ..--.. being distinguished from all others by its invigorating nutritious qualities and its delicious flavour. this cocoa"
cocoa,1900,1,3292,1673,5.8931,True,"""why don't you drink vi-cocoa ?"" every working man and woman should be asked this question daily. the' opinion of the rev. f. f. taylor, of suddenhani near manchester, who writes ..."
cocoa,1900,1,3292,1674,5.8932,True,"...hed front all others by its invijorating nutritious qualities and its cl,licious flavour. ""lis cocta. ern- taiaing as it des all the substance of the cocoa nib, maintains its "
cocoa,1900,1,3292,1675,5.8938,True,".13:therto certain mach cocoas hare been coneidered the ighost in qoalit7 of any in the motet, bet mazawattee cocoa is oven superior to thsui—greacly supatior indsed. wwi snob • c..."
cocoa,1900,1,3292,1676,5.8938,True,after three-quarters of a century as cocoa the beat form of cocoa for every-day use.
cocoa,1900,1,3292,1677,5.8939,True,epps's -gra teful—comlorting. cocoa brea k fe at—supper.
cocoa,1900,1,3292,1678,5.8956,True,ep ps's grateful-comforting. cocoa sreakfast-btippfw.
cocoa,1900,1,3292,1680,5.8963,True,"nri fa wif: i !pi ,;, 73,, n 4-4 facts are stubborn things and the plain and simple fact that mazawattee cocoa is twice the strength of any other british- made cocoa, and goes twice as far, is so stub"
cocoa,1900,1,3292,1681,5.8965,True,"cocoa in the christmas hamper. christmas is drawing near, and soon many o: our .readers will be preparing sinall hampers for their friends, or to give to t..."
cocoa,1900,1,3292,1682,5.8974,True,"the or!(bud cocoa. and a speciality. _ ep psgs being distinguished from all others by its invigorating nutritious qualities and its delicious flavour. this cocos, con-..."
cocoa,1900,1,3292,1684,5.8981,True,"van houten's cocoa know how good it is to drink and how economical it is in use. if you have not tried it buy a new 6d tin, you will get 25 'cups out of it. make it wit..."
cocoa,1900,1,3292,1685,5.8988,True,"ca grys cocoa cadbury's cocoa is ""the standard of highest purity"" (so the lancet says), because it contains all the health-giving properties of the cocoa bean in t..."
cocoa,1900,1,3292,1686,5.8993,True,"mazawattee cocoa is a most pleasant experience, and has an invigorating effect upon the system, which it is impossible to over- rate. this cocoa is a valuable heat pr..."
cocoa,1900,1,3292,1687,5.8998,True,"the original cocoa for breakfast and supper, the finest flavoured, and most nutritious, the best suited for all ages and classes, the greatest invigorator for the fagge..."
cocoa,1900,1,3292,1688,5.9008,True,cocoa the best thin of cocoa for every-day use.
cocoa,1900,1,3292,1689,5.9009,True,cocoa the best form of cocoa for every-day use.
cocoa,1900,1,3292,1690,5.901,True,cocoa the best form of 00043 a for every-day u9o.
cocoa,1900,1,3292,1691,5.9011,True,"""1 really must use vi-cocoa."" thousands of men and woman, after reading the particulars published respecting the merits of dr. tibbles' vi-cocoa,he,ve been induced to become reg..."
cocoa,1900,1,3292,1692,5.902,True,"reduced prices 1 b. :atclnk""7 :5511: and messrs. cadbury bros., ltd, guarantee their cocoa to be of the same quality as heretofore."
cocoa,1900,1,3292,1693,5.902,True,epps's orateful-oomfortino. cocoa the moon marino= and boonomicak
cocoa,1900,1,3292,1694,5.9027,True,"wise other m is ever watchful of the health of her children whose physical and mental development receive her constant care c 1 i f. ,a.: • cocoa -- is a most valuable beverage for the young, and does"
cocoa,1900,1,3292,1695,5.9028,True,"fact versils fiction. the fiction is that another cocoa is ""as good as van ilouten's."" the fact is there is not another cocoa to equal van houten's. in every market in the world it is the standard by "
cocoa,1900,1,3292,1696,5.9051,True,"the original cocoa, and a speciality. eppsss distinguished from all others by its invigorating nutritious qualities and delicious flavour. it contains all the substance..."
cocoa,1900,1,3292,1697,5.9058,True,"_ a surprise for cocoa dri n ksers. two packets of ordinaryfr cocoas will cost you 11°. or 1/-, while one tin of s mazawattee cocoa, which will go quite as far, will only c..."
cocoa,1900,1,3292,1698,5.9059,True,"1112'54e7- cocoa which not only span, the sea of difficulty but also leads them to a short cut where they meet health, healing and renewed vitality—all these help the..."
cocoa,1900,1,3292,1701,5.9093,True,"ci.. i ai:: ;,,,'. ~.;,.;. 1.z.• rt "": .. •cocoa ministers to the physical requirements of young and old in an eminent degree. ""health"" says— ""cadbury's cocoa possesses in a remarkable degree those ..."
cocoa,1900,1,3292,1702,5.9103,True,"""nothing cheaper or better than vi-cocoa."" thousands of men and women say this. experience has told them that a ed. packet or 9d. or is. gd. tin of dr. tibbles' vi-cocoa is the best value in..."
cocoa,1900,1,3292,1703,5.9107,True,epps's cocoa the most nutrit4otis said mconomioal
cocoa,1900,1,3292,1704,5.9121,True,"111 rhi ""medical maga& says s— without exception the most popular cocoa of the day; we are glad to give it the highest praise. for strength, purity, and nourishment there is nothing superior to be fou"
cocoa,1900,1,3292,1705,5.9124,True,"epps's cocoa this most nutritious sad nconornirsi. aahotoor. inr• th^,gb si• m •le irt ihng aad •,. havq.l that tia saertmal ="
cocoa,1900,1,3292,1706,5.9144,True,"cocoa a fragrant, delitdeba, and most healthful beverage. ft ti./1"" p"
cocoa,1900,1,3292,1707,5.9151,True,"the original cocoa, and a speciality. epps's being distinguished from all others by its iii-vigorating nutritious qualities anil its delicious flavour. this cocoa, con-..."
cocoa,1900,1,3292,1708,5.9152,True,"epps's grateful-comforting. cocoa breakfast and supper. printed anti published by j. w. roberts, m his general printing and publishing offioe, bridge street, slaithwaite, yorks, frida..."
cocoa,1900,1,3292,1709,5.9161,True,epps's qrateful-comfortinq. cocoa breakfast-supper.
cocoa,1900,1,3292,1710,5.9168,True,"unable to move. the cocoa bean. shell is not cocoa any more than husk is con], or oyster. shells oysters, and to offer ground-up shell to cocoa drinkers is an insult to their ..."
cocoa,1900,1,3292,1711,5.9176,True,"the best for supper. van houten's cocoa is so perfectly digestible that there is no fear of its causing a bad ‘-‘ight's rest. its nourishing qualities enable the blood to build up, during s..."
cocoa,1900,1,3292,1712,5.9178,True,"cocoa the great new supper beverage. digestible, i lightful, nourishing. of all gr. ers. frcp sampler to {fa"
cocoa,1900,1,3292,1713,5.9188,True,epps's grateful-comforting. cocoa ama %fast and supper.
cocoa,1900,1,3292,1714,5.9216,True,"green, london, e try n.f. cocoa.—you do not know what a good cocoa is like if you have not had it. it agrees when others disagree. send ls or 2s 611 for a tin. gout pills the only r..."
cocoa,1900,1,3292,1715,5.9217,True,"piehitis. irr for coughs. colds a choice of cocoa to suit your taste. either the most nutritious i or, a lighter and thinner and streugth- giving drink, refreshing and stimulating, sold everywhere in..."
cocoa,1900,1,3292,1717,5.9221,True,"one cup smoii cocoa :n nutriment to iln. beef or n cups of .ordinary cocoa. aids digestion, braces the nerves, invigorates the system."
cocoa,1900,1,3292,1718,5.9225,True,"stone trough brewery, halifax. cadbury's cocoa absolutely pure therefore best. 1r- 111 vs stood the test 00 time. -see ""the standard of highest purity.""—the lancet. ""the typical cocoa of english m..."
cocoa,1900,1,3292,1719,5.923,True,how to make sure of pure cocoa. no cocoa is pure which contains substancel dot naturally present in the cocoa bean. many of the so-called cocoas now on sale are merely cocoa prepar...
cocoa,1900,1,3292,1720,5.9247,True,"the original cocoa, and a speciality. e,,,, )s e? .. ....,,, being distinguished from all others by its ißvigorating nutritious qualities anc. its delicious flavour. th..."
cocoa,1900,1,3292,1721,5.925,True,"...is because it is just purr, undefiled coon, of the highest attainahk quality, the product of the completely finest plantations, and the perfection of cocoa in przz from every"
cocoa,1900,1,3292,1722,5.9251,True,"in countless homes in every country in the world, van houten's cocoa has been used by one generation after another. they have proved by experience that no other cocoa equals it for delicious natural f"
cocoa,1900,1,3292,1723,5.9254,True,"cocoa the best form of cocsa for every-day use. the effort:: fa deputation to 1!-tival of tile reiignations of filo, a...ciatio.ci ,d.iiapprwal of. colon 4..."
cocoa,1900,1,3292,1724,5.9264,True,economy. half a teaspoonful makes a delicious breakfast cup of van houten's cocoa the same quantity of any other cocoa will not give so good a result either in strength or flavour. try a 6d tin it wil
cocoa,1900,1,3292,1726,5.9271,True,"epps's being distinguished from all others by its invigorating nutritious qualities and its delicious savour. this cocoa, con- taining as it does all the substance of the cocoa nib. maintains its lead"
cocoa,1900,1,3292,1728,5.9279,True,"ep p grateful-comforting. cocoa breakfast-supd""-"
cocoa,1900,1,3292,1729,5.928,True,"co! a the beet form of cocoa for every-do the examiner, saturday, november 26, 1904."
cocoa,1900,1,3292,1730,5.9287,True,"cocoa a tregreot, delicious. tad most boalthful b 00000 go. top .._ •"
cocoa,1900,1,3292,1731,5.9287,True,"scene on a trinidad cocoa estate. cadbury's cocoa iseabsolutely pure, therefore best. it contains all the full nourishing properties of the cocoa bean, without any foreign adm..."
cocoa,1900,1,3292,1732,5.929,True,"r s 3 ka, 9 • -1 • being distinguished from all others by its invigorating nutritious qualities are. its delicious flavour. this cocoa. con- taining as it does all the substance of the cocoa nib, main"
cocoa,1900,1,3292,1733,5.929,True,"4?"" 45' •.1 litr"" 4b4; l vt- • 411, '2,4e64-4i ""t= 441 =1.% • ^ the best form of cocoa for every-day use."
cocoa,1900,1,3292,1734,5.9299,True,"...ed from al! others by its invigorating nutritious qualities and its delicious flavour. this coca-,. con- taining d,s it does all the subotance of the cocoa nib, maintains it le"
cocoa,1900,1,3292,1735,5.9313,True,epps's cocoa nurse powell's popular pellets for ladies. nurse have been used by we in private practice for many powell's years and in every case have been wonderf...
cocoa,1900,1,3292,1736,5.9322,True,"epps's the orlsinal cocoa, awl filpeci being distinguished froth all others y its invigorating nutritious qualities sod its delicious flavour. this cocoa. cots talnir.j as it ..."
cocoa,1900,1,3292,1737,5.9328,True,"cocoa the best form of cocoa for every-day use. dacre banks. tragic deatii of a schoolniaster.-011 sim- i day morning, mr. farrington, schoolmaster, dacre ..."
cocoa,1900,1,3292,1738,5.9333,True,"strong children. everybody should drink cadbury's cocoa regulorly at breakfast and lunch taut% and particularly with the everling neil. is rause, 00 ing to as mildly stimulative action, it is on. of t"
cocoa,1900,1,3292,1739,5.9347,True,van flouteris cocoa more soluble more di more nourishing more delicious morc economical than any other. what does this mean to
cocoa,1900,1,3292,1741,5.9355,True,coo • a the best form of cocoa for every-day uoe.
cocoa,1900,1,3292,1742,5.9357,True,"the original cocoa, and a speciality. epps's being distinguished from all others by its invigorating nutritious qualities &loci its delicious flavour. this cocoa, con- ..."
cocoa,1900,1,3292,1743,5.9357,True,"cadbury's cocoa a delicious, refreshing brink. a healthful, sustaining feed. absolutely pure therefore best. ""the perfect purity of cadbury's cocoa— strong point wit..."
cocoa,1900,1,3292,1744,5.9359,True,"the original cocoa. and a speciality, epps's being distinguished from all others by its invigorating nutritious qualities and its delicious flavour. this cocoa, con- ta..."
cocoa,1900,1,3292,1745,5.936,True,"it is not like or- dinary cocoas, charged with an excess of fatty matter. that has been carefully eliminated, nothing being left but cocoa in its purest and most digestible form, wi..."
cocoa,1900,1,3292,1746,5.9367,True,epps's cocoa essence welcome at any hour of the day..
cocoa,1900,1,3292,1747,5.9371,True,"bran can live 100 years epps's by better housing, better hygiene and better food. keep yourself well and daily use cocoa the best suited for all ages and classes."
cocoa,1900,1,3292,1748,5.9376,True,"cadbu y's cocoa the lancet (august 9th, 1902) says: cadbury's cocoa undergces no method oftreatment by which foreign substances are introduced."" parents when purchas..."
cocoa,1900,1,3292,1749,5.9382,True,"stone trough brewery, halifax. cadbury's cocoa absolutely pure therefore best. ow fka.s stood the test of time. -in ""the standard of highest purity.""—the lancet. ""the typical cocoa of english manu..."
cocoa,1900,1,3292,1750,5.9386,True,"cadbury's cocoa +,..1 po* n.b.—cocca is strongest when pure, but if treated with alkali as in dutch and some english cocoas a dark coloured article is produced, whic..."
cocoa,1900,1,3292,1751,5.9386,True,"k. • ra, t*4' pi which represents cocoa in the highest attainable focm, made from the finest cocoa beans the world produces, prepared by mcse refined methods than cocoa was ever before subm..."
cocoa,1900,1,3292,1752,5.9396,True,"""i really must use vi-cocoa."" thousands of men and women, after reading the particulars published respecting the merits of dr. tibbles' vi-cocoa, have been induced to become reg..."
cocoa,1900,1,3292,1753,5.941,True,talus its leading position as cocoa the best form of cocos for evory-day am
cocoa,1900,1,3292,1754,5.9422,True,"t 9 .. -, cocoa it is an exceedingly nourishing food beverage possessing all the essentials necessary for the sustenance of the body. highly beneficial to young and ..."
cocoa,1900,1,3292,1755,5.9438,True,"e.ml=. • toi lers mental and manual, will derive 9 great beiwlit from the regular (tally use of an absolutely pure cocoa. c 9 (the lancd says:) is the standard of highest party. cocoa alone is an exce"
cocoa,1900,1,3292,1756,5.9442,True,"the most nutritious. ist • kr. rani, wri s 9 s grateful—comiorting. cocoa breakfast—supper. f lling • t air ....._ ,ticu medimai tto t ti `‘al s'''.---`t /4•""•-' i if y \ il save your hair with shampo"
cocoa,1900,1,3292,1757,5.9452,True,"one cup a smon cocoa futriment to ilb. beef or ten cups of cocoa anti is absolutely free from chemicals. agestion, braces the nerves, invigorates the system. in tins 5d.,..."
cocoa,1900,1,3292,1758,5.9456,True,how to make sure of pure cocoa. no cocoa is pure which contains substancel dot naturally present in the cocoa bean. many of the so-called cocoas now on sale are merely cocoa prepar...
cocoa,1900,1,3292,1759,5.9468,True,"because it is not co. losed, as ordinary cocoas are, partly of the shell of the cocoa bean. shell is not cocoa any more than husk is corn, or oystershells oysters, and to offer ground- up shell to..."
cocoa,1900,1,3292,1760,5.9469,True,"after three-quarters of a century as 0 ,t--t*.p. ...,-,.. '.5.. c. '.. 0 .41 .• • l'l'''. i 46 a the best form of cocoa for every-day use. pleasant paragraphs. a constant desire to vindicate themselve"
cocoa,1900,1,3292,1761,5.9471,True,00c • a the best form of cocoa for every-du: i.se. the northern union.
cocoa,1900,1,3292,1762,5.9471,True,"a king's long retrospect. cadbury's cocoa is ""a perfect food."" the lancet says: ""cadbury's cocoa represents the standard of highest purity."" take care when drinking cocoa to have the pure art..."
cocoa,1900,1,3292,1763,5.9482,True,"• :,,,,, ~ ..:.‘ n .14!, "".. •.. 4 ,', ~.., ...., 4 4 ~...., 0 „,... ~ '4. ''.. * the best form of cocoa for every-day use."
cocoa,1900,1,3292,1764,5.9486,True,"r,,:ppsys gul-oomfortinci. cocoa s/t6aiuag i --va, meal"
cocoa,1900,1,3292,1765,5.9493,True,"the duty on cocoa. in a letter to the ""daily news"" —of febmary 12, henn. (..lalbury brow, ltd., argue that the • tocoa industry is not protected. their argument, howev..."
cocoa,1900,1,3292,1766,5.95,True,coc • a the best form of cocoa for every-day use. great sankey affairs. another constable required.—the recent robbery. the great sankey parish council met od monday evening under ...
cocoa,1900,1,3292,1767,5.9501,True,"b. north esq. caution.—row to test the purity of cocoas.—lf treated with alkali and chemicals, such cocoas will have a medicinal scent when the tin is opened, and it will be a darker colour when is li"
cocoa,1900,1,3292,1768,5.9506,True,"...ddles3ro.' mr j. r. cail, 13. dover-street, cargo fleet, near middles- brough, writing on the 16th october, 1909, sisrs•— i have used th. tibbles' vt cocoa for tha past two years o"
cocoa,1900,1,3292,1769,5.9521,True,"c • 1., 1::., ft '.: .:.,,.. 7,"" (the lancet says is the standard of highest purity"" cocoa alone is an excellent food as well as a stimulant, having a salutary action upon the nerve centres."" the epic"
cocoa,1900,1,3292,1770,5.9522,True,"maz awattee cocoa is a most pleasant experience, and has an invigorating effect upon the system, which it is impossible to over- rate, this cocoa is a valuable heat pr..."
cocoa,1900,1,3292,1771,5.9525,True,"the most nutritious. p ps's grat lful-com forting. cocoa r177.\!'""77/4,rt-r._,^:'!!mr,r•"
cocoa,1900,1,3292,1773,5.9542,True,"c 4. -, a. k i ,-...,t.,1 0., 4: a „tiff, p • 4, 011.111: the best form of cocoa for every-day ilse."
cocoa,1900,1,3292,1774,5.9546,True,"tm moipt nutritious, 010011116 e p pb.'b grateful-conforting' cocoa for lirzakfast aim supper."
cocoa,1900,1,3292,1775,5.9548,True,the most nutritious. epps's grateful-com forti ng. cocoa orqakfast and supper.
cocoa,1900,1,3292,1776,5.9548,True,mazawattee cocoa you have a foal lioveraito 1 supremo re- tinement. tho speoial prisieis employed in its manufacture has hoem so eminently ric- -11..f111 that all the...
cocoa,1900,1,3292,1777,5.9557,True,geat7 -ul-comforting. cocoa breakfast and supper.
cocoa,1900,1,3292,1778,5.9565,True,"... .4eil „- •••‘.t.t„,„ ""*.n, • f. f-4 !it being distinguished from all others by its invigorating nutritious oualities and its delicious flavour. this cocoa, con- taining as it does all"
cocoa,1900,1,3292,1779,5.9567,True,"....i. from al: others -ry its invigorating nutritious quafities and its delicious flavour. this cocor, f:on• taming as it does all the substance of the cocoa nib, maintains i"
cocoa,1900,1,3292,1780,5.9579,True,cocoa s the best form ot coco. tor owase-day use.
cocoa,1900,1,3292,1781,5.9606,True,"""i really must use vi-cool"" thousands of men and, women, after reading the particulars published respecting the merits of dr. tibbles' vi-cocoa, have been induced to become regular drinkers of this po"
cocoa,1900,1,3292,1782,5.9608,True,"7.he original cocoa, and a speciality. epps5s distinguished from all others by its invigorating nutritious qualities and delicious flavour. it contains all the substance..."
cocoa,1900,1,3292,1783,5.9615,True,epps's cocoa a alkhas blidc ma 0 a sastalalag hod.
cocoa,1900,1,3292,1785,5.9619,True,"cadbury's cocoa is absolutely pure, and ""a perfect food."" .. g--.: • / \* ,a i • \ •a' (ii ~, • 1 1 4.k 1 mu 1 liili ii w 1 1 r 11 i a 1 i ', _ f \ --:. 111 \ ak__"
cocoa,1900,1,3292,1786,5.962,True,"pps's _ ,•j,l.llstinguished from all others invigorating nutritious od its delicious flavour. this o containing as it does all the 'erica of the cocoa nib, main- its leading position after ree-quarter"
cocoa,1900,1,3292,1787,5.9622,True,"""i really must use vi-cocoa."" thousands of men and women, after reading the particulars published respecting the merits of di. tibbles' vi-cocol,have been induced to become regu..."
cocoa,1900,1,3292,1789,5.9653,True,"9ft., 9 ..•., • '4:4w • cocoa for summer and winter and all the year round. n.b. cocoas treated with alkali and chemicals have a medicinal sent when the tin or packet is ii st ope..."
cocoa,1900,1,3292,1790,5.9664,True,we will sell 3-11). sugar at special 1/9 parcel 1-ib. oar celebrated tea or cocoa at 1/6 41b. finest granulated sugar at 21d 9d. 1-ib. margarine overweight -1/. the finest substitute for butter all fo
cocoa,1900,1,3292,1791,5.9665,True,the most nutritious. epps's _ _ 7 grateful-com fort) ng. cocoa breakfas 1 and supper.
cocoa,1900,1,3292,1792,5.9668,True,"a cocoa you can criday. delightful beneficial to health. if you want a cocoa that is not only the best for nutritive, sustaining and invigorating properties,..."
cocoa,1900,1,3292,1795,5.9677,True,"9 h a if; c*-coa cadbuy's cocoa is ""the standard of highest purity"" (so the lancet says), because it contains all the health-giving properties of the cocoa bean in the most easily a..."
cocoa,1900,1,3292,1796,5.9686,True,rowntree's explanation. the diagrams in the press and on the hoardings showing the phenomenal increase in the sale of rowntree's elect cocoa have aroused widespread interest. that the consumption of c
cocoa,1900,1,3292,1798,5.9691,True,"9• ,fy.olll, (the lancet says is the standard 0: highest purity"" cocoa alone is an excellent food as well as a stimulant, having a salutary action upon the nerve centres"" ‘..0.-) the epicure says: ""th"
cocoa,1900,1,3292,1799,5.9692,True,"4 ~.......... 1 mazawattee. cocoa staliba olio woo lierlo lam web% to nw 5wer...=14.7.1........ 10/or wpm 11111111 vail v ,• wt. fl 1r mo •••••••=oo/./••"
cocoa,1900,1,3292,1800,5.9696,True,epps's grateful-oomforiing. cocoa you will find it the very cocoa you want
cocoa,1900,1,3292,1801,5.9702,True,"""i really must use, vi-cocoa."", thousands of men and women, after reading the particulars published respecting the merits of dr. tibbles' vi-cocoa; have been induced to become re..."
cocoa,1900,1,3292,1802,5.9707,True,"...e °kenai coena. and • speciality, epps's being distinguished from all others by its invigorating nutritious qualities and its delicious flavour. this cocoa, eon. taming alit doer all the substance o"
cocoa,1900,1,3292,1803,5.9708,True,"the &urinal cocoa, and a speciality, epps's being distinguished from all others by it. invigorating nutritious qualities and its delicious flavour. this cocoa. cod tam..."
cocoa,1900,1,3292,1804,5.9708,True,cocoa the best thin of cocoa for every-day use.
cocoa,1900,1,3292,1805,5.9713,True,epps's grateful—comforting. cocoa breakfast—supper. the bad question at hohnsea. influential meeting of residents.
cocoa,1900,1,3292,1806,5.9717,True,...stle.ss eft.tprrn xxviii. john w. nicholson 70ji april. 8103. caution.—how to test the purity of envie.. —lt treated with alkali and chemicals. buell cocoas will have a medicinal 
cocoa,1900,1,3292,1807,5.9723,True,"nri fa wif: i !pi ,;, 73,, n 4-4 facts are stubborn things and the plain and simple fact that mazawattee cocoa is twice the strength of any other british- made cocoa, and goes twice as far, is so stub"
cocoa,1900,1,3292,1808,5.9725,True,"""i really must use vi-cocoa."" thousands of men and women, after read- ing the particulars published respecting the merits of dr. tibbles' vi-cocoa, have been induced to become r..."
cocoa,1900,1,3292,1809,5.9728,True,"2 mcdougalls paterit sel 4-q health, the british medical journal, speaking of properly-prepared cocoas as a means of promoting health, strength and good digestion, sags ""van houten's cocoa is admirabl"
cocoa,1900,1,3292,1810,5.9728,True,"eppss cocoa is an admirable food, the nicest and most nutritious beverage for the breakfast table. it is made in a moment with boiling water or milk, and its sus..."
cocoa,1900,1,3292,1811,5.9728,True,"eppss cocoa is an admirable food, the nicest and most nutritious beverage for the breakfast table. it is made in a moment with boiling water or milk, and its sus..."
cocoa,1900,1,3292,1812,5.9728,True,"eppss cocoa is an admirable food, the nicest and most nutritious beverage for the breakfast table. it is made in a moment with boiling water or milk, and its sus..."
cocoa,1900,1,3292,1813,5.9733,True,"epps's grateful—comforting. cocoa breakfast—supper. ln ks, gums, pens, pencils, and all office and mill stationery at the guardian oftioe."
cocoa,1900,1,3292,1814,5.9735,True,"pps's _ ,•j,l.llstinguished from all others invigorating nutritious od its delicious flavour. this o containing as it does all the 'erica of the cocoa nib, main- its leading position after ree-quarter"
cocoa,1900,1,3292,1815,5.9741,True,"mazawattee cocoa is even superior to them—greatly superior indeed. with such a cocoa you soon realize what cocoa really is, and means, and should be"". goxidon stables..."
cocoa,1900,1,3292,1816,5.9742,True,"epps's cocoa onoyid mai .......ifts. epps's cocoa for limier' rod ...pp.,. epps's cocoa imo wawa •••••■, ow."
cocoa,1900,1,3292,1818,5.9753,True,"the best for supper. van houten's cocoa is so perfectly ...;tible that there is no fear of its a bad night's rest. its nourishing i,!ities enable the blood to build up, •:ing sleep, the mat..."
cocoa,1900,1,3292,1819,5.9754,True,"...al occea. sad a speciality, _ e p ps 7 s being distinguished from afl others by its invigorating isutzltious qualities and its delledous savour. this cocoa, con- taining as it does all the s"
cocoa,1900,1,3292,1820,5.977,True,"the superiority of mazawattee cocoa is so marked that it can be instantly detected blindfold. there- fore, put a common-sense fact to a common-sense test, and establish the proof for yo..."
cocoa,1900,1,3292,1821,5.9771,True,thp most nutritious. epps's g t'ateful—gomforting. cocoa breakfast—supper. beverley council. the expense of education. there were only two vacant chairs at the meeting of the beverley town council on 
cocoa,1900,1,3292,1822,5.9771,True,tme most nutritious cocoa. e p -11 s's or* rertn-comfortinci. cocoa and supper.
cocoa,1900,1,3292,1823,5.9772,True,"a smoii cocoa striment to 4.8. beef or ten cups of cocoa and is absolutely free from. chemicals. agestion, braces the nerves, invigorates the system. in tins sd., ..."
cocoa,1900,1,3292,1824,5.978,True,"e-4-42:,;221\41v a surprise for cocoa two packets of ordinary cocoas wit! cost you 110. 1/-, whiie one tin of mazawattee cocoa, t-‘ which will go quite as far, 41' will only cost you 6°. ..."
cocoa,1900,1,3292,1825,5.978,True,"open-all treatment. • s •:',•••` • f.7,5:1•"" *a coco-, • you can enjoy. if you want a cocoa that is not only the best for nutritive, sustaining and in- vigorating proirerties, but one that you can tho"
cocoa,1900,1,3292,1826,5.9805,True,"... that imparts, mental and bodily vigour, and is comparatively easy of digestion, may be described as a pilot to health."" such a beverage is cadbury's cocoa. it is ""staying and"
cocoa,1900,1,3292,1827,5.981,True,"ou erits ~ ~,,:' • .• '4-'3 ,r '' .„-.. --, .;: '''' • c rk` '4ll. le '....::, ‘... )11 f_'t -4. try it. it is a pure soluble cocoa with a delicious natural flavour which you cannot fail to enjoy. 'pu"
cocoa,1900,1,3292,1828,5.9815,True,"van houten's cocoa know how good it is to drink and how economical it is in use. if you have not tried it buy a new 6d tin, you w.ill get 25 cups out of it. make it wit..."
cocoa,1900,1,3292,1830,5.9829,True,is • • grateful-comforting. cocoa the most nutritious and econonalcal
cocoa,1900,1,3292,1831,5.9851,True,a choice of cocoa either the mnst nutritious and strength-giving
cocoa,1900,1,3292,1832,5.9852,True,"ci.. i ai:: ;,,,'. ~.;,.;. 1.z.• rt "": .. •cocoa ministers to the physical requirements of young and old in an eminent degree. ""health"" says— ""cadbury's cocoa possesses in a remarkable degree those ..."
cocoa,1900,1,3292,1833,5.9855,True,"...rage that imparts mental and maw; vigour, and is comparatively easy of digestion, may he described as a• • pilot abash. such a beverage is cadtstry's cocoa. it is .• staying a"
cocoa,1900,1,3292,1834,5.9856,True,"""a delicious beverage, easily assimilated.""— food and cookery. a cocoa you can enjoy."
cocoa,1900,1,3292,1835,5.9857,True,epps's %ming distinguished from all others by ita invigorating nutritious quali- ties and its &melons flavour. this cocoa. containing as it dais all the 'abstain» of the cocoa xlb. nuttn- tains its le
cocoa,1900,1,3292,1837,5.9863,True,epps's grateful comforting. cocoa you will find it the very cocoa you want.
cocoa,1900,1,3292,1839,5.9872,True,"mazawattee cocoa le even superlor to them —greatly superior indeed. with such a cocoa you soon realize what cocoa really is, and means, and should be."" gordon -tables..."
cocoa,1900,1,3292,1842,5.9883,True,"...rom tin working classts. mrs. blake, 49, rupert-street, reading, writes ""i think it is only fair that every one should know what a splendid thing vi- cocoa"
cocoa,1900,1,3292,1843,5.9896,True,403le_ a cocoa —it maki the tfoenee. groc•er 401; ci-cotca pao kgrand 9d. 0114 in. a tins.
cocoa,1900,1,3292,1844,5.9898,True,"van i iouten9saocla no cocoa equals it. only one quality. best & goes farthest. t 01,10 s 4 • for ladies -ills to be had of all chemiws in boxes, la lid, 2. 9d. or 4a 64. or sent..."
cocoa,1900,1,3292,1845,5.9907,True,"nazi i imeadediar. go. —.i at alhonmilim flouri.h .r. (tardy umbrusted ""ling upright- dymbrough, latariba cocoa which, while reprc,ent:ng the highest attainable quality in cocoa is no dearer price tha"
cocoa,1900,1,3292,1846,5.9907,True,"economy. it-7f a teaspoonful makes a deliclous breakfast ,cup of van houten's cocoa. the same/ quantity of any other cocoa will not give so 'good a result either in strength or flavour. try a 6d tin i"
cocoa,1900,1,3292,1847,5.9914,True,"[the end.] it is rather lucky that girls are angels without wings. otherwise they only be plucking themselves to trim hats. cadbury's cocoa is a pure refined beverage, nutritious, stimullting, and dig"
cocoa,1900,1,3292,1848,5.9916,True,"epps's being distinguished from all others by its invigorating nutritious qualities and its delicious flavour. this cocoa, con- taining as it does all the substance of the cocoa nib, maintains its lea"
cocoa,1900,1,3292,1850,5.9931,True,"""i really must use vi-cocoa."" thousands of men and women, after reading the particulars published respecting the merits of dr. pibbles' vi-cocoa, hive been 'minced to become reg..."
cocoa,1900,1,3292,1851,5.9936,True,"the original cocoa, and a speciality, 1111 se • e p s being distinguished from all others by its invigorating nutritious qualities and its delicious flavour. this cocoa..."
cocoa,1900,1,3292,1852,5.9936,True,"the original cocoa, and a speciality, ep s's being distinguished from all others by its'invigorating- nutritious qualities and its delicious flavour. this cocoa, ccn- -..."
cocoa,1900,1,3292,1853,5.994,True,"maz awattee cocoa is a most pleasant experience, and has an invigorating effect upon the system, which it is impossible to over- rate, this cocoa is a valuable heat pr..."
cocoa,1900,1,3292,1854,5.995,True,the most nutritious. epps's grateful—comforting. cocoa brea k fa st.—supper. colne new education committee. commences its work at col.ne. election of voluntary school managers.
cocoa,1900,1,3292,1856,5.996,True,grateful-comforting. cocoa breakfast and supper.
cocoa,1900,1,3292,1857,5.996,True,grateful-comforting. cocoa breakfast and supper.
cocoa,1900,1,3292,1858,5.996,True,grateful-comforting. cocoa breakfast and supper.
cocoa,1900,1,3292,1859,5.9967,True,"...nished from all ctlt,rs by its invigorating nutritious qualities and its delicious tlavot• this coons.. con. mining as it does ^. be substance or tho cocoa nib. malt its leading po"
cocoa,1900,1,3292,1860,5.9979,True,epps's cocoa essence welcome at any hour of the da3.
cocoa,1900,1,3292,1861,5.9986,True,"• • p • ""0, 4i • • s 4 j.4)* (tire lancet says: ""!s the standard a highest, purity' cocoa alone is an excellent food as well as a stimulant, having a salulary action upon the nerve centres"" the epicur"
cocoa,1900,1,3292,1862,5.9989,True,"the original cocoa, and a speciality, 4.... 40,,,,,,,,, ~,,,..,,1,,,,, tw""t% 5 r. •• ~,. a 4y. +4.. rov to' qt. vk being distinguished frum all others its invigorating ..."
cocoa,1900,1,3292,1863,5.999,True,"fs\ • .v"" it is the cocoa of the future! beware of the inferior qualities of cocoa both for yourself and your children free samples at your grocer! a clumsy gibe., a 1., :4 'n..."
cocoa,1900,1,3292,1865,6.0003,True,"epps's cocoa you win find it the very cocoa you want. reported at s owes log of tile. lilase'oi 'eassril t isps4 ll.e t omit y r 1,01•11,1• 4.1 ini telly £3.500 o..."
cocoa,1900,1,3292,1866,6.0008,True,"...he lancet says: ""we are glad to find that messrs. cadbury draw atten• tion to the fact that there are strong grounds for objection to the addition to cocoa of certain foreign"
cocoa,1900,1,3292,1867,6.0016,True,"""i really must use vi-cocoa."" thousands of men and women, after reading the parti- culars published respectiag the merits of dr. tibbles' vi-cocoa, have been induced to become r..."
cocoa,1900,1,3292,1868,6.0022,True,"cocoa a fragrant, delicious, and anost.hcalthful inverage."
cocoa,1900,1,3292,1869,6.0035,True,"...is because it is just purr, undefiled coon, of the highest attainahk quality, the product of the completely finest plantations, and the perfection of cocoa in przz from every"
cocoa,1900,1,3292,1870,6.0035,True,"after three-quarters of a century as cocoa the best form of cocoa for every-day use. about bright's disease. from phcenix green, winchfleld, hants, comes the report of a case which is sure to ..."
cocoa,1900,1,3292,1871,6.0038,True,epps's cocoa essence %come at any hoar et the day.
cocoa,1900,1,3292,1872,6.004,True,"grateful-comforting. cocoa oreakfacit and supper. the slaithwaite guardian and colne valley news-august 17, 1900. reminiscences."
cocoa,1900,1,3292,1873,6.0044,True,a choice of cocoa either the most nutritious and strength-giving
cocoa,1900,1,3292,1874,6.0044,True,a choice of cocoa either the most nutritious and strength-giving
cocoa,1900,1,3292,1875,6.0044,True,a choice of cocoa either the most nutritious and strength-giving
cocoa,1900,1,3292,1876,6.0044,True,a choice of cocoa either the most nutritious and strength-giving
cocoa,1900,1,3292,1877,6.0044,True,a choice of cocoa either the most nutritious and strength-giving
cocoa,1900,1,3292,1878,6.0044,True,a choice of cocoa either the most nutritious and strength-giving
cocoa,1900,1,3292,1879,6.0044,True,a choice of cocoa either the most nutritious and strength-giving
cocoa,1900,1,3292,1880,6.0044,True,a choice of cocoa either the most nutritious and strength-giving
cocoa,1900,1,3292,1881,6.0044,True,a choice of cocoa either the most nutritious and strength-giving
cocoa,1900,1,3292,1882,6.0044,True,a choice of cocoa either the most nutritious and strength-giving
cocoa,1900,1,3292,1883,6.0044,True,a choice of cocoa either the most nutritious and strength-giving
cocoa,1900,1,3292,1884,6.0044,True,a choice of cocoa either the most nutritious and strength-giving
cocoa,1900,1,3292,1885,6.0044,True,cocoa breascfast- supper. rifurc.a.ted rivets (thomson's patent).
cocoa,1900,1,3292,1887,6.0071,True,the most nutritious. epps's grateful-comforting. cocoa orpamfast and supper. important to our readers. it has been suggested to us from many quarters to publ6h an exact and clear map of the united kin
cocoa,1900,1,3292,1888,6.0079,True,".oslrely taken tip • enthusissm. musio,tigotteridt, the most nutritious. rip p s's grateful-comforting. cocoa breakfast-supper."
cocoa,1900,1,3292,1889,6.0083,True,the. most nutritious. epps's grateful—comforting. cocoa breakfast—supper. increased rates in the skirlauch union. the telegra.ph. saturday. may 30. 1903.
cocoa,1900,1,3292,1890,6.0084,True,the liijest qualiiy ever attained by any cocoa of any country. the humiliation under which british cocoa-consumers have heretofore laboured of having to rely upon foreign cocoa firms for the highe...
cocoa,1900,1,3292,1891,6.0088,True,"cocoa _ orwkfast and supper. i the oriental cafe is now open for the season. boating, lawn tennis. ping pong."
cocoa,1900,1,3292,1892,6.0091,True,"forei-n competition e;- mpletely con ituered 1%. rip iyitl. latarfi',l. cocoa. which is acknowledged on all sides to be tee highest quality ever attamed by any cocoa of any ciuntry. the humiliation un"
cocoa,1900,1,3292,1893,6.0107,True,...uisite flavour of ripe lemons there are no table jellies to equal eiffel tower lemon aellies. beautifully clear and they always set. the best form of cocoa for every
cocoa,1900,1,3292,1894,6.0109,True,"i, ~ sat in ac, with cocoa insti of a pie; to avoid indiges just take my sug ""van houten's the cocoa to"
cocoa,1900,1,3292,1895,6.0119,True,"ns ireakfaet table complete without epps's liratzful-oomforting. cocoa mk, mout nuirigoup ilamendosis"
cocoa,1900,1,3292,1896,6.0139,True,"40,t, 4;4.:a0 adbury is as pvre as i,t is good. lavoid cocoa concoctions— the added ingredients in such mixtures are mostly cheapening 4'44' substances that either diminish zo•,:e. vi or neutralize th"
cocoa,1900,1,3292,1897,6.0144,True,the most f• itritiou3. epps's grateful-conifohting. cocoa breakfast and supper.
cocoa,1900,1,3292,1898,6.0156,True,"""i really must use, vi-cocoa."", thousands of men and women, after reading the particulars published respecting the merits of dr. tibbles' vi-cocoa; have been induced to become re..."
cocoa,1900,1,3292,1899,6.0163,True,"the duty on cocoa. in a letter to the ""daily news"" —of febmary 12, henn. (..lalbury brow, ltd., argue that the • tocoa industry is not protected. their argument, howev..."
cocoa,1900,1,3292,1900,6.0176,True,"""1 really must use vi-cocoa."" thousands of men and woman, after reading the particulars published respecting the merits of dr. tibbles' vi-cocoa,he,ve been induced to become reg..."
cocoa,1900,1,3292,1901,6.0193,True,cocoa orp.si %fast and supper. important to our readers. it haa been suggested to us from rainy quarters to publish an exact and clear map of the united ki...
cocoa,1900,1,3292,1902,6.0211,True,"van houten's cocoa know how good it is to driuk and how economical it is in use. if you have not tried it buy a new 6d _tin, you will get 25 cups out of it. make it wit..."
cocoa,1900,1,3292,1903,6.0212,True,"stone trough brewery, halifax. cadbury's cocoa absolutely pure therefore best. ear mias stood timm test op time. -so ""the standard of highest purity.""—tße lancet. ""the typical cocoa of english man..."
cocoa,1900,1,3292,1904,6.0216,True,cocoa the beet form of comm for ever7-der ule• i
cocoa,1900,1,3292,1905,6.0217,True,epps's grateful-oomforiing. cocoa you will find it the very cocoa you want
cocoa,1900,1,3292,1906,6.0221,True,grateful-00t4forting. cocoa for areau[sast and suppna.
cocoa,1900,1,3292,1907,6.0222,True,epps's grateful-comforting. cocoa breaivast and iiiuppeft.
cocoa,1900,1,3292,1908,6.023,True,cocoa eirraicpast- supper. bifttecated rivets (thomson's patent).
cocoa,1900,1,3292,1909,6.0236,True,"...ished from all others by its invigorating nutritious qualities and its delicious flavour. this coco, con- taining as it does all the substance of the cocoa nib, maintains its lead"
cocoa,1900,1,3292,1910,6.0239,True,"every woman a choice of cocoa to suit your taste. either the most nutritious or, a lighter and thinner and strength-giving drink, refreshing and stimulating. eppsis epps's gratefu..."
cocoa,1900,1,3292,1911,6.0244,True,"epps's grateful-comforting, cocoa you will find it the • very cocoa you want."
cocoa,1900,1,3292,1912,6.0258,True,"and the plain and simple fact that mazawattee cocoa is twice the strength of any other british- made cocoa, and goes twice as far, is so stubborn that it cannot possibly be got over. nothing is easier"
cocoa,1900,1,3292,1913,6.0258,True,"and the plain and simple fact that mazawattee cocoa is twice the strength of any other british- made cocoa, and goes twice as far, is so stubborn that it cannot possibly be got over. nothing is easier"
cocoa,1900,1,3292,1914,6.0268,True,grateful-comforting. cocoa lireakfast and wppiel
cocoa,1900,1,3292,1915,6.0269,True,"household hints. chocolate care. this is made in just the same way as an ordirwry cake, the only difference being that a sixpenny packet of cocoa is mixed with every bag (one and a half pounds) of hou"
cocoa,1900,1,3292,1916,6.0273,True,coffee and cocoa liptons were awarded the grand prize (this is the highest honour obtainable). lovers of perfect coffee and cocoa will find liptons unequalled for exc...
cocoa,1900,1,3292,1917,6.0273,True,liptons coffee and cocoa were awarded the grand prize (this is the highest honour obtainable). lovers of perfect coffee and cocoa will find lipton's unequalled for excellence...
cocoa,1900,1,3292,1918,6.0273,True,"mazawattee cocoa aisists forrnstion of mu,ole and hardens it for action, and, therefore, is a drink pir excellence for the athlete, the sailor, the soldier, and of al..."
cocoa,1900,1,3292,1919,6.0281,True,epps's %ming distinguished from all others by ita invigorating nutritious quali- ties and its &melons flavour. this cocoa. containing as it dais all the 'abstain» of the cocoa xlb. nuttn- tains its le
cocoa,1900,1,3292,1920,6.0297,True,"po ""the typical cocoa \ of english many- ~ facture."" t i the analyst. vadburp 9 i"
cocoa,1900,1,3292,1921,6.0299,True,4. • t being the most refined most digestible most soluble most satisfying and mast strengthening of all forms supplies a new cocoa there are no special agents for this cocoa. it can be obtained from 
cocoa,1900,1,3292,1922,6.0299,True,ripun corporation higin the most nutritious epps' grateful-comforting. cocoa breakfast...supper i
cocoa,1900,1,3292,1923,6.0303,True,tim most nutritious. epps's grateful-con ro nti n g. cocoa imeakfaxt and lilppei
cocoa,1900,1,3292,1925,6.0309,True,"""a delicious beverage, easily assimilated.""— food and rookery. a cocoa you can enjoy."
cocoa,1900,1,3292,1927,6.0318,True,"bury' cocoa is deliciously warming and comforting for children on a cold win morning. the first thought on awakening is for ""something and nothing is more benefi..."
cocoa,1900,1,3292,1928,6.0324,True,"~.. „.-63 ,_, v ~ 0 ,9, the orlsinal cocoa, aid a bpeciali t y, d1:11-angu1shed from all others jiy its invigorating nutritious quali- ties and its delicious flavour. tide cocoa, containing as..."
cocoa,1900,1,3292,1929,6.0332,True,save raon ey it being the one cocoa in which all the special nutritive qualities of the most perfect growths are carefully conserved; the one cocoa in which nothing but cocoa of the ver...
cocoa,1900,1,3292,1930,6.0339,True,'1 1 9 cocoa is a delicious invigorating i sustaining food leverage for summer and winter and all the 'ear round. n. 13. cocoas treated with alkali and chemicals ...
cocoa,1900,1,3292,1931,6.0342,True,"cadbury's cocoa ""9 is a most valuable i* beverage for oa el rtailizi p11:1 4s**ii.ii highly nutritious and ss absolutely pure, being rop, entirely frae from druge or..."
cocoa,1900,1,3292,1932,6.0343,True,"cocoa ernest needham, (captain, sheffield united football club, winners of the english cup, 1902. cadbury's cocoa is ""a perfect food."""
cocoa,1900,1,3292,1933,6.0343,True,save money it 6eing the one cocoa in which all the special nutritive qualities of the most perfect growths are carefully conserved; the one cocoa in which nothing but cocoa of the ver...
cocoa,1900,1,3292,1934,6.0347,True,"cocoa is so much money saved. you need barely half-a- spoonful to make a strong cup of this cocoa, and even then it is found too strong for some people. th..."
cocoa,1900,1,3292,1935,6.0356,True,"cadborys cocoa ""a really valuable f 000."" fr.:, 4 i 'it)), _t,l kr';' ;:trees te 4 i"
cocoa,1900,1,3292,1936,6.0365,True,"...s a famous athlete (mr.launcestoa elliot the weight-lifter) says for physical culture the most nourishing hot drink should in my opinion be made from cocoa, and from my own experience i consid"
cocoa,1900,1,3292,1938,6.0369,True,"cllo ah•• )'• .e.h the best form of cocoa for every-day •,:sa."
cocoa,1900,1,3292,1939,6.037,True,"a good ':44eginning is half the battle, so see that you begin your day well by taking a cup of van houten's cocoa at breakfast time. it is a nourishing and delicious beverage, strengthening the body f"
cocoa,1900,1,3292,1940,6.0371,True,"c ytir"" s cocoa cadbury's cocoa is ""the standard of highest purity"" (so the lancet says), because it contains all the health-giving properties of the cocoa bean in t..."
cocoa,1900,1,3292,1941,6.0374,True,cocoa a fragrent. dmmtoom sea most healthful beverage.
cocoa,1900,1,3292,1942,6.0375,True,"cadbj‘.o wk.? % • • 4r4 • ,t• the medical magazine says: ""the favourite cocoa of the day. for strength, purity, and nourishment ,there is nothing superior to be found."" the lancet says: ""we are glad t"
cocoa,1900,1,3292,1943,6.0393,True,"van houitys cocoa know how good it is to drink and how economical it is in use. if you have not tried it buy a new 6d tin, you will get 25 cups out of it. make it with..."
cocoa,1900,1,3292,1944,6.0408,True,"... speciality, =s, 'ko •1/4. ""t• c • oar?, being distinguished from all others by its invigorating nutritious qualities and its delicious flavour. this cocoa. con- taining as it"
cocoa,1900,1,3292,1945,6.0422,True,"...iginal coco*, and a speciality, epps's being distinguished from all others by its invigorating nutritious quali- ties and its delicious flavour. this cocoa, containing as it does all the substan"
cocoa,1900,1,3292,1946,6.0423,True,fortifted by mazawattee cocoa yera call lace the prevailing cold weather with impunity. the hest-producing elements contained in this pure cocoa are most pro- nouncod. it also for...
cocoa,1900,1,3292,1947,6.0449,True,"van tioute,n's pure cocoa soluble ii alike a healthy stimulant and a nourishing food. it strengthetut and tones up the nervous system, builds up the body and renews the store ..."
cocoa,1900,1,3292,1948,6.0454,True,"mazawattee cocoa also lt liver23o4, cie9tkr.et^ erc. if you still find at the holywell monthly sessions on tuesday, thomas harris, residing at claremont, dec banks, c..."
cocoa,1900,1,3292,1949,6.0466,True,".e, tio, a the best form of cocoa for every-dc 5- 7:158."
cocoa,1900,1,3292,1950,6.0471,True,"s. • ,) a cocoa 0 11 .16 etx enjoya if you want a cocoa that is not only the bast for nutritive, sustaining and in- vigorating properties, but one that you can thoro..."
cocoa,1900,1,3292,1951,6.0471,True,_ e p psgs grateful—comforting. cocoa break fe st—supper.
cocoa,1900,1,3292,1952,6.0475,True,"...stinguished frc ia others 137 ite umigoraung nutzitious qualities and tin dein:sous damn this coooa, eon- talning es it does air the imbstanoe ef the cocoa"
cocoa,1900,1,3292,1953,6.0478,True,"the medical magazine says the favourite cocoa of the day. for strength, purity, and notiristment,there is nothing superior to be found."" c abury's is cocoa an tin cocoa only. g 8 ft cc from alali..."
cocoa,1900,1,3292,1954,6.0478,True,no breakfast table complete without epps's grateful-comforting. cocoa the most nutritious sad economical
cocoa,1900,1,3292,1955,6.0481,True,epps's grateful-comforting. cocoa breakfast and supper
cocoa,1900,1,3292,1956,6.0483,True,epps's cocoa invaluable to all. the backbone of england—the man in the overalls.
cocoa,1900,1,3292,1957,6.0492,True,"in ',,0, ~-1.4'1,-, ax), .., ~ • '''' :' 0- ~1 i': 4111 v '-'"" •. .t., c .1.5 • ,u,, '4'..\; '; '. it ,s • the best form of cocoa for every-da"
cocoa,1900,1,3292,1959,6.0514,True,"a cup of pla.smon cocoa at breakfast will keep you well fed and contented till lunch time. of all grocers, 9d., 1/4 and 2/6 per tin."
cocoa,1900,1,3292,1960,6.0518,True,"...s e. h. met-i calfe, 38, palm- erston terrace, woodlands road. middlesbrough writing on the 12th october, 1909, says: —"" we have used dr. tibbles' vi cocoa for several years now. we never have any"
cocoa,1900,1,3292,1961,6.0518,True,"stone trough brewery, halifax. cadbu ry's cocoa the halifax comet. fir"
cocoa,1900,1,3292,1962,6.0524,True,",0•41"", • 4,4 t 4' 4-4 '; • the best form of cocoa for every-aay e."
cocoa,1900,1,3292,1963,6.0524,True,"fact versus fiction. the fiction is that anther cocoa is ""as good as van i-louten's."" the fact is there is not another cocoa to equal van houten's. in every market in the world it is the standard by w"
cocoa,1900,1,3292,1964,6.0527,True,"the most nutp.itious. 'epps's grateful-com forting. cocoa ereanfa:,"
cocoa,1900,1,3292,1965,6.053,True,"cocoa refined, stimulating, digestible. ""the staniar, sc mout purity."" —rim lamm ••••••11411••• cad blip) cocoa the great refresher all year round, being s..."
cocoa,1900,1,3292,1966,6.0532,True,"the original cocoa, and a speciality, gc...ave -••_& •41 it' • '64 4.4 • being distinguished from all others by its invigorating nutritious qualities and its delicious ..."
cocoa,1900,1,3292,1967,6.054,True,"mazawattee cocoa goes twiee as far as ordinary coo. a half spoonful gives twice as much liquid as any ordinary coro*. test this fact for yourself, and if you are not ..."
cocoa,1900,1,3292,1968,6.0552,True,fftar 5s pure concentrated 300 a°l4 med4l4 cocoa & ploatas.
cocoa,1900,1,3292,1970,6.0566,True,"the original cocoa. and a speciality. _ epps9s being distinguished from all others by its invigorating nutritious qualities and its delicious flavour. this cocoa, con- ..."
cocoa,1900,1,3292,1971,6.0575,True,the most nutritious. epps's grateful—comt—orting. cocoa breakfast—supper- *taljeloybl i ll. ditio jo birkenhead 1
cocoa,1900,1,3292,1972,6.0584,True,"-41a11 ury's cocoa is refreshing, invigorating, and perfectly pure, containing all the full nourishing properties of the cocoa bean, without admixture of any kind. cal;..."
cocoa,1900,1,3292,1973,6.0595,True,"van houten's cocoa know how good it is to drink and how economical it is in use. if you have not tried it buy a new 6cl tin, you will • get 25 cups out of it. make it w..."
cocoa,1900,1,3292,1974,6.0603,True,"every woman a choice of cocoa to suit your taste. either the most nutritious or, a lighter and thinner and strength-giving drink, refreshing and stimulating. eppsis epps's gratefu..."
cocoa,1900,1,3292,1975,6.0609,True,economy. half a teaspoonful makes a delicious breakfast cup of van houten's cocoa the same quantity of any other cocoa will not give so good a result either in strength or flavour. try a 6d tin it wil
cocoa,1900,1,3292,1976,6.0613,True,"the original cocoa, and a speciality. eppsis distinguished vrom all others by its invigorating nutritious qualities and delicious flavour. it contains all the substance..."
cocoa,1900,1,3292,1977,6.062,True,"cocoa the beet term of cocoa for every-day nes. ifront our king downwards, are large customers. two manufacturies near par: have had to double their piomis..."
cocoa,1900,1,3292,1978,6.0651,True,"• *. _ • .* the opiginal cocoa for breakfast and supper, the finest flavoured, and most nutritious, the best suited for all ages and classes, the greatest invigorator for the fagge..."
cocoa,1900,1,3292,1979,6.0652,True,"r d ‘4.."" ""- ibilbpd,;i! ° is as fire as it is goc4. avoid cocoa concoctions— the added ingredients in such mixtures are mostly cheapening substances that either diminish t, or neutralize the natural "
cocoa,1900,1,3292,1980,6.0654,True,"the original cocoa, and a speciality. epps's distinguished from all others by its invigorating nutritious qualities and delicious flavour. it contains all the substance..."
cocoa,1900,1,3292,1981,6.0664,True,sustaining qualities ars cocoa invaluable ta all. slft
cocoa,1900,1,3292,1982,6.0671,True,"."" a t. 4 .efo.\.7 ,exe, t 4 quo ri;,:o .y ,4„„:„ av. a, no foreign cocoa imported into this country equals"
cocoa,1900,1,3292,1983,6.0677,True,"why don't you drink vi-cocoa ?"" eveiy working man and woman should be asked this question daily. the opinion of the rev. f. f. taylor, of suddenham, near manchester, who writes':..."
cocoa,1900,1,3292,1984,6.0681,True,"""i really must use vi-cocoa."" thousands of men and women, after reading the parti- culars published respecting the merits of dr. tibbles' vi-cocoa, have been induced to become r..."
cocoa,1900,1,3292,1985,6.0687,True,"mazawattee cocoa is the finest, the rnest soluble, end the most inruor- &ling cocol,ever made. arhslf-spoonful gives twice se much liquid as any ordinary cocot. lest ..."
cocoa,1900,1,3292,1986,6.0687,True,"wbat cad the great scientist, baron ""cocoa is a power; but its quali and easily digested, occu von perfect with those whose speakers, and with cadbury's cocoa and caution: h°w nhamil and will ..."
cocoa,1900,1,3292,1987,6.071,True,"'nothing chea per or better than vi-cocoa."" thousands of men and women say this. experience has told them that a 6d. packet or 9d. or is. 6d. til. of dr. tibbles' vi-cocoa is the best value i..."
cocoa,1900,1,3292,1988,6.0732,True,"totals 164 23.70 1-97 lees w. gregson, f.g.s. cadbury's cocoa can always be relied upon for its purity. adulterated cocotte are risky and should always be avoided. cadbury's cocoa is highly beneficial"
cocoa,1900,1,3292,1989,6.0733,True,"..... • • '..'41 vp' .: % '-,`..4... g '• .. _ ""the standard of highest purity.""—tue l4ncet; free from kola, malt, hops, alkali, or any admixture. it is cocoa and the best cocoa onl"
cocoa,1900,1,3292,1990,6.0753,True,liptons coffee and cocoa were awarded the grand prize (this is the highest honour obtainable). lovers of perfect coffee and cocoa itu find lipton unequalled for excellence of...
cocoa,1900,1,3292,1991,6.0756,True,"...ed from all others by its invigorating nutritious qualities and its delicious flavour. this coco""., con- ta,ining as it dots ail the substance of the cocoa nib, maints•ins its"
cocoa,1900,1,3292,1992,6.076,True,"to suit your taste. or, a lighter and thinner drink, refreshing and stimulating. eppsys cocoa essence welcome at any hoar at the day."
cocoa,1900,1,3292,1993,6.0776,True,"cocoa a friigpiltic delicious, and moot boalthful beverikgs,"
cocoa,1900,1,3292,1994,6.078,True,"cocoa y: -0 ou can enjoy. if you want a cocoa that is not only the best for nutritive, sustaining and in- vigorating properties, but one that you can' thor..."
cocoa,1900,1,3292,1995,6.0792,True,"money put in your pocket as the result of using mazawattee cocoa is so much money saved. you need barely half-a— spoonful to make a strong cup of this cocoa, and even then it is found too strong for s"
cocoa,1900,1,3292,1996,6.0801,True,"r r, ,:44 ',. i.''''' -'it c % • t „ve i. 4w5, kt ,f.""' '•-• the best form of cocoa for every-ds7; •13e. .}ll' •-•-"
cocoa,1900,1,3292,1997,6.0803,True,• a * 1111. • • the best form of cocoa for every-day use.
cocoa,1900,1,3292,1998,6.0808,True,"...shed from all others by its invigorating nutritious qualities and its delicious flavour. this cocca„ con- taining as it does all the substance of the cocoa nib, maintains its l"
cocoa,1900,1,3292,2000,6.0812,True,"cadhlry's cocoa cadll,.,tiry's cocoa is ""the standard of highest purity"" (so the lancet says), because it contains all the health-giving propaties of the cocoa bean ..."
cocoa,1900,1,3292,2001,6.0812,True,"...r ac ~,... ,e.„.,.. p,,..1.....4.,, .4„. .i;it ...,,, ~.. 5,.., ..,„, .., ~. .;,., ..0 5.:.. r? ~... ;,.4 ~..;;.%..., ....sr, c • .. the best form of cocoa for every-"
cocoa,1900,1,3292,2002,6.0834,True,the most nutritious. e pp s s g 3 at e fu l-go forti ng. cocoa breakfast and supper.
cocoa,1900,1,3292,2003,6.0844,True,a choice of cocoa either the most nutritious and strength-gil ing
cocoa,1900,1,3292,2004,6.0849,True,"one cup of delicious smon cocoa luals in nutriment 1-lb. beef or ten cups ;1 e:tvnary cocoas 1 lisolutely free frora aids digestion. braces the nerves. • invigorates she s;s:e111, i..."
cocoa,1900,1,3292,2005,6.0866,True,grateful-comforting. cocoa breakfast and supper. _ --
cocoa,1900,1,3292,2006,6.0874,True,"c •,..f. ~ ~...... aa ~ 4 4p\ ...,i • 41, .2 ,-,;+ll' 4,21, ~# ''.'-'• ~ ...i •:' -.• the beet form of cocoa for every-do y use."
cocoa,1900,1,3292,2007,6.0878,True,"`z4'e--'ll4s..liiiilz,p cocoa and slave labour. the proprietors 4.f van houten•s cocoa wrivai:—ae a great publicity ha., t`vvii given to the lam that eartain 01(.0a mann- factutv•..."
cocoa,1900,1,3292,2008,6.0886,True,"4,u cart enjoy. if you want a cocoa that is not only the best for nutritive, sustaining and in- vigorating. properties, but one that you can thoroughly enjoy, drink van houten's. it ret..."
cocoa,1900,1,3292,2009,6.0888,True,after three-quarters of a century as cocoa the best form of cocoa for every-day use. pleasant paragraphs. a constant desire to vindicate themselves keeps lots of people in trouble. the man who...
cocoa,1900,1,3292,2010,6.0901,True,"cocoa breakfast-supper. swift gold mxdal sleep only on lvo"" qf cis-fred better than feathers sold 4' per everywhere 2 lb in 50 lb. bags on receipt- 0f.11.p..."
cocoa,1900,1,3292,2011,6.0912,True,"• 9g makers to ° p n.m. the king. eact' • an autumn hint. the cheering influence of a cup of really steams from the cop—lts warming, flour.' good cocoa is one of winter's compeosa- ishing, invigoratin"
cocoa,1900,1,3292,2012,6.0913,True,"i really must use vi-cocoa."" thousands of men and women, after reading the par- ticulars published respecting the merits of dr. tibbles' 17i-cocoa, have been induced to become ..."
cocoa,1900,1,3292,2013,6.0921,True,"cocoa a fragrant, dellelotus, a.nd most healthful beverage."
cocoa,1900,1,3292,2014,6.0923,True,epps's cocoa by better housing. better hygiene and better food. keep yourself well and daily uss
cocoa,1900,1,3292,2015,6.0928,True,"nazi i imeadediar. go. —.i at alhonmilim flouri.h .r. (tardy umbrusted ""ling upright- dymbrough, latariba cocoa which, while reprc,ent:ng the highest attainable quality in cocoa is no dearer price tha"
cocoa,1900,1,3292,2016,6.0929,True,cocoa the best form of cocoa for every-day use. the ma.vor the present law requires that all places where horses and cattle are sold shall be flagged and p...
cocoa,1900,1,3292,2017,6.0939,True,"smon cocoa stutriment to ii.b.beef or ten cups of f cocoa awl ix absolutely free from chemicals. mgestion, braces the nerves, invigorates the system. in tins 5d..."
cocoa,1900,1,3292,2018,6.0941,True,"eh 9 tit% e ;.-pt being distinguished from ail othors uy its invigorating nutritious qualities and its delicious flavour. this cocoa. con- tailing as it does all the substanos of the cocoa nib, mainta"
cocoa,1900,1,3292,2019,6.095,True,save money it being the one cocoa in which all the special nutritive qualities of the most perfect growth's are carefully -conserved; the one cocoa in which nothing but cocoa of th° v...
cocoa,1900,1,3292,2020,6.0958,True,".13:therto certain mach cocoas hare been coneidered the ighost in qoalit7 of any in the motet, bet mazawattee cocoa is oven superior to thsui—greacly supatior indsed. wwi snob • c..."
cocoa,1900,1,3292,2021,6.097,True,"mazawattee cocoa is a most pleasant experience, and has an invigorating effect upon the system, which it is impossible to over- rate. this cocoa is a valuable heat pr..."
cocoa,1900,1,3292,2022,6.0972,True,"i; • ,71›, a reduced prices z 4 6d• packet sd. tin 7d. and other sizes. messrs. cadbury bros., td., guarantee their cocoa to be of the same quality as .eretofore."
cocoa,1900,1,3292,2023,6.0972,True,"r looodsie, rou tall, of lord stratbitors f thorn van nouten's cocoa distressing scenes at skinningrove baeque washed on to the rocks. is always first. first in the opinion of the highest medical auth"
cocoa,1900,1,3292,2024,6.0976,True,grateful-comforting. cocoa breakfast and supper. 114
cocoa,1900,1,3292,2025,6.0987,True,epps's grateful-comforting. cocoa breakfast and &upper.
cocoa,1900,1,3292,2026,6.099,True,the most nutritious. epps's g: teful—com wrung. cocoa iltreakfc v.—supper.
cocoa,1900,1,3292,2027,6.0992,True,epps's cocoa you will find it the very cocoa you want.
cocoa,1900,1,3292,2028,6.1005,True,[ow to make cocoa in perfection. cocos obtain should in the _ three cadbury's preference) breakfast cocoa with boiling water cadbury's cocoa is stpongost because it is...
cocoa,1900,1,3292,2029,6.1006,True,"""plasmon cocoa contains all tim constituents able to support life."" lancet digestion. braces the nerves. * refreshing % sleep. cocol * analysis. el cocoa .. 63 prot..."
cocoa,1900,1,3292,2030,6.1006,True,"""i really, must use vi-cocoa."", thousands of men and women, after reading the particulars published respecting the merits of dr. tibbles' vi-cocoa, have. been induced to becowe r..."
cocoa,1900,1,3292,2031,6.1006,True,• • • cocoa it is an exceedingly nourishing food beverage possessing all the essentials necessary for the sustenance of the body. highly beneficial to young and ...
cocoa,1900,1,3292,2032,6.1013,True,".nit most nutritious. e p ps's grateful-comfortmig. cocoa breakfast-supper. the heaporatta •thai= nautical • """"4110 tipaining colingz, hies.• wrimpester, ea imamndica. 1:11r2. bilaisies pays kr wm* la"
cocoa,1900,1,3292,2034,6.1021,True,"_ aii' b' 1 g g il, .4 reit) ::: ~,, • cocoa irgl regularly 0 either with meals to or between meals tlt is a safe, refreshing, and w i\zirerratiingmnibeevreraafies for l tbthe year round. rbr.el..."
cocoa,1900,1,3292,2035,6.1021,True,flie ut ost possible value in cocoa there are no special agents for this cocoa..
cocoa,1900,1,3292,2036,6.103,True,"by george edgar. photographic notes. a ito,freshing drink and a sustaining food. •epps's grateful-comforting. cocoa sold by all grocers, in packets and tins. railway ring. an excellent game for, the t"
cocoa,1900,1,3292,2037,6.1034,True,"van fnutt' c!' lint7 %."" cocoa 'fields a maximum pro- portion of valuable food constituents and what is of more importance still, these are presented in a condition mcre easy of di..."
cocoa,1900,1,3292,2038,6.1035,True,"cocoa all lon cocoa .. lutely jr :ye :rout chemir,,z,, and added starchy matter. mark twain says i had an eight year,' persistent dispute with dyspepsia, b..."
cocoa,1900,1,3292,2039,6.1038,True,"epps's by better housing, better hygiene and better food. keep yourselves well and daily use cocoa the hest suited for all ages and classes."
cocoa,1900,1,3292,2040,6.1046,True,ths most nutritious. epps's -g re tefu comto-rting. cocoa i3reakte st--supper.
cocoa,1900,1,3292,2044,6.1062,True,you will enjoy every cup. no cocoa equals it. van houten's cocoa only one quality. best & goes farthest. ing closely the lines of the military overcoat worn by napoleon during his exil...
cocoa,1900,1,3292,2045,6.1065,True,epps's cocoa essence welcome at any hour of the day.
cocoa,1900,1,3292,2046,6.1065,True,epps's cocoa essence welcome at any hour of the day.
cocoa,1900,1,3292,2047,6.1065,True,epps's cocoa essence welcome at any hour of the day.
cocoa,1900,1,3292,2048,6.1065,True,epps's cocoa essence welcome at any hour of the day.
cocoa,1900,1,3292,2049,6.1065,True,epps's cocoa essence welcome at any hour of the day.
cocoa,1900,1,3292,2050,6.1065,True,epps's cocoa essence welcome at any hour of the day.
cocoa,1900,1,3292,2051,6.1065,True,epps's cocoa essence welcome at any hour of the day.
cocoa,1900,1,3292,2052,6.1065,True,epps's cocoa essence welcome at any hour of the day.
cocoa,1900,1,3292,2053,6.1065,True,epps's cocoa essence welcome at any hour of the day.
cocoa,1900,1,3292,2054,6.1065,True,epps's cocoa essence welcome at any hour of the day.
cocoa,1900,1,3292,2055,6.1065,True,epps's cocoa essence welcome at any hour of the day.
cocoa,1900,1,3292,2056,6.107,True,"...ginal °nen'', and • speciality, epps's being distinguished from all others by its invigorating nutritious quali- ties and its delicious flavour. this cocoa, containing as it does itll the subst"
cocoa,1900,1,3292,2057,6.1075,True,"t i al ta i te i 0 w ank 11 ba :4 1(4 which represents cocoa in the highest attainable form, made from the finest cocoa beans the world produces, prepared by more refined methods than cocoa was ever b"
cocoa,1900,1,3292,2058,6.112,True,"epps's cocoa everybody knows that is an admirable food, the nicest and most nutritious beverage for the breakfast table. it is made in a moment with boiling water..."
cocoa,1900,1,3292,2059,6.1124,True,"ti ri; 411 4711 aktea,4, tom cocoa is absolutely pure— most refreshing, invigorating, and sustaining, guy's hospital gazette says: ""from practical experience we can say that it possess..."
cocoa,1900,1,3292,2061,6.1132,True,"t„ being distinguished from all others by its invigorating nutritious qualities at. d its delicious flavour. this cocoa, ci n- talmng as it does all the substance of the cocoa /ilia, maintains its lea"
cocoa,1900,1,3292,2062,6.1141,True,"...by its invigorating nutritious qualities and delicious flavour. it contains all the substance of the choicest nibs, and main- its leading position as cocoa the bes"
cocoa,1900,1,3292,2063,6.1141,True,"epps's being distinguished from all others by its invigorating nutritious qualities and its delicious flavour. this cocoa, con- taining as it does all the substance of the cocoa nib, maintains its lea"
cocoa,1900,1,3292,2064,6.1147,True,"fact versus fiction. the fiction is that anothef cocoa is ""as good as van houten's."" the fact is there is not another cocoa to equal van houten's. in every market in the world it is the standard by wh"
cocoa,1900,1,3292,2066,6.1159,True,strong children. children grow strong on cadbury's cocoa because it contains in a generous measure those food elements that are essential to health and good physical condition. it possesses the combin
cocoa,1900,1,3292,2067,6.1161,True,nothing cheaper or better than vi-cocoa thousands of men and women say this. ex- perience hos told them that a 6d. paeket or 9d. or ls. 64. tin of dr. tibbles' vi-coos is the best vaiue is ...
cocoa,1900,1,3292,2068,6.1166,True,liptons coffee and cocoa were awarded the grand prize (this is the highest honour obtainable). lovers of perfect coffee and cocoa will find lipton s unequalled for excellence...
cocoa,1900,1,3292,2069,6.1176,True,"epps's ¼rarl comfortino. cocoa uhf air c ast —suppcn,"
cocoa,1900,1,3292,2070,6.1185,True,"smon cocoa a i in nutriment -.1.1b. beef eups or ordinary cocoa, is absolutely free from chemicals. lestion, braces the nerves, invigorates the system. 5d., 9d...."
cocoa,1900,1,3292,2071,6.1187,True,"the natural food co., d • s4uaie, l.i.rtinal green. london, e try n f. cocoa.—you do not know wbat a good cocoa is like if you have not had it. it agrees when others disagree bend la or 2a fid for a t"
cocoa,1900,1,3292,2072,6.119,True,"""nothing cheaper or better than vi-cocoa"" thousands of men and women say this. experience has told them that a 6d. packet or 9d. or is. 6d. nu dr. tibbles' vi-cocoa is the best value in the ..."
cocoa,1900,1,3292,2073,6.1194,True,"a cup of plasmon cocoa at breakfast will keep you well fed and contented till lunch time. of all grocers, 91, 1/4 and 2/6 per tin. • cleanser of pots, protected by patent-o..."
cocoa,1900,1,3292,2075,6.1196,True,"the most nutritious. e p p s' s grateful—comiorting. cocoa lareakit bt -supper. the education act. scheme:i 01""1111.: li.ncast}ir."
cocoa,1900,1,3292,2076,6.1201,True,"auction sales education. cadbury's cocoa, is absolutely pure and is therefore be best cocoa. it is a refreshing stimulatkg drink, and nutritious food, contains ing no foreign substances, suc..."
cocoa,1900,1,3292,2077,6.1204,True,mom fors purest forii mosi digestible form and a cocoa that is unquestionably superior to all foreign 1:104t-:
cocoa,1900,1,3292,2078,6.1207,True,"e-p,ps.' cocoa essence welcome at any hour of the day."
cocoa,1900,1,3292,2079,6.1208,True,"the original cocoa. and a speciality. _ epps9s being distinguished from all others by its invigorating nutritious qualities and its delicious flavour. this cocoa, con- ..."
cocoa,1900,1,3292,2081,6.1211,True,"71i1 i.r•-•/' 1... 1 1/4... ~,,,,,,* ark e,,.. + ,"" grateful-comforting. cocoa breakfast and supper. .•"
cocoa,1900,1,3292,2082,6.1223,True,epps's grateful-comfort cocoa fos immfast md suppm.
cocoa,1900,1,3292,2083,6.1231,True,"van houten's cocoa know how good it is to drink and how economical it is in use. if you have not tried it buy a new 6cl tin, you will make it get 25 cups out of it. wit..."
cocoa,1900,1,3292,2084,6.1235,True,cocoa breakfast—supper. 1 2 3- -- 7 8 9 3 12 16 19.. 23 33 .52 65 86 itawtenkall. ova's. 114ns. runs. wkto. 1a3... 3 41 3 _ j. w. carmichael 13 27 3 g. 11....
cocoa,1900,1,3292,2085,6.1258,True,"""nothing cheaper or better than vi-cocoa."" thousands of men and women say this. experience has told them that a 6d. packet or 9d. or is. 6d. tin of dr. tibbles' vi-cocoa is the best value in..."
cocoa,1900,1,3292,2086,6.1264,True,"proof above question from rotheinan. cadbury's cocoa comes first among food beverages bemuse it is trey closely allied to nulls tts composition 3'here in really little to chins.. between milinry, abso"
cocoa,1900,1,3292,2087,6.1265,True,"king • i t •. 'll,o vto,'llo he best form of cocoa for every-day use."
cocoa,1900,1,3292,2088,6.1284,True,"nazawattee jlatariba cocoa which, lahite reprtpenting the highest attainable quality in cocoa is no dearer in pricc than ordinary interior cocoas, thus ineario,; to the coon/mi..."
cocoa,1900,1,3292,2089,6.1289,True,"...e that imparts mental and bodily vigour, and is companuively easy of digestion, may be described as a ""pilot to health."" such a beverage is cadbury's cocoa. it is ""staying an"
cocoa,1900,1,3292,2090,6.1291,True,"p fs's grateful-com fortmg. cocoa reakeast-,s ppm, 1"
cocoa,1900,1,3292,2092,6.1293,True,"the or!(bud cocoa. and a speciality. _ ep psgs being distinguished from all others by its invigorating nutritious qualities and its delicious flavour. this cocos, con-..."
cocoa,1900,1,3292,2093,6.1299,True,"was making no progress. peptolaxa worked wonders. extras 3 total total total .. 19 cocoa _ill maintains its great superiority as a .ighly nutritious food beverage, being elicious in taste, absolutely "
cocoa,1900,1,3292,2094,6.13,True,"• .7. \d, ministers to the ehysical-- requirements of young and old in an eminent degree. health says— ""cadbury's cocoa possesses in a remarkable degree those natural elements of sustenance which give"
cocoa,1900,1,3292,2095,6.1301,True,rowntree's explanation. the diagrams in the press and on the hoardings showing the phenomenal increase in the sale of rowntree's elect cocoa have aroused widesp cad interest. that the consumption of c
cocoa,1900,1,3292,2096,6.1308,True,cocoa the best form a co•0111 • tor *very-clay use. p timipso!cii 101.
cocoa,1900,1,3292,2097,6.131,True,the; furies re bnicing. epps's gatcful-gomfortino. cocoa the most nutritious sad esonoitilosl
cocoa,1900,1,3292,2098,6.1335,True,0000 a the best form of cocoa for evezy4sy us.. a
cocoa,1900,1,3292,2099,6.1337,True,"van tioute,n's pure cocoa soluble ii alike a healthy stimulant and a nourishing food. it strengthetut and tones up the nervous system, builds up the body and renews the store ..."
cocoa,1900,1,3292,2100,6.1344,True,"• • i `4e. •t• vll9 .14 4' • '44 l(the lancet says ""-- ""!s the standard of ,s. ca highest purity"" cocoa alone is an excellent food as well as a stimulant, having a salutary action upon the e*--) nerve"
cocoa,1900,1,3292,2101,6.1347,True,rowntree's explanation. the diagrams in the press and on the holrdings showing the phenomenal increase in the sale of rowntree's elect cocoa have aroused widespread interest. that the consumption of c
cocoa,1900,1,3292,2102,6.1358,True,"when you drink co3ea, why not select the best in mazawattee cocoa you have a fool beverage of supreme refinement. the special process employed in its manufacture has been so eminently suecessful that "
cocoa,1900,1,3292,2104,6.136,True,"a cocoa you can enjoy. .., 117; a it- 4a it' • tz-r„..-,1"
cocoa,1900,1,3292,2106,6.1368,True,"maz awattee cocoa is a most pleasant experience, and has an invigorating effect upon the system, which it is impossible to over- rate, this cocoa is a valuable heat pr..."
cocoa,1900,1,3292,2107,6.1374,True,"is the support given by cadbury's cocoa to all engaged in the heavy strain of mental or manual toil. it is the strongest and most strength-giving of cocoas, abundantly rich in stimulating a..."
cocoa,1900,1,3292,2108,6.1388,True,*me most nutritious cocoa. e pp s's orateful-comfortino. cocoa r
cocoa,1900,1,3292,2110,6.14,True,"...he lancet says: ""we are glad to find that messrs. cadbury draw atten• tion to the fact that there are strong grounds for objection to the addition to cocoa of certain foreign"
cocoa,1900,1,3292,2111,6.1401,True,epps's cocoa the best suited for all ages and cdassea
cocoa,1900,1,3292,2113,6.1412,True,"mazawattee cocoa a free ttp. will be sent you on .application to maza- wattee, london."
cocoa,1900,1,3292,2114,6.1414,True,"absolutely pure-therefore best. cadbury's cocoa is griaran• teed to be absolutely pure, and is therefore the best cocoa. it is at once a refreshing, stimu- lating drink, and a nutritioue food, cont..."
cocoa,1900,1,3292,2115,6.1417,True,"01) dm gin a-6'# z.) how to make, sure of pure cocoa. no cocoa is pure which contains substances not naturally present in the cocoa bean. many of the so-called cocoas now on sale are merely cocoa prep"
cocoa,1900,1,3292,2117,6.1427,True,"the original cocoa. and a speciality. ep pars being distinguished from all others by its invigorating nutritious qualities and its delicious favour. this cocoa, con. se..."
cocoa,1900,1,3292,2118,6.1445,True,".::::iii,,tif "".;:=ll i,0ffe1ra,,,..11 ro.;:o, ~i 4 icr ,-ty t3::',l c a 144 ~,,-;:1,:tvt,44 i 5 notequalled„: in-:quality by any__ other ""i'cocoa wiiatsoever ct !s not as so many ordinary cocoas are."
cocoa,1900,1,3292,2119,6.145,True,"600 a woi to mothett there is little to between cadbury's 4, solutely pure cocoa essenct and milk, so closely allied are they in composition, cadbury's cocoa is hie* nourishing, and as daily beverage "
cocoa,1900,1,3292,2120,6.1472,True,epps' grateful-comforting. cocoa areakfast and supper. 1
cocoa,1900,1,3292,2121,6.1473,True,the most nutritious cocoa. e pp s's orateful-comfortino• cocoa ifoii liksakfast arm supper.
cocoa,1900,1,3292,2122,6.1476,True,"cocoa irvalumible en nil. lancaster standard and county advertiser, february 23, 1906."
cocoa,1900,1,3292,2123,6.148,True,"the medical magazine says the favourite cocoa of the day. for strength, purity, and notiristment,there is nothing superior to be found."" c abury's is cocoa an tin cocoa only. g 8 ft cc from alali..."
cocoa,1900,1,3292,2125,6.1494,True,the test of tim} the medical profession counsel the nubile to choose cadburys in preference to the many cocoa admixtures. which are sold under the no article of domestic consumption is more deservedly
cocoa,1900,1,3292,2127,6.1523,True,"fact versus fiction. the fiction is that another cocoa is ""as good as van houten's."" the fact is there is not another cocoa to equal van houten's. in every market in the nyorld it is the standard by w"
cocoa,1900,1,3292,2128,6.1523,True,foreign competition completely conquered mazawattee latabiba cocoa which is acknowledged on all sides to be the highest quality ever attained by any cocoa of any country. the humiliation under which b
cocoa,1900,1,3292,2129,6.1542,True,"k. • ra, t*4' pi which represents cocoa in the highest attainable focm, made from the finest cocoa beans the world produces, prepared by mcse refined methods than cocoa was ever before subm..."
cocoa,1900,1,3292,2130,6.1543,True,grateful-com forting. cocoa arakivasi and 54:pper.
cocoa,1900,1,3292,2131,6.155,True,"the or!(bud cocoa. and a speciality. _ ep psgs being distinguished from all others by its invigorating nutritious qualities and its delicious flavour. this cocos, con-..."
cocoa,1900,1,3292,2132,6.1551,True,"_ ..„. van .!,: ~,.,. ~ :::::::ou en's 1. r, try it. it is a pure soluble cocoa with a delicious natural flavour which you cannot fail to enjoy. ""pure and unmixed.""—the lancet. ""perfect in flavour. pu"
cocoa,1900,1,3292,2133,6.1563,True,"edirvzvl i 1 cad du ry's cocoa contains no added starch, alkalies, fir colouring matter, which are often used to disguise poor and inferior cocoas. entirely free from all s i oreig..."
cocoa,1900,1,3292,2134,6.157,True,tre most nutritious. epps's grateful-comforting. cocoa erlaafast and supper.
cocoa,1900,1,3292,2135,6.157,True,a choice of cocoa either the most cutritious and strength-giving
cocoa,1900,1,3292,2136,6.1571,True,"""i really must use-yi-cogoa."" thousands of mm and women, after reading the per; ticulars published respecting the merits of dr. tibbles vi-cocoa,havebeen induced to become regular drinker° of this pop"
cocoa,1900,1,3292,2137,6.1575,True,"cwl‘im•viij6 c ministers to the physical requirements of young and old in an eminent degree. health"" says-- ""cadbury's cocoa possesses in a remarkable dezree those natural elements of sustenance which"
cocoa,1900,1,3292,2139,6.1613,True,"cocoa ibe boat form of coco& fir .very day use, wallaces' pc ue fresh fruit"
cocoa,1900,1,3292,2140,6.1629,True,"111'111111111 coo is not equalled in quality by any other cocoa whatsoever. it is no ri as so many ordinary cocoas are, a tinned concoction with a label to it, with almost as much adulterant as cocoa "
cocoa,1900,1,3292,2142,6.1655,True,"co oa the best form of cocoa for every-day two. f i. j i)k7 e want everyoneemployed about a mill to send us facts about themselves or their friends, and especially about new mill..."
cocoa,1900,1,3292,2144,6.1678,True,cocoa the beet form of cocoa for every-day use. lunacy. the ma.yon the present law requires that all places where horses and cattle are sold shall be flagg...
cocoa,1900,1,3292,2145,6.1692,True,"cocoa and starch lyon to obtain orders. at the st. helens police court on satur- day albert prince, alias albert taylor, deecribed as a tea and cocoa canva..."
cocoa,1900,1,3292,2146,6.1696,True,"vi cocoa is refreshing and exhilarating."" mr t. moore small, l 5, street, bridgeton, glasgow, writes:— martin- a member of the journalistic pro- fession, and ..."
cocoa,1900,1,3292,2147,6.1698,True,tabling as it does all the substance of the cows nib. maintains its leading position after throrguarters of a century as cocoa the best form of c4vogi for every-day use. the purity of suizi&htsoap cur
cocoa,1900,1,3292,2148,6.1701,True,"""harmon cocoa contains all the constituents able to support life.' lancet, digestion. braces the nerves. promotes refreshing sleep."
cocoa,1900,1,3292,2149,6.1702,True,errgue;s cocoa breakfast-supper. the best medicine.
cocoa,1900,1,3292,2150,6.1711,True,...mes first among lone beverages because it h trey clearly mdk i.. ia its composition. there rs really bole to cluster between cadbury' atanlutely pure cocoa ...toe 
cocoa,1900,1,3292,2151,6.1711,True,...ps's the oriatua cleeta. sad • /pee linty being distinguished from lii others —by its invigorating nutritious qualities and it. elegem= flavour. this cocoa. ono raining omit does all the sulietsoiee
cocoa,1900,1,3292,2152,6.1724,True,th. oriel-!mai cocoa. and a speclality. epps 's being distinguished from all others by its invigorating nutritious qualities and its delicious flavour. this cocoa. con- t...
cocoa,1900,1,3292,2153,6.1725,True,grandfather houten's cocoa have been firm friends for 80 years. lie knows that van houten's is the best cocoa in the world for keeping mind and body in good condi- tion. it is ...
cocoa,1900,1,3292,2154,6.1729,True,"...tr.,.. 4.-.7 '.;•.; ''' makers to lpl the king. an autumn hint. i the cheering ininenee of a cep of really steams from-the enp—its warming, non, good cocoa is one of"
cocoa,1900,1,3292,2155,6.1729,True,"e.ml=. • toi lers mental and manual, will derive 9 great beiwlit from the regular (tally use of an absolutely pure cocoa. c 9 (the lancd says:) is the standard of highest party. cocoa alone is an exce"
cocoa,1900,1,3292,2156,6.1731,True,"the original cocoa, and a speciality. epps's being distinguished from all others by its invigorating nutritious qualities &loci its delicious flavour. this cocoa, con- ..."
cocoa,1900,1,3292,2157,6.1737,True,epps's cocoa essence welcome at aay hoar of the day.
cocoa,1900,1,3292,2158,6.1746,True,"""plasmon cocoa contains all tim constituents able to support life."" lancet digestion. braces the nerves. * refreshing % sleep. cocol * analysis. el cocoa .. 63 prot..."
cocoa,1900,1,3292,2160,6.1757,True,the most nutritious'. epps's cocoa breakfast—supper. isemayal
cocoa,1900,1,3292,2161,6.1764,True,"cadbu y's cocoa the lancet (august 9th, 1902) says: cadbury's cocoa undergces no method oftreatment by which foreign substances are introduced."" parents when purchas..."
cocoa,1900,1,3292,2162,6.1774,True,"maz awattee cocoa is a most pleasant experience, and has an invigorating effect upon the system, which it is impossible to over- rate, this cocoa is a valuable heat pr..."
cocoa,1900,1,3292,2164,6.1785,True,"after three-quarters of a century as cocoa the best form of cocoa for every-day 1::,e."
cocoa,1900,1,3292,2165,6.1786,True,"cocoa the beet form of cocoa for every-day use. county championship. cumberland v. lancashire. this county match was played at whitehaven on monday, under ..."
cocoa,1900,1,3292,2167,6.1811,True,the most nutritious. epps's -gre-teful:-comiorting. cocoa breakfast—supper. fylde football blackpool beaten again.
cocoa,1900,1,3292,2168,6.1812,True,"mazawattee cocoa is even superior to them —greatly superior •indeed. with such a cocoa you soon realize what cocoa really ls, aud means, and should aw."" gordon stable..."
cocoa,1900,1,3292,2169,6.1818,True,"is the support given by cadbury's cocoa to all engaged in the heavy strain of mental or manual toil. it is the strongest and most strength-giving of cocoas, abundantly rich in stimulating a..."
cocoa,1900,1,3292,2170,6.1819,True,the liijest qualiiy ever attained by any cocoa of any country. the humiliation under which british cocoa-consumers have heretofore laboured of having to rely upon foreign cocoa firms for the highe...
cocoa,1900,1,3292,2171,6.1828,True,"cocoa aa,*, a. a ...a. 44 • ,n4l••,•' breakfast—supper. pribl;sited by joys andrew. at i,warren-51[0m, n.mf street, illsoebester, for tbe .4 cqtteo ooterf ..."
cocoa,1900,1,3292,2172,6.1829,True,"mazawattee cocoa at.sists the formation of muscle and hariens it for action, and, therefore, is a drink par excelleno for the athlete, the sailor, the soldier, and of..."
cocoa,1900,1,3292,2173,6.1831,True,"t i al ta i te i 0 w ank 11 ba :4 1(4 which represents cocoa in the highest attainable form, made from the finest cocoa beans the world produces, prepared by more refined methods than cocoa was ever b"
cocoa,1900,1,3292,2174,6.1836,True,cocoa borwick's the best 1•13110 0 powder world. p wder -i
cocoa,1900,1,3292,2175,6.1836,True,save money it being the one cocoa in which all the special nutritive qualities of the most perfect growth's are carefully -conserved; the one cocoa in which nothing but cocoa of th° v...
cocoa,1900,1,3292,2176,6.1837,True,"epps's grateful-comfortincl cocoa you will find it the very cocoa you want. presentation of £loo to a disabled ashton spinner. mr. a, h. gill, m.p., and tiie workmen's compensation ac..."
cocoa,1900,1,3292,2177,6.1842,True,"smon cocoa a li in nutriment 1-ib. beep eups of ordinary cocoa, is absolutely free from chemicals. iestion, braces the nem/es, imligorates the system. 5d., 9d.,..."
cocoa,1900,1,3292,2178,6.1848,True,"cadbury's cocoa because it is a perfect natural food of absolute purity, and ministers to the physical requirements of the young in an eminent degree. it contains al..."
cocoa,1900,1,3292,2179,6.185,True,"he original cocoa, and a speciality. e p pb3b distinguished from all others by its invigorating nutritious qualities and delicious flavour. it contains all the substan..."
cocoa,1900,1,3292,2180,6.1852,True,epps's grateful-comforting. you will find it the vory cocoa you want.
cocoa,1900,1,3292,2181,6.1864,True,"...e that imparts mental and bodily vigour, and is comparatively easy of digestion, may be described as a pilot to health."" such a beverage is cadbury's cocoa. it is •' stayin"
cocoa,1900,1,3292,2182,6.1865,True,"rpe. mos r rj;;tritious. 07' p ei;), 4,60 gpa teful-comforting. cocoa briakfast-guppes"
cocoa,1900,1,3292,2183,6.1866,True,"'nothing cheaper or better than vi-cocoa."" thousands of men and women say this. experience has told them that a 6d. packet or 9d. or is. 6d. ti of of dr. tibbles' vi-cocoa is the best value ..."
cocoa,1900,1,3292,2185,6.1873,True,jan the most nutrit!ous cocoa. e pp s's grateful-comforting. cocoa and supper.
cocoa,1900,1,3292,2186,6.1876,True,"smon cocoa a li in nutriment ?,,-113. beef blips of ordinary cocoa, is absolutely free from chemicals. estion, braces the nerves, invigorates the system. 5d., 9..."
cocoa,1900,1,3292,2187,6.1882,True,suchard the finest cocoa means best made of best beans—suchard's; no doubt about it—it tastes best and is best. •'l4 or from pour grocer or•hr. oar& err ~r 1 receipt or your ...
cocoa,1900,1,3292,2188,6.1885,True,"mazawattee cocoa aisists forrnstion of mu,ole and hardens it for action, and, therefore, is a drink pir excellence for the athlete, the sailor, the soldier, and of al..."
cocoa,1900,1,3292,2189,6.1886,True,cocoa being the most refined 1 most digest/b/3 most soluble i most satisfying and most strengthening forms
cocoa,1900,1,3292,2190,6.1887,True,a choice of cocoa either the most nutritious and strengthliving
cocoa,1900,1,3292,2191,6.1898,True,"cocoa amongst food beverages because of its absolute any admixture of kind. the lancet says ""cadburys cocoa undergoes no method of treatment by which forei..."
cocoa,1900,1,3292,2192,6.1899,True,"is so stubborn that it cannot possibly be got over. nothing is easier of proof. it requires no chemical analysis to demonstrate its truth. cocoa- *, drinkers can verify the fact for them- selves by us"
cocoa,1900,1,3292,2193,6.1903,True,the most nutritious cocoa: e pp s's arateful—com fort i na. cocoa for breakfast and sum& bride of niocty-eight. a bridge of ninety-eight will probably be ac corded the unquest...
cocoa,1900,1,3292,2194,6.1904,True,"a smon. cocoa 'utriment to ilb. beef or ten cups of ir cocoa anti is absolutely free from chemicals. 3igestion, braces the nerves, invigorates the system. in tins ..."
cocoa,1900,1,3292,2195,6.1905,True,epps's crateful-comforting. cocoa br eakfa st-supper*
cocoa,1900,1,3292,2196,6.1935,True,"van ifouten's ,e soluble cocoa for health, strength and good digestion, drink it is not only a delicious beverage but a nourishing food, possessing the great advantage of stinvilat..."
cocoa,1900,1,3292,2198,6.1956,True,aids digestion. braces the nerves i:2'lasmon cocoa is non.l.eattng. one cup contains more nourtatunent than 10 cups of any ordinary cocoa. la u. ad.. ia sad we my dear child: as i have been away visit
cocoa,1900,1,3292,2199,6.1959,True,imiimemiimiimieiii.ii.ii.siii‘ consider the quality.. _ when buying a cocoa choose the best the best is
cocoa,1900,1,3292,2200,6.1961,True,"about cocoa. cocoa and cocoanuts are, of course, obtained from two distinct trees. the cocoanut palm is the fruit of a tall and graceful palm tree, whereas the c..."
cocoa,1900,1,3292,2201,6.1968,True,cocoa the best form of cocoa • for every-clay use.
cocoa,1900,1,3292,2202,6.1969,True,"fact versus fiction. the fiction is that anf)ther .ocoa is ""as good as van tiouten's."" ""the fact is there is not mother cocoa to equal van louten's. in every market in the world .t is the standard by "
cocoa,1900,1,3292,2204,6.1999,True,cocoa /he lag cai niumixot largest sale in the world.
cocoa,1900,1,3292,2205,6.2009,True,"c a i i h.5:1 ministers to the physical requirements of young and old in an eminent degree. health says— ""cadbury's cocoa possesses in a remarkable degree those natural elements of sustenance which gi"
cocoa,1900,1,3292,2206,6.201,True,"r.;,. • • • • -•• • • • .1: • • 11. •, ..• • • --,., co • .$1 t.4_y • • • • the cocoa bean. shell is not cocoa any more than husk is corn, or oyster- shells oysters, and to offer ground-up shell to co"
cocoa,1900,1,3292,2207,6.2047,True,"eppsis qratiful-006ifortinci cocoa the most nutritious and inonosgogi,"
cocoa,1900,1,3292,2208,6.2048,True,p„.. „. cocoa 9140 ence welcome at any hour of the day.
cocoa,1900,1,3292,2209,6.2052,True,grateful-comforting. cocoa a iiiteakfast am supper.
cocoa,1900,1,3292,2210,6.2061,True,"c • 1., 1::., ft '.: .:.,,.. 7,"" (the lancet says is the standard of highest purity"" cocoa alone is an excellent food as well as a stimulant, having a salutary action upon the nerve centres."" the epic"
cocoa,1900,1,3292,2211,6.2087,True,"1544 (the lancet says is thr. stanzard of highest purity"" cocoa alone is an excellent food as well as a stimulant, having a salutary action upon the nerve centres."" the epicure says: ,:ierefore drink "
cocoa,1900,1,3292,2212,6.2103,True,"urts cocoa promotes health & strength dr, andrew wilson says: ""cocoa in itself is an excellent and nutritious food and it should be consumed in a perfectly pure..."
cocoa,1900,1,3292,2213,6.2106,True,coo • a the best form of cocoa tor ever7-das use.
cocoa,1900,1,3292,2214,6.2135,True,"031-e 9 s cocoa is so immeasurably superior to beer or alcohol in any form. vi-cocoa enriches the blood in a most re- markable manner, and builds up and strengthens ..."
cocoa,1900,1,3292,2215,6.2144,True,"epps's grateful-comforting, cocoa you will find it the • very cocoa you want."
cocoa,1900,1,3292,2216,6.2158,True,"...311% cf • 4 w -f,, • an'es 44 •• • k 34% being distinguished from all others by its invigorating nutritious qualities and its delicious flavour. this cocoa, con- taining as it does all the substa"
cocoa,1900,1,3292,2217,6.2162,True,epps's cocoa cocoaepi'tifg-- far i... waft epps's cocoa wall ramml eau= =el
cocoa,1900,1,3292,2218,6.2168,True,"the original cocoa, and a speciality. e p psis distinguished from all others by its invigorating nutritious qualities and delicious flavour. it contains all the substan..."
cocoa,1900,1,3292,2221,6.2176,True,mazawattee cocoa yen can face the prevailing sold weather with impunity. the heat-producing elements contained in this pure eoesa are most pronounced. it also forms a...
cocoa,1900,1,3292,2222,6.2181,True,"epps's cocoa you win find it the very cocoa you want. reported at s owes log of tile. lilase'oi 'eassril t isps4 ll.e t omit y r 1,01•11,1• 4.1 ini telly £3.500 o..."
cocoa,1900,1,3292,2223,6.2183,True,"ce 9 cocoa _ is first amongst food beverages because of its absolute purity, and free- dom from admixture of any kind. ""the lancet"" says: ""cadbury's is the stan..."
cocoa,1900,1,3292,2224,6.2203,True,^ • ia it• a '4.% •47 'jilt. :.• the best form of cocoa for every-de y use.
cocoa,1900,1,3292,2225,6.2235,True,"first and foremost. cadbury s cocoa come; err, among food beverages because ii is very cioaely allied to milk in its composition there is really little to :hose between cadbury's absolu..."
cocoa,1900,1,3292,2226,6.2253,True,cocoa a nearest. delltdous. egg image melting beverage.
cocoa,1900,1,3292,2227,6.2255,True,"nutritious and economical. cocoa justly prised by mothers ter themselves and their children, who choose it eagor:y."
cocoa,1900,1,3292,2228,6.2261,True,"fact versus fiction. the fiction is that another cocoa is ""as good as van houten's."" the fact is there is not another cocoa to equal van houten's. in every market in the world it is the standard by wh"
cocoa,1900,1,3292,2229,6.2264,True,"mazawatteh cocoa is guaranteed to be of finer quality, of greater strength, and is more ecoaismical as it goes twice as far as any ordinary cocoa. if you are not sati..."
cocoa,1900,1,3292,2230,6.2272,True,"the medical magazine says ""the favourite cocoa of the day. for strength, purity, and nourishment,there is nothing superior to be found."" cabury's is cocoa an the nest cocoa only."
cocoa,1900,1,3292,2231,6.2273,True,"mcdougall's pategt self-raising flo a cup of cocoa --s, is always cheering, z"", sustaining & nourishing, when made with ~ l \ '.4 1 „c ~ -„_ -,. 11 s. ° 4 i. .: .• '''' the cocoa of highest quality. w"
cocoa,1900,1,3292,2232,6.2275,True,"you cannot possibly have a better cocoa than epps's grateful-comforting. cocoa you will find it the very cocoa you want. council was sought by several of those present and mr. bouchier, cha..."
cocoa,1900,1,3292,2233,6.2278,True,"...rishing more delicious more economical than any other. what does this mean to the consumer? briefly, that being more soluble, the full benefit of the cocoa is obta"
cocoa,1900,1,3292,2234,6.2279,True,"1544 (the lancet says is thr. stanzard of highest purity"" cocoa alone is an excellent food as well as a stimulant, having a salutary action upon the nerve centres."" the epicure says: ,:ierefore drink "
cocoa,1900,1,3292,2235,6.2282,True,epps's grateful-comforting. cocoa breakfast and supper ma i -.l•mai \ ...-_
cocoa,1900,1,3292,2236,6.2286,True,"„. • t, .v.• 4 • 14 a •-• 44 1 p '''',4 a ‘; .l. ”4 14. .a. ..., a the best form of cocoa for every-day use."
cocoa,1900,1,3292,2237,6.2289,True,after three-quarters of' a century as cocoa the best form of cocoa for every-day use.
cocoa,1900,1,3292,2238,6.229,True,the best form of cocoa for every-day use. start the day right! a good start is half the race. if you suffer from breakfast-table peevishness you commence all wrong. a world...
cocoa,1900,1,3292,2239,6.2291,True,"cocoa in the christmas hamper. christmas is drawing near, and soon many o: our .readers will be preparing sinall hampers for their friends, or to give to t..."
cocoa,1900,1,3292,2240,6.2298,True,"...dard if highest purity.""—the lancet. (14'. 14. wo „ 4 1 kti,l ,!,100 xrinir r7.i""n .4! 4:kl v 4•,' $ '6,1 \''.:l t .... .s e eoeo pi 1/4„ 9 cadbury's cocoa is absolutely pure, and a `:94f.'‘ "
cocoa,1900,1,3292,2241,6.2305,True,"e-p ps' s _grateful—comforting. cocoa breakfast—supper. our new serial. --4,.-- a brilliant romance 111"" a well-knov s \"
cocoa,1900,1,3292,2243,6.2328,True,"cadbury's cocoa the medical magazine says: ""the favourite cocoa of the day. for strength, purity, and nourishment,there is nothing superior to be found."" caibury's i..."
cocoa,1900,1,3292,2244,6.2332,True,"van houten's cocoa know how good it is to drink aid how economical it is in use. if you have not tried it buy a new 6d tin, you will get 25 cups out of make it with i3o..."
cocoa,1900,1,3292,2245,6.2334,True,cocoa 11111akfast—su•pan th• -herald- dam set salami t• • wert few. it ha • irid•ly eirt•lated j•ersal. =nor all •el advertised is th• rya .t • trial. to r...
cocoa,1900,1,3292,2246,6.234,True,"`z4'e--'ll4s..liiiilz,p cocoa and slave labour. the proprietors 4.f van houten•s cocoa wrivai:—ae a great publicity ha., t`vvii given to the lam that eartain 01(.0a mann- factutv•..."
cocoa,1900,1,3292,2247,6.2343,True,"fact versus fiction. the fiction is that another cocoa is ""as good as van h ou ten's."" the fact is there is not another cocoa to equal van llouten's. in every market in the world it is the standard by"
cocoa,1900,1,3292,2248,6.2346,True,"oveys cocoa advertisements written by consumers. ie antinued. excellent for economy, strength and flavour. ""your cocoa is excellent, both ""for economy and flavou..."
cocoa,1900,1,3292,2249,6.2358,True,"cocoa advertisements written by consumers. to be continued. excellent for economy, strength and flavour. ""your cocoa is excellent, both ""for economy and fl..."
cocoa,1900,1,3292,2250,6.2372,True,grateful-comforting. cocoa breakfast-supper. rural life. (v•prioc
cocoa,1900,1,3292,2251,6.2379,True,"cadbury9 h,• oc „... a .• is .. .. for working people.' ~ a i ,i ""the civil service gazette"" says: '', • ""caonurzv's is the finest example of ~ cocoa manufacture—absolutely pure, and essentially the f"
cocoa,1900,1,3292,2252,6.238,True,•c. • ii. the best form of cocoa for every-day use.
cocoa,1900,1,3292,2253,6.2385,True,".. -_ --. t. 4.w_ •••,,, •,:i • :•'.. coco f. analysis. cocoa. .. 6•3 proteid mon cocoa 66•0 free from chemicals and added itarehy matter. mark twain ssys:—"" i had an eight years' persistent dispute w"
cocoa,1900,1,3292,2254,6.2389,True,epps's grateful-comforting. cocoa breakast ani;) supper.
cocoa,1900,1,3292,2255,6.2396,True,"epps's being distinguished from all others by its invigorating nutritious qualities and its delicious flavou^. this cocoa, con- taining as it does all the substance of the cocoa nib, maintains its lea"
cocoa,1900,1,3292,2256,6.2397,True,"how to keep in health. as a health'proinoting ucicuge cadbury's cocoa'. is universally adniined to be in the frost rank, both the inedioal faculty and thin public being unanimous in appreciation of th"
cocoa,1900,1,3292,2258,6.2406,True,"00 1,, 4f+ tho—bost form ot cocoa for cvory-~ oath"
cocoa,1900,1,3292,2259,6.2409,True,strong children. children grow strong on cadbury's cocoa because it contains in a generous measure those food elements that are essential to health and good physical condition. it possesses the combin
cocoa,1900,1,3292,2260,6.2418,True,the mos i n.. xi r lous. epps's onateful. cocoa arcakfaiit— sumer
cocoa,1900,1,3292,2261,6.2419,True,twi moli nu' 7;7 ci 7 s h 04.9 cocoa for breakfast and supper.
cocoa,1900,1,3292,2262,6.2422,True,a choice of cocoa either the west nutritious ___ and strength-giving
cocoa,1900,1,3292,2263,6.2423,True,"cocoa the best form of cocoa for ever7-dei oor. differenes between the firm and the winn wm, not in different° which was terminated by the 1114.1,0 .tatent..."
cocoa,1900,1,3292,2265,6.2454,True,"is 2 alwayss mcdougall's paterit self—raising flour ther best only those who use van houtf,n's cocoa know how good it is to drink and how economical it is in use. if you shave not tried it buy a new 6"
cocoa,1900,1,3292,2266,6.2466,True,",04""'""; 1,0"" h .-, i,' )1': 1. ~,,,,, 4, av o' eittftt— highest purity"" l cocoa alone is an excellent food as well as a stimulant, having a salutary action upon the nerve centres"" • _ _li-: v----j the"
cocoa,1900,1,3292,2267,6.2467,True,".. ak. a s cocoa _ 9 the lancet says: ""we are glad to find that messrs. cadbury draw atten- tion to the fact that there are strong grounds for objection to the additi..."
cocoa,1900,1,3292,2268,6.2471,True,"the medical magazine says ""the favourite cocoa of the day. for strength, purity, and nourishment,there is nothing superior to be found."" cabury's is cocoa an the nest cocoa only."
cocoa,1900,1,3292,2269,6.2472,True,"e which represents cocoa in the highest attainable form, made from the finest cocoa beans the world produces, prepared by more refined methods than cocoa was eve before submi..."
cocoa,1900,1,3292,2270,6.2473,True,epps's oratipul—oomfortinei cocoa yon will ind it tin tory cocoa you want.
cocoa,1900,1,3292,2271,6.2481,True,"mazawattee cocoa too strong when half quantity only is used in com- parison to other cocoas, a farther reduction in the quastityased is advisable. owing to its superl..."
cocoa,1900,1,3292,2272,6.2482,True,"fact versus fiction. the fiction is that another cocoa is ""as good as van houten's."" the fact is there is not another cocoa to equal van houten's. in every market in the world it is the standard by wh"
cocoa,1900,1,3292,2273,6.2489,True,"• .• y's c*coa is refreshing, invigorating, and perfectly pure, containing all the full nourishing properties of the cocoa bean, without admixture of any kind. callsu'ry's cocoa is pure, palatable, an"
cocoa,1900,1,3292,2274,6.2495,True,"""nothing cheaper or better than vt-cocoa."" thousands of men and women say this. experience has told them that a gd. packet or 9d, or is. gd. tin of dr. tibbles' vi-cocoa is the best value in..."
cocoa,1900,1,3292,2275,6.2496,True,latariba cocoa is made solely and wholly from the best cocoa beans the world produces; that it is absolutely undefiled by adulterants of any kind; and that in the p...
cocoa,1900,1,3292,2277,6.2512,True,after three-quarters of a century as cocoa the best form of cocoa for every-day use. pleasant paragraphs. a constant desire to vindicate themselves keeps lots of people in trouble. the man who...
cocoa,1900,1,3292,2278,6.2521,True,"/221. k ""nothing cheaper or better than vi-cocoa."" th:usands of men and women say this. experience has told them that a 6d. packet or 9d. or is. 6d. tin of dr. tibbles' vi-cocoa is the best value in..."
cocoa,1900,1,3292,2279,6.2534,True,"strong children. everybody should drink cadbury's cocoa regulorly at breakfast and lunch taut% and particularly with the everling neil. is rause, 00 ing to as mildly stimulative action, it is on. of t"
cocoa,1900,1,3292,2280,6.2541,True,"• outenis ilb at 3 • ~ sat in a corner, with cocoa instead of a pie; to avoid indigestion i just take my suggestio ""van houten's the cocoa to buy. no. 14. women's chat. political clubs for women.—the "
cocoa,1900,1,3292,2282,6.2552,True,"mazawattee cocoa is all tbat we ask yon will not need further press- ing, a-the superiority of this ertoo over all ~thers ls made self apis•reqt from an economical st..."
cocoa,1900,1,3292,2283,6.2555,True,"w. burrows ""something for nothing.--dr. tibbles' vi-cocoa, as a concentrated form of nourishment and vitality, is invaluable; nay, more than this, for all who wish to face the strife and battle of lif"
cocoa,1900,1,3292,2285,6.2582,True,"~nt%ltart midn fact versus fiction. the fiction is that another cocoa is ""as good as van houten's."" the fact is there is not another cocoa to equal van houten's. in every market in the world it is the"
cocoa,1900,1,3292,2286,6.2586,True,"cocoas the meal burp& beverage, 7 g t 0 9 ,l 1,233 g •li‘ v r/.-1 „g„. gaq a r !„.; the great new cocoa a warrington woman's mysterious death. the coroner ..."
cocoa,1900,1,3292,2287,6.2588,True,viiminowt tarrßrnowr. ep ps's grateful-comforting. cocoa breakfast-supper.
cocoa,1900,1,3292,2288,6.2596,True,"maz awatte e cocoa is a most pleasant experience, and has an invigorating eefect upon the system, which it is impossible to over- rate, this cocoa is a valuable heat pr..."
cocoa,1900,1,3292,2289,6.2602,True,"me most ni; ritic,us epps's cocoa npeak''.'st-sw'per."
cocoa,1900,1,3292,2290,6.2605,True,epps's grateful-comforting. ooa you will find it the very cocoa you want.
cocoa,1900,1,3292,2291,6.2621,True,"..... • • '..'41 vp' .: % '-,`..4... g '• .. _ ""the standard of highest purity.""—tue l4ncet; free from kola, malt, hops, alkali, or any admixture. it is cocoa and the best cocoa onl"
cocoa,1900,1,3292,2292,6.2641,True,"epps's cocoa onoyid mai .......ifts. epps's cocoa for limier' rod ...pp.,. epps's cocoa imo wawa •••••■, ow."
cocoa,1900,1,3292,2294,6.2651,True,"',nothing cheaper or better than vi-cocoa: thousands of men end women gay this. .iperienee has told them that a 6d. packet or 9d. or ls. 6d. tin of dr. tibbles' vi-cocoa is the best value in ..."
cocoa,1900,1,3292,2295,6.2665,True,"nourishing stout stone trough brewery, halifax. cadbury's cocoa entirely free from all admixtures— such as kola, malt, hops, alkali, &c. absolutely pure therefore best. mr' liils stood the test of tim"
cocoa,1900,1,3292,2296,6.2674,True,epps's grateful-comforting. cocoa breai(fast-suppew
cocoa,1900,1,3292,2297,6.268,True,cocoa as used in sonio of the laz gest hospitals ia tho united kingdom. • i• sold by all grocers. refuse imitations. if difficulty is experienced in obtair...
cocoa,1900,1,3292,2298,6.2683,True,"...' .17 4 .414. • -. • n is arst. irsi at the great exhibitions of the world, where, whets exhihßed, it always receives the highest award. first in the cocoa markets of the world, where i"
cocoa,1900,1,3292,2299,6.2695,True,"hard facts for iiahd-hiladiid mun. m azawattee cocoa is the finest, the most soluble, and the moit inrigo-- atiug eocoa,ever made. mhalf-spounfol gives twice as much liquid as any ordivary coco‘. lest"
cocoa,1900,1,3292,2300,6.27,True,grateful-comfort:ng. cocoa 71xf breakcast—supflii.
cocoa,1900,1,3292,2301,6.2702,True,"""plasmon cocoa contains ill the constituents able to support life."" lastest digestion. braces the nerves. ia promotes refreshing • \af4 sleep. coco it analysis. coc..."
cocoa,1900,1,3292,2302,6.2704,True,"the original cocoa, and a speciality, 1111 se • e p s being distinguished from all others by its invigorating nutritious qualities and its delicious flavour. this cocoa..."
cocoa,1900,1,3292,2303,6.2706,True,"c ,6• ~. the best form of cocoa for every-day use."
cocoa,1900,1,3292,2304,6.2712,True,epps's grateful-comfort:ng. cocoa lireakp.a.st-suppei3-
cocoa,1900,1,3292,2305,6.2714,True,epps' grateful-comfort* cocoa a 611clos ithik 04 sutatalot laa s
cocoa,1900,1,3292,2307,6.2754,True,economy. half a teaspoonful makes a delicious breakfast cup of van houten's cocoa. the same quantity of any other cocoa will not give so good a result either in strength or flavour. try a 6d tin it wi
cocoa,1900,1,3292,2308,6.2755,True,"cad bury's cocoa pt.- for working people. ""the civil service gazette"" says: ""chmivizv's is the finest example of cocoa manufacture—absolutely pure, and essentially th..."
cocoa,1900,1,3292,2309,6.2756,True,save money it 6eing the one cocoa in which all the special nutritive qualities of the most perfect growths are carefully conserved; the one cocoa in which nothing but cocoa of the ver...
cocoa,1900,1,3292,2310,6.277,True,"i really must use vi-cocoa."" thousands of men and women, after reading the particulars published regard- ing the merits of dr. tibbles' vi-cocoa, inca been induced to become re..."
cocoa,1900,1,3292,2311,6.2772,True,"van houten's a cocoa you can enjoy. the majority of people, especially women, from taking a cab unless they wero compelled to do so. madge."
cocoa,1900,1,3292,2312,6.2773,True,epps's cocoa essence welcome at any hoar of the day.
cocoa,1900,1,3292,2313,6.2773,True,epps's cocoa essence welcome at any hoar of the day.
cocoa,1900,1,3292,2314,6.2774,True,"""plasmon cocoa contains all the constituents able to support life."" lancet. dic,estion. braces the nerves. s refreshing t sleep. cogol * analysis. e: cocoa .. 63 pr..."
cocoa,1900,1,3292,2315,6.2783,True,"difference of duty. in preparing cocoa or chocolate from the :aw article, there is naturally a loss, but it it small compared to the difference of ths dia.!, charged to the foleigner on th..."
cocoa,1900,1,3292,2316,6.28,True,"...-- 1 the proof of the beverage 1 is in the drinking. t try 1 !7 -,1: 9 .f' van :5. -s.outens _.,. ocoa and you will not be disappointed. it is a pure cocoa with a delicious natural flavour w"
cocoa,1900,1,3292,2317,6.2809,True,"4`141; 1""-;?. *- it is certified by the ""lancet"" to contain all the valuable food constituents of the cocoa bean in the best passible form for digestion. digestible cocoas."
cocoa,1900,1,3292,2318,6.2812,True,"...riginal cocos, and • speciality. epps's. being distinguished from all others by it. invitonaltlif nutritious qualities and its delicious savour. this cocoa, con tattling as it dose all the substa"
cocoa,1900,1,3292,2319,6.2814,True,"rj a cocoa you can enjoy. if you want a cocoa that is not only the best for nutritive, sustaining and in- vigorating properties, but one thz can thorough.y enjo..."
cocoa,1900,1,3292,2320,6.2825,True,3 4 4 a i • the best form of cocoa for every-day use.
cocoa,1900,1,3292,2321,6.283,True,eppi'-1-3-cocoa epps's cocoa rea weny aura _ _ _ e p-p-13—' 14 cocoa eft arms nm= ..ii•
cocoa,1900,1,3292,2322,6.2837,True,"fact versus fiction. the fiction is that another cocoa is ""as good as van houten's."" the fact is there is not another cocoa to equal van houten's. in c\-l-ry market in the world it is the standard by "
cocoa,1900,1,3292,2323,6.2843,True,liptons coffee and cocoa were awarded the grand prize (this is the highest honour obtainable). lovers of perfect coffee and cocoa will find liptons unequalled for excellence ...
cocoa,1900,1,3292,2324,6.2843,True,liptons coffee and cocoa were awarded the grand prize (this is the highest honour obtainable). lovers of perfect coffee and cocoa will find liptons unequalled for excellence ...
cocoa,1900,1,3292,2325,6.2846,True,"vi-cocoa."" ..... thousands of men and women say this. en perienee has told them that a 6d packet or 9d is 6d tin of dr. tibbles' vi-cocoa is the best value in..."
cocoa,1900,1,3292,2326,6.2849,True,"mazawattee cocoa is even superior to theca—greatly superior indeed. with such a cocoa you soon realize what cocoa really is, awl means, and should be"". gordon swazle4..."
cocoa,1900,1,3292,2327,6.285,True,grateful sad contestlug. epps's cocoa prepared from the wet sdaeted owes silk the ...tare! en yrremed. it is fer sad away the meet setritteas beeerap yes tea tabs epps'-3 cocoa —tor inaki...
cocoa,1900,1,3292,2328,6.2856,True,"...beverage ever placed before the public."" these words will be found in the remarkable address to the public on every tin and packet of dr. tibbles' vi-cocoa. they are now echoed "
cocoa,1900,1,3292,2329,6.2859,True,"van -1 pure soluble it is certified by the ""lancet"" to contain all the valuable food constituents of the cocoa bean in the best possible form for digestion. the most nourishing, digestible and delicio"
cocoa,1900,1,3292,2330,6.2861,True,save raon ey it being the one cocoa in which all the special nutritive qualities of the most perfect growths are carefully conserved; the one cocoa in which nothing but cocoa of the ver...
cocoa,1900,1,3292,2332,6.2868,True,epps's grateful-coniforting. cocoa 811eakvast-supper•
cocoa,1900,1,3292,2333,6.2875,True,economy. half a teaspoonful makes a -- -delicious breakfast cup of van ijouten's cocoa. the same quantity of any other cocoa will not give so good a result either in strength or flavour. try a 6d tin 
cocoa,1900,1,3292,2334,6.2896,True,"11,1,4 .1"" • vt3im s s or, • grate ''ul-comforting. cocoa the most nutritious and economical"
cocoa,1900,1,3292,2335,6.2897,True,"0 i r ~ ,1 4 ;44 • 14.‘"" supplies a the great new cocoa wholesoivie nourishment. there are no special agents for this cocoa. it can be obtained from every grocer."
cocoa,1900,1,3292,2337,6.2905,True,"cocoa is refreshing, invigorating, and perfectly pure, containing all the full nourishing properties of the cocoa bean, without admixture of any kind. cadb..."
cocoa,1900,1,3292,2338,6.2906,True,"cocoa is refreshing, invigorating, and perfectly pure, containing all the full nourishing properties of the cocoa bean, without admixture of any kind. cadb..."
cocoa,1900,1,3292,2339,6.2908,True,'the most hutrmous. e p ps's grateful-comforting. cocoa breakfast-supper. epps's tme most nutzitious. gitatertil-comporting.
cocoa,1900,1,3292,2340,6.2927,True,"epps's cocoa _ 71. it isms a irelanne deliosej for the morning and evening msal a fragrant, delisious, and most healtldni beverage. as a food for quite youag chil..."
cocoa,1900,1,3292,2341,6.2936,True,epps's gratieful-comforting. cocoa daseilfalit and supper.
cocoa,1900,1,3292,2342,6.2937,True,"nothing cheaper or better than vi-cocoa."" thousands of men and women say this. experi- ence has told them that a 6d. packet or 9d. or is. 6d. tin of dr. tibbles' vi-cocoa is the best value ..."
cocoa,1900,1,3292,2343,6.2938,True,"pn ""the typical cocoa c of foolish man- the analyst. 'edadblirlis i i a refined, stimulating, digestible. ""till standarb sf nicnest purity."" -171 e lamm •=w14,.... cadbury..."
cocoa,1900,1,3292,2345,6.2986,True,"lowest birth and death rates on record. a note of warning. the eminent food specialist, dr. andrew wilson, says:— ""the practice of adding to cocoa foreign substances should be condemned— cocoa in itse"
cocoa,1900,1,3292,2346,6.3,True,cocoa and 9 echocolates highest /lessors ter 1011414‘ the housing question. urgent need for action in mid- dlesbrough. what is being done in hull.
cocoa,1900,1,3292,2349,6.301,True,"cocoa or coir-fibre. the only other textile fibre of vegetable origin worthy of mention is the cocoa or coir fibre, used in the manufacture of mats and flo..."
cocoa,1900,1,3292,2350,6.3015,True,"absolutely pure-therefore best. cadbury's cocoa is griaran• teed to be absolutely pure, and is therefore the best cocoa. it is at once a refreshing, stimu- lating drink, and a nutritioue food, cont..."
cocoa,1900,1,3292,2351,6.3019,True,"... that imparts mental and bodily vigour, and is comparatively easy of digestion, may be described as a ""pilot to health."" such a beverage is cadbnry's cocoa. it is ""staying"
cocoa,1900,1,3292,2352,6.3026,True,"to cocoa d rinkers• liptons famous cocoa. awar.i) toe grand prize at tiie paris exhibition, 1900, strengthening, nourishing. invigorating. -------- liptons gr..."
cocoa,1900,1,3292,2353,6.303,True,the most nutritious. e p p vs grateful- com forting. cocoa breakfast-supper.
cocoa,1900,1,3292,2354,6.3045,True,"cocoa mu, moo nutrition' mid ramos*lool guarantee"
cocoa,1900,1,3292,2355,6.3053,True,"first and foremost. cadbury s cocoa come; err, among food beverages because ii is very cioaely allied to milk in its composition there is really little to :hose between cadbury's absolu..."
cocoa,1900,1,3292,2356,6.3054,True,"you cannot possibly have a better cocoa than epps's grateful-comforting. cocoa you will find it the very cocoa you want. council was sought by several of those present and mr. bouchier, cha..."
cocoa,1900,1,3292,2357,6.306,True,"k. • ra, t*4' pi which represents cocoa in the highest attainable focm, made from the finest cocoa beans the world produces, prepared by mcse refined methods than cocoa was ever before subm..."
cocoa,1900,1,3292,2358,6.306,True,grateful sad contestlug. epps's cocoa prepared from the wet sdaeted owes silk the ...tare! en yrremed. it is fer sad away the meet setritteas beeerap yes tea tabs epps'-3 cocoa —tor inaki...
cocoa,1900,1,3292,2359,6.3063,True,unite in recommending pure cocoa as a most im- portant article of food.
cocoa,1900,1,3292,2360,6.3064,True,"...beverage ever placed before the public."" these words will be found in the remarkable address to the public on every tin and packet of dr. tibbles' vi-cocoa. they are now echoed "
cocoa,1900,1,3292,2361,6.3064,True,"mazawattee cocoa is even superi r t,, 14. in —rival y with such a cocoa you soon realize what coo'ia really is, and means, and should he.- gordon stables, c.m., m.d.,..."
cocoa,1900,1,3292,2362,6.3072,True,"... that imparts mental and bodily vigour, and is comparatively easy of digestion, may be described as a ""pilot to health."" such a beverage is cadbury's cocoa. it is ""staying"
cocoa,1900,1,3292,2364,6.3074,True,"..... • • '..'41 vp' .: % '-,`..4... g '• .. _ ""the standard of highest purity.""—tue l4ncet; free from kola, malt, hops, alkali, or any admixture. it is cocoa and the best cocoa onl"
cocoa,1900,1,3292,2365,6.3075,True,"the most nutsittolis. epps's grayefjl-c.i'4,11 cocoa lireakfa6i and sjpper"
cocoa,1900,1,3292,2366,6.308,True,"i nothing chea per or better than vi-cocoa."" thousands of men and women say this. experience has told them that a 6d. packet or 9d. or is. gd. ti.l of dr. tibbles' vi-cocoa is the best value i..."
cocoa,1900,1,3292,2367,6.3081,True,"mazawattee cocoa a free tin will bo tknt you on application to maza- wattee, london."
cocoa,1900,1,3292,2368,6.3092,True,mazawattee cocoa you have a food beverage of supreme refinement. the special process employed in its' manufacture has been so eminently successful that all the nutrit...
cocoa,1900,1,3292,2369,6.3103,True,and cocoa were awarded the grand prize (this is the highest honour obtainable). lovers of perfect coffee and cocoa will find lipton unequalled for excellence o...
cocoa,1900,1,3292,2370,6.3108,True,"scene on a trinidad cocoa estate. cadbury's cocoa iseabsolutely pure, therefore best. it contains all the full nourishing properties of the cocoa bean, without any foreign adm..."
cocoa,1900,1,3292,2371,6.3111,True,cocoa the but form— of comm for every-da7 am. the man who does not advertise his business is losing money. let the public know what you have and they will ...
cocoa,1900,1,3292,2373,6.313,True,don't be heavy handed when using mazawattee cocoa. otherwise it will be too strong. a half topoonful is ample to make the most perfect oup of ooooa it is possible to imagine—one cup will convince you...
cocoa,1900,1,3292,2374,6.3151,True,"i now sphnd half ati much as formerly on cocoa"" states ft etorne: who mow purchages maziwatte • cocoa iubtead of her tormar hrtvid. she an& thlt."
cocoa,1900,1,3292,2375,6.3155,True,"epp-gf-i-cocoa owl•kl ml •••••••11.s. epps's cocoa far bleakerl ami maw. epps's cocoa 1171.•neni &mn, fa*"
cocoa,1900,1,3292,2376,6.3163,True,"""nothing cheaper or better than vi-cocoa."" thousands of men and women say this. experience has told them that a ed. packet or 9d. or is. gd. tin of dr. tibbles' vi-cocoa is the best value in..."
cocoa,1900,1,3292,2377,6.3165,True,beyond all doubt the supreme summit of quality and the greatest realisation in nutritive value ever attained. when you can get such a cocoa as
cocoa,1900,1,3292,2378,6.3165,True,beyond all doubt the supreme summit of quality and the greatest realisation in nutritive value ever attained. when you can get such a cocoa as
cocoa,1900,1,3292,2379,6.3167,True,epps's cocoa a delicions drink auit a sustaining k&..
cocoa,1900,1,3292,2380,6.3178,True,"wnvlijo °:°' 9 cocoa is first amongst food beverages because of its absolute purityand free- dom from admixture of any kind. ""the lancet"" says: ""cadbury's is the standard..."
cocoa,1900,1,3292,2381,6.3199,True,how to make sure of pure cocoa. no cocoa is pure which contains substancel dot naturally present in the cocoa bean. many of the so-called cocoas now on sale are merely cocoa prepar...
cocoa,1900,1,3292,2382,6.32,True,"mazawattee cocoa is even superior to them —greatly superior •indeed. with such a cocoa you soon realize what cocoa really ls, aud means, and should aw."" gordon stable..."
cocoa,1900,1,3292,2383,6.3202,True,"""a of van hou' van houten's cocoa gives just the right kind of nourishment for building up active brains and strong muscles. a cocoa you can enjoy. ""beautiful warrington."" a letter to..."
cocoa,1900,1,3292,2385,6.3217,True,"no cocoa like vi-cocoa. fur those who ride, for those who walk, for those who sing, for those who talk. for those who work, for those who play. there's nothin..."
cocoa,1900,1,3292,2386,6.322,True,foreign competition completely conquered mazawattee latabiba cocoa which is acknowledged on all sides to be the highest quality ever attained by any cocoa of any country. the humiliation under which b
cocoa,1900,1,3292,2387,6.3229,True,"e::--opt, • %;11 cnatcful-ccnifo7:tino. cocoa the most nutritions and economical."
cocoa,1900,1,3292,2388,6.323,True,epps's grateful—comforting. _ cocoa breakfast—suppen ilesentybl burnie..4
cocoa,1900,1,3292,2389,6.3234,True,the original cocoa. and a speciality. ep psss being distinguished from all others by its nvigorating nutritious qualities and its delicious flavour. this cocoa. con- ta...
cocoa,1900,1,3292,2390,6.3241,True,"cadbury's coco the medical magazine says: ""the favourite cocoa of the day. for strength, purity, and nourishment,there is nothing superior to be found."" caibury's is cocoa an the best cocoa only. the "
cocoa,1900,1,3292,2391,6.3251,True,"every woman a choice of cocoa to suit your taste. either the most nutritious or, a lighter and thinner and strength-giving drink, refreshing and stimulating. eppsis epps's gratefu..."
cocoa,1900,1,3292,2392,6.3251,True,"the empress's past crimes. counting the cost. cadbury's cocoa is a perfect food."" the lancet says: ""cadbury's cocoa represents the standard of highest purity."" e whetladrindklndgmactotir tette:: the p"
cocoa,1900,1,3292,2393,6.3256,True,"...d from all other:i its invigorating nutritious qualities and ils d,?licious tls.vour. this coco^., cc:i- t:lining as it does all the substance of the cocoa nib, maintains its"
cocoa,1900,1,3292,2394,6.3257,True,epps's cocoa to will ind it the very oooco you want
cocoa,1900,1,3292,2395,6.3262,True,epps_'s_ cocoa gnat!' r 4 emirll.b. epps's cocoa eptps's-cocoa wwi rbal
cocoa,1900,1,3292,2396,6.3263,True,"cadbu y's cocoa the lancet (august 9th, 1902) says: cadbury's cocoa undergces no method oftreatment by which foreign substances are introduced."" parents when purchas..."
cocoa,1900,1,3292,2397,6.3275,True,tm most nutritious. e p ps's cocoa barnsley vasty court. darfield county 013urt cane. the tam. w. bowen. pitintiff. nd wesleyan awl general aituariuwe dowery. which should hare been be...
cocoa,1900,1,3292,2398,6.3282,True,"eppirg-cocoa epi,-13-7i cocoa epii-4's-_cocoa w-1121-201.0•1- in.= mil."
cocoa,1900,1,3292,2399,6.3286,True,"fact versils fiction. the fiction is that another cocoa is ""as good as van ilouten's."" the fact is there is not another cocoa to equal van houten's. in every market in the world it is the standard by "
cocoa,1900,1,3292,2400,6.3307,True,":0 ma, of pure cocoa. no cocoa is pure which contains substances not naturally present in the cocoa bean. many of the so-called cocoas now on sale are merely cocoa prepar..."
cocoa,1900,1,3292,2401,6.3314,True,"... that imparts, mental and bodily vigour, and is comparatively easy of digestion, may be described as a pilot to health."" such a beverage is cadbury's cocoa. it is ""staying and"
cocoa,1900,1,3292,2402,6.3325,True,"twelve months old theft. -• thomas greenwood. 74, garbett-street. us charged with stealing in december, 1908, a cop of cocoa to the value of £2 4s. the cocoa had iwo') consigned to the accrington co-o"
cocoa,1900,1,3292,2403,6.3334,True,"""nothing cheaper or better than vi-cocoa."" th;usands of men and women say this. experience has told them that a 6d. packet or 9d. or is. 6d. tin of dr. tibbles' vi-cocoa is the best value in..."
cocoa,1900,1,3292,2404,6.3342,True,"!epps's being distinguished from all others by its invigorating nutritious qualities and its delicious flavour. this cocoa, con- taining as it does all the substance of the cocoa nib, maintains its le"
cocoa,1900,1,3292,2405,6.3342,True,"household hints. to remove old tea and coffee stains, soak in cold water first, then use boiling water. to remove cocoa and chocolate staina, use cold water first, then boiling water. to remove grass "
cocoa,1900,1,3292,2406,6.3347,True,"c i,,,,,,,iiiiihk,...t.:.„ :.fe-.., ~..7. ,upd r _., 4,,,,, .....,,, the best form of cocoa for every-do y use."
cocoa,1900,1,3292,2407,6.3352,True,"...e that imparts mental and bodily vigour, and is comparatively easy of digestion, may be described as a pilot to health."" such a beverage is cadbury's cocoa. it is staying a"
cocoa,1900,1,3292,2408,6.3358,True,"...al occea. sad a speciality, _ e p ps 7 s being distinguished from afl others by its invigorating isutzltious qualities and its delledous savour. this cocoa, con- taining as it does all the s"
cocoa,1900,1,3292,2409,6.3373,True,"the most nutritious. epps's cocoa 11111altrait- suppe.' 0. talopposa molar to l u.s is up .._d postcard to •ar ow* tf you omit to advert/au advortioani monate attoodod to, so mod dabs..."
cocoa,1900,1,3292,2410,6.3385,True,and daily use cocoa the best suited for all ages and classes.
cocoa,1900,1,3292,2411,6.339,True,"s cocoa for work ng people. ""the civil service gazette"" says: ""cadbury's is the finest example of cocoa manufacture—absolutely pure, and essentially the food..."
cocoa,1900,1,3292,2412,6.3395,True,"k ,'..4.-.:1. ;...;.? $ .., 1 .!, j., •%0.4., i.• 3.1.', • **i.i. .!:.• ~r,••• it; ?; at, s cocoa ~, .. • ""a / • a, .. • ter* in whci once established as the children's morning beverage, is always loo"
cocoa,1900,1,3292,2413,6.3399,True,"mazawattee cocoa is even superior to them—greatly superior indeed. with such a cocoa you soon realize what cocoa really is, and means, and should be"". goxidon stables..."
cocoa,1900,1,3292,2414,6.3404,True,",i c ..-- :al. •,k ~ .:64. j. ;fits:. '‘,. „• • • ••:•,..."" • the best form of cocoa for every-day use."
cocoa,1900,1,3292,2415,6.3411,True,"epps's grateful-comforting. cocoa you will find it the very cocoa you want. an,l,l""'m'"
cocoa,1900,1,3292,2416,6.3428,True,"... that imparts mental and bodily vigour, and is comparatively easy of digestion, may be described as a ""pilot to health."" such a beverage is cadbnry's cocoa. it is ""staying"
cocoa,1900,1,3292,2417,6.3431,True,pamptjet. you cannot possibly have a better cocoa than
cocoa,1900,1,3292,2418,6.3444,True,"...'s the original cocos, and • speciality, being distinguished from all others by its invigorating nutritious qualities and its delicious flavour. this cocoa. con- taming as it does all the mullet/m"
cocoa,1900,1,3292,2419,6.3459,True,:=7.1 a choice of cocoa either the most nutritious and strength-giving
cocoa,1900,1,3292,2420,6.3459,True,"the most nutritious. epps's cocoa ilerreist• le ease**, the seentlea el erertaeg • me tees salt. mew preetieeet i=vsaere an mewed te the whom wei tersest at premet. 111111• ism in wei..."
cocoa,1900,1,3292,2421,6.3465,True,"epps's by better housing, better hygiene and better food. keep yourself well and dal} use cocoa the best suited for all ages and classes. _ printed and published by the proprietor. george james marks,"
cocoa,1900,1,3292,2422,6.3468,True,the most nutritioug. epps's grateful—comio—rting. cocoa -- breakfast—supper.
cocoa,1900,1,3292,2423,6.3471,True,liptons coffee and cocoa were awarded the grand prize (this is the highest honour obtainable). lovers of perfect coffee and cocoa will find lipton's unequalled for excellence...
cocoa,1900,1,3292,2424,6.3475,True,"irr is not as ordinary cocoas are composed partly of arrowroot, sago or farina, which no amount of treatment or grinding-up can convert into cocoa. such commodities are cheaper t..."
cocoa,1900,1,3292,2425,6.3478,True,"""i really must use vi-cocoa."" thousands of men and women, after reading the particulars published respecting the merits of dr. tibbles' vi-cocoa, have been induced to be- come r..."
cocoa,1900,1,3292,2426,6.3478,True,cocoa the best fjrnt of oscoe. for every-clay use.
cocoa,1900,1,3292,2427,6.3486,True,"twelve months old theft. -• thomas greenwood. 74, garbett-street. us charged with stealing in december, 1908, a cop of cocoa to the value of £2 4s. the cocoa had iwo') consigned to the accrington co-o"
cocoa,1900,1,3292,2428,6.3489,True,"""plasmon cocoa contains all the constituents able to support life."" lancet. dic,estion. braces the nerves. s refreshing t sleep. cogol * analysis. e: cocoa .. 63 pr..."
cocoa,1900,1,3292,2429,6.3491,True,"mazawattee cocoa a.sists the formation of mu,cle and hardens it for action, and, therefore, is a drink par excellence for the athlete, the sailor, the soldier, and of..."
cocoa,1900,1,3292,2430,6.3497,True,co'1: i. 0.11. the beat form of cocoa for every-day use. 1.::
cocoa,1900,1,3292,2432,6.3504,True,"t i al ta i te i 0 w ank 11 ba :4 1(4 which represents cocoa in the highest attainable form, made from the finest cocoa beans the world produces, prepared by more refined methods than cocoa was ever b"
cocoa,1900,1,3292,2433,6.3506,True,"""nothing cheaper or better than vi-cocoa."" thousands of men and women say this. experience has told them that a 6d. packet or 9d. or is. 6d. tin of dr. tibbles' vi-cocoa is the best value in..."
cocoa,1900,1,3292,2434,6.3511,True,"c ytir"" s cocoa cadbury's cocoa is ""the standard of highest purity"" (so the lancet says), because it contains all the health-giving properties of the cocoa bean in t..."
cocoa,1900,1,3292,2435,6.352,True,"fact versus fiction. the fiction is that another cocoa is ""as good as van houten's."" the fact is there is not another cocoa to equal van .1 houten's. in every market in the world it is the standard by"
cocoa,1900,1,3292,2436,6.3527,True,"""i really must have vi-cocoa."" thousands of men and woman, after reading the particulars published respecting the merits of dr. tibbles' vi-cocoa, have been induced to become reg..."
cocoa,1900,1,3292,2437,6.3532,True,"...m a 1! ethe.rs by its invigorating nutritious qua.:ities and its delicious flavour. this cocf..v... con- taining* as it does all the substance of tho cocoa nib, mainta.in"
cocoa,1900,1,3292,2438,6.3542,True,"cocoa lb. best farm of cocos""— for oto7-4hsl law birkenhead news cheap prepaid"
cocoa,1900,1,3292,2439,6.3545,True,"""nothing cheaper or better than vi-cocoa."" thousands of men and women say this. experience has told them that a 6d. packet or 9d. or is. 6d. tin of dr. tibbles' vi-cocoa is the best value in..."
cocoa,1900,1,3292,2440,6.3555,True,beyond all doubt the supreme suderit of quality an d the greatest realisation in nutritive value ever attained. when you can get such a cocoa as
cocoa,1900,1,3292,2441,6.3561,True,"cadbury's cocoa. absolutely pub.b—thereopore best. cadbury's cocoa is guaran- teed to be absolutely pare, and is therefore the beet cocoa. it is at once a refreshing..."
cocoa,1900,1,3292,2442,6.3562,True,"epps's cocoa invaluable to all. new serial.] [all rights reserved. ~#,-***********,+-++#-#_***,+*_**_ft*********lo.*"
cocoa,1900,1,3292,2443,6.3569,True,"cadbury's c vci..':: ;: the medical magazine says ""the favourite cocoa of the day. for strength, purity, and nourishment,there is nothing superior to be found.- caibury's is cocoa an the best cocoa on"
cocoa,1900,1,3292,2444,6.3578,True,"cadbury's cocoa a delicious, refreshing brink. a healthful, sustaining feed. absolutely pure therefore best. ""the perfect purity of cadbury's cocoa— strong point wit..."
cocoa,1900,1,3292,2445,6.358,True,"cadbvry's is cocoa, and the best cocoa only. ""for strength purity and nourishment there is nothing superior to be found medical magazine. mitted the theft. the police h..."
cocoa,1900,1,3292,2446,6.359,True,epps's cocoa liiii mut nutritious sad noutoutical
cocoa,1900,1,3292,2448,6.3642,True,"""nothing cheaper or better `ihan vi-cocoa."" thousands of men and women say this. ex- perience has told them that a ui. packet or 9d. or is. 6d. tin of dr. tibbles' vi-cocoa is the best value ..."
cocoa,1900,1,3292,2449,6.3644,True,"the original cocoa, and a speciality, • .i,llll', s s •. being distinguished from all others by its invigorating nutritious qualities and its delicious flavour. this co..."
cocoa,1900,1,3292,2450,6.365,True,"epps's the most nutritious. cocoa breakfast. sup—per. tim ""blackpool herald"" book alamo& aoor oala ovocjohisre. soars bane alionlll mow om buoy ralseam bask. t. pries is use nosy. wif..."
cocoa,1900,1,3292,2451,6.3651,True,"cocoa the beet form of cocoa for every-clay use. i 11 yorkshire row atli,. fringrosa's bedtime tea nature, neu bc.l nor tly • • `ii.yo• cusiiveness, sick i..."
cocoa,1900,1,3292,2452,6.366,True,"van tiouten's pure soluble cocoa 1 .....-____ 'l, i 11 1"
cocoa,1900,1,3292,2453,6.3663,True,"...ed from oil others by tt.3 invigorating nutritious qualities and its delicious flavour. this cooly:, con- taining as it does all the substance of the cocoa nib. maintain"
cocoa,1900,1,3292,2454,6.3684,True,"• z 7,coa • the best form of cocoa for every-day use."
cocoa,1900,1,3292,2455,6.3688,True,"unable to move. the cocoa bean. shell is not cocoa any more than husk is con], or oyster. shells oysters, and to offer ground-up shell to cocoa drinkers is an insult to their ..."
cocoa,1900,1,3292,2456,6.3698,True,"to suit your taste. or, a lighter and thinner drink, refreshing and stimulating. eppsys cocoa es ce welcome at any hour of the day."
cocoa,1900,1,3292,2457,6.3715,True,"totals 164 23.70 1-97 lees w. gregson, f.g.s. cadbury's cocoa can always be relied upon for its purity. adulterated cocotte are risky and should always be avoided. cadbury's cocoa is highly beneficial"
cocoa,1900,1,3292,2460,6.3722,True,"... that imparts mental and bodily vigour, and is comparatively easy of digestion, may be described as a ""pilot to health."" such a beverage is cadbury's cocoa. it is ""staying"
cocoa,1900,1,3292,2461,6.3748,True,"cocoa the beet term of cocoa for every-day nes. ifront our king downwards, are large customers. two manufacturies near par: have had to double their piomis..."
cocoa,1900,1,3292,2462,6.3749,True,"lowest birth and death rates on record. a note of warning. the eminent food specialist, dr. andrew wilson, says:— ""the practice of adding to cocoa foreign substances should be condemned— cocoa in itse"
cocoa,1900,1,3292,2464,6.3768,True,"cocoa refined, stimulating, digestible. ""the standard of richest purity."" -the lancet. cadbury's cocoa: the great refresher all the year round, being at on..."
cocoa,1900,1,3292,2465,6.3777,True,"ce 9 cocoa _ is first amongst food beverages because of its absolute purity, and free- dom from admixture of any kind. ""the lancet"" says: ""cadbury's is the stan..."
cocoa,1900,1,3292,2466,6.3779,True,epps's otatiipijl-001aforthia cocoa the most nutattisa• eat icriessital.
cocoa,1900,1,3292,2467,6.3779,True,"...uished from u othbrs by its invigorating nutritious qualities and its delicious flavour. this coma, con- ts ming as it does e.ll the substance of the cocoa sib, maintains its leadin"
cocoa,1900,1,3292,2468,6.3782,True,"... a famous athlete (mr.launceston elliot the weight-lifter) says ""for physical culture the most nourishing hot drink should in my opinion be made from cocoa, and from my own experience i conside"
cocoa,1900,1,3292,2469,6.3791,True,"% ip d3:,''ry's cocoa • regularly -a( -w either with meals tg or between meals it is a safe, refreshing, and invigorating beverage, for winter, summer, and all the year ro..."
cocoa,1900,1,3292,2471,6.3817,True,"scalded by boiling. cocoa. the tii;;;ittni""jf a cup ofboiling cocoa hai led to the death of joseph wm. keen, the 15 months' old son of charles keen, of liverton mines, which w..."
cocoa,1900,1,3292,2472,6.3841,True,epps's aratifute-oomroirrincs. cocoa you win ntia it the very cows you was%
cocoa,1900,1,3292,2473,6.3842,True,eppiti-3_-cocoa -41.;1w mdl eppbg- cocoa ple imniilob eon miff._ epps's cocoa int• raminl flawas gals.
cocoa,1900,1,3292,2474,6.3846,True,"• ,:rs,!, an _ordinaty'reccoal an extraordinary cocoa, whol;y' composed of the picked growths of the finest cocoa plantations of central america where the best cocoa is grown. and fron plantation to p"
cocoa,1900,1,3292,2477,6.3865,True,"the empress's past crimes. counting the cost. cadbury's cocoa is a perfect food."" the lancet says: ""cadbury's cocoa represents the standard of highest purity."" e whetladrindklndgmactotir tette:: the p"
cocoa,1900,1,3292,2478,6.3873,True,nourishing. lasfmn p cocoa best summer drink—bee-haatiaj. ail (..lbeinista lust asessmld. ua
cocoa,1900,1,3292,2479,6.3888,True,"...iginal 03000 a. and a speciality. epps's being distinguished from ail others by its invigorating nutritious qualities and its delicious flavour. this cocoa, con- taining as it does all the subst"
cocoa,1900,1,3292,2480,6.3894,True,"the original cocoa. and a speciality. _ epps9s being distinguished from all others by its invigorating nutritious qualities and its delicious flavour. this cocoa, con- ..."
cocoa,1900,1,3292,2481,6.3896,True,"e which represents cocoa in the highest attainable form, made from the finest cocoa beans the world produces, prepared by more refined methods than cocoa was eve before submi..."
cocoa,1900,1,3292,2482,6.3897,True,"turwirwi../491.4rw‘1e s ct l:'11111"" • 4,, a 'it ..., cocoa absnitely pure piz:adore ust. u%--)c.ao cadeury's cocoa c•-. contains no added starch, alkalief, or colouring matter, which at'e often _ ti "
cocoa,1900,1,3292,2483,6.3908,True,"cocoa of ail grocers. write for fres sans pie to mazawattee,"
cocoa,1900,1,3292,2485,6.3914,True,"...eat superiority as a highly nutritious food beverage, being 'elicious in taste, absolutely pure and the ,ost economical withal. cadbury's is the best cocoa "
cocoa,1900,1,3292,2487,6.3923,True,"and the plain and simple fact that mazawattee cocoa is twice the strength of any other british- made cocoa, and goes twice as far, is so stubborn that it cannot possibly be got over. nothing is easier"
cocoa,1900,1,3292,2488,6.393,True,"...bsorbing interest madge • the factory girl; netta the story of a splendid sin. il;nit. .4"":.•% ^ ~. io. .., 1-41111(pli7p''' i a. t 4 t children like cocoa. it's good for them. goo"
cocoa,1900,1,3292,2490,6.3946,True,"...ood ""the standard of purity."" free from drugs or any admixtur/ refreshing, lwrigorating, sustaining. of the greatest strength and the finest flavour. cocoa and cocoa only. ab"
cocoa,1900,1,3292,2491,6.3959,True,cocoa the best form of cocoa for every-day use. the ma.vor the present law requires that all places where horses and cattle are sold shall be flagged and p...
cocoa,1900,1,3292,2492,6.3962,True,"cadbury's cocoa cadbury's coccki is the standard of highest purity"" (so the lancet says), because it contains all the health-giving properties of the cocoa bean in t..."
cocoa,1900,1,3292,2493,6.3968,True,"... expense of every worker is for food. to get more food for less money means money in your pocket. you can get more food for less money out of -10- id cocoa .iole ar- cocoa ""00111 r than in"
cocoa,1900,1,3292,2494,6.3984,True,"cocoa swan soap. light, tuoyaht, fragrant. swan soap. for all toiltt highly nutritious and absolu- tely pure, being free from drugs or any admixture. what ..."
cocoa,1900,1,3292,2495,6.3995,True,you will enjoy every cup. no cocoa equals it. van houten's cocoa only one quality. best & goes farthest. ing closely the lines of the military overcoat worn by napoleon during his exil...
cocoa,1900,1,3292,2496,6.3996,True,ton cannot possibly have a better cocoa than epps's grateful-oomfortinp. cocoa you will find it the very (locos you want.
cocoa,1900,1,3292,2498,6.4049,True,cy any cocoa of any country. the humiliation under which british cocoa-consurnc;s have herctofor2 laboured of having to rely upon foreign cocoa firins for the hig...
cocoa,1900,1,3292,2499,6.4067,True,"wbat cad the great scientist, baron ""cocoa is a power; but its quali and easily digested, occu von perfect with those whose speakers, and with cadbury's cocoa and caution: h°w nhamil and will ..."
cocoa,1900,1,3292,2500,6.4072,True,"th• original cocoa, and a speciality. epps's being distinguished from all others by its invigorating nutritious quali- ties and its delicious flavour. this cocoa, conta..."
cocoa,1900,1,3292,2501,6.408,True,"food, and e perfectly tampered additions fi cocoa absolutely puri therefore best. the standard of highest puril —the 1-gnert."
cocoa,1900,1,3292,2502,6.4084,True,"letters to the editor. van houten's cocoa. to the editor of the ""mama"" sir,—as great publicity has been given to the fact that certain cocoa manufacturers have now de- cided to discontinue th..."
cocoa,1900,1,3292,2504,6.4098,True,epps's cocoa essence welcome at any hear of the day.
cocoa,1900,1,3292,2505,6.4114,True,grateful-com fortvig. cocoa 2 rqakfast-supper. 1211 looked
cocoa,1900,1,3292,2506,6.4117,True,"c • ;-.:.43a tbo beat form e cocoa for eccry--o,;y use."
cocoa,1900,1,3292,2507,6.4164,True,"... that imparts mental aad bodily %limit, and is comparatively easy of digestion, may be described as a ""pilot to health."" such a beverage is cadbury'. cocoa. lt is ""stayin"
cocoa,1900,1,3292,2508,6.4164,True,"c • 1., 1::., ft '.: .:.,,.. 7,"" (the lancet says is the standard of highest purity"" cocoa alone is an excellent food as well as a stimulant, having a salutary action upon the nerve centres."" the epic"
cocoa,1900,1,3292,2509,6.4166,True,"...rishing more delicious more economical thao any other. what does this mean to the consunter briefly, tbut being more soluble, the full benefit of the cocoa is obta"
cocoa,1900,1,3292,2510,6.4209,True,"epps's cocoa dl' alt admirable food, the nicest and most nutritious beverage for the breakfast table. it is made in a moment with boiling water or milk, and its s..."
cocoa,1900,1,3292,2512,6.4223,True,"9 k,„ita ,41,/ sale via? is refreshing, invigorating, and perfectly pure, containing all the full ,npurishing properties of the cocoa bean, without admixture of any kind. cadourn""s cocoa is pure, pala"
cocoa,1900,1,3292,2513,6.4227,True,epps's grateful-comforting. cocoa breakfast and supper. the rising bridge explosion.
cocoa,1900,1,3292,2514,6.4242,True,"the op victory. ifiß• crosfield, mp. entertains the footballers at chester. a choice of cocoa either the most nutritious and strength-giving"
cocoa,1900,1,3292,2515,6.427,True,"epp-gf-i-cocoa owl•kl ml •••••••11.s. epps's cocoa far bleakerl ami maw. epps's cocoa 1171.•neni &mn, fa*"
cocoa,1900,1,3292,2517,6.4279,True,"• • p • ""0, 4i • • s 4 j.4)* (tire lancet says: ""!s the standard a highest, purity' cocoa alone is an excellent food as well as a stimulant, having a salulary action upon the nerve centres"" the epicur"
cocoa,1900,1,3292,2518,6.4302,True,"overweight 3-111. sugar id. lipton limited, growers of the finest tea, coffee and cocoa the world can produce 168, grange ar road, telephone no. 1471."
cocoa,1900,1,3292,2519,6.431,True,"i r r r for the children. 00 0 0 cadbury's cocoa the lancet (august 9th, 1902) says: ""cadbury'. cocos undergoes no method oftrestment by which foreign sulbstanees are introduced."" parents when punka..."
cocoa,1900,1,3292,2520,6.4323,True,after three-quarters of a century as cocoa the beat form of cocoa for every-day use.
cocoa,1900,1,3292,2521,6.4337,True,"the finest cocoa beans the world produces, the most perfect system of manufacture, the experience of three-quarters of a century, are combined in producing er----ig7o..."
cocoa,1900,1,3292,2522,6.4344,True,"fact versus fiction. the fic:ion is that another' cocoa is ""as good as van houten's."" the fact is there is not another cocoa to equal van houten's. in every market in the world it is the standard by w"
cocoa,1900,1,3292,2523,6.4359,True,11ir most nutritious cocoa. e pps's orateful-comfortino. cocoa for breakfast and supper. death of prince christian imr clarkson's farewell to victor. i the com at gulsborough. ...
cocoa,1900,1,3292,2524,6.4363,True,"being more digestible, the the valuable food properties of the cocoa bean are easily assimilated, and the body thereby nourished. being more delicious, the taste never palls on the palate. on the cont"
cocoa,1900,1,3292,2526,6.4368,True,"van houten's and the cocoa supply sir,—at a meeting of the council of the liverpool chamber of commerce on 21st inst.' mr. william a. cadbury, speaking on behalf of messrs. cad..."
cocoa,1900,1,3292,2527,6.4369,True,"...ng distinguished from —all others—by its invigorating qualities and its delicious flavour. this coma. con. taming as it does all tbo substance of the cocoa nib. maintair,hi issuing position "
cocoa,1900,1,3292,2528,6.4378,True,"the finest cocoa beaus the world produces, the most perfect system of manufacture, the experience of three-quarters ox a century, are combined in producing"
cocoa,1900,1,3292,2529,6.4414,True,economy. half a teaspoonful makes a delicious breakfast cup of van houten's cocoa. the same quantity of any other cocoa will not give so good a result either in strength or flavour. try a 6d tin it wi
cocoa,1900,1,3292,2530,6.4427,True,"cocoa ..• ministers to the physical requirements of young and o!ci in an eminent degree. 'health"" says— ""cadbury's cocoa possesses in a remarkable degree t..."
cocoa,1900,1,3292,2532,6.4454,True,"""nothing cheaper or better than vi-cocoa.."" thousands of men and women say this. experience has told them that a 6d. packet or 901. or is. ed. tin of dr. tibblea' vi-cocoa is the best value ..."
cocoa,1900,1,3292,2533,6.4455,True,mazawattie cocoa is all that at ask tem oil not need further pressing. as the iniintte superiority of this cocoa titer all others is made self apparent. from an trim:...
cocoa,1900,1,3292,2534,6.4456,True,epps's gratiful-comfortinil cocoa for simarfaiit nw supper.
cocoa,1900,1,3292,2535,6.4457,True,"%-t'y and bctng distinguished from all othc.,3 by its invigorating, lutritious c,ualities aid ito delicious flavour. 'i ids cocoa. c6ll- as it cu.s all the substance ot the cocoa nib, maintains its lc"
cocoa,1900,1,3292,2536,6.4479,True,"suchard cocoas differ; there is a best one; if you want the hest ak for suchard's. you'll know it is, when you try it. aca .1.111 gmerr de • tree maple rem,. of ye..."
cocoa,1900,1,3292,2538,6.4509,True,"suchard su-shars cocoa is more than taste; but the one, that tastes best, is best suchard's. it is best in a way you think-of least: it nourishes best. if you don't like it..."
cocoa,1900,1,3292,2539,6.4522,True,"...ginal cocos. and a speciality. _ ep psis being distinguished from all others by its invigorating nutritious qualities and its delicious flavour. this cocoa, con- taining as it does all the subs"
cocoa,1900,1,3292,2540,6.4524,True,"• • p • ""0, 4i • • s 4 j.4)* (tire lancet says: ""!s the standard a highest, purity' cocoa alone is an excellent food as well as a stimulant, having a salulary action upon the nerve centres"" the epicur"
cocoa,1900,1,3292,2542,6.4539,True,"wnvlijo °:°' 9 cocoa is first amongst food beverages because of its absolute purityand free- dom from admixture of any kind. ""the lancet"" says: ""cadbury's is the standard..."
cocoa,1900,1,3292,2543,6.454,True,"the best for supper. van holden's cocoa is so perfeetly digestible that there is no fear of its causiag • bad night's rest. its nourishing qualities enable the blood to build up, during sle..."
cocoa,1900,1,3292,2544,6.454,True,"...iginal coco*, and a speciality, epps's being distinguished from all others by its invigorating nutritious quali- ties and its delicious flavour. this cocoa, containing as it does all the substan"
cocoa,1900,1,3292,2545,6.4541,True,"cadhlry's cocoa cadll,.,tiry's cocoa is ""the standard of highest purity"" (so the lancet says), because it contains all the health-giving propaties of the cocoa bean ..."
cocoa,1900,1,3292,2546,6.4545,True,...tinguished from all others by its invigorating nutritious ties and its delicious flavour. thl• coooa. containing as it does all th• 'wistarias of the cocoa nib. main- tains its laading
cocoa,1900,1,3292,2547,6.459,True,owntree don't say you do not like cocoa until you have tasted rowntree's it's different elect ali 1411116 hlia i maker 5 to m the king mar to go a 4 \
cocoa,1900,1,3292,2548,6.4595,True,"...lgs of the natural laws which govern the operations of digoetiou nod nutrition, and by a careful application cr the fine pioperties of well -selected cocoa messrs. james e"
cocoa,1900,1,3292,2549,6.4595,True,eppss cocoa the beet suited for all ages and china&
cocoa,1900,1,3292,2550,6.4602,True,"e.ml=. • toi lers mental and manual, will derive 9 great beiwlit from the regular (tally use of an absolutely pure cocoa. c 9 (the lancd says:) is the standard of highest party. cocoa alone is an exce"
cocoa,1900,1,3292,2552,6.4621,True,cocoa a fragrant. delicious. and most healthful b eeeee se.
cocoa,1900,1,3292,2553,6.463,True,epps's grateful-comforting. cocoa you will find it the veil? cocoa you want.
cocoa,1900,1,3292,2554,6.4661,True,"a cocoa you can enjoy, with its rich, pure, natural flavor perfectly developed. a cocoa alike fresh and ref! eshing. a cocoa rich in food value; one that not..."
cocoa,1900,1,3292,2556,6.4673,True,"mazawattee cocoa this delicious beverage has proved its value, and estab- lished a reputatlin for purity and wholesornernlss never before attained. the whole secret o..."
cocoa,1900,1,3292,2557,6.469,True,cocoa the best suited for all ages and classes. i
cocoa,1900,1,3292,2558,6.4694,True,"""i really must use vi-cocoa."" thousands of men and women, after reading the par- ticulars published respecting the merits of dr. tibbles' vi-cocoa, have been induced to become r..."
cocoa,1900,1,3292,2559,6.4699,True,"e i -- ..,' lc. 9 ~, 'a ili"" gratefll- comforting, c* coa you will lind it the vory cocoa you want."
cocoa,1900,1,3292,2560,6.47,True,"...rrington borough. police court. minor cases. flavor with great sustenance, forti- w inter fying the system against cold, is morning. found in and • 9 cocoa i. i pate-godatot ""it contains all the hea"
cocoa,1900,1,3292,2562,6.471,True,"""61 19v j 'cc there is more pure cocoa in a packet of cadbury's hence a given quantity makes more bever- age of a better quality. _ c. 4 is ,n r,,,, •c-. 1 c .p. 1.. • ''"" cor %.t,:•,,„„„-..."
cocoa,1900,1,3292,2563,6.4721,True,"cocoa breakfast--supper. cadbury'. cocoa. absollitily pure, timm= best. sabstituted _ -- where ii lisem4l7 ii a sow imps ea lb. a envy wervang carter's cis..."
cocoa,1900,1,3292,2564,6.4723,True,"'7;1! mist nutritious cocoa. lpps's ,-t-:ateful--conifort;i4o. cocoa for breakfast and suppil i a riotous labourer at warrenry. on tcradaya guisborough police court., before mr ..."
cocoa,1900,1,3292,2565,6.4726,True,"on a trinidad cocoa estate. cadbury's cocoa iseabsolutely pure, therefore but. it contains all the full nourishing properties of the cocoa bean. sithout any foreign adie..."
cocoa,1900,1,3292,2566,6.4745,True,"cadbury's c vci..':: ;: the medical magazine says ""the favourite cocoa of the day. for strength, purity, and nourishment,there is nothing superior to be found.- caibury's is cocoa an the best cocoa on"
cocoa,1900,1,3292,2567,6.4763,True,"1544 (the lancet says is thr. stanzard of highest purity"" cocoa alone is an excellent food as well as a stimulant, having a salutary action upon the nerve centres."" the epicure says: ,:ierefore drink "
cocoa,1900,1,3292,2568,6.4772,True,epps's cocoa 01•whil eel esimanlng. epps's cocoa for bruistra soil =ppm. e p-1)-4's -cocoa viii• remi flow. =b.
cocoa,1900,1,3292,2569,6.4782,True,"e'' f w 1,1,4 • ir.! s i s gfiateful-copaforting. cocoa breakfast and supper: • • -„ •"
cocoa,1900,1,3292,2570,6.4799,True,"• one elip of delieiocs plasmon (contains more nutriment than iib. e beef, or ten cups of ordinary cocoa, cocoa and is absolutely free from chemicals, aids digestion. braces the nerves. a pure unadult"
cocoa,1900,1,3292,2571,6.4809,True,mazawattee cocoa you have a food beverage of supreme refinement. the special process employed in its manufacture has been so eminently successful that all the nutriti...
cocoa,1900,1,3292,2572,6.4818,True,"4 afl9t, .t 7 ni. a • the best form of cocoa for every-do y"
cocoa,1900,1,3292,2573,6.4823,True,"cadbury's cocoa is refreshing, invigorating, and perfectly pure, containing all the hill nourishing properties of the cocoa bean, without admixture of any kind. cadb..."
cocoa,1900,1,3292,2574,6.4842,True,"""nothing cheaper or better than vi-cocoa."" thousands of men and women say this. experience has told them that a 6d. packet or 9d, or is. gd. tin of dr. tibbles' vi-cocoa is the best value in..."
cocoa,1900,1,3292,2575,6.4844,True,"""nothing. cheaper or better than vi-cocoa."" thousands of men and women say this. experience has told them that a 6d. packet or 9d. or is. 6d. tin of dr. tibbles' vi-cocoa is the best value in..."
cocoa,1900,1,3292,2577,6.4865,True,"how to keep in health. as a health'proinoting ucicuge cadbury's cocoa'. is universally adniined to be in the frost rank, both the inedioal faculty and thin public being unanimous in appreciation of th"
cocoa,1900,1,3292,2578,6.4871,True,"the original cocoa, and a speciality. ~ • 1-• • i' 'id 88 ,; distinguished from all others by its invigorating nutritious qualities and delicious flavour. it contains a..."
cocoa,1900,1,3292,2580,6.489,True,"van houten's cocoa know how good it is to drink and how economical it is in use. if you have not tried it buy a new 6d tin, you will get 25 cups out of it. make it with..."
cocoa,1900,1,3292,2581,6.4912,True,"strong children. everybody should drink cadbury's cocoa regularly at breakfast and lunch time, and particularly with the evening meal, because. oning to its mildly stimulative action, it is one of the"
cocoa,1900,1,3292,2582,6.4917,True,liptons coffee and cocoa were awarded the grand prize (this is the highest honour obtainable). lovers of perfect coffee and cocoa will find lipton s unequalled for excellence...
cocoa,1900,1,3292,2584,6.4933,True,"cocoa unequalled for high quality, exquisite flavour tr digestibility. st & goes farthest"
cocoa,1900,1,3292,2585,6.4945,True,"northern union cup. second round. warrington v. keighley. the re-played ties. smon cocoa a rutriment to ilb. beef or ten curs of • cocoa and is absolutely free from chemicals. igestion,_ braces_ the n"
cocoa,1900,1,3292,2586,6.4972,True,"toilers, mental and manual, will derive great benefit from the regular daily use of an absolutely pure cocoa. / (the lancet says ""is the standard of highest purity"" cocoa, alone is an excellent food a"
cocoa,1900,1,3292,2587,6.4988,True,"""i really must use vi-cocoa."" thousands of men and women, after reading the particulars published respecting the merits of dr- tibbles' vi-coooa, have been induced to become reg..."
cocoa,1900,1,3292,2588,6.4989,True,"the original cocoa, and a speciality. eppws distinguished from all others by its invigorating nutritious qualities and delicious flavour. it contains all the substance ..."
cocoa,1900,1,3292,2589,6.5026,True,"cocoa a fragrant, delicious, and most healthful beverage."
cocoa,1900,1,3292,2590,6.5026,True,"cocoa a fragrant, delicious, and most healthful beverage."
cocoa,1900,1,3292,2591,6.5026,True,"cocoa a fragrant, delicious, and most healthful beverage."
cocoa,1900,1,3292,2592,6.5026,True,"cocoa a fragrant, delicious, and most healthful beverage."
cocoa,1900,1,3292,2594,6.5049,True,"cadbury's cocoa is absolutely pure, and ""a perfect food."" alt= -"" 7-7.: *. • 41, ip, ',. 1 i ii il i ri: ',\l \ \ i i ,/ i i _ 1 • .., ,( t. 1 .n, s „ \ /"".""tfli mi ..."
cocoa,1900,1,3292,2595,6.5055,True,"... that imparts mental aad bodily %limit, and is comparatively easy of digestion, may be described as a ""pilot to health."" such a beverage is cadbury'. cocoa. lt is ""stayin"
cocoa,1900,1,3292,2596,6.5058,True,"epps's cocoa is an admirable food, the nicest and most nutritious beverage for the breakfast table. it is made in a moment with boiling water or milk, and its sus..."
cocoa,1900,1,3292,2597,6.5063,True,cocoa breakfast—supper. for the 1 benefit of other sufferers a thank- ful colni lady.
cocoa,1900,1,3292,2598,6.5067,True,"northern union cup. second round. warrington v. keighley. the re-played ties. smon cocoa a rutriment to ilb. beef or ten curs of • cocoa and is absolutely free from chemicals. igestion,_ braces_ the n"
cocoa,1900,1,3292,2599,6.5076,True,"cocoa amongst food beverages because of its absolute any admixture of kind. the lancet says ""cadburys cocoa undergoes no method of treatment by which forei..."
cocoa,1900,1,3292,2600,6.5078,True,"cadbury's cocoa. absolutely pub.b—thereopore best. cadbury's cocoa is guaran- teed to be absolutely pare, and is therefore the beet cocoa. it is at once a refreshing..."
cocoa,1900,1,3292,2601,6.508,True,"grateful-comforting. cocoa 1111rj,kfaiit and muppgx"
cocoa,1900,1,3292,2602,6.508,True,"cocoa and no cocoa in the world equals it for exquisite piratal-ai alaver, 6- economy. in use. these are facts which are recognised alike by the medical pr..."
cocoa,1900,1,3292,2603,6.508,True,"ma zawattee cocoa the strength of any other british- made cocoa, and goes twice as ha, is so stubborn that it cannot possibly be got over. nothing is easier of proof. ..."
cocoa,1900,1,3292,2604,6.5105,True,..._ have you a kettle with a black handle which makes it necessary to always have a kettle holder handy? use instead a piece of the silver paper from a cocoa packet; tivist it f
cocoa,1900,1,3292,2605,6.5115,True,epps's orateful-oomforting. cocoa you will find it the very cocoa you want.
cocoa,1900,1,3292,2607,6.5139,True,pure cocoa is best. m limmit=einc:3iinezziimimmi i i
cocoa,1900,1,3292,2608,6.515,True,"cocoa justly prized by blethers for themselves and their children, who choose it eagerly."
cocoa,1900,1,3292,2609,6.5151,True,"an kidney 4 • -3-1-v-p.avoro...a. 1/4:016-a, children's coughs. nothirg could be better or safer than veno's lightning cough cu. a choice of cocoa either the most nutritious and strength-giving to sui"
cocoa,1900,1,3292,2610,6.5155,True,"26'l ~ .. • e#p. • r / c :46, ~ • ~„ ~ ....., ....: .i.•.-., a ~. •az the most delicious of all cocoas. ""a perfect beverage, combining strength, purity and solubility.""— medical annual. a cocoa you ca"
cocoa,1900,1,3292,2611,6.5161,True,mazawattee cocoa will be founi equally ps.latalele. by special methods of mantfaetnre no part of tits nutritive elements of the cocoa bean is last and the manufaaturi...
cocoa,1900,1,3292,2612,6.5167,True,"chivers jellies v\i's ""it is able to support life."" —lancet. cocoa 'contotins more nourishment ban 10 cups of aliv ordonary x•coa, and ia absolutely frail from chamioa it nourisees. warms. stre ngtrj "
cocoa,1900,1,3292,2613,6.5169,True,"cadbury9 h,• oc „... a .• is .. .. for working people.' ~ a i ,i ""the civil service gazette"" says: '', • ""caonurzv's is the finest example of ~ cocoa manufacture—absolutely pure, and essentially the f"
cocoa,1900,1,3292,2614,6.517,True,"cadbu y's cocoa the lancet (august 9th, 1902) says: cadbury's cocoa undergces no method oftreatment by which foreign substances are introduced."" parents when purchas..."
cocoa,1900,1,3292,2615,6.5173,True,"a smon. cocoa iirtriment to lb. beef or ten cups of cocoa and is absolutely free from chemicals. ligestion,_ braces__ the nerves, invigorates the system. in tins 5..."
cocoa,1900,1,3292,2616,6.5176,True,",y, 1"" *rlt ,e4:11.11. ""-.' /0 4' ""1.4, i's> • ':- '. ~:::? the best forra of cocoa for every-day are."
cocoa,1900,1,3292,2617,6.5184,True,"mazawattee cocoa is all tbat we ask yon will not need further press- ing, a-the superiority of this ertoo over all ~thers ls made self apis•reqt from an economical st..."
cocoa,1900,1,3292,2620,6.5193,True,the most nutritious. e p psgs grateful-comforting. cocoa breakfast-supper. coupon insurance ticket. applicable only within the united kingdom specially guaranteed by the general accident assurance
cocoa,1900,1,3292,2621,6.5197,True,"e • pss grateful -comforting. cocoa breakfast and supper. billiards. huddersfield and district liberal challenge cup competition. results up to saturday, january 27th, 1900 a section. m..."
cocoa,1900,1,3292,2622,6.5209,True,"pownp efs elect cocoa. it usually takes a teaspoon- ful of cocoa to make a breakfast- cupful. when rowntree's elrot cocoa is used, it only takes half the quantity—half-a- ..."
cocoa,1900,1,3292,2624,6.5212,True,"the original cocoa, and a sp.eciality. • t. r}l. .• .14 imo ek s tt it#,• (4:,•76al (nj tting distingrished from al'. others by its invigornting nutritious quaities and..."
cocoa,1900,1,3292,2625,6.5215,True,"cocoa, chocolate, and quakers. a noteworthy feature of our present industrial life has been the rise and great commercial 61100.258 of many firms the found..."
cocoa,1900,1,3292,2626,6.5216,True,"the origined cocoa, and a speciality, eppsars being distinguiahed from all others by its invigorating nutritious qualities and its delicious flavour. this cocos, con- t..."
cocoa,1900,1,3292,2627,6.5223,True,"the duty on cocoa. to thi emma or the gillettil"" sir,-1 trust you can spare space for a word of comment on the following letter from mr. george cadbury, which was publ..."
cocoa,1900,1,3292,2628,6.523,True,"epps's grateful-comfortincl cocoa you will find it the very cocoa you want. presentation of £loo to a disabled ashton spinner. mr. a, h. gill, m.p., and tiie workmen's compensation ac..."
cocoa,1900,1,3292,2629,6.5237,True,feb. strong children. --- children grow strong on cadbury's cocoa because it contains in a generous measure those food elements that are essential to health and good physical condition. it possesses t
cocoa,1900,1,3292,2632,6.5284,True,mazawattee cocoa will be founi equally ps.latalele. by special methods of mantfaetnre no part of tits nutritive elements of the cocoa bean is last and the manufaaturi...
cocoa,1900,1,3292,2633,6.5284,True,"and the plain and simple fact that mazawattee cocoa is twice the strength of any other british- made cocoa, and goes twice as far, is so stubborn that it cannot possibly be got over. nothing is easier"
cocoa,1900,1,3292,2634,6.5284,True,"and the plain and simple fact that mazawattee cocoa is twice the strength of any other british- made cocoa, and goes twice as far, is so stubborn that it cannot possibly be got over. nothing is easier"
cocoa,1900,1,3292,2635,6.5302,True,nutaitious and cocoa soonoanam. &min pied by metiers ler tbeemodies sad tbolr 0151 mayo. who choose it .46147' l‘f
cocoa,1900,1,3292,2636,6.5312,True,"""nothing cheaper or better than vi-cocoa."" thmsands of men and women say this. experience has told them that a 63. packet, or 9d. or is. 6d. tin of dr. tibbles' vi-cocoa is the best value in..."
cocoa,1900,1,3292,2637,6.532,True,".. ak. a s cocoa _ 9 the lancet says: ""we are glad to find that messrs. cadbury draw atten- tion to the fact that there are strong grounds for objection to the additi..."
cocoa,1900,1,3292,2638,6.5334,True,"the duty on cocoa. to thi emma or the gillettil"" sir,-1 trust you can spare space for a word of comment on the following letter from mr. george cadbury, which was publ..."
cocoa,1900,1,3292,2639,6.5343,True,"cadbury's cocoa. absolutely pub.b—thereopore best. cadbury's cocoa is guaran- teed to be absolutely pare, and is therefore the beet cocoa. it is at once a refreshing..."
cocoa,1900,1,3292,2641,6.5382,True,"...that imparts mental and bodily .vigour, and is comparatively easy of digestion, may be described as a ""pilot to health."" such a beverage is cadbury's cocoa. it is ""staying "
cocoa,1900,1,3292,2644,6.5404,True,"cocoa is refreshing, invigorating, and perfectly pure, containing all the full nourishing properties of the cocoa bean, without admixture of any kind. cadb..."
cocoa,1900,1,3292,2645,6.5405,True,cocoa invaluable to dal the angii the general election. closing scenes in the ripon
cocoa,1900,1,3292,2646,6.5422,True,"• ,:rs,!, an _ordinaty'reccoal an extraordinary cocoa, whol;y' composed of the picked growths of the finest cocoa plantations of central america where the best cocoa is grown. and fron plantation to p"
cocoa,1900,1,3292,2647,6.5426,True,"cadbury's cocoa cadbury's coccki is the standard of highest purity"" (so the lancet says), because it contains all the health-giving properties of the cocoa bean in t..."
cocoa,1900,1,3292,2648,6.5446,True,"c,.e.-zr#2,l4 ""' ,-,--...,-:.-- ""why don't you drink vi- cocoa ?"". every working mon and woman should be askod this question daily. 'rho opinion of the rev. f. f. taylor, suddienham, ear manchester, w"
cocoa,1900,1,3292,2649,6.5468,True,"a cocoa you can criday. delightful beneficial to health. if you want a cocoa that is not only the best for nutritive, sustaining and invigorating properties,..."
cocoa,1900,1,3292,2651,6.5507,True,"... that imparts mental and bodily vigour, and is comparatively easy of digestion, may be described as a ""pilot to health."" such a beverage is cadbury's cocoa. it is ""staying"
cocoa,1900,1,3292,2652,6.5509,True,"tt4! most nutritious cocoa. id p s's grateful-comforting. cocoa for breakfast and supper. ornaby herald. in south africa duriiig the last eleven years, thou addreseed the meeti..."
cocoa,1900,1,3292,2653,6.5515,True,strong children. children grow strong on cadbury's cocoa because it contains in a generous measure those food elements that are essential to health and good physical condition. it possesses the combin
cocoa,1900,1,3292,2654,6.5516,True,"0001 cocoa plasmon i eeeee see ilis food value coori_toj_im ."" 0 times more nutritious than ordinary cocoa. delicious. digestible. in tins, 9d., 1/4, and 2/6 of..."
cocoa,1900,1,3292,2655,6.5517,True,"scene on a trinidad cocoa estate. cadbury', cocoa is, absolutely pure, therefore best. it contains all the full nourishing pn.perties of the l',a4a in. without any foreign adm..."
cocoa,1900,1,3292,2656,6.5548,True,cocoa tk.a beat form of o—ocoll for ovory-cloy info.
cocoa,1900,1,3292,2657,6.557,True,"the origined cocoa, and a speciality, eppsars being distinguiahed from all others by its invigorating nutritious qualities and its delicious flavour. this cocos, con- t..."
cocoa,1900,1,3292,2658,6.5586,True,"...er or setter than vi-cogoa."" thousands of men and women say this. experience has told them that a 6d. packet or 9d, or is. 6d. tin of dr. tibbles' vi-cocoa is the best value in the world."
cocoa,1900,1,3292,2659,6.5594,True,"""nothing cheaper or better than vi-cocoa."" thousands of men and women say this. experience has told them that a 6d. packet or 9d. or is. 6d. tin of dr. tibbles' vi-cocoa is the best value in..."
cocoa,1900,1,3292,2660,6.5608,True,grateful-comforting. cocoa breakfast an kir per.
cocoa,1900,1,3292,2662,6.5613,True,"_ again, and again, and again. again we ask you to drink vi-cocoa. dr. tibbles' vi• cocoa is neither a medicine nor a mere thirst-assauger. it is a food at the same time that it is a beverage, and thu"
cocoa,1900,1,3292,2663,6.5634,True,"...lthy stimulant and a nourishing food. it strengthens and tones up the nervous system, builds up the body and renews the store of force and vigour. no cocoa equals van"
cocoa,1900,1,3292,2664,6.5679,True,"th• original cocoa, and a speciality. epps's being distinguished from all others by its invigorating nutritious quali- ties and its delicious flavour. this cocoa, conta..."
cocoa,1900,1,3292,2665,6.5687,True,cocoa _ the best suited for all ages and classes.
cocoa,1900,1,3292,2666,6.5696,True,"van houtf,n's cocoa know how good it is to drink and how economical it is in use. if you have not tried it buy a new 6d tin, you will get make it with 25 cups out of it...."
cocoa,1900,1,3292,2668,6.5713,True,"-the_ assault on a re-feree at batley. ics laced, alkali stroni .000015 iiiri—ous n.b.—cocoa is some english cock to the eye. some destroys the delicate flavour. this can be detected by comparing the "
cocoa,1900,1,3292,2669,6.5734,True,"s,4l,:suhamie makers to n.m. tlie king. cocc as autumn hint. the cheering influence oft cop of really i steams fawn the cup—its warming, moor. good cocoa is one of winter's carmen.- ishing, invigorati"
cocoa,1900,1,3292,2670,6.5743,True,"nazawattee jlatariba cocoa which, lahite reprtpenting the highest attainable quality in cocoa is no dearer in pricc than ordinary interior cocoas, thus ineario,; to the coon/mi..."
cocoa,1900,1,3292,2671,6.5745,True,"epps's cocoa is an admirable food, the nicest and most nutritious beverage for the breakfast table. it is made in a moment with boiling water or milk, and its sus..."
cocoa,1900,1,3292,2672,6.578,True,"fact versus fiction. the fiction is that anf)ther .ocoa is ""as good as van tiouten's."" ""the fact is there is not mother cocoa to equal van louten's. in every market in the world .t is the standard by "
cocoa,1900,1,3292,2673,6.5801,True,"the original cocoa. and a speciality. e,pps's beteg distinguished from all others by its invigorating nutritious qualities and its delicious flavour. this cocoa, con- t..."
cocoa,1900,1,3292,2674,6.5834,True,"hundreds of thousands of tins of vi=cocoa. a sample of tho most wonderful food beverage ever introduced will be sent you in a new dainty imitation oxydised silver sample box, without any char..."
cocoa,1900,1,3292,2675,6.5835,True,"cocoa the best form of cocoa for every-day am. slo2 the prime minister last night addressed a crowded audience in the albert hall, and in speaking of liber..."
cocoa,1900,1,3292,2676,6.5842,True,[ow to make cocoa in perfection. cocos obtain should in the _ three cadbury's preference) breakfast cocoa with boiling water cadbury's cocoa is stpongost because it is...
cocoa,1900,1,3292,2677,6.5846,True,"van houten's and the cocoa supply sir,—at a meeting of the council of the liverpool chamber of commerce on 21st inst.' mr. william a. cadbury, speaking on behalf of messrs. cad..."
cocoa,1900,1,3292,2678,6.5856,True,"s cocoa for work ng people. ""the civil service gazette"" says: ""cadbury's is the finest example of cocoa manufacture—absolutely pure, and essentially the food..."
cocoa,1900,1,3292,2680,6.5892,True,"cocoa. the dutch have always been famed as manufacturers of cocoa preparations, and in those islands of the west indies which belong to holland the cocoa b..."
cocoa,1900,1,3292,2681,6.5921,True,"grateful-comforting. cocoa sreakfa,st-supper- and ed' the"
cocoa,1900,1,3292,2682,6.5925,True,calrattp:'- y9s cocoa it is the nailsral cocoa ailfoy prepared iivithota adulteration or akixture of any kind whatsoever. cadbury's is a pert ectly pure cocoa of the highe...
cocoa,1900,1,3292,2683,6.5974,True,"'mrs r. bates. 7,1 'co operative st.., t hornaby-on-tees, writing on the 2nd august, 1909. says: for several years i have used dr. tibbles' vi-cocoa, and have derived great benefit front its use. befo"
cocoa,1900,1,3292,2684,6.5993,True,"van ou en pure soluble 111111 0 hi .=-_,. it is certified by the ""lancet"" to contain all the valuable food constituents of the cocoa bean in the best possible form for digestion. 111.1 the most nouris"
cocoa,1900,1,3292,2687,6.6029,True,"a king's long retrospect. cadbury's cocoa is ""a perfect food."" the lancet says: ""cadbury's cocoa represents the standard of highest purity."" take care when drinking cocoa to have the pure art..."
cocoa,1900,1,3292,2688,6.6077,True,"padih&iti. the recent stoppages.—a local mill have corn- meneed to welve out. enterprise mill (graham, oxley, said co.) is still btoppe4. bury's cocoa. ,wre—therefore best. cadbury's cocoa is guaran- "
cocoa,1900,1,3292,2689,6.6078,True,"smon cocoa a 3triment to ilb. beef or ten cups of cocoa and 'is absolutely -free from chemicals. agestion, braces the nerves, invigorates the system. in tins 5d..."
cocoa,1900,1,3292,2690,6.608,True,"mazawattee cocoa a tree tin will be mit you on application azawatt ea, ixakclon."
cocoa,1900,1,3292,2691,6.6108,True,"... do you know that your mental health depends very much on your bodily health, and, therefore, on your food. thousands of people, who first tried • vi-cocoa as an expe"
cocoa,1900,1,3292,2692,6.6137,True,"epps's being distinguished from all others by its invigorating nutritious qualities and its delicious flavour. this cocoa, con- taining as it does all the substance of the cocoa nib, maintains its lea"
cocoa,1900,1,3292,2693,6.6145,True,"• .• y's c*coa is refreshing, invigorating, and perfectly pure, containing all the full nourishing properties of the cocoa bean, without admixture of any kind. callsu'ry's cocoa is pure, palatable, an"
cocoa,1900,1,3292,2694,6.6148,True,-rtie most nutrmous. e ps's grateful-comforting. cocoa beek's andw tches engagepaent rings. the best 'value at maker's cub 23ices.
cocoa,1900,1,3292,2695,6.6156,True,"holitens sat in a corner with cocoa instead of a pie; to avoid indigestion just take my suggestion ""van houten's the cocoa to buy. 0)11 ihardwick, alma-street congregational, 47; 'james..."
cocoa,1900,1,3292,2696,6.6162,True,"cadbury's cocoa because it is a perfect natural food of absolute purity, and ministers to the physical requirements of the young in an eminent degree. it contains al..."
cocoa,1900,1,3292,2697,6.6176,True,epps's grateful-gowiortinil cocoa imnimma and wpm&
cocoa,1900,1,3292,2698,6.6206,True,"forei-n competition e;- mpletely con ituered 1%. rip iyitl. latarfi',l. cocoa. which is acknowledged on all sides to be tee highest quality ever attamed by any cocoa of any ciuntry. the humiliation un"
cocoa,1900,1,3292,2699,6.6214,True,"on a trinidad cocoa estate. cadbury's cocoa iseabsolutely pure, therefore but. it contains all the full nourishing properties of the cocoa bean. sithout any foreign adie..."
cocoa,1900,1,3292,2700,6.6217,True,"""nothing cheaper or better than vi-cocoa."" thousands of men and women say this. experience has told them that a fid. packet or 9d. or is. 6d. tin of dr. tibbles' vi-cocoa is the best value i..."
cocoa,1900,1,3292,2702,6.6249,True,"111'111111111 coo is not equalled in quality by any other cocoa whatsoever. it is no ri as so many ordinary cocoas are, a tinned concoction with a label to it, with almost as much adulterant as cocoa "
cocoa,1900,1,3292,2703,6.6283,True,"to cocoa drinkers. liptons famous cool awarded the grand prize, at the paris exhibition, 1900. strengthening! fotuishing invigorating !! liptons grow their ow..."
cocoa,1900,1,3292,2704,6.6285,True,"van louter,i'y 2,xcoa no cocoa equals it. only one quality. best & goes farthest."
cocoa,1900,1,3292,2705,6.6309,True,"11ie test of time. c, the medical profession counsel the public to choose cadbury's in preference to the many cocoa admixtures. which are sold under the hallle of cocoa. no article of domestic consump"
cocoa,1900,1,3292,2706,6.6333,True,e p ps's grateful-comforting. cocoa sreakfabt-su ppm.
cocoa,1900,1,3292,2707,6.6335,True,"...e that imparts mental and bodily vigour, and is companuively easy of digestion, may be described as a ""pilot to health."" such a beverage is cadbury's cocoa. it is ""staying an"
cocoa,1900,1,3292,2708,6.6341,True,":0 ma, of pure cocoa. no cocoa is pure which contains substances not naturally present in the cocoa bean. many of the so-called cocoas now on sale are merely cocoa prepar..."
cocoa,1900,1,3292,2709,6.6355,True,"• .• y's c*coa is refreshing, invigorating, and perfectly pure, containing all the full nourishing properties of the cocoa bean, without admixture of any kind. callsu'ry's cocoa is pure, palatable, an"
cocoa,1900,1,3292,2710,6.6363,True,how to make sure of pure cocoa. no cocoa is pure which contains substancel dot naturally present in the cocoa bean. many of the so-called cocoas now on sale are merely cocoa prepar...
cocoa,1900,1,3292,2711,6.6371,True,cocoa the beet form of cocoa for .very-day ttee. w disgraceful guardians _ scene. _ talk of sending for police. at a meeting of the blackburn rosrd of guar...
cocoa,1900,1,3292,2712,6.6372,True,"van houten's the cocoa that invigorates. effect of screams. 'atal fire in a dwelling•housf: a plucky bluejacket. a fatal fire occurred on saturday. night atter,.life, a thi..."
cocoa,1900,1,3292,2713,6.6375,True,"...'' • • manufactured by a special process, securing high cop_r-entration of the nutritive, stimalatiag and refreshing -properties ,of- the finest imre cocoa beans, soluble"
cocoa,1900,1,3292,2714,6.6383,True,beyond all doubt ihe supreme summit of uality tila greatest realisation in nutritive value ever attained. when you can get such a cocoa as
cocoa,1900,1,3292,2715,6.6389,True,"••• i. another cocoa is ""as good as van fionten's."" th fact •is th:.'re is not another cocoa ecitmt v:in houten's. evcry market in the it n stair:ant by which til othc.ir..."
cocoa,1900,1,3292,2716,6.64,True,"fa 1 4 51-4. at oackache 4v,lj eti• t 4 6.1 p, .a? 4”. et ey kv1r.52•';7;3472531u5.3m ':;tacatipxt. a choice of cocoa either the most nutritious and sgength-giving"
cocoa,1900,1,3292,2717,6.6404,True,"""nothing cheaper or better than vi-cocoa."" thousands of men and womea say this. ex- perience has told them that a 641. packet or 9d. or is. 61. tin of dr. tibbles' vi-cocoa is the best value..."
cocoa,1900,1,3292,2719,6.6418,True,"cocoa the best form of cocoa for every-day am. slo2 the prime minister last night addressed a crowded audience in the albert hall, and in speaking of liber..."
cocoa,1900,1,3292,2720,6.6424,True,[ow to make cocoa in perfection. cocos obtain should in the _ three cadbury's preference) breakfast cocoa with boiling water cadbury's cocoa is stpongost because it is...
cocoa,1900,1,3292,2721,6.6465,True,save money it being the one cocoa in which all the special nutritive qualities of the most perfect growth's are carefully -conserved; the one cocoa in which nothing but cocoa of th° v...
cocoa,1900,1,3292,2722,6.6469,True,=.. 774 i i 11 wit wt u 1111 11 1 ty moo* sairlllem epps's cocoa mask. asd amarkslisa. epps's cocoa •-• •n -p-g • epps's cocoa ina mii•101 imo= esti
cocoa,1900,1,3292,2723,6.6485,True,"and the plain and simple fact that mazawattee cocoa is twice the strength of any other british- made cocoa, and goes twice as far, is so stubborn that it cannot possibly be got over. nothing is easier"
cocoa,1900,1,3292,2724,6.6487,True,"a cocoa you can enjoy, with its rich, pure, natural flavor perfectly developed. a cocoa alike fresh and ref! eshing. a cocoa rich in food value; one that not..."
cocoa,1900,1,3292,2726,6.6517,True,eppb'b cocoa &odd mg ••••411.11: epps's cocoa nw wmma mi =ppm epps's cocoa inik mew 1/••••• des.
cocoa,1900,1,3292,2727,6.6523,True,"cocoa lii• wet form of goa% &i 0v117416,1 1•0 i t •"
cocoa,1900,1,3292,2728,6.6534,True,"... that imparts mental and bodily vigour, and is comparatively easy of digestion. may be described as a ""pilot to health."" such a beverage is cadbury's cocoa. it is ""staying"
cocoa,1900,1,3292,2729,6.6538,True,"it is not as ordina cocoas are composed partly of arrowroot, sago or farina, which no amount of treatment or grinding-up can convert into cocoa. such commodities are cheaper t..."
cocoa,1900,1,3292,2730,6.6546,True,"... that imparts mental and bodily vigour, and is comparatively easy of digestion, may be described as a ""pilot to health."" such a beverage is cadbury's cocoa. it is ""staying"
cocoa,1900,1,3292,2731,6.6559,True,"the original cocoa, and a speciality, „.. n • being distinguished from all others by its invigorating nutritious qualities and its delicious flavour. this cocoa, con- p..."
cocoa,1900,1,3292,2735,6.6621,True,"""nothing cheaper or better than yi-cocoa."" thousands of men and women say this. experience has told them that s 6d. packet or 9d. or is. 6d. tin of dr. tibblee vi-cocoa is the bbst value in ..."
cocoa,1900,1,3292,2736,6.6628,True,"mazawattee cocoa is even superior to them—greatly superior indeed. with such a cocoa you soon realize what cocoa really is, and means, and should be"". gordon stabled,..."
cocoa,1900,1,3292,2737,6.6641,True,"..... • • '..'41 vp' .: % '-,`..4... g '• .. _ ""the standard of highest purity.""—tue l4ncet; free from kola, malt, hops, alkali, or any admixture. it is cocoa and the best cocoa onl"
cocoa,1900,1,3292,2738,6.6648,True,and cocoa were awarded the grand prize (this is the highest honour obtainable). lovers of perfect coffee and cocoa will find lipton unequalled for excellence o...
cocoa,1900,1,3292,2739,6.6674,True,w.; '=. _.1.1. .m 7.77.7-1 i: i i 1 iti 1 1 a .4....i4=7:: 6 i * m i ii 46 ir 1 ip 11 epps's cocoa goateed abi seremines. epps's cocoa ye. imaira lel nips e pps's cocoa rio =niel limfai alt.
cocoa,1900,1,3292,2740,6.6707,True,"ca grys cocoa cadbury's cocoa is ""the standard of highest purity"" (so the lancet says), because it contains all the health-giving properties of the cocoa bean in t..."
cocoa,1900,1,3292,2741,6.6718,True,c cocoa cocoa teaspoonful of any other british-made ordinary way. this cocoa simple test will convince them. cocoa in the cocoa cocoa cocoa cocoa cocoa cocoa...
cocoa,1900,1,3292,2742,6.6738,True,"...ho nicest and most nutritious bererag., for the breakfast table. it is intde in a moment with boifint water or milk, and its sustaining qualities aro cocoa lavahub', to"
cocoa,1900,1,3292,2743,6.6747,True,"because it is not co. losed, as ordinary cocoas are, partly of the shell of the cocoa bean. shell is not cocoa any more than husk is corn, or oystershells oysters, and to offer ground- up shell to..."
cocoa,1900,1,3292,2745,6.6772,True,the most nutritiouz. e p ps's grateful-comforting. cocoa 3 reakfast-su p pe ft mil io ocm pady;r:if
cocoa,1900,1,3292,2746,6.6788,True,save money it 6eing the one cocoa in which all the special nutritive qualities of the most perfect growths are carefully conserved; the one cocoa in which nothing but cocoa of the ver...
cocoa,1900,1,3292,2747,6.682,True,epps's grateful comforting. cocoa you will find it the very cocoa you want.
cocoa,1900,1,3292,2748,6.6824,True,"is a shield n.b.—cocoa is strongest when pure, but if treated with alkali as in dutch and some english cocoas a dark coloured article is produced, which appears stronger to..."
cocoa,1900,1,3292,2749,6.6829,True,"cad se ury's cocoa 1 is refreshing, invigorating, and perfectly pure, containing all the full nourishing properties of the cocoa bean, without admixture of any kind. ca..."
cocoa,1900,1,3292,2750,6.6836,True,plasmon is nature's own food for old and young. plasfnon powder plasmon cocoa plastnon oats
cocoa,1900,1,3292,2751,6.6854,True,"epps's cocoa grateful and comforting. a delicious drink and a sustaining food. or, if a lighter, thinner drink is preferred, the most refreshing and stimulating e..."
cocoa,1900,1,3292,2752,6.686,True,"letters to the editor. van houten's cocoa. to the editor of the ""mama"" sir,—as great publicity has been given to the fact that certain cocoa manufacturers have now de- cided to discontinue th..."
cocoa,1900,1,3292,2753,6.6864,True,"—(e)— cocoa pudding.—a quarter of a lb. of bread crumbs, a breakfast cup of milk, one tablespoonful of sugar, one large teaspoon- ful of butter, and one of cocoa..."
cocoa,1900,1,3292,2755,6.6885,True,plasm:i:.n is nature's own food for old and young. plasmon pewder piasmon cocoa plasmon oats
cocoa,1900,1,3292,2756,6.6889,True,"plasmon for adding to ordinary food. i to be obtained at att. osswizta, acec!x4.4o.4l4opa the only cocoa which satisfies- gives health, endurance. str is 02 buili musc e only one which )s—nourist-if.s"
cocoa,1900,1,3292,2757,6.6897,True,"01) dm gin a-6'# z.) how to make, sure of pure cocoa. no cocoa is pure which contains substances not naturally present in the cocoa bean. many of the so-called cocoas now on sale are merely cocoa prep"
cocoa,1900,1,3292,2758,6.6905,True,"...street.—mr j. licluekie, union-street. middles- brough. writing on the 7th october, 1909, save:—"" i woo advised by a doctor to drink dr. tibloles' vi-cocoa some ten year"
cocoa,1900,1,3292,2759,6.6956,True,"epps's caßaterui cocoa you will end it the vary cocoa you want. whole el the members formed a tarp ring hands sang ""auld lang syne."" christ church. 1 on sunday evening, at ..."
cocoa,1900,1,3292,2760,6.6963,True,"cadbury's cocoa +,..1 po* n.b.—cocca is strongest when pure, but if treated with alkali as in dutch and some english cocoas a dark coloured article is produced, whic..."
cocoa,1900,1,3292,2761,6.6977,True,"toilers, mental and manual, will derive great benefit from the regular daily use of an absolutely pure cocoa. / (the lancet says ""is the standard of highest purity"" cocoa, alone is an excellent food a"
cocoa,1900,1,3292,2765,6.7025,True,"""why don't you drink vi-cocoa ?"" every working man and woman should be asked this question daily. the opinion of the rev. f. f. taylor, of suddenham near manchester, who writes :—..."
cocoa,1900,1,3292,2766,6.7051,True,"scene on a trinidad cocoa estate. cadbury', cocoa is, absolutely pure, therefore best. it contains all the full nourishing pn.perties of the l',a4a in. without any foreign adm..."
cocoa,1900,1,3292,2767,6.7053,True,"a shield n.b.—cocoa is strongest when pure, but if treated with alkali as in dutch and some english cocoas a dark coloured article is produced, which appears stronger to..."
cocoa,1900,1,3292,2768,6.7082,True,"...riginal cocos, and a speciality, e.ppsss being distinguished from all others by its invigorating nutritious qualities and its delicious flavour. this cocoa. con- as it does all the substance of t"
cocoa,1900,1,3292,2769,6.7094,True,a choice of cocoa either thc :lost nutritious and strengit-giving
cocoa,1900,1,3292,2770,6.7102,True,"...that imparts mental and bodily .vigour, and is comparatively easy of digestion, may be described as a ""pilot to health."" such a beverage is cadbury's cocoa. it is ""staying "
cocoa,1900,1,3292,2771,6.7137,True,"slaves and cocoa. to the editor of the ""herald."" sit—at a meeting of the council of the liverpool chambe-r of commerce, on the !ist inst., mr william a. cadbury. spea..."
cocoa,1900,1,3292,2772,6.7139,True,"""plasmon cocoa contains all the constituents able to support life.' lancet dicestion. braces the nerves. promotes +.t refreshing '• sleep. cocoa. „ analysis. r. coc..."
cocoa,1900,1,3292,2774,6.7144,True,cocoa taw bent term of ococtoe to eviler-6as use.
cocoa,1900,1,3292,2775,6.7154,True,"••• i. another cocoa is ""as good as van fionten's."" th fact •is th:.'re is not another cocoa ecitmt v:in houten's. evcry market in the it n stair:ant by which til othc.ir..."
cocoa,1900,1,3292,2776,6.7155,True,strong children. children grow strong on cadbury's cocoa because it contains in a generous measure those faml elements that are essential to health and goo 4 physical condition. it possesses the combi
cocoa,1900,1,3292,2777,6.7167,True,"""nothing cheaper or better than vi-cocoa."" thousands of men and women say this. experience has told them that a 6d. packet or 9d, or is. 6d. tin of dr. tibbles' vi-cocoa is the best value in..."
cocoa,1900,1,3292,2778,6.7188,True,"... that imparts mental and bodily vigour, and is comparatively easy of digestion. may be described as a ""pilot to health."" such a beverage is cadbury's cocoa. it is ""staying"
cocoa,1900,1,3292,2779,6.7247,True,"a sup:prise for cocoa drinkers. two packets of ordinary cocoas will coot you 110. op 1/-, wh?le one tin of mazawattee cocoa, which win go quite as far, wilt only cost you ..."
cocoa,1900,1,3292,2780,6.7252,True,"... a famous athlete (mr.launceston elliot the weight-lifter) says ""for physical culture the most nourishing hot drink should in my opinion be made from cocoa, and from my own experience i consi"
cocoa,1900,1,3292,2781,6.7253,True,"• :).4. • cadrury's cocoa is ""a perfect food."" .1, 4 most refreshing, invigorating, and sustaining. ouv's hospital gazette says: ""from practical experience we can say th yt it..."
cocoa,1900,1,3292,2783,6.7255,True,liptons coffee and cocoa were awarded the grand prize (this is the highest honour obtainable). lovers of perfect coffee and cocoa will find liptons unequalled for excellence ...
cocoa,1900,1,3292,2784,6.7255,True,liptons coffee and cocoa were awarded the grand prize (this is the highest honour obtainable). lovers of perfect coffee and cocoa will find liptons unequalled for excellence ...
cocoa,1900,1,3292,2785,6.7285,True,"cry's capb co( ;oa pure -ore best. labsolute') there ,s 41 cadbu contains no add( or colouring ma used to disguise cocoas. entin foreign substanci malt, hops, etc. s pure, it does not ""1.1.11. a cocoa"
cocoa,1900,1,3292,2786,6.7299,True,"""a of van hou' van houten's cocoa gives just the right kind of nourishment for building up active brains and strong muscles. a cocoa you can enjoy. ""beautiful warrington."" a letter to..."
cocoa,1900,1,3292,2787,6.73,True,"cad 'y's cocoa for working people. ""the civil service gazette"" says: ""cadnurtv's is the finest example of cocoa manufacture—absolutely pure, and essentially the foo..."
cocoa,1900,1,3292,2789,6.7358,True,"cadbury's cocoa 010p140r0l#4;, absolutely pim therefore best. ut-mn cadbury's cocoa contains no added starch, alkalies, or colouring matter, which are often n used t..."
cocoa,1900,1,3292,2790,6.7382,True,",s cocoa invaluable for bilious & dyspeptic. the best suited for all ages and classes. ""take oxien and be cheery."""
cocoa,1900,1,3292,2791,6.7384,True,"cocoa is refreshing, invigorating, and perfectly pure, containing all the full nourishing properties of the cocoa bean, without admixture of any kind. cadb..."
cocoa,1900,1,3292,2792,6.7413,True,well begun begin well by feeding well. choose good food. plas/vion is nature's own food for old and young. plasmon ''.(zywder plasmon cocoa plasmon oats
cocoa,1900,1,3292,2793,6.7424,True,"van houten's cocoa know how good it is to drink and how economical it is in use. if you have not tried it buy a new 6cl tin, you will • get 25 cups out of it. make it w..."
cocoa,1900,1,3292,2795,6.7431,True,"cadbury's cocoa 010p140r0l#4;, absolutely pim therefore best. ut-mn cadbury's cocoa contains no added starch, alkalies, or colouring matter, which are often n used t..."
cocoa,1900,1,3292,2796,6.7444,True,"totals 164 23.70 1-97 lees w. gregson, f.g.s. cadbury's cocoa can always be relied upon for its purity. adulterated cocotte are risky and should always be avoided. cadbury's cocoa is highly beneficial"
cocoa,1900,1,3292,2797,6.7478,True,"duty on cocoa. to teo editor 07 tin gazetii."" sir,—referring to the correspondence appearing in the prem with reference to the protective inci- dence of the duty o..."
cocoa,1900,1,3292,2798,6.7505,True,"epps's grateful-comforting, .‘ 0a ,t you will find it the very cocoa you want."
cocoa,1900,1,3292,2799,6.7507,True,mazawattie latariba cocoa fantity nicedzd than of other cocoa in making a top of cocoa and whim you have to pit no more for it than for ordinary cocoas current topics. owing t...
cocoa,1900,1,3292,2800,6.7539,True,"mazawattee cocoa at.sists the formation of muscle and hariens it for action, and, therefore, is a drink par excelleno for the athlete, the sailor, the soldier, and of..."
cocoa,1900,1,3292,2801,6.754,True,"cocoa estate. caribisin""s cvcoa is absolutely pure, therefore .i.cese. it ~1 l n.h hgproperties of the cocoa eall, ithellt any foreign admixture whatsoever..."
cocoa,1900,1,3292,2802,6.7559,True,"an houtens ;7' sing a song of sixpence—some biscuits or some bread and a soothing cup of cocoa before you go to bed. ""van houten's gives good sleep and rest and its always wise to use the best. no. 7."
cocoa,1900,1,3292,2803,6.7566,True,"the origined cocoa, and a speciality, eppsars being distinguiahed from all others by its invigorating nutritious qualities and its delicious flavour. this cocos, con- t..."
cocoa,1900,1,3292,2804,6.7579,True,"mazawattee cocoa this delicious beverage has proved its value, and estab- lished a reputation for purity and wholesomeness never before attained. the whole secret of ..."
cocoa,1900,1,3292,2805,6.76,True,"cry's capb co( ;oa pure -ore best. labsolute') there ,s 41 cadbu contains no add( or colouring ma used to disguise cocoas. entin foreign substanci malt, hops, etc. s pure, it does not ""1.1.11. a cocoa"
cocoa,1900,1,3292,2806,6.7613,True,"rj a cocoa you can enjoy. if you want a cocoa that is not only the best for nutritive, sustaining and in- vigorating properties, but one thz can thorough.y enjo..."
cocoa,1900,1,3292,2807,6.7627,True,"r.;,. • • • • -•• • • • .1: • • 11. •, ..• • • --,., co • .$1 t.4_y • • • • the cocoa bean. shell is not cocoa any more than husk is corn, or oyster- shells oysters, and to offer ground-up shell to co"
cocoa,1900,1,3292,2808,6.7629,True,":0 ma, of pure cocoa. no cocoa is pure which contains substances not naturally present in the cocoa bean. many of the so-called cocoas now on sale are merely cocoa prepar..."
cocoa,1900,1,3292,2809,6.7656,True,"cad 'y's cocoa for working people. ""the civil service gazette"" says: ""cadnurtv's is the finest example of cocoa manufacture—absolutely pure, and essentially the foo..."
cocoa,1900,1,3292,2810,6.7657,True,"cadbury's coco the medical magazine says: ""the favourite cocoa of the day. for strength, purity, and nourishment,there is nothing superior to be found."" caibury's is cocoa an the best cocoa only. the "
cocoa,1900,1,3292,2811,6.7688,True,"mazawattee cocoa this delicious beverage has proved its value, and estab— lished a reputation for purity and wholesomeness never before attained. the whole secret of ..."
cocoa,1900,1,3292,2812,6.7688,True,"mazawattee cocoa this delicious beverage has proved its value, and estab— lished a reputation for purity and wholesomeness never before attained. the whole secret of ..."
cocoa,1900,1,3292,2813,6.7696,True,"cocoa cocoa cocoa there are no special agents for this cocoa. it can be obtained from every grocer. ""nonconformity not schism."" oa sunday evening at st pau..."
cocoa,1900,1,3292,2814,6.7709,True,"cocoa advertisements written by consumers. to be continued. excellent for economy, strength and flavour. ""your cocoa is excellent, both ""for economy and fl..."
cocoa,1900,1,3292,2815,6.772,True,save raon ey it being the one cocoa in which all the special nutritive qualities of the most perfect growths are carefully conserved; the one cocoa in which nothing but cocoa of the ver...
cocoa,1900,1,3292,2816,6.774,True,"e p ps's grateful-comforting. cocoa r ea kfast-su p p er, %"
cocoa,1900,1,3292,2817,6.7761,True,"bury' cocoa is deliciously warming and comforting for children on a cold win morning. the first thought on awakening is for ""something and nothing is more benefi..."
cocoa,1900,1,3292,2819,6.7786,True,liptons coffee and cocoa were awarded the grand prize (this is the highest honour obtainable). lovers of perfect coffee and cocoa itu find lipton unequalled for excellence of...
cocoa,1900,1,3292,2820,6.78,True,"""""1""4:3 the original cocoa, and a sr..= lying distlnguishel.d ;nvigorating nutrltioua qualities its delicious favour. thls cocoa, con.. tattling as it does all the substance of..."
cocoa,1900,1,3292,2821,6.7827,True,"scene on a trinidad cocoa estate. cadbury's cocoa iseabsolutely pure, therefore best. it contains all the full nourishing properties of the cocoa bean, without any foreign adm..."
cocoa,1900,1,3292,2822,6.7851,True,"an houtn's the last thing at night, the first thing in the morning. the cocoa the children enjoy."
cocoa,1900,1,3292,2823,6.7854,True,"1.9itc45-,51- cocoa which not only spans the sea of difficulty, but also leads them to a short cut where they meet health, heal- ing and renewed vitality—all these help ..."
cocoa,1900,1,3292,2825,6.7865,True,the liijest qualiiy ever attained by any cocoa of any country. the humiliation under which british cocoa-consumers have heretofore laboured of having to rely upon foreign cocoa firms for the highe...
cocoa,1900,1,3292,2826,6.7879,True,"ifwipp•rl mazawattee cocoa the great new supper beverage. digestible. deligiittul, nourishing. of f;••••••• ow fri., rdrafbl• 11.ranwette.1..~.6.. l.j"
cocoa,1900,1,3292,2827,6.7901,True,14 a cup of van li°uten van houten's cocoa gives just the right kind of nourishment for building up active brains and strong muscles. cocoa you can enjoy. 'beautiful warrington.- a letter to t...
cocoa,1900,1,3292,2828,6.7942,True,the original cocoa. and a speciality. ep u.st+.• being dletingnished from all others ty its invigorating nutritious onalitits ar it delicious flavour. this cocoa. cots ...
cocoa,1900,1,3292,2829,6.7945,True,calrattp:'- y9s cocoa it is the nailsral cocoa ailfoy prepared iivithota adulteration or akixture of any kind whatsoever. cadbury's is a pert ectly pure cocoa of the highe...
cocoa,1900,1,3292,2830,6.7997,True,foreign competition completely conquered mazawattee latabiba cocoa which is acknowledged on all sides to be the highest quality ever attained by any cocoa of any country. the humiliation under which b
cocoa,1900,1,3292,2831,6.8007,True,"is so stubborn that it cannot possibly be got over. nothing is easier of proof. it requires no chemical analysis to demonstrate its truth. cocoa- *, drinkers can verify the fact for them- selves by us"
cocoa,1900,1,3292,2832,6.8008,True,"• outenis ilb at 3 • ~ sat in a corner, with cocoa instead of a pie; to avoid indigestion i just take my suggestio ""van houten's the cocoa to buy. no. 14. women's chat. political clubs for women.—the "
cocoa,1900,1,3292,2834,6.8023,True,"...perfection of quality and value. also rich, pure, and fragrant teas at 1/2 and 1/41il highest 1-107%/01.1119 paris exhibition, 1900. liptons c ffee & cocoa"
cocoa,1900,1,3292,2835,6.8052,True,"lipton, ltd* 9 tea) coffee,& cocoa planters,ceylon• chief oleos: city road, london. local branceibs: high-street, stockton.; sussex-street, middlbsbrough high-row, darlington; mn-stree..."
cocoa,1900,1,3292,2838,6.8103,True,"% ip d3:,''ry's cocoa • regularly -a( -w either with meals tg or between meals it is a safe, refreshing, and invigorating beverage, for winter, summer, and all the year ro..."
cocoa,1900,1,3292,2839,6.8109,True,"“nothing cheaper or better than vi-cocoa.” thomminl, of men and women say this. f.xperienoe has tahrtlicin that a 6d. packet or 9d. or is. 6tl. tin of dr. tibbles' vi- cocoa is the bent valu..."
cocoa,1900,1,3292,2840,6.8117,True,"a word there is little to choose between cadbury's a- solutely pure cocoa essence and milk, so closely allied are they in composition. cadbury's cocoa is highly nourishing, and as a daily beverage for"
cocoa,1900,1,3292,2841,6.8126,True,"rj a cocoa you can enjoy. if you want a cocoa that is not only the best for nutritive, sustaining and in- vigorating properties, but one thz can thorough.y enjo..."
cocoa,1900,1,3292,2844,6.8152,True,"you may think you don't like cocoa, but that's because you have not tried van houten' s. it's not like other cocoas. it's absolutely delicious. try it. van houten's a cocoa you can enj..."
cocoa,1900,1,3292,2845,6.8159,True,"is absolutely pure— cadbury's cocoa is ""a perfect food."" most refreshing, invigorating, and sustaining. ours hospital gazette says: ""from practical experience we can say that it possess..."
cocoa,1900,1,3292,2846,6.8173,True,"epps's caßaterui cocoa you will end it the vary cocoa you want. whole el the members formed a tarp ring hands sang ""auld lang syne."" christ church. 1 on sunday evening, at ..."
cocoa,1900,1,3292,2847,6.8184,True,"van houten's. van houten's cocoa preserves, their highest perfection and in concen- trated form, all the most nourishing and invigorating properties of the cocoa bean. the quality of..."
cocoa,1900,1,3292,2848,6.8198,True,calrattp:'- y9s cocoa it is the nailsral cocoa ailfoy prepared iivithota adulteration or akixture of any kind whatsoever. cadbury's is a pert ectly pure cocoa of the highe...
cocoa,1900,1,3292,2849,6.8204,True,"epps's cocoa grateful and comforting. a delicious drink and a sustaining food. or, if a lighter, thinner drink is preferred, the most refreshing and stimulating e..."
cocoa,1900,1,3292,2850,6.8226,True,"open-all treatment. • s •:',•••` • f.7,5:1•"" *a coco-, • you can enjoy. if you want a cocoa that is not only the best for nutritive, sustaining and in- vigorating proirerties, but one that you can tho"
cocoa,1900,1,3292,2851,6.8228,True,"the most nutritious. e p ps's grateful-comforting. _ cocoa fs' kfarifast—supper. ninepence mom. in boa& estys mcpepz raiallattor at sa. ,ifiaaasta mara ampoolation, novel wan fund.. for"
cocoa,1900,1,3292,2852,6.8231,True,"and the plain and simple fact that mazawattee cocoa is twice the strength of any other british- made cocoa, and goes twice as far, is so stubborn that it cannot possibly be got over. nothing is easier"
cocoa,1900,1,3292,2853,6.8231,True,"and the plain and simple fact that mazawattee cocoa is twice the strength of any other british- made cocoa, and goes twice as far, is so stubborn that it cannot possibly be got over. nothing is easier"
cocoa,1900,1,3292,2854,6.8254,True,plasnion is nature's own food for old and young. plasmon powder plasmon cocoa plasmon oats
cocoa,1900,1,3292,2855,6.8265,True,"van houten's cocoa know how good it is to drink and how economical it is in use. if you havc not tried it buy a new 6d tin, you will get 25 cups out of it. make it .wit..."
cocoa,1900,1,3292,2856,6.8277,True,breakif•ast ple.smen oats plasmon cocoa all grocers and stores.
cocoa,1900,1,3292,2858,6.8338,True,"because it is not co. losed, as ordinary cocoas are, partly of the shell of the cocoa bean. shell is not cocoa any more than husk is corn, or oystershells oysters, and to offer ground- up shell to..."
cocoa,1900,1,3292,2860,6.8346,True,"...ginal cocos. and a speciality. _ ep psis being distinguished from all others by its invigorating nutritious qualities and its delicious flavour. this cocoa, con- taining as it does all the subs"
cocoa,1900,1,3292,2861,6.8363,True,"epps's being distinguished from all others by its invigorating nutritious qualities and its delicious savour. this cocoa, con- taining as it does all the substance of the cocoa nib. maintains its lead"
cocoa,1900,1,3292,2863,6.8431,True,"...,i, mr. f. bangle, h.m.s. ward room steward, sheerness, writes l am writing these few lines to you to express my feelings towards you for the good vi-cocoa has done me. as a steward i have to be c"
cocoa,1900,1,3292,2865,6.8507,True,"a trial cup of mazawatte e cocoa is aii that we ask 300 vifll not need further press- ing, asthe it.tinite superiority of this cocoo over all others la mule self eppare ,t. from an e..."
cocoa,1900,1,3292,2866,6.8529,True,no cocoa is pure which contains substances not naturally present in the cocoa bean. many of the so-called cocoas now on sale are merely cocoa preparation. •vi...
cocoa,1900,1,3292,2867,6.8531,True,"woman's realm. 4;! 4`;'' • l- a e any ,ortuer sat in a corner, with cocoa instead of a pie; to avoid indigestion just take my suggestion ""van houten's the cocoa to buy. no. 14.. p the ing a crowded ro"
cocoa,1900,1,3292,2868,6.8537,True,"cadbury's coco the medical magazine says: ""the favourite cocoa of the day. for strength, purity, and nourishment,there is nothing superior to be found."" caibury's is cocoa an the best cocoa only. the "
cocoa,1900,1,3292,2871,6.8591,True,"tho original cocoa. sad a speciality, eppsgs being distlnglilabed from all other• by liffisoratlng nutritious qualities and its delicious flavour. ybl. cocoa, cofl. tal..."
cocoa,1900,1,3292,2872,6.8594,True,"liptons, ltd., tea, coffee and cocoa planters, ceylon. chief offices: city road, london. he had not shown the loti*er try member of the council or to mr. anboti, mid lie should not do so..."
cocoa,1900,1,3292,2873,6.8606,True,foreign competition completely conquered mazawattee latabiba cocoa which is acknowledged on all sides to be the highest quality ever attained by any cocoa of any country. the humiliation under which b
cocoa,1900,1,3292,2874,6.8614,True,"-41a11 ury's cocoa is refreshing, invigorating, and perfectly pure, containing all the full nourishing properties of the cocoa bean, without admixture of any kind. cal;..."
cocoa,1900,1,3292,2875,6.8622,True,liptons coffee and cocoa were awarded the grand prize (this is the highest honour obtainable). lovers of perfect coffee and cocoa will find limns unequalled for excellence of...
cocoa,1900,1,3292,2876,6.8633,True,"...al occea. sad a speciality, _ e p ps 7 s being distinguished from afl others by its invigorating isutzltious qualities and its delledous savour. this cocoa, con- taining as it does all the s"
cocoa,1900,1,3292,2877,6.864,True,"first and foremost. cadbury s cocoa come; err, among food beverages because ii is very cioaely allied to milk in its composition there is really little to :hose between cadbury's absolu..."
cocoa,1900,1,3292,2880,6.8691,True,"ztet04,1•1.‘,,,et,74,,,apw1a cocoa abscady pure therefore best. csitlit.ath cadbury's cocoa contains no added starch, alkalies, i). or colouring matter, which are often s used to disgu..."
cocoa,1900,1,3292,2881,6.8704,True,cadbury's cocoa can always be relied upon for its purity. adulterated cocoas are risky and ahonld always be avoided cadbury's cocoa is highly beneficial to young and...
cocoa,1900,1,3292,2882,6.8718,True,"""i really must use vi-cocoa."" thousands of men and women, after reading the particulars published respecting the merits of dr. tibbles' vi-cocoa, have been induced to be- come r..."
cocoa,1900,1,3292,2883,6.8803,True,coffee and cocoa liptons were awarded the grand prize (this is the highest honour obtainable). lovers of perfect coffee and cocoa will find liptons unequalled for exc...
cocoa,1900,1,3292,2884,6.8804,True,"a trial cup of mazawattee cocoa ip all that ws you will not need further press- ing, a, the tifiottt tiperiority of this m.cso over all ~therp l• tn.de self stop re it from an econo..."
cocoa,1900,1,3292,2886,6.8838,True,eppiti-3_-cocoa -41.;1w mdl eppbg- cocoa ple imniilob eon miff._ epps's cocoa int• raminl flawas gals.
cocoa,1900,1,3292,2887,6.8888,True,"cocoa y: -0 ou can enjoy. if you want a cocoa that is not only the best for nutritive, sustaining and in- vigorating properties, but one that you can' thor..."
cocoa,1900,1,3292,2890,6.8939,True,liptons coffee and cocoa were awarded the grand prize (this is the highest honour obtainable). lovers of perfect coffee and cocoa will find limns unequalled for excellence of...
cocoa,1900,1,3292,2891,6.8941,True,"cadbury's cocoa is refreshing, invigorating, and perfectly pure, containing all the hill nourishing properties of the cocoa bean, without admixture of any kind. cadb..."
cocoa,1900,1,3292,2892,6.8941,True,"cocoa is refreshing, invigorating, and perfectly pure, containing all the full nourishing properties of the cocoa bean, without admixture of any kind. cadb..."
cocoa,1900,1,3292,2893,6.8947,True,"oh • 5 7,4 3 also ts cocoa regularly p 4 kg 4= either with meals na wor between meals w wlt is a safe, refreshing, and w tr winter,summer, and' i for i to r 7 the year round. p..."
cocoa,1900,1,3292,2894,6.8979,True,eppss cocoa the beet suited for all ages suid classes.
cocoa,1900,1,3292,2896,6.9002,True,"mazawattee cocoa is even superior to them—greatly superior indeed. with such a cocoa you soon realize what cocoa really is, and means, and should be"". gordon stabled,..."
cocoa,1900,1,3292,2897,6.9045,True,epps's grateful-comforting. cocoa you will find it the very cocoa you want.
cocoa,1900,1,3292,2898,6.9045,True,epps's grateful-comforting. cocoa you will find it the very cocoa you want.
cocoa,1900,1,3292,2899,6.9045,True,epps's grateful-comforting. cocoa you will find it the very cocoa you want.
cocoa,1900,1,3292,2901,6.9107,True,"• :).4. • cadrury's cocoa is ""a perfect food."" .1, 4 most refreshing, invigorating, and sustaining. ouv's hospital gazette says: ""from practical experience we can say th yt it..."
cocoa,1900,1,3292,2902,6.9115,True,"was making no progress. peptolaxa worked wonders. extras 3 total total total .. 19 cocoa _ill maintains its great superiority as a .ighly nutritious food beverage, being elicious in taste, absolutely "
cocoa,1900,1,3292,2903,6.9117,True,"uncommon occurrence, why has the home consumption of cocoa declined this year by 510005 7""?'. i bs. rave the public tired of cocoas with foreign or fancy names, and have some given up drinking cocoa? "
cocoa,1900,1,3292,2904,6.9122,True,"mazawattee cocoa a.sists the formation of mu,cle and hardens it for action, and, therefore, is a drink par excellence for the athlete, the sailor, the soldier, and of..."
cocoa,1900,1,3292,2905,6.9142,True,"the new supper beverage mazawatte7 latariba cocoa t • 4..„ 4t, vri"
cocoa,1900,1,3292,2907,6.9183,True,epps_'s_ cocoa gnat!' r 4 emirll.b. epps's cocoa eptps's-cocoa wwi rbal
cocoa,1900,1,3292,2908,6.919,True,"preference to whom? when mr. chamberlain says he will take the taxes off tea, sugar, cocoa and coffee to square the other food taxes, which will give the colonies a preference, doe he mean all the col"
cocoa,1900,1,3292,2909,6.9196,True,grateful-comforting. cocoa breaivast and supper. emn■blimnmeln
cocoa,1900,1,3292,2910,6.9197,True,"pn ""the typical cocoa c of foolish man- the analyst. 'edadblirlis i i a refined, stimulating, digestible. ""till standarb sf nicnest purity."" -171 e lamm •=w14,.... cadbury..."
cocoa,1900,1,3292,2912,6.9205,True,"van houten's cocoa know how good it is to drink and how economical it is in use. if you have not tried it buy a new 6d tin, you w.ill get 25 cups out of it. make it wit..."
cocoa,1900,1,3292,2913,6.9252,True,cocoa breakfast—supper. courtry orders receive prompt litte litto ft:
cocoa,1900,1,3292,2914,6.9256,True,"forei-n competition e;- mpletely con ituered 1%. rip iyitl. latarfi',l. cocoa. which is acknowledged on all sides to be tee highest quality ever attamed by any cocoa of any ciuntry. the humiliation un"
cocoa,1900,1,3292,2915,6.927,True,"niazawattee latariba cocoa is irreproachable. ,c• f i i i i i i i 11' •"
cocoa,1900,1,3292,2917,6.9286,True,"...e that imparts mental and bodily vigour, and is comparatively easy of digestion, may be described as a pilot to health."" such a beverage is cadbury's cocoa. it is •' stayin"
cocoa,1900,1,3292,2918,6.9318,True,"mazawattee cocoa a free tin will be eent you on application to i.l,lza- wattee, london. a"
cocoa,1900,1,3292,2920,6.9329,True,"thletes highly nutritious and absolutely pure, being entirely free from dru-f3 or any admixture. what a folnass3 footballer says of cadbury's cocoa ""i have personally tried cadbury's cocoa, and can pe"
cocoa,1900,1,3292,2921,6.9358,True,"cocoa because it is a !infect natural fool of absolute purity, and rainisurs to the physical requireiiiens of the young in an eminent degree. it contaix; a..."
cocoa,1900,1,3292,2922,6.9374,True,"when you drink co3ea, why not select the best in mazawattee cocoa you have a fool beverage of supreme refinement. the special process employed in its manufacture has been so eminently suecessful that "
cocoa,1900,1,3292,2923,6.9389,True,"holitens sat in a corner with cocoa instead of a pie; to avoid indigestion just take my suggestion ""van houten's the cocoa to buy. 0)11 ihardwick, alma-street congregational, 47; 'james..."
cocoa,1900,1,3292,2924,6.9403,True,"ep p -08 cocoa eppn's cocoa epps's coco.t -11 refs. • ..tor3ly ffelolf,” eold .l. 4.1 i. in. ••••*- mg fly- h.. :atm- in p • • p•-e, opt t i. 4 h•• if. dn•flf, on i..."
cocoa,1900,1,3292,2925,6.9404,True,how to obtain abeald la the for three cacpury's _ we wogs- following bratkfast cocoa in it= with water pilhallake :-. cadbury's cocoa in stronfoost becomes it is pespost. it is therefore most eeenemni
cocoa,1900,1,3292,2926,6.9443,True,"cad se ury's cocoa 1 is refreshing, invigorating, and perfectly pure, containing all the full nourishing properties of the cocoa bean, without admixture of any kind. ca..."
cocoa,1900,1,3292,2929,6.9481,True,"0 .94, ~f,72z* 6.41 .-kfi • `•zi,ii. (1,,,,ai r erm ""yie!ds it maximum pro- portion ofthe valuable food cottituent 3of the cocoa bean.""—tlle lancet. exeeis in all the charac- teristics which elevas co"
cocoa,1900,1,3292,2930,6.9487,True,"strong children. everybody should drink cadbury's cocoa regularly at breakfast and lunch time, and particularly with the evening meal, because. oning to its mildly stimulative action, it is one of the"
cocoa,1900,1,3292,2932,6.9554,True,cy any cocoa of any country. the humiliation under which british cocoa-consurnc;s have herctofor2 laboured of having to rely upon foreign cocoa firins for the hig...
cocoa,1900,1,3292,2933,6.9554,True,the original cocoa. and a speciality. ep u.st+.• being dletingnished from all others ty its invigorating nutritious onalitits ar it delicious flavour. this cocoa. cots ...
cocoa,1900,1,3292,2934,6.9569,True,"ttle most nutt,itioub cocoa. epps's grateful- comforting. cocoa was idaailfast and imam& kinnetinelei, instates vendor. trio on tu-sday road los sad costa by ilarbngton nage- tr..."
cocoa,1900,1,3292,2936,6.9627,True,"01) dm gin a-6'# z.) how to make, sure of pure cocoa. no cocoa is pure which contains substances not naturally present in the cocoa bean. many of the so-called cocoas now on sale are merely cocoa prep"
cocoa,1900,1,3292,2937,6.9632,True,"the. natural food cu•, d dept.,: palit.d2t-nuarf, leiiinal breen lonoon _ _ try n.f. 0000 a.—ton do not know what getwi cocoa is like if you have not had it it agree when others disagree. senckla or 2"
cocoa,1900,1,3292,2938,6.9633,True,"is so stubborn that it cannot possibly be got over. nothing is easier of proof. it requires no chemical analysis to demonstrate its truth. cocoa- *, drinkers can verify the fact for them- selves by us"
cocoa,1900,1,3292,2939,6.9636,True,"letters to the editor. van houten's cocoa. to the editor of the ""mama"" sir,—as great publicity has been given to the fact that certain cocoa manufacturers have now de- cided to discontinue th..."
cocoa,1900,1,3292,2941,6.9733,True,"9 k,„ita ,41,/ sale via? is refreshing, invigorating, and perfectly pure, containing all the full ,npurishing properties of the cocoa bean, without admixture of any kind. cadourn""s cocoa is pure, pala"
cocoa,1900,1,3292,2943,6.9738,True,"-41a11 ury's cocoa is refreshing, invigorating, and perfectly pure, containing all the full nourishing properties of the cocoa bean, without admixture of any kind. cal;..."
cocoa,1900,1,3292,2944,6.9742,True,"...perfection of quality and value. also rich, pure, and fragrant teas at 1/2 and 1/41il highest 1-107%/01.1119 paris exhibition, 1900. liptons c ffee & cocoa"
cocoa,1900,1,3292,2945,6.9744,True,epps's cocoa cksietd end •••••••elms. epps's cocoa tar bnekbil nm wpm._ e pps's co coa wwi wiwi jamie e•si.
cocoa,1900,1,3292,2946,6.9747,True,"600 a woi to mothett there is little to between cadbury's 4, solutely pure cocoa essenct and milk, so closely allied are they in composition, cadbury's cocoa is hie* nourishing, and as daily beverage "
cocoa,1900,1,3292,2947,6.9753,True,"1905. allan can live 100 years epps's by better housing, better hygiene and better food. keep yourselves well and daily i.e cocoa the best suited for all ages and classes. • • baby quirk's speedy cure"
cocoa,1900,1,3292,2948,6.9763,True,"...is because it is just purr, undefiled coon, of the highest attainahk quality, the product of the completely finest plantations, and the perfection of cocoa in przz from every"
cocoa,1900,1,3292,2949,6.9776,True,"...--(-18,--a)rthyir fitzsimmons (bc and michael daly (17), boys belonging to man- chester and salford, were charged on remand with stealing a packet of cocoa, and also wi"
cocoa,1900,1,3292,2950,6.986,True,"e which represents cocoa in the highest attainable form, made from the finest cocoa beans the world produces, prepared by more refined methods than cocoa was eve before submi..."
cocoa,1900,1,3292,2951,6.9862,True,"eimsmi!mmii dilworimm.o.•••• -""i find nothing so refreshing and lburishing :111:9"" .i ?iga;alin at xsis(llll7 lauseestes m.o. on 9 cocoa 0 ed 11311993. it is a perfect food beverage possessing all the"
cocoa,1900,1,3292,2952,6.9894,True,"cad 'y's cocoa for working people. ""the civil service gazette"" says: ""cadnurtv's is the finest example of cocoa manufacture—absolutely pure, and essentially the foo..."
cocoa,1900,1,3292,2953,6.9904,True,"...some obscure thoroughfare, the opening of a poisoned letter, the receipt of a harmless-looking packet containing i sample of some adver- tised tea or cocoa or coffee or "
cocoa,1900,1,3292,2954,6.9907,True,"cocoa is refreshing, invigorating, and perfectly pure, containing all the full nourishing properties of the cocoa bean, without admixture of any kind. cadb..."
cocoa,1900,1,3292,2955,6.9943,True,forgotten breakfast n plasrnon sats plasmon cocoa all grocers and stores.
cocoa,1900,1,3292,2956,6.9946,True,"-41a11 ury's cocoa is refreshing, invigorating, and perfectly pure, containing all the full nourishing properties of the cocoa bean, without admixture of any kind. cal;..."
cocoa,1900,1,3292,2958,6.9973,True,"...rage that imparts mental and maw; vigour, and is comparatively easy of digestion, may he described as a• • pilot abash. such a beverage is cadtstry's cocoa. it is .• staying a"
cocoa,1900,1,3292,2959,6.999,True,"cadhlry's cocoa cadll,.,tiry's cocoa is ""the standard of highest purity"" (so the lancet says), because it contains all the health-giving propaties of the cocoa bean ..."
cocoa,1900,1,3292,2961,6.9998,True,"and no cocoa in the world equals it for nig6 quality, * i)v st & goes farthes"
cocoa,1900,1,3292,2964,7.0021,True,"boy: master: what is cocoa, and what about it? boy: cocoa is the finely-ground powder of a roasted cocoa bean, and is used as an article of diet. master: then what is false tha..."
cocoa,1900,1,3292,2966,7.0059,True,"only those who use van houten's cocoa know how good it is to drink and hos economical it is in use. if you have not tried it buy a new 6d tin, • you will gct 25 cups out of it. make it wi..."
cocoa,1900,1,3292,2967,7.0073,True,"boy: master: what is cocoa, and what about it? boy: cocoa is the finely-ground powder of a roasted cocoa bean, and is used as an article of diet. master: then what is false tha..."
cocoa,1900,1,3292,2968,7.0077,True,"twelve months old theft. -• thomas greenwood. 74, garbett-street. us charged with stealing in december, 1908, a cop of cocoa to the value of £2 4s. the cocoa had iwo') consigned to the accrington co-o"
cocoa,1900,1,3292,2969,7.0111,True,"...perfection of quality and value. also rich, pure, and fragrant teas at 1/2 and 1/41il highest 1-107%/01.1119 paris exhibition, 1900. liptons c ffee & cocoa"
cocoa,1900,1,3292,2970,7.0138,True,"midnight arrests. alleged raid on a cocoa roo3i at the borough police court yesterday, james power and ferdinand geseter, labouring men, of 10. neptune-street, were charged with breaking and ..."
cocoa,1900,1,3292,2974,7.0219,True,"cry's capb co( ;oa pure -ore best. labsolute') there ,s 41 cadbu contains no add( or colouring ma used to disguise cocoas. entin foreign substanci malt, hops, etc. s pure, it does not ""1.1.11. a cocoa"
cocoa,1900,1,3292,2977,7.0269,True,cocoa beauty of skin purity of blood ancient and modern ideas on these interesting subjects.
cocoa,1900,1,3292,2978,7.0271,True,"liptons, ltd., tea, coffee and cocoa planters, ceylon. chief offices: city road, london. local branches: 43 penny street, lancaster. local agent m. hothersall, lower church street, lanca..."
cocoa,1900,1,3292,2980,7.028,True,"cadbury's cocoa is refreshing, invigorating, and perfectly pure, containing all the hill nourishing properties of the cocoa bean, without admixture of any kind. cadb..."
cocoa,1900,1,3292,2981,7.0325,True,how to make sure of pure cocoa. no cocoa is pure which contains substancel dot naturally present in the cocoa bean. many of the so-called cocoas now on sale are merely cocoa prepar...
cocoa,1900,1,3292,2982,7.0381,True,"...ed. also rich, pure, and fragra the perfection of quality and value. nt teas at 1/2 and 1/4 highest honours paris exhibition, 1900. li ptons c ffee & cocoa were aw"
cocoa,1900,1,3292,2983,7.0393,True,"cocoa refined, stimulating, digestible. ""the staniar, sc mout purity."" —rim lamm ••••••11411••• cad blip) cocoa the great refresher all year round, being s..."
cocoa,1900,1,3292,2984,7.0428,True,"mazawattee latariba cocoa. • among the more encouraging ,iris )1' the cnies may be counted the great incre,re that has of late taken place in the consump- tion of cocoa and ch..."
cocoa,1900,1,3292,2985,7.043,True,"••• i. another cocoa is ""as good as van fionten's."" th fact •is th:.'re is not another cocoa ecitmt v:in houten's. evcry market in the it n stair:ant by which til othc.ir..."
cocoa,1900,1,3292,2988,7.0441,True,cy any cocoa of any country. the humiliation under which british cocoa-consurnc;s have herctofor2 laboured of having to rely upon foreign cocoa firins for the hig...
cocoa,1900,1,3292,2989,7.0454,True,=.. 774 i i 11 wit wt u 1111 11 1 ty moo* sairlllem epps's cocoa mask. asd amarkslisa. epps's cocoa •-• •n -p-g • epps's cocoa ina mii•101 imo= esti
cocoa,1900,1,3292,2990,7.0524,True,"tits most nutritious. e p p s' s gratsital—consiortiao. cocoa a body debate teak .m moab. teir. (based main lea numb"" ea the sob aa a °ivy fretiog. ore radar objected to the xing beim omits.' be mom t"
cocoa,1900,1,3292,2991,7.0552,True,"...original caeca, and a speciality, eppsys being distinguished from all others by its invigorating nutritious qualities and its delicious flavour. this cocoa, con- taming as it does all the substanc"
cocoa,1900,1,3292,2992,7.0558,True,"absolutely pure-therefore best. cadbury's cocoa is griaran• teed to be absolutely pure, and is therefore the best cocoa. it is at once a refreshing, stimu- lating drink, and a nutritioue food, cont..."
cocoa,1900,1,3292,2993,7.0633,True,"mazawattee cicoa which is so rich, and pure, and good that lesser quantity of it is neede: than of other cocoa in making a cup of cocoa; and when you have to pay no more for it than for ordinary cocoa"
cocoa,1900,1,3292,2994,7.0661,True,"cocoa cocoa cocoa there are no special agents for this cocoa. it can be obtained from every grocer. ""nonconformity not schism."" oa sunday evening at st pau..."
cocoa,1900,1,3292,2995,7.0662,True,latariba cocoa is made solely and wholly from the best cocoa beans the world produces; that it is absolutely undefiled by adulterants of any kind; and that in the p...
cocoa,1900,1,3292,2997,7.0684,True,"van houten's cocoa know how good it is to driuk and how economical it is in use. if you have not tried it buy a new 6d _tin, you will get 25 cups out of it. make it wit..."
cocoa,1900,1,3292,2998,7.0688,True,"... that imparts mental and bodily vigour, and is comparatively easy of digestion, may be described as a ""pilot to health."" such a beverage is cadbury's cocoa. it is staying and "
cocoa,1900,1,3292,2999,7.069,True,epps's grateful-comforting. cocoa you will find it the veil? cocoa you want.
cocoa,1900,1,3292,3000,7.0691,True,"tho original cocoa. sad a speciality, eppsgs being distlnglilabed from all other• by liffisoratlng nutritious qualities and its delicious flavour. ybl. cocoa, cofl. tal..."
cocoa,1900,1,3292,3001,7.0698,True,"c 4 y. co t a c,owa the most delicious of all cocoas. ""a perfect beverage, combining strength, purity and solubility.""— medical annual. a cocoa you can enjoy. slowly into a smooth table-spoonful of th"
cocoa,1900,1,3292,3002,7.07,True,"scene on a trinidad cocoa estate. cadbury's cocoa iseabsolutely pure, therefore best. it contains all the full nourishing properties of the cocoa bean, without any foreign adm..."
cocoa,1900,1,3292,3003,7.0737,True,"9 h a if; c*-coa cadbuy's cocoa is ""the standard of highest purity"" (so the lancet says), because it contains all the health-giving properties of the cocoa bean in the most easily a..."
cocoa,1900,1,3292,3004,7.0748,True,"i/0 also rich, pure, and frag: lnt teas at 1/2 and 1/4. liptons, ltd., tea, coffee and cocoa planters, ceylon. chief offices: city road, london."
cocoa,1900,1,3292,3005,7.078,True,"mazawattee cocoa is all tbat we ask yon will not need further press- ing, a-the superiority of this ertoo over all ~thers ls made self apis•reqt from an economical st..."
cocoa,1900,1,3292,3006,7.0857,True,"c ytir"" s cocoa cadbury's cocoa is ""the standard of highest purity"" (so the lancet says), because it contains all the health-giving properties of the cocoa bean in t..."
cocoa,1900,1,3292,3007,7.0871,True,"woman's realm. 4;! 4`;'' • l- a e any ,ortuer sat in a corner, with cocoa instead of a pie; to avoid indigestion just take my suggestion ""van houten's the cocoa to buy. no. 14.. p the ing a crowded ro"
cocoa,1900,1,3292,3008,7.0888,True,no lireeklbst table elloplele wiliest epps's cocoa nm mat nutritious sad lloassoilool monkey brand for kitchen tables and floors. monkey brand for linoleum and oilcloths. monkey brand for crockery as/
cocoa,1900,1,3292,3009,7.0896,True,"to suit your taste. or, a lighter and thinner drink, refreshing and stimulating. epps cocoa essence welcome at any hoar of the day. 1"
cocoa,1900,1,3292,3010,7.0968,True,"...also rich, pure, the penfection of quality and value. and fragrai nt teas at 1/2 and 1/96 1-lighest liontours ,ris exhibition, 1900. liptons coffee & cocoa we"
cocoa,1900,1,3292,3011,7.0971,True,"cocoa is refreshing, invigorating, and perfectly pure, containing all the full nourishing properties of the cocoa bean, without admixture of any kind. cadb..."
cocoa,1900,1,3292,3012,7.1003,True,"they touch the sold by crocers, drysalters, and oilmen everywhere. are you getting full value out of your cocoa? some cocoas are difficult of digestion. van houten's cocoa can be assimilated by the we"
cocoa,1900,1,3292,3013,7.1013,True,"van houten's cocoa know how good it is to drink and how economical it is in use. if you have not tried it buy a new 6d tin, you will get 25 cups out of it. make it with..."
cocoa,1900,1,3292,3014,7.1036,True,"oa has taken vi-cocoa five years and now feels a different man. mr. j. harmon, gardener, 58, simson's-road, bromley, kent, writes i ani writing to inform you that six year..."
cocoa,1900,1,3292,3015,7.1071,True,epps's_ cocoa epps's cocoa epps's cocoa ••••■•1 11•••• mb.
cocoa,1900,1,3292,3016,7.1072,True,"nutritious and economical cocoa justly prize' by mothers for themselves bad unit childress, who choose it •asorty."
cocoa,1900,1,3292,3017,7.1074,True,"ira r c.sro, -* t • • • • 4' • a kal which is so rich, and pure, and good that lesser quantity of it is needeic,/ than of other cocoa in making a cup of cocoa; and when you have to 'ay no more for it "
cocoa,1900,1,3292,3020,7.1112,True,"a trial cup of mazawatte e cocoa is aii that we ask 300 vifll not need further press- ing, asthe it.tinite superiority of this cocoo over all others la mule self eppare ,t. from an e..."
cocoa,1900,1,3292,3021,7.1166,True,lunch time forgotten when you breakfast plasmon oats plasmon cocoa all grocers and stores.
cocoa,1900,1,3292,3022,7.1184,True,"... alone and unrivalled. the perfection of quality and value. and fragrant teas at 1/2 and 1/4 highest honours ports exhibition, 1900. liptons c ffee & cocoa were awarded the grand prize"
cocoa,1900,1,3292,3023,7.1186,True,"thousands pounds thrown away. _- spend sixpence in buying vi-cocoa, and medicine will be found unnecessary, the proper assimilation of the food they eat is of paramount im- portance to every man, woma"
cocoa,1900,1,3292,3024,7.1208,True,epps's_ cocoa epps's cocoa epps's cocoa ••••■•1 11•••• mb.
cocoa,1900,1,3292,3025,7.1242,True,"unable to move. the cocoa bean. shell is not cocoa any more than husk is con], or oyster. shells oysters, and to offer ground-up shell to cocoa drinkers is an insult to their ..."
cocoa,1900,1,3292,3026,7.1248,True,771 e great new cocoa. !liality than of other cocoa in making a cup of cocoa; and %hen you haw to pay no more for it than for ordinary cocoas yru ser.i• both your health a...
cocoa,1900,1,3292,3027,7.1251,True,"van houten's cocoa know how good it is to drink and how economical it is in use. if you have not tried it buy a new 6d tin, you will get 25 'cups out of it. make it wit..."
cocoa,1900,1,3292,3028,7.1253,True,"preference to whom? when mr. chamberlain says he will take the taxes off tea, sugar, cocoa and coffee to square the other food taxes, which will give the colonies a preference, does he mean all the co"
cocoa,1900,1,3292,3029,7.127,True,"a new cocoa and chocolate. virogen life food cocoa and chocolate are roinufactured under medical supervision from the cecoa bean, purest obtainable, and' are del..."
cocoa,1900,1,3292,3030,7.1313,True,"van houitys cocoa know how good it is to drink and how economical it is in use. if you have not tried it buy a new 6d tin, you will get 25 cups out of it. make it with..."
cocoa,1900,1,3292,3031,7.135,True,"9 k,„ita ,41,/ sale via? is refreshing, invigorating, and perfectly pure, containing all the full ,npurishing properties of the cocoa bean, without admixture of any kind. cadourn""s cocoa is pure, pala"
cocoa,1900,1,3292,3033,7.1389,True,"...rage that imparts mental and maw; vigour, and is comparatively easy of digestion, may he described as a• • pilot abash. such a beverage is cadtstry's cocoa. it is .• staying a"
cocoa,1900,1,3292,3034,7.142,True,"a trial cup of mazawatte e cocoa h all that we ask you will not need further press- ing, as the i finite siiperiority of this c coo over all ‘dh-rs is mule self auusre ,t. from an ec..."
cocoa,1900,1,3292,3035,7.1423,True,"...rishing more delicious more economical than any other. what does this mean to the consumer? briefly, that being more soluble, the full benefit of the cocoa is obta"
cocoa,1900,1,3292,3036,7.1429,True,"... m. ashton's life tonic is the king of ton ics.-63. sank/ty-street, warrington.—advt. breakfastless school children. free breakfasts of dry bread and cocoa have again been provided this week at the "
cocoa,1900,1,3292,3037,7.1556,True,"cad se ury's cocoa 1 is refreshing, invigorating, and perfectly pure, containing all the full nourishing properties of the cocoa bean, without admixture of any kind. ca..."
cocoa,1900,1,3292,3038,7.1566,True,"good winn hems no bush! • tgiat is soldelent. lisnairattoe cocoa only needs a ad& to be reneed o • cornrow. oboe yow labia es it i parity ibels. b at a bigtor quality, of greater softbm•n, sod goes te"
cocoa,1900,1,3292,3039,7.158,True,"ma zawattee cocoa the strength of any other british- made cocoa, and goes twice as ha, is so stubborn that it cannot possibly be got over. nothing is easier of proof. ..."
cocoa,1900,1,3292,3040,7.1611,True,"cocoa in the christmas hamper. christman is drawing mar, and soon many of out readers will be preparing small hampers for their friends, or to give to thos..."
cocoa,1900,1,3292,3041,7.1618,True,"...e that imparts mental and bodily vigour, and is comparatively easy of digestion, may be described as a pilot to health."" such a beverage is cadbury's cocoa. it is •' stayin"
cocoa,1900,1,3292,3042,7.1684,True,"111 rhi ""medical maga& says s— without exception the most popular cocoa of the day; we are glad to give it the highest praise. for strength, purity, and nourishment there is nothing superior to be fou"
cocoa,1900,1,3292,3043,7.1732,True,cocoa 117111.81111•im fie 0•••• 111•111•111/4011.016
cocoa,1900,1,3292,3045,7.1835,True,"woman's realm. ith3adcltq ..t sat in a corner, let with cocoa instead of a pie; to avoid indigestion— just take my suggestio ""van houten's the cocoa to buy. no. 14. aeitt p lug a crowded room, but now"
cocoa,1900,1,3292,3047,7.1901,True,"irr is not as ordinary cocoas are composed partly of arrowroot, sago or farina, which no amount of treatment or grinding-up can convert into cocoa. such commodities are cheaper t..."
cocoa,1900,1,3292,3048,7.1908,True,"cocoa justly prized by mothers for themselves and their children, who choose it eagerly."
cocoa,1900,1,3292,3049,7.1923,True,_llo n•le milelliimn epp-gqi-cocoa 0•311-ell ;1m epps's cocoa e pps's co coa wta •milmi ibql• esti.
cocoa,1900,1,3292,3051,7.1939,True,"cocoa justly prised by mothers for themselves and their children, who choose it eagerly."
cocoa,1900,1,3292,3052,7.1966,True,a new industry for coventry. cocoa idaring to be introduced. arrangements have been completed for the taking over of the beeston motor works by a large firm of cocoa manufacturers. the...
cocoa,1900,1,3292,3053,7.1968,True,"eii, --- p 11,1!:, ;,,,...., ,-... 1... .:( grateful-comforting. cocoa breakfast and supper. ~1"
cocoa,1900,1,3292,3054,7.1985,True,eppi'-1-3-cocoa epps's cocoa rea weny aura _ _ _ e p-p-13—' 14 cocoa eft arms nm= ..ii•
cocoa,1900,1,3292,3055,7.1988,True,"cadbury's cocoa is refreshing, invigorating, and perfectly pure, containing all the hill nourishing properties of the cocoa bean, without admixture of any kind. cadb..."
cocoa,1900,1,3292,3056,7.1998,True,"is absolutely pure— cadbury's cocoa is ""a perfect food."" most refreshing, invigorating, and sustaining. ours hospital gazette says: ""from practical experience we can say that it possess..."
cocoa,1900,1,3292,3057,7.2028,True,"whoso findeth a wife:- page 3. 0,.., toilers t..... 1 i mental and manual, u;lldcriro -at benefit from thei regular daily use clan absolutely pme cocoa. i i • flitr s isfirst amongst food beverages be"
cocoa,1900,1,3292,3058,7.2037,True,"... that imparts mental and bodily vigour, and is comparatively easy of digestion, may be described as a ""pilot to health."" such a beverage is cadbury's cocoa. it is staying and "
cocoa,1900,1,3292,3059,7.2041,True,"van houten's cocoa know how good it is to drink and how economical it is in use. if you havc not_ tried it buy a new 6d tin, will you make get 25 cups out of it. it wit..."
cocoa,1900,1,3292,3060,7.2051,True,mazawa'ttee cocoa leo is •••••• • mit quant.fy only is tool eeeeereelors to saw cocoas. a farther re• &air jo th• gawkily used is echisable. owing to ias imporlseive o...
cocoa,1900,1,3292,3061,7.2064,True,"...sinal cocos, and a speciality. epps's being distinguished tram all others by its isi7lgot., 1-.utrl::ous quslitles art! its delicious ilesour. 1 tits cocoa.. coo talnin4 as x ti•.er all the sub"
cocoa,1900,1,3292,3062,7.212,True,"... combh.icil advantages of being thil:st-quenching: invigorating, and highly nourishing, and the children like it especially because it is the ni;:est cocoa.- everybody should drink cadbu"
cocoa,1900,1,3292,3064,7.2169,True,"cocoa in the christmas hamper. christmas is drawing near, and soon many o: our .readers will be preparing sinall hampers for their friends, or to give to t..."
cocoa,1900,1,3292,3065,7.2209,True,w.; '=. _.1.1. .m 7.77.7-1 i: i i 1 iti 1 1 a .4....i4=7:: 6 i * m i ii 46 ir 1 ip 11 epps's cocoa goateed abi seremines. epps's cocoa ye. imaira lel nips e pps's cocoa rio =niel limfai alt.
cocoa,1900,1,3292,3066,7.2233,True,"cocoa the best suited for all ages and classes. ,1"
cocoa,1900,1,3292,3067,7.2242,True,"cadbury's cocoa 010p140r0l#4;, absolutely pim therefore best. ut-mn cadbury's cocoa contains no added starch, alkalies, or colouring matter, which are often n used t..."
cocoa,1900,1,3292,3068,7.2258,True,"violent headaches. 1/0 pure, and frag rai it teas at 1/21 and 1/4l exhibition, 1000. ffee & cocoa were awarded the grand prize (thio ti obtauria' lovers of perfect coffee and cocoa will find liptons u"
cocoa,1900,1,3292,3069,7.23,True,"carpenters. smiths &c. situations wanted fiider cloths, hair cider cloths, kl and bags, made from beat quality black horse hair; also manilla and cocoa fibre clotfis for ci,ler making.— list free from"
cocoa,1900,1,3292,3070,7.2327,True,"...rishing more delicious more economical thao any other. what does this mean to the consunter briefly, tbut being more soluble, the full benefit of the cocoa is obta"
cocoa,1900,1,3292,3071,7.2374,True,"...ed. also rich, pure, and fragra the perfection of quality and value. nt teas at 1/2 and 1/4 highest honours paris exhibition, 1900. li ptons c ffee & cocoa were aw"
cocoa,1900,1,3292,3072,7.2378,True,liptons coffee and cocoa were awarded the grand prize (this is the highest honour obtainable% lovers of perfect coffee and cocoa will find. lipton unequalled ik excellence of...
cocoa,1900,1,3292,3073,7.2383,True,"it stands to reason that a cocoa that is made solely from the finest beans, as mazawattee • cocoa „. is, must be greatly superior to ordinary cocoas made from low grade beans."
cocoa,1900,1,3292,3074,7.2395,True,"%ally must use vi-0000a."" l'housalais of men and women, after nartieulans published respecting the ribbles' vi-cocoa, have been t, hecohue regular drinkers of this food bk.verage. but many hare said k"
cocoa,1900,1,3292,3075,7.2446,True,highest 11ottoufts liptons coffee & cocoa were awarded the grand prize (thix is the highest honor obtalmthle). lovers of perfect coffee and cocoa will find liptons unequalled for excellence o...
cocoa,1900,1,3292,3076,7.2447,True,"lipton, ltd., tea, coffee, & cocoa planters,ceylon • chief offices city road, london. looal branches: high-kum, stockton sussex-street, middlesbrough higii-row, darlington; lynn-street..."
cocoa,1900,1,3292,3077,7.2448,True,"cadbury's cocoa because it is a perfect natural food of absolute purity, and ministers to the physical requirements of the young in an eminent degree. it contains al..."
cocoa,1900,1,3292,3078,7.2455,True,"because it is not co. losed, as ordinary cocoas are, partly of the shell of the cocoa bean. shell is not cocoa any more than husk is corn, or oystershells oysters, and to offer ground- up shell to..."
cocoa,1900,1,3292,3079,7.246,True,sustaining qualities are cocoa invaluable to all.
cocoa,1900,1,3292,3080,7.2482,True,"the original cocoa, and a speciality, „.. n • being distinguished from all others by its invigorating nutritious qualities and its delicious flavour. this cocoa, con- p..."
cocoa,1900,1,3292,3081,7.2523,True,"mazawattee cocoa too strong when half quantity only is used in com- parison to other cocoas, a farther reduction in the quastityased is advisable. owing to its superl..."
cocoa,1900,1,3292,3083,7.2602,True,"van houten's cocoa know how good it is to drink aid how economical it is in use. if you have not tried it buy a new 6d tin, you will get 25 cups out of make it with i3o..."
cocoa,1900,1,3292,3084,7.2617,True,"a new cocoa and chocolate. virogen life food cocoa and chocolate are roinufactured under medical supervision from the cecoa bean, purest obtainable, and' are del..."
cocoa,1900,1,3292,3086,7.2629,True,"ci.. i ai:: ;,,,'. ~.;,.;. 1.z.• rt "": .. •cocoa ministers to the physical requirements of young and old in an eminent degree. ""health"" says— ""cadbury's cocoa possesses in a remarkable degree those ..."
cocoa,1900,1,3292,3087,7.2647,True,"cocoa in the christmas hamper. christmas is drawing near, and soon many of our readers will be preparing small hampers for their friends, or to give to thu..."
cocoa,1900,1,3292,3088,7.2649,True,"prlces which defy competition. no fancy names required to describe liptons cocoa, cocoa essence pnro and simple the best, the cheapest, the purest. compare the prices, compare the quality; we ask no m"
cocoa,1900,1,3292,3089,7.267,True,"...dard if highest purity.""—the lancet. (14'. 14. wo „ 4 1 kti,l ,!,100 xrinir r7.i""n .4! 4:kl v 4•,' $ '6,1 \''.:l t .... .s e eoeo pi 1/4„ 9 cadbury's cocoa is absolutely pure, and a `:94f.'‘ "
cocoa,1900,1,3292,3090,7.2685,True,eppb'b cocoa &odd mg ••••411.11: epps's cocoa nw wmma mi =ppm epps's cocoa inik mew 1/••••• des.
cocoa,1900,1,3292,3091,7.2687,True,"van houtf,n's cocoa know how good it is to drink and how economical it is in use. if you have not tried it buy a new 6d tin, you will get 23 cups out of it. make it with..."
cocoa,1900,1,3292,3092,7.2727,True,strong children. ‘ildr gre • st:- cad: -' children ~ow strong on lbury's cocoa because it contains in a generous measure those food elements that are essential to health and good physcal condition. it
cocoa,1900,1,3292,3093,7.2738,True,"liptons, ltd., tea, coffee and cocoa planters, ceylon. chief offices: city road, london. local branches: 43 penny street, lancaster. local agent m. hothersall, lower church street, lanca..."
cocoa,1900,1,3292,3094,7.2741,True,"mazawattee ""c"" cocoa cocoa cocoa cocoa cocoa cocoa facts are stubborn things cocoa and the plain and simple fact that twice cocoa cocoa 161"
cocoa,1900,1,3292,3095,7.2742,True,"nialwatee cocoa is not only to but very .t 0 000 •rill•et mia. eoamolio i mol ordinere cocos, habeeo we bee, h•cl low, if mg. soeb good neon is mazawaitill 0000 a os..."
cocoa,1900,1,3292,3096,7.2772,True,"footh ""plasmon cocoa contains all the constituents able to support life."" lancet. digestion. braces the nerves. promotes refreshing % sleep. gocoag * analysis- ii cocon ...."
cocoa,1900,1,3292,3097,7.2852,True,epps's cocoa cksietd end •••••••elms. epps's cocoa tar bnekbil nm wpm._ e pps's co coa wwi wiwi jamie e•si.
cocoa,1900,1,3292,3098,7.2867,True,epps's_ cocoa epps's cocoa epps's cocoa ••••■•1 11•••• mb.
cocoa,1900,1,3292,3099,7.2867,True,"unlike many other cocoa 3 the demand he been maintained ft,r the favourite one."
cocoa,1900,1,3292,3100,7.2896,True,"plasmon for adding to ordinary food. i to be obtained at att. osswizta, acec!x4.4o.4l4opa the only cocoa which satisfies- gives health, endurance. str is 02 buili musc e only one which )s—nourist-if.s"
cocoa,1900,1,3292,3101,7.2896,True,"...rrington borough. police court. minor cases. flavor with great sustenance, forti- w inter fying the system against cold, is morning. found in and • 9 cocoa i. i pate-godatot ""it contains all the hea"
cocoa,1900,1,3292,3102,7.2908,True,"the original cocoa, and a sp.eciality. • t. r}l. .• .14 imo ek s tt it#,• (4:,•76al (nj tting distingrished from al'. others by its invigornting nutritious quaities and..."
cocoa,1900,1,3292,3103,7.2918,True,"kaic. t; wr • .srw-rs:g first. ""yields a maximum pro- portion of the valuabie food constituents of the cocoa bean.""—the lancet. ""excels in all the charac teristics which elevate cocoa to the front ran"
cocoa,1900,1,3292,3105,7.3064,True,"cad bury's cocoa pt.- for working people. ""the civil service gazette"" says: ""chmivizv's is the finest example of cocoa manufacture—absolutely pure, and essentially th..."
cocoa,1900,1,3292,3106,7.3097,True,"money put in your pne's:t as the result of using mazawattee cocoa is so much money frs, i. you nct d barely half-a. spoonful to make a strong cup of tins cocoa, and even then it is found too ctrong fo"
cocoa,1900,1,3292,3107,7.3141,True,"mazawattee cocoa is even superior to them—greatly superior indeed. with such a cocoa you soon realize what cocoa really is, and means, and should be"". gordon stabled,..."
cocoa,1900,1,3292,3108,7.3176,True,"sleep well when you have plasm.on cocoa plasmon oats for supper. made in a few minutes a pretty art metal box full of samples and a i/- cookery book free for 1/6 from plasmou la., farringdo..."
cocoa,1900,1,3292,3109,7.3185,True,the most nutritious. e p p s's grateful—comforting. cocoa ba7e-akfast-supper. -•- clot\ is saw bum roads win emits* reel by • vaaaatartaree atitrovia.ol•••••tiriviin. thy r. k w moore. rim ba• bre* vi
cocoa,1900,1,3292,3110,7.3229,True,"-the_ assault on a re-feree at batley. ics laced, alkali stroni .000015 iiiri—ous n.b.—cocoa is some english cock to the eye. some destroys the delicate flavour. this can be detected by comparing the "
cocoa,1900,1,3292,3112,7.3265,True,"lipton, ltd., tea, coffee, & cocoa planters,ceylon. chief offices: oitt road, london. looa.l branches: high-street. stockton sussex-street, middlesbrough high-row, darlington 71inn-str..."
cocoa,1900,1,3292,3113,7.3266,True,"... alone and unrivalled. the perfection of quality and value. and fragrant teas at 1/2 and 1/4 highest honours ports exhibition, 1900. liptons c ffee & cocoa were awarded the grand prize"
cocoa,1900,1,3292,3114,7.3439,True,"you cannot possibly have a better cocoa than epps's grateful-comforting. cocoa you will find it the very cocoa you want. council was sought by several of those present and mr. bouchier, cha..."
cocoa,1900,1,3292,3116,7.3482,True,"tho original cocoa. sad a speciality, eppsgs being distlnglilabed from all other• by liffisoratlng nutritious qualities and its delicious flavour. ybl. cocoa, cofl. tal..."
cocoa,1900,1,3292,3117,7.3511,True,"...that imparts mental and bodily vigour, and is comparatively easy of dares- 6on. nivy be deacribed as a pilot to beglth."" such a beverage is cadbury's cocoa it is slaying "
cocoa,1900,1,3292,3118,7.3598,True,"ztet04,1•1.‘,,,et,74,,,apw1a cocoa abscady pure therefore best. csitlit.ath cadbury's cocoa contains no added starch, alkalies, i). or colouring matter, which are often s used to disgu..."
cocoa,1900,1,3292,3119,7.3605,True,"ztet04,1•1.‘,,,et,74,,,apw1a cocoa abscady pure therefore best. csitlit.ath cadbury's cocoa contains no added starch, alkalies, i). or colouring matter, which are often s used to disgu..."
cocoa,1900,1,3292,3120,7.3821,True,strong children. children grow strong on cadbury's cocoa because it contains in a generous measure those food elements that are essential to health and good physical condition. it possesses the combin
cocoa,1900,1,3292,3122,7.3918,True,"mazawattee ""c"" cocoa cocoa cocoa cocoa cocoa cocoa facts are stubborn things cocoa and the plain and simple fact that twice cocoa cocoa 161"
cocoa,1900,1,3292,3123,7.3965,True,"preference to whom? when mr. chamberlain says he will take the taxes off tea, sugar, cocoa, and coffee to square the other food taxes, which will give the colonies a preference, does he mean all the c"
cocoa,1900,1,3292,3124,7.405,True,"van houten's cocoa know how good it is to drink and how economical it is in use. if you have not tried it buy a new 6cl tin, you will make it get 25 cups out of it. wit..."
cocoa,1900,1,3292,3125,7.4096,True,strong children. children grow strong on cadbury's cocoa because it contains in a generous measure those food elements that are essential to health and good physical condition. it possesses the combin
cocoa,1900,1,3292,3126,7.41,True,liptons coffee and cocoa were awarded the grand prize (this is the highest honour obtainable% lovers of perfect coffee and cocoa will find. lipton unequalled ik excellence of...
cocoa,1900,1,3292,3127,7.411,True,"""why don't you drink vi-cocoa ?"" every'working man and woman should be asked this question daily. the opinion of the rev. f. f. taylor, of suddenhani, near manchester, who writes ..."
cocoa,1900,1,3292,3128,7.4126,True,cadbury's cocoa can always be relied upon for its purity. adulterated cocoas are risky and ahonld always be avoided cadbury's cocoa is highly beneficial to young and...
cocoa,1900,1,3292,3129,7.415,True,"you cannot possibly have a better cocoa than epps's grateful-comforting. cocoa you will find it the very cocoa you want. council was sought by several of those present and mr. bouchier, cha..."
cocoa,1900,1,3292,3130,7.425,True,"...110.1 -po kt ..e.""1: • it' • .•••;., 4, a .1.-r p^oirielfir drink to live. your beverage can be nourishing as well •as thirst-quenching. • rowntree's cocoa, for instance. it's breakf"
cocoa,1900,1,3292,3131,7.4266,True,"is absolutely pure— cadbury's cocoa is ""a perfect food."" most refreshing, invigorating, and sustaining. ours hospital gazette says: ""from practical experience we can say that it possess..."
cocoa,1900,1,3292,3132,7.428,True,"epps's cocoa _ 71. it isms a irelanne deliosej for the morning and evening msal a fragrant, delisious, and most healtldni beverage. as a food for quite youag chil..."
cocoa,1900,1,3292,3133,7.43,True,"strong children. everybody should drink cadbury's cocoa regularly at breakfast and lunch time, and particularly with the evening meal, because. oning to its mildly stimulative action, it is one of the"
cocoa,1900,1,3292,3134,7.4435,True,"bury' cocoa is deliciously warming and comforting for children on a cold win morning. the first thought on awakening is for ""something and nothing is more benefi..."
cocoa,1900,1,3292,3135,7.4483,True,highest 11ottoufts liptons coffee & cocoa were awarded the grand prize (thix is the highest honor obtalmthle). lovers of perfect coffee and cocoa will find liptons unequalled for excellence o...
cocoa,1900,1,3292,3136,7.4534,True,w.; '=. _.1.1. .m 7.77.7-1 i: i i 1 iti 1 1 a .4....i4=7:: 6 i * m i ii 46 ir 1 ip 11 epps's cocoa goateed abi seremines. epps's cocoa ye. imaira lel nips e pps's cocoa rio =niel limfai alt.
cocoa,1900,1,3292,3137,7.4551,True,"cocoa justly prized by mothers_ for themeelyee and their children, whe choose it eaderix."
cocoa,1900,1,3292,3138,7.4559,True,"""i really must use vi-docoa."" thousand-. of men and women, after reading the particulars publn,hed respecting the merits of dr. 'fibbles' vi-cocoa. have been induced to become regular drinkers of this"
cocoa,1900,1,3292,3139,7.4575,True,"officer. something will be done. only those who use van houten's cocoa know how good it is to drink and how economical it is in use. if you hzi...e not tried it buy a new 6d tin, you will get 25 cups "
cocoa,1900,1,3292,3141,7.4623,True,"a trial cup of mazawattee cocoa ip all that ws you will not need further press- ing, a, the tifiottt tiperiority of this m.cso over all ~therp l• tn.de self stop re it from an econo..."
cocoa,1900,1,3292,3142,7.4636,True,"cadhlry's cocoa cadll,.,tiry's cocoa is ""the standard of highest purity"" (so the lancet says), because it contains all the health-giving propaties of the cocoa bean ..."
cocoa,1900,1,3292,3143,7.4641,True,"boy: master: what is cocoa, and what about it? boy: cocoa is the finely-ground powder of a roasted cocoa bean, and is used as an article of diet. master: then what is false tha..."
cocoa,1900,1,3292,3144,7.4644,True,eppb'b cocoa &odd mg ••••411.11: epps's cocoa nw wmma mi =ppm epps's cocoa inik mew 1/••••• des.
cocoa,1900,1,3292,3145,7.4652,True,"letters to the editor. van houten's cocoa. to the editor of the ""mama"" sir,—as great publicity has been given to the fact that certain cocoa manufacturers have now de- cided to discontinue th..."
cocoa,1900,1,3292,3146,7.4664,True,"epps's cocoa a a-aides-fifth—ea s imiaislog ina le _lt nte ddek, ad will* esse __.....ie ""slaw at iv"" war of ms ay. spfeimen copieo fr.• trom the osceo:..- hat r...."
cocoa,1900,1,3292,3147,7.4695,True,"you cannot possibly have a better cocoa than epps's grateful-comforting. cocoa you will find it the very cocoa you want. council was sought by several of those present and mr. bouchier, cha..."
cocoa,1900,1,3292,3148,7.475,True,"to cocoa drinkers. liptons famous cool awarded the grand prize, at the paris exhibition, 1900. strengthening! fotuishing invigorating !! liptons grow their ow..."
cocoa,1900,1,3292,3149,7.4825,True,"ci.. i ai:: ;,,,'. ~.;,.;. 1.z.• rt "": .. •cocoa ministers to the physical requirements of young and old in an eminent degree. ""health"" says— ""cadbury's cocoa possesses in a remarkable degree those ..."
cocoa,1900,1,3292,3150,7.4866,True,highest 11ottoufts liptons coffee & cocoa were awarded the grand prize (thix is the highest honor obtalmthle). lovers of perfect coffee and cocoa will find liptons unequalled for excellence o...
cocoa,1900,1,3292,3151,7.4909,True,"lipton, ltd., tea, coffee, & cocoa planters, ceylon. chief offices city road, london. local branches: higit-street, stockton sussex-street, middlesbrough high-row, darliwon ltnn-street..."
cocoa,1900,1,3292,3152,7.499,True,"_ aii' b' 1 g g il, .4 reit) ::: ~,, • cocoa irgl regularly 0 either with meals to or between meals tlt is a safe, refreshing, and w i\zirerratiingmnibeevreraafies for l tbthe year round. rbr.el..."
cocoa,1900,1,3292,3153,7.5017,True,"money put in your pne's:t as the result of using mazawattee cocoa is so much money frs, i. you nct d barely half-a. spoonful to make a strong cup of tins cocoa, and even then it is found too ctrong fo"
cocoa,1900,1,3292,3154,7.5034,True,"a trial cup of mazawatte e cocoa is aii that we ask 300 vifll not need further press- ing, asthe it.tinite superiority of this cocoo over all others la mule self eppare ,t. from an e..."
cocoa,1900,1,3292,3155,7.5076,True,"`z4'e--'ll4s..liiiilz,p cocoa and slave labour. the proprietors 4.f van houten•s cocoa wrivai:—ae a great publicity ha., t`vvii given to the lam that eartain 01(.0a mann- factutv•..."
cocoa,1900,1,3292,3156,7.517,True,"lipton, ltd., tea, coffee and cocoa planters, ceylon. chief office.: city road, london. local branch: 43, penny street, lancaster. local agent: lancaster: mr. hothersall, 24, lower chur..."
cocoa,1900,1,3292,3157,7.5186,True,"violent headaches. 1/0 pure, and frag rai it teas at 1/21 and 1/4l exhibition, 1000. ffee & cocoa were awarded the grand prize (thio ti obtauria' lovers of perfect coffee and cocoa will find liptons u"
cocoa,1900,1,3292,3158,7.52,True,"the most 1111111111111111 epps's iforting. cocoa 4reakfasi and ituppit lipton, ltd., tea, coffee and cocoa planters, ceylon. chief offices: city road, london. local branch: penny street, lancaster. ..."
cocoa,1900,1,3292,3159,7.5263,True,"good winn hems no bush! • tgiat is soldelent. lisnairattoe cocoa only needs a ad& to be reneed o • cornrow. oboe yow labia es it i parity ibels. b at a bigtor quality, of greater softbm•n, sod goes te"
cocoa,1900,1,3292,3160,7.5295,True,"-xittattrial. after waiting some time for expected explanations, some of the cocoa com- pany's shareholders desire us to point out that although the auditors stated, on the 20th january, that the omis"
cocoa,1900,1,3292,3161,7.5315,True,"...ed. also rich, pure, and fragra the perfection of quality and value. nt teas at 1/2 and 1/4 highest honours paris exhibition, 1900. li ptons c ffee & cocoa were aw"
cocoa,1900,1,3292,3162,7.5349,True,"... combh.icil advantages of being thil:st-quenching: invigorating, and highly nourishing, and the children like it especially because it is the ni;:est cocoa.- everybody should drink cadbu"
cocoa,1900,1,3292,3163,7.5377,True,"prices which defy competition. no fancy names required to describe liptons cocoa, cocoa essence pure and simple the best, the cheapest, the purest. compare the prices, compare the quality; we ask no m"
cocoa,1900,1,3292,3164,7.5406,True,"woman's realm. ith3adcltq ..t sat in a corner, let with cocoa instead of a pie; to avoid indigestion— just take my suggestio ""van houten's the cocoa to buy. no. 14. aeitt p lug a crowded room, but now"
cocoa,1900,1,3292,3166,7.5416,True,cocoa no fire you need warm water on washday only inc woollens and comfort; cold is as good for everything else. hot *ater destroys fels- naptha makes it n...
cocoa,1900,1,3292,3167,7.5516,True,"on a trinidad cocoa estate. cadbury's cocoa iseabsolutely pure, therefore but. it contains all the full nourishing properties of the cocoa bean. sithout any foreign adie..."
cocoa,1900,1,3292,3168,7.5554,True,"preference to whom? when mr. chamberlain says he will take the taxes off tea, sugar, cocoa and coffee to square the other food taxes, which will give the colonies a preference, doe he mean all the col"
cocoa,1900,1,3292,3170,7.5706,True,"r.;,. • • • • -•• • • • .1: • • 11. •, ..• • • --,., co • .$1 t.4_y • • • • the cocoa bean. shell is not cocoa any more than husk is corn, or oyster- shells oysters, and to offer ground-up shell to co"
cocoa,1900,1,3292,3171,7.5762,True,"""why pon't you drink vi-cocoa ?"" every working man ani woman shoultl be asked this question daily. the opinion of the rev. f. f. taylor, of suddenham, near manchester' who writes ..."
cocoa,1900,1,3292,3173,7.6041,True,mazawa'tteei goes twos as tar as ordinary cocoas. cocoa mi lii berieses mmoiniiw 1i66. b.s. por failkb. as bo allamo_ls apply osswart by moan ataa imt yes la ads yes gala tuna- =bat 'sly at &a apin...
cocoa,1900,1,3292,3174,7.6057,True,"delicious tea. lipton, ltd., tea, coffee and cocoa planters, ceylon. chief offices city road, london. local branch: 43, penny street, lancaster. local agent: lancaster • mr. hothersak 24, lower church"
cocoa,1900,1,3292,3175,7.6067,True,"is 2 alwayss mcdougall's paterit self—raising flour ther best only those who use van houtf,n's cocoa know how good it is to drink and how economical it is in use. if you shave not tried it buy a new 6"
cocoa,1900,1,3292,3177,7.61,True,"you cannot possibly have a better cocoa than epps's grateful-comforting. cocoa you will find it the very cocoa you want. council was sought by several of those present and mr. bouchier, cha..."
cocoa,1900,1,3292,3178,7.6296,True,"only those who use van houten's cocoa know how good it is to drink and how economical it is in use. if you have not tried it buy a new 6d tin, you will get 25 cups out of it. make it with..."
cocoa,1900,1,3292,3180,7.6388,True,liptons coffee and cocoa were awarded the grand prize (this is the highest honour obtainable% lovers of perfect coffee and cocoa will find. lipton unequalled ik excellence of...
cocoa,1900,1,3292,3181,7.6391,True,liptons coffee and cocoa were awarded the grand prize (this is the highest honour obtainable). lovers of perfect coffee and cocoa will find limns unequalled for excellence of...
cocoa,1900,1,3292,3182,7.6399,True,"preference to whom? when mr. chamberlain says he will take the taxes off tea, sugar, cocoa and coffee to square the other food taxes, which will give the colonies a preference, does he mean all the co"
cocoa,1900,1,3292,3183,7.6545,True,"a trial cup of mazawattee cocoa ip all that ws you will not need further press- ing, a, the tifiottt tiperiority of this m.cso over all ~therp l• tn.de self stop re it from an econo..."
cocoa,1900,1,3292,3185,7.6756,True,"cadbury's cocoa cadbury's coccki is the standard of highest purity"" (so the lancet says), because it contains all the health-giving properties of the cocoa bean in t..."
cocoa,1900,1,3292,3186,7.6886,True,"to! lers mental and manual, nih derive great benefit from, regular daily use of an absolutely pure cocoa. c cocco is first amongst food beverages because of its absolute purity and freedom from admixt"
cocoa,1900,1,3292,3187,7.6892,True,"a trial cup of mazawatte e cocoa h all that we ask you will not need further press- ing, as the i finite siiperiority of this c coo over all ‘dh-rs is mule self auusre ,t. from an ec..."
cocoa,1900,1,3292,3188,7.6969,True,=.. 774 i i 11 wit wt u 1111 11 1 ty moo* sairlllem epps's cocoa mask. asd amarkslisa. epps's cocoa •-• •n -p-g • epps's cocoa ina mii•101 imo= esti
cocoa,1900,1,3292,3189,7.6993,True,cocoa rooms ablaze. outbreak at lockhart's. new- castle. the newcastle fire brigade were called i out on saturday mornirg shortly after' two o'clock by an ...
cocoa,1900,1,3292,3190,7.704,True,"... alone and unrivalled. the perfection of quality and value. and fragrant teas at 1/2 and 1/4 highest honours paris exhibition, 1900. liptons coffee & cocoa were awarded the grand prize"
cocoa,1900,1,3292,3191,7.7204,True,_the mil asirtnalk epp-147i-cocoa epps's cocoa brasielri sea warm epps's cocoa rlmal *wm& mb.
cocoa,1900,1,3292,3192,7.7247,True,"lusiness premises to be sold iaiitiewshead docks.—very tine boarding house, restaurant, and cocoa rooms; promin- ent pontion;loin thoroughfare. antviebrighton.—victoria-roact—pirst class shop liegidse"
cocoa,1900,1,3292,3193,7.7273,True,"cocoa or coir-fibre. the only other textile fibre of vegetable origin worthy of mention is the cocoa or coir fibre, used in the manufacture of mats and flo..."
cocoa,1900,1,3292,3194,7.7401,True,"lipton, ltd., tea, coffee, & cocoa planters,ceylon on. chief ()faces city road, london. local branches: big i t-st r eet, stockton sussex-street, middlesbrough high-row, darlington; ly..."
cocoa,1900,1,3292,3195,7.7493,True,"plasmon for adding to ordinary food. i to be obtained at att. osswizta, acec!x4.4o.4l4opa the only cocoa which satisfies- gives health, endurance. str is 02 buili musc e only one which )s—nourist-if.s"
cocoa,1900,1,3292,3196,7.7578,True,"zugsns,4oo,4ffeduopueartit"" !!'§,l) c9coa absolutely purt s therefore best. s fti *.4 e.o4—ca-1 6,s 1,1;, wli cadoury's cocoa n contains no added starch, alkalies, or colouring matter, which are often"
cocoa,1900,1,3292,3199,7.7822,True,mazawattie cocoa is all that at ask tem oil not need further pressing. as the iniintte superiority of this cocoa titer all others is made self apparent. from an trim:...
cocoa,1900,1,3292,3200,7.7941,True,strong children. ‘ildr gre • st:- cad: -' children ~ow strong on lbury's cocoa because it contains in a generous measure those food elements that are essential to health and good physcal condition. it
cocoa,1900,1,3292,3201,7.808,True,onsiktal gad onehrtiag. _ epps's cocoa !morel tuna the isaat wasted gwen with tile natural gl presorted. it is tar 61.11 away the awl natant...le haeurap ew• 0.. t.i... epps'-§ cocoa ter b...
cocoa,1900,1,3292,3202,7.8255,True,"duty on cocoa. to teo editor 07 tin gazetii."" sir,—referring to the correspondence appearing in the prem with reference to the protective inci- dence of the duty o..."
cocoa,1900,1,3292,3203,7.8335,True,liptons coffee and cocoa were awarded the grand prize (this is the highest honour obtainable). lovers of perfect coffee and cocoa itu find lipton unequalled for excellence of...
cocoa,1900,1,3292,3204,7.8653,True,"... alone and unrivalled. the perfection of quality and value. and fragrant teas at 1/2 and 1/4 highest honours ports exhibition, 1900. liptons c ffee & cocoa were awarded the grand prize"
cocoa,1900,1,3292,3205,7.8816,True,"mazawattee ""c"" cocoa cocoa cocoa cocoa cocoa cocoa facts are stubborn things cocoa and the plain and simple fact that twice cocoa cocoa 161"
cocoa,1900,1,3292,3206,7.8897,True,and cocoa were awarded the grand prize (this is the highest honour obtainable). lovers of perfect coffee and cocoa will find lipton unequalled for excellence o...
cocoa,1900,1,3292,3208,7.899,True,"... alone and unrivalled. the perfection of quality and value. and fragrant teas at 1/2 and 1/4 highest honours paris exhibition, 1900. liptons coffee & cocoa were awarded the grand prize"
cocoa,1900,1,3292,3209,7.9023,True,"cadbury's cocoa es for working teo*. a eiiield c ""77m ova &m deat clarbs"" awes ""cassures it e bent eximpie at aen neennt e. ans—abeeknely pur end essanally tke ind b..."
cocoa,1900,1,3292,3210,7.9026,True,...eting. the members of the warrington and district grocers' and provision dealers' association held their fourth annual meeting at the british workman cocoa ro
cocoa,1900,1,3292,3211,7.9026,True,...eting. the members of the warrington and district grocers' and provision dealers' association held their fourth annual meeting at the british workman cocoa ro
cocoa,1900,1,3292,3212,7.9026,True,...eting. the members of the warrington and district grocers' and provision dealers' association held their fourth annual meeting at the british workman cocoa ro
cocoa,1900,1,3292,3213,7.9159,True,"contracts. the clerk was instructed to advertise for contracts. mr. morley asked if the prices for tea, coffee and cocoa were fixed when the contracts were made, and on being informed that they were, "
cocoa,1900,1,3292,3214,7.9226,True,"duty on cocoa. to teo editor 07 tin gazetii."" sir,—referring to the correspondence appearing in the prem with reference to the protective inci- dence of the duty o..."
cocoa,1900,1,3292,3215,7.9229,True,'col !i_7-1 !r9's of pure cocofl. no tema is pare which omtains subelanca om ealmally present t. cocoa bean. many 01: tlse .balkd cocoa. now on sale are mere. roe. preparations. containing additions o
cocoa,1900,1,3292,3217,7.927,True,"ep p -08 cocoa eppn's cocoa epps's coco.t -11 refs. • ..tor3ly ffelolf,” eold .l. 4.1 i. in. ••••*- mg fly- h.. :atm- in p • • p•-e, opt t i. 4 h•• if. dn•flf, on i..."
cocoa,1900,1,3292,3218,7.9399,True,"turwirwi../491.4rw‘1e s ct l:'11111"" • 4,, a 'it ..., cocoa absnitely pure piz:adore ust. u%--)c.ao cadeury's cocoa c•-. contains no added starch, alkalief, or colouring matter, which at'e often _ ti "
cocoa,1900,1,3292,3219,7.9509,True,"were awarded the grand ,prize. (this is the highest honour obtainable). lovers of perfect ooffee and cocoa will find liptons un equalled for excellence of quality and delicacy of flavour. lipton, ltd."
cocoa,1900,1,3292,3220,7.9583,True,"...ds out alone and unrivalled, the perfection of quality and value. it teas at 1/2 and 1/4 highest .h.onours paris exhibition, 1900. liptons coffee and cocoa we"
cocoa,1900,1,3292,3221,7.9664,True,"forcing asparagus. four year or older roots are dug in autumn and stored in a cold cellar or shed under a covering of straw or cocoa nut fibre until wanted. to force, pack the clumps close together on"
cocoa,1900,1,3292,3222,7.9669,True,"a trial cup of mazawatte e cocoa h all that we ask you will not need further press- ing, as the i finite siiperiority of this c coo over all ‘dh-rs is mule self auusre ,t. from an ec..."
cocoa,1900,1,3292,3223,7.9753,True,c cocoa cocoa teaspoonful of any other british-made ordinary way. this cocoa simple test will convince them. cocoa in the cocoa cocoa cocoa cocoa cocoa cocoa...
cocoa,1900,1,3292,3224,7.9757,True,"epps's cocoa epps's cocoa epps's cocoa ter tb• hug tunrial carriages. ge, littotthrolut's comeau. livery litsbia. ttitrobto• • -storkt74.—aad me rtr3rnna ore m rm..."
cocoa,1900,1,3292,3225,7.9766,True,"boy: master: what is cocoa, and what about it? boy: cocoa is the finely-ground powder of a roasted cocoa bean, and is used as an article of diet. master: then what is false tha..."
cocoa,1900,1,3292,3226,7.9801,True,epps's cocoa it lbw= • ira home dalleson toe tin demolme and onomiig noel. a traoloome. ielielena. awl moot lianadad immo. ma • ida toe quite name shalom it it ad...
cocoa,1900,1,3292,3227,7.9827,True,a new industry for coventry. cocoa idaring to be introduced. arrangements have been completed for the taking over of the beeston motor works by a large firm of cocoa manufacturers. the...
cocoa,1900,1,3292,3228,7.9872,True,"cocoa cocoa cocoa there are no special agents for this cocoa. it can be obtained from every grocer. ""nonconformity not schism."" oa sunday evening at st pau..."
cocoa,1900,1,3292,3229,8.0166,True,"...also rich, pure, the penfection of quality and value. and fragrai nt teas at 1/2 and 1/96 1-lighest liontours ,ris exhibition, 1900. liptons coffee & cocoa we"
cocoa,1900,1,3292,3230,8.0278,True,_the mil asirtnalk epp-147i-cocoa epps's cocoa brasielri sea warm epps's cocoa rlmal *wm& mb.
cocoa,1900,1,3292,3231,8.0343,True,"cocoa and starch lyon to obtain orders. at the st. helens police court on satur- day albert prince, alias albert taylor, deecribed as a tea and cocoa canva..."
cocoa,1900,1,3292,3232,8.0403,True,"ma zawattee cocoa the strength of any other british- made cocoa, and goes twice as ha, is so stubborn that it cannot possibly be got over. nothing is easier of proof. ..."
cocoa,1900,1,3292,3233,8.0534,True,"... alone and unrivalled. the perfection of quality and value. and fragrant teas at 1/2 and 1/4 highest honours paris exhibition, 1900. liptons coffee & cocoa were awarded the grand prize"
cocoa,1900,1,3292,3234,8.0784,True,"death of mr. simon short. mr. simon short, who has been termed the father of the modern cocoa and coffee house movement, died at bristol on monday, aged seventy-five. deceased commenced his work at br"
cocoa,1900,1,3292,3235,8.0944,True,"cocoa. the dutch have always been famed as manufacturers of cocoa preparations, and in those islands of the west indies which belong to holland the cocoa b..."
cocoa,1900,1,3292,3236,8.1371,True,"cocoa. the dutch have always been famed as manufacturers of cocoa preparations, and in those islands of the west indies which belong to holland the cocoa b..."
cocoa,1900,1,3292,3237,8.1411,True,"bread and margarine. a raid on birkenhead cocoa room. a batch of summonses in which the rile- gation was made that margarine had been, wild as butter came on at the borough police court yesterday. ..."
cocoa,1900,1,3292,3238,8.1435,True,"...t mks to observe is to take alasnthnee shoonl nouri.hment aad an &ink ch.efly leine, and anet meals, and not • bralth""prorn. none beserage carlbtry's cocoa is"
cocoa,1900,1,3292,3240,8.1719,True,mazawattie cocoa is all that at ask tem oil not need further pressing. as the iniintte superiority of this cocoa titer all others is made self apparent. from an trim:...
cocoa,1900,1,3292,3241,8.197,True,"c ytir"" s cocoa cadbury's cocoa is ""the standard of highest purity"" (so the lancet says), because it contains all the health-giving properties of the cocoa bean in t..."
cocoa,1900,1,3292,3242,8.2108,True,"------- -- thefts from cocoa rooms. joseph cox, a young man, of no settled abode, was charged at the birkenhead police court, on eaturday, with having broken and entered the coco..."
cocoa,1900,1,3292,3244,8.2476,True,"mazawattee ""c"" cocoa cocoa cocoa cocoa cocoa cocoa facts are stubborn things cocoa and the plain and simple fact that twice cocoa cocoa 161"
cocoa,1900,1,3292,3245,8.2486,True,"latal aad caatartiaa, _ epps's cocoa ?mated from the sneak aslastad coma with tits astute' sll ittetar•od• it is tar sad sits) me nod antsttims immures yea tea tau. epps's cocoa lot breg..."
cocoa,1900,1,3292,3246,8.2746,True,"...ds out alone and unrivalled, the perfection of quality and value. it teas at 1/2 and 1/4 highest .h.onours paris exhibition, 1900. liptons coffee and cocoa we"
cocoa,1900,1,3292,3247,8.2908,True,"...also rich, pure, the penfection of quality and value. and fragrai nt teas at 1/2 and 1/96 1-lighest liontours ,ris exhibition, 1900. liptons coffee & cocoa we"
cocoa,1900,1,3292,3248,8.2991,True,"try them te-day. yi a first and 1 cadburys cocoa co beverages because it is milk in its °composition. to choose between cadb_, 44. co coa essence and railk.—lt is highly to,lit mg, and asa deny beve..."
cocoa,1900,1,3292,3249,8.3152,True,"...lii- eac'sr li. lie p rt, 7,11 t .1 .., ..11e2i)qqa '1 cp for this i ~ .mi ~ '4 011 1 1 i gin /* oncl pr, kt :1.19 k., a•i:s. kixto reasons why on rv cocoas the difference bet"
cocoa,1900,1,3292,3250,8.3182,True,"0 .94, ~f,72z* 6.41 .-kfi • `•zi,ii. (1,,,,ai r erm ""yie!ds it maximum pro- portion ofthe valuable food cottituent 3of the cocoa bean.""—tlle lancet. exeeis in all the charac- teristics which elevas co"
cocoa,1900,1,3292,3251,8.3358,True,udr ?awl et.t. =.• lllll7boll r 11.1 :. ci i in epps's cocoa epps's cocoa epps's cocoa
cocoa,1900,1,3292,3252,8.3675,True,c cocoa cocoa teaspoonful of any other british-made ordinary way. this cocoa simple test will convince them. cocoa in the cocoa cocoa cocoa cocoa cocoa cocoa...
cocoa,1900,1,3292,3253,8.3675,True,"epps's_ cocoa epps's cocoa epps's cocoa =wy yr.& .. ;ln* • ^m ex ••••••• femeltty p•r:,epe ••what was th• mailer eralt ih•t motet, b` ttlt•-• imeneeee .itl. &oval ..."
cocoa,1900,1,3292,3254,8.3893,True,"plasmon for adding to ordinary food. i to be obtained at att. osswizta, acec!x4.4o.4l4opa the only cocoa which satisfies- gives health, endurance. str is 02 buili musc e only one which )s—nourist-if.s"
cocoa,1900,1,3292,3255,8.4089,True,"0 .94, ~f,72z* 6.41 .-kfi • `•zi,ii. (1,,,,ai r erm ""yie!ds it maximum pro- portion ofthe valuable food cottituent 3of the cocoa bean.""—tlle lancet. exeeis in all the charac- teristics which elevas co"
cocoa,1900,1,3292,3256,8.4947,True,"bread and margarine. a raid on birkenhead cocoa room. a batch of summonses in which the rile- gation was made that margarine had been, wild as butter came on at the borough police court yesterday. ..."
cocoa,1900,1,3292,3257,8.5172,True,"epps's cocoa epps's cocoa epps's cocoa ter tb• hug tunrial carriages. ge, littotthrolut's comeau. livery litsbia. ttitrobto• • -storkt74.—aad me rtr3rnna ore m rm..."
cocoa,1900,1,3292,3258,8.519,True,"cocoa and starch lyon to obtain orders. at the st. helens police court on satur- day albert prince, alias albert taylor, deecribed as a tea and cocoa canva..."
cocoa,1900,1,3292,3259,8.5239,True,cocoa rooms ablaze. outbreak at lockhart's. new- castle. the newcastle fire brigade were called i out on saturday mornirg shortly after' two o'clock by an ...
cocoa,1900,1,3292,3260,8.5445,True,"epps's cocoa a a-aides-fifth—ea s imiaislog ina le _lt nte ddek, ad will* esse __.....ie ""slaw at iv"" war of ms ay. spfeimen copieo fr.• trom the osceo:..- hat r...."
cocoa,1900,1,3292,3261,8.5892,True,"------- -- thefts from cocoa rooms. joseph cox, a young man, of no settled abode, was charged at the birkenhead police court, on eaturday, with having broken and entered the coco..."
cocoa,1900,1,3292,3262,8.6054,True,c cocoa cocoa teaspoonful of any other british-made ordinary way. this cocoa simple test will convince them. cocoa in the cocoa cocoa cocoa cocoa cocoa cocoa...
cocoa,1900,1,3292,3264,8.6985,True,plasmon cocoa .4 non-heating. one cup contains more nourishment than 10 cups of ny ordinary cocoa. in this. ed.. 1/4 and we
cocoa,1900,1,3292,3265,8.6987,True,"violent headaches. 1/0 pure, and frag rai it teas at 1/21 and 1/4l exhibition, 1000. ffee & cocoa were awarded the grand prize (thio ti obtauria' lovers of perfect coffee and cocoa will find liptons u"
cocoa,1900,1,3292,3266,8.7566,True,"...ds out alone and unrivalled, the perfection of quality and value. it teas at 1/2 and 1/4 highest .h.onours paris exhibition, 1900. liptons coffee and cocoa we"
cocoa,1900,1,3292,3267,8.7972,True,udr ?awl et.t. =.• lllll7boll r 11.1 :. ci i in epps's cocoa epps's cocoa epps's cocoa
cocoa,1900,1,3292,3268,8.8687,True,"mazawattee ""c"" cocoa cocoa cocoa cocoa cocoa cocoa facts are stubborn things cocoa and the plain and simple fact that twice cocoa cocoa 161"
cocoa,1900,1,3292,3270,8.9411,True,"------- -- thefts from cocoa rooms. joseph cox, a young man, of no settled abode, was charged at the birkenhead police court, on eaturday, with having broken and entered the coco..."
cocoa,1900,1,3292,3272,9.0677,True,"cadbury's cocoa es for working teo*. a eiiield c ""77m ova &m deat clarbs"" awes ""cassures it e bent eximpie at aen neennt e. ans—abeeknely pur end essanally tke ind b..."
cocoa,1900,1,3292,3273,9.1092,True,"...rrington borough. police court. minor cases. flavor with great sustenance, forti- w inter fying the system against cold, is morning. found in and • 9 cocoa i. i pate-godatot ""it contains all the hea"
cocoa,1900,1,3292,3274,9.5178,True,epps's cocoa it lbw= • ira home dalleson toe tin demolme and onomiig noel. a traoloome. ielielena. awl moot lianadad immo. ma • ida toe quite name shalom it it ad...
cocoa,1900,1,3292,3275,9.704,True,c cocoa cocoa teaspoonful of any other british-made ordinary way. this cocoa simple test will convince them. cocoa in the cocoa cocoa cocoa cocoa cocoa cocoa...
cocoa,1900,1,3292,3276,9.8038,True,"mazawattee ""c"" cocoa cocoa cocoa cocoa cocoa cocoa facts are stubborn things cocoa and the plain and simple fact that twice cocoa cocoa 161"
cocoa,1900,1,3292,3277,10.0796,True,"mazawattee ""c"" cocoa cocoa cocoa cocoa cocoa cocoa facts are stubborn things cocoa and the plain and simple fact that twice cocoa cocoa 161"
cocoa,1900,1,3292,3278,10.1673,True,"mazawattee ""c"" cocoa cocoa cocoa cocoa cocoa cocoa facts are stubborn things cocoa and the plain and simple fact that twice cocoa cocoa 161"
cocoa,1900,1,3292,3279,10.3858,True,"mazawattee ""c"" cocoa cocoa cocoa cocoa cocoa cocoa facts are stubborn things cocoa and the plain and simple fact that twice cocoa cocoa 161"
cocoa,1900,1,3292,3280,10.5525,True,c cocoa cocoa teaspoonful of any other british-made ordinary way. this cocoa simple test will convince them. cocoa in the cocoa cocoa cocoa cocoa cocoa cocoa...
cocoa,1900,1,3292,3281,11.3746,True,c cocoa cocoa teaspoonful of any other british-made ordinary way. this cocoa simple test will convince them. cocoa in the cocoa cocoa cocoa cocoa cocoa cocoa...
cocoa,1900,1,3292,3282,11.7025,True,c cocoa cocoa teaspoonful of any other british-made ordinary way. this cocoa simple test will convince them. cocoa in the cocoa cocoa cocoa cocoa cocoa cocoa...
cocoa,1900,1,3292,3283,11.9853,True,c cocoa cocoa teaspoonful of any other british-made ordinary way. this cocoa simple test will convince them. cocoa in the cocoa cocoa cocoa cocoa cocoa cocoa...
cocoa,1900,1,3292,3284,12.0009,True,c cocoa cocoa teaspoonful of any other british-made ordinary way. this cocoa simple test will convince them. cocoa in the cocoa cocoa cocoa cocoa cocoa cocoa...
cocoa,1900,1,3292,3285,12.0593,True,c cocoa cocoa teaspoonful of any other british-made ordinary way. this cocoa simple test will convince them. cocoa in the cocoa cocoa cocoa cocoa cocoa cocoa...
cocoa,1900,1,3292,3286,12.1758,True,c cocoa cocoa teaspoonful of any other british-made ordinary way. this cocoa simple test will convince them. cocoa in the cocoa cocoa cocoa cocoa cocoa cocoa...
cocoa,1900,1,3292,3287,12.2265,True,c cocoa cocoa teaspoonful of any other british-made ordinary way. this cocoa simple test will convince them. cocoa in the cocoa cocoa cocoa cocoa cocoa cocoa...
cocoa,1900,1,3292,3288,12.5062,True,c cocoa cocoa teaspoonful of any other british-made ordinary way. this cocoa simple test will convince them. cocoa in the cocoa cocoa cocoa cocoa cocoa cocoa...
cocoa,1900,1,3292,3289,12.5181,True,c cocoa cocoa teaspoonful of any other british-made ordinary way. this cocoa simple test will convince them. cocoa in the cocoa cocoa cocoa cocoa cocoa cocoa...
cocoa,1900,1,3292,3290,12.7868,True,c cocoa cocoa teaspoonful of any other british-made ordinary way. this cocoa simple test will convince them. cocoa in the cocoa cocoa cocoa cocoa cocoa cocoa...
cocoa,1900,1,3292,3291,12.8693,True,c cocoa cocoa teaspoonful of any other british-made ordinary way. this cocoa simple test will convince them. cocoa in the cocoa cocoa cocoa cocoa cocoa cocoa...
cocoa,1900,1,3292,3292,12.8949,True,"s cocoa for work ng people. ""the civil service gazette"" says: ""cadbury's is the finest example of cocoa manufacture—absolutely pure, and essentially the food..."
