word,decade,cluster,cluster_size,rank_in_cluster,distance_to_centroid,target_word_visible,snippet
cocoa,1870,0,554,3,4.828,True,there was nothing else of public importance before the court. breakfast —epps's cocoa.—gratevul and cow forting. —the very agreeable character of this pre- paration has rendered it a general favourite
cocoa,1870,0,554,4,4.8428,True,"we beg to draw the attention of our readers to err tolmaque's entertainment. we hope to sea a full room. • a visit to egps's cocoa namutactoii,i%-111poilet the kindness of messrs epps, i recently had "
cocoa,1870,0,554,6,4.9626,True,"12, 1872. iv. r to epps's cocoa ma/147actont.—throunb the kindness of messrs. epps, i recently had;an to- r. tunity of seeing the many complicated andjvaried r ceases the cacao bean..."
cocoa,1870,0,554,7,4.989,True,"dihd. monstront.—on t 1 leth instant, tlie youngest son ol altek hiensught, of mount-street, in tni wwii. ""a visit to eppa's cocoa manimactort.—throngh the kindness of messrs. epps, i recently had an "
cocoa,1870,0,554,8,4.9953,True,"epps's cocoa.—"" civilian"" says ""is the 17th century, before either tea or coffee had found their way into the english markets, chocolate was a favourite beve- rag..."
cocoa,1870,0,554,10,5.0311,True,"irtho, warringto, and graft blac-i.-ni- iiii,-. breakfaat.—epps's cocoa.—grateful and com- forting.—the very agreeable character of this pre- paration has rendered it a general favourite. 'l'he civil "
cocoa,1870,0,554,11,5.0587,True,"i am sir. yours truly, a itatkpaybil ""a. vitit to icppa's cocoa matufactort.—mtocib the kindness of liessr.. epps, i recently had ad oppor• trinity of seeing the many complicated and varied prft cease"
cocoa,1870,0,554,13,5.1012,True,"(to be continued.) thousands are unable to take cocoa because the varieties commonly sold are mixed with starch, under the plea of rendering them soluble whit really making them thick, heavy, and indi"
cocoa,1870,0,554,14,5.1012,True,"berkswell, 4. tile hill. printed and published by c. r. adams, kenilworth, set)tember 5, 1872. • a emit to epps's cocoa maniipactolt.—through the kindness of messrs epps, i recently had an opportunity"
cocoa,1870,0,554,17,5.1462,True,"cocoa and coke. you people, probably, s• they gip their cup of coco.. or chocolate at home, or in 01110 • coffee nod cocoa taverne ""—the modern revivals of..."
cocoa,1870,0,554,18,5.1529,True,"epps's cocoa.—""aii the year round"" says :----ilaviti 4 now disposed .4 iancy let us stroll to holland-street, inackiri.n., to cocoa manufactory, where inay be stu..."
cocoa,1870,0,554,20,5.1879,True,"avillia cocoa. th perpect/on of prepared cocoa. jaaravilla cocoa.--sole proprietors, vt.cip rros,„ lannox the cocoa (or cacao) of maravilla is the true theoliroma ..."
cocoa,1870,0,554,21,5.1955,True,"kta's compound essencz or lawman. for colds end coughs, cures nine cases out of ten. sold by all chemists. cocoa.—all the year round eays—"" let us stroll to the easton road, hard by the regent's park,"
cocoa,1870,0,554,23,5.1986,True,"maravilla cocoa. the ...ereectiox of prepared cocoa. maravilla cocoa.---80-le-p-1170-p-rre-torb,-- taylor bros., london., the cocoa (or cacao) of maravilla is the tr..."
cocoa,1870,0,554,26,5.2234,True,"breakfast.—epps's cocoa —grateful and co forting.—"" by a thorough knowledge ot the natural laws which govern the operatioos of digestion and nutrition, and by a careful appl..."
cocoa,1870,0,554,27,5.2241,True,"paragraph advertisements. ""& visit to epps's cocoa manufartoim— through the kindness of. messrs. epps. i recently had an opportunity of seeing the many complicated and varied processes the cacao bean "
cocoa,1870,0,554,29,5.2293,True,...d in i and peokets and in db. tine. awarded medal at the vienna ex ribition. bewared izaitationa. ober re trivia marks and real name. mums essence of cocoa sol
cocoa,1870,0,554,30,5.2646,True,"epps's cocoa.—""aii the year round"" says :----ilaviti 4 now disposed .4 iancy let us stroll to holland-street, inackiri.n., to cocoa manufactory, where inay be stu..."
cocoa,1870,0,554,32,5.2695,True,"yours truly, a lover of ri6ht. december 29th, 1876. thousands are unable to take cocoa beelot, the 'curb:ties commonly sold are mixed with stark. tinder the plea of rendering them while really making "
cocoa,1870,0,554,33,5.271,True,"v. kaiuvilla 0000 a. primction of r1{721010 colva. maravilla cocot.—sole protrirtors, taylor bros. london. the cocoa (or cacao) t.i 11ainvilla la the on thenbroma of idiom°, c... iv intligenoto to sou"
cocoa,1870,0,554,34,5.2839,True,"maravilla cocoa. the ...ereectiox of prepared cocoa. maravilla cocoa.---80-le-p-1170-p-rre-torb,-- taylor bros., london., the cocoa (or cacao) of maravilla is the tr..."
cocoa,1870,0,554,38,5.3254,True,"a visit to epps's cocoa mancrfactort.—through the kindness of messrs epps, i recently had an oppsui- tunity of seeing the many complicated and varied pro- cesses the cacao b..."
cocoa,1870,0,554,39,5.3294,True,"birth. on the 14th lost, the wife of edward cartwright, of loney town, of a {ob. bre a kfast. erpti's cocoa. grateful and com. rouriso.—the very agreeable character of this prepara- tion has rendered "
cocoa,1870,0,554,40,5.3387,True,"i remaio, yours bre., a visitor. a visit to 'epps's cocoa ma giipactort.—throiioi the kindness of messrs epps. i recently had ao opportunity if seeing the many &implicated and varied processes the cac"
cocoa,1870,0,554,41,5.3454,True,"-epps's cocoa.—"" church review"" says :--"" although we cannot yet boast of a free break- fast table, still the active legislation in furtherance of that object duri..."
cocoa,1870,0,554,42,5.3469,True,"avillia cocoa. th perpect/on of prepared cocoa. jaaravilla cocoa.--sole proprietors, vt.cip rros,„ lannox the cocoa (or cacao) of maravilla is the true theoliroma ..."
cocoa,1870,0,554,43,5.3564,True,"liverpool cotton market.-(this day) sale? probably 10,000 bales, the market eras quiet. breakfast. -epps's cocoa.—grateful and colt fortrno,—the very agnmable character of this preparation has r: r. i"
cocoa,1870,0,554,45,5.367,True,i li tt i r ni --.-- i i on: i i south durham and clevel menier's cocoa sold in and lb. packets and 11b. tins. awarded medal at the vienna exhibition. beware of imitations. i observe trade marks and r
cocoa,1870,0,554,46,5.3699,True,"maravilla 0000 a. the pgarsanor a primo 0000 a. maravilla 0000a.--solc propristors, taylor bros. london. tel cocoa (ea cacao) of nar.avilla d the tame nacho:ma of lkinatta coosa la indigenous to south"
cocoa,1870,0,554,48,5.387,True,"(to be continued.) thousands are unable to take cocoa because the varieties commonly sold are mixed with starch, under the plea of rendering them soluble whit really making them thick, heavy, and indi"
cocoa,1870,0,554,51,5.3878,True,pure soluble cocoa. vanhoijten's cocoa has- been introduced for some years as the only gyaranteed pure b‘doble cocoa. and by all who are now acquainted uith it it is ap...
cocoa,1870,0,554,53,5.3979,True,breakfast—errs' s cocoa.—g itateful and com- forting.—the very agreeable character of this pre- paration has rend.red it a general favourite. the civil service gazette remar...
cocoa,1870,0,554,55,5.4211,True,pure soluble cocoa. vanhoijten's cocoa has- been introduced for some years as the only gyaranteed pure b‘doble cocoa. and by all who are now acquainted uith it it is ap...
cocoa,1870,0,554,56,5.4225,True,"i am, kc., economist. stoorbridge, november 10m, 1870. breakfast. —epps's cocoa.—gratepug and cow. fortino. —the very agreeable character of this prepar- ation hem rendered it • general favourite. the"
cocoa,1870,0,554,57,5.4228,True,"england at work. the cocoa tree: the manufacture of cocoa and chocolate. from hanel awl heart, december 1518, 1876. 'we propose to do our best to tarnish information to our rea..."
cocoa,1870,0,554,58,5.4283,True,"(to be continued.) thousands are unable to take cocoa because the varieties commonly sold are mixed with starch, under the plea of rendering them soluble whit really making them thick, heavy, and indi"
cocoa,1870,0,554,59,5.4284,True,"i reman, sir, • yours truly, thomas hu st thousands are unable to take cocoa because tl.e varieties commonly sold are mixed with starch, unler the plea of rendering them soluble while really malty; th"
cocoa,1870,0,554,61,5.4428,True,pure soluble cocoa. vanhoijten's cocoa has- been introduced for some years as the only gyaranteed pure b‘doble cocoa. and by all who are now acquainted uith it it is ap...
cocoa,1870,0,554,63,5.4485,True,... of a kind not' evidence upon • systems. cm tion-showea vent for some the _ depending -.uot admitted by their _ medical profession are now ordains es cocoa essenc
cocoa,1870,0,554,64,5.4596,True,"...t -, 1! a\4 nv ,1 er advertis- litp3da' ik 18. 1913. carpets and geniral4 furnishing. a largi: and varied assortment of carpets in the newiter-style. cocoa mats and cocoa. mattingxell season"
cocoa,1870,0,554,65,5.461,True,"epps's cocoa.—"" church review"" says :—"" although we cannot ya boast of a free breakfast table, still the active legislation in furtherance of that object during t..."
cocoa,1870,0,554,74,5.4985,True,"kta's compound essencz or lawman. for colds end coughs, cures nine cases out of ten. sold by all chemists. cocoa.—all the year round eays—"" let us stroll to the easton road, hard by the regent's park,"
cocoa,1870,0,554,77,5.5036,True,"....—on the 18th instant, at halnsane!' church, mr. charles wright, to sarah, only daughter of the late charles harnett, nag no cards. a visit to epps's cocoa manufactoby.—th"
cocoa,1870,0,554,78,5.5065,True,"epps's cocoa.—"" civilian"" says ""is the 17th century, before either tea or coffee had found their way into the english markets, chocolate was a favourite beve- rag..."
cocoa,1870,0,554,80,5.5193,True,"mee cocoa cattle 1,0101.1 company's nutrition cocoa neal, for ii one.. con. pigs. ilben. dont, route. ile. moo mon for so 500 folds for 17.; iso inds toe 0.61...."
cocoa,1870,0,554,81,5.5197,True,"tirrell's boilmopathic cocoa is the best shilling cocos sold,—a trial will prove its superiority over all others at the same price. save 30 per cent by wing the london lion tea c..."
cocoa,1870,0,554,84,5.5419,True,"maravilla cocoa, no reßnterlon 0 i prepared cocoa. maravi ll a coco a. sole proprietors, ta viam. rhos., london. the cocoa (or cacath of kiaravilla is the true thoub..."
cocoa,1870,0,554,88,5.5516,True,"-ii- tl.ousande are nrcibla to take cocoa because the wari oct colamouly sold are mixed with starch. under the plea of rendering them cot chic while really making them hersey, and indigestibl..."
cocoa,1870,0,554,89,5.5534,True,"----__._....,,,......•-•••----• perties of well-selected cocoa breaxfast.—epps's cocoa.--geateful and con. owledge of the natural forting.—"" by a thorough kn ations of digestion and laws which govern "
cocoa,1870,0,554,92,5.5738,True,lf skier's cocoa sold in and lb. packets and in lib. tins. awarded medal at the vienna exhibition. beware of imitations. observe trade marks and real name.
cocoa,1870,0,554,95,5.5846,True,"-ii- tl.ousande are nrcibla to take cocoa because the wari oct colamouly sold are mixed with starch. under the plea of rendering them cot chic while really making them hersey, and indigestibl..."
cocoa,1870,0,554,99,5.5925,True,"iiordieopathy. —tice—iiiiiroit's guide to homceopathic treatment—oniy 61 tirrell's homeopathic cocoa is the best shilling cocoa sold. cocoa is the best cocoa for invalids, and & luxury for those in he"
cocoa,1870,0,554,100,5.5925,True,pure soluble cocoa. vanhoijten's cocoa has- been introduced for some years as the only gyaranteed pure b‘doble cocoa. and by all who are now acquainted uith it it is ap...
cocoa,1870,0,554,101,5.5943,True,"..., juin 22.—whits oats, 7s 6d. london produce, juan 22. sager rather easier for refining descriptions. refined steady at previous value,. coffee firm. cocoa quiet. tea steady a"
cocoa,1870,0,554,103,5.5964,True,"maravilla cocoa. the ...ereectiox of prepared cocoa. maravilla cocoa.---80-le-p-1170-p-rre-torb,-- taylor bros., london., the cocoa (or cacao) of maravilla is the tr..."
cocoa,1870,0,554,104,5.6054,True,"maravilla cocoa, no reßnterlon 0 i prepared cocoa. maravi ll a coco a. sole proprietors, ta viam. rhos., london. the cocoa (or cacath of kiaravilla is the true thoub..."
cocoa,1870,0,554,105,5.6205,True,"yours truly, a lover of ri6ht. december 29th, 1876. thousands are unable to take cocoa beelot, the 'curb:ties commonly sold are mixed with stark. tinder the plea of rendering them while really making "
cocoa,1870,0,554,108,5.6248,True,"maravilla cocoa. the ...ereectiox of prepared cocoa. maravilla cocoa.---80-le-p-1170-p-rre-torb,-- taylor bros., london., the cocoa (or cacao) of maravilla is the tr..."
cocoa,1870,0,554,109,5.6352,True,"i reman, sir, • yours truly, thomas hu st thousands are unable to take cocoa because tl.e varieties commonly sold are mixed with starch, unler the plea of rendering them soluble while really malty; th"
cocoa,1870,0,554,110,5.6355,True,"the amateu}'s guide to howeopathic treatment—ooix 9d. hoireopathic cocoa is the best shilling.cocoa.spiti,_ _ tirrelus taraxacijm cocoa ill th,, b,:st cocoa for invalids, and a luxury for those in hea"
cocoa,1870,0,554,111,5.6399,True,"maravilla cocoa, no reßnterlon 0 i prepared cocoa. maravi ll a coco a. sole proprietors, ta viam. rhos., london. the cocoa (or cacath of kiaravilla is the true thoub..."
cocoa,1870,0,554,115,5.6483,True,"ttl6e many yeepopms p, ..... ""a visit 'to epps's cocoa manitfactory.—through i recently had an oppor• heated and varied processes the cacao bean passes through ere it is sold for public use, and, bein"
cocoa,1870,0,554,116,5.6489,True,"england at work. the cocoa tree: the manufacture of cocoa and chocolate. from hanel awl heart, december 1518, 1876. 'we propose to do our best to tarnish information to our rea..."
cocoa,1870,0,554,117,5.6511,True,"'rego ea an duncan mcg: _ir, baker and confectioner. ""rot tea, coff.ee, and cocoa ready every day from tight in the morning till eight i the evening. fresh tea cakes said pastry every day. d. mcgregor"
cocoa,1870,0,554,118,5.6516,True,"-....... breaefast. epps% cocoa, grateful and comfontino. —the eery egreesble cheroot. of this pmparation be. rendered it • general favourite. the aril &met gareite remelt, 'the sin..."
cocoa,1870,0,554,120,5.6663,True,"miscelllneous. london produce, idoanat.—poor demand for sugar, prices unaltered. coffee quiet at late rates. cocoa steady in value with a quiet demand. cotton firmer. nothing doing in rice. saltpetre "
cocoa,1870,0,554,121,5.6672,True,"cocoa and coke. you people, probably, s• they gip their cup of coco.. or chocolate at home, or in 01110 • coffee nod cocoa taverne ""—the modern revivals of..."
cocoa,1870,0,554,123,5.6739,True,"-f:pps's cocoa.—"" civilian"" says in the 17th century, before either tea or coffee had found their way into the english market•s, chocolate was a favourite beve- rag..."
cocoa,1870,0,554,128,5.6922,True,"prison a. thousands lue unable to take cocoa because the varieties commonly sold idie mixed with starch, under the plea of rendering them soluble while many making them thick, heavy and indigest..."
cocoa,1870,0,554,129,5.6997,True,"england at work. the cocoa tree: the ma.nufacture of cocoa and chocolate. fr um hand and heart, december 15th, 1876. we propose to do our best to furnish information to our rea..."
cocoa,1870,0,554,130,5.7015,True,"ri iiire l l's hom geop a thic cocoa. is. per pound is pronounced by conspeteut iudgm to be the rest is. cocoa sold in the potteries. tir re ll's tarax'acum cocoa, 15. id. per pound ls t..."
cocoa,1870,0,554,131,5.7031,True,"miscellaneous. london produce, monday.--poor demand for sugar, prices unaltered. coffee quiet at late rates. cocoa steady in value with a quiet demand. cotton firmer. nothing doing in rice. saltpetre "
cocoa,1870,0,554,135,5.7118,True,"au equally reduced in price. brussels, tapestry, & kidderminster carpets. earth raga, skin mats, cocoa klatting and mats. -notis tex addr2bb- samuel lithgovir, leeds house, market place, mid daditiaii"
cocoa,1870,0,554,137,5.7168,True,"no. 189, new series. ri irrell's homceopathic cocoa, is. per pound is monetumed by competent judges [to be the best i. cocoa sold in the potteries tir ll's tara xacum cocoa, is. ed. per pound is the b"
cocoa,1870,0,554,139,5.7185,True,"wiel. breakfast.—epps's cocoa.—grateful and cost- forting,—the very agreeable character of this preparation has rendered it a general favourite. the 'civil service gazette' re- ma..."
cocoa,1870,0,554,140,5.7196,True,"-ii- tl.ousande are nrcibla to take cocoa because the wari oct colamouly sold are mixed with starch. under the plea of rendering them cot chic while really making them hersey, and indigestibl..."
cocoa,1870,0,554,141,5.7231,True,"saturday, july 10, 1875 go""r° „ epps's cocoa —gratr fin and cobifortina.... a thorough knowledge of the natural laws which the operations of digestion and nutrition, and by fat application of th..."
cocoa,1870,0,554,142,5.7235,True,"epps's cocoa.—"" church reviews' says :—"" although we cannot yet boast of a free break- fast table, still the active legislation in furtherance of that object duri..."
cocoa,1870,0,554,143,5.7301,True,"maravilla cocoa, no reßnterlon 0 i prepared cocoa. maravi ll a coco a. sole proprietors, ta viam. rhos., london. the cocoa (or cacath of kiaravilla is the true thoub..."
cocoa,1870,0,554,144,5.731,True,"england .at work. the cocoa tree: the manufacture of cocoa and chocolate. from hand and heart, december 15th, 187 g. we propose to do our beet to furnish informed ion to our rea..."
cocoa,1870,0,554,145,5.7345,True,"p rl r rell's hom ceo patric cocoa, is. per pound is pronouoced by competeut judges 10 be the best is. cocoa sold in the potteries tie re ll's taraxacu:ni cocoa, is. 6d. per polind lit..."
cocoa,1870,0,554,146,5.7361,True,"187. a visit to epps's cocoa manufactori.—through the kindness of messrs. epps, i fccently • had an ""oppoi, tunjtv of seeing the many complicate& aud vaiied.processes• the cacao ..."
cocoa,1870,0,554,147,5.7369,True,"breakfast.—epps's cocoa —grateful and co forting.—"" by a thorough knowledge ot the natural laws which govern the operatioos of digestion and nutrition, and by a careful appl..."
cocoa,1870,0,554,148,5.741,True,"i remain, yours, &c., t. s. bourne, hon. sec. kenilworth, zbth aug., 1872. a visit to epps's cocoa mahuipactort.—iitro•oio the kindness of maus epps, i recently had ao opportunity el seeing the many c"
cocoa,1870,0,554,152,5.7583,True,"no. 189, new series. ri irrell's homceopathic cocoa, is. per pound is monetumed by competent judges [to be the best i. cocoa sold in the potteries tir ll's tara xacum cocoa, is. ed. per pound is the b"
cocoa,1870,0,554,155,5.7701,True,"am and north york review. delivered is. id. per quarter in advance. unstamped is. 3d. „ „ credit. one penny. cocoa as an economical food for cattle and horses. the morning advertiser, quoting from bel"
cocoa,1870,0,554,157,5.7796,True,"i am, sir, your obedient servant, ""wy. bulsier, mayon"" the nvdical profession are now ordering cal bury's cocoa essence in thousands of cases, be anc it contains more nutritious and flesh-forming e:e "
cocoa,1870,0,554,158,5.7816,True,"cowbridge railway. account of traffic week ending june sth, 1870. s. a. goods passengus ••• 20 15 4 cattle ~. 0 13 4 1:48 3 1 breakfast. —epps's cocoa.—gratefcl and cum forting.—the very agreeable cha"
cocoa,1870,0,554,159,5.7843,True,"hurdle leaping. horses—lst, j. b. shield, ho!wick, llonntain betty; 2od, w. watmou, brown. witton park, cocoa nut. pouis—lst, j. 13. shield, holdwiek, mountain betty. crook floral, horticultural, and "
cocoa,1870,0,554,161,5.7852,True,"ri iiire l l's hom geop a thic cocoa. is. per pound is pronounced by conspeteut iudgm to be the rest is. cocoa sold in the potteries. tir re ll's tarax'acum cocoa, 15. id. per pound ls t..."
cocoa,1870,0,554,162,5.7855,True,"epps's cocoa.—""naval and military gazette"" say4l: ""the nuttitive qualities of cocoa over thoie of tea or coffea are now so generally acknowledgedtbat the steady i..."
cocoa,1870,0,554,164,5.7901,True,"hearth rugs, skin mats, cocoa matting jz mats. deafness, noises in the fars, essence for for deafness has proved an extraordinary remedy. it always relieves, generally cures and i..."
cocoa,1870,0,554,165,5.7916,True,"epps's cocoa.—"" civilian"" says ""is the 17th century, before either tea or coffee had found their way into the english markets, chocolate was a favourite beve- rag..."
cocoa,1870,0,554,166,5.7932,True,"yours truly, pedestrian, iwe bare receiveil a letter from anlicll,l,” which will appear next week.—en. 6. 0 breakcist.—epps's cocoa—grateful and com• forting.—the very agreeable character of this prep"
cocoa,1870,0,554,167,5.7944,True,"epps's cocoa.—""church review"" says :—"" although we cannot yet boast of a free break- fast table, still the active legislation in furtherance of that object during..."
cocoa,1870,0,554,168,5.7989,True,"i'he cocoa cai e food com- .o- pant's nutrition cocoa real, for horses. cows, pi.., sheep, dogs, fowls, ke. 1,000 feedi.for 34. 500 feeds for 17s 250 (cods kr s..."
cocoa,1870,0,554,169,5.7994,True,"!ai great•sale by artingstall 8: hind (auctioneers), of the entire stock manufactured in the city gaol, of. cocoa matting and mate, hall and door mats, in wool and cocoa fibre. e. le•wis and co. havin"
cocoa,1870,0,554,171,5.8121,True,"cocoa and coke. you people, probably, s• they gip their cup of coco.. or chocolate at home, or in 01110 • coffee nod cocoa taverne ""—the modern revivals of..."
cocoa,1870,0,554,173,5.8242,True,"s. lithgow's toilet glasses fl great variety, all equally reduced in pte. brussels, tapestry, tremde,'ruinster carpets. hoarth rags,jbkinritats, cocoa leatting & mato. note tei address-- samiteil lith"
cocoa,1870,0,554,175,5.8307,True,"e""''s cocoa.—"" john bull"" says :—"" in no branches of industry are recent scientific and chemical discoveries more generally applied than in those upon which our ..."
cocoa,1870,0,554,176,5.8404,True,"!ai great•sale by artingstall 8: hind (auctioneers), of the entire stock manufactured in the city gaol, of. cocoa matting and mate, hall and door mats, in wool and cocoa fibre. e. le•wis and co. havin"
cocoa,1870,0,554,178,5.8482,True,"epps's cocoa.—"" church review"" says :—"" although we cannot yet boast of a free break- fast table, still the active legisladon in furtherance of that object during..."
cocoa,1870,0,554,179,5.8553,True,"p rl r rell's hom ceo patric cocoa, is. per pound is pronouoced by competeut judges 10 be the best is. cocoa sold in the potteries tie re ll's taraxacu:ni cocoa, is. 6d. per polind lit..."
cocoa,1870,0,554,180,5.8584,True,"...ng machines, ll kindel rand and foot. asy terms of payment. who furnish all machines at maxim& mims. machines repaired. machines exchanged. maravilla cocoa for break.- fast. the"
cocoa,1870,0,554,182,5.8613,True,"is excellent. thy it. the r i ch tore for all kizale of bird for quality and prises see the window!! at 28, silver-street, stockton-os-tel ivaverley cocoa rooms, ftos, ha_.,‘c'7ii•terrace, top of high"
cocoa,1870,0,554,183,5.866,True,pure soluble cocoa. vanhoijten's cocoa has- been introduced for some years as the only gyaranteed pure b‘doble cocoa. and by all who are now acquainted uith it it is ap...
cocoa,1870,0,554,185,5.8726,True,"epps's cocoa.—""john bull"" aas in no branche, of industry are rec..int scientific and chemical discoveries more generally applied watt in those upon i which our fo..."
cocoa,1870,0,554,187,5.8773,True,"cocoa.—morning lik32, the prohibitive, were greatly first to take advantage of popularity of coma mena i iloraceopatbio chemin.. is6 i wig '.."" to modioal ..."
cocoa,1870,0,554,188,5.8852,True,"baker and confectioner. hot tea, coffee. and cocoa ready every day from eight in the morning till eight i the evening. fresh tea cakes and pastry every day. d. mcgregor, li, linthorpe-road, middlesbro"
cocoa,1870,0,554,194,5.8952,True,"sheets, blankets, bed quilts, ao. carpets. hearth rugs, oil cloths, and cocoa timmins's, stone-87'reet, dudley. notice. mr. j. e. whitmore, having made arrangements with the great western railway comp"
cocoa,1870,0,554,195,5.8953,True,"...day, march 1, 1874. • two butchers were fined £2o and £5 respectively at sheffield, on monday, for sending diseased mea to the market. manufacture of cocoa "
cocoa,1870,0,554,198,5.9086,True,"p rl r rell's hom ceo patric cocoa, is. per pound is pronouoced by competeut judges 10 be the best is. cocoa sold in the potteries tie re ll's taraxacu:ni cocoa, is. 6d. per polind lit..."
cocoa,1870,0,554,199,5.9173,True,"england at work. the cocoa tree: the ma.nufacture of cocoa and chocolate. fr um hand and heart, december 15th, 1876. we propose to do our best to furnish information to our rea..."
cocoa,1870,0,554,200,5.919,True,"... for beds. ready-made bed ticks, 2s, ds, ds, ss, 53 9d, 6s 6d. 78 6d, 5,7 e. sheets, blankets, fed quilts, tic. carpets, hearth rugs, oil cloths, and cocoa mattings. timmins's"
cocoa,1870,0,554,201,5.9213,True,"cocoa and coke. you people, probably, s• they gip their cup of coco.. or chocolate at home, or in 01110 • coffee nod cocoa taverne ""—the modern revivals of..."
cocoa,1870,0,554,202,5.9224,True,"... woon.—on the br 4 just, at 124, lodge-road, hockley, aged 68 years, mr. joseph wood, glassmaker, late of the meath, in this town. 'a visit to eppica cocoa uano/aceort.-111toligh t"
cocoa,1870,0,554,203,5.9256,True,"i, 1. montauban's uuaranteed pure cocoa chocolatine. montauban's economical chocolatine. montauban's try & sixpenny tin. chocolatine. montauban's see that you get it. chocolatine. cheap jew..."
cocoa,1870,0,554,205,5.9355,True,"epps's cocoa.—"" morning advertiser"" says :—"" in the middle of the seventeenth century an announcement appeared in one of the few journals of that period, to the e..."
cocoa,1870,0,554,207,5.9401,True,"...arkets. cork corn, jult 27.—blank oats, 8s od. london produce, july 26.—sugar quiet for all descriptions, but prices are unaltered. coffee very dull. cocoa inactive. rice flat. rum steady. pep"
cocoa,1870,0,554,208,5.9442,True,"ai-a prs's cocoa.—"" cassell's household guide"" says:— ""we will now give an account of the process adopted by messrs. james epps and co., manufacturers of dietetic art..."
cocoa,1870,0,554,212,5.9579,True,report—sugar very strong; at ruction soo west indian sod; refined also firm. coffee elan and heavy. cocoa inactive. tea quiet. rios unaltered. cotton very quiet. 'jute dull fug unaltered. tallow unalt
cocoa,1870,0,554,214,5.9679,True,"sheets, blankets, bed quilts, &c. carpets, hearth rugs, oil cloths, and cocoa mattings. timmins's, stone-bteeet, dudley. notice. mr. j. e. itmo re, aving made arrangements with the 1_ great western ra"
cocoa,1870,0,554,215,5.9707,True,"hearth huge, skin mate, cocoa matting & mats. nam tem amputee— samuel tiithgow, leeds house. middlesbrough. ‘l.-uo-:4).140646 wills' one oz. packet, p. ""old friend"" tobacco. qnly ..."
cocoa,1870,0,554,216,5.9714,True,"...ng machines, ll kindel rand and foot. asy terms of payment. who furnish all machines at maxim& mims. machines repaired. machines exchanged. maravilla cocoa for break.- fast. the"
cocoa,1870,0,554,218,5.9758,True,"avillia cocoa. th perpect/on of prepared cocoa. jaaravilla cocoa.--sole proprietors, vt.cip rros,„ lannox the cocoa (or cacao) of maravilla is the true theoliroma ..."
cocoa,1870,0,554,219,5.9764,True,"hireavilts 0000 a. ilte prarsorios 0000 a. 0000,slz ramnitrou, tat wi tilt 111l0fl winos cocoa (oe cacao) of mara villa la the tree lbeebroree laroeur. coma la ...rep... to &las *merles whirth klestri"
cocoa,1870,0,554,220,5.9815,True,"the amateu}'s guide to howeopathic treatment—ooix 9d. hoireopathic cocoa is the best shilling.cocoa.spiti,_ _ tirrelus taraxacijm cocoa ill th,, b,:st cocoa for invalids, and a luxury for those in hea"
cocoa,1870,0,554,222,5.9987,True,"[aii.avilla cocoa. the piarca= of pillparid 0000 a. evan's'. valuable omni midianite. evans's stimulant drinks of great a"".• use in eases whore the rnimal lease sppeti..."
cocoa,1870,0,554,223,6.0021,True,"epps's 0000 a.—"" naval and military gazette"" says :—"" the nutritive qualities of cocoa over either those of tea or coffee are now so generally acknowledged that the steady increase shewn by official s"
cocoa,1870,0,554,224,6.0046,True,... of a kind not' evidence upon • systems. cm tion-showea vent for some the _ depending -.uot admitted by their _ medical profession are now ordains es cocoa essenc
cocoa,1870,0,554,226,6.0095,True,"epps's cocoa.—""naval and military gazette"" say4l: ""the nuttitive qualities of cocoa over thoie of tea or coffea are now so generally acknowledgedtbat the steady i..."
cocoa,1870,0,554,227,6.0179,True,"epps's cocoa.-0 morning advertiser"" says :—""ln the middle of the seventeenth century an announcement appeared in one of the few journals of that period, to the ef..."
cocoa,1870,0,554,228,6.0197,True,"tibrell's- is the best shilling cocoa sold,—a trial prove its superiority over all others at the same price. save 30 per cent by acing the london lion tea company's extraordinary 2s. tea...."
cocoa,1870,0,554,231,6.0256,True,"... 34d. white moist sugars, 34. and 31d. splendid sparkling lump, 4d. and 40. condensed milk (english) ed., (swiss) od. per 11b. tin. coffee & milk and cocoa"
cocoa,1870,0,554,234,6.0331,True,"coooa as an economical food for cattle and horses. the morning advertiser, quoting from bell's life, ;tyly 4th, says: ""the nutritious cocoa ex- tract is the finest and cheapest cattle food in the mark"
cocoa,1870,0,554,236,6.0378,True,"agency. -- • tmile nutritious cocoa food for rouses anti cattle aeksowledged by an summers t, be zi,t mly ito beef but the most ecouonde.al ever old. ag..nts wanted. thom having facilit..."
cocoa,1870,0,554,237,6.0397,True,"the amateu}'s guide to howeopathic treatment—ooix 9d. hoireopathic cocoa is the best shilling.cocoa.spiti,_ _ tirrelus taraxacijm cocoa ill th,, b,:st cocoa for invalids, and a luxury for those in hea"
cocoa,1870,0,554,241,6.0505,True,"marv donovan. mr. heuery samuel, briti museum-stree brood-street, bloomsbury. at mr. oliva. errs's cocoa.—ail the year round says—. let no strol- to the euston rand, hard by the regent's park. to epps"
cocoa,1870,0,554,243,6.0587,True,"26 75 breakfast.—errs's cocoa.—grateft'l 1.7,'13 com- forting,—the very agreeable character of this preparation has rendered it a general favourite. the 'civil service gazette' re..."
cocoa,1870,0,554,245,6.061,True,five ran. sweepstakes of 500 sovs. asterope sweepstakes of 10 sovs. echo ••••• • tho wren eight ran. handicap plate. panopticon cocoa nut..... belphegor twelve ran. sweepstakes of 10 sovs. blonde *•• 
cocoa,1870,0,554,246,6.0621,True,"homteopathy, the amateur's guide to homeopathic treatment—oniy 6d. tirrell's homeopathic cocoa is the bebt shilling cocoa sold. tirrell's taraxacum cocoa is the best cocoa for invalids, and a luxury f"
cocoa,1870,0,554,248,6.063,True,"epps's cocoa.—"" civilian"" says :—""ln the 17111 century, before either tea or coffee had fitund their way into the english markets, chocolate was a faveurite bever..."
cocoa,1870,0,554,249,6.0637,True,"marayilla cocoa. the rpßrecrion 0000, mabayilu cocoa—rolm proprirtori, taylor pros. lonnon. tm. cocoa (or cacao) of masavilla i. the true tbobrowe of la .v. know le ..."
cocoa,1870,0,554,250,6.068,True,"in soups, _ out of them is are much same cost of rishing drink, oonteinilsg both where milk cannot be had it is infants. the great cocoa houses in many of our large towns have not been established a w"
cocoa,1870,0,554,254,6.0825,True,"restminster npt a moment's credit. good caiwou better 2/44, bee-2/9, lapsatg sondh6ng 279. pure grantlated cocoa 1/2. read lancet 1851. £2 wortilßail paid to all england &wales. handford 4ic davie e 6"
cocoa,1870,0,554,255,6.0832,True,"england .at work. the cocoa tree: the manufacture of cocoa and chocolate. from hand and heart, december 15th, 187 g. we propose to do our beet to furnish informed ion to our rea..."
cocoa,1870,0,554,256,6.0837,True,"epps's cocoa.—"" civilian"" says ""is the 17th century, before either tea or coffee had found their way into the english markets, chocolate was a favourite beve- rag..."
cocoa,1870,0,554,262,6.1033,True,"atest _markets. london piioditce „:fut4e 20.—otigar very qtliet, with rather a downward tendency in prices. coffee contiuwas firm. cocoa steady. tea unaltered. rice crulet. cet""..on and jute very dull"
cocoa,1870,0,554,263,6.1183,True,"epps's cocoa.—"" civilian"" says :—""ln the 17111 century, before either tea or coffee had fitund their way into the english markets, chocolate was a faveurite bever..."
cocoa,1870,0,554,265,6.1371,True,"furnishing department. a large assortment of tapestry, kidder- minster, dutch, felt, & hemp carpets. cocoa mattings, in plain and striped, all widths. 10 pieces cretonnes, twilled, 3d. per yard. 10 pi"
cocoa,1870,0,554,267,6.1408,True,"epps's cocoa.—""naval and military gazette"" say4l: ""the nuttitive qualities of cocoa over thoie of tea or coffea are now so generally acknowledgedtbat the steady i..."
cocoa,1870,0,554,268,6.145,True,"casse. !.i1111)_ wiaravilla. cocoa. the perfection of pret cocoa 1‘.1741/11gla cocoa.—sotz proprietors, taylor bros., london. the cocoa. (or cacao) of maravilla is the trim theobronsa ..."
cocoa,1870,0,554,270,6.1548,True,"mizav.ll/ 0001111.—sole piutprietors, taylor bros. 1001(0w the cocoa (or cacao) mara ieill la tha one thad... al lianas cue. la edits... to son. amens .0 .000 mane. s wenn porn.. tayiair rrophern have"
cocoa,1870,0,554,272,6.1692,True,"-f:pps's cocoa.—"" civilian"" says in the 17th century, before either tea or coffee had found their way into the english market•s, chocolate was a favourite beve- rag..."
cocoa,1870,0,554,274,6.1761,True,"epps's 0000 a.—"" naval and military gazette"" says :—"" the nutritive qualities of cocoa over either those of tea or coffee are now so generally acknowledged that the steady increase shown by official s"
cocoa,1870,0,554,275,6.1828,True,"...hers wish the public to know that they keep the largest and cheapest stock of paper-hangings, (all new patterns) of any firm in the nortn of england. cocoa matti/stgs and mats. well-seasone"
cocoa,1870,0,554,276,6.1845,True,"brussels, tapestry, & kiddermins' carpets. earth rugs, skin mats, cocoa matting and mats. -notei the a.ddbebb- samuel lit hgow leeds house, market place, middlesbrough. a: rand invention. extracting t"
cocoa,1870,0,554,278,6.1861,True,"opening of cocoa rooms at darlington. on saturday afternoon mr boathouse, m.p. attended at the new cocoa rooms at darlington, opened by mr lockhart, who has similar e..."
cocoa,1870,0,554,280,6.1971,True,"b. lithgow's toilet glasses in great variety, all equally reduced in price. brussels, tapestry, & e carpets. hearth rugg, skinnatf, cocoa matting & mats n,te tim addziiib-.• samuel litegow"
cocoa,1870,0,554,282,6.1986,True,"epps's 0000 a.—"" naval and military gazette"" says :—"" tile nutritive qualities of cocoa over either those of tea or coffee are now so generally acimowledged that the steady increase shewn by official "
cocoa,1870,0,554,284,6.2017,True,"mee cocoa cattle 1,0101.1 company's nutrition cocoa neal, for ii one.. con. pigs. ilben. dont, route. ile. moo mon for so 500 folds for 17.; iso inds toe 0.61...."
cocoa,1870,0,554,286,6.2046,True,"other waters. agent for thompson & capper:s lhomgipa.thic cocoa and medicines. trade mark. colman's british corn-flour is prepared from rice, the staple food of more than three hundred millions (300,0"
cocoa,1870,0,554,293,6.2206,True,"iiordieopathy. —tice—iiiiiroit's guide to homceopathic treatment—oniy 61 tirrell's homeopathic cocoa is the best shilling cocoa sold. cocoa is the best cocoa for invalids, and & luxury for those in he"
cocoa,1870,0,554,295,6.2315,True,"epps's 0000 a.—"" naval and military gazette"" says :—"" tile nutritive qualities of cocoa over either those of tea or coffee are now so generally acimowledged that the steady increase shewn by official "
cocoa,1870,0,554,296,6.234,True,"...6d, 7d 5' tinned milk teas of the finest quality, well blended, is ls 6d, in bd, 2s, 23 63, 2. bd, 3s, 3s 4d coffee .................is, is 4d eppa'e cocoa 15 li reekitt's starch 4c"
cocoa,1870,0,554,297,6.2413,True,"f pps's cocoa.—""court journal"" says:—"" in a climate so varying and trying as our ;own, to maintain sound uniform health, our daily diet cannot be too careful iy an..."
cocoa,1870,0,554,298,6.2413,True,"f4pps's cocoa.—"" court journal"" says:—"" in a climate so varying and trying as our own, to maintain sound uniform health, our daily diet cannot be too carefully and..."
cocoa,1870,0,554,300,6.2442,True,"epps's cocoa.—"" civilian"" says :—""ln the 17111 century, before either tea or coffee had fitund their way into the english markets, chocolate was a faveurite bever..."
cocoa,1870,0,554,301,6.2448,True,...sugar there is very little demand and the business is restricted. coffee: 10 tierces and two barrels jamaica sold at 9tis. to 121 s. for low to :fine cocoa and rice; no s
cocoa,1870,0,554,307,6.2682,True,"trade bills discounted. john athirton. manager. ailbanilla. crocanoa for breax- the oloba bays— taylor baqtbirs. biaravilla cocoa lae achieved • thorough end super,edes (grimy other coool in din marke"
cocoa,1870,0,554,309,6.2845,True,"cocoa room at the north end. os monday evening a new cocoa room was opened in brassey-street, at the north end. the premise. stand at the junction of two r..."
cocoa,1870,0,554,314,6.305,True,"...remnants of ali. wool cloth. less than the • brussels, hemp, blips, whole of their carpft stock, comprising i, tapestry. ki.iderminster, felt, dutch, cocoa matting, rugs, door mats, door hassocks,"
cocoa,1870,0,554,315,6.307,True,"-fipps's cocoa.—"" naval and military a gazet a"" says :—"" the nutritive qualities of cocoa over either those of tea or coffee are now so generally acknowledged that ..."
cocoa,1870,0,554,316,6.3174,True,"latest markets. london produce, june 15.—sugar quiet, but refining qualities command full value. refined steady. coffee firm. cocoa steady. rum in good demand for jamaica. cotton rather easier. jute f"
cocoa,1870,0,554,317,6.3192,True,"fpps's cocoa.—"" naval and milifary. gazet'e says:—"" the nutritive qnalities of cocoa over either those of tea or coffee are now so generally acknowledged that the..."
cocoa,1870,0,554,318,6.3227,True,"• maravilla cocoa. its perycction ot piikpaimd cocoa. )1"" -lila ,illi a:cos.-80le proprietors, taylor blob lonnie. ere cocoa (or cacao) of liaravilla rid, trim bleobmm..."
cocoa,1870,0,554,319,6.3297,True,"epps's cocoa.—"" naval and military gazette"" says :—""the notritii e coc over either those of tea or coffee are now so generatly acknowledged that the steady increa..."
cocoa,1870,0,554,320,6.3397,True,"latest markets. london produce, jolt 18.—sugar dull, and prices a shade easier for refining sorts, refined quiet but unaltered. coffee quiet. cocoa inactive. rice flat. saltpetre steady. pepper quiet."
cocoa,1870,0,554,322,6.3507,True,"hearth rugs, skin hate, cocoa matting it math. note tee address- samuel taithgow, leeds house. middlesbrough."
cocoa,1870,0,554,323,6.3543,True,"maravilla cocoa. the ...ereectiox of prepared cocoa. maravilla cocoa.---80-le-p-1170-p-rre-torb,-- taylor bros., london., the cocoa (or cacao) of maravilla is the tr..."
cocoa,1870,0,554,324,6.3587,True,"maravilla cocoa. the ...ereectiox of prepared cocoa. maravilla cocoa.---80-le-p-1170-p-rre-torb,-- taylor bros., london., the cocoa (or cacao) of maravilla is the tr..."
cocoa,1870,0,554,325,6.3624,True,"mabavilla cocoa for break- fast. the mob. nye— taylor brotorrw raw/tula cocoa ha. soloorod a quieten snoom, and buper:33)sb ii,oey olant cocos is ude market. for hci..."
cocoa,1870,0,554,327,6.374,True,"sporting. newmarke f races. wsvrait hannicsr.—cardigan, 1; cocoa nut, 2 st peter, 3. thirteen ran. sweepstakes.—fez walked over. sweepstakes.—lord darnley, 1 alice, 2; heeato, filly, 3. five ran. bret"
cocoa,1870,0,554,328,6.3748,True,"homteopathy, the amateur's guide to homeopathic treatment—oniy 6d. tirrell's homeopathic cocoa is the bebt shilling cocoa sold. tirrell's taraxacum cocoa is the best cocoa for invalids, and a luxury f"
cocoa,1870,0,554,329,6.3749,True,"& litinows toelet glasses in great variety, all equally reduced in price. •bbijssels, tapestry, 8c kidderminster carpets. hearth rugs, skin mats, cocoa matting & mats. no the address— samuel taithgow,"
cocoa,1870,0,554,330,6.3898,True,"the cocoa room movement in liverpool. the twenty-fourth home established by the british workman public houle co., of liveoel, wee opened on tuesday afternoon. ..."
cocoa,1870,0,554,332,6.401,True,"epps's 0000 a.—"" naval and military gazette"" says :—"" the nutritive qualities of cocoa over either those of tea or coffee are now so generally acknowledged that the steady increase shewn by official s"
cocoa,1870,0,554,334,6.4181,True,"i'he cocoa cai e food com- .o- pant's nutrition cocoa real, for horses. cows, pi.., sheep, dogs, fowls, ke. 1,000 feedi.for 34. 500 feeds for 17s 250 (cods kr s..."
cocoa,1870,0,554,336,6.427,True,"thousands are unable to take cocoa because the varieties commonly sold are mixed with starch, under the plea of rendering them soluble while really making them thick, hoary, and indigr..."
cocoa,1870,0,554,337,6.4284,True,"agency. -- • tmile nutritious cocoa food for rouses anti cattle aeksowledged by an summers t, be zi,t mly ito beef but the most ecouonde.al ever old. ag..nts wanted. thom having facilit..."
cocoa,1870,0,554,340,6.4433,True,"i reman, sir, • yours truly, thomas hu st thousands are unable to take cocoa because tl.e varieties commonly sold are mixed with starch, unler the plea of rendering them soluble while really malty; th"
cocoa,1870,0,554,344,6.4572,True,"epps's cocoa.—"" naval and military gazette"" says :—""the nutritive qualities of cocoa over either those of tea or coffee are now so generally acknowledged that the..."
cocoa,1870,0,554,345,6.4625,True,"mabavilla cocoa for break- fast. the mob. nye— taylor brotorrw raw/tula cocoa ha. soloorod a quieten snoom, and buper:33)sb ii,oey olant cocos is ude market. for hci..."
cocoa,1870,0,554,346,6.4635,True,"epps's cocoa.—"" civilian"" says ""is the 17th century, before either tea or coffee had found their way into the english markets, chocolate was a favourite beve- rag..."
cocoa,1870,0,554,347,6.4667,True,"cocoa and coke. you people, probably, s• they gip their cup of coco.. or chocolate at home, or in 01110 • coffee nod cocoa taverne ""—the modern revivals of..."
cocoa,1870,0,554,348,6.4691,True,"thousands are unable to take cocoa because the varieties commonly sold are mixed with starch, under the plea of rendering them soluble while really making them thick, hoary, and indigr..."
cocoa,1870,0,554,350,6.4725,True,"epps's 0000 a.—"" naval and military gazette"" says :—"" the nutritive qualities of cocoa over either those of tea or coffee are now so generally acknowledged that the steady increase shown by official s"
cocoa,1870,0,554,351,6.4731,True,"nontaiman's sweated pure cocoa 006coiatine. maiivauban% • reenomied 080004a1'1141. moarrowt"" try s sixpenny tin. ciitooolatini mont4vss4pb s.elute yolk v. -4311000tatine."
cocoa,1870,0,554,352,6.4804,True,pure soluble cocoa. vanhoijten's cocoa has- been introduced for some years as the only gyaranteed pure b‘doble cocoa. and by all who are now acquainted uith it it is ap...
cocoa,1870,0,554,353,6.4854,True,"opening of cocoa boom at widnes. on wodossiley night a public meeting, to cob brat. the establiehment nod openieg of coca tuom. uhr whin., woe held to ths v amities 1..."
cocoa,1870,0,554,354,6.4862,True,"iiordieopathy. —tice—iiiiiroit's guide to homceopathic treatment—oniy 61 tirrell's homeopathic cocoa is the best shilling cocoa sold. cocoa is the best cocoa for invalids, and & luxury for those in he"
cocoa,1870,0,554,356,6.5002,True,"cradley heath. opening or a coffee house.—on wednesday last, a coffee and cocoa house, was opened at the four ways, cradley heath, through the kindness of mr. strawson. ithas long been felt desirable "
cocoa,1870,0,554,357,6.5005,True,"opening of cocoa rooms at darlington. on satordae afternoon mr backhouse; m.p., attended at the new cocoa rooms at dariington, opened by mr lockhart, who has similar ..."
cocoa,1870,0,554,358,6.509,True,"...ers wish the public to know that they keep the largest and cheapest stock of pa.per-hangings, (all new patterns) of any firm in the north of england. cocoa mattings and mats. well-season"
cocoa,1870,0,554,361,6.5164,True,raspberry ratifia savoy sponge tea cakes plain wafers cocoa nut drops ginger wafers orange dessert lemon ditto sponge rusks meat wafers court biscuits christmas dessert mazeua wafer brooms and brushes
cocoa,1870,0,554,362,6.5169,True,"4d to ited by town talk. the town of runcorn possesses a building devoted to whlti i may call the coffee and cocoa room undertaking, whith in its furniture and arrrangement is probably second to pow i"
cocoa,1870,0,554,363,6.519,True,"homteopathy, the amateur's guide to homeopathic treatment—oniy 6d. tirrell's homeopathic cocoa is the bebt shilling cocoa sold. tirrell's taraxacum cocoa is the best cocoa for invalids, and a luxury f"
cocoa,1870,0,554,364,6.5208,True,"furnishing department. a -large assortment of tapestry, kidder- minster, dutch, felt, & hemp carpets. cocoa mattings, in plain and striped, all widths. 10 pieces cretonnes, twilled, nd. per yard. 10 p"
cocoa,1870,0,554,366,6.5333,True,"...lakeder my.; come eceltalm, m lamb flmh,formlna matter as mel. 1 val. equal 1.000 lw; sant free fur ma, leb.pf7, it, ar,,l balk, from ma limulid,.ry, cocoa oattle food co.."
cocoa,1870,0,554,367,6.536,True,"i am, sir, your obedient servant, ""wy. bulsier, mayon"" the nvdical profession are now ordering cal bury's cocoa essence in thousands of cases, be anc it contains more nutritious and flesh-forming e:e "
cocoa,1870,0,554,368,6.5367,True,"d.w a. w.k.. telegr,4, /.iuvilla—pioi: 11,4 rimnicrion d itt cocoa. isatavilu cocoaizoltol;,agg.lltoar. taylor tilt cocoa (or cacao) yaravilla mennen of donne. cone is loannoom to sou. amens ol ell ma"
cocoa,1870,0,554,369,6.5377,True,"to-day's markets. london produce, j. 25. sugar: very quiet, at unaltered values. coffee steady, but in- active. cocoa unaltered, tea quiet. rum steady. cotton continues quiet. tallow 51s od to 518 3d "
cocoa,1870,0,554,370,6.5388,True,"f4pps's cocoa.—"" naval and military gazette"" says :—"" the nutritive qualities of cocoa over either those of tea or coffee are now so generally acknowledged that th..."
cocoa,1870,0,554,371,6.5412,True,"iiordieopathy. —tice—iiiiiroit's guide to homceopathic treatment—oniy 61 tirrell's homeopathic cocoa is the best shilling cocoa sold. cocoa is the best cocoa for invalids, and & luxury for those in he"
cocoa,1870,0,554,372,6.5413,True,"vie wm,road_coffee and cocoa kiottse 00. we °beery° the winsford coffee and cocoa mom c""pwr, liccasd, is now ready to octave applies- woe for shame. incited in amount to too eegb..."
cocoa,1870,0,554,373,6.5473,True,"tee cocoa nvt mat mailers. the assistance of all friends of working men are solicited on behalf of 300 men and boys out of work at messrs. kona and sons, cocoa..."
cocoa,1870,0,554,375,6.5519,True,"s. lithgow's toilet glasses di great variety, al! equally reduced in price. brussels, tapestry, & kidderminsi er car.rnts. hearth rugs, skin mats, cocoa matting & mats. nom the address— s amuel tithgo"
cocoa,1870,0,554,376,6.5556,True,"...ps, from seal caps, „ felt hats, „ silk hats, „ j. kendall, ""the hatter.' digbth, walsall ~.j•_j•___h.awle y. rope -and twine 49 park-street walsall. cocoa"
cocoa,1870,0,554,377,6.5637,True,"...ve no -agents-. see trade mark on every package. sittton's priced list on application royal berkshire seed establishment, reading. ""a visit to epps's cocoa manufactory.— through the "
cocoa,1870,0,554,378,6.5639,True,"...lt hats, „ silk hfi.ts„., 1.6 d. j • kendall, ""the iuttteil,"" 2, digbeth, walsall. j• j. _hawley, rope and twtne manufacturer, 49 park-street walsall cocoa nut "
cocoa,1870,0,554,380,6.5671,True,"l 14ci:l in, tl 4 .4 p_arat.itni li.. til,t 1,,, ,-• • which mr. tioh of cocoa hw h. •t. i, :,1 i asp og- ....bayacterf till,. pre- fc.rocriie. 'the _ the siitg,ulsr stiece,..; by 111,, hii;eopathic p"
cocoa,1870,0,554,381,6.5682,True,"cocoa room at the north end. os monday evening a new cocoa room was opened in brassey-street, at the north end. the premise. stand at the junction of two r..."
cocoa,1870,0,554,383,6.5762,True,"saturday, april 20, 1878. opening of tre new coffee house. the successful opening of the cocoa and coffee house belonging to the south stafford- shire company for establishing such public. houses, wil"
cocoa,1870,0,554,384,6.6038,True,"england at work. the cocoa tree: the manufacture of cocoa and chocolate. from hanel awl heart, december 1518, 1876. 'we propose to do our best to tarnish information to our rea..."
cocoa,1870,0,554,385,6.6133,True,montauban's guaranteed l'utc cocoa chocolatine. montauban's economical chocolatine. montauban's try a sixpenny tin. chocolatine. montauban's see that you get it. ciiocoiatine. ciieap j...
cocoa,1870,0,554,388,6.6223,True,"epps's cocoa.—"" naval and military gazette"" says :—""the nutritive qualities of cocoa over either those of tea or coffee are now so generally acknowledged that the..."
cocoa,1870,0,554,390,6.6366,True,"lilviews cocoa sail iu, + n‘...,,.2.. i= ..••••••11k tb.. iliwazdim venzirs issuccg a cocoa sold •••11511/d 113..1. as o__ t_ ma* ma lama hers chocolat tohdit, plam..."
cocoa,1870,0,554,391,6.6434,True,"horses and oattls inkllb highly nutritious food is propane 1 um from tho cocoa bona, birds& wft hooka giving seeds, herb& and room. known s. ponme nod grown for their invigorating tonia,and mbar prmis"
cocoa,1870,0,554,394,6.6484,True,"avillia cocoa. th perpect/on of prepared cocoa. jaaravilla cocoa.--sole proprietors, vt.cip rros,„ lannox the cocoa (or cacao) of maravilla is the true theoliroma ..."
cocoa,1870,0,554,395,6.6539,True,"s. litegow's toilet glasses in great variety, all equally reduced in price. brussels, tapestry, & kidderminster carpets. heartit rugs, skin mate, cocoa matting bc mats. note tim admix's- samuel lithgo"
cocoa,1870,0,554,396,6.6596,True,"agency. tul nutritious cocoa food for 110ities awl carrle, acknowletlzed by all c,..newnere j, be nut ouly the beit but use wo.t teen wiled ever 'wt. ant 4 watical. those irtving..."
cocoa,1870,0,554,397,6.6668,True,"-fipps's cocoa.—"" naval and military a gazet a"" says :—"" the nutritive qualities of cocoa over either those of tea or coffee are now so generally acknowledged that ..."
cocoa,1870,0,554,399,6.6796,True,england at work. the cocoa tree: the manufacture of cocoa and
cocoa,1870,0,554,402,6.6981,True,"i 1 n[aiavilla cocoa. co.rrßrecnox of pritartj) cocoa. niaiutilla cocoa -410 lt protristors, taylor rico, 10,1,011. tb! cocoa (no cacao) el maratilla i. the ino thoobreae..."
cocoa,1870,0,554,403,6.699,True,"am and north york review. delivered is. id. per quarter in advance. unstamped is. 3d. „ „ credit. one penny. cocoa as an economical food for cattle and horses. the morning advertiser, quoting from bel"
cocoa,1870,0,554,404,6.702,True,"homteopathy, the amateur's guide to homeopathic treatment—oniy 6d. tirrell's homeopathic cocoa is the bebt shilling cocoa sold. tirrell's taraxacum cocoa is the best cocoa for invalids, and a luxury f"
cocoa,1870,0,554,405,6.7069,True,"opening of a new cocoa and furness congreg vtional the following paper upon the subject of chriatian union with it creed,"" and ‘• union without a ('reed,"" was'rad by the re..."
cocoa,1870,0,554,407,6.7181,True,"letter to the editor. coffee and cocoa houses. dear sir,—being a customer at the co ff ee house, i have noticed, with surprise, the very late hours to which the 'barmaids' are kept at nigh..."
cocoa,1870,0,554,408,6.7202,True,"mailii villa cocoa. the perizotion of filizabad 0000 l fiwan it iwo"" listaluilsbed 110 yearn. lama stook pim obis bmk (wawa gad oesseal dietary la the lmdom at tie lowi..."
cocoa,1870,0,554,411,6.7231,True,"coooa as an economical food for cattle and horses. the morning advertiser, quoting from bell's life, ;tyly 4th, says: ""the nutritious cocoa ex- tract is the finest and cheapest cattle food in the mark"
cocoa,1870,0,554,412,6.726,True,"the • herald. establisiied january lont, 1863. bakrow-in-fursesb. tuesday, marcii 11, 1879. the cocoa and coffee house movement has made rapid strides in bartow. the third of these est lishments itt :"
cocoa,1870,0,554,414,6.7354,True,england at work. the cocoa tree: the manufacture of cocoa and
cocoa,1870,0,554,417,6.7615,True,"c....... i;;z:i16.—.1—....., .... alwrier, co kyia in wo ilk pack- .••• 11113 ms a way.i.i, li[dai ade viei.ina x.r""7.7.7 %lim' er's essence of cocoa sold in &act grtirtltut: st"
cocoa,1870,0,554,423,6.7973,True,"cocoa room at the north end. os monday evening a new cocoa room was opened in brassey-street, at the north end. the premise. stand at the junction of two r..."
cocoa,1870,0,554,424,6.8046,True,"the sunday opening of cocoa houses. the poll at southa:uip;;;;lion the question of opening the cocoa-rooms on sunday during the hours that public-houses are open, and which has ..."
cocoa,1870,0,554,426,6.818,True,"f4pps's cocoa.—"" naval and military gazette"" says :—"" the nutritive qualities of cocoa over either those of tea or coffee are now so generally acknowledged that th..."
cocoa,1870,0,554,427,6.8197,True,...thers wish the public to know that they keep the largest and cheapest stock of paper-hangings (all new patterns) of any firm in the north of england. cocoa mattings and mats. well seasoned 
cocoa,1870,0,554,429,6.8245,True,"the liverpool cocoa rooms. in liverpool there are at present in full work 29 cocoa rooms, situated for the most part in the populous part of the town. at the meeting of ..."
cocoa,1870,0,554,430,6.8263,True,"..., ~ felt juts, „ stlk hats, j • kendall, tail harreu.,'' 2, dictbetii, walsall j • j • hawley. rope and twine manufacturer, 49, park-street, walsall. cocoa nut mats a"
cocoa,1870,0,554,432,6.8349,True,"agency. tul nutritious cocoa food for 110ities awl carrle, acknowletlzed by all c,..newnere j, be nut ouly the beit but use wo.t teen wiled ever 'wt. ant 4 watical. those irtving..."
cocoa,1870,0,554,435,6.8561,True,"opening of cocoa rooms at darlington. on saturday afternoon mr boathouse, m.p. attended at the new cocoa rooms at darlington, opened by mr lockhart, who has similar e..."
cocoa,1870,0,554,436,6.8578,True,"the bristol and west of eng- land la.boubers. on saturday afternoon a largely-attended meet- ing of the labourers employed at the messrs. fry's cocoa works, union-street, took place at the coach and h"
cocoa,1870,0,554,437,6.8628,True,"... eis wish the public to know that they keep the largest and cheapest stock of paper-hangings, (all new patterns) of any firm in the north of england. cocoa mattings and mats. well-seasoned"
cocoa,1870,0,554,438,6.8769,True,"s. ursoows toilet glasses in great variety, all equally reduced in price. bbvssels, tapestry, & kidderminster carpets. hearth rugs, skin mats, cocoa matting & mats. nmi tex addissi-- samijel lithgow, "
cocoa,1870,0,554,439,6.877,True,"england .at work. the cocoa tree: the manufacture of cocoa and chocolate. from hand and heart, december 15th, 187 g. we propose to do our beet to furnish informed ion to our rea..."
cocoa,1870,0,554,441,6.897,True,...ire is very little demand and the business is restricted. coffee: in tierces and two barrels jamaica sold at ns. to 121 s. for low to :fine middling. cocoa and ri
cocoa,1870,0,554,444,6.9077,True,"vie wm,road_coffee and cocoa kiottse 00. we °beery° the winsford coffee and cocoa mom c""pwr, liccasd, is now ready to octave applies- woe for shame. incited in amount to too eegb..."
cocoa,1870,0,554,447,6.9202,True,"opening of a new cocoa and furness congreg vtional the following paper upon the subject of chriatian union with it creed,"" and ‘• union without a ('reed,"" was'rad by the re..."
cocoa,1870,0,554,453,6.9315,True,"england at work. the cocoa tree: the ma.nufacture of cocoa and chocolate. fr um hand and heart, december 15th, 1876. we propose to do our best to furnish information to our rea..."
cocoa,1870,0,554,455,6.9418,True,"the liverpool cocoa rooms. in liverpool there are at present in full work 29 cocoa rooms, situated for the most part in the populous part of the town. at the meeting of ..."
cocoa,1870,0,554,456,6.9424,True,"-oclcol=sai taylor bros., london. thz cocoa for cacao) of lif aravilla is the tram theoblerna of liutsfeles. taylor wicrinicas boring wand tho exelissirs *apply of this omni% a my', rovoa, ham ..."
cocoa,1870,0,554,457,6.9428,True,pure soluble cocoa. vanhoijten's cocoa has- been introduced for some years as the only gyaranteed pure b‘doble cocoa. and by all who are now acquainted uith it it is ap...
cocoa,1870,0,554,458,6.9504,True,"maravilla cocoa. • _ r!..l,,rictrhon invigo- rat:nor and t^ all. 3iaravilla 31a.ravilla coood. 11a35. l>evei- ate for inraiide pruc. _ mar.avilla cocoa.—od trial est..."
cocoa,1870,0,554,463,6.9614,True,"to let. rib o let, a large front shop and premises 1. in south-street, middlesbrough, well adapted for a cocoa and coffee house. apply to john harrison, 13, albert-road, middlesbrough. nomportai3le ap"
cocoa,1870,0,554,465,6.9874,True,"opening of cocoa rooms at darlington. on satordae afternoon mr backhouse; m.p., attended at the new cocoa rooms at dariington, opened by mr lockhart, who has similar ..."
cocoa,1870,0,554,470,7.007,True,"the win.ford coffee and cocoa house co. we ohm,' the wind ord goff. cud cocoa rouse company, limited, is now ready to metre swollen.. tiool for she., limited to mount to ten eltll..."
cocoa,1870,0,554,475,7.0313,True,"lilviews cocoa sail iu, + n‘...,,.2.. i= ..••••••11k tb.. iliwazdim venzirs issuccg a cocoa sold •••11511/d 113..1. as o__ t_ ma* ma lama hers chocolat tohdit, plam..."
cocoa,1870,0,554,476,7.0344,True,"maravilla cocoa. the paleatloo el pnwed coma. wraimia 0000a.-11ele preptlelorntatlos,ll4o;t, the cocoa (or new) of 11.,ravilla in the true meares. of • ••• • • ""trit..."
cocoa,1870,0,554,480,7.0432,True,"am and north york review. delivered is. id. per quarter in advance. unstamped is. 3d. „ „ credit. one penny. cocoa as an economical food for cattle and horses. the morning advertiser, quoting from bel"
cocoa,1870,0,554,481,7.0454,True,"thousands are unable to take cocoa because the varieties commonly sold are mixed with starch, under the plea of rendering them soluble while really making them thick, hoary, and indigr..."
cocoa,1870,0,554,484,7.0752,True,... of a kind not' evidence upon • systems. cm tion-showea vent for some the _ depending -.uot admitted by their _ medical profession are now ordains es cocoa essenc
cocoa,1870,0,554,486,7.0788,True,pure soluble cocoa. vanhoijten's cocoa has- been introduced for some years as the only gyaranteed pure b‘doble cocoa. and by all who are now acquainted uith it it is ap...
cocoa,1870,0,554,487,7.1114,True,"the win.ford coffee and cocoa house co. we ohm,' the wind ord goff. cud cocoa rouse company, limited, is now ready to metre swollen.. tiool for she., limited to mount to ten eltll..."
cocoa,1870,0,554,489,7.1374,True,"produce. livenpool, monnay.--segar the market continues dull, and the few sales efftcted are at moderate prices. coffee and cocoa unchanged. los von, alonday.—sugar the transactions here have been on "
cocoa,1870,0,554,491,7.1627,True,"to let. mo let, a large front shop and premises 1 in south-street, middlesbrough, well adapted for a cocoa and coffee house. apply to john harrinon, 13, albert-road, middlesbrough. _ to let, with imme"
cocoa,1870,0,554,494,7.1871,True,"the perfection of piepared cocoa. maravilla cocoa. m a ravill a cocoa. —widow.: invigo- rating anti auvtainlng to all. nlmr a ravilla cocoa.-th. beatbleivr,elaidres and dy.napt in. 1..."
cocoa,1870,0,554,495,7.1895,True,"the cocoa movement at seatbe. fine commodious coco tea, and coffee rooms were opened thursd near seacombe ferry, on the road from seacombe to birkenhead, by mr..."
cocoa,1870,0,554,497,7.2138,True,"coooa as an economical food for cattle and horses. the morning advertiser, quoting from bell's life, ;tyly 4th, says: ""the nutritious cocoa ex- tract is the finest and cheapest cattle food in the mark"
cocoa,1870,0,554,499,7.2208,True,"‘1 alt a villa' coc a 0--. the perybction of prepared- cocoa. ti aravilla cocoa. for breakfast ltj- thet//obesays:—""tayloß brothers maravilla cocoa has achieved a thorough success, and supersedes ever"
cocoa,1870,0,554,500,7.2239,True,"the cocoa movement at seatbe. fine commodious coco tea, and coffee rooms were opened thursd near seacombe ferry, on the road from seacombe to birkenhead, by mr..."
cocoa,1870,0,554,501,7.2284,True,"----de-lidous, m•ravilla cocoa. inv**. istioff mei ovatatolog to .11. mara v 1 ll• cocoa. —the beat beverage for 'avail& and dy•evlroce. wf • r•vill• cocoa.—one trial will establis..."
cocoa,1870,0,554,507,7.2957,True,"maiatilla cocoa —hola-1,-ropristoria a rog i 0)(1000. toe cocoa ca cacao) cl liaravilla i. tbaohrama al lhomm. cocoa is ladir .4) south of al ar itowills imorvaared ..."
cocoa,1870,0,554,508,7.3204,True,"the markets. produce markets continue quiet. very little demand for sugar, raw or refined. coffee in limited request, and tea dull. cocoa and rice inactive. rum firm. lin- seed oil quiet. rape steady."
cocoa,1870,0,554,509,7.3236,True,"oblereres;m*.ii;ol.''""""zz''''.ol nam. knows cocoa &li is i red ilbi.k awarded imdal lbw 4.icnixics 128encil et cocoa rai ip mit 11.41 b. aimilymid. _"
cocoa,1870,0,554,510,7.3282,True,"maiatilla cocoa —hola-1,-ropristoria a rog i 0)(1000. toe cocoa ca cacao) cl liaravilla i. tbaohrama al lhomm. cocoa is ladir .4) south of al ar itowills imorvaared ..."
cocoa,1870,0,554,512,7.3441,True,"maiatilla cocoa —hola-1,-ropristoria a rog i 0)(1000. toe cocoa ca cacao) cl liaravilla i. tbaohrama al lhomm. cocoa is ladir .4) south of al ar itowills imorvaared ..."
cocoa,1870,0,554,515,7.3667,True,"opening of the barrow cocoa and coffee house. _ _ on tuescfay, at noon, the cocoa and coffee- house which has been erected in dalton-road, near the king's arms hotel, was inaugu..."
cocoa,1870,0,554,516,7.3714,True,"stockton. try t. stanton s noted ladies' calf boot at 24 100—warranted all leather. waverley cocoa rooms, hardwick.terrace, top of high st. (nest door to mr hugh., deutißt.) the above premises have be"
cocoa,1870,0,554,517,7.385,True,"441 xaniiiter kghats. saturday, march 23, 1878. the cocoa and coffee house movement. no small amount of the evil which preys upon human nature is produced by the circumttances that hedge men around on"
cocoa,1870,0,554,519,7.4067,True,"hyde. stzaling cocoa nuts at the vitailicb.—at the petty ssesious on monday, before e.hibbert sod r. hall, escis a boy named thomas 011ereashaw was charged with stealing ..."
cocoa,1870,0,554,521,7.4376,True,"tee cocoa nvt mat mailers. the assistance of all friends of working men are solicited on behalf of 300 men and boys out of work at messrs. kona and sons, cocoa..."
cocoa,1870,0,554,523,7.4481,True,"general markets. _ london pltuduch.—sugar very quiet, with rather a downward tendency in prices. coffee continues firm. cocoa steady. tea vnaltered. rice quiet. cotton and jute very dull. tallow about"
cocoa,1870,0,554,526,7.5097,True,"maravilla cooda. lb* perfection ol pisparel cocoa. maravilla cocol—flole ',0ra1..., taylor, bra is., london. the cocoa for nese) of manville, the true theolwoms of monroe. cora indigetwou to ,uth anl..."
cocoa,1870,0,554,527,7.5123,True,"charge of indecent assault against a cocoa room proprietor at the borough police court, yesterday, before mr. preston, stipendiary magistrate, david thomas, an elderly man, the proprietor of t..."
cocoa,1870,0,554,528,7.5274,True,"i 1 n[aiavilla cocoa. co.rrßrecnox of pritartj) cocoa. niaiutilla cocoa -410 lt protristors, taylor rico, 10,1,011. tb! cocoa (no cacao) el maratilla i. the ino thoobreae..."
cocoa,1870,0,554,529,7.533,True,"‘1 alt a villa' coc a 0--. the perybction of prepared- cocoa. ti aravilla cocoa. for breakfast ltj- thet//obesays:—""tayloß brothers maravilla cocoa has achieved a thorough success, and supersedes ever"
cocoa,1870,0,554,531,7.578,True,"produce. --- liverpool, 1103iday.--ergat the market continues dull, and the few sales effected are at moderate prices. coffee and cocoa unchanged. londo. monday.—sugar the transactions here have beens"
cocoa,1870,0,554,534,7.6359,True,"west broiiwici3.. the coffee ii ousir movearent.—on monday a coffee and cocoa house was formally opened by mr. h. farley, chairman of the improvement commissioners, who expressed his opinion that plac"
cocoa,1870,0,554,535,7.6408,True,"maravilla cocoa. • _ r!..l,,rictrhon invigo- rat:nor and t^ all. 3iaravilla 31a.ravilla coood. 11a35. l>evei- ate for inraiide pruc. _ mar.avilla cocoa.—od trial est..."
cocoa,1870,0,554,536,7.6476,True,"stealing a cocoa nut. william muller, a boy of twelve, was charged with stealing a cocoa nut, value 6d., the property of thos. smith, a hawker, on the 10th inst. comp..."
cocoa,1870,0,554,537,7.7016,True,"robbery by street arabs. thomas moran, nine years of age, and john dooley, aged ten, were charged with dealing a cocoa nut. the prisoner dooley was seen to enter the shop of joseph lyons, widnes, on t"
cocoa,1870,0,554,538,7.7175,True,"the per%won of prip•red r -- m a ravilla cocoa. —delicious, unto- rstlec sat sustaining to 111. ma ravi ll• cocoa.—th. blotto.= and dpap•pdgft la a ravilla cocoa.—one trial will setaltlish its mel..."
cocoa,1870,0,554,539,7.7341,True,"13lampool herald supplemene, july 4, 1879 victoria music hall, victoria-street. walker, s.. dining and cocoa rooms, rank hey-street, and prince of wales theatre. walker, thomas, slater, plasterer, &c."
cocoa,1870,0,554,540,7.7491,True,"produce. livenpool, monnay.--segar the market continues dull, and the few sales efftcted are at moderate prices. coffee and cocoa unchanged. los von, alonday.—sugar the transactions here have been on "
cocoa,1870,0,554,541,7.7751,True,"stealing a cocoa nut. william muller, a boy of twelve, was charged with stealing a cocoa nut, value 6d., the property of thos. smith, a hawker, on the 10th inst. comp..."
cocoa,1870,0,554,542,7.8005,True,"----de-lidous, m•ravilla cocoa. inv**. istioff mei ovatatolog to .11. mara v 1 ll• cocoa. —the beat beverage for 'avail& and dy•evlroce. wf • r•vill• cocoa.—one trial will establis..."
cocoa,1870,0,554,544,7.8597,True,"oblereres;m*.ii;ol.''""""zz''''.ol nam. knows cocoa &li is i red ilbi.k awarded imdal lbw 4.icnixics 128encil et cocoa rai ip mit 11.41 b. aimilymid. _"
cocoa,1870,0,554,545,7.8601,True,"‘1 alt a villa' coc a 0--. the perybction of prepared- cocoa. ti aravilla cocoa. for breakfast ltj- thet//obesays:—""tayloß brothers maravilla cocoa has achieved a thorough success, and supersedes ever"
cocoa,1870,0,554,546,7.8717,True,"the per%won of prip•red r -- m a ravilla cocoa. —delicious, unto- rstlec sat sustaining to 111. ma ravi ll• cocoa.—th. blotto.= and dpap•pdgft la a ravilla cocoa.—one trial will setaltlish its mel..."
cocoa,1870,0,554,547,7.9294,True,"robbery by street arabs. thomas moran, nine years of age, and john dooley, aged ten, were charged with dealing a cocoa nut. the prisoner dooley was seen to enter the shop of joseph lyons, widnes, on t"
cocoa,1870,0,554,548,7.9774,True,"opening of the barrow cocoa and coffee house. _ _ on tuescfay, at noon, the cocoa and coffee- house which has been erected in dalton-road, near the king's arms hotel, was inaugu..."
cocoa,1870,0,554,549,8.0218,True,"opening of the barrow cocoa and coffee house. _ _ on tuescfay, at noon, the cocoa and coffee- house which has been erected in dalton-road, near the king's arms hotel, was inaugu..."
cocoa,1870,0,554,553,8.297,True,"general markets. _ london pltuduch.—sugar very quiet, with rather a downward tendency in prices. coffee continues firm. cocoa steady. tea vnaltered. rice quiet. cotton and jute very dull. tallow about"
cocoa,1870,0,554,554,8.4473,True,"hyde. stzaling cocoa nuts at the vitailicb.—at the petty ssesious on monday, before e.hibbert sod r. hall, escis a boy named thomas 011ereashaw was charged with stealing ..."
cocoa,1870,1,1225,207,3.9695,True,"mr. chamberlain and the gothenburg system. -...----- -- .- -.-----. 1 epps's cocoa.—some time since, in a scr,es of articles _ times says—u the gothenburg system, or in these coinmensofuntiloengfool w"
cocoa,1870,1,1225,292,4.1834,True,"epps's cocoa..—""mining world"" says:—"" the pre' ration of pure and nutritious article, of diet is. 112 of philanthropy, noble work. the wear and tear upv• brain an..."
cocoa,1870,1,1225,311,4.2278,True,"i remaio, yours bre., a visitor. a visit to 'epps's cocoa ma giipactort.—throiioi the kindness of messrs epps. i recently had ao opportunity if seeing the many &implicated and varied processes the cac"
cocoa,1870,1,1225,314,4.2313,True,"breakfast.— epps's cocoa. -- grateful and fortino:-:-."" by a thorough knowledge of the natural laws which govern ti e operations of digestion and nutrition, and by a careful ..."
cocoa,1870,1,1225,337,4.2845,True,"marv donovan. mr. heuery samuel, briti museum-stree brood-street, bloomsbury. at mr. oliva. errs's cocoa.—ail the year round says—. let no strol- to the euston rand, hard by the regent's park. to epps"
cocoa,1870,1,1225,352,4.3173,True,"breakyabt. epps's cocoa, grateful and comforting.—. 4 by a thorough knowledge of the natural laws which govern the operations of digestion and nutrition, and by a careful ap..."
cocoa,1870,1,1225,419,4.4423,True,"...ot. railtitia.--116 laws which govern ti e operations a digestion and nutrition, and by 4 oareful application of the fine properties of well selected cocoa, mr epp has provided our breakfast t"
cocoa,1870,1,1225,424,4.4463,True,"i ao eifs's cocoa.—"" christian world"" says:—"" if- to take cocoa,' said i, i must know what it is made o‘fi4. must examine the_precess i must dive into the of its manuf..."
cocoa,1870,1,1225,457,4.5288,True,"we beg to draw the attention of our readers to err tolmaque's entertainment. we hope to sea a full room. • a visit to egps's cocoa namutactoii,i%-111poilet the kindness of messrs epps, i recently had "
cocoa,1870,1,1225,482,4.5648,True,"i ao eifs's cocoa.—"" christian world"" says:—"" if- to take cocoa,' said i, i must know what it is made o‘fi4. must examine the_precess i must dive into the of its manuf..."
cocoa,1870,1,1225,491,4.586,True,"i ao eifs's cocoa.—"" christian world"" says:—"" if- to take cocoa,' said i, i must know what it is made o‘fi4. must examine the_precess i must dive into the of its manuf..."
cocoa,1870,1,1225,506,4.6175,True,"epps's cocoa.—""cassell's household guide"" says:— we will now give an account of the process adopted by messrs. james epps and co., manufacturers of dietetic artic..."
cocoa,1870,1,1225,507,4.6188,True,"31[aravilla 0000 a. theiteifection of pi(,ef:a*i4d 0000 a. iiakavilla.ooooa.—sole paormaroits. -talclati, eros, ,london. the cocoa. (or cacao) of iceitavrila le the true therobrouln. of limits., • ta."
cocoa,1870,1,1225,524,4.6443,True,"bilhak.ii2i't.- cocoa. -i.iii,aiefiil. aim com- forting.—"" by a thorough knowledge a the nattin 1 laws whieh govern tle operations of digestion and nutrition, and by a car..."
cocoa,1870,1,1225,531,4.6594,True,"mailii villa cocoa. the perizotion of filizabad 0000 l fiwan it iwo"" listaluilsbed 110 yearn. lama stook pim obis bmk (wawa gad oesseal dietary la the lmdom at tie lowi..."
cocoa,1870,1,1225,539,4.6721,True,"...s of diet. genuine arrow root, sago, tapioca, vermicelli, ma- caroni, isinglass, iceland and huh moss, indian corn flour, epp's and fry's homeopathic cocoa, tomlinson and hayward's dandelion co"
cocoa,1870,1,1225,545,4.6776,True,"-fipps's cocoa.—"" naval and military a gazet a"" says :—"" the nutritive qualities of cocoa over either those of tea or coffee are now so generally acknowledged that ..."
cocoa,1870,1,1225,552,4.6848,True,"four rim. breakfast. —epps s cocoa.— urateful and com fortino. —"" by a t} °rough knowledge of the natural laws which govern the operations of digestion and nutri- tion, and by a carefu..."
cocoa,1870,1,1225,562,4.7233,True,"epps's cocoa.—""cassell's household guide"" says:— we will now give an account of the process adopted by messrs. james epps and co., manufacturers of dietetic artic..."
cocoa,1870,1,1225,575,4.7481,True,"am and north york review. delivered is. id. per quarter in advance. unstamped is. 3d. „ „ credit. one penny. cocoa as an economical food for cattle and horses. the morning advertiser, quoting from bel"
cocoa,1870,1,1225,586,4.7667,True,"-oclcol=sai taylor bros., london. thz cocoa for cacao) of lif aravilla is the tram theoblerna of liutsfeles. taylor wicrinicas boring wand tho exelissirs *apply of this omni% a my', rovoa, ham ..."
cocoa,1870,1,1225,591,4.7769,True,"the cocoa movement at seatbe. fine commodious coco tea, and coffee rooms were opened thursd near seacombe ferry, on the road from seacombe to birkenhead, by mr..."
cocoa,1870,1,1225,592,4.7795,True,"baker and confectioner. t_tot tea., coffee, and cocoa ready every -ili day from eight in the morning till eight i the evening. fresh tea cakes and pastry every day. d. mcgregor. 18, linthorpe-road, mi"
cocoa,1870,1,1225,615,4.8449,True,"----de-lidous, m•ravilla cocoa. inv**. istioff mei ovatatolog to .11. mara v 1 ll• cocoa. —the beat beverage for 'avail& and dy•evlroce. wf • r•vill• cocoa.—one trial will establis..."
cocoa,1870,1,1225,617,4.8472,True,"v. kaiuvilla 0000 a. primction of r1{721010 colva. maravilla cocot.—sole protrirtors, taylor bros. london. the cocoa (or cacao) t.i 11ainvilla la the on thenbroma of idiom°, c... iv intligenoto to sou"
cocoa,1870,1,1225,638,4.8795,True,"opening of cocoa rooms at darlington. on satordae afternoon mr backhouse; m.p., attended at the new cocoa rooms at dariington, opened by mr lockhart, who has similar ..."
cocoa,1870,1,1225,647,4.9077,True,"casse. !.i1111)_ wiaravilla. cocoa. the perfection of pret cocoa 1‘.1741/11gla cocoa.—sotz proprietors, taylor bros., london. the cocoa. (or cacao) of maravilla is the trim theobronsa ..."
cocoa,1870,1,1225,660,4.9354,True,"pakatiaepa adventlamasan s. manufacture of cocoa.--"" we will now we an account of the process —ol3ted b give james epps & co., manufacturers of (hetet' y messrs household guide. ic articles at their..."
cocoa,1870,1,1225,664,4.9482,True,"maravilla cocoa. • _ r!..l,,rictrhon invigo- rat:nor and t^ all. 3iaravilla 31a.ravilla coood. 11a35. l>evei- ate for inraiide pruc. _ mar.avilla cocoa.—od trial est..."
cocoa,1870,1,1225,668,4.9698,True,"... of diet. genuine arrow root, sago, tapioca, vermicelli, ma- caroni, isinglass, iceland and insh moss, indian corn flour, epp's and fry's homcepathic cocoa, tomlinson and hayward's dandelion c"
cocoa,1870,1,1225,675,4.987,True,"...garette"" says :—"" by a thur ugh natural laws which govern the operatioi.a and nutrition, and by a careful anlication ut c properties of well-selected cocoa. mr. epps l-ti"
cocoa,1870,1,1225,679,4.9944,True,"avillia cocoa. th perpect/on of prepared cocoa. jaaravilla cocoa.--sole proprietors, vt.cip rros,„ lannox the cocoa (or cacao) of maravilla is the true theoliroma ..."
cocoa,1870,1,1225,683,5.003,True,"opening of cocoa rooms at darlington. on saturday afternoon mr boathouse, m.p. attended at the new cocoa rooms at darlington, opened by mr lockhart, who has similar e..."
cocoa,1870,1,1225,689,5.0153,True,"opening of cocoa boom at widnes. on wodossiley night a public meeting, to cob brat. the establiehment nod openieg of coca tuom. uhr whin., woe held to ths v amities 1..."
cocoa,1870,1,1225,693,5.0267,True,"epps's 0000 a.—"" naval and military gazette"" says :—"" tile nutritive qualities of cocoa over either those of tea or coffee are now so generally acimowledged that the steady increase shewn by official "
cocoa,1870,1,1225,702,5.0393,True,"epps's cocoa.—""court journal"" says:—"" in a el iniat! so varying and trying as our own, to maintain a soil"" and unifortn health, our daily diet cannot be too carol..."
cocoa,1870,1,1225,712,5.0567,True,"fpps's cocoa.—"" naval and milifary. gazet'e says:—"" the nutritive qnalities of cocoa over either those of tea or coffee are now so generally acknowledged that the..."
cocoa,1870,1,1225,713,5.0594,True,"-epps's cocoa.—"" church review"" says :--"" although we cannot yet boast of a free break- fast table, still the active legislation in furtherance of that object duri..."
cocoa,1870,1,1225,715,5.067,True,"fpps's cocoa.—"" naval and milifary. gazet'e says:—"" the nutritive qnalities of cocoa over either those of tea or coffee are now so generally acknowledged that the..."
cocoa,1870,1,1225,723,5.085,True,"opening of cocoa rooms at darlington. on satordae afternoon mr backhouse; m.p., attended at the new cocoa rooms at dariington, opened by mr lockhart, who has similar ..."
cocoa,1870,1,1225,729,5.0995,True,"maravilla cocoa. -7-- for bileakfa3t. 'fhe abbe say, variety; importers and manufactuters h,tv ttempted to attain a reputation for their pro- pared cocas, but wo• do..."
cocoa,1870,1,1225,734,5.1127,True,"winsford copts"" and cocoa rome cvmplny, the subscription list of this company is only noel, the share, are limited in an.nunt to tan milling% and an important number already t..."
cocoa,1870,1,1225,736,5.1173,True,"opening of cocoa rooms at darlington. on saturday afternoon mr boathouse, m.p. attended at the new cocoa rooms at darlington, opened by mr lockhart, who has similar e..."
cocoa,1870,1,1225,748,5.148,True,"epps's cocoa.—""naval and military gazette"" say4l: ""the nuttitive qualities of cocoa over thoie of tea or coffea are now so generally acknowledgedtbat the steady i..."
cocoa,1870,1,1225,749,5.1487,True,"epps's cocoa.—""john bull"" aas in no branche, of industry are rec..int scientific and chemical discoveries more generally applied watt in those upon i which our fo..."
cocoa,1870,1,1225,753,5.163,True,"maravilla cocoa. -7-- for bileakfa3t. 'fhe abbe say, variety; importers and manufactuters h,tv ttempted to attain a reputation for their pro- pared cocas, but wo• do..."
cocoa,1870,1,1225,754,5.1655,True,"31 )a, manila, jute mk hemp carpets. cocoa mats. apply to e. sh ephe rd sons, burton. westmoreland. the city clock company, 7. cullum-street, london. sup ply every doctiption of clocks (with a..."
cocoa,1870,1,1225,771,5.2071,True,"opening of the barrow cocoa and coffee house. _ _ on tuescfay, at noon, the cocoa and coffee- house which has been erected in dalton-road, near the king's arms hotel, was inaugu..."
cocoa,1870,1,1225,781,5.2204,True,"opening of cocoa rooms at darlington. on satordae afternoon mr backhouse; m.p., attended at the new cocoa rooms at dariington, opened by mr lockhart, who has similar ..."
cocoa,1870,1,1225,786,5.2234,True,"opening of the barrow cocoa and coffee house. _ _ on tuescfay, at noon, the cocoa and coffee- house which has been erected in dalton-road, near the king's arms hotel, was inaugu..."
cocoa,1870,1,1225,787,5.2243,True,"31[aravilla 0000 a. theiteifection of pi(,ef:a*i4d 0000 a. iiakavilla.ooooa.—sole paormaroits. -talclati, eros, ,london. the cocoa. (or cacao) of iceitavrila le the true therobrouln. of limits., • ta."
cocoa,1870,1,1225,788,5.2247,True,"• epps's cocoa.—"" cassell's household guide"" sariol we will now give an account of the process adop of by messrs. james epps and co. manufacturers_,,v dietetic arti..."
cocoa,1870,1,1225,792,5.2367,True,"epps's 0000 a.—"" naval and military gazette"" says :—"" tile nutritive qualities of cocoa over either those of tea or coffee are now so generally acimowledged that the steady increase shewn by official "
cocoa,1870,1,1225,794,5.2382,True,"hireavilts 0000 a. ilte prarsorios 0000 a. 0000,slz ramnitrou, tat wi tilt 111l0fl winos cocoa (oe cacao) of mara villa la the tree lbeebroree laroeur. coma la ...rep... to &las *merles whirth klestri"
cocoa,1870,1,1225,797,5.2428,True,"-eppss cocoa only in lb., lb., awl 116. packets—l-tin-lined rut] labelltll. s ad by 'hie twade in all pis. 128, hich street, si ockton• '1 d jones • 4 i3egs most ..."
cocoa,1870,1,1225,807,5.2734,True,"...f diet. genuine arrow root, sago, tapioca, vermicelli, ma- caroni, isingla.ss, iceland and irish moss, indian corn flour, epp's and fry's homcepathie cocoa, tomlinson and hayward's dandelion"
cocoa,1870,1,1225,809,5.2817,True,"maravilla 0000 a. the pgarsanor a primo 0000 a. maravilla 0000a.--solc propristors, taylor bros. london. tel cocoa (ea cacao) of nar.avilla d the tame nacho:ma of lkinatta coosa la indigenous to south"
cocoa,1870,1,1225,812,5.2886,True,"...garette"" says :—"" by a thur ugh natural laws which govern the operatioi.a and nutrition, and by a careful anlication ut c properties of well-selected cocoa. mr. epps l-ti"
cocoa,1870,1,1225,813,5.2896,True,...ers • wish the public to know that they keep the largest and cheapest stock of paper hangings (all new patterns) of any firm in the north of england. cocoa mattmgs and mats. well-seasoned 
cocoa,1870,1,1225,814,5.2921,True,"-oclcol=sai taylor bros., london. thz cocoa for cacao) of lif aravilla is the tram theoblerna of liutsfeles. taylor wicrinicas boring wand tho exelissirs *apply of this omni% a my', rovoa, ham ..."
cocoa,1870,1,1225,819,5.3042,True,"maravilla 0000 a. the pgarsanor a primo 0000 a. maravilla 0000a.--solc propristors, taylor bros. london. tel cocoa (ea cacao) of nar.avilla d the tame nacho:ma of lkinatta coosa la indigenous to south"
cocoa,1870,1,1225,821,5.3068,True,"epps's cocoa.—"" naval and military gazette"" says :—""the notritii e coc over either those of tea or coffee are now so generatly acknowledged that the steady increa..."
cocoa,1870,1,1225,826,5.3156,True,"epps's 0000 a.—"" naval and military gazette"" says :—"" the nutritive qualities of cocoa over either those of tea or coffee are now so generally acknowledged that the steady increase shewn by official s"
cocoa,1870,1,1225,833,5.3266,True,"telford and mackenzie's, norton road. hf.eakfast.— epps's cocoa. grateful and com. forting.—"" by a thorough knowledge of the nature. laws which govern ti operations of digestion and nutrition, and by "
cocoa,1870,1,1225,834,5.327,True,"epps's cocoa.—""john bull"" aas in no branche, of industry are rec..int scientific and chemical discoveries more generally applied watt in those upon i which our fo..."
cocoa,1870,1,1225,836,5.3366,True,"furnishing. department. a large assortment of tapestry, kidder- minster, dutch, felt, & hemp carpets. cocoa ma ttings, in plain and striped, all widths. 10 pieces cretonnes, twilled, na. per yard. 10 "
cocoa,1870,1,1225,838,5.3381,True,"§‘'ag'ain plooadilly mau villa cocoa tm picrtikvoi d munn) 0000 l i was i gal uyam lewd nock *1 fint own mitl.gemini dioney as m tits lo cluivlolllolll awls, km sad ilireamtnell. lee"" w...."
cocoa,1870,1,1225,839,5.343,True,"• epps's cocoa.—"" cassell's household guide"" sariol we will now give an account of the process adop of by messrs. james epps and co. manufacturers_,,v dietetic arti..."
cocoa,1870,1,1225,845,5.3535,True,"other waters. agent for thompson & capper's howepathic cocoa and medicines. i royal charlie & river queen. i 4414.41;,iita messrs. duncan's passengeb steaeboats. until further notice, the above-named "
cocoa,1870,1,1225,852,5.3747,True,"cocoa room at the north end. os monday evening a new cocoa room was opened in brassey-street, at the north end. the premise. stand at the junction of two r..."
cocoa,1870,1,1225,856,5.3815,True,"epps's 0000 a.—"" naval and military gazette"" says :—"" the nutritive qualities of cocoa over either those of tea or coffee are now so generally acknowledged that the steady increase shown by official s"
cocoa,1870,1,1225,860,5.3904,True,"baker and confectioner. ii 0t tea, coffee, and cocoa ready every day from eight in the morning till eight i the evening. fresh 72es. cakes and pastry every day. d. mcgregor. 18, linthorpe-road, middle"
cocoa,1870,1,1225,861,5.3907,True,"rpps's cocoa.—""mining world"" says:—"" the pre- paration of pure and nutritious articles of diet is. in point of philaathrepy, noble work. the wear and tear upon br..."
cocoa,1870,1,1225,863,5.3975,True,"i 1 n[aiavilla cocoa. co.rrßrecnox of pritartj) cocoa. niaiutilla cocoa -410 lt protristors, taylor rico, 10,1,011. tb! cocoa (no cacao) el maratilla i. the ino thoobreae..."
cocoa,1870,1,1225,865,5.4022,True,"avillia cocoa. th perpect/on of prepared cocoa. jaaravilla cocoa.--sole proprietors, vt.cip rros,„ lannox the cocoa (or cacao) of maravilla is the true theoliroma ..."
cocoa,1870,1,1225,866,5.4029,True,"cocoa ne perfection of preparcd cocoa mailavilla cocoa.-bede proprleterstaywß, london. ne coca (er caen)°, marseille le the tree ',tette nine 0 orb.. l•lnd..."
cocoa,1870,1,1225,883,5.4334,True,"f4pps's cocoa.—"" naval and military gazette"" says :—"" the nutritive qualities of cocoa over either those of tea or coffee are now so generally acknowledged that th..."
cocoa,1870,1,1225,886,5.4379,True,"epps's 0000 a.—"" naval and military gazette"" says :—"" the nutritive qualities of cocoa over either those of tea or coffee are now so generally acknowledged that the steady increase shewn by official s"
cocoa,1870,1,1225,889,5.4436,True,"-fipps's cocoa.—"" naval and military a gazet a"" says :—"" the nutritive qualities of cocoa over either those of tea or coffee are now so generally acknowledged that ..."
cocoa,1870,1,1225,896,5.4661,True,"opening of cocoa rooms at darlington. on saturday afternoon mr boathouse, m.p. attended at the new cocoa rooms at darlington, opened by mr lockhart, who has similar e..."
cocoa,1870,1,1225,898,5.4902,True,"runcorn coffee and cocoa rouse. the investor? guardian say. :—this company pro- peseta, with a capital of ssa°, in al shares, to carry on the busin•is of tereperanoe refreshm..."
cocoa,1870,1,1225,899,5.4918,True,"epps's 0000 a.—"" naval and military gazette"" says :—"" the nutritive qualities of cocoa over either those of tea or coffee are now so generally acknowledged that the steady increase shown by official s"
cocoa,1870,1,1225,900,5.4919,True,"0 liverpool cocoa-rooms. defence. an attack and at the social science congress, on thurston, mr. borsht lockhart read a paper on rooms: their bocial and topral influen..."
cocoa,1870,1,1225,906,5.5026,True,"eio.pps's cocoa.—."" cassell's household guide"" says:— ""we will now give an account of the process adopted by messrs. james epps and anufacturers of dietetic articles..."
cocoa,1870,1,1225,908,5.5078,True,"neig -uttlin_presses „ epps's cocoa.—"" cassell's household guide"" says:— ""we will now give an account of the process adopted by messrs. james epps and co. manufacturers of dietetic tift..."
cocoa,1870,1,1225,910,5.5093,True,"epps's cocoa.—"" naval and military gazette"" says :—""the notritii e coc over either those of tea or coffee are now so generatly acknowledged that the steady increa..."
cocoa,1870,1,1225,913,5.5118,True,"epps's cocoa.— mining world"" says the preparation of pure and nutritious articles of diet is, in point of philanthropy, noble work. the wear and tear upon brain a..."
cocoa,1870,1,1225,915,5.5168,True,"neig -uttlin_presses „ epps's cocoa.—"" cassell's household guide"" says:— ""we will now give an account of the process adopted by messrs. james epps and co. manufacturers of dietetic tift..."
cocoa,1870,1,1225,916,5.5184,True,"kr. 81ros re.... bas mama from bis raant rwer• ....ch.e.fire at nmi* tepor's cocoa rectory, on frenday, destroyed mwebitery alone to the value of £60,c03. tbe oopyrtglit of cbistiso whisk pobliehed or"
cocoa,1870,1,1225,924,5.5409,True,"§‘'ag'ain plooadilly mau villa cocoa tm picrtikvoi d munn) 0000 l i was i gal uyam lewd nock *1 fint own mitl.gemini dioney as m tits lo cluivlolllolll awls, km sad ilireamtnell. lee"" w...."
cocoa,1870,1,1225,928,5.5462,True,"eacb. (for adhom, bronchitis, horse. ev a n s'si nen, shortness of drestb, dry pectoral i cough, hors varner. &a a cocoa most efficient sod agrassblo lozenges. i rem.dy. sold is boxes, 70„ i and is. l"
cocoa,1870,1,1225,933,5.5702,True,"40/' troops grim* defenedve of 1 fiom should be war, application iir 1•;ndon. us cocoa —.. flppi has provided pw=:.; _ a delicately flavoured bevenwre which may save. us many heavy doctors' bilis. h i"
cocoa,1870,1,1225,943,5.6049,True,"fa pps's cocoa.—"" court journal"" says :—"" in a climate so varying and trying as our own, to maintain sound uniform health, our daily diet cannot be too carefully an..."
cocoa,1870,1,1225,944,5.6077,True,"rpps's cocoa.—""mining world"" says:—"" the pre- paration of pure and nutritious articles of diet is. in point of philaathrepy, noble work. the wear and tear upon br..."
cocoa,1870,1,1225,951,5.6358,True,"other waters. agent for thompson & capper's homcepathic cocoa and medicines. i royal charlie & river queen. me ssr s. duncan's passenger steaeboats. until further notice, the above•natned steamboats w"
cocoa,1870,1,1225,957,5.6481,True,"-f:pps's cocoa.—"" civilian"" says in the 17th century, before either tea or coffee had found their way into the english market•s, chocolate was a favourite beve- rag..."
cocoa,1870,1,1225,961,5.6568,True,"coffee _ and cocoa _maces itovetiirt in giaraiii7 on thursday evening mr lewis dodshon de- livered an address on the above subject in the temperance hall, stockton, to ..."
cocoa,1870,1,1225,962,5.658,True,"• epps's cocoa.—""joint-stook com- panies journal"" says:—"" it is said of cardinal richelieu that, suffering from marasmus, or a general asting away of the body, he c..."
cocoa,1870,1,1225,965,5.6668,True,"epps's cocoa.-0 morning advertiser"" says :—""ln the middle of the seventeenth century an announcement appeared in one of the few journals of that period, to the ef..."
cocoa,1870,1,1225,971,5.6766,True,"epps's cocoa.—"" civilian"" says :—""ln the 17111 century, before either tea or coffee had fitund their way into the english markets, chocolate was a faveurite bever..."
cocoa,1870,1,1225,976,5.6957,True,"complete house furnishf:its, 10 k 12, oldham-street, manchester. works -spear-street. wav celey cocoa r 0 oms, h a dwick. te rrac e, top or hign at. :..lest door to mr hughes, dentist.) the hoc•s prem"
cocoa,1870,1,1225,977,5.702,True,"e""''s cocoa.—"" john bull"" says :—"" in no branches of industry are recent scientific and chemical discoveries more generally applied than in those upon which our ..."
cocoa,1870,1,1225,978,5.7024,True,"—tho tithe conunulation imo isoforlomet dili was, attar oomo remarks from mr. rum, road a mini tlaso sod pans& ""a. vferr ro epps's cocoa italthl4o (lou. —throttith the kindness of ileum isips, i reeen"
cocoa,1870,1,1225,980,5.7041,True,"...oduce markeu have ruled doll th• and the tendency of prices h. been downsarda eeld slowly, on rattier easier term+ i .1* both ran shi goods. cade and cocoa hese ruled p"
cocoa,1870,1,1225,981,5.7077,True,"hireavilts 0000 a. ilte prarsorios 0000 a. 0000,slz ramnitrou, tat wi tilt 111l0fl winos cocoa (oe cacao) of mara villa la the tree lbeebroree laroeur. coma la ...rep... to &las *merles whirth klestri"
cocoa,1870,1,1225,982,5.7119,True,"epps's cocoa.—"" church review"" says :—"" although we cannot ya boast of a free breakfast table, still the active legislation in furtherance of that object during t..."
cocoa,1870,1,1225,985,5.7261,True,"f4pps's cocoa.—"" naval and military gazette"" says :—"" the nutritive qualities of cocoa over either those of tea or coffee are now so generally acknowledged that th..."
cocoa,1870,1,1225,986,5.7301,True,"• maravilla cocoa. its perycction ot piikpaimd cocoa. )1"" -lila ,illi a:cos.-80le proprietors, taylor blob lonnie. ere cocoa (or cacao) of liaravilla rid, trim bleobmm..."
cocoa,1870,1,1225,988,5.7361,True,"*war fir sod 1711, piera6ll,ll,--` poriii4, cocoa we will dew gi sea. oft. am& ca, *attie p.444;44 it ',mir reeks at tie &intim 411 iinawthuld • • deaths.. idby wm= 74.;.; •, ...._ ciii tbelidlth oil..."
cocoa,1870,1,1225,989,5.7397,True,"• epps's cocoa.—""joint-stook com- panies journal"" says:—"" it is said of cardinal richelieu that, suffering from marasmus, or a general asting away of the body, he c..."
cocoa,1870,1,1225,990,5.7401,True,"• epps's cocoa.—""joint-stook com- panies journal"" says:—"" it is said of cardinal richelieu that, suffering from marasmus, or a general asting away of the body, he c..."
cocoa,1870,1,1225,996,5.7771,True,"fa pps's cocoa.—"" court journal"" says :—"" in a climate so varying and trying as our own, to maintain sound uniform health, our daily diet cannot be too carefully an..."
cocoa,1870,1,1225,997,5.7777,True,"the perfection of piepared cocoa. maravilla cocoa. m a ravill a cocoa. —widow.: invigo- rating anti auvtainlng to all. nlmr a ravilla cocoa.-th. beatbleivr,elaidres and dy.napt in. 1..."
cocoa,1870,1,1225,998,5.7895,True,"once um always used. the 0000 a oonddient poe horses and cattle. [nein highly nutritious food is s prows- .l lion from the cocoa bun, blooded with beelth giving suds, lierbe and roan'. known to pours "
cocoa,1870,1,1225,1005,5.8271,True,"other waters. agent for thompson & capper's homcepathic cocoa and medicines. t r a die the herald, saturday, september 17, 1870. john wilkinson, auctioneer and valuer, house and commission agent, &c.,"
cocoa,1870,1,1225,1007,5.8367,True,"f4pps's cocoa.—"" court journal"" says:—"" in a climate so varying and trying as our own, to maintain sound uniform health, our daily diet cannot be too carefully and..."
cocoa,1870,1,1225,1010,5.851,True,"epps's cocoa.—"" morning advertiser"" says :—"" in the middle of the seventeenth century an announcement appeared in one of the few journals of that period, to the e..."
cocoa,1870,1,1225,1012,5.8733,True,"epps's cocoa.—"" naval and military gazette"" says :—""the nutritive qualities of cocoa over either those of tea or coffee are now so generally acknowledged that the..."
cocoa,1870,1,1225,1015,5.8866,True,"ai-a prs's cocoa.—"" cassell's household guide"" says:— ""we will now give an account of the process adopted by messrs. james epps and co., manufacturers of dietetic art..."
cocoa,1870,1,1225,1017,5.89,True,"epps's cocoa.—""court journal"" says—ln a climate so •erying and trying as our 'own, to maintain sound uniform health, our daily diet cam et be too carefully and at..."
cocoa,1870,1,1225,1021,5.8958,True,"s. litieigow's toilet glasses di great variety, all equally reduced in price. brussels, tapestry, & kidderminster carpets. hearth rugs, skin mate, cocoa matting & mats. notic the addbiob- lithgow, lee"
cocoa,1870,1,1225,1023,5.8969,True,other waters. agent for thompson & capper's homcepathic cocoa and medicines. i royal charlie i.; river queen. g•stit' alteration of time table for messrs. duncan's passenger steaeboats. on and after s
cocoa,1870,1,1225,1024,5.9117,True,"-f:pps's cocoa.—"" civilian"" says in the 17th century, before either tea or coffee had found their way into the english market•s, chocolate was a favourite beve- rag..."
cocoa,1870,1,1225,1027,5.9373,True,"• epps's cocoa.—""joint-stook com- panies journal"" says:—"" it is said of cardinal richelieu that, suffering from marasmus, or a general asting away of the body, he c..."
cocoa,1870,1,1225,1029,5.9514,True,"epps's cocoa.— mining world"" says the preparation of pure and nutritious articles of diet is, in point of philanthropy, noble work. the wear and tear upon brain a..."
cocoa,1870,1,1225,1031,5.9531,True,"-f:pps's cocoa.—"" civilian"" says in the 17th century, before either tea or coffee had found their way into the english market•s, chocolate was a favourite beve- rag..."
cocoa,1870,1,1225,1035,5.9686,True,"cocoa sells sloel) at about i 'user rstea the spew market has become dull, mad transactions in alm stt all wade base been mulcted. w. note • ferthse dentin..."
cocoa,1870,1,1225,1036,5.9776,True,"...5th, 2575.—mr. fisher dear sir—l feel it a very great duty as well es pleasnre to bear testimony to the very great, efficiency 01 7010' bhaca vuesane cocoa emma abo"
cocoa,1870,1,1225,1040,6.0044,True,"south wales labourers' union, a meeting in connection with the above union was held on tuesday, the 29th, at toe large cocoa-room, marsh bridge. in the aaence of mr. h. s. vince, mr. j. cawsey preside"
cocoa,1870,1,1225,1041,6.0056,True,"opening of a new cocoa room. yasumnis evening the sixth branch of the dirkenheiti british workman public house company was opened.. in duke-street, by mr. william inman, j...."
cocoa,1870,1,1225,1043,6.0102,True,"epps's cocoa.—"" naval and military gazette"" says :—""the nutritive qualities of cocoa over either those of tea or coffee are now so generally acknowledged that the..."
cocoa,1870,1,1225,1046,6.0204,True,"""a 't1,,.1.r t i dos's cocoa i.aw.ufactory.-i;hrotlii the kindness of nlasrs. 'epps, i recently 'lied art .014.0 tunity of seeing the many complicated and varied processes the ca..."
cocoa,1870,1,1225,1049,6.0355,True,"rudy made clothing of all hind& girls. straw ram de, tod.. ard .11 new shapps from 1. not. kidderminster ow, felt carpets, kurth rugs, and cocoa ratting la all nooo.f4iis sud.tßrio,tvßdlng room, ..w. "
cocoa,1870,1,1225,1054,6.0576,True,"local news. on tuesday, at eleven o'clock, new cocoa and coffee rooms are to be opened by mr. j. fell, in duke-street, hindpool. • mr. c. lowden opens his new auction boone' in coruwallis-strt•et, nex"
cocoa,1870,1,1225,1055,6.0658,True,"hanle'ti. entfataimmismt—at the entertainment given at the cocoa house. broad-street, on monday. evening, mr. j. poole presided. snags were contributed by kfessrs. peddie, pickin. berrisford. walker, "
cocoa,1870,1,1225,1057,6.0754,True,"...hers wish the public to know that they keep the largest and cheapest stock of paper-hangings, (all new patterns) of any firm in the north of england. cocoa mattings and mats. well-seasoned"
cocoa,1870,1,1225,1059,6.0903,True,"cocoa mattings da mats. well-seasoned oilcloths, all widths. iron bedsteads & bedding. our brussels & tapestry carpets are well worthy., special journey to..."
cocoa,1870,1,1225,1060,6.0962,True,"local news. the cocoa and coffee house in dalton-road will be /early for opening in the course of a few days. at the annual meeting of the barrow yacht club. on monday, si..."
cocoa,1870,1,1225,1061,6.099,True,":44 the 1-14 t, corn 1-b..examiner ""nothing extenuate, nor set down aught in maliee.""—shakespeare. wncspoan coffee and cocoa house ccmpany, limited. tee bubsctiption list of this company is now open. "
cocoa,1870,1,1225,1067,6.1255,True,"marayilla cocoa. the rpßrecrion 0000, mabayilu cocoa—rolm proprirtori, taylor pros. lonnon. tm. cocoa (or cacao) of masavilla i. the true tbobrowe of la .v. know le ..."
cocoa,1870,1,1225,1068,6.1277,True,'shing department. furn w. g. isviteol stocked show the ii handsome foldini hair. floi dining tea an britannix electr ce' cocoa ta b sperial attention to his large and well- itooms. the following embr
cocoa,1870,1,1225,1077,6.1734,True,"...on. sugar and spice have a good nursery reputation, and we are not much shocked to learn that a large proportion of the substances advertised as pure cocoa"" is adul- terated with "
cocoa,1870,1,1225,1078,6.1746,True,"why supterp-rzliem is certain. l o'v e ift t 8 • cil/malted cocoa tlectimil li i a safe eacl• acetate eure for all mawrlet isis di ~,agliast and amftka, conghatilli ."" •ce .-.1""1"".••• !ma— .11.114 pi "
cocoa,1870,1,1225,1081,6.194,True,"t to'iphi eh furnishing department. a large assortment of tapestry, kidder- minster, dutch, felt, & hemp carpets. cocoa mattings, in plain and striped, all widths. 10 pieces cretonnes, twilled, nd. pe"
cocoa,1870,1,1225,1085,6.2082,True,"...on. sugar and spice have a good nursery reputation, and we are not much shocked to learn that a large proportion of the substances advertised as pure cocoa"" is adul- terated with "
cocoa,1870,1,1225,1087,6.2293,True,"f pps's cocoa.—""court journal"" says:—"" in a climate so varying and trying as our ;own, to maintain sound uniform health, our daily diet cannot be too careful iy an..."
cocoa,1870,1,1225,1088,6.2322,True,"opening of a -coffee house 'at wolverhampton. on tuesday morning another toffee and cocoa house establishment belonging to the com- pany which has been promoted for that purpose, was opened in the den"
cocoa,1870,1,1225,1094,6.2718,True,"cannock local board. a inee'sing of this board was held at cocoa ic friday, mr. williemson in the chair. a tender from the gas company to 413 t the limps for £2 each wu read. mr. smith proposed that h"
cocoa,1870,1,1225,1095,6.2951,True,"furnishing department. a large assortment of tapestry, kidder- minster, dutch, felt, & hemp carpets. cocoa matting s, in plain and striped, 911 widths. 10 pieces cretonnes, twilled, nd. per yard. 10 p"
cocoa,1870,1,1225,1101,6.3111,True,"lublic sows. v inspond coffee and cocoa house codipany,limitzi?.. the subscription list of this company a is now op.. tbu tibwei •os broiled on sto..tiot to ten •billings, and no importent ..."
cocoa,1870,1,1225,1104,6.3256,True,"winsfurd coffee and cocoa boum company, limited. the subscription list of atilt company s,a pes. th., shares aro ilmited a aleour.t to tan elailleage, and ilo imuottent uomber..."
cocoa,1870,1,1225,1105,6.3312,True,"furnishing department. a large assortment of tapestry, kidder- minster, dutch, felt, & hemp carpets. cocoa mattings, in plain and striped, all widths. 10 pieces cretonnes, twilled, per yard. 10 pieces"
cocoa,1870,1,1225,1106,6.3443,True,"the dorset county express and agricultural gazette, tuesday, october 27, 1874. --_ iogazugas sgasions. hi similar terms he touched on cocoa and mustard, and dorset it _ the legislature had taken the s"
cocoa,1870,1,1225,1110,6.3923,True,"...at• messing or slus national ilerift sorts., nrns use lon.a. terilusit on naturday. tiro lullowing resolutions wore pussd t. rbat the coffee palaces, cocoa hone, iwta. blithe i, datio"
cocoa,1870,1,1225,1111,6.403,True,"furnishing department. a large assortment of tapestry, kidder- minster, dutch, felt, & hemp carpets. cocoa mattings, in plain and striped, all widths. 10 pieces cretonnes, twilled, na. per yard. 10 pi"
cocoa,1870,1,1225,1113,6.4392,True,"and bedrooms. floor oil cloth, well seasoned, from 20 1 long to 8 yards wide, cut to any size. cocoa mattings in all widths, with mats of et description. a large quantity of french and german tai baiz"
cocoa,1870,1,1225,1117,6.4486,True,"mersey ward. on wednesday evening a meeting was held in the cocoa rooms, st. peal's-road, tranmere, of the friends and supporters of mr. andrew whyte, the liberal candidate for mersey ward. the rooms "
cocoa,1870,1,1225,1119,6.4735,True,"city and suburban. glaieul, cocoa nut, cymbal, tabernacle, birthday, ldus, notusk°, gondolier, ouragan, oxonian, evohe, baal°, terre do feu, thinskiu, neuchatel, disguise, lady of lyo..."
cocoa,1870,1,1225,1121,6.483,True,"... ady nape cloihing a all kinds ap tritra. taft 01 maw srafii .11 nsw siilpin4 from 20. mom. • kidpervinster affrf nut. c%ltprrs, ilf•arti1 nuns, anti cocoa sating al wifittf. april, ist& t. jobe's h"
cocoa,1870,1,1225,1125,6.5084,True,"furnishing department. a large assortment of tapestry, kidder- minster, dutch, felt, & hemp carpets. cocoa mattings, in plain and striped, all widths. 10 pieces cretonnes, twilled, nd. per yard. 10 pi"
cocoa,1870,1,1225,1127,6.5109,True,"maelyilla cows-soln pr iprintors, taylor lonpon. toe cocoa (or cacao) 01 manavilla la the true ilwobrows ef umlaut, coo. la luiliseuon in. america of who. map.. le • 0p.,. portion, taylor brothers na,"
cocoa,1870,1,1225,1131,6.561,True,"the mat-makers. the following appeal from the cocoa ana and matting weavers' society has been mado t...) the trades generally fellow worr3ien,—we beg most respect- fully to appeal to you for :assistan"
cocoa,1870,1,1225,1139,6.6072,True,"cl-e 471 :13kiti„711311(11a,ppordsiiire cocoa and coyfee, h:tekil,?t co imited) reqtiire the services of etill-s'gkßy,.w.hlo will be expected to exercise a f the business, toil' b pervision over ..."
cocoa,1870,1,1225,1141,6.6151,True,"...wf3. wureedmeorldeoaps.—efr. pinkthall having been aombasted to the eubdioutensetcy, till. corps winnow have its itaff of in one comalote. wr20701133 cocoa and comm corron.—a direr. tore 11"
cocoa,1870,1,1225,1143,6.6206,True,"s. lithgows toilet glasses in great variety, all equally reduced in price. brussels, tapestry, & kiddermlnster carpets. hearth rugs, skin mats, cocoa matting it mats nutr tee addeiisb- litiigow leeds "
cocoa,1870,1,1225,1145,6.6244,True,"r• 6:2o,ffordshire cocoa and house company, limited. op ""the osborne"" coffee house, (n...l\l°lltn street, wolveriiampton .llsr opposite the town hall), no, 1 branch. premises..."
cocoa,1870,1,1225,1148,6.6476,True,"...,/ imailind mum.. er itmnicil zmimizsion • t merii:11 for lcinchion. wm=3. [dal et. 'sou cililarll= •••••••• 1.1•••••• ma- ft. 111.0 amol illoa mime_ cocoa p. pock ani"
cocoa,1870,1,1225,1149,6.6552,True,"maratilla 00000. tm plolloololol 19.119ji3 0000 k. rarayilla coocia.""i42llp,ropiuktoii, tat®. tr, cocoa lec cacao) el liarittlla is the brow thaleta.o dense.. cs* le tionit wilma howler, of et tch 851"
cocoa,1870,1,1225,1150,6.6606,True,"...stablished 1847.] vol. 25.—n0. 1567. ohocolat men ler breakfast. •j /mm., nv, iv,. c-100.,lat men ler luncheo3. 011••••1,... llla ma moal ai ilkierid cocoa &ulla and 1111. path- ina ...ed a"
cocoa,1870,1,1225,1155,6.7179,True,"furnishing department. a large assortment of tapestry, kidder- minster, dutch, felt, & hemp carpets. cocoa mattings, in plain and striped, all widths. 10 pieces cretonnes, twilled, 3.0. per yard. 10 p"
cocoa,1870,1,1225,1157,6.7203,True,"the chester cup. hush money, knight of the garter, nobleman, glen- falloch, zapolya, cocoa nut, see saw, sylva, mont blanc, cock of the walk, vansittart, knight of athol, merry lass, *startor, beautif"
cocoa,1870,1,1225,1159,6.7385,True,".4 arnim is now at vienna, but-vai shortly to italy. -has followed i4yerpool's example in count return establhing the ^ cocoa and coffee houses. autumnal meeting of associated chambers -,eree commence"
cocoa,1870,1,1225,1160,6.7475,True,"... clothing op all hinds girls' straw —ll-1-llffe—go7l; ...vordom nod 01l nnw 111111'88 from 2id. omoll kiddirminstir oad fut carpet, /marti( hug r oad cocoa matting m 01l 'isla april, 1873. "
cocoa,1870,1,1225,1161,6.7478,True,"segal and 6pgrai. a new cocoa saloon has been opened in wellington street, gateshead, by messrs webster and bennett. a marriage is arranged between the countess. dowager of dunrav..."
cocoa,1870,1,1225,1163,6.7829,True,"...1111111111=- the examiner saturday, october 20, 1877. .------- altrinoham cheshire q7arter sessions. winbford news. widnes science and art opening of cocoa rooms opening of a new congrega"
cocoa,1870,1,1225,1164,6.7951,True,"opening of 0000 a booms at widnes. on weidneeday night • ?abbe meeting, to celebrete the eetabli.hoieut and opening of cocoa rooms iu widnee, wee hrld in the volunteer fish. the rooms are *anat. in li"
cocoa,1870,1,1225,1165,6.7966,True,"...mick's cr.un. it is contemplated starting in this town it ""working men's club."" on saturday evening a preliminary meeting was held in the (joffe, hnd cocoa house house tavern, to t"
cocoa,1870,1,1225,1170,6.8349,True,"...kie cocos, is id per lb illaravida owes% bratbaw, is id per lb dm heath obeeelalle, la ph 1. 11.1 per lb trm ided omon nate remted, 11111 mr trinidad cocoa pim i. "
cocoa,1870,1,1225,1173,6.9031,True,"local news. two men were yesterday sworn in before the magistrates at bartow, to serve for tia years on the county militia. the rage for cocoa and coffee houses seems to he on the increase. another of"
cocoa,1870,1,1225,1174,6.919,True,"cocoa ne perfection of preparcd cocoa mailavilla cocoa.-bede proprleterstaywß, london. ne coca (er caen)°, marseille le the tree ',tette nine 0 orb.. l•lnd..."
cocoa,1870,1,1225,1175,6.9665,True,lecture by mr. penderel brodhurst. cocoa as a sitbstittjte for beer. it is quite clear that one of the foremost public questions in the near future will be that of tem- perance. to whatever ...
cocoa,1870,1,1225,1176,6.981,True,"...e the sod un gentlzuk's hair cut.and brustiid by mach in shy. h. w. riglar's hare ciittincl shampooing. north roars, lorchiister. h wal reat•oll ally cocoa the u. "
cocoa,1870,1,1225,1177,6.9863,True,cocoa as a substitute for beer. it is quite clear that one of the foremost public questions in the near future will be that of tem- perance. to whatever ca...
cocoa,1870,1,1225,1178,7.0024,True,cocoa as a substitute for beer. it is quite clear that one of the foremost public questions in the near future will be that of tem- perance. to whatever ca...
cocoa,1870,1,1225,1179,7.008,True,"...stablished 1847.] vol. 25.—n0. 1567. ohocolat men ler breakfast. •j /mm., nv, iv,. c-100.,lat men ler luncheo3. 011••••1,... llla ma moal ai ilkierid cocoa &ulla and 1111. path- ina ...ed a"
cocoa,1870,1,1225,1180,7.0124,True,cocoa as a substitute for beer. it is quite clear that one of the foremost public questions in the near future will be that of tem- perance. to whatever ca...
cocoa,1870,1,1225,1184,7.1456,True,"victoria music hall, victoria-street. walker, s.. dining and cocoa rooms, bank hey-street, and prince of wales theatre. walker, thomas, slater, plasterer, &c., general-street, north shore, wardleworth"
cocoa,1870,1,1225,1185,7.1475,True,"raix„ [registered for abroad. one penny. beware or 001./ ffffff it. lea ..1 perrins, illea&vii.la cocoa th. pmumeen. et yliii,hip.9l3•l9/6. -i\i7cia-t-viegniwifa--- no.- • 1,110.1.:01.4."" tem cocoa or"
cocoa,1870,1,1225,1190,7.28,True,moment- bob 1171:ds awl l. nome ohocolat xxxi= rm. lunchbon. =dal aol t vienns eziiibi22ix. maw tat zak a r...a m [meco cocoa s.4d awl ilbi= a.m. 0. .••••1111. &fgt.!. brnzur ld s insenc 6 of c. >coa 
cocoa,1870,1,1225,1191,7.2873,True,"opening of the 'osborne' coffee house. the first business premises of the staffordshire cocoa house company, limited, situated in north street, wolverhampton, were opened on thursday morning under the"
cocoa,1870,1,1225,1193,7.3278,True,"...he sher old ach dus ,om -00l1 'to( kc. all he w cloth stmeihude towd.kon's (o. 3, iron walnut gp mabegai mahogaz tiofaa clot lady's ta hearth paseagc cocoa m whd wood p aentrob"
cocoa,1870,1,1225,1195,7.3491,True,"§‘'ag'ain plooadilly mau villa cocoa tm picrtikvoi d munn) 0000 l i was i gal uyam lewd nock *1 fint own mitl.gemini dioney as m tits lo cluivlolllolll awls, km sad ilireamtnell. lee"" w...."
cocoa,1870,1,1225,1196,7.4077,True,"raix„ [registered for abroad. one penny. beware or 001./ ffffff it. lea ..1 perrins, illea&vii.la cocoa th. pmumeen. et yliii,hip.9l3•l9/6. -i\i7cia-t-viegniwifa--- no.- • 1,110.1.:01.4."" tem cocoa or"
cocoa,1870,1,1225,1197,7.4557,True,"nrtritioi ti:rners i.iom(eoiathic cocoa ir. 11 -n. 1. 1. ci 1 lassa, luvrel. ltzt: de. hall sir philip is the xy1)1:4: j 3;"
cocoa,1870,1,1225,1198,7.4887,True,"11.a.r cocoa 0“. era*. lona,. taylor broviikry havd tn. unrivalled docoa', what le lo unden.l,ly ^ derirovion •it• vii, let ulicoa, ile ps.ioiioii el '•iiiavilla ..."
cocoa,1870,1,1225,1199,7.521,True,"nvalker, s.. dining and cocoa rooms, bank hey-street, and prince of wales theatre. walker, thomas, slater, plasterer, &c., general-street, north shore. watson, thomas, auctioneer,..."
cocoa,1870,1,1225,1200,7.6153,True,other waters. agent for thompson & capper's homcepathic cocoa and medicines.
cocoa,1870,1,1225,1201,7.6362,True,"the ny cocoa ur. clatk.k unnager of tits c ,s ttinho. k, ptool for el, .1 moo to keep open the 00004 it..mws 11.1 i tutu tielufk chrittate•lovroo,k, kikk iv e“tod..."
cocoa,1870,1,1225,1202,7.6735,True,"victoria music hall, avalker, s.. dining and cocoa rooms, bank hey-street, and prince of wales theatte. walker, thomas, slater, plasterer, &c., general-street, north shore. watson, thomas, auctioneer,"
cocoa,1870,1,1225,1203,7.6975,True,"cocoa ne perfection of preparcd cocoa mailavilla cocoa.-bede proprleterstaywß, london. ne coca (er caen)°, marseille le the tree ',tette nine 0 orb.. l•lnd..."
cocoa,1870,1,1225,1206,7.7865,True,"nea tn. open da il y. that mat. !att., zs cocoa co:d. and ilaooto bath, 6d. on. ami"
cocoa,1870,1,1225,1209,8.0434,True,"victoria music it ali,, victoria-street. whitaker's exhibition of eastern curiosities, borough assembly-rooms. walker, s.. dining and cocoa rooms, bank hey-street, and prince of wales theatre. walker,"
cocoa,1870,1,1225,1210,8.2266,True,"the staffordshire coffee and cocoa house company. opening of the bilston branch. -impito- the wolverhampton ment. scheme. at the meeting of the town council on monday, alderman hawksfo..."
cocoa,1870,1,1225,1217,10.9634,True,"...,/ imailind mum.. er itmnicil zmimizsion • t merii:11 for lcinchion. wm=3. [dal et. 'sou cililarll= •••••••• 1.1•••••• ma- ft. 111.0 amol illoa mime_ cocoa p. pock ani"
