word,decade,cluster,cluster_size,rank_in_cluster,distance_to_centroid,target_word_visible,snippet
sugar,1850,0,1358,1,2.651,True,"market intelligence. (from the london new price current, oct. 15.) siigar.—today the previous rime in prices of west india sugar was well sustained, and a large demand existed for home consumption. op"
sugar,1850,0,1358,2,2.7413,True,"market intelligence. (from the london new price current, aug. 19.) sugar.—to-day importers of west india sugar ge- nerally refused to submit to any further reduction, but refiners and grocers manifest"
sugar,1850,0,1358,3,2.7726,True,"market in tel ligen ce. (from the london t'ew price current, oct. 15.) sugar.—today the previous rise in prices of west india sugar was well sustained, end a largo demand existed for home consumption."
sugar,1850,0,1358,4,2.7854,True,"market intelligence. (from the london new price current, oct. 4.) sug'ia.—to-dsy a f sir business was transacted in the west india sugar market, and the rates obtained are fully equal to those current"
sugar,1850,0,1358,5,2.7868,True,"market in tel ligence. (from the london new price current, aug. 27.) snow.—to day previous terms were sustained for west, india sugar, and the demand is active for both acaleable and refining qualitie"
sugar,1850,0,1358,6,2.7918,True,"market intelligence. 1.1-01 london new price current, feb. 6.) sugar,—to-day a much better demand was expe- rienced for west india sugar, toth for grocery and re- finicg purposes; at auction 159 hhds "
sugar,1850,0,1358,7,2.8193,True,"market intelligence. front the london new price current of this day.) sugar.—of east india and mauritius, extensive arrivls have taken place since this day week and of west india asiweil as of foreign"
sugar,1850,0,1358,8,2.8209,True,"market intelligence. (from the london new price current, may 18.) seigar.—to-day there was a material improvement in the demand for west india sugar, especially for refining purposes, and the rates ob"
sugar,1850,0,1358,9,2.8255,True,"market intelligence. (from the london new price current, oct. 4.) sug'ia.—to-dsy a f sir business was transacted in the west india sugar market, and the rates obtained are fully equal to those current"
sugar,1850,0,1358,10,2.8303,True,"market in tel ligen ce. (from the london new price current, dec. 16.) sugar.—to-day lower rates were not taken fur west india sugar, but all parties were reluctant to operate. the sales are only 445 h"
sugar,1850,0,1358,11,2.8309,True,"market intelligence. (from the london new price current, july 16.) sugar.—to-day there was more activity in the west india market; grocers and refiners were buyers to a large extent, still merchants c"
sugar,1850,0,1358,12,2.8475,True,"market in tel ligen ce. (from the london new price current, dec. 16.) sugar.—to-day lower rates were not taken fur west india sugar, but all parties were reluctant to operate. the sales are only 445 h"
sugar,1850,0,1358,13,2.8576,True,"market intelligence. (from the london new price current, may 18.) seigar.—to-day there was a material improvement in the demand for west india sugar, especially for refining purposes, and the rates ob"
sugar,1850,0,1358,14,2.8623,True,"market intelligence. (from the london new price current, nov. 15.) sem alt.—to•day the home trade demand was better for west india sugar, and former rates were plid for both grocery and refining sorts"
sugar,1850,0,1358,15,2.8662,True,"market intelligence. (from the london new price current, nov. 5.) stu:wt.—to-day there was rather more activity in the west india sugar market, and the rates obtained for both grocery and refining sor"
sugar,1850,0,1358,16,2.8729,True,"market intelligence. (from the london new price current, oct. 28.) sugar.—to-day there was a reluctance to operate in west india sugar for all purposes; and in some cases the rates taken were rather u"
sugar,1850,0,1358,17,2.9002,True,"market intelligence. 1.1-01 london new price current, feb. 6.) sugar,—to-day a much better demand was expe- rienced for west india sugar, toth for grocery and re- finicg purposes; at auction 159 hhds "
sugar,1850,0,1358,18,2.903,True,"market intelligence. (from the london new price current, oct. 15.) siigar.—today the previous rime in prices of west india sugar was well sustained, and a large demand existed for home consumption. op"
sugar,1850,0,1358,19,2.9121,True,"market intelligence. (from the london new price current, march 5.) sugar.—to-day the market for west india sugar presented a dull aspect; both grocers and refiners made purchases with much caution, an"
sugar,1850,0,1358,20,2.9207,True,"market intelligence. (from the london ivew price current, march 28.) sucan.—to-day former rates were required for west india sugar, still home dealers operated with caution, and the purchases amounted"
sugar,1850,0,1358,21,2.9269,True,"market intelligence. (from the london new price current, aug. 19.) sugar.—to-day importers of west india sugar ge- nerally refused to submit to any further reduction, but refiners and grocers manifest"
sugar,1850,0,1358,22,2.9287,True,"market in tel ligen ce. (from the london t'ew price current, oct. 15.) sugar.—today the previous rise in prices of west india sugar was well sustained, end a largo demand existed for home consumption."
sugar,1850,0,1358,23,2.9307,True,"market intelligence. (from the london neu, price current, jan. 11.) sugar.—to-day thcre were several purchasers of west india sugar for all purposes, bat merchants in- sisting upon rather higher rates"
sugar,1850,0,1358,24,2.9314,True,market intelligence. from the _london new price current of this day). sugar.—to-day the prices obtained for all descriptions kf west india sugar were equal to those of friday. still i.he demand was li
sugar,1850,0,1358,25,2.9444,True,"market intelligence. (from the london new price current, aug. 13.) siiciar.--to-day the rates paid for west india sugar were equal to those of friday, and there was a good dement] for both grocery and"
sugar,1850,0,1358,26,2.946,True,"market in tel ligen ce. (from the london new price current, oct. 12.) sugar.—to-day there was a lively demand for west india sugar from both refiners and grocers; the rates obtained were 6d per owt ab"
sugar,1850,0,1358,27,2.9499,True,"market intelligence. • (from the london new price current of this day.) sugar.—to-day there was a reluctance to operate in west india sugar for all purposes, and prices close 6d per cwt under last fri"
sugar,1850,0,1358,28,2.9625,True,"market intelligence. (from the london new price current of this day.) sugar.—to-day there was firmness in the market for west india sugar, and the pieces obtained were fully equal to those of friday f"
sugar,1850,0,1358,29,2.9657,True,"market in tel lig en ce. (from the london new price current, june 21.) sugar.—to-day there was more demand for both grocery and refining sorts; importers also displayed firmness, and obtained fully fo"
sugar,1850,0,1358,30,2.9754,True,"market in tel ligen ce (from the london new price current, oct. 14.) sugar.—to-day a great demand was experienced for west india sugar, both for the pan and grocery purposes. merchants displayed firmn"
sugar,1850,0,1358,31,2.976,True,"(left sitting.) market in tel ligen ce. (from the london new price current, june 6.) sugar.—to-day there was a large business trans- acted in west india sugar, and full rates were obtained, grocers be"
sugar,1850,0,1358,32,2.9863,True,"price of sugar. the average price of brown or muscovado sugar, com- puted from returns made in the week ending jan. 6, 1852, exclusive of customs duties paid or pay..."
sugar,1850,0,1358,33,2.9866,True,"market in tel ligen ce. (from the london new price current, may 2.) shona.—to-day former rates were well supported for west india sugar and there was an increased demand for all sorts. the purchases a"
sugar,1850,0,1358,34,2.9894,True,"market intelligence. front the london new price current of this day.) sugar.—of east india and mauritius, extensive arrivls have taken place since this day week and of west india asiweil as of foreign"
sugar,1850,0,1358,35,2.9948,True,"market in tel lig en ce. (from the london new price current, june 21.) sugar.—to-day there was more demand for both grocery and refining sorts; importers also displayed firmness, and obtained fully fo"
sugar,1850,0,1358,36,2.9954,True,"market in tel ligen ce. (from the london new price current, oct. 12.) sugar.—to-day there was a lively demand for west india sugar from both refiners and grocers; the rates obtained were 6d per owt ab"
sugar,1850,0,1358,37,2.9962,True,"market intelligence. (from the london new price current, oct. 28.) sugar.—to-day there was a reluctance to operate in west india sugar for all purposes; and in some cases the rates taken were rather u"
sugar,1850,0,1358,38,2.9974,True,"market intelligence. (from the london new price current, oct. 15.) siigar.—today the previous rime in prices of west india sugar was well sustained, and a large demand existed for home consumption. op"
sugar,1850,0,1358,39,3.0011,True,"market in tel ligen ce. (from the london t'ew price current, oct. 15.) sugar.—today the previous rise in prices of west india sugar was well sustained, end a largo demand existed for home consumption."
sugar,1850,0,1358,40,3.0106,True,"market intelligence. (from the london new price current, may 18.) seigar.—to-day there was a material improvement in the demand for west india sugar, especially for refining purposes, and the rates ob"
sugar,1850,0,1358,41,3.0119,True,"market intelligence. (from the london new price current, march 5.) sugar.—to-day the market for west india sugar presented a dull aspect; both grocers and refiners made purchases with much caution, an"
sugar,1850,0,1358,42,3.013,True,"market intelligence. (from the london new price current, aug. 19.) sugar.—to-day importers of west india sugar ge- nerally refused to submit to any further reduction, but refiners and grocers manifest"
sugar,1850,0,1358,43,3.0153,True,"markrt intelligence. (from the landon new price current of yesterday.) sugar.—to-day there were ready buyers of west india sugar for home consumption, and the prices offered are fully equal to those o"
sugar,1850,0,1358,44,3.0178,True,"market in tel ligen ce. (from the london new price current, oct. 12.) sugar.—to-day there was a lively demand for west india sugar from both refiners and grocers; the rates obtained were 6d per owt ab"
sugar,1850,0,1358,45,3.0198,True,"market intelligence (from the london new price current, oct. 10.) sugar.—to-day there was a large and general de- mand for west india for home consumption, and full rates were paid; indeed in some cas"
sugar,1850,0,1358,46,3.0207,True,"market intelligence. (from the london new price current, feb. 18.) suqar.—to-day there was not much business concluded in the west india sugar market, but holders are firm, and obtained full rates ter"
sugar,1850,0,1358,47,3.0209,True,"sun, london, market intelligence. (from the london new price current, aug. 29.) sugar,—to-day there was no improvement in the home trade demand for west india, still holders were firm, and obtained fu"
sugar,1850,0,1358,48,3.0209,True,"price of sugar. the average price of brown or muscovado sugar, com- puted from returns made in the week ending jan. 6, 1852, exclusive of customs duties paid or pay..."
sugar,1850,0,1358,49,3.021,True,"market intelligence. (from the london new price current, oct. 28.) sugar.—to-day there was a reluctance to operate in west india sugar for all purposes; and in some cases the rates taken were rather u"
sugar,1850,0,1358,50,3.0238,True,"market intelligence. (from the london ivew price current, march 28.) sucan.—to-day former rates were required for west india sugar, still home dealers operated with caution, and the purchases amounted"
sugar,1850,0,1358,51,3.0244,True,"market intelligence. (from the london .new price current, july 27.) solar.—to-day rho mark, t was plentifully supplied with west india sugar, chiefly by the recent arrivals; merchants were desirous to"
sugar,1850,0,1358,52,3.0283,True,"market intelligence. (from the london new price current, feb. 18.) suqar.—to-day there was not much business concluded in the west india sugar market, but holders are firm, and obtained full rates ter"
sugar,1850,0,1358,53,3.0339,True,"(left sitting.) market in tel ligen ce. (from the london new price current, june 6.) sugar.—to-day there was a large business trans- acted in west india sugar, and full rates were obtained, grocers be"
sugar,1850,0,1358,54,3.0387,True,"...ence (from the london ,new price current, sept. 19.) suigar.—to-day the market was loss freely supplied with all descriptions of colonial and foreign sugar, and prices underwent no furt"
sugar,1850,0,1358,55,3.0421,True,"market in tel ligen ce. (from the london new price current, oct. 12.) sugar.—to-day there was a lively demand for west india sugar from both refiners and grocers; the rates obtained were 6d per owt ab"
sugar,1850,0,1358,56,3.0423,True,"market intelligence. from the london new price current of yesterday.) sugar.—to-day the prices obtained for both grocery and refining sorts of west india sugar were equal to those of friday, and a fai"
sugar,1850,0,1358,57,3.0476,True,"market in tel lige n ce. (from the london new price current, july 30.) stramt.—to-day rather lower rates were accepted for west india sugar, there was in consequence a good bowie trade demand. operati"
sugar,1850,0,1358,58,3.0508,True,"market intelligence. (from the london new price current, oct. 29.) soda.—to-day west india sugar was purchased with caution by refiners and grocers, still holders gene. rally would not sell at lower r"
sugar,1850,0,1358,59,3.0514,True,"market in tel ligen ce. (from the london new price current, may 2.) shona.—to-day former rates were well supported for west india sugar and there was an increased demand for all sorts. the purchases a"
sugar,1850,0,1358,60,3.0537,True,"market intelligence. (from the london new price oarrent of this day.) sugar.—although the market has been less freely supplied with colonial, still prices have again declined home dealers not being di"
sugar,1850,0,1358,61,3.0601,True,"market in tel ligen ce (from the london new price current, oct. 14.) sugar.—to-day a great demand was experienced for west india sugar, both for the pan and grocery purposes. merchants displayed firmn"
sugar,1850,0,1358,62,3.0603,True,"price of sugar. the average price of brown or muscovado sugar, com- puted from the returns made in the week ending january 15, 1850, is 265. 4d. per cwt. market int..."
sugar,1850,0,1358,65,3.0693,True,"market in tel lige n ce. (from the london new price current, july 30.) stramt.—to-day rather lower rates were accepted for west india sugar, there was in consequence a good bowie trade demand. operati"
sugar,1850,0,1358,66,3.0776,True,"market intelligence. (from the london new price current, may 18.) seigar.—to-day there was a material improvement in the demand for west india sugar, especially for refining purposes, and the rates ob"
sugar,1850,0,1358,67,3.0785,True,"market in t elligen ce. -- (from the london new price current, march 16.) demand was, however, sugar. —to-day importers of west india sugar sdugthare were not disposed s puff() seerdwt a so sell l lte"
sugar,1850,0,1358,68,3.0796,True,"1852. market intelligence• (from the london new price current of sugar.- to-day there was only a limited de' west india sugar from either grocers or refiners,' close generally the same as on friday la"
sugar,1850,0,1358,69,3.0802,True,"market in t elligen ce. -- (from the london new price current, march 16.) demand was, however, sugar. —to-day importers of west india sugar sdugthare were not disposed s puff() seerdwt a so sell l lte"
sugar,1850,0,1358,70,3.0835,True,"market intelligence. • (from the london new price current of this day.) sugar.—to-day there was a reluctance to operate in west india sugar for all purposes, and prices close 6d per cwt under last fri"
sugar,1850,0,1358,71,3.0951,True,"market intelligence. (from the london new price current of this day.) sugar.—prices have ceased to decline for all descrip- tions of colonial, there having been a larger home trade demand, and a decre"
sugar,1850,0,1358,72,3.099,True,"wednesday evening, market intelligence. (from the london new price current,may 28.) sugar.-there was a large business concluded to-day in both refining and grocery qualities of west india sugar, whils"
sugar,1850,0,1358,73,3.1064,True,"market intelligence. front the london new price current of this day.) sugar.—of east india and mauritius, extensive arrivls have taken place since this day week and of west india asiweil as of foreign"
sugar,1850,0,1358,74,3.1103,True,"price of sugar. the average price of brown or muscovado sugar, com- puted from the returns made in the week ending january 15, 1850, is 265. 4d. per cwt. market int..."
sugar,1850,0,1358,76,3.1133,True,"(left sitting.) market in tel ligen ce. (from the london new price current, june 6.) sugar.—to-day there was a large business trans- acted in west india sugar, and full rates were obtained, grocers be"
sugar,1850,0,1358,77,3.1135,True,"market intelligence. (from the london new price current of this day.) sugar.—prices have ceased to decline for all descrip- tions of colonial, there having been a larger home trade demand, and a decre"
sugar,1850,0,1358,78,3.1143,True,"market intelligence. (from the london new price current, june 20.) sttaet— importers of west india sugar askingoai;a advance on former rates of 6d per cwt ope- rated against bsbu2sinhehsaes. the purch"
sugar,1850,0,1358,79,3.1144,True,"price of sugar. the average price of brown or muscovado sugar, com- puted from returns made in the week ending jan. 6, 1852, exclusive of customs duties paid or pay..."
sugar,1850,0,1358,80,3.1166,True,"ma.ri(rt intelligence. (from, the london new price current of this day.) sugar.—to-day west india sugar was much enquired after for home trade purposes, and the rates offered were fully equal to those"
sugar,1850,0,1358,81,3.1168,True,"market intelligence. (from the london new price current, april 8.) sugar.—to-day west india sugar was offered rat her under the rates of friday; still all sorts were dealt, in with reluctance. the pur"
sugar,1850,0,1358,82,3.1178,True,"sun, london, market intelligence. (from the london new price current, aug. 29.) sugar,—to-day there was no improvement in the home trade demand for west india, still holders were firm, and obtained fu"
sugar,1850,0,1358,83,3.1182,True,"market intelligence. (pewit the loado4 new price current of this day.) sugar.—to-day the prices obtained for both grocery and refining sorts of west india sugar were equal to those of friday, and a fa"
sugar,1850,0,1358,85,3.1225,True,market intelligence. from the _london new price current of this day). sugar.—to-day the prices obtained for all descriptions kf west india sugar were equal to those of friday. still i.he demand was li
sugar,1850,0,1358,86,3.1227,True,"market in tell igen ce. (from the london new price current, aug. 3.) sugar.—to-day west india was op-rated in with some reluctance, both for grocery and refining purposes, although there were sellers "
sugar,1850,0,1358,87,3.1228,True,"market intelligence. (from the london new price current, aug. 13.) siiciar.--to-day the rates paid for west india sugar were equal to those of friday, and there was a good dement] for both grocery and"
sugar,1850,0,1358,88,3.124,True,"market in tel ligence. (from the london new price current, march 25.) sugar.—to-day west india sugar was offered upon rather lower terms, still the demand was small for all sorts by private treaty. th"
sugar,1850,0,1358,89,3.1261,True,"market intelligence. (from the london new price current of yesterday.) • sugar.—to-day importers of west india sugar were in- clined to realise, and in some cases accepted prices rather under those of"
sugar,1850,0,1358,90,3.1276,True,"evening, septem market intelligence. (feo:n the london neu; price current, sept. 28.) sugar.-to-d ty west indie sugar was in extensive request, both for refining and grocery purposes, the rates obtain"
sugar,1850,0,1358,91,3.1278,True,"ma.ri(rt intelligence. (from, the london new price current of this day.) sugar.—to-day west india sugar was much enquired after for home trade purposes, and the rates offered were fully equal to those"
sugar,1850,0,1358,92,3.1296,True,"market intelligence. from the london new price current of this day.) sugar.—to-day the rates paid were fully equal to those current on friday, but the assortment was small and in- different. barbadoes"
sugar,1850,0,1358,94,3.1313,True,"market in tel li gen ce. -- (from the london new price current, april it.) sugar.—to-d-y west india sugar was offered at a reduction on last friday's rates of 6d per cwt, yet all parties operated with"
sugar,1850,0,1358,95,3.132,True,"market in tel ligen ce. (from the london new price current, may 2.) shona.—to-day former rates were well supported for west india sugar and there was an increased demand for all sorts. the purchases a"
sugar,1850,0,1358,96,3.1383,True,"friday evening, november 21, 1861. market intelligence. (from the london _new price current; nov. 21.) sugar.—to-day the west india sugar market pre- sented a firm appearance. a good home trade demand"
sugar,1850,0,1358,97,3.1411,True,"market intelligence. (pewit the loado4 new price current of this day.) sugar.—to-day the prices obtained for both grocery and refining sorts of west india sugar were equal to those of friday, and a fa"
sugar,1850,0,1358,98,3.1411,True,"market intelligence• (from the london new price current, march 21.) suann.—to-day there was no improvement in the demand for west india sugar, and the purchases amounted to only 372, making for the we"
sugar,1850,0,1358,99,3.1413,True,"1852. market intelligence• (from the london new price current of sugar.- to-day there was only a limited de' west india sugar from either grocers or refiners,' close generally the same as on friday la"
sugar,1850,0,1358,101,3.1497,True,"market intelligence. (from the london new price current, oct. 1.) straa.n.—to-day there was much disposition evinced to operate in west india sugar for home consumption, and stiffer rates were offered"
sugar,1850,0,1358,102,3.1515,True,"market intelligence. (from the london new price current of yesterday.) • sugar.—to-day importers of west india sugar were in- clined to realise, and in some cases accepted prices rather under those of"
sugar,1850,0,1358,103,3.159,True,"market in tel ligen ce. (from the london new price current, march 16.) sugar.—to-day importers of west india sugar were not disposed to sell under the rates of friday, and the quantity on offer was le"
sugar,1850,0,1358,104,3.1612,True,"from the london gazette market intelligence. (from the london new price current, feb. 4.) sugar.—to day importers of west india sugar re- fused to sell except at prices equal to those of friday, still"
sugar,1850,0,1358,105,3.1646,True,"market intelligence. ----- (from the london new price current, march 11.) sugar.—to-day the supply at market waa again scanty of west india sugar, and previous rates were sustained, but there was litt"
sugar,1850,0,1358,106,3.1659,True,"market intelligence. (from the london .new price current, aug. 16.) sugar.—to-day there was no public sale of any kind of sugar. and only limited parcels are declared for next week. in the west india "
sugar,1850,0,1358,107,3.1687,True,"market intelligence. (from the london new price current, oct. 5.) sugar.—today the west india sugar market was in a favourable position; a large home trade demand prevails. and in some cases the rates"
sugar,1850,0,1358,108,3.1694,True,"(lept sitting.) market in tel ligen ce. (from the london new price current, march 23.) ®sugar.—to-day there was a material increase in the business transacted in west india sugar, and full rates were "
sugar,1850,0,1358,109,3.1721,True,"price of sugar. the average price of brown or muscovado sugar, com- puted from the returns made in the week ending january 15, 1850, is 265. 4d. per cwt. market int..."
sugar,1850,0,1358,110,3.1722,True,"market intelligence. (from the london 2vew price current, dec. 10.) sitoar.—to-day there was greater firmness in the west india sugar market, and a g(o i business was transacted in both grocery and re"
sugar,1850,0,1358,111,3.1766,True,"sun, london, market intelligence. (from the london new price current, aug. 29.) sugar,—to-day there was no improvement in the home trade demand for west india, still holders were firm, and obtained fu"
sugar,1850,0,1358,112,3.1785,True,"market intelligence. (from the london .new price current, july 27.) solar.—to-day rho mark, t was plentifully supplied with west india sugar, chiefly by the recent arrivals; merchants were desirous to"
sugar,1850,0,1358,113,3.1788,True,"market in tel lige.n cb. (from the london new price current, aug. 6.) sugar.—to-day west india sugar was operated en with reluctance for home trade purpose., although offyred upon rather lower terms, "
sugar,1850,0,1358,114,3.1839,True,"market intelligence. (from the london new price current of yesterday.) sugar.—to-day the market for west india sugar pre- sented a quiet appearance, both refiners and grocers operat- ing- with relucta"
sugar,1850,0,1358,115,3.1849,True,"market in tel ligence. (from the london new price current, march 25.) sugar.—to-day west india sugar was offered upon rather lower terms, still the demand was small for all sorts by private treaty. th"
sugar,1850,0,1358,116,3.1854,True,"the sun, london, wednesday evening, february (1, 1850. market intelligence. (from the london new price current, feb. 5.) sugar.—to-day there was a fair business concluded in bright grocery and best re"
sugar,1850,0,1358,118,3.1931,True,"market intelligence. (from the london new price current of yesterday.) sugar.—to-day the market for west india sugar pre- sented a quiet appearance, both refiners and grocers operat- ing- with relucta"
sugar,1850,0,1358,119,3.195,True,market intelligence. from the london new price current of yesterday.) sugail—to-day the prices obtained for all descriptions of west india sugar were equal to those of friday. still the demand was lim
sugar,1850,0,1358,120,3.1954,True,"market intelligence. (from the london new price current, oct. 12.) sugars.—to-day there was a lively demand for west india sugar from both refiners and grocers • the rates obtained were 6d per cwt aki"
sugar,1850,0,1358,121,3.1974,True,"market in tell igen ce. (from the london new price current, aug. 3.) sugar.—to-day west india was op-rated in with some reluctance, both for grocery and refining purposes, although there were sellers "
sugar,1850,0,1358,122,3.1975,True,"market ill tel li gen ce. (from the london new price current, april 22.) sugar.-there appears to be more disposition on the part of home dealers to operate and less inclination has been evinced"" by im"
sugar,1850,0,1358,123,3.1997,True,market intelligence. from the london new price current of yesterday.) sugail—to-day the prices obtained for all descriptions of west india sugar were equal to those of friday. still the demand was lim
sugar,1850,0,1358,124,3.1999,True,"friday evening, november 21, 1861. market intelligence. (from the london _new price current; nov. 21.) sugar.—to-day the west india sugar market pre- sented a firm appearance. a good home trade demand"
sugar,1850,0,1358,125,3.2004,True,"market int elligence. -front the london new price current of this day. sugar.—to-day previous prices were well sustained for all' descriptions of west india sugar, there being a very good home trade d"
sugar,1850,0,1358,126,3.2021,True,"market in t elligen ce. -- (from the london new price current, march 16.) demand was, however, sugar. —to-day importers of west india sugar sdugthare were not disposed s puff() seerdwt a so sell l lte"
sugar,1850,0,1358,127,3.2023,True,"mines. market intelligence. prom the london new price current of yesterday.) sugar.—to-day importers of west india sugar were desirous to realise. at auction, 250 hhds 17 tcs barba- does, which sold a"
sugar,1850,0,1358,128,3.2078,True,"market intelligence. from the london new price current of this evening.) sugar.- to-day there was only a limited demand for west india sugar from either grocers or refiners, still, rates close general"
sugar,1850,0,1358,129,3.2104,True,"market intelligence. (from the london new price current, april 8.) sugar.—to-day west india sugar was offered rat her under the rates of friday; still all sorts were dealt, in with reluctance. the pur"
sugar,1850,0,1358,130,3.2108,True,"market intelligence. (from the london new price current of this day.) sugar.—to-day importers of west india sugar submit- ting to prices rather under those of friday, occasioned a good demand to preva"
sugar,1850,0,1358,131,3.2212,True,"...et intelligence. (prom the london new price current of this day.) a • sugaii.—to-day only a moderate home trade demand was experienced for west india sugar, supply was plenti- ful, and in some cas"
sugar,1850,0,1358,132,3.2215,True,"(left spea king.) ..l.......,—_____—_,-._ -..t i current,l igr ~'`it).lril ;3.) (from the london new. market in sugar. —to-day there w of west india as ready bu.ers making for the week for all sorts. "
sugar,1850,0,1358,133,3.2227,True,"market intelligence. (from the london ?vew price current of this day.) sugar.—to-day there was a good home trade demand for british plantation sugar, still at previous rates merchants were desirous to"
sugar,1850,0,1358,134,3.2232,True,"friday evening, november 21, 1861. market intelligence. (from the london _new price current; nov. 21.) sugar.—to-day the west india sugar market pre- sented a firm appearance. a good home trade demand"
sugar,1850,0,1358,135,3.2234,True,"market intelligence. from the london new price current of yesterday.) sugar.—to-day the prices obtained for both grocery and refining sorts of west india sugar were equal to those of friday, and a fai"
sugar,1850,0,1358,136,3.224,True,"(lept sitting.) market in tel ligen ce. (from the london new price current, march 23.) ®sugar.—to-day there was a material increase in the business transacted in west india sugar, and full rates were "
sugar,1850,0,1358,137,3.225,True,"market intelligence. (from the london new price current, july 16.) sugar.—to-day there was more activity in the west india market; grocers and refiners were buyers to a large extent, still merchants c"
sugar,1850,0,1358,138,3.2269,True,"market intelligence. (pewit the loado4 new price current of this day.) sugar.—to-day the prices obtained for both grocery and refining sorts of west india sugar were equal to those of friday, and a fa"
sugar,1850,0,1358,139,3.2278,True,"market in tel ligen ce. (from the london new price current, march 16.) sugar.—to-day importers of west india sugar were not disposed to sell under the rates of friday, and the quantity on offer was le"
sugar,1850,0,1358,141,3.2285,True,"market in tel ligence. (from the london new price current, march 25.) sugar.—to-day west india sugar was offered upon rather lower terms, still the demand was small for all sorts by private treaty. th"
sugar,1850,0,1358,142,3.2302,True,"market intelligence. (from the london new price current, nov. 18.) sugar.—to-day west india sugar was not to be ob- tained under the rates of friday, bat only a limited de- mand was experienced from g"
sugar,1850,0,1358,143,3.2338,True,"...ence (from the london ,new price current, sept. 19.) suigar.—to-day the market was loss freely supplied with all descriptions of colonial and foreign sugar, and prices underwent no furt"
sugar,1850,0,1358,144,3.2344,True,"market intelligence. (from the london .new price current, aug. 16.) sugar.—to-day there was no public sale of any kind of sugar. and only limited parcels are declared for next week. in the west india "
sugar,1850,0,1358,145,3.2349,True,"market intelligence. (from the lotdift price au'rent of this cloy.) &mar.—to-day there was a large home trade demand for west india sugar, still at pievi'thiii were tellersbcth troie4 and l'efining so"
sugar,1850,0,1358,146,3.2357,True,"market intelligence. (from the lontron netv price current, july 12.) sugar.—to-day transactions in west india sugar -were upon a limited scale fur all purposes, and only 330 __hhds &c haseve been soul"
sugar,1850,0,1358,147,3.2395,True,"market intelligence. ----- (from the london new price current, march 11.) sugar.—to-day the supply at market waa again scanty of west india sugar, and previous rates were sustained, but there was litt"
sugar,1850,0,1358,148,3.2397,True,"market intelligence. (from the london new price current, jan. 29.) soostn.—to-clay west ind'a sugar was purchased with caution both for the scale and rcfiuing purpo.es whits', merchants were disposed "
sugar,1850,0,1358,149,3.2399,True,"market intelligence. (from the london new price current of yesterday.) sugar.—to-day there was a reluctance to operate in 'west india sugar for all purposes, and prices close fid per cwt under last fr"
sugar,1850,0,1358,150,3.2475,True,"market intelligence. (from the london new price current of this day.) sugar.—to-day there was firmness in the market for west india sugar, and the pieces obtained were fully equal to those of friday f"
sugar,1850,0,1358,151,3.2481,True,"market intelligence. front the london, new price current of this day). sugar..—to-day the market for west india sugar pre- sented a quiet appearance, both refiners and grocers operat- ing 'with reluct"
sugar,1850,0,1358,152,3.2495,True,"market intelligence. (from the london new price current, oct. 12.) sugars.—to-day there was a lively demand for west india sugar from both refiners and grocers • the rates obtained were 6d per cwt aki"
sugar,1850,0,1358,153,3.2496,True,"market in tell igen ce. (from the london new price current, aug. 3.) sugar.—to-day west india was op-rated in with some reluctance, both for grocery and refining purposes, although there were sellers "
sugar,1850,0,1358,154,3.2509,True,"market di tel lic-ence (from the london new price current, nov. 26.) sugar.—to-day west india sugar was purchased with much caution for home trade purposes, merchants refused to sell upon lower terms;"
sugar,1850,0,1358,155,3.2523,True,"market intelligence. (from the london new price current, april 8.) sugar.—to-day the demand was large for west india from home dealers, and full rates were paid for both grocery and refining qualities"
sugar,1850,0,1358,156,3.2526,True,"market intelligence. (from the london 2vew price current, dec. 10.) sitoar.—to-day there was greater firmness in the west india sugar market, and a g(o i business was transacted in both grocery and re"
sugar,1850,0,1358,157,3.2533,True,"market intelligence. (from the london new price current, june 20.) sttaet— importers of west india sugar askingoai;a advance on former rates of 6d per cwt ope- rated against bsbu2sinhehsaes. the purch"
sugar,1850,0,1358,158,3.254,True,"market intelligence. (from the london new price current, nov. 28.) suoaft.—today there was a larger demand for west india sugar, both for grocery and refining purposes, and in some cases a small advan"
sugar,1850,0,1358,159,3.2572,True,"market intelligence. (from the london .new price current, july 27.) solar.—to-day rho mark, t was plentifully supplied with west india sugar, chiefly by the recent arrivals; merchants were desirous to"
sugar,1850,0,1358,160,3.2609,True,"market intelligence. (from the london new price current of this day.) sugar.—to-day a good demand was experienced for west india sugar from grocers and refiners, the prices ob- tained being fully equa"
sugar,1850,0,1358,161,3.2615,True,"market intelligence. (from the london new price current, july 16.) sugar.—to-day there was more activity in the west india market; grocers and refiners were buyers to a large extent, still merchants c"
sugar,1850,0,1358,163,3.2637,True,"market intelligence. (from the london new price current, feb. 24.) sugar.-to-day there was a reluctance on the part of both grocers and refiners to operate in west india sugar, yet better qualities of"
sugar,1850,0,1358,164,3.2665,True,"market intelligence. (from the london new price current, nov. 19-.) sugar.—to-day there was firmness on the part of im- porters of west india sugar; and grocers as well as refi- ners were buyers to a "
sugar,1850,0,1358,165,3.2705,True,"market intelligence. (from the london new price current, march 11.) sugar.—to-day the supply at market was again leant?, of west india sugar, and previous rates were allattancd, but there was little d"
sugar,1850,0,1358,166,3.2715,True,"market intelligence. (from the london new price current of this day.) sugar.—to-day a good demand was experienced for west india sugar from grocers and refiners, the prices ob- tained being fully equa"
sugar,1850,0,1358,167,3.2719,True,"mabket intelligence. (prom the london new price current of yesterday.) sugar.—to-day west india sugar was not offered under the rates of friday; but there was only a limited demai,d from grocers or re"
sugar,1850,0,1358,169,3.2782,True,"market in tel lige n ce. (from the london new price current, july 30.) stramt.—to-day rather lower rates were accepted for west india sugar, there was in consequence a good bowie trade demand. operati"
sugar,1850,0,1358,170,3.2802,True,"market intelligence. (from the london new price current, sept. 27.) sugar.—to-d,y there was a good inquiry for west india sugar for home trade purposes, and the rates paid in some cases e xcneded thos"
sugar,1850,0,1358,171,3.2806,True,"market in tel ligen ce. (from the london new price current, march 16.) sugar.—to-day importers of west india sugar were not disposed to sell under the rates of friday, and the quantity on offer was le"
sugar,1850,0,1358,172,3.2831,True,"market intelligence. front the london, new price current of this day). sugar..—to-day the market for west india sugar pre- sented a quiet appearance, both refiners and grocers operat- ing 'with reluct"
sugar,1850,0,1358,173,3.2835,True,"market intelligence. (from the london new price current, oct. 12.) sugar.—to day there was a lively demand for west india sugar from both refiners and grocers; the rates obtained were 6d per cwt above"
sugar,1850,0,1358,174,3.2845,True,"colonial markets. from the london new price ourrent of yesterday. siigar.—to-day the market for west india sugar closed quietly, still the prices obtained were fully equal to those of last friday for "
sugar,1850,0,1358,175,3.2866,True,"market intelligence. (from the london, new price current of yesterday.) &mar.—to-day the prices obtained for all descriptions of west india sugar were equal to those of friday. still the demand was li"
sugar,1850,0,1358,176,3.2875,True,"market intelligence. front the london new price current of yesterday.) sugar.—to-day previous prices were well sustained for all descriptions of west india sugar, there being a very good home trade de"
sugar,1850,0,1358,177,3.288,True,"market in tel ligen ce. (from the london new price current, april 8.) sugar.—to-day west india sugar was offered rather under the rates of friday; still all sorts were dealt in with reluctance. the pu"
sugar,1850,0,1358,178,3.289,True,"market intelligence. (from the london new price current, june 28.` sugar.—to-day full rates were obtained for wety, india sugar. the sales amounted to 650 hhds, &c., including at auction 182 hhds 91 t"
sugar,1850,0,1358,179,3.2914,True,"market in telligen ce. (from th© .49ndon new price current, july 1.) sugar.—to-tthy there was a further increase in the supply of colonial at market. importers of west india were disposed to realise; "
sugar,1850,0,1358,180,3.2917,True,"market di tel lic-ence (from the london new price current, nov. 26.) sugar.—to-day west india sugar was purchased with much caution for home trade purposes, merchants refused to sell upon lower terms;"
sugar,1850,0,1358,181,3.3045,True,"market intelligence. (from the london new price current of this day.) sugar.—to-day importers of west india sugar submit- ting to prices rather under those of friday, occasioned a good demand to preva"
sugar,1850,0,1358,182,3.3076,True,"market intelligence. (from the london ?vew price current of this day.) sugar.—to-day there was a good home trade demand for british plantation sugar, still at previous rates merchants were desirous to"
sugar,1850,0,1358,183,3.3077,True,"market intelligence. (from the london new price current, nov. 19.) sucar.—to-day there was firmness on the part of im- porters of west india sugar; and grocers as well as refi- uers were buyers to a f"
sugar,1850,0,1358,184,3.3082,True,"(left spea king.) ..l.......,—_____—_,-._ -..t i current,l igr ~'`it).lril ;3.) (from the london new. market in sugar. —to-day there w of west india as ready bu.ers making for the week for all sorts. "
sugar,1850,0,1358,185,3.3089,True,"market intelligence. (from the london new price current, oct. 15.) sugar.—to-day west india sugar met with ready purchasers for home trade purposes; merchants also displayed much confidence, and in so"
sugar,1850,0,1358,186,3.3095,True,"price of sugar, the average price of brown or muscovado sugar, computed from the returns made in the week ending the bth day of february, 1853, is 255. lid. per hun..."
sugar,1850,0,1358,189,3.312,True,"market intelligence. (front the london new price current of yesterday.) sugar.-previous terms are maintained for west india, yet both refiners and grocers operated with caution low to fine brown, at 3"
sugar,1850,0,1358,190,3.3149,True,"friday evening, september 17, 1852. market in tel ligen ce. (from the london new price current, sept. 17.) sitgail—to-day west india sugar was in excellent request for home trade purposes, and rates c"
sugar,1850,0,1358,191,3.3153,True,"(lept sitting.) market in tel ligen ce. (from the london new price current, march 23.) ®sugar.—to-day there was a material increase in the business transacted in west india sugar, and full rates were "
sugar,1850,0,1358,192,3.3157,True,"market in tel ligen ce. (from the london new price current, april 8.) sugar.—to-day west india sugar was offered rather under the rates of friday; still all sorts were dealt in with reluctance. the pu"
sugar,1850,0,1358,193,3.3169,True,"market intelligence. (from the london .neu, price current, july 15.) sugar.—to-day larger transactions took place in west india sugar, in conse pence of there being sellers rather under the rates of f"
sugar,1850,0,1358,194,3.3201,True,"market in te lligen ce. (from the london new price current, april 8.) sugar.—to-day the demand was large fur west india from home dealers, and full rates were paid fur both grocery and refining qualit"
sugar,1850,0,1358,195,3.3232,True,"market intelligence. _ (from the london new price current of yesterday.) sugar.—to-day importers of west india sugar were in- clined to realise, and in some cases accepted prices rather under those of"
sugar,1850,0,1358,196,3.3253,True,market intelligence. from the london new pric3 current of yesterday.) sugar.—to-clay west india sugar was not offered under the rates of friday; but there was only a limited demand from grocers or ref
sugar,1850,0,1358,197,3.3271,True,"maritrt intelligence. (from, the london new price current of yesterday.) sugiii.—to-day west india sugar was much enquired after for home trade purposes, and the rates offered were fully equal to thos"
sugar,1850,0,1358,198,3.3275,True,"market intelligence. (from the london new price current, march 11.) sugar.—to-day the supply at market was again leant?, of west india sugar, and previous rates were allattancd, but there was little d"
sugar,1850,0,1358,199,3.3291,True,"mabket intelligence. (prom the london new price current of yesterday.) sugar.—to-day west india sugar was not offered under the rates of friday; but there was only a limited demai,d from grocers or re"
sugar,1850,0,1358,200,3.3292,True,"market intelligence. (from the london new price current, nov. 19.) sucar.—to-day there was firmness on the part of im- porters of west india sugar; and grocers as well as refi- uers were buyers to a f"
sugar,1850,0,1358,201,3.3319,True,"market intelligence. (from the london new price current, nov. 18.) sugar.—to-day west india sugar was not to be ob- tained under the rates of friday, bat only a limited de- mand was experienced from g"
sugar,1850,0,1358,204,3.3364,True,"market intelligence. (from the lotdift price au'rent of this cloy.) &mar.—to-day there was a large home trade demand for west india sugar, still at pievi'thiii were tellersbcth troie4 and l'efining so"
sugar,1850,0,1358,205,3.3379,True,"market intelligence. (from the london new price current, oct. 12.) sugar.—to day there was a lively demand for west india sugar from both refiners and grocers; the rates obtained were 6d per cwt above"
sugar,1850,0,1358,206,3.341,True,"market intelligen ce. (from the london new price current, april 11.) sugur.—to-dry west india sugar was offered at a reduction on last friday's rates of 6d per cwt, yet all parties operated with much "
sugar,1850,0,1358,207,3.3416,True,"market intelligence. (from the london new price current of yesterday.) sugar.—to-day the market for west india sugar pre- sented a quiet appearance, both refiners and grocers operat- ing- with relucta"
sugar,1850,0,1358,208,3.3421,True,"market intelligence. (from the london new price current of this day.) sugar.—to-day a good demand was experienced for west india sugar from grocers and refiners, the prices ob- tained being fully equa"
sugar,1850,0,1358,209,3.3466,True,"market intelligence. from the london new price current of this day.) sugar.—to-day there was a reluctance on the part of refiners and grocers to do business in west india, although there were sellers "
sugar,1850,0,1358,210,3.347,True,"...ence (from the london ,new price current, sept. 19.) suigar.—to-day the market was loss freely supplied with all descriptions of colonial and foreign sugar, and prices underwent no furt"
sugar,1850,0,1358,211,3.3523,True,"market intelligence. (prom the london new price current, april 12.) sugar.—to-day west india sugar was purchased with much caution for all purposes, and in some cases the rates taken were rather under"
sugar,1850,0,1358,212,3.3534,True,"market intelligence. (prom the london new price current of yesterday.) sugar.—to-day importers of west india sugar submit- ting to prices rather under those of friday, occasioned a good demand to prev"
sugar,1850,0,1358,213,3.3538,True,"commercial circular. (from william connal co.'s monthly circular dated glasgow, 1t may.) a fair business has been transacted in our sugar market during the month, comprising 1366 hlids and ira bp. wes"
sugar,1850,0,1358,214,3.3546,True,"market intelligence. (from the london new price current, march 11.) sugar.—to-day the supply at market was again leant?, of west india sugar, and previous rates were allattancd, but there was little d"
sugar,1850,0,1358,215,3.3566,True,"market intelligence. (from the london new price current, nov. 19.) sugar.—to-day there was firmness on the part of im- porters of west india sugar; and grocers as well as refi- ners were buyers to a f"
sugar,1850,0,1358,216,3.3578,True,"market intelligence. (from the london new price current, oct. 29.) soda.—to-day west india sugar was purchased with caution by refiners and grocers, still holders gene. rally would not sell at lower r"
sugar,1850,0,1358,217,3.3586,True,"london, saturday market in tel ligen ce. (from the londex new price current, sept. 5.) sligax.—to-day the west india sugar market was firm, and at previous rates the home trade demand was good and gen"
sugar,1850,0,1358,218,3.3599,True,"market intelligence. (from the london new price current, march 25.) sucatt.—to-day wet india sugar was offered upon rather lowrr terms, still the deman was small for all sorts by private treaty. the p"
sugar,1850,0,1358,219,3.3605,True,"price of sugar. the average price of brown or muscovado sngar, com- puted from returns made in the week ending july 8, 1851, exclusive of customs duties paid or pay..."
sugar,1850,0,1358,220,3.3631,True,"market intelligence. (from the london new price current, dec. 5.) sugar.—to-day there was only a moderate demand for west india sugar, still holders are firm, and ob- tained full rates for the 466 hhd"
sugar,1850,0,1358,221,3.3675,True,"market intelligence. _ (from the london new price current of yesterday.) sugar.—to-day importers of west india sugar were in- clined to realise, and in some cases accepted prices rather under those of"
sugar,1850,0,1358,222,3.3685,True,"market intelligence. (from the london new price cui7ent, jan. 10.) sugar.—to-day west india sugaz was operated in with much caution for all purposes, and previous males are barely supported; by privat"
sugar,1850,0,1358,223,3.3687,True,market intelligence. from the london new price current of yesterday.) sugail—to-day the prices obtained for all descriptions of west india sugar were equal to those of friday. still the demand was lim
sugar,1850,0,1358,225,3.3698,True,"london, wednesday evening, july 21, 1852. market intelligence. (from the london zsew price current, july 20). &mar.—to-day the west india sugar market pre- sented a firm aspect, there was a good deman"
sugar,1850,0,1358,226,3.3699,True,"market intelligence. from the london new price current of yesterday.) sugar.—to-day the prices obtained for both grocery and refining sorts of west india sugar were equal to those of friday, and a fai"
sugar,1850,0,1358,227,3.3734,True,"market intelligence. (from the london new price current, nov. 18.) sugar.—to-day west india sugar was not to be ob- tained under the rates of friday, bat only a limited de- mand was experienced from g"
sugar,1850,0,1358,228,3.3749,True,"market intelligence. (from the london new price current, oct. 5.) sugar.—today the west india sugar market was in a favourable position; a large home trade demand prevails. and in some cases the rates"
sugar,1850,0,1358,229,3.3791,True,"market intelligence. (from the london new price current of this day.) sugar.—to-day west india sugar was dealt in with caution for home consumptipn, there was a fair supply, in some cases the rates ta"
sugar,1850,0,1358,230,3.3799,True,"market int elligence. from the london new price current of yesterday., sugar.-the quantity of colonial purchased for home consumption is rather less than in the previous week, and large parcels contin"
sugar,1850,0,1358,231,3.381,True,"market intelligence. (from the london new price current, march 12.) sugar.—to-jay importers of west india sugar were for the most part disinclined to make any further con- cession in the value, still "
sugar,1850,0,1358,232,3.3841,True,"price of sugar. the average price of brown or muscovado sugar, com- puted from returns made in the week ending july 15, 1851, exclusive of customs duties paid or pa..."
sugar,1850,0,1358,233,3.3895,True,"market in telligen ce. (from th© .49ndon new price current, july 1.) sugar.—to-tthy there was a further increase in the supply of colonial at market. importers of west india were disposed to realise; "
sugar,1850,0,1358,234,3.391,True,"market in telligen ce. (from th© .49ndon new price current, july 1.) sugar.—to-tthy there was a further increase in the supply of colonial at market. importers of west india were disposed to realise; "
sugar,1850,0,1358,235,3.3918,True,"market intelligence. (from the london new price current, nov. 19-.) sugar.—to-day there was firmness on the part of im- porters of west india sugar; and grocers as well as refi- ners were buyers to a "
sugar,1850,0,1358,236,3.3936,True,"market intelligence. (from the london 11ew i rice current, july 15.) sugar. —to-thy larger transactions took place in sv4st lboia sugar, iu consequence of ther3 bong sellers rather er the rates of fri"
sugar,1850,0,1358,237,3.3987,True,"market in tel ligen ce. (from the london new price current, july 18.) sugar.—to-day transactions in all sorts of west india sugar were upon a limited scale, amounting to only 515, making fur the week "
sugar,1850,0,1358,238,3.3988,True,"market intelligence. from the london new price current of this day.) sugar —to-day the prices obtained for british planta- tion sugar did not exceed those of friday, but there was a brisk demand for r"
sugar,1850,0,1358,239,3.3992,True,"market intelligence. (from the london new price current, march 25.) sucatt.—to-day wet india sugar was offered upon rather lowrr terms, still the deman was small for all sorts by private treaty. the p"
sugar,1850,0,1358,240,3.3998,True,"16i i 17 market intelligence. from the london new price current of yesterday.) sugar.—today there was a large business concluded in west india sugar, and very full prices wore obtained for both grocer"
sugar,1850,0,1358,241,3.4,True,"market in tel lige.n cb. (from the london new price current, aug. 6.) sugar.—to-day west india sugar was operated en with reluctance for home trade purpose., although offyred upon rather lower terms, "
sugar,1850,0,1358,242,3.4003,True,"market intelligence. (from the london new price current, nov. 22.) sucan.-to-day operations in west india sugar were upon a small scale for all purposes, and amounted to only 166 hhds, &c, whibt rathe"
sugar,1850,0,1358,243,3.4004,True,"evening, septem market intelligence. (feo:n the london neu; price current, sept. 28.) sugar.-to-d ty west indie sugar was in extensive request, both for refining and grocery purposes, the rates obtain"
sugar,1850,0,1358,244,3.4007,True,"market intelligence. (from the london new trice current, july 15.) sugail—to-day larger transactions took place in west ludia sugar, in consequence of then being sellers rather unc?er the rates of fri"
sugar,1850,0,1358,245,3.4019,True,"market intelligence. (from the london new price current, nov. 12.) sugar.—to-day the business concluded in west india sugar was upon a small scale for all purposes, and in some cases the rates accepte"
sugar,1850,0,1358,246,3.4047,True,"market intelligence. (from the london new price current of this day.) sigail—to. day west india sugar was held for previous prices, the quantity on offer not being equal to last week, but refining and"
sugar,1850,0,1358,247,3.407,True,"market intelligence. (from the london new price current, aug. 1.) sugar.—to-day the demand was not better for west india sugar, still holders refused to sell grocery or refining qualities under former"
sugar,1850,0,1358,248,3.4098,True,"price of sugar. --- the average price of brown or muscovado sugar, com- puted from returns made in the week ending august 31, 1852, exclusive of customs duties paid..."
sugar,1850,0,1358,249,3.4112,True,"market intelligence. (from the london new price current, aug. 1.) sugar.—to-day the demand was not better for west india sugar, still holders refused to sell grocery or refining qualities under former"
sugar,1850,0,1358,250,3.4128,True,"price of sugar. the average price of brown or muscovado sugar, com- puted from returns made in the week ending july 15, 1851, exclusive of customs duties paid or pa..."
sugar,1850,0,1358,251,3.4132,True,"market intelligence. (from, the london new price current of this day.) sugar.—to-day west india sugar was in good demand for home consumption, and realised rates fully equal to last friday. transactio"
sugar,1850,0,1358,252,3.4168,True,"market intelligence. (from the london new price current, march 25.) sucatt.—to-day wet india sugar was offered upon rather lowrr terms, still the deman was small for all sorts by private treaty. the p"
sugar,1850,0,1358,253,3.4169,True,"market ill tel li gen ce. (from the london new price current, april 22.) sugar.-there appears to be more disposition on the part of home dealers to operate and less inclination has been evinced"" by im"
sugar,1850,0,1358,254,3.4187,True,"market intelligence. (from the london new price current, feb. 24.) sugar.—to-day there was a reluctance on the part of both grocers and refiners to operate in west india sugar, yet bettor qualities of"
sugar,1850,0,1358,257,3.4211,True,"market intelligence. from the london new price current of this day.) sugar.—to-day there was a reluctance to operate in british plantation sugar for home trade purposes, and both grocery and refining "
sugar,1850,0,1358,259,3.4231,True,"market intelligence. (from the london, new price current of yesterday.) &mar.—to-day the prices obtained for all descriptions of west india sugar were equal to those of friday. still the demand was li"
sugar,1850,0,1358,260,3.4242,True,"market intelligence. (from the london new price current, nov. 12.) sugar.—to-day the business concluded in west india sugar was upon a small scale for all purposes, and in some cases the rates accepte"
sugar,1850,0,1358,261,3.4243,True,"market intelligence. (from the london new price current, jan. 30.) sugar.—to-day previous quotations were well sus• tained for west india sugar, and a good home trade de- mand existed for all qualitie"
sugar,1850,0,1358,262,3.4259,True,"market intelligence. (from the london new price current of this day.) sugar.—to-day a good demand was experienced for west india sugar from grocers and refiners, the prices ob- tained being fully equa"
sugar,1850,0,1358,263,3.4266,True,"market intelligence. (from the london new price current, nov. 12.) sugar.—to-day the business concluded in west india sugar was upon a small scale for all purposes, and in some cases the rates accepte"
sugar,1850,0,1358,264,3.4267,True,"maritrt intelligence. (from, the london new price current of yesterday.) sugiii.—to-day west india sugar was much enquired after for home trade purposes, and the rates offered were fully equal to thos"
sugar,1850,0,1358,265,3.427,True,"market intelligence. (from the london .neu, price current, july 15.) sugar.—to-day larger transactions took place in west india sugar, in conse pence of there being sellers rather under the rates of f"
sugar,1850,0,1358,266,3.4297,True,"ilcabket intelligence. (prom the _london new price current of thie day.) sugall—lmporters of west india sugar were desirous to-day to realise, but submitting to a reduction on friday's rates of 61 per"
sugar,1850,0,1358,268,3.4301,True,"market intelligence. (from the london new price current, oct. 12.) sugars.—to-day there was a lively demand for west india sugar from both refiners and grocers • the rates obtained were 6d per cwt aki"
sugar,1850,0,1358,269,3.4357,True,"friday evening, september 17, 1852. market in tel ligen ce. (from the london new price current, sept. 17.) sitgail—to-day west india sugar was in excellent request for home trade purposes, and rates c"
sugar,1850,0,1358,270,3.4366,True,"price of sugar. the average price of brown or muscovado sugar, com- puted from returns made in the week ending november 2 152, enclusive of customs duties paid or p..."
sugar,1850,0,1358,271,3.4369,True,"market intelligence. (front the london new price current of yesterday.) sugar.-the sugar market has been closed since thursday, but will re-open on wednesday, when a good demand is anticipated, consum"
sugar,1850,0,1358,272,3.4371,True,"market intelligence. (from the london new price current of this day.) sigail—to. day west india sugar was held for previous prices, the quantity on offer not being equal to last week, but refining and"
sugar,1850,0,1358,273,3.4398,True,"16i i 17 market intelligence. from the london new price current of yesterday.) sugar.—today there was a large business concluded in west india sugar, and very full prices wore obtained for both grocer"
sugar,1850,0,1358,274,3.4413,True,"market intelligence. (from the london new price current of yesterday. sugar.—to-day west india sugar was much sought after for home consumption, but a further advance being demanded operated against b"
sugar,1850,0,1358,275,3.4418,True,"the sun, london, wednesday evening, february (1, 1850. market intelligence. (from the london new price current, feb. 5.) sugar.—to-day there was a fair business concluded in bright grocery and best re"
sugar,1850,0,1358,276,3.4422,True,"market intelligence. (from the london new price current, oct. 25.) sugar.-to-day the demand was extremely limited for west india sugar, and the purchases are only 30, making for the week 800 hhds, &c."
sugar,1850,0,1358,277,3.4422,True,"market int elligence. -front the london new price current of this day. sugar.—to-day previous prices were well sustained for all' descriptions of west india sugar, there being a very good home trade d"
sugar,1850,0,1358,278,3.4482,True,"market intelligence. front the london, new price current of this day). sugar..—to-day the market for west india sugar pre- sented a quiet appearance, both refiners and grocers operat- ing 'with reluct"
sugar,1850,0,1358,279,3.4482,True,"market intelligence. (prom the london new price current of yesterday.) sugar.—to-day importers of west india sugar submit- ting to prices rather under those of friday, occasioned a good demand to prev"
sugar,1850,0,1358,280,3.4495,True,"market intelligence. (from the london new price current, oct. 1.) straa.n.—to-day there was much disposition evinced to operate in west india sugar for home consumption, and stiffer rates were offered"
sugar,1850,0,1358,281,3.4501,True,"market intelligence. (from the london new price current, oct. 8.) sucea.—to-day there was a larger quantity of west india sugar on show, still merchants displayed mach firmness, and a good business ha"
sugar,1850,0,1358,282,3.4506,True,"market intelligence. (from the london new price current, oct. 12.) sugar.—to day there was a lively demand for west india sugar from both refiners and grocers; the rates obtained were 6d per cwt above"
sugar,1850,0,1358,284,3.4569,True,"market intelligence (from the london new price current, oct. 10.) sugar.—to-day there was a large and general de- mand for west india for home consumption, and full rates were paid; indeed in some cas"
sugar,1850,0,1358,285,3.4572,True,"market intelligence. (from the london new price current, oct. 25.) sugar.-to-day the demand was extremely limited for west india sugar, and the purchases are only 30, making for the week 800 hhds, &c."
sugar,1850,0,1358,288,3.4647,True,"market intelligence. (from the london new price current, june 4.) strcin.—to-day the home trade demand for west india sugar was active, and the rates obtained were fully equal to those of friday 1,-,."
sugar,1850,0,1358,289,3.4661,True,"markets. sugab.—the average prior of sugar, the prodme of the british possessions in america, eomputed from the re- tains made in the week ending it. 6th of oct. 1862, is bm std. sugar, the pr..."
sugar,1850,0,1358,290,3.4685,True,"market intelligence. (from the london, new price current of yesterday.) &mar.—to-day the prices obtained for all descriptions of west india sugar were equal to those of friday. still the demand was li"
sugar,1850,0,1358,292,3.4692,True,"(left spea king.) ..l.......,—_____—_,-._ -..t i current,l igr ~'`it).lril ;3.) (from the london new. market in sugar. —to-day there w of west india as ready bu.ers making for the week for all sorts. "
sugar,1850,0,1358,293,3.4749,True,"market intelligence. ----- (from the london new price current, march 11.) sugar.—to-day the supply at market waa again scanty of west india sugar, and previous rates were sustained, but there was litt"
sugar,1850,0,1358,294,3.4753,True,"market intelligence. (from the london new price current of yesterday.) sugar.—to-day there was a reluctance to operate in 'west india sugar for all purposes, and prices close fid per cwt under last fr"
sugar,1850,0,1358,295,3.4756,True,"market in tel lige n ce. (from the london new price current, july 30.) stramt.—to-day rather lower rates were accepted for west india sugar, there was in consequence a good bowie trade demand. operati"
sugar,1850,0,1358,296,3.4793,True,"...gence. (from the london new price current, sept. 19.) sugail—to-day the market was less freely supplied with all descriptions of colonial and foreign sugar, and prices underwent no furth"
sugar,1850,0,1358,297,3.4824,True,"market int elligence. -front the london new price current of this day. sugar.—to-day previous prices were well sustained for all' descriptions of west india sugar, there being a very good home trade d"
sugar,1850,0,1358,298,3.4865,True,"market intelligence. (from the london new price current, nov. 19.) sugar.—to-day there was firmness on the part of im- porters of west india sugar; and grocers as well as refi- ners were buyers to a f"
sugar,1850,0,1358,299,3.4896,True,"market intelligence. front the london new price current of yesterday.) sugar.—to-day previous prices were well sustained for all descriptions of west india sugar, there being a very good home trade de"
sugar,1850,0,1358,300,3.4912,True,"market intelligence. (from the london new price current, oct. 25.) sugar.-to-day the demand was extremely limited for west india sugar, and the purchases are only 30, making for the week 800 hhds, &c."
sugar,1850,0,1358,302,3.4998,True,"market in tel ligence. (from the landon new price currant, may 28.) sugar.—there was a large business concluded to-day in both refining and grocery quaiities of west india sugar, whilst the rates obta"
sugar,1850,0,1358,303,3.5025,True,"market intelligence. (front the london new price current of this day.) sugar.—today west india sugar met with a brisk home trade demand, but at the currency of friday mer- chants were sellers of both "
sugar,1850,0,1358,304,3.5077,True,"market intelligence. from the london new price current of this day.) sugar.—to-day the rates paid were fully equal to those current on friday, but the assortment was small and in- different. barbadoes"
sugar,1850,0,1358,305,3.5104,True,"market in tel ligen ce. (from the london new price current, july 18.) sugar.—to-day transactions in all sorts of west india sugar were upon a limited scale, amounting to only 515, making fur the week "
sugar,1850,0,1358,306,3.5117,True,"commercial circulars. (from william c 0111.1411 d: co.'..monaly circular, dated glaagoto, feb. 28.) _ our sugar market has steadily maintained its position during the month, good brown sugar still com"
sugar,1850,0,1358,307,3.5118,True,"market intelligence. (from the london new price current, jan. 29.) soostn.—to-clay west ind'a sugar was purchased with caution both for the scale and rcfiuing purpo.es whits', merchants were disposed "
sugar,1850,0,1358,308,3.5141,True,"market intelligence. (front the london new price current of yesterday.) sugar.-previous terms are maintained for west india, yet both refiners and grocers operated with caution low to fine brown, at 3"
sugar,1850,0,1358,309,3.5168,True,"market intelligence. (from the london new price current of this day.) sugar.—to-day a brisk demand was experienced for west india sugar, and the rates obtained are fully equal to those of friday for b"
sugar,1850,0,1358,310,3.5206,True,"...ing very extensive, the demand is heavy, and the quotations are almost nominal. market intelligence. from the london new price current of yesterday.) sugar"
sugar,1850,0,1358,311,3.5217,True,"market intelligen ce. (from the london new price current, april 11.) sugur.—to-dry west india sugar was offered at a reduction on last friday's rates of 6d per cwt, yet all parties operated with much "
sugar,1850,0,1358,312,3.5238,True,"market intelligence. (from the london new price current of this day.) suo.a.b.—to-day a good demand was experienced for west india sugar, and the rates obtained were fully equal to those of friday, fo"
sugar,1850,0,1358,314,3.5302,True,"...gence. (from the london new price current, sept. 19.) sugail—to-day the market was less freely supplied with all descriptions of colonial and foreign sugar, and prices underwent no furth"
sugar,1850,0,1358,315,3.5308,True,"market intelligence. (from the london new price current, oct. 12.) sugar.—to day there was a lively demand for west india sugar from both refiners and grocers; the rates obtained were 6d per cwt above"
sugar,1850,0,1358,316,3.5315,True,"111-4rket intelligence. (from, the london new price current of this day.) suga.e.—of all sorts of sugar arrivals here are this an increase 500 tons less than in the previous one, there is in home trad"
sugar,1850,0,1358,317,3.5341,True,"market intelligence. (from the london new price current, march 1.) sugar..—to-day holders of west india sugar dis. ph ed firmness, and insisted upon fully former rates lor both grocery and refining so"
sugar,1850,0,1358,318,3.5371,True,"market intelligence. (from the london new price current, nov. 12.) sugar.—to-day the business concluded in west india sugar was upon a small scale for all purposes, and in some cases the rates accepte"
sugar,1850,0,1358,319,3.5375,True,"market intelligence. from the london new price current of yesterday) sugar.-an improvement has occurred in the home trade demand for colonial, and a less quantity having been brought forward • prices "
sugar,1850,0,1358,320,3.539,True,"market int elligence. (from the london new price current of this day.) sugar.—to-day west india sugar met with less ellen• tion from grocers and refiners, but simply keeping scanty, ho ders were enabl"
sugar,1850,0,1358,321,3.5392,True,"market intelligence. (peon"" tile london new price current of yesterday.) sugar.—to-day a brisk demand was experienced for west india sugar, and the rates obtained are fully equal to those of friday fo"
sugar,1850,0,1358,322,3.5449,True,"market intelligence. from the london new price current of this day.) sugar.—to-day there was a reluctance to operate in british plantation sugar for home trade purposes, and both grocery and refining "
sugar,1850,0,1358,323,3.5461,True,"price of sugar. the average price of brown or muscovado sugar, com- puted from returns made in the week ending may 14 1850, exclusive of custom duties paid or payab..."
sugar,1850,0,1358,324,3.5482,True,"...ing very extensive, the demand is heavy, and the quotations are almost nominal. market intelligence. from the london new price current of yesterday.) sugar"
sugar,1850,0,1358,325,3.556,True,"market intelligence. (from the london new price current of yesterday.) sugar.—to-day importers of west ine;s sugar submit- tirg to f:ces rather under those of friday, occasion?d a good demand to preva"
sugar,1850,0,1358,327,3.5608,True,"market intelligence. (from the london new price current of this day, sugar.—today there was a large business concluded in west india sugar, and very full prices were obtained for both grocery and refi"
sugar,1850,0,1358,328,3.5667,True,"market intelligence. (from tbo london new price current, jan. 29.) sucan.—to-day west india sugar was purchased with eaudan both for the scale and refining purpotet, whils, merchants were disposed to "
sugar,1850,0,1358,329,3.5684,True,"market intelligence. front the london new price current of yesterday.) sugar.—to-day previous prices were well sustained for all descriptions of west india sugar, there being a very good home trade de"
sugar,1850,0,1358,330,3.5701,True,"market intelligencff. (from the london new price current 0. sugar.— to-day there was only a hull west india sugar from either grocers or ref close generally the same as on friday last. 130, making for"
sugar,1850,0,1358,331,3.5721,True,"market intelligence. from the london new price current of this day.) sugar —to-day the prices obtained for british planta- tion sugar did not exceed those of friday, but there was a brisk demand for r"
sugar,1850,0,1358,332,3.5732,True,"market intelligence. (from the london new price current, nov. 22.) sucan.-to-day operations in west india sugar were upon a small scale for all purposes, and amounted to only 166 hhds, &c, whibt rathe"
sugar,1850,0,1358,333,3.5735,True,"market intelligencff. (from the london new price current 0. sugar.— to-day there was only a hull west india sugar from either grocers or ref close generally the same as on friday last. 130, making for"
sugar,1850,0,1358,334,3.5776,True,"price of sugar. the average price of brown or muscovado sugar, com- puted from returns made in the week ending may 14 1850, exclusive of custom duties paid or payab..."
sugar,1850,0,1358,335,3.5803,True,"market intelligence. (from the london new price current of this day.) suo.a.b.—to-day a good demand was experienced for west india sugar, and the rates obtained were fully equal to those of friday, fo"
sugar,1850,0,1358,336,3.5839,True,"price of sugar. the average price of brown or muscovado sugar, com- puted from returns made in the week ending july 8, 1851, exclusive of customs duties paid or pay..."
sugar,1850,0,1358,337,3.5876,True,"market intelligence. (from the london new price current, march 1.) sugar..—to-day holders of west india sugar dis. ph ed firmness, and insisted upon fully former rates lor both grocery and refining so"
sugar,1850,0,1358,338,3.5906,True,"market intelligence. (front the london new price current of this day.) sugar.—today west india sugar met with a brisk home trade demand, but at the currency of friday mer- chants were sellers of both "
sugar,1850,0,1358,339,3.5929,True,"market intelligence. (from the london new price current of yesterday. sugar.—to-day west india sugar was much sought after for home consumption, but a further advance being demanded operated against b"
sugar,1850,0,1358,340,3.5943,True,"market intelligence. (from the london new price current, oct. 12.) sugars.—to-day there was a lively demand for west india sugar from both refiners and grocers • the rates obtained were 6d per cwt aki"
sugar,1850,0,1358,341,3.5987,True,market intelligence. from the london new pric3 current of yesterday.) sugar.—to-clay west india sugar was not offered under the rates of friday; but there was only a limited demand from grocers or ref
sugar,1850,0,1358,342,3.5994,True,"market int elligence. (from the london new price current of this day.) sugar.—to-day west india sugar met with less ellen• tion from grocers and refiners, but simply keeping scanty, ho ders were enabl"
sugar,1850,0,1358,343,3.5995,True,"market intelligence. from the london new price current of this day.) sugar —to-day the prices obtained for british planta- tion sugar did not exceed those of friday, but there was a brisk demand for r"
sugar,1850,0,1358,344,3.6058,True,"london, wednesday evening, july 21, 1852. market intelligence. (from the london zsew price current, july 20). &mar.—to-day the west india sugar market pre- sented a firm aspect, there was a good deman"
sugar,1850,0,1358,345,3.6059,True,"market intelligence. (from the london new price current, jan. 30.) sugar.—to-day previous quotations were well sus• tained for west india sugar, and a good home trade de- mand existed for all qualitie"
sugar,1850,0,1358,346,3.6061,True,"market intelligence. (from the london new price current, june 4.) strcin.—to-day the home trade demand for west india sugar was active, and the rates obtained were fully equal to those of friday 1,-,."
sugar,1850,0,1358,347,3.607,True,"price of sugar. the average price of brown or muscovado sugar, com- puted from returns made in the week ending july 15, 1851, exclusive of customs duties paid or pa..."
sugar,1850,0,1358,349,3.6199,True,"market intelligence. (from the london new price current, jan. 30.) sugar.—to-day previous quotations were well sus- tained for west india sugar, and a good home trade de- mand existed for all qualitie"
sugar,1850,0,1358,350,3.6229,True,"market intelligence. (from, the london new price current of yesterday. sugar.—to-day west india sugar was much sought after for home consumption, but a further advance being demanded operated against "
sugar,1850,0,1358,351,3.6253,True,"... for next week comprise 300 hhds barbadoes, 200 hhds jamaica, 70 hhds demerara, 10,000 bags east india and mauritius, and 6,000 bags brown pernambnca sugar. r"
sugar,1850,0,1358,352,3.6283,True,"price of sugar. the average price of brown or muscovado sugar, com- puted from returns made in the week ending may 14 1850, exclusive of custom duties paid or payab..."
sugar,1850,0,1358,353,3.6286,True,"price of sugar. the average price of brown or muscovado sugar. com- put2d from returns made in the week ending nov. 5, 1850, exclusive of customs duties paid or pay..."
sugar,1850,0,1358,354,3.6297,True,"market intelligence. (prom the london new price current of yesterday.) sugar.—to-day importers of west india sugar were desirous to realise. at auction, 250 hhds 17 tcs barba- does, which sold at 38s "
sugar,1850,0,1358,355,3.6308,True,"market intelligence. (from the london new price current of this day.) sugar.— to-day west india sugar was in excellent re- quest, chiefly for grocery purposes, but there being a plen- tiful supply imp"
sugar,1850,0,1358,356,3.6308,True,"market intelligence. (from the london new price current of this day.) sigail—to. day west india sugar was held for previous prices, the quantity on offer not being equal to last week, but refining and"
sugar,1850,0,1358,357,3.6358,True,"price of sugar. the average price of brown or muscovado sngar, com- puted from returns made in the week ending july 8, 1851, exclusive of customs duties paid or pay..."
sugar,1850,0,1358,358,3.6363,True,"market intelligence. (from the london new price current of this clay.) sugar.—to-day there was a large home trade demand for west india sugar, still merchants were compelled to accept the prices curre"
sugar,1850,0,1358,359,3.6381,True,"market intelligence. (from the london new price current of this day.) sugar.—to-day west india sugar was only in limited demand for home trade purposes, and prices aro fully 6d per cwt under those of "
sugar,1850,0,1358,360,3.6388,True,"market intelligence. (from the london new price current, march 1.) sugar..—to-day holders of west india sugar dis. ph ed firmness, and insisted upon fully former rates lor both grocery and refining so"
sugar,1850,0,1358,361,3.6427,True,"...gence. (from the london new price current, sept. 19.) sugail—to-day the market was less freely supplied with all descriptions of colonial and foreign sugar, and prices underwent no furth"
sugar,1850,0,1358,362,3.6431,True,"...6d to 34s gd, middling to good 303 6d to 345, com- mon 293 to 30s, and good to fine brown 263 bd to 283 bd per cwt. east india.—this afternoon madras sugar of inferior quality "
sugar,1850,0,1358,363,3.6462,True,"market intelligence. (from the london new price current, oct. 15.) sugait,—to-day west india sugar met with ready purchasers for home trade purposes; merchants also displayed much confidence, and in s"
sugar,1850,0,1358,364,3.6487,True,"market intelligence. (from the london new price current of this day, sugar.--the west india sugar market has opened under favourable auspices, both refiners and grocers being eager buyers, and, the ra"
sugar,1850,0,1358,366,3.6518,True,"market intelligence. (from the london new price current of yesterday.) sugar.—there have been but few purchases of foreign either fors hipment or the home trade, but the holders are not disposed to se"
sugar,1850,0,1358,367,3.6526,True,"price of sugar. the average price of brown or muscovado sugar, com- puted from returns made in the week ending july 15, 1851, excluiive of customs duties paid or pa..."
sugar,1850,0,1358,368,3.6527,True,"11.arkb28 sugar.—the average price of brown or muscovado sugar, the produce of the british possessions in america. fu the week ending aug. si, b2be. ittei. per cwt.,..."
sugar,1850,0,1358,369,3.6594,True,"maree7s. sugar.—the average prim of brown or bluectvalo sugar, the produce of the british pmeesedona in america, for the weak ending nov. lb, is 235. aid. per cwt.,..."
sugar,1850,0,1358,370,3.6638,True,"friday evening, september 17, 1852. market in tel ligen ce. (from the london new price current, sept. 17.) sitgail—to-day west india sugar was in excellent request for home trade purposes, and rates c"
sugar,1850,0,1358,371,3.6641,True,"market _intelligence. (from the london new price current of yesterday.) sugar.— to-day west india sugar was in excellent re- quest, chiefly for grocery purposes, but there being a plen- tiful supply i"
sugar,1850,0,1358,372,3.6688,True,"price of sugar. the average price of brown or muscovado sugar. com- put2d from returns made in the week ending nov. 5, 1850, exclusive of customs duties paid or pay..."
sugar,1850,0,1358,373,3.6695,True,"market intelligence. (from the london new price current, jan. 30.) sugar.—to-day previous quotations were well sus- tained for west india sugar, and a good home trade de- mand existed for all qualitie"
sugar,1850,0,1358,374,3.6706,True,"market intelligence. (from the london new price current, april 20.) sugar.—to-day the west india sugar market pre- sented a firm tone; both grocers and refiners were de- aircus to do business, paying "
sugar,1850,0,1358,375,3.6741,True,"market intelligence. (from the london new price current, april 25.) sugar.—to-day only a small business was concluded in west india sugar, but holders were firm and would not sell but at full former r"
sugar,1850,0,1358,376,3.6746,True,"market intelligence. from the london new price current of this day.) sugar.—to-day there was a reluctance on the part of refiners and grocers to do business in west india, although there were sellers "
sugar,1850,0,1358,377,3.6788,True,"market intelligence. (from the london new price current of yesterday.) sugar.—to-day importers of west ine;s sugar submit- tirg to f:ces rather under those of friday, occasion?d a good demand to preva"
sugar,1850,0,1358,378,3.6825,True,"market intelligence. (from the london new price current, jan. 30.) sugar.—to-day previous quotations were well sus• tained for west india sugar, and a good home trade de- mand existed for all qualitie"
sugar,1850,0,1358,379,3.6862,True,market intelligence. (from the london new price current of this day.) sugapt.—today demand was not better for b.p. sugar still the rates obtained were generally equal to this day week. at auction 92 h
sugar,1850,0,1358,380,3.6869,True,"market intelligence. (from the lotdift price au'rent of this cloy.) &mar.—to-day there was a large home trade demand for west india sugar, still at pievi'thiii were tellersbcth troie4 and l'efining so"
sugar,1850,0,1358,381,3.6958,True,"11.arkb28 sugar.—the average price of brown or muscovado sugar, the produce of the british possessions in america. fu the week ending aug. si, b2be. ittei. per cwt.,..."
sugar,1850,0,1358,382,3.6991,True,"market intelligence. from the london ncw price current of yesterday.) sugar.—of colonial there is a plentiful supply, and home dealers not being disposed to make large purchases prices have declined f"
sugar,1850,0,1358,383,3.7017,True,"maekrt intelligence. (front the london new price current of yesterday.) sugar. of west india supply is not ample for the wants of growers or refiners, and rather higher prices are paid—low to fine bro"
sugar,1850,0,1358,384,3.7023,True,"market intelligence. (from the london new price current of yesterday.) sugar.—there have been but few purchases of foreign either fors hipment or the home trade, but the holders are not disposed to se"
sugar,1850,0,1358,385,3.7079,True,"market in telligen ce. (from tht london neu price current, july 8.) sugal—to-day weftlndis sugar way off,r,:d at 6i per cwt uuder the rates of fritia), still l'arilt g anti pro- eery sorts were operaq"
sugar,1850,0,1358,386,3.7145,True,"market intelligence. (from the london new price current of nov. 19, sugar.—to-day there was confidence on the part of of holders of sugar, and none of any sort was submitted to auction. west india was"
sugar,1850,0,1358,387,3.715,True,"market intelligence. (from the london new price current of this day, sugar.—today there was a large business concluded in west india sugar, and very full prices were obtained for both grocery and refi"
sugar,1850,0,1358,388,3.7165,True,"market intelligence. (from the london 11ew i rice current, july 15.) sugar. —to-thy larger transactions took place in sv4st lboia sugar, iu consequence of ther3 bong sellers rather er the rates of fri"
sugar,1850,0,1358,389,3.724,True,"market intelligence. (from the london new price current, jan. 30.) sugar.—to-day previous quotations were well sus- tained for west india sugar, and a good home trade de- mand existed for all qualitie"
sugar,1850,0,1358,390,3.7302,True,"the sun, london, tuesday evening, october 26, 1852. foreign —floating cargoes of foreign sugar are much reqtlr2d, and the rates offered are rather above last tuesday, but supply is not adequate for th"
sugar,1850,0,1358,391,3.7302,True,"...et intelligence. (prom the london new price current of this day.) a • sugaii.—to-day only a moderate home trade demand was experienced for west india sugar, supply was plenti- ful, and in some cas"
sugar,1850,0,1358,392,3.735,True,"ma reels. sugar.—the average price of brown or muscovado sugar, the produce of the british posserions in america, for the week aiding angust2, is 26a1 lid. per, cwt...."
sugar,1850,0,1358,393,3.7357,True,"...ing very extensive, the demand is heavy, and the quotations are almost nominal. market intelligence. from the london new price current of yesterday.) sugar"
sugar,1850,0,1358,394,3.7416,True,"market intelligence. (from the london new price current of this day.) sugar.—to-day the west india sugar market presented a dull aspect there was a plentiful supply, and in some cases the rates accept"
sugar,1850,0,1358,395,3.7452,True,"...der, peterborough, northamptonshire. james pennell, farmer, studley, warwickshire. market intelligence. (from the london new price current, oct. 28.) sugar.—to-day th"
sugar,1850,0,1358,396,3.7466,True,"price of sugar. the average price of brown or muscovado sugar. com- put2d from returns made in the week ending nov. 5, 1850, exclusive of customs duties paid or pay..."
sugar,1850,0,1358,397,3.75,True,"price of sugar. the average price of brown or muscovado sugar, com- puted from returns made in the week ending july 8, 1851, exclusive of customs duties paid or pay..."
sugar,1850,0,1358,398,3.7535,True,"market intelligence. (from the london new trice current, july 15.) sugail—to-day larger transactions took place in west ludia sugar, in consequence of then being sellers rather unc?er the rates of fri"
sugar,1850,0,1358,399,3.7729,True,"borough hop. our market is firm, and fine east kent pockets am worth 10/. los per cwt. the show of samples is very market intelligence. brplantation sugar there for w b( from the london new price curr"
sugar,1850,0,1358,400,3.7769,True,"market intelligence. (from the london new price current of nov. 19, sugar.—to-day there was confidence on the part of of holders of sugar, and none of any sort was submitted to auction. west india was"
sugar,1850,0,1358,401,3.7877,True,"market intelligence. (from the london neu) price current, sept. 16.) sugar.—to-day there was even less demand for west india sugar than at the close of last week, purchases were small in both refining"
sugar,1850,0,1358,402,3.7931,True,"market intelligence. (from the london new price current of this day.) sugar.—to-day west india sugar was only in limited demand for home trade purposes, and prices aro fully 6d per cwt under those of "
sugar,1850,0,1358,403,3.794,True,"market intelligence. (from tbo london new price current, jan. 29.) sucan.—to-day west india sugar was purchased with eaudan both for the scale and refining purpotet, whils, merchants were disposed to "
sugar,1850,0,1358,404,3.7997,True,market intelligence. (from at: london new price current of yesterday.) sugar.—the lowest point of the market for west india was in the early part of february when sales of brown were made at 15s to 30
sugar,1850,0,1358,405,3.8073,True,"market intelligence. (prom the london new price current of yesterday.) sugar.—to-day the market for west india sugar pre- sented a dull appearance, and the rates accepted are rather under those of fri"
sugar,1850,0,1358,407,3.8113,True,"friday evening, april 19, 18.50. birb v.sbitten sun office, seven o' clock. market intelligence. (from the london new price current, april 19.) sugar.—to-day a fair quantity of west india muscovado su"
sugar,1850,0,1358,409,3.8169,True,"market intelligence. (from the london new price current of this day, sugar.--the west india sugar market has opened under favourable auspices, both refiners and grocers being eager buyers, and, the ra"
sugar,1850,0,1358,410,3.8207,True,"markets. bugar.—the average orice of brown or remora& sugar, the produce of the british possessions in doze, ice, for the week ending jan, 11, is 28.. od. par cwt, exclusive of the duties of customs p"
sugar,1850,0,1358,411,3.823,True,"market intelligence. (from the london new price current of this day, sugar.—today there was a large business concluded in west india sugar, and very full prices were obtained for both grocery and refi"
sugar,1850,0,1358,412,3.8257,True,"market intelligence. (from the london new price current, oct. 15.) scgar.—tu-jay west india sugar met with ready purchasers for home trade purposes; merchants also di-played much confidence, and in so"
sugar,1850,0,1358,413,3.8342,True,"...der, peterborough, northamptonshire. james pennell, farmer, studley, warwickshire. market intelligence. (from the london new price current, oct. 28.) sugar.—to-day th"
sugar,1850,0,1358,414,3.839,True,"...der, peterborough, northamptonshire. james pennell, farmer, studley, warwickshire. market intelligence. (from the london new price current, oct. 28.) sugar.—to-day th"
sugar,1850,0,1358,415,3.8393,True,"price of sugar. the average price of brown or muscovado sugar, com- puted from returns made in the week ending july 15, 1851, excluiive of customs duties paid or pa..."
sugar,1850,0,1358,416,3.8584,True,market intelligence. from the london new price current of nov. 9. sugar.—to-day a brisk demand was experienced for west india sugar from refiners and grocers; in several cases the rates obtained were 
sugar,1850,0,1358,419,3.8676,True,"market intelligence. (front the london new price current of this day,) sugar.-west india met with fair attention both for grocery and refining purposes, the rates obtained have been 6d to is per cwt. "
sugar,1850,0,1358,420,3.8701,True,market intelligence. (freon the london new price current of yesterday.) sugar.—this article is quiet. there are several auc- tions. the quantity of british plantation landed last week at the east and 
sugar,1850,0,1358,421,3.8725,True,"market intelligence. (from the london new price current of this day.) sugar.—to-day west india sugar was only in limited demand for home trade purposes, and prices aro fully 6d per cwt under those of "
sugar,1850,0,1358,422,3.8954,True,"price of sugar. the average price of brown or muscovado sugar, com- puted from returns made in the week ending july 15, 1851, excluiive of customs duties paid or pa..."
sugar,1850,0,1358,423,3.8983,True,"market intelligence. (from the london new price current of yesterday.) sugar.—a material increase has taken place in the hom, trade demand for colonial this week merchants have dis played confidence a"
sugar,1850,0,1358,425,3.9014,True,"market intelligence. (from the london new price current, march 12.) sugar.—to-jay importers of west india sugar were for the most part disinclined to make any further con- cession in the value, still "
sugar,1850,0,1358,426,3.9111,True,"condiercial intelligence. (from ike monthly circular of messrs. connal 4. co., dated glasgow. dee. 1.) the business done in our public sugar market daring the month has been limited; the sales amount "
sugar,1850,0,1358,427,3.9132,True,"market intelligence. (from the london new price current, april 20.) sugar.—to-day the west india sugar market pre- sented a firm tone; both grocers and refiners were de- aircus to do business, paying "
sugar,1850,0,1358,428,3.9152,True,"mark? t intelligence. prom the london new price current of this day.) • sugar.--to-day there were several buyers of west india sugar for home consumption, and rates fully equal to last friday, but sup"
sugar,1850,0,1358,429,3.9204,True,"jurab7s. sugar.—the swage price of brown or muscovado sugar, the prodtme of ad nridekt partesions in americo, for the wtek ending sept. 6, is ilbs. 81d. per cwt., e..."
sugar,1850,0,1358,430,3.9231,True,"market intelligence. (from the london new price current, aug. 30.) sul:ult.—to-day west india sugar was in excellent demand by refiners and grocers; stiffer rates are also paid; the sales amounted to "
sugar,1850,0,1358,432,3.9656,True,"friday evenin market intelligence. (from the london new price current. feb. 13.) sugar. —to-clay a good deal of busine s was again con- cluded in west india sugar for home consumption at rather ratas,"
sugar,1850,0,1358,433,3.968,True,"... of sager the produce of the british possessions in america, computed from the re- turns made in the week ending the 28th of sept. 1862, is 21s. 7jd. sugar, the produc"
sugar,1850,0,1358,434,3.9714,True,"commercial circulars. william conical & oo.'e montirly circular. glasnow, 31et deoember, 1858. our sugar market has maintained • quiet but steady tone during the month, the quotation for good brown su"
sugar,1850,0,1358,436,3.9783,True,"3t,ab4et intrleiq.encert rf (from the london. new price current of yesterday.) sugar.—supplies' of colonial continues to increase and home dealers having been cautious in their proceedings prices have"
sugar,1850,0,1358,437,3.9805,True,"condiercial intelligence. (from ike monthly circular of messrs. connal 4. co., dated glasgow. dee. 1.) the business done in our public sugar market daring the month has been limited; the sales amount "
sugar,1850,0,1358,439,3.9865,True,"market intelligence. (from the lo.,don new price current, sept. 3 sugar.—to-clay there was an active demand for west india for home trade purposes; merchants also exhibited greater firmness, and obtai"
sugar,1850,0,1358,441,3.9892,True,"...t in tel ligence. (from the london new price current, june 1 8.) std;an —to-day refiners or grocers were not much dis- posed to operate in west india sugar, still holders were firm. in all 360 hh"
sugar,1850,0,1358,443,4.0043,True,"market intelligence. from the london new price current of yesterday.) sugar.—thero is no further advance for foreign although shippers and home dealers are desirous to operate, with only moderate parc"
sugar,1850,0,1358,445,4.0101,True,"market intelligence. (from the london new price current, of yesterday:) sugar.—there is no further advance for foreign although shippers and home dealers are desirous to operate, with only moderate pa"
sugar,1850,0,1358,446,4.016,True,"market intelligence. (prom the london new price current of yesterday.) sugar.—to-day the market for west india sugar pre- sented a dull appearance, and the rates accepted are rather under those of fri"
sugar,1850,0,1358,447,4.0267,True,market intelligence. (freon the london new price current of yesterday.) sugar.—this article is quiet. there are several auc- tions. the quantity of british plantation landed last week at the east and 
sugar,1850,0,1358,448,4.0301,True,"market intelligence. (from the london new price current, dec. 30.) sugar.—from the west indies the quantity imported here this season has amounted to 82,000 tons, in the previous one it was 69 600. ho"
sugar,1850,0,1358,450,4.0368,True,market intelligence. from the london new price current of nov. 9. sugar.—to-day a brisk demand was experienced for west india sugar from refiners and grocers; in several cases the rates obtained were 
sugar,1850,0,1358,451,4.0415,True,"market intelligence. (from the london new price current, aug. 30.) sul:ult.—to-day west india sugar was in excellent demand by refiners and grocers; stiffer rates are also paid; the sales amounted to "
sugar,1850,0,1358,452,4.0441,True,"market intelligence. (from the london new price current, feb. 13.) sugar.—to-day a good deal of business was again con- cluded in west india sugar for home consumption at rather higher rates, making a"
sugar,1850,0,1358,453,4.0573,True,"friday evening, april 19, 18.50. birb v.sbitten sun office, seven o' clock. market intelligence. (from the london new price current, april 19.) sugar.—to-day a fair quantity of west india muscovado su"
sugar,1850,0,1358,454,4.0614,True,"market intelligence. (from the london new price current, jan. 27.) sugail—to-day there was a large demand for west india sugar, and the rates obtained were fully equal to those of friday last for groc"
sugar,1850,0,1358,457,4.0687,True,"market intelligence. (from the london new price current of yesterday.) suchiß.- the west india sugar market has opened under favourable auspices, both refiners and grocers being eager buyers, and the "
sugar,1850,0,1358,459,4.0789,True,"m_arkrt intelligence. (from the london new price current of this day.) sugar.—a further increase has occurred in the home trade demand for colonial, and supply keeping moderate prices have advanced fo"
sugar,1850,0,1358,461,4.0947,True,"london pii•ithetil ii4rob 12. sugail—to-day importers of west india sugar were for the most part did nclined to make any farther concession in the value, still reapers and grocers operated witlfmuch '"
sugar,1850,0,1358,462,4.0992,True,"market intelligence. (from the london neu) price current, jan. 31.) sugar.—to-day west india sugar was bought with caution for all purposes, but lower rates were not taken. the sales are 140, making f"
sugar,1850,0,1358,463,4.1088,True,"market intelligence. from the london new price current of this doy). sugar.—there is no further edvance for f9reign although shippers and home dealers are desirous to operate, with only moderate parce"
sugar,1850,0,1358,464,4.1141,True,"market intelligence. (from the london, new price current of yesterday. sugar. —to-day the raw sugar market presented a firm appearance. a fair demand prevailed for west india for home made purposes, a"
sugar,1850,0,1358,466,4.1177,True,"markb7s. sugar. the average pries of brown or muscovado sneer, the produce of the british possessions in america, for the week ending july 26, ia 26e. 81d. per cwt...."
sugar,1850,0,1358,468,4.1239,True,"liverpool i'roduce ma'ket.-feb. 13 sugar: we continue to have a steady market, and full prices are realised • 200 bags benares are reported at 53s 31,, 2x ,o bags madras at 44s 6d per cwt fr..."
sugar,1850,0,1358,469,4.127,True,"friday evening, april 19, 18.50. birb v.sbitten sun office, seven o' clock. market intelligence. (from the london new price current, april 19.) sugar.—to-day a fair quantity of west india muscovado su"
sugar,1850,0,1358,471,4.1333,True,"market intelligence. (prom the london yew price current of yesterday.) sugar. —to-day the raw sugar market presented a firm appearance. a fair demand prevailed for west india for home made purposes, a"
sugar,1850,0,1358,472,4.1406,True,"markey& sugar.—the avenge priee of brown or muscovado sugar, the predoce of the drifted powiessions in amalie, for the week ending oct. 6, is ;wia. gi. the average..."
sugar,1850,0,1358,474,4.1475,True,"market intelligence. (from the london new price current of yesterday.) suchiß.- the west india sugar market has opened under favourable auspices, both refiners and grocers being eager buyers, and the "
sugar,1850,0,1358,477,4.1619,True,"maree7s. sugar —the average pries of brown ar miaowed° wager, the produoe of the british possesnons in america, for the week ending nov. 8, is 24e. std. per cwt., e..."
sugar,1850,0,1358,478,4.1666,True,"mare3i& sugar.—the average pries of brown or muscovado sugar, the produce of the british poseseeione to america, for the week ending march 16, is 270.111 d per cwt..."
sugar,1850,0,1358,479,4.167,True,"added. intelligence. r • • prom-the-london new price current,of yesterday.) • st dait.---to-day the niarket for west india sugar pre- sented a dull, appearance, and the rates accepted are rather undor"
sugar,1850,0,1358,483,4.1724,True,"market intelligence. (prom the london new price current of yesterday.) sugar.—to-day importers of west india sugar submit- ting to prices rather under those of friday, occasioned a good demand to prev"
sugar,1850,0,1358,485,4.1728,True,"ilcabket intelligence. (prom the _london new price current of thie day.) sugall—lmporters of west india sugar were desirous to-day to realise, but submitting to a reduction on friday's rates of 61 per"
sugar,1850,0,1358,487,4.1739,True,market intelligence. from the london new price current of this day. sugar.—operations in foreign havo been larger than previously both for shipping and the united kingdom; i there s also a further adv
sugar,1850,0,1358,488,4.1804,True,"• trade circulars the following is the monthly circular of messrs. w. comte' & co., dated glasgow, let october:-- the tnitui- actiime in ,air sugar•market during the month comprise 2,613 hhils. 491 ti"
sugar,1850,0,1358,490,4.1865,True,"market int elligenca front the london new price current of yesterdo) sugar.—since our last report the position of the market has been favourable, exporters and dealers having been ready buyers, suppli"
sugar,1850,0,1358,491,4.1868,True,"...8. in the colonial produce markets during the week the tone has been steady, and prices exhibit little alteration. there has been a better demand tor sugar both for shipm"
sugar,1850,0,1358,493,4.2047,True,"market in tel ligen ce (-from the londox new price current, oct. 14.) ii.:l4a.—to-day a great demand was experienced for ,r, est india sugar, both for the pan and grocery purposes. 4yl.:±rchants displ"
sugar,1850,0,1358,494,4.2161,True,"added. intelligence. r • • prom-the-london new price current,of yesterday.) • st dait.---to-day the niarket for west india sugar pre- sented a dull, appearance, and the rates accepted are rather undor"
sugar,1850,0,1358,496,4.224,True,"markets. suoar.—the average price of sugar, the produce of the british possession in america, computed from the re- tarns made in the week ending the 12th of oct. 1852, is 225. sd. sugar, the ..."
sugar,1850,0,1358,497,4.2269,True,"market intelligence. (from the london new price oarrent of this day.) sugar.—although the market has been less freely supplied with colonial, still prices have again declined home dealers not being di"
sugar,1850,0,1358,498,4.2352,True,market intelligence. (from the london new price current of this day.) sugapt.—today demand was not better for b.p. sugar still the rates obtained were generally equal to this day week. at auction 92 h
sugar,1850,0,1358,501,4.2692,True,".114re112& sugar.—the average price of brown or muscovado eager, the produce of the british possessions in america, for the week ending march 29, is 29e. oiel. per cw..."
sugar,1850,0,1358,503,4.2737,True,"high price of sugar. a letter, signed 'two brokers,' in a london journal, denies the truth of tho statement contained in the observer—viz., that the high price of sugar ..."
sugar,1850,0,1358,504,4.2825,True,"market intelligence. p. 14.) (from the london new price erren4se scraaß.—to-day west india sugar was in brisk de- mend for home-trade purposes, and the rates obtained were fully equal to those current"
sugar,1850,0,1358,505,4.286,True,"market intelligence. (from the london new price current of this day.) sugar.—to-day importers of west india sugar submit- ting to prices rather under those of friday, occasioned a good demand to preva"
sugar,1850,0,1358,508,4.3103,True,"london pii•ithetil ii4rob 12. sugail—to-day importers of west india sugar were for the most part did nclined to make any farther concession in the value, still reapers and grocers operated witlfmuch '"
sugar,1850,0,1358,509,4.3104,True,"• trade circulars the following is the monthly circular of messrs. w. comte' & co., dated glasgow, let october:-- the tnitui- actiime in ,air sugar•market during the month comprise 2,613 hhils. 491 ti"
sugar,1850,0,1358,510,4.3197,True,"market intelligence. (front the london new price current of yesterday.) sugar.-a further increase has occurred in the home trade demand for colonial, and supply keeping moderate prices have advanced f"
sugar,1850,0,1358,513,4.336,True,"markets. sugar.—the avenge price of sugar, the produce of the british powieseimui in america, computed from the re- turns made in the week ending the 30th 1852, is ..."
sugar,1850,0,1358,515,4.3438,True,"market in telligence. (from the london new price current, nov. 29.) sugar.—to-day the west india sugar market again presented a dull aspect, and the sales were only 133 hhds, &e., still prices in near"
sugar,1850,0,1358,516,4.3509,True,"market intelligence. prom the london ivciv price current of this day.) sugal—to-day there was some improvement in the demand for british plantation sugar, both for grocery and refiuing purposes, whils"
sugar,1850,0,1358,519,4.3583,True,"market in tel ligen ce (-from the londox new price current, oct. 14.) ii.:l4a.—to-day a great demand was experienced for ,r, est india sugar, both for the pan and grocery purposes. 4yl.:±rchants displ"
sugar,1850,0,1358,526,4.3879,True,"markets. stgar.—the average pri, of sugar, the produce of the british possessions in america, computed frum the re. turns made in the week ending the •29th june, 18:4, is 235. 3 id. sugar, th..."
sugar,1850,0,1358,527,4.3894,True,"agibibie evoll—the average price of brown or mueorivado sugar the produce of british pomesoons in america for ate week ending nov. 11, is 33e. 10i d. per cwt. reclusive of duty. the average prim of br"
sugar,1850,0,1358,530,4.4242,True,market intelligence. (from the london new price current of this day.) sugapt.—today demand was not better for b.p. sugar still the rates obtained were generally equal to this day week. at auction 92 h
sugar,1850,0,1358,532,4.4396,True,"markets. sugar.—the average price of sugar, the produce of the british possessions in america, computed from the returns made in the week ending the 30th march, 111..."
sugar,1850,0,1358,533,4.4562,True,"high price of sugar. a letter, signed 'two brokers,' in a london journal, denies the truth of tho statement contained in the observer—viz., that the high price of sugar ..."
sugar,1850,0,1358,534,4.4583,True,"market intelligence. (prom the london new price current of yesterday.) sugar.—to-day the market for west india sugar pre- sented a dull appearance, and the rates accepted are rather under those of fri"
sugar,1850,0,1358,536,4.462,True,"market intelligence. (from the london new price current of yesterday.) sugar.—of west india supply is not ample for the wants of growers or refiners, and rather higher prices are paid—low to fine brow"
sugar,1850,0,1358,539,4.4709,True,"messrs. corral's glasgow produce market. during the currency of the month our sugar market gradually advanced about 25., when a strong impression gained ground as to the inadequacy of thesupply to mee"
sugar,1850,0,1358,540,4.4712,True,"iiiterpool standard. rit ets. liverpool produce market. oct. 18. the demand for sugar continues unchecked, both from gro- cers and refiners, and a further advance of 6d., and in some instances ls., mu"
sugar,1850,0,1358,541,4.4727,True,"the sun, london, tuesday evening, october 26, 1852. foreign —floating cargoes of foreign sugar are much reqtlr2d, and the rates offered are rather above last tuesday, but supply is not adequate for th"
sugar,1850,0,1358,544,4.4792,True,"market intelligence. (from the london neu, price current, jan. 11.) sugar.—to-day thcre were several purchasers of west india sugar for all purposes, bat merchants in- sisting upon rather higher rates"
sugar,1850,0,1358,545,4.4815,True,"market intelligence. east india.—this afternlon of bengal sugar 3,000 bags were offered at auction, and about half was with- drawn, the remainder selling at firm prices; mid and good mid grainy yellow"
sugar,1850,0,1358,547,4.4845,True,"market intelligence. (from the london new price current, june 20.) sttaet— importers of west india sugar askingoai;a advance on former rates of 6d per cwt ope- rated against bsbu2sinhehsaes. the purch"
sugar,1850,0,1358,548,4.4857,True,"market intelligence. (from the landon a'vezo price current, march 7.) isiigail—to-day one rate 3 obtained for yeast india sugar wsre in most casos the tharna as these of friday last, the buppiy iseiug"
sugar,1850,0,1358,549,4.4927,True,"markets sugar —the average price of seemr, the produce of the british irma in arorriea, composed from the returns made in the w ending the and •iny of aprii, 1430...."
sugar,1850,0,1358,550,4.4943,True,market intelligence. from the london new price current of oct 26. sugar.—operations in foreign have been larger than previously both for shipping and the united kingdom; there is also a further advanc
sugar,1850,0,1358,552,4.4975,True,"added. intelligence. r • • prom-the-london new price current,of yesterday.) • st dait.---to-day the niarket for west india sugar pre- sented a dull, appearance, and the rates accepted are rather undor"
sugar,1850,0,1358,553,4.4978,True,"sugars the new orleans price current, of the ht ultimo, has the following review of the sugar trade of new orleans, for the year ending the 31st ult. :—"" t..."
sugar,1850,0,1358,555,4.5038,True,"of boiled from west india molasses at 16s 9d to 17s, patent 17s 6d to 18s; and golden syrup 18s 6d to 19s. to-day reffned sugar was purchased with caution for home consumption—brown lumps at 44s 6d, a"
sugar,1850,0,1358,558,4.5137,True,"sugar.—to-day there was a reluctance to operate in british plantation sugar for home trade purposes, and rates in some cases are 6d per cwt under last tues..."
sugar,1850,0,1358,560,4.5154,True,"market intelligence. (from the london new price current, nov. 14.) suga.r.—to day full rates were demanded for west india sugar, hut grocers and refiners operated with re- luctince. the purchases are "
sugar,1850,0,1358,561,4.5174,True,"market intelligence. front the london. new price current of yesterday.) sugar—the public sales announced for next week already comprise 200 hhds barbadoes, 4,000 chests yellow havannab, 1,400 hhds cub"
sugar,1850,0,1358,564,4.5286,True,"prod u c e.—there has been an improved demand during the week for all descriptions of sugar at steady prices, and the sales amounted to 400 hhds. b. p., 8,000 bags bengal, and 200 mats mauritius. fore"
sugar,1850,0,1358,565,4.5294,True,"tuesday.. danger no- mutiny, or how- against the consumption of sugar. one of the most striking examples of the groundless- ness of the apprehensions entertained as to the effects of the removal of pr"
sugar,1850,0,1358,568,4.531,True,"market intelligence. (from the london new price current of this day, sugar.--the west india sugar market has opened under favourable auspices, both refiners and grocers being eager buyers, and, the ra"
sugar,1850,0,1358,570,4.5408,True,"market intelligence. (from, the london new price current of yesterday. sugar.—to-day west india sugar was much sought after for home consumption, but a further advance being demanded operated against "
sugar,1850,0,1358,572,4.5536,True,"messna. george burnand & co., cornhill. secretary. vincent wanostrocht. mins company is formed for the purpose of refining i. sugar under the new and advantageous process invented by mr. bessemer, and"
sugar,1850,0,1358,573,4.5631,True,"actions amount to 783 hhds, the market closing with a firm aspect. retined—in conse, • ,quence of previous terms having been accepted for refined sugar, large purchases have i been made by home dealer"
sugar,1850,0,1358,574,4.5645,True,"...ng the present week these markets have been com- paratively quiet, but there in a fair demand for most ar- ticles fur consumption. british plantation sugar has been firm,"
sugar,1850,0,1358,580,4.5901,True,"messna. george burnand & co., cornhill. secretary. vincent wanostrocht. mins company is formed for the purpose of refining i. sugar under the new and advantageous process invented by mr. bessemer, and"
sugar,1850,0,1358,581,4.5946,True,"...rcial circulars. produce markets. (from, william connal 6: co's monthly circular, dated glasgow, 31st january.) a large business has been done in our sugar market during the month, the sales comp"
sugar,1850,0,1358,582,4.5956,True,"market intelligence. front the london new price current of this day.) sugar.—of all sorts arrivals here compared with the previous year show a decrease of 7,600 tons; home trade deliveries are 1,700 l"
sugar,1850,0,1358,585,4.6064,True,"market intelligence. ifrom the london new price current of oct. 29. i-ft/gar.-to-day there was a larger demand for west ''‘a sugar from home dealers, and the rates obtained ina' „fiey equal to friday "
sugar,1850,0,1358,587,4.6118,True,"market intelligence. (from the london new price current of yesterday. sugar.—to-day west india sugar was much sought after for home consumption, but a further advance being demanded operated against b"
sugar,1850,0,1358,588,4.6278,True,"greenock sugar market—during the month of march the following was the importation of raw sugar into greenock:—from the west indies, 3,206 hhds, -324 tros:, 143 boxe..."
sugar,1850,0,1358,589,4.633,True,"market intelligence. (from the london new price current, dec. 30.) sugar.—from the west indies the quantity imported here this season has amounted to 82,000 tons, in the previous one it was 69 600. ho"
sugar,1850,0,1358,590,4.6351,True,"the sugar trade. (fre. the limp**, albi j the rapid and extensive sd,ante which has recently t then platy in the pries of sugar, is, we believe, without prec;d..."
sugar,1850,0,1358,591,4.6388,True,"tawny= litmusis bur -...... imam markets. sboar.—the average price of sugar, the produce of the british po.ssevtions in america, computed from the renew made in the neck ending the 23rd march, 1862, i"
sugar,1850,0,1358,593,4.6538,True,"...direct west l• cia cijl 41111. elapsed, rea- ene nave been neneonities of be the „out in nu- „ t closes with an upwerd tendency. the year of colonial sugar from t"
sugar,1850,0,1358,595,4.659,True,"market intelligence. (from the london new price current, march 5.) sugar.—to-day the market for west india sugar presented a dull aspect; both grocers and refiners made purchases with much caution, an"
sugar,1850,0,1358,596,4.6594,True,"jurke7a sugar.—the average price of brown or mweovirlo surer the po duce of the bluish poeseadions in anieli. a, for thi week ending may 17, le 265. did. per cwt.,..."
sugar,1850,0,1358,598,4.6769,True,"markets sugar.—the avenge poke of lrowa or muscovado sugar, lbs produce of the british potionfiooi is america, for the week 'ad* march 8, is 28s. fitd. per cwt., e..."
sugar,1850,0,1358,599,4.6978,True,"mesars. george burnand k co., corabill. sp.cretaiiy. vincent wanostrocht. rrins company is formed for the purpose of refining 1. sugar under the new and advantageous process invent,' by mr. bessemer, "
sugar,1850,0,1358,601,4.7041,True,"friday evening, east india.—this afternoon the east india sugar market presented a quiet aspect, and former rates were barely sup- ported. at public sale 319 bags bengal sold at 40s 6d to 41s for good"
sugar,1850,0,1358,602,4.7092,True,"the sugar trade. (fre. the limp**, albi j the rapid and extensive sd,ante which has recently t then platy in the pries of sugar, is, we believe, without prec;d..."
sugar,1850,0,1358,605,4.7168,True,"standard lumps 48s per cwt. to-day the market for re- fined sugar presented r. firm aspect, and supply is not ade- quate for home dealers' wants. the currency is now for brown lumps 47s to 47s 6d, and"
sugar,1850,0,1358,608,4.7261,True,"11k1326. sugar.—the average place of brown or muscovado auger, the produce of the brills!). possession* in america, for the week ending sept. 14 is 275. bfd. per cw..."
sugar,1850,0,1358,609,4.7272,True,"market in tel ligence. (from the london new price current, aug. 27.) snow.—to day previous terms were sustained for west, india sugar, and the demand is active for both acaleable and refining qualitie"
sugar,1850,0,1358,610,4.7292,True,"mesars. george burnand k co., corabill. sp.cretaiiy. vincent wanostrocht. rrins company is formed for the purpose of refining 1. sugar under the new and advantageous process invent,' by mr. bessemer, "
sugar,1850,0,1358,611,4.746,True,"ifd.ktiß24. scoar.—the average price of brown or muscovado sugar, the produce of the stith& possessions in america, for the wcek ending sept. 15, is 355. 10, per cwt. exclusive of duty. the average pr"
sugar,1850,0,1358,612,4.7483,True,"market intelligence. front the london new price current of this day.) sugar.—of east india and mauritius, extensive arrivls have taken place since this day week and of west india asiweil as of foreign"
sugar,1850,0,1358,614,4.7676,True,"bristol sugar market, april 26. the market has been uniformly doll the ""hole of the week, sod the low rates at which importers are willing to sell have not in. duc..."
sugar,1850,0,1358,616,4.7823,True,"market intelligence. (from the london new price current of yesterday. sugar.—the colonial sugar market to-day presented a less active appearance, and previous terms are not generally sustained. west i"
sugar,1850,0,1358,617,4.7881,True,"market intelligence. (from the london new price current of yesterday.) suchiß.- the west india sugar market has opened under favourable auspices, both refiners and grocers being eager buyers, and the "
sugar,1850,0,1358,618,4.7892,True,"111-4rket intelligence. (from, the london new price current of this day.) suga.e.—of all sorts of sugar arrivals here are this an increase 500 tons less than in the previous one, there is in home trad"
sugar,1850,0,1358,619,4.7925,True,"markets. sugar.—the avenge pries of saw, the produce of the british possessions in america, computed from the re- turns made in the week ending the 9th nov.' 1842, ..."
sugar,1850,0,1358,621,4.8055,True,"commercial circular. the following is from wm. connal & co.'s monthly circular, dated glasgow, march 31 :—the transactions in our public sugar market during the month have been extremely limited, from"
sugar,1850,0,1358,623,4.8146,True,"market& sugar.—the average pries of brown or llthicorado sugar, the produce of the brideh porseseions in amer' :a, for the week ending august 9, is 265. 8 d.per cw..."
sugar,1850,0,1358,624,4.8214,True,"greenock sugar market—during the month of march the following was the importation of raw sugar into greenock:—from the west indies, 3,206 hhds, -324 tros:, 143 boxe..."
sugar,1850,0,1358,625,4.8237,True,"friday evening, east india.—this afternoon the east india sugar market presented a quiet aspect, and former rates were barely sup- ported. at public sale 319 bags bengal sold at 40s 6d to 41s for good"
sugar,1850,0,1358,626,4.8281,True,"market intelligence. from the london new price current of yesterday) sugar.-an improvement has occurred in the home trade demand for colonial, and a less quantity having been brought forward • prices "
sugar,1850,0,1358,629,4.8467,True,"commercial circulars. (from william c 0111.1411 d: co.'..monaly circular, dated glaagoto, feb. 28.) _ our sugar market has steadily maintained its position during the month, good brown sugar still com"
sugar,1850,0,1358,634,4.8718,True,"market intelligence. (from the london new price current, oct. 15.) scgar.—tu-jay west india sugar met with ready purchasers for home trade purposes; merchants also di-played much confidence, and in so"
sugar,1850,0,1358,635,4.8742,True,"market intelligence. from the london new price current of this day.) sugar —to-day the prices obtained for british planta- tion sugar did not exceed those of friday, but there was a brisk demand for r"
sugar,1850,0,1358,638,4.8831,True,"market intelligence. (from the london new price current, oct. i i.) sugar.—to-day previous rates were freely paid for all sorts of west india sugar, and the purchases amounted to 660, making for the w"
sugar,1850,0,1358,639,4.8842,True,"market intelligence. (from the london new price current, feb. 13.) sugar.—to-day a good deal of business was again con- cluded in west india sugar for home consumption at rather higher rates, making a"
sugar,1850,0,1358,640,4.8931,True,"greenock sugar market—during the month of march the following was the importation of raw sugar into greenock:—from the west indies, 3,206 hhds, -324 tros:, 143 boxe..."
sugar,1850,0,1358,641,4.8936,True,"borough hop. our market is firm, and fine east kent pockets am worth 10/. los per cwt. the show of samples is very market intelligence. brplantation sugar there for w b( from the london new price curr"
sugar,1850,0,1358,642,4.9062,True,"market intelligence. (from the london new price current, oct. 1.) straa.n.—to-day there was much disposition evinced to operate in west india sugar for home consumption, and stiffer rates were offered"
sugar,1850,0,1358,643,4.9166,True,"colonial markets. from the london new price ourrent of yesterday. siigar.—to-day the market for west india sugar closed quietly, still the prices obtained were fully equal to those of last friday for "
sugar,1850,0,1358,644,4.9244,True,"london produce market.—ava• 24 the following public sales are advertised for to-morrow —sugar 500 hhds west india: 4,000 bags mauritius and 3,000 bags bengal. coffee 400 casks pla%tation ceylon 600 ba"
sugar,1850,0,1358,645,4.9269,True,"market intelligence. (from the london new price current of yesterday. sugar.—to-day west india sugar was much sought after for home consumption, but a further advance being demanded operated against b"
sugar,1850,0,1358,647,4.9408,True,"d sugar,,k2i3n3og,n6d9os6saturday nu. a,rdtn. molasses, doa yfbl unrefined rum.—it eoutdmhc sugar u—yilalat.rer tllea,aniappearsnsd retained djn imported fro..."
sugar,1850,0,1358,648,4.9424,True,"market intelligence. (from the london new price current, aug. 19.) sugar.—to-day importers of west india sugar ge- nerally refused to submit to any further reduction, but refiners and grocers manifest"
sugar,1850,0,1358,649,4.9478,True,"35010 2783016 11 18702 1927215 428050 pnonuce.---the sugar market has been in a very .unsettled state, and owing to the ,unwillingness of the trade to operate, business has been almost suspended, the "
sugar,1850,0,1358,651,4.9542,True,"market intelligence. (from the london neu) price current, sept. 16.) sugar.—to-day there was even less demand for west india sugar than at the close of last week, purchases were small in both refining"
sugar,1850,0,1358,653,4.9586,True,"market intelligence. (from, the london new price current of yesterday. sugar.—the colonial sugar market to-day presented a less active appearance, and previous terms are not generally sustained. west "
sugar,1850,0,1358,654,4.964,True,"market intelligence. (from the london new price current, aug. 30.) sul:ult.—to-day west india sugar was in excellent demand by refiners and grocers; stiffer rates are also paid; the sales amounted to "
sugar,1850,0,1358,655,4.9688,True,"d sugar,,k2i3n3og,n6d9os6saturday nu. a,rdtn. molasses, doa yfbl unrefined rum.—it eoutdmhc sugar u—yilalat.rer tllea,aniappearsnsd retained djn imported fro..."
sugar,1850,0,1358,656,4.9719,True,"d sugar,,k2i3n3og,n6d9os6saturday nu. a,rdtn. molasses, doa yfbl unrefined rum.—it eoutdmhc sugar u—yilalat.rer tllea,aniappearsnsd retained djn imported fro..."
sugar,1850,0,1358,657,4.9734,True,"1852. market intelligence• (from the london new price current of sugar.- to-day there was only a limited de' west india sugar from either grocers or refiners,' close generally the same as on friday la"
sugar,1850,0,1358,658,4.9769,True,"agibibie evoll—the average price of brown or mueorivado sugar the produce of british pomesoons in america for ate week ending nov. 11, is 33e. 10i d. per cwt. reclusive of duty. the average prim of br"
sugar,1850,0,1358,659,4.9805,True,"maritrt intelligence. (from, the london new price current of yesterday.) sugiii.—to-day west india sugar was much enquired after for home trade purposes, and the rates offered were fully equal to thos"
sugar,1850,0,1358,660,4.9811,True,"35010 27830101 18702' '1927215428060 produce.---the sugar market has been ;in a ;very unsettled state, and owing to the unwillingness of the trade ito operate, business 'has been almost suspended, the"
sugar,1850,0,1358,661,4.9823,True,"market intelligence. (from the london new price current, march 15.) &toan. -to-day the market for west india sugar • pre- sented a dull aspect •for both grocery and refining sorts, whilst rather lower"
sugar,1850,0,1358,663,4.9889,True,"market intelligence. (from the london new price current, oct. 8.) sucea.—to-day there was a larger quantity of west india sugar on show, still merchants displayed mach firmness, and a good business ha"
sugar,1850,0,1358,664,4.9899,True,"market intelligence. (from the london new price current, oct. 28.) sugar.—to-day there was a reluctance to operate in west india sugar for all purposes; and in some cases the rates taken were rather u"
sugar,1850,0,1358,666,4.9967,True,"london produce marilee, dec. 27. suoks.—no public sales, but several declared for next week. refined sugar has met a firtu fair home trade demand; brown lumps 50s. 6d to 61s. corr ea.—firm and little "
sugar,1850,0,1358,667,5.0059,True,"bristol sugar market, oct. l. the samples of west india sugar in the brokers'ofilee have been greatly reduced by the recent sales; indeed, the entire stock of the ..."
sugar,1850,0,1358,668,5.0094,True,"messrs. corral's glasgow produce market. during the currency of the month our sugar market gradually advanced about 25., when a strong impression gained ground as to the inadequacy of thesupply to mee"
sugar,1850,0,1358,672,5.0321,True,"prod u c e.—there has been an improved demand during the week for all descriptions of sugar at steady prices, and the sales amounted to 400 hhds. b. p., 8,000 bags bengal, and 200 mats mauritius. fore"
sugar,1850,0,1358,673,5.0381,True,market intelligence. (from the london new price current of this day.) sugapt.—today demand was not better for b.p. sugar still the rates obtained were generally equal to this day week. at auction 92 h
sugar,1850,0,1358,674,5.0393,True,"market in tel ligence. (from the loncbn new price current, jan. 3.) sugar.—to-day importers of raw sugar were firm, and offered only 858 bags bengal at public sale, which sold at full rates, from 41s "
sugar,1850,0,1358,677,5.0614,True,"market intelligence. (from the london new price current, april 8.) sugar.—to-day west india sugar was offered rat her under the rates of friday; still all sorts were dealt, in with reluctance. the pur"
sugar,1850,0,1358,678,5.065,True,"d sugar,,k2i3n3og,n6d9os6saturday nu. a,rdtn. molasses, doa yfbl unrefined rum.—it eoutdmhc sugar u—yilalat.rer tllea,aniappearsnsd retained djn imported fro..."
sugar,1850,0,1358,679,5.0666,True,"scgar, molasses, and rtrat.---it appears from a return published on saturday that in the year ended the 30th june, 1855, 8,233,696 cwt. of unrefined sugar was imported.into the united kingdom, and 8,1"
sugar,1850,0,1358,680,5.0682,True,"market intelligence. (from the london new price current, jan. 29.) soostn.—to-clay west ind'a sugar was purchased with caution both for the scale and rcfiuing purpo.es whits', merchants were disposed "
sugar,1850,0,1358,681,5.0742,True,"of boiled from west india molasses at 16s 9d to 17s, patent 17s 6d to 18s; and golden syrup 18s 6d to 19s. to-day reffned sugar was purchased with caution for home consumption—brown lumps at 44s 6d, a"
sugar,1850,0,1358,682,5.0743,True,consumption of sugar in the united states. the usual annual returns have been published of the consumption of sugar in the united states dur- ing the past year. from thes...
sugar,1850,0,1358,683,5.0798,True,"111-4rket intelligence. (from, the london new price current of this day.) suga.e.—of all sorts of sugar arrivals here are this an increase 500 tons less than in the previous one, there is in home trad"
sugar,1850,0,1358,684,5.085,True,"market intelligence. (from the london new price current of this day.) sugar.—prices have ceased to decline for all descrip- tions of colonial, there having been a larger home trade demand, and a decre"
sugar,1850,0,1358,685,5.0874,True,"market intelligence. (from the london new price current of this day.) sigail—to. day west india sugar was held for previous prices, the quantity on offer not being equal to last week, but refining and"
sugar,1850,0,1358,686,5.0906,True,"scgar, molasses, and rtrat.---it appears from a return published on saturday that in the year ended the 30th june, 1855, 8,233,696 cwt. of unrefined sugar was imported.into the united kingdom, and 8,1"
sugar,1850,0,1358,688,5.0961,True,"london produce market, august 26. sugar—many transactions at rather higher prices. ready sale for refined; low lumps, 62e. coffee much in demand at a small advance. tea dull at easier price..."
sugar,1850,0,1358,689,5.0985,True,"market intelligencff. (from the london new price current 0. sugar.— to-day there was only a hull west india sugar from either grocers or ref close generally the same as on friday last. 130, making for"
sugar,1850,0,1358,690,5.0993,True,"_glasgow colonial produce market, feb. 9. the market has been very barely supplied with west india muscovado sugar this week, not near to the extent that the demand would have taken off. the sales amo"
sugar,1850,0,1358,691,5.0999,True,"evening, septem market intelligence. (feo:n the london neu; price current, sept. 28.) sugar.-to-d ty west indie sugar was in extensive request, both for refining and grocery purposes, the rates obtain"
sugar,1850,0,1358,692,5.1035,True,"market intelligence. from the london new price current of this evening.) sugar.- to-day there was only a limited demand for west india sugar from either grocers or refiners, still, rates close general"
sugar,1850,0,1358,693,5.1038,True,"market intelligence. (from the london new price current, march 1.) sugar..—to-day holders of west india sugar dis. ph ed firmness, and insisted upon fully former rates lor both grocery and refining so"
sugar,1850,0,1358,695,5.1125,True,"scgar, molasses, and rtrat.---it appears from a return published on saturday that in the year ended the 30th june, 1855, 8,233,696 cwt. of unrefined sugar was imported.into the united kingdom, and 8,1"
sugar,1850,0,1358,697,5.116,True,statistics of sugar. some returns relative to sugar have been laid on the table of the house of commons on the motion of mr. mot_ fat. it hence appears that the quantity...
sugar,1850,0,1358,698,5.1162,True,"... for next week comprise 300 hhds barbadoes, 200 hhds jamaica, 70 hhds demerara, 10,000 bags east india and mauritius, and 6,000 bags brown pernambnca sugar. r"
sugar,1850,0,1358,699,5.1235,True,"market intelligence. (from the london new price current, oct. 15.) sugait,—to-day west india sugar met with ready purchasers for home trade purposes; merchants also displayed much confidence, and in s"
sugar,1850,0,1358,700,5.124,True,"august. :mber. london, market intelligence. (from the london new price current, dec. 12.) sugar.—to-day west india sugar was operated in with reluctance for all purposes, and the rates taken were 6d p"
sugar,1850,0,1358,701,5.1258,True,statistics of sugar. some returns relative to sugar have been laid on the table of the house of commons on the motion of mr. mot_ fat. it hence appears that the quantity...
sugar,1850,0,1358,703,5.1297,True,"e sun, london, friday evening, february 11, 1853. parcels of bengal sugar were sold privately at full rates. cocoa.—purchases in foreign are still trifling, and there appears a desire to sell, bahia a"
sugar,1850,0,1358,704,5.1302,True,"market intelligence. (from the london new price current, oct. 12.) sugars.—to-day there was a lively demand for west india sugar from both refiners and grocers • the rates obtained were 6d per cwt aki"
sugar,1850,0,1358,705,5.1327,True,"market intelligence. (from, the london new price current of this day.) sugar.—to-day west india sugar was in good demand for home consumption, and realised rates fully equal to last friday. transactio"
sugar,1850,0,1358,706,5.1334,True,"market intelligence. (from the london ?vew price current of this day.) sugar.—to-day there was a good home trade demand for british plantation sugar, still at previous rates merchants were desirous to"
sugar,1850,0,1358,707,5.1371,True,"market intelligence. (from the london new price current, oct. 15.) sugar.—to-day west india sugar met with ready purchasers for home trade purposes; merchants also displayed much confidence, and in so"
sugar,1850,0,1358,708,5.1408,True,"sugar.—the average price of sugar, the produce of the british penurious in america, computed from the re- turns made in the week endiag the 18th may, 1862,..."
sugar,1850,0,1358,709,5.1461,True,"wf,st in the sticiaa caor.—the sugar crop of barbadoes and st. lucia is likely to fall short, and from the same <muse —the non-yielding of the canes. we learn from the wert indica, that ..."
sugar,1850,0,1358,710,5.1489,True,"liverpool produce markets.—march 31. sugar has been in fair demand, but the transactions are rather confined, on account of the market having been par- tially closed. about 400 hhds demerara h..."
sugar,1850,0,1358,711,5.1525,True,"markets. fit,oall.—the avenge price of sugar, the produce of the brito.li possessions in america, computed (rem the re- turn, made in the week ending the 13th january, 18/12, 21s. ojd. sugar the..."
sugar,1850,0,1358,712,5.1541,True,"wf,st in the sticiaa caor.—the sugar crop of barbadoes and st. lucia is likely to fall short, and from the same <muse —the non-yielding of the canes. we learn from the wert indica, that ..."
sugar,1850,0,1358,714,5.1653,True,"scgar, molasses, and rtrat.---it appears from a return published on saturday that in the year ended the 30th june, 1855, 8,233,696 cwt. of unrefined sugar was imported.into the united kingdom, and 8,1"
sugar,1850,0,1358,715,5.1666,True,"market int elligence. (from the london new price current of this day.) sugar.—to-day there was a reluctance to operate in british plantation sugar for home trade purposes, and in some cases the rates "
sugar,1850,0,1358,716,5.1672,True,market intelligence. from the london new price current of yesterday.) sugail—to-day the prices obtained for all descriptions of west india sugar were equal to those of friday. still the demand was lim
sugar,1850,0,1358,717,5.1695,True,"scgar, molasses, and rtrat.---it appears from a return published on saturday that in the year ended the 30th june, 1855, 8,233,696 cwt. of unrefined sugar was imported.into the united kingdom, and 8,1"
sugar,1850,0,1358,718,5.1697,True,"market in tel ligence. (from the london new price current, march 25.) sugar.—to-day west india sugar was offered upon rather lower terms, still the demand was small for all sorts by private treaty. th"
sugar,1850,0,1358,719,5.1762,True,"mark? t intelligence. prom the london new price current of this day.) • sugar.--to-day there were several buyers of west india sugar for home consumption, and rates fully equal to last friday, but sup"
sugar,1850,0,1358,720,5.1784,True,market intelligence. from the london new price current of nov. 9. sugar.—to-day a brisk demand was experienced for west india sugar from refiners and grocers; in several cases the rates obtained were 
sugar,1850,0,1358,721,5.179,True,"d sugar,,k2i3n3og,n6d9os6saturday nu. a,rdtn. molasses, doa yfbl unrefined rum.—it eoutdmhc sugar u—yilalat.rer tllea,aniappearsnsd retained djn imported fro..."
sugar,1850,0,1358,722,5.1972,True,"market intelligence. (from the london new price current, aug. 13.) siiciar.--to-day the rates paid for west india sugar were equal to those of friday, and there was a good dement] for both grocery and"
sugar,1850,0,1358,723,5.2014,True,"market intelligence (from the london new price current, may 31.) sugar.—to-day there was firmness on the part of holders of raw sugar, and none of any kind was offered at public sale, but large parcel"
sugar,1850,0,1358,724,5.2045,True,"market intelligence. (prom the london new price current of yesterday.) sugar.—to-day importers of west india sugar were desirous to realise. at auction, 250 hhds 17 tcs barba- does, which sold at 38s "
sugar,1850,0,1358,727,5.2139,True,"commercial circular. the following is from wm. connal & co.'s monthly circular, dated glasgow, march 31 :—the transactions in our public sugar market during the month have been extremely limited, from"
sugar,1850,0,1358,728,5.215,True,"maribts. sugar. —lite average pries of brown or mobtorado anger, the produces of the mum poseeinions in america, contacted from the returns made in the week ending ..."
sugar,1850,0,1358,729,5.2179,True,"market intelligence. (from the london new price current, march 5.) sucan.—to-day the west india sugar market closes with a quiet tone, and at a decline of fid per cwt for brown and inferior, but for b"
sugar,1850,0,1358,730,5.2186,True,the sugar trade ta liverpool paper lately published a statement respect- ing the present state' and future prospects of the sugar trade. a correspondent has ca...
sugar,1850,0,1358,731,5.2189,True,"markrt intelligence. (from the landon new price current of yesterday.) sugar.—to-day there were ready buyers of west india sugar for home consumption, and the prices offered are fully equal to those o"
sugar,1850,0,1358,732,5.2331,True,"by electric telegram the french tariff. subjoined are the particulars of the decree, rendered into enzlisli, for regulating, the importation of sugar end molasiies into france all in french vessels. o"
sugar,1850,0,1358,733,5.235,True,"market intelligence. (from the london new price current of this day.) sugar.-there has not been a larger supply of colo- nial, and home dealers for the most part, being more in- clined to get into sto"
sugar,1850,0,1358,734,5.236,True,"tb. for ow information and their minnte dated lost., certain intermediate drawbacks upon different qualities of refined sugars, other than those contemplated and fixed by the sugar act of last mission"
sugar,1850,0,1358,736,5.2386,True,statistics of sugar. some returns relative to sugar have been laid on the table of the house of commons on the motion of mr. mot_ fat. it hence appears that the quantity...
sugar,1850,0,1358,737,5.2441,True,"the sugar trade. the firmness and improving tendency of the market continues. mess's. freeman cla rouse of london, in their monthly circular,dated ist may, say..."
sugar,1850,0,1358,738,5.2566,True,"friday evenin market intelligence. (from the london new price current. feb. 13.) sugar. —to-clay a good deal of busine s was again con- cluded in west india sugar for home consumption at rather ratas,"
sugar,1850,0,1358,739,5.2626,True,"the liverpool standard. liverpool commercial market. jan. 11. sugar there continues a very good demand, both from grocers and refiners, and the sales, which amount to 850 hhds bit., 4000 bags of benga"
sugar,1850,0,1358,740,5.2637,True,consumption of sugar in the united states. the usual annual returns have been published of the consumption of sugar in the united states dur- ing the past year. from thes...
sugar,1850,0,1358,741,5.2641,True,"market intelligence. p. 14.) (from the london new price erren4se scraaß.—to-day west india sugar was in brisk de- mend for home-trade purposes, and the rates obtained were fully equal to those current"
sugar,1850,0,1358,742,5.2657,True,"market intelligence. (from the london new price current, sept. 27.) sugar.—to-d,y there was a good inquiry for west india sugar for home trade purposes, and the rates paid in some cases e xcneded thos"
sugar,1850,0,1358,743,5.2663,True,"...der, peterborough, northamptonshire. james pennell, farmer, studley, warwickshire. market intelligence. (from the london new price current, oct. 28.) sugar.—to-day th"
sugar,1850,0,1358,744,5.2753,True,"market intelligence. (from the london new price current of this day.) sugar.—prices have ceased to decline for all descrip- tions of colonial, there having been a larger home trade demand, and a decre"
sugar,1850,0,1358,745,5.2765,True,market intelligence. from the _london new price current of this day). sugar.—to-day the prices obtained for all descriptions kf west india sugar were equal to those of friday. still i.he demand was li
sugar,1850,0,1358,746,5.279,True,"mareb7b. sugar.—the average peke of brown or muscovado sugar the produce of the british poeseasions in america, for w week biding dept. 19, b 35.. 70. per cwt. excl..."
sugar,1850,0,1358,747,5.2794,True,sugar refining. t°ll43lissid4r9vanrtia.a:4l. nc4177d7- bel 48r we understand an influential deputation from the west india and sugar refining bodies have g...
sugar,1850,0,1358,748,5.2812,True,"market intelligence. (from the london new price current of yesterday. sugar.—to-day west india sugar was much sought after for home consumption, but a further advance being demanded operated against b"
sugar,1850,0,1358,749,5.2882,True,"bristol sugar 11ariczt, mot. 30. _ sugar—we have again to report another blank week, not a single transaction having been effected either in raw or refined sugar s..."
sugar,1850,0,1358,750,5.2924,True,"london pii•ithetil ii4rob 12. sugail—to-day importers of west india sugar were for the most part did nclined to make any farther concession in the value, still reapers and grocers operated witlfmuch '"
sugar,1850,0,1358,751,5.2967,True,sugar refining. t°ll43lissid4r9vanrtia.a:4l. nc4177d7- bel 48r we understand an influential deputation from the west india and sugar refining bodies have g...
sugar,1850,0,1358,752,5.301,True,"market in t elligen ce. -- (from the london new price current, march 16.) demand was, however, sugar. —to-day importers of west india sugar sdugthare were not disposed s puff() seerdwt a so sell l lte"
sugar,1850,0,1358,753,5.3015,True,"bristol sugar market, march 22. in the absence of arrivals we have again to report a blank week; the stock of west india and mauritius is now quite exhausted, and ..."
sugar,1850,0,1358,754,5.3031,True,"review of tue weer, the demand for sugar has improved. and an eitensive business has been done, partly on speculation, at full prices to 6d per cwt advance the sales comprise 140 hhds 8.p.. ..."
sugar,1850,0,1358,755,5.3122,True,"market in tel ligen ce. (from the london new price current, may 2.) shona.—to-day former rates were well supported for west india sugar and there was an increased demand for all sorts. the purchases a"
sugar,1850,0,1358,756,5.3138,True,market intelligence. (from the london new price current of yesterday.) sugab.—to-day a much better demand was experienced for west india sugar from both refiners and grocers in some cases the rates ob
sugar,1850,0,1358,757,5.3164,True,"market intelligence. (prom the london new price current of yesterday.) sugar.—there was a greater reluctance to operate in british plantation sugar to-day for all purposes, and the rates accepted were"
sugar,1850,0,1358,758,5.3189,True,"liverpool market b.—yestrado. es.) (written expressly for the northern daily pm tio sugar has been taken to a fair extent, the sale!, comprising 80 hhds jamaica, at 30s to 35s 4,5""05 khaur, at 29s • 1"
sugar,1850,0,1358,759,5.333,True,"market intelligence. (from the london new price current of this day.) sugar.—to-day a good demand was experienced for west india sugar from grocers and refiners, the prices ob- tained being fully equa"
sugar,1850,0,1358,760,5.3366,True,"market intelligence. (from the london new price current of yesterday.) • sugar.—to-day importers of west india sugar were in- clined to realise, and in some cases accepted prices rather under those of"
sugar,1850,0,1358,761,5.3383,True,sugar refining. t°ll43lissid4r9vanrtia.a:4l. nc4177d7- bel 48r we understand an influential deputation from the west india and sugar refining bodies have g...
sugar,1850,0,1358,762,5.3442,True,sugar refining. t°ll43lissid4r9vanrtia.a:4l. nc4177d7- bel 48r we understand an influential deputation from the west india and sugar refining bodies have g...
sugar,1850,0,1358,763,5.3478,True,"produce.—sugar has been in good demand, both for home consumption and export, and extensive salee have been made at an advance of is per cwt. on all descriptions- n..."
sugar,1850,0,1358,764,5.3487,True,"from pernambuco ws learn that e commenced is white sugar for native porta at of 2.750 dole. to 2.900 dole. for second to third muscovado for the channel and harbour id tar regular, and at 14r. 3d. for"
sugar,1850,0,1358,765,5.3511,True,"market intelligence. (from the london new price current, april 8.) sugar.—to-day the demand was large for west india from home dealers, and full rates were paid for both grocery and refining qualities"
sugar,1850,0,1358,766,5.3537,True,"markets. sugar.—the activity which prevailed during the whole of august has continued during thrpast month, and we have again to notice a most rapid advance in pric..."
sugar,1850,0,1358,767,5.3604,True,"market intelligence. (from the london new price current, june 4.) strcin.—to-day the home trade demand for west india sugar was active, and the rates obtained were fully equal to those of friday 1,-,."
sugar,1850,0,1358,768,5.3639,True,"sugar refining. 441, it! (front the greenock advertiser.) although living in a town where the refining of sugar is such an important branch of trade, it is..."
sugar,1850,0,1358,769,5.3657,True,"market intelligence. (from the london new price current, march 15.) &toan. -to-day the market for west india sugar • pre- sented a dull aspect •for both grocery and refining sorts, whilst rather lower"
sugar,1850,0,1358,770,5.3683,True,"mines. market intelligence. prom the london new price current of yesterday.) sugar.—to-day importers of west india sugar were desirous to realise. at auction, 250 hhds 17 tcs barba- does, which sold a"
sugar,1850,0,1358,771,5.3693,True,the sugar speculation. the rise ha the price of sugar—fully 40 per cent.— within the last ivecic has been caused by extensive ope- rations entered into by thre...
sugar,1850,0,1358,772,5.3699,True,"markets produce markets. sugar —the average pier of sugar, the produce of the british week in america, computed frem the returns made in the week ending the 16th day of april, tato..."
sugar,1850,0,1358,773,5.3741,True,"trade circulars. the follow nig is from william conual & co.'s monthly circular, dated glasgow, 30th april:—our sugar market during the mouth has generally maintained a quiet but steady aspect, though"
sugar,1850,0,1358,775,5.3757,True,"market intelligence. (from the london new price current of nov. 19, sugar.—to-day there was confidence on the part of of holders of sugar, and none of any sort was submitted to auction. west india was"
sugar,1850,0,1358,776,5.3789,True,"market intelligence. (from the london neu, price current, jan. 11.) sugar.—to-day thcre were several purchasers of west india sugar for all purposes, bat merchants in- sisting upon rather higher rates"
sugar,1850,0,1358,777,5.3811,True,"market intelligence. (from the london, new price current of yesterday.) &mar.—to-day the prices obtained for all descriptions of west india sugar were equal to those of friday. still the demand was li"
sugar,1850,0,1358,778,5.3814,True,"markets. sugab.—the average prior of sugar, the prodme of the british possessions in america, eomputed from the re- tains made in the week ending it. 6th of oct. 1862, is bm std. sugar, the pr..."
sugar,1850,0,1358,779,5.382,True,"16i i 17 market intelligence. from the london new price current of yesterday.) sugar.—today there was a large business concluded in west india sugar, and very full prices wore obtained for both grocer"
sugar,1850,0,1358,780,5.3822,True,"market intelligence. from the london new price current of this evening.) sugar.- to-day there was only a limited demand for west india sugar from either grocers or refiners, still, rates close general"
sugar,1850,0,1358,781,5.383,True,"market in t elligen ce. (from the london new price current, april 13.) sugar —to-day :the colonial sugar market was closed on account et the holidays, but will re-open to- morrow; the public sales dec"
sugar,1850,0,1358,783,5.3854,True,"market intelligence. (from the london new price current, nov. 22.) sucan.-to-day operations in west india sugar were upon a small scale for all purposes, and amounted to only 166 hhds, &c, whibt rathe"
sugar,1850,0,1358,785,5.3905,True,"from the london gazette market intelligence. (from the london new price current, feb. 4.) sugar.—to day importers of west india sugar re- fused to sell except at prices equal to those of friday, still"
sugar,1850,0,1358,786,5.3912,True,"sugar duties bill. the new sugar duties bill, as amended, has been printed, and the following is the digest of its provi- sions duties on sugar and molasse..."
sugar,1850,0,1358,787,5.3917,True,"bristol sugar barret, larch 15. the sales of the week comprise 150 hlids. west indian and 9,000 mats of mauritius, at easier rates. the supply of all de- scription..."
sugar,1850,0,1358,788,5.3931,True,"mabket intelligence. (prom the london new price current of yesterday.) sugar.—to-day west india sugar was not offered under the rates of friday; but there was only a limited demai,d from grocers or re"
sugar,1850,0,1358,789,5.3935,True,"liverpool scoer larret, march 4. market quiet. a few deo:temp sold at 345. liverpool proopc.e market, march 4. -, sugar—a limited supply of west india sugar ma- terially checked business, but the dema"
sugar,1850,0,1358,790,5.3936,True,"market intelligence. from the london new price current of this day.) sugar —to-day the prices obtained for british planta- tion sugar did not exceed those of friday, but there was a brisk demand for r"
sugar,1850,0,1358,791,5.3971,True,"market in tel ligen ce. (from the london new price current, april 8.) sugar.—to-day west india sugar was offered rather under the rates of friday; still all sorts were dealt in with reluctance. the pu"
sugar,1850,0,1358,792,5.4054,True,"market intelligence. (front the london new price current of this day.) sugar.—today west india sugar met with a brisk home trade demand, but at the currency of friday mer- chants were sellers of both "
sugar,1850,0,1358,793,5.4057,True,"market intelligence. (from the london new price current, march 5.) sugar.—to-day the market for west india sugar presented a dull aspect; both grocers and refiners made purchases with much caution, an"
sugar,1850,0,1358,795,5.411,True,"g[artlets. liverpool produce market, nov. 28. sugar there has been a better feeling in the market, and in refining descriptions some slight improvement in prices has been realised the business consist"
sugar,1850,0,1358,796,5.413,True,sugar refining. t°ll43lissid4r9vanrtia.a:4l. nc4177d7- bel 48r we understand an influential deputation from the west india and sugar refining bodies have g...
sugar,1850,0,1358,797,5.4192,True,"market in tel ligen ce. (from the london new price current, oct. 12.) sugar.—to-day there was a lively demand for west india sugar from both refiners and grocers; the rates obtained were 6d per owt ab"
sugar,1850,0,1358,799,5.4254,True,"the press. is 2d: hyson, is 5,1 to 45 young hyson, 10d to 25 4d; imperial, is to 26 4d; gunpowder, 110 to 3a 61; assam, is dd to 45 id per lb. sugar—the sopplies of raw sugar on cift3r have been limit"
sugar,1850,0,1358,800,5.4287,True,"liverpool sugar market, march 4. farket quiet. a few deinerarys sold at 395. liverpool produce market, march 4. sugar—a limited supply of west' india sugar ma- teria..."
sugar,1850,0,1358,801,5.4291,True,"market intelligence. (from the london new price current, nov. 5.) stu:wt.—to-day there was rather more activity in the west india sugar market, and the rates obtained for both grocery and refining sor"
sugar,1850,0,1358,802,5.4302,True,"added. intelligence. r • • prom-the-london new price current,of yesterday.) • st dait.---to-day the niarket for west india sugar pre- sented a dull, appearance, and the rates accepted are rather undor"
sugar,1850,0,1358,803,5.4336,True,"market intelligence. (from the london new price current, jan. 24.) sugar.—to-day there was rather more desire to operate in in west india sugar for home consumption, and 393 hhds, &c., sold at full ra"
sugar,1850,0,1358,804,5.4369,True,"market intelligence. (from the london new price current, march 25.) sucatt.—to-day wet india sugar was offered upon rather lowrr terms, still the deman was small for all sorts by private treaty. the p"
sugar,1850,0,1358,805,5.4383,True,"market in te lligen ce. (from the london new price current, april 8.) sugar.—to-day the demand was large fur west india from home dealers, and full rates were paid fur both grocery and refining qualit"
sugar,1850,0,1358,806,5.44,True,"with provis- reatling-roon internal (from coma: 4. co;'. dated was. ono, april 30.) our sugar market throughout the month has pre- sented a marked contrast to the flatness and inactivity of the month "
sugar,1850,0,1358,807,5.4457,True,"ilcabket intelligence. (prom the _london new price current of thie day.) sugall—lmporters of west india sugar were desirous to-day to realise, but submitting to a reduction on friday's rates of 61 per"
sugar,1850,0,1358,808,5.4493,True,"sugar.—to-day there was a reluctance to operate in british plantation sugar for home trade purposes, and rates in some cases are 6d per cwt under last tues..."
sugar,1850,0,1358,810,5.4516,True,"holland. the importation of raw sugar into holland is 1854 amounted to 74,866,292 kilog., which was about 4,800,000 kilog. more than the average of the ten years preceding. the exportatio..."
sugar,1850,0,1358,811,5.4542,True,"bristol sugar-sept. 18. there is a better demand for sugar to-day than for some weeks past, and, importers having met the buyers freely, a considerable business ha..."
sugar,1850,0,1358,812,5.46,True,"sugar refining. 441, it! (front the greenock advertiser.) although living in a town where the refining of sugar is such an important branch of trade, it is..."
sugar,1850,0,1358,813,5.46,True,"ma rket intelligence. from tke london new price current of ce.:lstliv.::: yln•)din, sugar.--to-day there were ready buyerspri sugar for home consumption, and the fully equal to those of friday both fo"
sugar,1850,0,1358,815,5.4602,True,"mareb7b. sugar.—the average peke of brown or muscovado sugar the produce of the british poeseasions in america, for w week biding dept. 19, b 35.. 70. per cwt. excl..."
sugar,1850,0,1358,816,5.4647,True,market intelligence. (from the london new price current of yesterday.) sugab.—to-day a much better demand was experienced for west india sugar from both refiners and grocers in some cases the rates ob
sugar,1850,0,1358,817,5.4654,True,"market intelligence. (from, the london new price current of yesterday. sugar.—to-day west india sugar was much sought after for home consumption, but a further advance being demanded operated against "
sugar,1850,0,1358,818,5.4676,True,bert-root sugar. the experiment of manufacturieg sugar from beet- root in ireland is alleged by its promoters to have re- moved all doubt of ultimate sowers. a sale ...
sugar,1850,0,1358,819,5.4699,True,"market intelligence. (from the london new price current, jan. 3.) sitgaii.—to-day importers of raw sugar were firm, and offered only 868 bags bengal at public sale, which sold at full rates from 41s 6"
sugar,1850,0,1358,820,5.4714,True,"commercial circulars. (from wm. cannot _ls• co.'s monthly circular, dated glasgow, april 14- the transactions during the month in our public sugar market have nearly all been comprised within the last"
sugar,1850,0,1358,821,5.4723,True,"sugar and molasses. a very important decision has been come to by the supreme court of the united sates, viz., that in the esti- mate of duties charged und..."
sugar,1850,0,1358,823,5.4795,True,"market intelligence. (from the london new price current of yesterday.) sugar.—to-day the market for west india sugar pre- sented a quiet appearance, both refiners and grocers operat- ing- with relucta"
sugar,1850,0,1358,824,5.4819,True,"market intelligence. (from the london ivezo price current, jan. 3.) sugar.—to-day importers of raw sugar were firm, and offered only 868 bags bengal at public sale, which sold at full rates from 415 6"
sugar,1850,0,1358,826,5.4982,True,"market intelligence. front the london, new price current of this day). sugar..—to-day the market for west india sugar pre- sented a quiet appearance, both refiners and grocers operat- ing 'with reluct"
sugar,1850,0,1358,827,5.4985,True,"market intelligence. (from the london new price current of yesterday.) • sugar.—to-day importers of west india sugar were in- clined to realise, and in some cases accepted prices rather under those of"
sugar,1850,0,1358,829,5.5068,True,"sugar duties bill. the new sugar duties bill, as amended, has been printed, and the following is the digest of its provi- sions duties on sugar and molasse..."
sugar,1850,0,1358,830,5.5094,True,"...ng the present week these markets have been com- paratively quiet, but there in a fair demand for most ar- ticles fur consumption. british plantation sugar has been firm,"
sugar,1850,0,1358,831,5.5108,True,"market intelligence. ifrom the london new price current of oct. 29. i-ft/gar.-to-day there was a larger demand for west ''‘a sugar from home dealers, and the rates obtained ina' „fiey equal to friday "
sugar,1850,0,1358,832,5.5141,True,"ilow to fine yellow, 36s 6d. to 413 and brown, 313 gd to 36s per cwt. refined.—to-day there were ready buyers of refined sugar for home consumption, brown lumps realised 45s to 45s 6d, low to fine gro"
sugar,1850,0,1358,833,5.5149,True,"market intelligence. (from the london new price current, oct. 25.) sugar.-to-day the demand was extremely limited for west india sugar, and the purchases are only 30, making for the week 800 hhds, &c."
sugar,1850,0,1358,835,5.5192,True,"market intelligence. (from the landon a'vezo price current, march 7.) isiigail—to-day one rate 3 obtained for yeast india sugar wsre in most casos the tharna as these of friday last, the buppiy iseiug"
sugar,1850,0,1358,836,5.5246,True,the sugar trade ta liverpool paper lately published a statement respect- ing the present state' and future prospects of the sugar trade. a correspondent has ca...
sugar,1850,0,1358,837,5.532,True,"market intelligence. (from the london new price current of this day.) sugar.— to-day west india sugar was in excellent re- quest, chiefly for grocery purposes, but there being a plen- tiful supply imp"
sugar,1850,0,1358,838,5.5346,True,"market intelligence. (from the london new price current of yesterday.) sugar.—to-day importers of west ine;s sugar submit- tirg to f:ces rather under those of friday, occasion?d a good demand to preva"
sugar,1850,0,1358,839,5.5368,True,"market intelligence. (from the london new price current, oct. 12.) sugar.—to day there was a lively demand for west india sugar from both refiners and grocers; the rates obtained were 6d per cwt above"
sugar,1850,0,1358,840,5.538,True,"review of the weex. sugar there has been an improved dem'and this week, especially for refining desoriptions of west jndia, which have become scarce, and prices have advanced ..."
sugar,1850,0,1358,841,5.5399,True,"market intelligence. (pewit the loado4 new price current of this day.) sugar.—to-day the prices obtained for both grocery and refining sorts of west india sugar were equal to those of friday, and a fa"
sugar,1850,0,1358,843,5.5465,True,"market intelligence. from the london new price current of yesterday.) sugar.—to-day the prices obtained for both grocery and refining sorts of west india sugar were equal to those of friday, and a fai"
sugar,1850,0,1358,844,5.5511,True,"london produce market, ocr. 19. sugar wanted, and rather higher prices paid. there will not be a large supply this week. refined in good demand; low lumps, 601. coffee—demand improving. a..."
sugar,1850,0,1358,845,5.5537,True,"market intelligence. (from the london new price current of this day.) sugar.—to-day west india sugar was dealt in with caution for home consumptipn, there was a fair supply, in some cases the rates ta"
sugar,1850,0,1358,846,5.557,True,"standard lumps 48s per cwt. to-day the market for re- fined sugar presented r. firm aspect, and supply is not ade- quate for home dealers' wants. the currency is now for brown lumps 47s to 47s 6d, and"
sugar,1850,0,1358,847,5.5603,True,"bristol sugar market, april 26. the market has been uniformly doll the ""hole of the week, sod the low rates at which importers are willing to sell have not in. duc..."
sugar,1850,0,1358,849,5.5636,True,"the liverpool standard. oariteto. liverpool produce market, january 24. in sugar there is not any improvement, but as holders have shown more disposition to sell, the business has been to a larger ext"
sugar,1850,0,1358,850,5.572,True,"greenock /sugar market, oct. 8, sugar in good demand; several refiners sold out, and rather stiffer rates paid. pi ices rule as under :—brown, 54s fid good yellow, b..."
sugar,1850,0,1358,852,5.5772,True,"market intelligence. (from the london new price current, april 1.) sugar.—to-day west india sugar was purchased with reluctance for all purposes, although there were seders of both grocery and refinin"
sugar,1850,0,1358,853,5.5841,True,"m_arkrt intelligence. (from the london'new price current of this cloy.) sugar.— there having been a more plentiful supply of colonial, prices have declined for nearly every description, still operatio"
sugar,1850,0,1358,854,5.5879,True,"london, wednesday evening, july 21, 1852. market intelligence. (from the london zsew price current, july 20). &mar.—to-day the west india sugar market pre- sented a firm aspect, there was a good deman"
sugar,1850,0,1358,855,5.5901,True,market intelligence. from the london new pric3 current of yesterday.) sugar.—to-clay west india sugar was not offered under the rates of friday; but there was only a limited demand from grocers or ref
sugar,1850,0,1358,856,5.5948,True,"market intelligence. (from the london new price current, oct. 29.) soda.—to-day west india sugar was purchased with caution by refiners and grocers, still holders gene. rally would not sell at lower r"
sugar,1850,0,1358,860,5.605,True,"commercial circulars. william conical & oo.'e montirly circular. glasnow, 31et deoember, 1858. our sugar market has maintained • quiet but steady tone during the month, the quotation for good brown su"
sugar,1850,0,1358,862,5.6105,True,"markets. sugar. —the average price of sugar, the produce of the british pouessioas in america, computed from the re- turns made in the w:ek endin; the 11th jan., 16..."
sugar,1850,0,1358,863,5.6134,True,"market intelligence. (from the london new price current of this day.) sugar.—to-day west india sugar was only in limited demand for home trade purposes, and prices aro fully 6d per cwt under those of "
sugar,1850,0,1358,864,5.6143,True,"on sugar imported into the united kingdom,. tlutie3 211%11 be charged:— he follow: ing to april 5, ifrom and after 1857, april 5. 1857. inclusive. to aprils. ..."
sugar,1850,0,1358,865,5.6148,True,"price of sugar, the average price of brown or muscovado sugar, computed from the returns made in the week ending the bth day of february, 1853, is 255. lid. per hun..."
sugar,1850,0,1358,866,5.6159,True,"... decision has been come to by the supreme court of tho united s:atef, viz., that in the esti• mate of duties charged under the laws on importation of sugar and mo"
sugar,1850,0,1358,867,5.6173,True,"market intelligence. (from the london new price current, april 25.) sugar.—to-day only a small business was concluded in west india sugar, but holders were firm and would not sell but at full former r"
sugar,1850,0,1358,869,5.6189,True,"markets. sugar.— the average erica of stigilt, the produce of the british possessions in america, computed from the returns made in the week ending the 4th day of s..."
sugar,1850,0,1358,870,5.6189,True,"1411 1850 } 24651 19675 47250 309244 409990 92070 3395501 ii 79245 produce.—there has been a fair demand for sugar both for export and home consumption, which has been firmly met at a decline of 6d to"
sugar,1850,0,1358,872,5.6251,True,"markey& sugar.—the avenge priee of brown or muscovado sugar, the predoce of the drifted powiessions in amalie, for the week ending oct. 6, is ;wia. gi. the average..."
sugar,1850,0,1358,873,5.6256,True,"market intelligence. (from the london new price current, march 25.) sucatt.—to-day wet india sugar was offered upon rather lowrr terms, still the deman was small for all sorts by private treaty. the p"
sugar,1850,0,1358,874,5.6271,True,"market intelligence. (from the london ?vew price current of this day.) sugar.—to-day there was a good home trade demand for british plantation sugar, still at previous rates merchants were desirous to"
sugar,1850,0,1358,875,5.6285,True,"market intelligence. (from the london new price current, oct. 5.) sugar.—today the west india sugar market was in a favourable position; a large home trade demand prevails. and in some cases the rates"
sugar,1850,0,1358,876,5.6289,True,"sugar and molasses. a very important decision has been come to by the suprem' court of the united srates, viz., that in the esti- mate of duties charged un..."
sugar,1850,0,1358,878,5.6338,True,"market intelligence. _ (from the london new price current of yesterday.) sugar.—to-day importers of west india sugar were in- clined to realise, and in some cases accepted prices rather under those of"
sugar,1850,0,1358,879,5.6358,True,"market intelligence. (from the london, new price current of yesterday. sugar. —to-day the raw sugar market presented a firm appearance. a fair demand prevailed for west india for home made purposes, a"
sugar,1850,0,1358,880,5.6369,True,"market _intelligence. (from the london new price current of yesterday.) sugar.— to-day west india sugar was in excellent re- quest, chiefly for grocery purposes, but there being a plen- tiful supply i"
sugar,1850,0,1358,881,5.6504,True,"market in tel lige.n cb. (from the london new price current, aug. 6.) sugar.—to-day west india sugar was operated en with reluctance for home trade purpose., although offyred upon rather lower terms, "
sugar,1850,0,1358,882,5.6535,True,"greenock sugar market, sept. 4. raw sugars—market flat, and the rise not maintained. crushed sugar is down is. syrup, if fine, sells at say 20s to 21s. treacle, 13s..."
sugar,1850,0,1358,885,5.6687,True,"sugar duties bill. the new sugar duties bill, as amended, has been printed, and the following is the digest of its provi- sions duties on sugar and molasse..."
sugar,1850,0,1358,886,5.6712,True,"markel& bugar.—the average price of brown or iloaeovedo sugar, the produce of the british possessions in americo, for the week ending dec. 20, is 20e. 7d. per cwt., exclusive of the duties of customs "
sugar,1850,0,1358,887,5.6872,True,"... new tariff. rl'lle chancellor of the igschequer, it, his financial statement on friday night last, has proposedn a addition to i the present doty on sugar of 3s per evrt according to quality •wi a"
sugar,1850,0,1358,888,5.6874,True,"market intelligence. _ (from the london new price current of yesterday.) sugar.—to-day importers of west india sugar were in- clined to realise, and in some cases accepted prices rather under those of"
sugar,1850,0,1358,890,5.6899,True,"bristol sugar market. oct. 18. there has again this week ewen an excellent demand for raw sugars, the sales in west india since our last report being eon. mated at..."
sugar,1850,0,1358,891,5.6903,True,"market intelligence. from the london new price current of this day.) sugar.—to-day there was a reluctance to operate in british plantation sugar for home trade purposes, and both grocery and refining "
sugar,1850,0,1358,893,5.6937,True,"the duty on sugar. an arrangement with reference to the assessment of duty on sugar has recently been made by the commissioners of customs, which is likely to prove ad..."
sugar,1850,0,1358,894,5.7077,True,"market intelligence. (from the london new price current, nov. 12.) sugar.—to-day the business concluded in west india sugar was upon a small scale for all purposes, and in some cases the rates accepte"
sugar,1850,0,1358,896,5.7104,True,"1311.1•tol maimet% sr.rt. 9. the market for sugar has been steady, though not active, which, however, is chiefly owing to the indiffer- ent assortment offering, as there is still a good demand, espec..."
sugar,1850,0,1358,897,5.7129,True,"pi7blic hall to let. important news h free trade in all descriptions of sugar. swinden & co., 45 and 47, jamaica street. in re-opening their newly fitted premises, have re- solved to discountenance th"
sugar,1850,0,1358,898,5.7143,True,"friday evening, april 19, 18.50. birb v.sbitten sun office, seven o' clock. market intelligence. (from the london new price current, april 19.) sugar.—to-day a fair quantity of west india muscovado su"
sugar,1850,0,1358,899,5.7236,True,"market intelligence. (prom the london yew price current of yesterday.) sugar. —to-day the raw sugar market presented a firm appearance. a fair demand prevailed for west india for home made purposes, a"
sugar,1850,0,1358,901,5.7306,True,"sugar duties bill. the new sugar duties bill, as amended, has been printed, and the following is the digest of its provi- sions duties on sugar and molasse..."
sugar,1850,0,1358,903,5.7322,True,"market intelligence. (from the london new price current, nov. 18.) sugar.—to-day west india sugar was not to be ob- tained under the rates of friday, bat only a limited de- mand was experienced from g"
sugar,1850,0,1358,904,5.7347,True,"the duty on sugar. an arrangement with reference to the assessment of duty on sugar has recently been made by the commissioners of customs, which is likely to prove ad..."
sugar,1850,0,1358,905,5.7363,True,"liverpool produce aiatiket.-feb. 6 sugar there continues a steady demand, and stiff rates are obtained 230 hhds demerara are reported, chiefly at 50s to 51s 3d, up to 56s 6d for grainy, 550 ..."
sugar,1850,0,1358,906,5.7367,True,"the brazils. tte emma brings advice§ from pernambuco to the 27th of march. the fever was worse. sugar was firm. receipts small. first and second qualities— white, 23.. 2d. to 265. .5d.; third and four"
sugar,1850,0,1358,907,5.7377,True,the price of sugar. our large purchases from day to day enable us to give the public the immediate benefit of a fall in prices. we can now sell our lowest moist sugar a...
sugar,1850,0,1358,908,5.7394,True,"market intelligence. (from the london ivew price current, march 28.) sucan.—to-day former rates were required for west india sugar, still home dealers operated with caution, and the purchases amounted"
sugar,1850,0,1358,910,5.7423,True,"markez& buoar.—she average price of brown or muscovado sugar the peplum of the british poseweions in america for the week ending oct 14, la its. lecd. per cwt. seclusive of duty. no return hoe been ma"
sugar,1850,0,1358,911,5.7436,True,"greenock sugar market, dec. 10. finer sorts of sugar still in good demand, and in some eases higher rates obtained. value may be quoted as under—brawn, 478; good ye..."
sugar,1850,0,1358,912,5.7437,True,"market intelligence. (from the london new price current of yesterday.) sugar.—to-day there was a reluctance to operate in 'west india sugar for all purposes, and prices close fid per cwt under last fr"
sugar,1850,0,1358,913,5.7466,True,"market intelligence. front the london new price current of yesterday.) sugar.—to-day previous prices were well sustained for all descriptions of west india sugar, there being a very good home trade de"
sugar,1850,0,1358,914,5.7485,True,"market intelligence. (from the london new price current, oct. 15.) siigar.—today the previous rime in prices of west india sugar was well sustained, and a large demand existed for home consumption. op"
sugar,1850,0,1358,915,5.749,True,"the itn sugar of le the market has been rather quiet, the wet being confined to 60 hhds. grainy demerara, at 453 6d to 403 rd, and 160 barrels at 42s 6d to 43s per..."
sugar,1850,0,1358,917,5.7511,True,"the press. the sugar duties. to the l•'uitor of 4' the ritess."" sir,—when england emancipated her slaves in 1834, she solemnly pledged herself to her colonists that she w..."
sugar,1850,0,1358,918,5.7522,True,"the sugar trade. (fre. the limp**, albi j the rapid and extensive sd,ante which has recently t then platy in the pries of sugar, is, we believe, without prec;d..."
sugar,1850,0,1358,919,5.7526,True,"market intelligence. (from the london new price current of this day, sugar.—today there was a large business concluded in west india sugar, and very full prices were obtained for both grocery and refi"
sugar,1850,0,1358,920,5.7562,True,"markets. suciam.—tm averege price of brown or muscovado sugar the product of the british powwow.. in armtek* for the week cooly 16, is sjd. per.evi. rnelualee of (hay. lb* anrage pace. of wove or mown"
sugar,1850,0,1358,921,5.7565,True,"commercial circulars. from the monthly circular of messrs w. connal 4 co., dated glasgow, 31st july.) the transactions in our sugar market for the month, comprising 1,221 hhds. and tres. b. p.west ind"
sugar,1850,0,1358,922,5.7578,True,"market intelligence. from the london new price current of this day.) sugar.—to-day the rates paid were fully equal to those current on friday, but the assortment was small and in- different. barbadoes"
sugar,1850,0,1358,923,5.7584,True,"market intelligence. (from the london new price current, june 28.` sugar.—to-day full rates were obtained for wety, india sugar. the sales amounted to 650 hhds, &c., including at auction 182 hhds 91 t"
sugar,1850,0,1358,924,5.7622,True,"bristol sugar-sert.i6. --- there is a better demand for sugar to-day than for some weeka past, and, importers having met the buyers freely, a considerable business..."
sugar,1850,0,1358,925,5.767,True,"price of sugar. the average price of brown or muscovado sugar, com- puted from the returns made in the week ending january 15, 1850, is 265. 4d. per cwt. market int..."
sugar,1850,0,1358,926,5.7713,True,statistics of sugar. some returns relative to sugar have been laid on the table of the house of commons on the motion of mr. mot_ fat. it hence appears that the quantity...
sugar,1850,0,1358,927,5.7758,True,"market in t elligen ce. (from the london new price current, april 13.) sugar —to-day :the colonial sugar market was closed on account et the holidays, but will re-open to- morrow; the public sales dec"
sugar,1850,0,1358,928,5.7773,True,"market in te lligen ce. (from the london new price current, april 8.) sugar.—to-day the demand was large fur west india from home dealers, and full rates were paid fur both grocery and refining qualit"
sugar,1850,0,1358,929,5.781,True,"sugar duties bill. the new sugar duties bill, as amended, has been printed, and the following is the digest of its provi- sions duties on sugar and molasse..."
sugar,1850,0,1358,930,5.7834,True,"market intelligence. (from the london new price oarrent of this day.) sugar.—although the market has been less freely supplied with colonial, still prices have again declined home dealers not being di"
sugar,1850,0,1358,931,5.784,True,"...n, ittaco 2. in the second chamber tho minister of finance has brought in a bill fur raising the excise duty on beet-root used for the manufacture of sugar. at tint i no duty was levied "
sugar,1850,0,1358,932,5.7873,True,"bristol sugar 11ariczt, mot. 30. _ sugar—we have again to report another blank week, not a single transaction having been effected either in raw or refined sugar s..."
sugar,1850,0,1358,934,5.7908,True,"market intelligence. (from the lontron netv price current, july 12.) sugar.—to-day transactions in west india sugar -were upon a limited scale fur all purposes, and only 330 __hhds &c haseve been soul"
sugar,1850,0,1358,935,5.792,True,"bristol sugar mark sept. 14. the sugar market has still an upward tendency, and a farther advance of fully is. per cwt. has again been established this week. the t..."
sugar,1850,0,1358,937,5.794,True,greenock sugar market.-aug. 19. there was no business done in crushed sugar to-day. refiners are disposed to hold out for rather higher prices. several offers were ...
sugar,1850,0,1358,938,5.7974,True,"market intelligence. (from the london new price current of yesterday.) sugar.—to-day there was a reluctance to operate in 'west india sugar for all purposes, and prices close fid per cwt under last fr"
sugar,1850,0,1358,939,5.7992,True,"market intelligence. (from the london new price current, nov. 22.) sucan.-to-day operations in west india sugar were upon a small scale for all purposes, and amounted to only 166 hhds, &c, whibt rathe"
sugar,1850,0,1358,940,5.8031,True,"market intelligence. (from the london new price current of yesterday. sugar.—to-day west india sugar was much sought after for home consumption, but a further advance being demanded operated against b"
sugar,1850,0,1358,941,5.8034,True,"important news !! free trade or all descriptions or sugar qwinden & co., 45 and 47, allwaica srairr. in re-opening their newly fitted premises, have re- solved to discountenance the unjustifiable prac"
sugar,1850,0,1358,943,5.8142,True,"1852. market intelligence• (from the london new price current of sugar.- to-day there was only a limited de' west india sugar from either grocers or refiners,' close generally the same as on friday la"
sugar,1850,0,1358,944,5.8165,True,"...in our news from franceesterday we mentioned the publication of an imperial decree in the moaiteur making some important alterations in the duties on sugar, molasse"
sugar,1850,0,1358,945,5.8169,True,"bristol sugar—nov. 30: we have again to report another blank week, not 11 single transaction having been effected either in raw or re- fined sugar since our last r..."
sugar,1850,0,1358,946,5.817,True,the price of sugar. our large purchases from day to day enable us to give the public the immediate benefit of a fall in prices. we can now sell our lowest moist sugar a...
sugar,1850,0,1358,947,5.8204,True,"market intelligence. (from the london .new price current, aug. 16.) sugar.—to-day there was no public sale of any kind of sugar. and only limited parcels are declared for next week. in the west india "
sugar,1850,0,1358,948,5.8222,True,great reduction in the price of sugar. our large purchases from day to day enable us to give the public the immediate benefit of a fall in prices. we can now sell our lowest moist sugar a...
sugar,1850,0,1358,951,5.8261,True,great reduction the price of sugar. our large purchases from day to day enable us to give the public the immediate benefit of a fall in prices. we can now sell our lowest moist sugar a...
sugar,1850,0,1358,952,5.8267,True,"market in tel ligen ce. (from the london t'ew price current, oct. 15.) sugar.—today the previous rise in prices of west india sugar was well sustained, end a largo demand existed for home consumption."
sugar,1850,0,1358,953,5.8338,True,"contracts for sugar, soap, tea, and oats. department of the comptroller for victualling, somerset house, 19th july, 1855. the commissioners for executing the office of l..."
sugar,1850,0,1358,954,5.8367,True,"market _intelligence. (from the london new price current of yesterday.) sugar.— to-day west india sugar was in excellent re- quest, chiefly for grocery purposes, but there being a plen- tiful supply i"
sugar,1850,0,1358,955,5.8387,True,"market intelligen ce. (from the london new price current, april 11.) sugur.—to-dry west india sugar was offered at a reduction on last friday's rates of 6d per cwt, yet all parties operated with much "
sugar,1850,0,1358,957,5.842,True,"sugar ➢markets. london.—the average price of brown or muscovado sugar, the produce of the b►itish possessions in america, for the week ending nov. 3, is 29..."
sugar,1850,0,1358,958,5.8445,True,"market intelligence. from the london new price current of this day.) sugar —to-day the prices obtained for british planta- tion sugar did not exceed those of friday, but there was a brisk demand for r"
sugar,1850,0,1358,959,5.8483,True,great reduction the price of sugar. our large purchases from day to day enable us to give the public the immediate benefit of a fall in prices. we can now sell our lowest moist sugar a...
sugar,1850,0,1358,960,5.8508,True,"commercial circular. (from william connal co.'s monthly circular dated glasgow, 1t may.) a fair business has been transacted in our sugar market during the month, comprising 1366 hlids and ira bp. wes"
sugar,1850,0,1358,961,5.8509,True,"market in tel ligen ce. (from the london new price current, july 18.) sugar.—to-day transactions in all sorts of west india sugar were upon a limited scale, amounting to only 515, making fur the week "
sugar,1850,0,1358,962,5.8556,True,"greenock sugar market, nov. 5, sugar dull a little sold at lower prices. value may be quoted as under :—brown 52s 6d; good yellow ms; white 60o; fine white 62a 6d. ..."
sugar,1850,0,1358,963,5.8565,True,"market intelligence. • (from the london new price current of this day.) sugar.—to-day there was a reluctance to operate in west india sugar for all purposes, and prices close 6d per cwt under last fri"
sugar,1850,0,1358,964,5.8601,True,"market intelligence. (from, the london new price current of this day.) sugar.—to-day west india sugar was in good demand for home consumption, and realised rates fully equal to last friday. transactio"
sugar,1850,0,1358,965,5.8605,True,"...n, ittaco 2. in the second chamber tho minister of finance has brought in a bill fur raising the excise duty on beet-root used for the manufacture of sugar. at tint i no duty was levied "
sugar,1850,0,1358,966,5.8611,True,"maree7s. sugar —the average pries of brown ar miaowed° wager, the produoe of the british possesnons in america, for the week ending nov. 8, is 24e. std. per cwt., e..."
sugar,1850,0,1358,967,5.8615,True,"market intelligence. (front the london new price current of yesterday.) sugar.-the sugar market has been closed since thursday, but will re-open on wednesday, when a good demand is anticipated, consum"
sugar,1850,0,1358,968,5.8616,True,"messna. george burnand & co., cornhill. secretary. vincent wanostrocht. mins company is formed for the purpose of refining i. sugar under the new and advantageous process invented by mr. bessemer, and"
sugar,1850,0,1358,969,5.8617,True,"mesars. george burnand k co., corabill. sp.cretaiiy. vincent wanostrocht. rrins company is formed for the purpose of refining 1. sugar under the new and advantageous process invent,' by mr. bessemer, "
sugar,1850,0,1358,970,5.8622,True,market intelligence. (front the london new price current of yesterday. sugar.—to-day a much better demand was experienced for west india sugar from both refiners and grocers in some cases the rates ob
sugar,1850,0,1358,972,5.8645,True,"...6d to 34s gd, middling to good 303 6d to 345, com- mon 293 to 30s, and good to fine brown 263 bd to 283 bd per cwt. east india.—this afternoon madras sugar of inferior quality "
sugar,1850,0,1358,973,5.8646,True,market intelligence. (from the london new price current of yesterday.) sugab.—to-day a much better demand was experienced for west india sugar from both refiners and grocers in some cases the rates ob
sugar,1850,0,1358,974,5.8667,True,"eine anti continua. dvties in nkr 8011th walcii.—with regard to the duties on tea and sugar, the colonial treasurer pro- paws that the duty chargeable on tea after the 314 of mod', 1860, and to the 30"
sugar,1850,0,1358,975,5.8679,True,"5000 bags bengal, 4150 mats mauritius, and 650 bags madras. of foreign sugar the sales corn- prised 4000 bags and barrels brazil, and 200 boxes havana. in molasses nothing doing. coffee is steady, and"
sugar,1850,0,1358,976,5.8705,True,"market in tel li gen ce. -- (from the london new price current, april it.) sugar.—to-d-y west india sugar was offered at a reduction on last friday's rates of 6d per cwt, yet all parties operated with"
sugar,1850,0,1358,977,5.8726,True,the price of sugar. our large purchases from day to day enable us to give the public the immediate benefit of a fall in prices. we can now sell our lowest moist sugar a...
sugar,1850,0,1358,978,5.8729,True,"ma.ri(rt intelligence. (from, the london new price current of this day.) sugar.—to-day west india sugar was much enquired after for home trade purposes, and the rates offered were fully equal to those"
sugar,1850,0,1358,979,5.8771,True,"the duty on sugar. an arrangement with reference to the assessment of duty on sugar has recently been made by the commissioners of customs, which is likely to prove ad..."
sugar,1850,0,1358,980,5.8818,True,"market intelligence. (from tbo london new price current, jan. 29.) sucan.—to-day west india sugar was purchased with eaudan both for the scale and refining purpotet, whils, merchants were disposed to "
sugar,1850,0,1358,981,5.8827,True,"deaths. market. continued from the seventh page.) glasgow sugar market. j. 8. 800sas —since our last report, there has been a fair demand for west india musoovado sugars. the sales amount to 320 mule "
sugar,1850,0,1358,982,5.8842,True,"london, saturday market in tel ligen ce. (from the londex new price current, sept. 5.) sligax.—to-day the west india sugar market was firm, and at previous rates the home trade demand was good and gen"
sugar,1850,0,1358,983,5.8911,True,"market in t elligen ce. (from the london new price current, april 13.) sugar —to-day :the colonial sugar market was closed on account et the holidays, but will re-open to- morrow; the public sales dec"
sugar,1850,0,1358,984,5.892,True,"market intelligence. (from the london new price current of this day.) sugar.—to-day the west india sugar market presented a dull aspect there was a plentiful supply, and in some cases the rates accept"
sugar,1850,0,1358,985,5.8922,True,"mabket intelligence. (from the london new price current of this clay.) sugar.—to-day west india sugar was purchased with caution, both for refining and grocery purposes, although there were sellers ra"
sugar,1850,0,1358,986,5.8953,True,"sugars the new orleans price current, of the ht ultimo, has the following review of the sugar trade of new orleans, for the year ending the 31st ult. :—"" t..."
sugar,1850,0,1358,987,5.8989,True,"bristol sugar market, /roust 29 all the offices were cleared of sugar on saturday, at an advance of ls. per cwt. on former prices. the brokers are now without a si..."
sugar,1850,0,1358,988,5.9009,True,"market intelligence. (from, the london new price current of this day.) sugar.—to-day west india sugar was in good demand for home consumption, and realised rates fully equal to last friday. transactio"
sugar,1850,0,1358,990,5.9074,True,"market in tel ligen ce. (from the london new price current, march 16.) sugar.—to-day importers of west india sugar were not disposed to sell under the rates of friday, and the quantity on offer was le"
sugar,1850,0,1358,991,5.9086,True,"liverpool produce market.-dec. 8. sugar.—we have no change to notice in the state of our sugar market, which continues steady but quiet, the sales being confined to 65 hhds. demerara at 395..."
sugar,1850,0,1358,992,5.9108,True,"iiiark.et ne wb-(this day.) colonial. there will be no public sales of sugar, coffee, or spices until to-morrow. privately, there have been small parcels of white benares sugar sold at 39s to 39s 6d p"
sugar,1850,0,1358,993,5.9135,True,"what bed been the history of the sugar trade during the last five years? it had risen steadily, but still very ra- pidly, to no less than 300,000, en increase of 50 per cent. lie had reaso..."
sugar,1850,0,1358,994,5.9138,True,"sugar and molasses. a very important decision has been come to by the suprem' court of the united srates, viz., that in the esti- mate of duties charged un..."
sugar,1850,0,1358,995,5.9171,True,"market intelligence. (prom the london new price current, april 12.) sugar.—to-day west india sugar was purchased with much caution for all purposes, and in some cases the rates taken were rather under"
sugar,1850,0,1358,996,5.9187,True,"friday evening, november 21, 1861. market intelligence. (from the london _new price current; nov. 21.) sugar.—to-day the west india sugar market pre- sented a firm appearance. a good home trade demand"
sugar,1850,0,1358,997,5.9232,True,"sugar and molasses. a very important decision has been come to by the supreme court of the united sates, viz., that in the esti- mate of duties charged und..."
sugar,1850,0,1358,998,5.9295,True,market intelligence. (front the london new price current of yesterday. sugar.—to-day a much better demand was experienced for west india sugar from both refiners and grocers in some cases the rates ob
sugar,1850,0,1358,1000,5.9341,True,"the duty on sugar. an arrangement with reference to the assessment of duty on sugar has recently been made by the commissioners of customs, which is likely to prove ad..."
sugar,1850,0,1358,1001,5.9348,True,"...9, 1852. (from the london new price current, market intelligence. may 28.) suoare-7sto-day there was only a limited business concluded in west india- sugar for grocery or refining pu"
sugar,1850,0,1358,1002,5.9364,True,"great reduction in the price of sugar, our large purchases from day to day enable us to give the public the immediate benefit of a fall in prices. we can now sell our lowest moist sugar a..."
sugar,1850,0,1358,1004,5.9396,True,"market in tel ligence. (from the london new price current, march 25.) sugar.—to-day west india sugar was offered upon rather lower terms, still the demand was small for all sorts by private treaty. th"
sugar,1850,0,1358,1005,5.9417,True,"market intelligence. (from the london new price current, nov. 11.) sugar.—today importers of west india sugar wore not disposed to sell under the rates prevailing on friday. the purchases are 830 hhds"
sugar,1850,0,1358,1006,5.9418,True,"what bed been the history of the sugar trade during the last five years? it had risen steadily, but still very ra- pidly, to no less than 300,000, en increase of 50 per cent. lie had reaso..."
sugar,1850,0,1358,1007,5.9433,True,"market intelligence. (from the london new price current, april 8.) sugar.—to-day the demand was large for west india from home dealers, and full rates were paid for both grocery and refining qualities"
sugar,1850,0,1358,1008,5.9433,True,market intelligence. (from the london new price current of nov. v:)./ sugar.-the business transacted in colonial for holacei consumption has been less than for some time past) etino a slight decline h
sugar,1850,0,1358,1009,5.9469,True,"market in telligence. (from the london new price current, nov. 29.) sugar.—to-day the west india sugar market again presented a dull aspect, and the sales were only 133 hhds, &e., still prices in near"
sugar,1850,0,1358,1010,5.9486,True,"bristol sugar-fee. 20. the transactions since our last report comprise three car- goes of mauritius (30,000 bags), and 1,50 boxes of havan- nab, all for arrival, f..."
sugar,1850,0,1358,1011,5.949,True,"the sun, average price of the three foregoing de- scriptions of sugar, jointly, computed as above, and exclusive of duty 255. 3d. „ by authority of parliament, lienly bicknell, clerk of the grocers' c"
sugar,1850,0,1358,1013,5.9538,True,"price of sugar. the average price of brown or muscovado sugar com- puted from the returns!made in the week ending the 20th march, 1855, is 20s 9.id per hundredweigh..."
sugar,1850,0,1358,1015,5.958,True,"market intelligence. (from the london new price current of this day.) sugar.— to-day west india sugar was in excellent re- quest, chiefly for grocery purposes, but there being a plen- tiful supply imp"
sugar,1850,0,1358,1016,5.9588,True,"market intelligence. (from the london neu) price current, jan. 31.) sugar.—to-day west india sugar was bought with caution for all purposes, but lower rates were not taken. the sales are 140, making f"
sugar,1850,0,1358,1018,5.9661,True,"what bed been the history of the sugar trade during the last five years? it had risen steadily, but still very ra- pidly, to no less than 300,000, en increase of 50 per cent. lie had reaso..."
sugar,1850,0,1358,1019,5.9677,True,"the sugar trade. we make the following extract from the trade circu- lar issued by messrs. truennan & rouse, colonia brokers, london, 4s hick will be found of ..."
sugar,1850,0,1358,1020,5.9682,True,"market intelligence. • (from the london new price current of this day.) sugar.—to-day there was a reluctance to operate in west india sugar for all purposes, and prices close 6d per cwt under last fri"
sugar,1850,0,1358,1021,5.9706,True,"market intelligence. (from the london new price current, march 12.) sugar.—to-jay importers of west india sugar were for the most part disinclined to make any further con- cession in the value, still "
sugar,1850,0,1358,1022,5.9763,True,"market intelligence. (from the london new price current of yesterday.) sugar.—to-day west india sugar was purchased with caution, both for refining and grocery purposes, although there wore sellers ra"
sugar,1850,0,1358,1023,5.9767,True,"market intelligence. (prom the london new price current of yesterday.) sugar.—to-day the market for west india sugar pre- sented a dull appearance, and the rates accepted are rather under those of fri"
sugar,1850,0,1358,1024,5.9788,True,"liverpool producz market, oct.. 21, sugar remams very quiet, and only 50 hhds, porto rica found buyers at 34s 3d to 34s 9d. the market is cleared of all suitable refining descriptions. grocer..."
sugar,1850,0,1358,1025,5.9826,True,"market intelligence. (from, the london new price current of yesterday. sugar.—to-day west india sugar was much sought after for home consumption, but a further advance being demanded operated against "
sugar,1850,0,1358,1026,5.9842,True,"market intelligence. (from the london new price current of yesterday. sugar.—to-day west india sugar was much sought after for home consumption, but a further advance being demanded operated against b"
sugar,1850,0,1358,1028,5.9882,True,"condiercial intelligence. (from ike monthly circular of messrs. connal 4. co., dated glasgow. dee. 1.) the business done in our public sugar market daring the month has been limited; the sales amount "
sugar,1850,0,1358,1029,5.9906,True,"what bed been the history of the sugar trade during the last five years? it had risen steadily, but still very ra- pidly, to no less than 300,000, en increase of 50 per cent. lie had reaso..."
sugar,1850,0,1358,1030,5.9909,True,"sugar duties bill. the new sugar duties bill, as amended, has been printed, and the following is the digest of its provi- sions duties on sugar and molasse..."
sugar,1850,0,1358,1031,5.9964,True,"market intelligence. (from the london new price current of this day.) sugar.— to-day west india sugar was in excellent re- quest, chiefly for grocery purposes, but there being a plen- tiful supply imp"
sugar,1850,0,1358,1032,6.0016,True,"market intelligence. from the london new price current of this day.) sugar.—to-day the rates paid were fully equal to those current on friday, but the assortment was small and in- different. barbadoes"
sugar,1850,0,1358,1033,6.0084,True,"markets. --ei— sugar.—the average price of sugar, the produce of the british possessions in america, computed from the re- turns made in the week ending the 29th november..."
sugar,1850,0,1358,1034,6.012,True,"mincing-lane.-this day. the public sales declared for to-morrow are-sugar: 300 mids. west india, 3,600 bags of blauritlus, and 2,000 begs bengal. coffee 60 casks j•0141c.11, and 160 casks ceylon. rice"
sugar,1850,0,1358,1035,6.0146,True,"market in telligen ce. (from tht london neu price current, july 8.) sugal—to-day weftlndis sugar way off,r,:d at 6i per cwt uuder the rates of fritia), still l'arilt g anti pro- eery sorts were operaq"
sugar,1850,0,1358,1036,6.0153,True,"markei. sugar.—the average price of brown er muscovado sugar, the produce of the british poiwersions in america for the week ending october 27, ie 31e. ofd. no ter..."
sugar,1850,0,1358,1037,6.0173,True,"... saturday morning. in the cqonial tirirkets a good demand exists for produce, and saveral 'loath.; cargoes have chan4e.l hands. the pub- lic sales of sugar life goue off steadily"
sugar,1850,0,1358,1038,6.0179,True,"markets sugar.—the average price of brown or muscovado auger, the produce of the british posseaaions in antal ica, for the week ending aug. 17, is 28a. 40. per cwt..."
sugar,1850,0,1358,1039,6.0196,True,"an account of the quantities of sugar and molasses en- tered for home consumption in the united kingdom in the years ended sth april, 1846, 1847, 1848, 1849, 1850, 1851, 1852: sugar unref..."
sugar,1850,0,1358,1040,6.0205,True,"greenock sugar market, sept. 24. raw sugars—refiners offering for various parcels; more money demanded. crushed sugar gd to is dearer. fine syrup sold at 26s to 25s..."
sugar,1850,0,1358,1041,6.0216,True,"bristol sugar market, aug. 27. the market has again assumed a very firm appearance, and some descriptions mist be quoted fully 6d dearer. the supply offering is ra..."
sugar,1850,0,1358,1042,6.0256,True,"what bed been the history of the sugar trade during the last five years? it had risen steadily, but still very ra- pidly, to no less than 300,000, en increase of 50 per cent. lie had reaso..."
sugar,1850,0,1358,1043,6.026,True,"market _intelligence. (from the london new price current of yesterday.) sugar.— to-day west india sugar was in excellent re- quest, chiefly for grocery purposes, but there being a plen- tiful supply i"
sugar,1850,0,1358,1044,6.0263,True,great reduction in the price of sugar. our large purchases from day to day enable us to give the public the immediate benefit of a fall in prices. we can now sell our lowest moist sugar a...
sugar,1850,0,1358,1045,6.028,True,"... in our news from france yesterday mentioned the publication of an imperial decree in the monitcue making some important alterations in the duties on sugar, molasse"
sugar,1850,0,1358,1046,6.0288,True,"m_arkrt intelligence. (from the london'new price current of this cloy.) sugar.— there having been a more plentiful supply of colonial, prices have declined for nearly every description, still operatio"
sugar,1850,0,1358,1047,6.0292,True,"market intelligence. (from the london 2vew price current, dec. 10.) sitoar.—to-day there was greater firmness in the west india sugar market, and a g(o i business was transacted in both grocery and re"
sugar,1850,0,1358,1048,6.0377,True,"market intelligence. (from the london new price current, april 1.) sugar.—to-day west !india sugar was purchased with reluctance !for all purposes, although there were sellers of both grocery and refi"
sugar,1850,0,1358,1049,6.0395,True,"on sugar imported into the united kingdom,. tlutie3 211%11 be charged:— he follow: ing to april 5, ifrom and after 1857, april 5. 1857. inclusive. to aprils. ..."
sugar,1850,0,1358,1051,6.0508,True,"...sit of the queen and the french emperor to the crystal palace, no public sales. and little done privately. no change in the prices of coffee, tea, or sugar. suus"
sugar,1850,0,1358,1052,6.0534,True,"by electric telegram the french tariff. subjoined are the particulars of the decree, rendered into enzlisli, for regulating, the importation of sugar end molasiies into france all in french vessels. o"
sugar,1850,0,1358,1053,6.0535,True,"important news !! free trade or all descriptions or sugar qwinden & co., 45 and 47, allwaica srairr. in re-opening their newly fitted premises, have re- solved to discountenance the unjustifiable prac"
sugar,1850,0,1358,1054,6.0545,True,"liverpool sugar market, march 4. farket quiet. a few deinerarys sold at 395. liverpool produce market, march 4. sugar—a limited supply of west' india sugar ma- teria..."
sugar,1850,0,1358,1055,6.0639,True,"commercial circulars. (from william c 0111.1411 d: co.'..monaly circular, dated glaagoto, feb. 28.) _ our sugar market has steadily maintained its position during the month, good brown sugar still com"
sugar,1850,0,1358,1056,6.0736,True,"the duty on sugar. an arrangement with reference to the assessment of duty on sugar has recently been made by the commissioners of customs, which is likely to prove ad..."
sugar,1850,0,1358,1057,6.0764,True,"market intelligence. (from the london ivew price current, march 28.) sucan.—to-day former rates were required for west india sugar, still home dealers operated with caution, and the purchases amounted"
sugar,1850,0,1358,1058,6.0786,True,"london produce market.-april 6. t 17.0 following sales are advertised for to morrow sugar 300 hills of west india, 18,000 bags of mauritius, 5.500 bags of ilengal, and 6,500 bags of madras. ccffee 00 "
sugar,1850,0,1358,1061,6.0812,True,"market intelligence. (from the london new price current, april 25.) sugar.—to-day only a small business was concluded in west india sugar, but holders were firm and would not sell but at full former r"
sugar,1850,0,1358,1062,6.0866,True,the sugar trade ta liverpool paper lately published a statement respect- ing the present state' and future prospects of the sugar trade. a correspondent has ca...
sugar,1850,0,1358,1063,6.0914,True,"bristol sugar market, barbi' 6. the market has been dull, with very little inquiry either for raw or refined; prices are, however, sustained and we shall have more..."
sugar,1850,0,1358,1065,6.1005,True,"greenock sugar market, dec. 24. demand for sugar good, but very little offered to-day; higher rates may be expected. value may be still quoted as under :—brown, 4a;..."
sugar,1850,0,1358,1067,6.101,True,"green''ck sugar market.—ocr. 12. raw sugars were quiet today. crushed quoted at 541 to 563, with a fair demand. all other sorts rather easier. no great icquiry for t..."
sugar,1850,0,1358,1068,6.1029,True,"market intelligence. (from the london new price current, feb. 18.) suqar.—to-day there was not much business concluded in the west india sugar market, but holders are firm, and obtained full rates ter"
sugar,1850,0,1358,1070,6.104,True,"the new sugar crop. our advices from havant to the 13th ult. report hat small lots of the new sugar crop were arriving. the demand was steady, hut the stock on han..."
sugar,1850,0,1358,1071,6.104,True,"-jy refining sugar in bond. mr. 1101,tay4;;;redt;;:r.--;iu;;;;to the right hon. gentleman te. chancellor of the each( guer, whether it was the intention of government t..."
sugar,1850,0,1358,1072,6.1063,True,"to be perfect. for instance, he could not believe that that great man could ever have intended so to arrange the duties on sugar that foreigners should send into this country refined sugar at a price "
sugar,1850,0,1358,1075,6.1273,True,"what bed been the history of the sugar trade during the last five years? it had risen steadily, but still very ra- pidly, to no less than 300,000, en increase of 50 per cent. lie had reaso..."
sugar,1850,0,1358,1077,6.1313,True,"market intelligence. from the london new price current of nov. 96.) sugar.—the business transacted in colonial for ho d consumption has been less than for some time past, et a slight decline has taken"
sugar,1850,0,1358,1078,6.1315,True,"liverpool producz market, oct.. 21, sugar remams very quiet, and only 50 hhds, porto rica found buyers at 34s 3d to 34s 9d. the market is cleared of all suitable refining descriptions. grocer..."
sugar,1850,0,1358,1079,6.135,True,"market intelligence. (from the london new price current, oct. 4.) sug'ia.—to-dsy a f sir business was transacted in the west india sugar market, and the rates obtained are fully equal to those current"
sugar,1850,0,1358,1080,6.1351,True,"... for next week comprise 300 hhds barbadoes, 200 hhds jamaica, 70 hhds demerara, 10,000 bags east india and mauritius, and 6,000 bags brown pernambnca sugar. r"
sugar,1850,0,1358,1081,6.1353,True,"exeter—oct. 17. bristol sugar—oct. 17. -•- sugar continues to improve in favour, and prices have further advanced fully is per cwt.; the transactions on the spot are still quite u..."
sugar,1850,0,1358,1083,6.1452,True,"market int elligence. from the london new price current of yesterday., sugar.-the quantity of colonial purchased for home consumption is rather less than in the previous week, and large parcels contin"
sugar,1850,0,1358,1084,6.1479,True,"...9, 1852. (from the london new price current, market intelligence. may 28.) suoare-7sto-day there was only a limited business concluded in west india- sugar for grocery or refining pu"
sugar,1850,0,1358,1086,6.1613,True,"market intelligence (from the london new price current of this da sugar.—to-day west india sugar was purchased with caution for home trade purposes, and prices compared with last friday in some cases "
sugar,1850,0,1358,1087,6.1638,True,"to be perfect. for instance, he could not believe that that great man could ever have intended so to arrange the duties on sugar that foreigners should send into this country refined sugar at a price "
sugar,1850,0,1358,1088,6.1639,True,the sugar trade ta liverpool paper lately published a statement respect- ing the present state' and future prospects of the sugar trade. a correspondent has ca...
sugar,1850,0,1358,1089,6.165,True,"sin, hon. member ought also tobear in mind that his right hon. friend had spoken on this question with reference to one point only—the consumption cf sugar and its bearing on the revenue. the figures "
sugar,1850,0,1358,1090,6.1696,True,"friday evening, april 19, 18.50. birb v.sbitten sun office, seven o' clock. market intelligence. (from the london new price current, april 19.) sugar.—to-day a fair quantity of west india muscovado su"
sugar,1850,0,1358,1091,6.1717,True,"markets. suomi—the seerage price of sugar, the wanes of the british possessions in america, computed from the re- turns made in the week ending the gqi december. 1853, iv 245. 40. sugar, the ..."
sugar,1850,0,1358,1092,6.1744,True,"friday evening, september 17, 1852. market in tel ligen ce. (from the london new price current, sept. 17.) sitgail—to-day west india sugar was in excellent request for home trade purposes, and rates c"
sugar,1850,0,1358,1093,6.178,True,"sin, hon. member ought also tobear in mind that his right hon. friend had spoken on this question with reference to one point only—the consumption cf sugar and its bearing on the revenue. the figures "
sugar,1850,0,1358,1094,6.1783,True,"markets sugar —the average price of seemr, the produce of the british irma in arorriea, composed from the returns made in the w ending the and •iny of aprii, 1430...."
sugar,1850,0,1358,1095,6.1795,True,"pnonuce.---there has been great activity in the sugar market, at prices in favour of the eon pr. and a large quantity has changed hands. molasses has been eagerly bought at an advance of 2s. per cwt. "
sugar,1850,0,1358,1096,6.1863,True,"sin, hon. member ought also tobear in mind that his right hon. friend had spoken on this question with reference to one point only—the consumption cf sugar and its bearing on the revenue. the figures "
sugar,1850,0,1358,1097,6.1953,True,"colonial markets. from the london new price ourrent of yesterday. siigar.—to-day the market for west india sugar closed quietly, still the prices obtained were fully equal to those of last friday for "
sugar,1850,0,1358,1098,6.1986,True,"markets. fit,oall.—the avenge price of sugar, the produce of the brito.li possessions in america, computed (rem the re- turn, made in the week ending the 13th january, 18/12, 21s. ojd. sugar the..."
sugar,1850,0,1358,1100,6.2121,True,"sin, hon. member ought also tobear in mind that his right hon. friend had spoken on this question with reference to one point only—the consumption cf sugar and its bearing on the revenue. the figures "
sugar,1850,0,1358,1101,6.2142,True,"...direct west l• cia cijl 41111. elapsed, rea- ene nave been neneonities of be the „out in nu- „ t closes with an upwerd tendency. the year of colonial sugar from t"
sugar,1850,0,1358,1102,6.2201,True,"market intelligence. (from the london new price current, march 15.) &toan. -to-day the market for west india sugar • pre- sented a dull aspect •for both grocery and refining sorts, whilst rather lower"
sugar,1850,0,1358,1103,6.2224,True,greeyick sugar market.—snips. 21. tt.e:c was rather more it.quiry for raw sugar to-day. in crushed there is a good &mud t.r all sots above 545; finest is quoted at ...
sugar,1850,0,1358,1104,6.2234,True,"market intelligence. from the london new price current of this day. sugar.— to-day the market for british plantatio❑ sugar closed with a brisk appearance, and at rates fully gil per cwt. ab we last fr"
sugar,1850,0,1358,1105,6.2235,True,"what, too, would be the effect of increased supply on the markets for sugar every slave produces at least two tons of anger. the present consumption of the world, 1,200,000 tuts, has not been sufficie"
sugar,1850,0,1358,1106,6.2443,True,"sin, hon. member ought also tobear in mind that his right hon. friend had spoken on this question with reference to one point only—the consumption cf sugar and its bearing on the revenue. the figures "
sugar,1850,0,1358,1107,6.2463,True,"market di tel lic-ence (from the london new price current, nov. 26.) sugar.—to-day west india sugar was purchased with much caution for home trade purposes, merchants refused to sell upon lower terms;"
sugar,1850,0,1358,1108,6.2476,True,"markets produce markets. sugar —the average pier of sugar, the produce of the british week in america, computed frem the returns made in the week ending the 16th day of april, tato..."
sugar,1850,0,1358,1109,6.2568,True,"...on, hon. member ought also to bear in mind that his right hon. friend had spoken on this question with reference to one point only—the consumption of sugar and its bearing on the revenue. the figures"
sugar,1850,0,1358,1111,6.2691,True,"market in tel ligen ce. (from the london new price current, july 18.) sugar.—to-day transactions in all sorts of west india sugar were upon a limited scale, amounting to only 515, making fur the week "
sugar,1850,0,1358,1112,6.2704,True,"market intelligence. (from the london new price current, april 20.) sugar.—to-day the west india sugar market pre- sented a firm tone; both grocers and refiners were de- aircus to do business, paying "
sugar,1850,0,1358,1113,6.2724,True,"the sugar trade. we make the following extract from the trade circu- lar issued by messrs. truennan & rouse, colonia brokers, london, 4s hick will be found of ..."
sugar,1850,0,1358,1114,6.2774,True,"-jy refining sugar in bond. mr. 1101,tay4;;;redt;;:r.--;iu;;;;to the right hon. gentleman te. chancellor of the each( guer, whether it was the intention of government t..."
sugar,1850,0,1358,1115,6.2849,True,"greenock sugar market, rfc. 3. sugar brisk; a good demand, particularly fur finer sorts, at higher rates. value may be quoted as under: —brown, 465; good yellow, mn..."
sugar,1850,0,1358,1116,6.2889,True,"bristol. sugar markst, it7licst 15. there has been a brisk demand for all descriptions of sugar, and everything offering has been taken off at very full prices. in ..."
sugar,1850,0,1358,1117,6.2893,True,"...on, hon. member ought also to bear in mind that his right hon. friend had spoken on this question with reference to one point only—the consumption of sugar and its bearing on the revenue. the figures"
sugar,1850,0,1358,1119,6.2922,True,"market intelligence. (from the london new price current of yesterday. sugar.—to-day west india sugar was much sought after for home consumption, but a further advance being demanded operated against b"
sugar,1850,0,1358,1123,6.3067,True,"market int elligence. -front the london new price current of this day. sugar.—to-day previous prices were well sustained for all' descriptions of west india sugar, there being a very good home trade d"
sugar,1850,0,1358,1124,6.3083,True,"the duty on sugar. an arrangement with reference to the assessment of duty on sugar has recently been made by the commissioners of customs, which is likely to prove ad..."
sugar,1850,0,1358,1126,6.3119,True,"dr. scoffern's pat en t. to the editor of the sun. sit,—the question of manufacturing and refining sugar by the process discovered and patented by dr. scoffern is one of so momentous a character to th"
sugar,1850,0,1358,1127,6.3122,True,"...on, hon. member ought also to bear in mind that his right hon. friend had spoken on this question with reference to one point only—the consumption of sugar and its bearing on the revenue. the figures"
sugar,1850,0,1358,1128,6.3195,True,"*tumor. ootostas rzottros taunt, mat e. there has been an extensive demand for west india muscovado sugar this week, and latterly an advance of 6d has been realised. the soles amount to 1,135 hhda. an"
sugar,1850,0,1358,1129,6.3283,True,"market in t 7,lltgence. (from the london .new ;wee cm-rent, ju!y 20). sitga il—to-day the wceit india sugar market pre- sruted 4 fi7m aspzet, there. was a good demand especially fi;r grocery i;urp,,,i"
sugar,1850,0,1358,1130,6.3321,True,"...lery now hug eueptiou, commercial intelligence. froni messrs. william connal co.'s monthly circular, doled glasymc, 30th may. the transactions in our sugar market dur"
sugar,1850,0,1358,1135,6.3404,True,"market int elligence. (from the london new price current of this day.) sugar.—to-day west india sugar met with less ellen• tion from grocers and refiners, but simply keeping scanty, ho ders were enabl"
sugar,1850,0,1358,1136,6.3438,True,"...n, ittaco 2. in the second chamber tho minister of finance has brought in a bill fur raising the excise duty on beet-root used for the manufacture of sugar. at tint i no duty was levied "
sugar,1850,0,1358,1137,6.3447,True,"market intelligence. (from the london new price current, april 29.) sugar.—to-day a good business was tran,,acted in the west india sugar market. but holders were firm, and obtained full rates for bot"
sugar,1850,0,1358,1139,6.3575,True,"holland. the importation of raw sugar into holland is 1854 amounted to 74,866,292 kilog., which was about 4,800,000 kilog. more than the average of the ten years preceding. the exportatio..."
sugar,1850,0,1358,1141,6.3662,True,"market _intelligence. (from the london new price current of yesterday.) sugar.— to-day west india sugar was in excellent re- quest, chiefly for grocery purposes, but there being a plen- tiful supply i"
sugar,1850,0,1358,1142,6.3755,True,"excise sugar and licences bill. the chancellor of the exchequer sail the object of this bill was iwo. told :—lirst, at the time the duty on colonial sugu was redu..."
sugar,1850,0,1358,1143,6.382,True,market intelligence. (front the london new price current of yesterday. sugar.—to-day a much better demand was experienced for west india sugar from both refiners and grocers in some cases the rates ob
sugar,1850,0,1358,1144,6.3838,True,"sugar refining. 441, it! (front the greenock advertiser.) although living in a town where the refining of sugar is such an important branch of trade, it is..."
sugar,1850,0,1358,1145,6.3879,True,"...on, hon. member ought also to bear in mind that his right hon. friend had spoken on this question with reference to one point only—the consumption of sugar and its bearing on the revenue. the figures"
sugar,1850,0,1358,1146,6.39,True,"mesars. george burnand k co., corabill. sp.cretaiiy. vincent wanostrocht. rrins company is formed for the purpose of refining 1. sugar under the new and advantageous process invent,' by mr. bessemer, "
sugar,1850,0,1358,1147,6.3939,True,"bristol markets, july 20. we have had a very quiet market for sugar for some time past, owing to the difficulty refiners have had it selling their produce at remunerative in icle. thera are, however, "
sugar,1850,0,1358,1149,6.398,True,"sin, hon. member ought also tobear in mind that his right hon. friend had spoken on this question with reference to one point only—the consumption cf sugar and its bearing on the revenue. the figures "
sugar,1850,0,1358,1150,6.4058,True,"messna. george burnand & co., cornhill. secretary. vincent wanostrocht. mins company is formed for the purpose of refining i. sugar under the new and advantageous process invented by mr. bessemer, and"
sugar,1850,0,1358,1152,6.4159,True,"...on, hon. member ought also to bear in mind that his right hon. friend had spoken on this question with reference to one point only—the consumption of sugar and its bearing on the revenue. the figures"
sugar,1850,0,1358,1153,6.4187,True,"the new sugar crop. our advices from havant to the 13th ult. report hat small lots of the new sugar crop were arriving. the demand was steady, hut the stock on han..."
sugar,1850,0,1358,1154,6.4241,True,"by electric telegram the french tariff. subjoined are the particulars of the decree, rendered into enzlisli, for regulating, the importation of sugar end molasiies into france all in french vessels. o"
sugar,1850,0,1358,1155,6.4282,True,"(left spea king.) ..l.......,—_____—_,-._ -..t i current,l igr ~'`it).lril ;3.) (from the london new. market in sugar. —to-day there w of west india as ready bu.ers making for the week for all sorts. "
sugar,1850,0,1358,1156,6.4284,True,"the french sugar duties. yesterday's men,iteur contains a decree modifying the french tariff as follows until otherwise ordered the import duties levied on sugar will..."
sugar,1850,0,1358,1158,6.4438,True,the french sugar duties. yesterday's moniteur contains a decree modifying the french tariff as follows until otherwise ordered the import duties levied on sugar will ...
sugar,1850,0,1358,1160,6.4616,True,"what, too, would be the effect of increased supply on the markets for sugar every slave produces at least two tons of anger. the present consumption of the world, 1,200,000 tuts, has not been sufficie"
sugar,1850,0,1358,1161,6.4671,True,"market intelligence. (from the london new price current of this day.) sugar.— to-day west india sugar was in excellent re- quest, chiefly for grocery purposes, but there being a plen- tiful supply imp"
sugar,1850,0,1358,1162,6.4693,True,"markets. fit,oall.—the avenge price of sugar, the produce of the brito.li possessions in america, computed (rem the re- turn, made in the week ending the 13th january, 18/12, 21s. ojd. sugar the..."
sugar,1850,0,1358,1164,6.4766,True,"sin, hon. member ought also tobear in mind that his right hon. friend had spoken on this question with reference to one point only—the consumption cf sugar and its bearing on the revenue. the figures "
sugar,1850,0,1358,1165,6.4809,True,"market intelligence. (from the london new price current of yesterday.) sugar.—to-day west india sugar was purchased with caution, both for refining and grocery purposes, although there wore sellers ra"
sugar,1850,0,1358,1166,6.4809,True,"market intelligence. (prom the london new price current, april 12.) sugar.—to-day west india sugar was purchased with much caution for all purposes, and in some cases the rates taken were rather under"
sugar,1850,0,1358,1167,6.4835,True,"bristol sugar market, may 29. we have hal a quiet week for both raw and aaae. fartared sugars, and with the exception of about 30 hint.. west india, which sold et ..."
sugar,1850,0,1358,1168,6.4838,True,"...on, hon. member ought also to bear in mind that his right hon. friend had spoken on this question with reference to one point only—the consumption of sugar and its bearing on the revenue. the figures"
sugar,1850,0,1358,1169,6.4905,True,"greenock sugar market—during the month of march the following was the importation of raw sugar into greenock:—from the west indies, 3,206 hhds, -324 tros:, 143 boxe..."
sugar,1850,0,1358,1170,6.4958,True,"an account of the quantities of sugar and molasses en- tered for home consumption in the united kingdom in the years ended sth april, 1846, 1847, 1848, 1849, 1850, 1851, 1852: sugar unref..."
sugar,1850,0,1358,1171,6.4999,True,"bristol sugar—nov. 18: we are still without any transactions in west india sugar indeed, at present there are no sellers, in conse- quence of the reaction that has..."
sugar,1850,0,1358,1172,6.5023,True,statistics of sugar. some returns relative to sugar have been laid on the table of the house of commons on the motion of mr. mot_ fat. it hence appears that the quantity...
sugar,1850,0,1358,1173,6.5198,True,"greenock sugar market, sept. 4. raw sugars—market flat, and the rise not maintained. crushed sugar is down is. syrup, if fine, sells at say 20s to 21s. treacle, 13s..."
sugar,1850,0,1358,1174,6.5226,True,"markb2c. buoar.—the average pries of brownor bi.onao sugar, the produce of the british paresaione in america, for the week ending oct. 13, is 354.01 d. the average price of brown or muscovado sugar th"
sugar,1850,0,1358,1175,6.5317,True,sugar refining. a memorial addressed to the members of both houses of parliament by messrs.. john craven and co. has been widely circulated in the city on ...
sugar,1850,0,1358,1177,6.5599,True,"scgar, molasses, and rtrat.---it appears from a return published on saturday that in the year ended the 30th june, 1855, 8,233,696 cwt. of unrefined sugar was imported.into the united kingdom, and 8,1"
sugar,1850,0,1358,1178,6.5608,True,"d sugar,,k2i3n3og,n6d9os6saturday nu. a,rdtn. molasses, doa yfbl unrefined rum.—it eoutdmhc sugar u—yilalat.rer tllea,aniappearsnsd retained djn imported fro..."
sugar,1850,0,1358,1179,6.5792,True,"market intelligence. (from the london ivew price current, march 28.) sucan.—to-day former rates were required for west india sugar, still home dealers operated with caution, and the purchases amounted"
sugar,1850,0,1358,1180,6.5802,True,market intelligence. (from the london new price current of this day.) sugapt.—today demand was not better for b.p. sugar still the rates obtained were generally equal to this day week. at auction 92 h
sugar,1850,0,1358,1181,6.5823,True,sugar refining. t°ll43lissid4r9vanrtia.a:4l. nc4177d7- bel 48r we understand an influential deputation from the west india and sugar refining bodies have g...
sugar,1850,0,1358,1183,6.5896,True,"...on, hon. member ought also to bear in mind that his right hon. friend had spoken on this question with reference to one point only—the consumption of sugar and its bearing on the revenue. the figures"
sugar,1850,0,1358,1184,6.5937,True,"an account of the quantities of sugar and molasses en- tered for home consumption in the united kingdom in the years ended sth april, 1846, 1847, 1848, 1849, 1850, 1851, 1852: sugar unref..."
sugar,1850,0,1358,1186,6.6125,True,"mabket intelligence. (from the london new price current of this clay.) sugar.—to-day west india sugar was purchased with caution, both for refining and grocery purposes, although there were sellers ra"
sugar,1850,0,1358,1187,6.616,True,"bantol sugar diat36 we have to report rather a dull mai have been bolding off, expecting to t importers are very firm, and decline e the transactions have been un..."
sugar,1850,0,1358,1189,6.6214,True,sugar refining. a memorial addressed to the members of both houses of parliament by messrs. john craven and co. has been widely circulated in the city on t...
sugar,1850,0,1358,1190,6.6247,True,"market intelligence. (from the london new price current of yesterday.) sugar.—to-day west india sugar was purchased with caution, both for refining and grocery purposes, although there wore sellers ra"
sugar,1850,0,1358,1192,6.6432,True,"proposed duties on sugar, tea, cbc the following resolutions will be proposed in committee of ways and means to-morrow, by the chancellor of the exchequer :- 1. that in lieu ..."
sugar,1850,0,1358,1193,6.6432,True,"sugars the new orleans price current, of the ht ultimo, has the following review of the sugar trade of new orleans, for the year ending the 31st ult. :—"" t..."
sugar,1850,0,1358,1196,6.6612,True,"the sugar refining trade. a number of sugar refiners from liverpool, bristol, plymouth, and london, had an interview with mr. wil- son, the secretary to the tr..."
sugar,1850,0,1358,1197,6.6746,True,"gl a.sgo \v produce market.—noy. s. during the week the quantity of west india disposed of in our west india sugar nurket, reached 891 hhds, 47 tierces, and 859 brls and bags, at an advance on last we"
sugar,1850,0,1358,1198,6.6791,True,"proposed duties on sugar, tea, cbc the following resolutions will be proposed in committee of ways and means to-morrow, by the chancellor of the exchequer :- 1. that in lieu ..."
sugar,1850,0,1358,1199,6.6801,True,"mabket intelligence. (from the london new price current of this clay.) sugar.—to-day west india sugar was purchased with caution, both for refining and grocery purposes, although there were sellers ra"
sugar,1850,0,1358,1200,6.6854,True,"proposed duties on sugar, tea, &c the following resolutions will be proposed in committee of ways and means to-morrow, by the chancellor of the exchequer :- 1. that in lieu o..."
sugar,1850,0,1358,1201,6.687,True,"holland. the importation of raw sugar into holland is 1854 amounted to 74,866,292 kilog., which was about 4,800,000 kilog. more than the average of the ten years preceding. the exportatio..."
sugar,1850,0,1358,1203,6.7122,True,"market int elligence. (from the london new price current of this day.) sugar.—to-day west india sugar met with less ellen• tion from grocers and refiners, but simply keeping scanty, ho ders were enabl"
sugar,1850,0,1358,1204,6.7292,True,"markets. sugar.—the avenge price of sugar, the produce of the british possessions in america, computed from the re- turns made in the week ending the 15th feb., 185..."
sugar,1850,0,1358,1206,6.7539,True,"proposed duties on sugar, tea, &c the following resolutions will be proposed in committee of ways and means to-morrow, by the chancellor of the exchequer :- 1. that in lieu o..."
sugar,1850,0,1358,1207,6.7603,True,"what bed been the history of the sugar trade during the last five years? it had risen steadily, but still very ra- pidly, to no less than 300,000, en increase of 50 per cent. lie had reaso..."
sugar,1850,0,1358,1209,6.7695,True,"sugar refining. 441, it! (front the greenock advertiser.) although living in a town where the refining of sugar is such an important branch of trade, it is..."
sugar,1850,0,1358,1210,6.7802,True,"high price of sugar. a letter, signed 'two brokers,' in a london journal, denies the truth of tho statement contained in the observer—viz., that the high price of sugar ..."
sugar,1850,0,1358,1211,6.7859,True,"35010 2783016 11 18702 1927215 428050 pnonuce.---the sugar market has been in a very .unsettled state, and owing to the ,unwillingness of the trade to operate, business has been almost suspended, the "
sugar,1850,0,1358,1212,6.7868,True,"bristol sugar mark sept. 14. the sugar market has still an upward tendency, and a farther advance of fully is. per cwt. has again been established this week. the t..."
sugar,1850,0,1358,1213,6.7897,True,"market intelligence. (from the london new price current, dec. 5.) sugar.—to-day there was only a moderate demand for west india sugar, still holders are firm, and ob- tained full rates for the 466 hhd"
sugar,1850,0,1358,1215,6.8241,True,"bristol sugar market, juoust 31 we have had a very excited sugar market this week, and prices have farther improved 2s. per cwt. the refined market is brisk and fi..."
sugar,1850,0,1358,1216,6.8275,True,"bristol sugar market. june 17. there was a good 'mine.* done in sugars last week,st prices 6d to is per cwt. above those obtained the week previous. yesterday, how..."
sugar,1850,0,1358,1218,6.8306,True,"average price of sugar. the average price of brown or muscovado sugar com- puted from returns made in the week ending the 23d dal of nov., 1858, exclusive of the duties of ..."
sugar,1850,0,1358,1219,6.8313,True,"-jy refining sugar in bond. mr. 1101,tay4;;;redt;;:r.--;iu;;;;to the right hon. gentleman te. chancellor of the each( guer, whether it was the intention of government t..."
sugar,1850,0,1358,1220,6.8428,True,...r establishing an inland post has passed the house of assembly. the salary of the postmaster is fixed at 3001. per annum. the barbadian says that the sugar crop for the present y
sugar,1850,0,1358,1222,6.8629,True,england. hops malt lbs. bush. lbs. paper soap... „ spirits .. gals. spirits from the channel islands gals. sugar ewts. beer exported brls. scotland. malt paper soap spirits sugar beer exported ireland
sugar,1850,0,1358,1223,6.8681,True,"bristol sugar market, deg. 14. • -• the market continues quite suspended, not a transac- tion being reported for the last three weeks either in ruin or manufacture..."
sugar,1850,0,1358,1224,6.8771,True,"the sugar trade morravr moved for tabular returns, showin • the quantities of sugar of the several sorts imported into the united kingdom, and the quantity ret..."
sugar,1850,0,1358,1225,6.8885,True,"markez& buoar.—she average price of brown or muscovado sugar the peplum of the british poseweions in america for the week ending oct 14, la its. lecd. per cwt. seclusive of duty. no return hoe been ma"
sugar,1850,0,1358,1226,6.8948,True,"glasgow pig iron market. fel 26 the iron market this week is dull at 445. per ton, cash. glasgow sugar market. fes. 26. sroe rs --stiri;e- our last report, there been a inivi;:ate demand for west indi"
sugar,1850,0,1358,1227,6.8967,True,"the french sugar duties. yesterday's men,iteur contains a decree modifying the french tariff as follows until otherwise ordered the import duties levied on sugar will..."
sugar,1850,0,1358,1228,6.8967,True,"proposed duties on sugar, tea, &c the following resolutions will be proposed in committee of ways and means to-morrow, by the chancellor of the exchequer :- 1. that in lieu o..."
sugar,1850,0,1358,1229,6.8969,True,"agibibie evoll—the average price of brown or mueorivado sugar the produce of british pomesoons in america for ate week ending nov. 11, is 33e. 10i d. per cwt. reclusive of duty. the average prim of br"
sugar,1850,0,1358,1230,6.8973,True,"and refining of sugar. mr. il banamer, the investor of a series of ha- proved megblana *sr economising the various penmen outplayed in mpg manufactures, and increasing the..."
sugar,1850,0,1358,1231,6.904,True,"proposed duties on sugar, tea, cbc the following resolutions will be proposed in committee of ways and means to-morrow, by the chancellor of the exchequer :- 1. that in lieu ..."
sugar,1850,0,1358,1232,6.9079,True,"the sugar trade morravr moved for tabular returns, showin • the quantities of sugar of the several sorts imported into the united kingdom, and the quantity ret..."
sugar,1850,0,1358,1233,6.9096,True,"sin, hon. member ought also tobear in mind that his right hon. friend had spoken on this question with reference to one point only—the consumption cf sugar and its bearing on the revenue. the figures "
sugar,1850,0,1358,1234,6.9099,True,"bristol sugar market.—dec. 9. there has been rather more enquiry this week for british planta- tion sugar, but the sales effected are still small. last week's pric..."
sugar,1850,0,1358,1235,6.9148,True,england. hops malt lbs. bush. lbs. paper soap... „ spirits .. gals. spirits from the channel islands gals. sugar ewts. beer exported brls. scotland. malt paper soap spirits sugar beer exported ireland
sugar,1850,0,1358,1236,6.9272,True,"what bed been the history of the sugar trade during the last five years? it had risen steadily, but still very ra- pidly, to no less than 300,000, en increase of 50 per cent. lie had reaso..."
sugar,1850,0,1358,1237,6.9313,True,the french sugar duties. yesterday's moniteur contains a decree modifying the french tariff as follows until otherwise ordered the import duties levied on sugar will ...
sugar,1850,0,1358,1239,6.9794,True,"markets sugar —the average price of seemr, the produce of the british irma in arorriea, composed from the returns made in the w ending the and •iny of aprii, 1430...."
sugar,1850,0,1358,1242,7.0004,True,"35010 27830101 18702' '1927215428060 produce.---the sugar market has been ;in a ;very unsettled state, and owing to the unwillingness of the trade ito operate, business 'has been almost suspended, the"
sugar,1850,0,1358,1243,7.0007,True,"price of sugar. the average price of brown or muscovado sugar for the week ending june 2', 1850, exclusive of duty, is 245. hid. per cwt. common pleas.-(this day.) ..."
sugar,1850,0,1358,1245,7.0077,True,"glasgow pig iron market. matea 19 iron market steady at 445. cash for 3 sths and 24ths good brands. glasgow sugar market. muten id. somata —since our last report, there been a moderate demand for west"
sugar,1850,0,1358,1246,7.0131,True,"glasgow sugar market. der. n. sugars—since our last report, the transactions inlwesl radii muscovado sugars have been limited the sales are rnly us bads of middlin..."
sugar,1850,0,1358,1247,7.0238,True,"important news !! free trade or all descriptions or sugar qwinden & co., 45 and 47, allwaica srairr. in re-opening their newly fitted premises, have re- solved to discountenance the unjustifiable prac"
sugar,1850,0,1358,1248,7.0376,True,"high price of sugar. a letter, signed 'two brokers,' in a london journal, denies the truth of tho statement contained in the observer—viz., that the high price of sugar ..."
sugar,1850,0,1358,1250,7.0561,True,"greenock sugar market, sept. 24. raw sugars—refiners offering for various parcels; more money demanded. crushed sugar gd to is dearer. fine syrup sold at 26s to 25s..."
sugar,1850,0,1358,1251,7.06,True,"we held the day h reeounted *- ,e sugar was to be _ ups,. the struggles which england had, for fifty years, made against the atlas system, and trusted that the principle of resistance to th..."
sugar,1850,0,1358,1252,7.0717,True,"glasgow pig iron market. mums n iron.market very quiet at 445. to ms. 6d per ton, cash, for 35th. and 2,ths good brands. glasgow sugar market. usage m. suct•as —since our last. the transactions in wes"
sugar,1850,0,1358,1253,7.072,True,"the itn sugar of le the market has been rather quiet, the wet being confined to 60 hhds. grainy demerara, at 453 6d to 403 rd, and 160 barrels at 42s 6d to 43s per..."
sugar,1850,0,1358,1256,7.1341,True,"glasgow pig iron market. april 19 the iron market hi very firm at 425. 6d. per ton, casii, for 3 %ha and 1 aths good brands. glasgow sugar market. apryl o. bromts.—since our last, the transactions in "
sugar,1850,0,1358,1259,7.1613,True,"what bed been the history of the sugar trade during the last five years? it had risen steadily, but still very ra- pidly, to no less than 300,000, en increase of 50 per cent. lie had reaso..."
sugar,1850,0,1358,1260,7.1674,True,"tb. for ow information and their minnte dated lost., certain intermediate drawbacks upon different qualities of refined sugars, other than those contemplated and fixed by the sugar act of last mission"
sugar,1850,0,1358,1261,7.1701,True,statistics of sugar. some returns relative to sugar have been laid on the table of the house of commons on the motion of mr. mot_ fat. it hence appears that the quantity...
sugar,1850,0,1358,1262,7.1771,True,"important news i free trade in all descriptions of sugar. swinden ix co., 45 and 47, jamaica strut. in re-opening their newly fitted premises, hare re- solved to discountenance the unjustifiable pract"
sugar,1850,0,1358,1264,7.1949,True,"contracts for peas, oats, and sugar. department of the comptroller for victualling and transport services, somerset-place, 18th june, 1853. the commissioners for executing the office of..."
sugar,1850,0,1358,1265,7.2055,True,"greenock sugar market, rfc. 3. sugar brisk; a good demand, particularly fur finer sorts, at higher rates. value may be quoted as under: —brown, 465; good yellow, mn..."
sugar,1850,0,1358,1266,7.2061,True,"sugar refining. 441, it! (front the greenock advertiser.) although living in a town where the refining of sugar is such an important branch of trade, it is..."
sugar,1850,0,1358,1267,7.2179,True,"bristol sugar market, oct. 9. there has been a very steady demand this week, both for pan and scale sugars, and a fair amount of business done, chiefly in barbadoe..."
sugar,1850,0,1358,1268,7.2504,True,"irish beet sugar company. the first armlet general meeting of the share- holders of this company was held on monday, at the offices of the company, 4, coleman-street-..."
sugar,1850,0,1358,1269,7.2525,True,"...be sold, by public roop, within the royal exchange 81. rooms, glasgow, on wednesday, the 22d day of may next, at two o'clock afternoon, tim following sugar estates or p"
sugar,1850,0,1358,1270,7.2613,True,"pi7blic hall to let. important news h free trade in all descriptions of sugar. swinden & co., 45 and 47, jamaica street. in re-opening their newly fitted premises, have re- solved to discountenance th"
sugar,1850,0,1358,1273,7.3098,True,"the press. the sugar duties. to the l•'uitor of 4' the ritess."" sir,—when england emancipated her slaves in 1834, she solemnly pledged herself to her colonists that she w..."
sugar,1850,0,1358,1274,7.3234,True,"commercial circulars. william conical & oo.'e montirly circular. glasnow, 31et deoember, 1858. our sugar market has maintained • quiet but steady tone during the month, the quotation for good brown su"
sugar,1850,0,1358,1275,7.3298,True,"interesting fact the london times of saturday contains the fol— lowing ""foreign sugar.—a vessel ;vhich has just arrived from havannah has brought 1,500 boxes, and another vessel from matanzas 1.672 bo"
sugar,1850,0,1358,1276,7.3384,True,"sugar duties bill. the new sugar duties bill, as amended, has been printed, and the following is the digest of its provi- sions duties on sugar and molasse..."
sugar,1850,0,1358,1277,7.3392,True,"british sugar colonies: mr. j. wilson called the attention of the house to. the effects of the sugar acts of 1846 and 1848 upon the british sugar colonies, and upo..."
sugar,1850,0,1358,1278,7.3574,True,statistics of sugar. some returns relative to sugar have been laid on the table of the house of commons on the motion of mr. mot_ fat. it hence appears that the quantity...
sugar,1850,0,1358,1279,7.3671,True,"sugars the new orleans price current, of the ht ultimo, has the following review of the sugar trade of new orleans, for the year ending the 31st ult. :—"" t..."
sugar,1850,0,1358,1280,7.3721,True,"markei. sugar.—the average price of brown er muscovado sugar, the produce of the british poiwersions in america for the week ending october 27, ie 31e. ofd. no ter..."
sugar,1850,0,1358,1282,7.3815,True,sugar refining. t°ll43lissid4r9vanrtia.a:4l. nc4177d7- bel 48r we understand an influential deputation from the west india and sugar refining bodies have g...
sugar,1850,0,1358,1283,7.3897,True,"greenock sugar market, dec. 24. demand for sugar good, but very little offered to-day; higher rates may be expected. value may be still quoted as under :—brown, 4a;..."
sugar,1850,0,1358,1284,7.3948,True,"british sugar colonies: mr. j. wilson called the attention of the house to. the effects of the sugar acts of 1846 and 1848 upon the british sugar colonies, and upo..."
sugar,1850,0,1358,1285,7.3964,True,"...trade six years ago the whig government of lord john russell inflicted the crowning blow upon our west indian colonies, by admitting the slave- grown sugar of foreign countries "
sugar,1850,0,1358,1287,7.4085,True,...ablishing an inland post hal passed the hot ise of assembly. the salary of the po it master is fixed at 3001. per annum. tile barbadian says that the sugar crop for the prese
sugar,1850,0,1358,1288,7.4102,True,"sugar. mr. grantley berkeley gave notice that, on tuesday, the 16th of july, he should move that the house do resolve itself into a committee of the whole ..."
sugar,1850,0,1358,1291,7.431,True,...r establishing an inland post has passed the house of assembly. the salary of the postmaster is fixed at 3001. per annum. the barbadian says that the sugar crop for the present y
sugar,1850,0,1358,1293,7.4371,True,"...be sold, by public roop, within the royal exchange 81. rooms, glasgow, on wednesday, the 22d day of may next, at two o'clock afternoon, tim following sugar estates or p"
sugar,1850,0,1358,1294,7.4498,True,"sugar. mr. grantley berkeley gave notice that, on tuesday, the 16th of july, he should move that the house do resolve itself into a committee of the whole ..."
sugar,1850,0,1358,1295,7.4529,True,"...be sold, by public roop, within the royal exchange 81. rooms, glasgow, on wednesday, the 22d day of may next, at two o'clock afternoon, tim following sugar estates or p"
sugar,1850,0,1358,1296,7.4536,True,"bristol sugar market, juoust 31 we have had a very excited sugar market this week, and prices have farther improved 2s. per cwt. the refined market is brisk and fi..."
sugar,1850,0,1358,1298,7.4846,True,"greenock sugar market, nov. 5, sugar dull a little sold at lower prices. value may be quoted as under :—brown 52s 6d; good yellow ms; white 60o; fine white 62a 6d. ..."
sugar,1850,0,1358,1300,7.4977,True,"contract for peas, oats, and sugar. department of the comptroller for victualling and transport services, somerset-place, 18th june, 1853. the commissioners for executing the office of..."
sugar,1850,0,1358,1301,7.5009,True,"...be sold, by public roop, within the royal exchange 81. rooms, glasgow, on wednesday, the 22d day of may next, at two o'clock afternoon, tim following sugar estates or p"
sugar,1850,0,1358,1302,7.5222,True,"contracts for peas, oats, and sugar. department of the comptroller for victualling and transport services, somerset-place, 18th june, 1853. the commissioners for executing the office of..."
sugar,1850,0,1358,1303,7.5244,True,...ablishing an inland post hal passed the hot ise of assembly. the salary of the po it master is fixed at 3001. per annum. tile barbadian says that the sugar crop for the prese
sugar,1850,0,1358,1304,7.5379,True,"... new tariff. rl'lle chancellor of the igschequer, it, his financial statement on friday night last, has proposedn a addition to i the present doty on sugar of 3s per evrt according to quality •wi a"
sugar,1850,0,1358,1305,7.5456,True,"glasgow pig iron market. aro. 6. the iron market is firm to-day, at ski. ed. per ton. glasgow sugar market. alio. g. sugars —since our last, the market was closed the latter end of last week on accoun"
sugar,1850,0,1358,1306,7.5628,True,"...on, hon. member ought also to bear in mind that his right hon. friend had spoken on this question with reference to one point only—the consumption of sugar and its bearing on the revenue. the figures"
sugar,1850,0,1358,1307,7.5709,True,"british sugar colonies: mr. j. wilson called the attention of the house to. the effects of the sugar acts of 1846 and 1848 upon the british sugar colonies, and upo..."
sugar,1850,0,1358,1308,7.5812,True,bert-root sugar. the experiment of manufacturieg sugar from beet- root in ireland is alleged by its promoters to have re- moved all doubt of ultimate sowers. a sale ...
sugar,1850,0,1358,1309,7.5923,True,"...be sold, by public roop, within the royal exchange 81. rooms, glasgow, on wednesday, the 22d day of may next, at two o'clock afternoon, tim following sugar estates or p"
sugar,1850,0,1358,1310,7.5966,True,"contract for peas, oats, and sugar. department of the comptroller for victualling and transport services, somerset-place, 18th june, 1853. the commissioners for executing the office of..."
sugar,1850,0,1358,1311,7.6142,True,"contract for peas, oats, and sugar. department of the comptroller for victualling and transport services, somerset-place, 18th june, 1853. the commissioners for executing the office of..."
sugar,1850,0,1358,1312,7.638,True,"potato or starch sugar. it is a property of starch of all kinds to be insoluble in cold water, but to dissolve readily in boiling water, and to thicken into a jelly or past..."
sugar,1850,0,1358,1314,7.6572,True,"glasgow pig iron market. my 21 the iron market is quiet at 445. to 445. cd. per ton, cash, for 3-:ths and 2-sths, mixed numbers. glasgow sugar market. may 21. stoma—since our last report, there hae be"
sugar,1850,0,1358,1315,7.6675,True,"sugar duties bill. the new sugar duties bill, as amended, has been printed, and the following is the digest of its provi- sions duties on sugar and molasse..."
sugar,1850,0,1358,1316,7.6813,True,"the sugar refining trade. a number of sugar refiners from liverpool, bristol, plymouth, and london, had an interview with mr. wil- son, the secretary to the tr..."
sugar,1850,0,1358,1318,7.7012,True,"high price of sugar. a letter, signed 'two brokers,' in a london journal, denies the truth of tho statement contained in the observer—viz., that the high price of sugar ..."
sugar,1850,0,1358,1320,7.7286,True,"potato or starch sugar. it is a property of starch of all kinds to be insoluble in cold water, but to dissolve readily in boiling water, and to thicken into a jelly or past..."
sugar,1850,0,1358,1321,7.7333,True,"sugar duties bill. the new sugar duties bill, as amended, has been printed, and the following is the digest of its provi- sions duties on sugar and molasse..."
sugar,1850,0,1358,1322,7.7733,True,"british sugar colonies: mr. j. wilson called the attention of the house to. the effects of the sugar acts of 1846 and 1848 upon the british sugar colonies, and upo..."
sugar,1850,0,1358,1323,7.7974,True,"wheel), glasgow pig iron market, jair 30 pig iron market firm, though quiet, at ms. per ton, nett, for ?,-7tlis and 2-51hs, good brands. glasgow sugar market, july. 30., socissa—since our last, there "
sugar,1850,0,1358,1324,7.8221,True,"tuesday.. danger no- mutiny, or how- against the consumption of sugar. one of the most striking examples of the groundless- ness of the apprehensions entertained as to the effects of the removal of pr"
sugar,1850,0,1358,1326,7.9335,True,"potato or starch sugar. it is a property of starch of all kinds to be insoluble in cold water, but to dissolve readily in boiling water, and to thicken into a jelly or past..."
sugar,1850,0,1358,1328,7.9658,True,"on sugar imported into the united kingdom,. tlutie3 211%11 be charged:— he follow: ing to april 5, ifrom and after 1857, april 5. 1857. inclusive. to aprils. ..."
sugar,1850,0,1358,1333,8.0635,True,"the new sugar duties. the following is a table of the sugar duties leviable after 2lst ult.,nscompared with those formerly exigible:— present duty. former duty. pe..."
sugar,1850,0,1358,1334,8.1298,True,"sugar duties bill. the new sugar duties bill, as amended, has been printed, and the following is the digest of its provi- sions duties on sugar and molasse..."
sugar,1850,0,1358,1335,8.2413,True,"... decision has been come to by the supreme court of tho united s:atef, viz., that in the esti• mate of duties charged under the laws on importation of sugar and mo"
sugar,1850,0,1358,1336,8.2672,True,"the new sugar duties. the following is a table of the sugar duties leviable after 2lst ult.,nscompared with those formerly exigible:— present duty. former duty. pe..."
sugar,1850,0,1358,1337,8.2687,True,"the express, saturday evening, september 11, 1852. markets. sugar —the average price of sugar, the produce of the british possessions in america, computed from the re- run., made in the web ending the"
sugar,1850,0,1358,1339,8.3108,True,"sugar duties bill. the new sugar duties bill, as amended, has been printed, and the following is the digest of its provi- sions duties on sugar and molasse..."
sugar,1850,0,1358,1340,8.3914,True,"sugar duties bill. the new sugar duties bill, as amended, has been printed, and the following is the digest of its provi- sions duties on sugar and molasse..."
sugar,1850,0,1358,1342,8.4893,True,"on sugar imported into the united kingdom,. tlutie3 211%11 be charged:— he follow: ing to april 5, ifrom and after 1857, april 5. 1857. inclusive. to aprils. ..."
sugar,1850,0,1358,1343,8.5296,True,"sugar duties bill. the new sugar duties bill, as amended, has been printed, and the following is the digest of its provi- sions duties on sugar and molasse..."
sugar,1850,0,1358,1344,8.549,True,"...be sold, by public roop, within the royal exchange 81. rooms, glasgow, on wednesday, the 22d day of may next, at two o'clock afternoon, tim following sugar estates or p"
sugar,1850,0,1358,1345,8.6438,True,"...be sold, by public roop, within the royal exchange 81. rooms, glasgow, on wednesday, the 22d day of may next, at two o'clock afternoon, tim following sugar estates or p"
sugar,1850,0,1358,1346,8.6709,True,"sugar and molasses. a very important decision has been come to by the supreme court of the united sates, viz., that in the esti- mate of duties charged und..."
sugar,1850,0,1358,1347,8.7379,True,"proposed duties on sugar, tea, cbc the following resolutions will be proposed in committee of ways and means to-morrow, by the chancellor of the exchequer :- 1. that in lieu ..."
sugar,1850,0,1358,1348,8.7463,True,"proposed duties on sugar, tea, &c the following resolutions will be proposed in committee of ways and means to-morrow, by the chancellor of the exchequer :- 1. that in lieu o..."
sugar,1850,0,1358,1349,8.7751,True,"proposed duties on sugar, tea, &c the following resolutions will be proposed in committee of ways and means to-morrow, by the chancellor of the exchequer :- 1. that in lieu o..."
sugar,1850,0,1358,1351,8.8043,True,"proposed duties on sugar, tea, cbc the following resolutions will be proposed in committee of ways and means to-morrow, by the chancellor of the exchequer :- 1. that in lieu ..."
sugar,1850,0,1358,1352,8.8216,True,"british sugar colonies: mr. j. wilson called the attention of the house to. the effects of the sugar acts of 1846 and 1848 upon the british sugar colonies, and upo..."
sugar,1850,0,1358,1353,8.843,True,"thames. a sugar robbery.—john wyman, a waggoner in the employ of a town carman named geddes, was charged with stealing 1301bs. weight of sugar from a hogshead entrus..."
sugar,1850,0,1358,1354,9.449,True,"malt v. sugar. the present high price of malt, combined with the low value of sugar--31d. the pound—offers an induce- ment to make use of the latter in preference;..."
sugar,1850,0,1358,1355,9.5744,True,"history of the sugar-cane 1n louisiana. some interesting particulars respecting the origin, rice, and progress of the cultivation of the sugar cane in the state of louisi..."
sugar,1850,0,1358,1356,10.1159,True,"sugar duties bill. the new sugar duties bill, as amended, has been printed, and the following is the digest of its provi- sions duties on sugar and molasse..."
sugar,1850,0,1358,1357,10.1603,True,"sugar duties bill. the new sugar duties bill, as amended, has been printed, and the following is the digest of its provi- sions duties on sugar and molasse..."
sugar,1850,0,1358,1358,10.2728,True,england. hops malt lbs. bush. lbs. paper soap... „ spirits .. gals. spirits from the channel islands gals. sugar ewts. beer exported brls. scotland. malt paper soap spirits sugar beer exported ireland
sugar,1850,1,3486,172,3.553,True,"market intelligence. (from the london new price current of this day.) sugar—the public sales announced for next week already comprise 200 hhils barbadoes, 4,000 chests yellow llavannah, 1,400 hhds cub"
sugar,1850,1,3486,368,3.7856,True,when for both and full firai. b wince. a nail —whea sacks an secon not prev restrict* sales effi woe gra advance. dear. f prices la sugar lower fo good to for thee cofre sale sop( tea ct rice i saltp:
sugar,1850,1,3486,423,3.8395,True,"london produce ma rket—ocrous 30. the london colonial produce markets during the week have shown continued heaviness. thre has been little demand for sugar, and the low soft descriptions were wholly n"
sugar,1850,1,3486,474,3.8688,True,"%er reduction took platys in the value dealers operated with caution. we 'to 48.., and fair to good grocery few buyers of crushed sugar, stvoiabg ap+ sad andatles tr rho will reesin .4., iilif to 291."
sugar,1850,1,3486,481,3.8724,True,"second report. sugar —scarcely any bnsiness dons privately, anj parcels in public sales withdrawn. prices cannot be accurately given. coffee —l.l intation ceylon wanted. ..."
sugar,1850,1,3486,501,3.8853,True,"markets. suciam.—tm averege price of brown or muscovado sugar the product of the british powwow.. in armtek* for the week cooly 16, is sjd. per.evi. rnelualee of (hay. lb* anrage pace. of wove or mown"
sugar,1850,1,3486,518,3.8963,True,"london produce subset, august 20. sugar, coma, and tea-little done, bat full rates aaed. ibex was to be obtained at a small decline. tallow dull, at 555. on the spot. lansi:lo ott much want..."
sugar,1850,1,3486,628,3.9955,True,"i ±t* kat iiii i i 9319 2411 cwt.. 14,12 ist,ll 1, 1.... mincesto-lane.—this day. the following. public sales ens advettised for to-morrow. sugar 300 birds. barbsdoes, 4,500 bags bengal and 1,000 bias"
sugar,1850,1,3486,645,4.0043,True,"commercial and markets. mincing lane-this day. sugar continue' dun 1900, boxes of yellow ilavatutale landed; 1,819 bold in publie tale at rather lower prices, 345. to 39a., duty paid; 350 hbds. of cub"
sugar,1850,1,3486,735,4.0704,True,"london produce market, sept. 16. sugar—several transactions. better qualities realise a small advance. common and brown fully as dear. refined much wanted. coffee—duii rates sustained with..."
sugar,1850,1,3486,811,4.123,True,"...t—dzantber 24. the colonial produce markets close this afternoon for the usual christmas holidays, and will not re-open until tuesday, sth jas, 1858. sugar—the trade have at length"
sugar,1850,1,3486,892,4.1918,True,"'second report. sugar dull, and prices declined gd to is, but closed about the same as last friday. the sales of west india for the week amount to 3,829 hhds. refined was ..."
sugar,1850,1,3486,901,4.1964,True,"market in t 7,lltgence. (from the london .new ;wee cm-rent, ju!y 20). sitga il—to-day the wceit india sugar market pre- sruted 4 fi7m aspzet, there. was a good demand especially fi;r grocery i;urp,,,i"
sugar,1850,1,3486,912,4.2086,True,"liverpool weekly produce market, march 19. sugar has been very quiet during the week, owing to holders keeping back. some sales have been made on favourable terms for good qualities. inferior at a d..."
sugar,1850,1,3486,1000,4.2738,True,"111arnel% 81:gar.—the smog. price of brown or muscovado sugar, the produce of the british posesedons in america, for the week ending dec. 0, is 24 a. per owl., exclusive of the duties of customs paid "
sugar,1850,1,3486,1017,4.2887,True,"yesterday's markets, = liverpool produce. colonial, &c.: sugar continues steady, the sales comprising 270 hogsheads demerara at 37s to 41s; 350 bags singapore at 35s 6d to 39s 6d and 2,000 bags guatem"
sugar,1850,1,3486,1032,4.3066,True,"london, sugar.—our market has been very firm since friday, and a fair :.mount of business has been done by private contract at full prizes. coffe n:. no sales of i..."
sugar,1850,1,3486,1047,4.3245,True,"liverpool produce market.—augusr 4. sugar the good refining descriptions have also been in fair demand, the sales comprising 170 hhds. jamaica at 375. 6d. to 41s. 3d., 120 hhds. antigua at 39..."
sugar,1850,1,3486,1132,4.3965,True,"t04,..""-- ""acts for sugar, coffee, cocoa, and tea. department of the comptroller for victualling, somerset house, 6th september, 1855. ,lortio °lumissioners for executing the ..."
sugar,1850,1,3486,1149,4.4085,True,"london produce mlricet„:iii.rcii 15. sugar—arrivals large, and little business at previous rates; refined rather cheaper. coffee quiet, and terms for common easier, tea firm; demand larger; so..."
sugar,1850,1,3486,1280,4.5221,True,"liverpool produce market.-april 19 colonial, &c.: the. sugar market remains quiet, the inquiry being very trivial, and the business is confined to 850 bags bengal at 44s to 47s per cwt, and we have no"
sugar,1850,1,3486,1297,4.5353,True,"markets. literroot., mny 26. sugar so hitch. rorto rico, 365. gd. to 39a. 6d., also two cargoes havana, the is toes of which harp not trso-phed. hoy lanes: 110 lsh. i 11'4 .i.ll.covada..."
sugar,1850,1,3486,1312,4.5463,True,"commercial and markets. mincing-lane.—(this day.) sugar —the market continues active, and as *dams* of 6d. on last week's prices is freely paid, and in strong brows qualities an advance of ls. has bee"
sugar,1850,1,3486,1344,4.5758,True,"from pernambuco ws learn that e commenced is white sugar for native porta at of 2.750 dole. to 2.900 dole. for second to third muscovado for the channel and harbour id tar regular, and at 14r. 3d. for"
sugar,1850,1,3486,1354,4.5852,True,"adjourned sale of sugar estate in the island of st. vincent. upset price reduced to £1,250. there will be sold, by public roup, within the royal exchange sale itootns, glasg..."
sugar,1850,1,3486,1396,4.6295,True,"london producc market, april 16. sugar—fair home and export business at previous rates; refined quiet, and terms easier. coffee dull at a small decline; supply larger. tea dull at former r..."
sugar,1850,1,3486,1399,4.6316,True,"markets sugar —the average rice of sups., the penance of the british poeses‘ions in americo, competed front the return made is the week ending the 7th flay of yap,..."
sugar,1850,1,3486,1403,4.6421,True,"imports at greenock. april 11. arethusa, of glasgow, j. lyon, from trinidad, with 291 mids. 41 gra. 93bria. sugar, 269 puns. molasses, 1 pun. rum. 12. mary, of greenock, r. d. munro, from matanzas, wi"
sugar,1850,1,3486,1404,4.6428,True,"...ket-arm 3 in the colonial produce markets doring the week therehas been an improved feeling, toe late partial inactivity having entirely disappeared. sugar has again a"
sugar,1850,1,3486,1447,4.6809,True,"for bale, by public roup. sale to-mositow. rphe glebe sugar house property, 1 greenock, will be exposed to sale, by public roup, within the tontine inn there, on wednesday, the 27th july inst., at one"
sugar,1850,1,3486,1456,4.6927,True,"london produce market, dec. 11. sugar flatter, at a decline for the week of ls to 2s. sales of west india, 395 lihds —making 1055 for the week. reflned less wanted and rather cheaper. cof..."
sugar,1850,1,3486,1469,4.7029,True,"the beet sugar manowacture. the factory at mountmellick has changed hands 1 ;:etawrltc.o,o7o.:tthe;;;;;;r.u.as- i-a, the tan being valued and, as well as the legal ..."
sugar,1850,1,3486,1482,4.7219,True,"markets. sugar-11w image prise of miss, om widen mw bntislt passassissia d aunties, imputed has the mama audio fa as week mass the 21a jam_ 1161, is 275. 110. pee e..."
sugar,1850,1,3486,1483,4.7244,True,"day. the followings sales are advertised for to-morrow :- sugar 200 wide. demerara, 3000 bags mauritius, 3,000 bags bengal, and 6,000 bags • madras coffee 1,000 bags native ceylon, 70 dal plantation c"
sugar,1850,1,3486,1509,4.7525,True,"liverpool produce market.—avoust 3 we have no'change to notice in sugar 50 hhds. grain demerara, have been sold ex pay, price not reported, and 4,000 bags mauritius, to anave, at 395. 6d.'per cwt. of "
sugar,1850,1,3486,1517,4.7646,True,"mabee2b. sugar.—daring the early part of the month the market visa extremely dull, and prime declined 54. to s.. pr cwt., business being almost eta etandatlll, but ..."
sugar,1850,1,3486,1518,4.7658,True,"mincing lane.-this day. sugar —the market has been steady, but not active. 330 wi,. porto rico acre offered in public sale and above half sold at 31s. to 394. 1,000 box., damaged ..."
sugar,1850,1,3486,1553,4.8038,True,"...s stock., cottage piano-forte, eight- days' clock, pictures, modern silver-plated articles, gold lever watches, show glasses, shop fixtures, valuable sugar mill, scales and weig"
sugar,1850,1,3486,1555,4.8053,True,"markets. si:gail—the average price of sugar, the produce of the thitinh peosenosion in amities, coa.putect from the return"". made in the ere. h mein* the 2nth flat, 1.51, to 240. ijd. per est. ..."
sugar,1850,1,3486,1572,4.8207,True,"for sale, by public roup. iphe glebe sugar house property, _l greenock, will be exposed to sale, by public roup, within the tontine inn there, on wednesday, the 27th july next, at one o'clock ..."
sugar,1850,1,3486,1575,4.824,True,"bristol sugar marke7.—ocr. we c ntinne to oxpefenee a very dill and depressed market for all descriptions of sugar, and tie sal. s of west india are under 150 hhds..."
sugar,1850,1,3486,1601,4.8457,True,"... monday on next, the of 11th inwhom stantm, a ay tconcern one o'clock, at the brokers' office, colonial-buildings, dale-street, 5351 casksbl loaves i sugar, all faults, per"
sugar,1850,1,3486,1602,4.8479,True,"liverpool markets-yesterday. (written expressly for the northern daily times.) sugar has been taken to a fair extent to-day, the palebconi: prising 120 hilds, antigua, at 325. 6d. to 355. 200 bags ben"
sugar,1850,1,3486,1606,4.851,True,"siiip news. maranham, march o.—the tentadora, from pernam- buco 1. the channel (cargo sugar), which pot into this port on the 10th jan. leaky, sobseilisently grounded inude the harbour, has discharged"
sugar,1850,1,3486,1616,4.855,True,"liverpool sugar daily report, feb. 4 .81:oan.—the only sale reported is a small parcel of pernaras for stores at 198 gd per mat. rust.—nothing doing. coerce—about 50..."
sugar,1850,1,3486,1631,4.8765,True,"univers. a few days rgo, we had an opportunity of witues,ing an improved process for making sugar, recently invented and put in operation by mr. u. l'o,empr, civil engineer. at his premises, baxter-ho"
sugar,1850,1,3486,1638,4.8838,True,"liverpool produce market.-fee. 5 sugar there continues a very good market, and stiff prices have been realised 550 bags cossipore are reported, but the price has not transpired, 2,800 bags..."
sugar,1850,1,3486,1683,4.9237,True,"markets. liverpool, march 11. the sales to-tlay ore sugar 7 160 i;his.fenseiara, 27a. ed. to 30s. 110 hlida. jamaica, 30s. 6d. to 31.. 6d. 2,800 bags maur, 234. molasses: 30 puncheons clayed cuba, 12s"
sugar,1850,1,3486,1688,4.9293,True,"...llhearye blel new york, june 4. tveesruyinlietdtl.etohfe iwnetaetrleise; bales same week last year. middling, 132 c. to 13zo continued lair,- and the sugar es:a:es were"
sugar,1850,1,3486,1692,4.9328,True,"latest biarkets. (by elbotric telbgb.apil) london produce market—tuesday. sugar.—good demand; rates is above those current previous to the holydays barbadoes, 52s 6d to 555; mau- ritius, 38s to 52s 6d"
sugar,1850,1,3486,1698,4.9392,True,"the pres s, october 9,1858. contracts for sugar, tea, tobacco, and soap' department of the comptroller for victualling and transport services, somerset house, 29th september, 185 a. riihe commissio..."
sugar,1850,1,3486,1699,4.9395,True,"commercial and markets. mincing-lane.-this dat. the public sugar market will close to-day, and re-open on wednesday next. sugail—there has been a limited quantity only during the three days, and a dec"
sugar,1850,1,3486,1715,4.96,True,"london produce market.—yraregday. refined sugar market-rather quiet, and little done at present -terms. cotton remains,very firm, and extreme prices of last • week paid; about 800 bales sold to-day..."
sugar,1850,1,3486,1723,4.967,True,"mincing-lane.-this day. the public sales declared for to-morrow are-sugar: 300 mids. west india, 3,600 bags of blauritlus, and 2,000 begs bengal. coffee 60 casks j•0141c.11, and 160 casks ceylon. rice"
sugar,1850,1,3486,1724,4.968,True,liverpool produce market.—fen. 18. sugar we hare nti change to notice; 200 hhds grainy demerara are reported at 55s 6d to 56s 9d per cwt. molasses 50 puncheons demerara have realised 26s per...
sugar,1850,1,3486,1729,4.975,True,"london produce market, jan 27. sugar dull, and rather cheaper for all sorts. coffee—prices about the same, although the demand is less and the supply larger. tea—businesi small, and pric..."
sugar,1850,1,3486,1734,4.9788,True,"the liverpool standard, and general commercial. advertiser. prices. sugar dull, and prices slightly in favour of buyers. in rice, a further decline. tea very dull. for palm oil, an improved demand at "
sugar,1850,1,3486,1738,4.984,True,"contracts for wheat, peas, oats, wine, sugar, soap, and lemon juice. • department of the comptroller for victualling and transport services, semerset•place, dec. 24, 1852. •the commissioners for..."
sugar,1850,1,3486,1741,4.986,True,"second report. sugar —west india wanted at full .prices, but supply small; brown, 31s. 6d. to 335. gd. yellow, 345. to 40s. in refined little passing; brown lumps, 465. 6..."
sugar,1850,1,3486,1770,5.0111,True,"mr. r. tars' money was oppressive and land, that. liberal spirit which it .v; jamaica. the sugar-planters are in high spirits, looking for- ward to a large crop, and, )4 .deed, the high price of the c"
sugar,1850,1,3486,1777,5.0219,True,"liverpool produce market. (review for the week ending january 16.) sugar there has been a quiet market, but prices are not materially changed the sales are limited to 400 hhds 8.p., 3,400 bags bengal,"
sugar,1850,1,3486,1799,5.0452,True,"mincing-lane.-this day. sugar consi wing of 12,000 bags mauritius, 6,400 bags bengal, and 6,000 bags penang, are going off readily at rather higher prices. making an advance of 6d..."
sugar,1850,1,3486,1811,5.0564,True,markets. --•-- sugar —me averse. price of brown or st ucooesdo cum the dace of the bma pro ewees in america. for the week ending jan. 15. ike. id. per tin atelueire of th...
sugar,1850,1,3486,1812,5.0578,True,"bristol sug, lb,-jan. 14. a cargo of demerara sugar was brought forward this week, of which only 175 hhds were sold, owing to the stiff rates required by importers. a cargo of mauritius of 500 tons on"
sugar,1850,1,3486,1818,5.0645,True,"yesterday's markets liverpool produce.—colonial, &c. our sugar market remains steady the business comprising-70 hogsheads demerara at 39s 6d 215 bags benares at 46s 330 bags grainy bengal at 48s 3d an"
sugar,1850,1,3486,1819,5.0652,True,"11.15 contract for peas, sugar, tea, and soap. department of the comptroller for victualling and transport services, somerset-place, 20th april, 1854. the commissioners for executi..."
sugar,1850,1,3486,1826,5.0708,True,"london produce market.-july t 6 _ sugar the market continues inactive, and prices are fully 6d lower than last week. refined lumps quoted 683 to 70s, partly nominal. coffee the market remai..."
sugar,1850,1,3486,1828,5.0743,True,"london produce market, feb. 13. sugar firm, and many parcels sold; refined is less wanted, but fully as dear. _ corion sells'readily, and the previous advance fully sustained for ceylon. ..."
sugar,1850,1,3486,1831,5.0796,True,"for sale, by public roup. ip he glebe sugar house property, greenock, will be exposed to sale, by public roup, within the tontine inn there, on wednesday, the 27th july next, at one o'clock (if..."
sugar,1850,1,3486,1835,5.0842,True,"liverpool produce market—nov. 24. sugar we have h;:d a very quiet market. the only sale consisting of 1,200 bags perna.ms, at 20s per cwt., in bond from the quay. molasses, rum, and coffet3..."
sugar,1850,1,3486,1842,5.089,True,"liverpool produce markets, jan. 20. sugar has only been taken to a moderate extent during the week, the sales being confined to 350 hhds plantation, at 325• 3d to 35s 6d for demerara, up to 4..."
sugar,1850,1,3486,1863,5.1118,True,"aiincing-lane.-this day. sugar —we have bad an unusually active and suited market durtng the week; buyers of aii descriptions have been operating largely, sod a further advance rf ..."
sugar,1850,1,3486,1879,5.1231,True,"liverpool prodticei market.-:-feb. 10 sugar we have had a firm market, with a continued good demand at full prices 50 hhds. grainy demerara have realised 55s 2,650 bags benares, 53s to 543 6 1;..."
sugar,1850,1,3486,1882,5.124,True,"contracts for rum,-soap, sugar, pepper, and split peas: department of the comptroller for victualling and transport services, somerset-house, .. 17th december, 1859. the commission..."
sugar,1850,1,3486,1892,5.1347,True,"...he queen was graciously pleased to approve of sir h. max well, of cardoness, bart., being honorary colonel of the galloway rifle regiment of militia. sugar, molasses, and rum. returns were issued on "
sugar,1850,1,3486,1912,5.1543,True,"liverpool produce market.-srpt. 28. ---- sugar —very steady prices c rainue to '‘e realised, and, including saturday's 13;islness, we have to repo t 125 hhls. 275 barrels antigua at 488 to 51s, up..."
sugar,1850,1,3486,1917,5.1587,True,"review of the week. sugar —the demand has revived, and the market during the week has been extremely animated, at gr dually advancing prices, which may now bo quoted 1s 6d to ..."
sugar,1850,1,3486,1919,5.1627,True,"...he queen was graciously pleased to approve of sir h. max well, of cardoness, bart., being honorary colonel of the galloway rifle regiment of militia. sugar, molasses, and rum. returns were issued on "
sugar,1850,1,3486,1925,5.1716,True,"yesterday's markets liverpool produce.-colonial, &c the business in sugar is confined to 500 bags dates at 428, and 88 cases 1,520 bags bahia, part at 25s to 27s per cwt, for yellow to low white. ther"
sugar,1850,1,3486,1928,5.1767,True,"london produce m&rret, niarcii 11. sugar—a fair business at full prices, with moderate supply. coffee in less demand; plantation ceylon rather lower; native 60s to 625. tea inactive; sound c..."
sugar,1850,1,3486,1930,5.1779,True,"sugar averages the average price of brown or muscavado sugar, from british north america, computed/from the week ending the bth day of march, 1859, is 28s ..."
sugar,1850,1,3486,1943,5.1911,True,"stocks. 1853. november 1. 1854. 1855. cotton, in u. kingdom (bales) 903,000 805,150 541,500 sugar, in do. (tons) 114,000 160,000 75,000 do., on the continent 31,000 44,000 20,400 tea, in u.kingdom (1b"
sugar,1850,1,3486,1949,5.1973,True,"greenock sugar exchange, san. 7. in sugar there was a good demand at firmer prices. the value may be quoted as under—brown. 465; good yellow, 50s white, 545; fine w..."
sugar,1850,1,3486,1950,5.2035,True,"london produce tunitet, aufirst 22. sugar—market stiff for colonial and foreign, ntil many buyers. refined a free sale. brown lumps 47e. 6d. low to fine grocery 48s. to 525. coffee firm,but l..."
sugar,1850,1,3486,1957,5.2178,True,"second report. _ sugar elni firmly, with a fair demand. sale; of west india 215 mids., making 983 for the week. refined brings full prima. brown lumps 633 641. coffee not m..."
sugar,1850,1,3486,1970,5.2316,True,"adjoijkned sale sugar estate in the island of st. vincent. upset price reduced to £l,ooo. on wednesday, the 17th day of october next, by pub le roup, at two o'clock aftern..."
sugar,1850,1,3486,1971,5.2344,True,"mincing-lane.-this day. bcohn.—thia character of the sugar market has i.een th►t of steadiness during the week, and general quotations have been about sustained, with a fair amount of business done, i"
sugar,1850,1,3486,1979,5.2413,True,"colonial. sugar —there is not so much offering, and prices are well supported. the quantity of british plantation landed last week at the east and west india docks, ..."
sugar,1850,1,3486,1981,5.242,True,"oatilets. liverpool produce market, oct. 31. sugar nothwithstanding the sales this we have been ex tensive, the demand has been so freely met by hollers tha prices have again given way about 6d. per c"
sugar,1850,1,3486,1988,5.2505,True,"markets sugar —the average price of sugar, the produce of the irtter""lcalle aameat comptved from the warns suede to the ragbag the 14th stay et may, me, le 23e. ai..."
sugar,1850,1,3486,1992,5.2541,True,"liverpool produce market.-july 14 sugar we have had rather more doing, and full prices have been realised, the business comprising 60 hhds. bar badoes at 37s 6d to 455, 20 hhds. antigua at ..."
sugar,1850,1,3486,1995,5.2568,True,"liverpool produce market.—nov. 4 sugar remains very firm, and full rates have been paid the sales consist of 30 hhds st. lucia at 47s to 48s 6d, a small lot of madras at 41s 6d from the qu..."
sugar,1850,1,3486,2016,5.2781,True,"11.15 contract for peas, sugar, tea, and soap. department of the comptroller for victualling and transport services, somerset-place, 20th april, 1854. the commissioners for executi..."
sugar,1850,1,3486,2020,5.2818,True,"liverpool produce market.-jan. 22. sugar there continues a good enquiry, with a very firm market the business comprises 250 bags bengal at 525, 100 bags cossipore at 565, 300 bags madras to ..."
sugar,1850,1,3486,2024,5.2866,True,"aqatit ets. liverpool produce market, july 25. sugar there has again been a good inquiry, and as holders have submitted to rather lower rates, the sales amount to 800 hhds. b.p. and 6000 bags of benga"
sugar,1850,1,3486,2028,5.292,True,"our quotations now are 3/. 2s. 6d. to 3/. ss. for sugar to london. china markets. shanghae, sett: 16. black teas.—about 80 chops of congous have been settled since-our last (july 30), at 11 to 12 tale"
sugar,1850,1,3486,2032,5.2933,True,"contracts for wheat, peas, oats, wine, sugar, soap, and lemon juice. department of the comptroller for victualling and transport services, somerset-place, dec. 24, 1852. the commissioners for ex..."
sugar,1850,1,3486,2035,5.2974,True,"latest markets.. (by electric telegrappff.) london produce maricet—tomm,ty. sugar: supply not large, but demand being limited, prices declined 6cl to le; scarcely any alteration, however, itt valise o"
sugar,1850,1,3486,2039,5.3066,True,"london produce market. -dec 8. the following sales are advertised for to-morrow:— sugar 200 hhds barbadoes, 8,000 bags of mauritius, and 4,500 bags bengal. coffee 400 casks and 500 bags ceylon. _ rice"
sugar,1850,1,3486,2059,5.3286,True,"liverpool produce market.-fee. 5 sugar there continues a very good market, and stiff prices have been realised 550 bags cossipore are reported, but the price has not transpired, 2,800 bags..."
sugar,1850,1,3486,2073,5.3419,True,"contracts for wheat, peas, oats, wine, sugar, soap, and lemon juice. • department of the comptroller for victualling and transport services, semerset•place, dec. 24, 1852. •the commissioners for..."
sugar,1850,1,3486,2083,5.3569,True,"riuntol markets, mat is the sugar market continues extremely firm, and %aimed rates have again been:established for all des, ,p. lions tie transactions since our last comprise 500 toi..."
sugar,1850,1,3486,2090,5.3593,True,"aarkets. liverpool produce market, dec. 12 sugar holders having given way about 6d. per cwt. in prices, both grocers and refiners have come freely into the mar- ket, and the sales are in consequence..."
sugar,1850,1,3486,2096,5.3648,True,"contracts .for sugar, soap, tea, and oats. • • department of the comptroller for victualling, somerset house, 19th july, 1855. :the commissioners for executing the office..."
sugar,1850,1,3486,2100,5.3685,True,"london, thursday evening, october 5, 1854. freights here. sugar is now taken at 11. 10s. a ton in place of 61. to 61., which were within six months the ruling rates."" in st. lucia the cholera was some"
sugar,1850,1,3486,2101,5.3687,True,"yesterday's markets liverpool produce. colonial, &c.—our sugar market re- mains inactive, the sales being confined to 100 hogsheads demerara, at 40s 6d to 425, up to 45s and 45s 3d for grainy 50 hogsh"
sugar,1850,1,3486,2104,5.3707,True,"markets. ltverpool orr. 1. the sales to-day are sugar 2,700 bags bengal, 265. w. for low white. and 17e. gd. to 30e. w. for brown to low yel- low date. ;80 hbda. and go brio. porto rico, 35e. &i. to 3"
sugar,1850,1,3486,2107,5.3722,True,"liverpool produce market.--dec. 19. sugar we continue to have a quiet marzet, and only 550 bags benares sold at 53s per cwt. molasses, rum, and coffee nothing has occurred. rice: of 4,000 bag..."
sugar,1850,1,3486,2108,5.3728,True,"gordon, latest markets. (by blisctric telboraph.i london produce market—tossuat. sugar firm, several paroele sold, refined quiet; low lumps 70s. coff.e fully as dear; demand good, fine clean native ce"
sugar,1850,1,3486,2109,5.3762,True,"colonial. tea.—the market is steady, but with a limited de- mand. sugar —fall rates have generally been obtained, but the public sales now in progress will better decide the state of the market. there"
sugar,1850,1,3486,2115,5.3809,True,"immo/ )(mulcts, oct. 20. the sugar market continues very dull, although there has been rather more inquiry the last few days, panic'. lady for \vest india descriptions suitable for the..."
sugar,1850,1,3486,2125,5.389,True,"london produce market.-april 1 sugar only a moderate quantity was brought to auc-1 tion. the demand] was pretty good, and grainy bengal held at an advance of 6d per cwt. 1,965 bags benga..."
sugar,1850,1,3486,2128,5.3899,True,"greenock sugar exchange, san. 7. in sugar there was a good demand at firmer prices. the value may be quoted as under—brown. 465; good yellow, 50s white, 545; fine w..."
sugar,1850,1,3486,2140,5.4045,True,"colonial. sugar --there is not much doing, exporters and the home trade beizig cautious and reluctant to buy. a cargo of yellow havana, afloat, has been sold for a n..."
sugar,1850,1,3486,2143,5.4104,True,"sugar.—on friday the british plantatioi t sugar mar- ket closed with a dull appearance, and the prices accepted were 6d. per owt. under last friday for bot..."
sugar,1850,1,3486,2150,5.4153,True,"liverpool produce markets, jan. 27 sugar has been taken to a fair extent during the week, and the market closes rather firm. the sales embrace 900 hhds plantation, chiefly demerara, at 32s t..."
sugar,1850,1,3486,2162,5.4299,True,"liverpool produce market.- 17. sugar we have no altefatiori to notice 750 bags benares have been taken at 53s to 53s 6d, and 60 cases, 400 bags bahia at 34s 6cl per cwt in bond. molasses..."
sugar,1850,1,3486,2167,5.4327,True,"london produce market, feb. 3. sugar firm. several transactions. supply moderate. good demand for refined. low lumps not obtainable under 58s. coerce—fair trade. plantation ceylon fully ..."
sugar,1850,1,3486,2174,5.4414,True,"liverpool produce market.-ljan. 19 sugar we have had rather more inquiry for the better descriptions, the sales, including saturday's taisiness, comprising, 850 bags benares, part for export..."
sugar,1850,1,3486,2181,5.4492,True,"mincing-lane.-this day. sugar —the market opened with great animation, and large purchases were made prior to the commencement of the public sales, and prices are about is. higher..."
sugar,1850,1,3486,2187,5.4563,True,"london produce market, mat 13. sugar inact:re, and prices 6d to is lower; only 200 11lids. west india sold. coffee—demand increasing; 200 casks plantation ceylon sold at is to is 6d adva..."
sugar,1850,1,3486,2189,5.4589,True,"london produce market.—avoust 3. sugar we are without transactions of importance to report since friday. tea the news received by the letters from china, confirming the report that the shi..."
sugar,1850,1,3486,2206,5.4741,True,"commercial and markets. meicing-lane.-this day. the sugar market remains quiet, at yesterday's prices. correa.—the result of the dutch sale has improved the tone of the market, and there arc buyers of"
sugar,1850,1,3486,2210,5.4756,True,"green''ck sugar niarket.-sept. 10. in crushed sucar there has been a fair bminess done to-day, at late prizes. sales of tren e were n ade at 194 to 19s 3d, and syl u..."
sugar,1850,1,3486,2214,5.4813,True,"london produce market, august 14. sugar business small, and rates rather lower. coffee—fair demand; full prices paid for costa rica and plantation ceylon. tea quiet, but not cheaper. mtpeti..."
sugar,1850,1,3486,2220,5.4859,True,"mincing-lane.-trib day. the following eh& sales ere averting far to-marrow sugar 700rapbesy wed wi% 6000 bap mauritius. 8,000 bags bengal, and 1,600 begs madras. coffee: 600 casks ceylos. cocoa: 350 b"
sugar,1850,1,3486,2222,5.4892,True,"scotland. gebenock.—a large importation of sugar to this port has taken place this week. the hermione has arrived front mauritius with 9000 bags, while the asia from batavia has 30,000 bags on board..."
sugar,1850,1,3486,2230,5.5048,True,"mincing-lang -this day. the following publie sides are advertised for to-morrow:— sugar 300 hhds. barbadoes and 2,800 bags mauritius. 200 casks ceylon, 160 bags rio, 60 balsa mocha, and 460 bags malab"
sugar,1850,1,3486,2236,5.5148,True,"mincing-lane,-this day. the following public sales see advertised for to-morrow sugar 3.10 mids. barbadoes, 4,000 bags of mauritius, and 600 bags brazil. coffee 200 casks plantation ceylon, and 1,200 "
sugar,1850,1,3486,2239,5.5194,True,"liverpool produce marbet.-may 19. sugar —thsre continues a good enquiry, and rather higher prices have boen realised 20 hhds jamaica have been sold, but the price is not reported 1,300 bags..."
sugar,1850,1,3486,2262,5.5463,True,"colonial tea —the market is firm but quiet, and previous rates aro fully supported. sugar ---the --the dullness in this muket continues and only- a faw small parcels have bson di.posed of by private c"
sugar,1850,1,3486,2287,5.5767,True,"liverpool produce market, july 21. the demand for sugar has become revived, and large business has been done at full prices. molabbllb—nothing new has transpired. rum-150 puncheons of jainahm and 40 p"
sugar,1850,1,3486,2290,5.5799,True,"price of sugar. the average price of brown or muscovado sugar, com- puted from returns made in the week ending october 19, 1852, exclusive of customs duties paid or..."
sugar,1850,1,3486,2298,5.595,True,"adjourned sale sugar estate in the island of st, vincent. upset price reduced to 11,000. on wednesday, the 17th day of october next, by public hoop, at two o'ciock aftern..."
sugar,1850,1,3486,2302,5.5969,True,"london. sugar the market has opened with a steady appear.. ance, and the large public sales are progressing without showing any material alteration in prices. the ..."
sugar,1850,1,3486,2314,5.6091,True,"london produce market, may 4. sugar firm, and a good business done; refined wanted. in foreign farthe'r transactions in floating cargoes have taken place at full prices. coffee not high..."
sugar,1850,1,3486,2320,5.6141,True,"review of the weer. sugar the market has been very flit, and a further decline of is per cwt must be quoted, but towards the close of the week a somewhat firmer tone is observ..."
sugar,1850,1,3486,2325,5.6249,True,"their dissatisfaction at the latest finding succetsor. december. dens e,, '.128 12 9 the tim e i tamely and heavily i the market for sugar during the past manchest of the demand having london qua, -ms"
sugar,1850,1,3486,2334,5.6342,True,"second report. sugar —west india wanted at full .prices, but supply small; brown, 31s. 6d. to 335. gd. yellow, 345. to 40s. in refined little passing; brown lumps, 465. 6..."
sugar,1850,1,3486,2335,5.6363,True,"....—this was a case tried in the court of common pleas, on tuesday. the plaintiff was a widow, about forty years of age, and the defendant was a german sugar"
sugar,1850,1,3486,2346,5.6483,True,"hhintol marred% march 18 the market has been rather inanimate for sugar this week, owing chiefly to the small supplies offering, either on the spot or to arrive; the demand, however, is very good, and"
sugar,1850,1,3486,2353,5.6544,True,"london produce market, oct. 30. sugar inactive; prices is to 2s below last friday. sales of west india, 137 lihds., making 1,036 for the week. refined more in demand. plantation ceylon fu..."
sugar,1850,1,3486,2360,5.6596,True,"liverpool produce market.-april 29, sugar —the market continues strorg, the business crm rising a small lot cf barbadoes at 595, 1,503 b gs ceara are reported at 36s to 43s (in bond); a cargo..."
sugar,1850,1,3486,2367,5.6709,True,"lo \toon. sugar the • market has a steady appearance the public sales of foreign are rather large today. a cargo of havana, no. h, sold afloat for denmark at 355. re..."
sugar,1850,1,3486,2371,5.6758,True,"and refining of sugar. mr. il banamer, the investor of a series of ha- proved megblana *sr economising the various penmen outplayed in mpg manufactures, and increasing the..."
sugar,1850,1,3486,2375,5.6792,True,liverpool produce marxet.—oct. 28. sugar the market continues to be freely supplied and previous rates to be realised the sales comprise 400 hhds. indirect cuba muscovado at 39; 6(4 and 80 c...
sugar,1850,1,3486,2377,5.6821,True,"vontracts for wheat, peas, oa.ts, x_.j wine, sugar, soap, and lemon juice. department of the comptroller for victualling and transport services, somerset-place, dee. 24, 1552. the commission,rs tor ex"
sugar,1850,1,3486,2379,5.6853,True,"irish beet sugar company. the first armlet general meeting of the share- holders of this company was held on monday, at the offices of the company, 4, coleman-street-..."
sugar,1850,1,3486,2380,5.6861,True,"liverpool produce markets—ja9z. 13. sugar continues in .good demand, and the market is very firm. the transactions for the week consist of fully 700 hhds plantation, at 35s to 38s gd for barb..."
sugar,1850,1,3486,2381,5.6862,True,"7. briscoe's new hall, 41, oldhall.street to iron alanufacturers, ship builders, engineers, iron founders, owners of iron ships and steamers, sugar refiners, zinc manu- facturers, paper makers, calico"
sugar,1850,1,3486,2385,5.6907,True,"... thr valuable ii ousehold furniture. the groceries comprise 3 casks of vinegar; chest of soap; 10 cheeses; composite and other candles raisins, figs, sugar, cigars several can. isters of snuff; tr"
sugar,1850,1,3486,2393,5.698,True,"liverpool produce market.—nov. 3 sugar there continues a good demand, and extreme rates have been paid for refining descriptions the sales comprise 200 hhds st. lucia at 475, 550 bags date..."
sugar,1850,1,3486,2394,5.6984,True,"contracts for peas, sugar, tea, departme tnt of th e cobacco, omptroller f soap, and or vic viegar. and services, somerset•place, august uallin g 12, 1852 transport. the commi..."
sugar,1850,1,3486,2396,5.7006,True,"liverpool produce market.—dec. 17. sugar we have no change to notice, the market still being very inactive the sales are confined to 250 bags of benares at 53s 6d per cwt. molasses or plum: ..."
sugar,1850,1,3486,2399,5.7046,True,"london produce market.-oct• 1. sugar ,—the large public a'es are proires.ing heavily, and the article has a very dull appearance far all qualitiea, except go ,d and fine c,nsuming qualit..."
sugar,1850,1,3486,2400,5.7059,True,"had day. /he exception grain ow indian liverpool trade repo] there has been less disposition to pa sugar this week, and the sales compri previous rates; 4,000 bags bengal at mats mauritius to a refine"
sugar,1850,1,3486,2401,5.708,True,"dri6tol. market/i. jan. 14. _ the sugar market has been rather quiet this wed, and the transactions in west india are confined to about 200 casks, at fully former prices. no sales are repor..."
sugar,1850,1,3486,2402,5.708,True,"commercial intelligence. (from w. comm! 4- co.', monthly circular, dated glasyo4o, noy. 30.) our sugar market opened under the influence of strong excitement, from the rapid and continuance ad- vance "
sugar,1850,1,3486,2409,5.7164,True,"liverpool produce market.-dec. 9. the sugar market is firm, and .the sales reported are at fall prices, comprising 350 hlids. st. lucia at ass, 1,000 mats bourbon chiefly at .35s gd, and 4,350 ..."
sugar,1850,1,3486,2413,5.7217,True,"bristol sugar barret, larch 15. the sales of the week comprise 150 hlids. west indian and 9,000 mats of mauritius, at easier rates. the supply of all de- scription..."
sugar,1850,1,3486,2415,5.7222,True,"liverpool produce market.—nov. 18 sugar there is no change in our market, which con- tinues quiet, and the sales are confined to 550 bags yellow cossipore, at 54s 6d per cwt. mor.asses, rum..."
sugar,1850,1,3486,2416,5.7239,True,"liverpool produce market.-juvz 20 sugar the transactions are confined to west india descriptions, of which $o bids. jamaica hive been sold at 53s 6d to 55- 61; 70 hhds, antiaut at 53s 91 to..."
sugar,1850,1,3486,2421,5.7285,True,"liverpool produce market.—nar. 3 sugar —our produce markets generally continue to wear a very inactive appearance, and the sales are con- fined to a small lot of an•igua at 4s 63 per cwt.,..."
sugar,1850,1,3486,2422,5.7309,True,"liverpool produce market.-oa. 19. sugar with the exception of grocery descriptions, the demand condones extremely limi.ed, and we have only to report 25 hhds barbaloes at 50s 6d 2,000 bags ..."
sugar,1850,1,3486,2436,5.74,True,"--- .....--...------- of 1 bristol sugar market, sept. 13.---the sales 1.1 • t',e ?.-e k are limited 1) about 200 hhds west wilily of ..s hich have been sold without a satnple, 63 per cwt ab..."
sugar,1850,1,3486,2441,5.7462,True,"sugar refinery, poulton-cum-seacombe. on sale, by private treaty, a piece of land, in the township of poulton-cum-seacombe, in the parish of wallasey, cont..."
sugar,1850,1,3486,2445,5.7518,True,"the sugar debate. (from the standard of saturday.) the speakers on sir e. buxton's motion were besides the honourable mover, mr. evans the seconder, mr. joseph..."
sugar,1850,1,3486,2456,5.7743,True,"bri,sa7ol si7,gar-jan. 14. a cargo of deme ia sugar was brought forward this week, of which only 17.5 hhds were sold, owing to the stiff rates required by hill )or. ters. a cargo of mauritius of 500 t"
sugar,1850,1,3486,2460,5.7763,True,"dr. scoffern's pat en t. to the editor of the sun. sit,—the question of manufacturing and refining sugar by the process discovered and patented by dr. scoffern is one of so momentous a character to th"
sugar,1850,1,3486,2470,5.7914,True,"bristol sugar-may 5. there has been a much better inquiry for sugar this week, and nearly everything offering (consisting of about 350 hhd..) has b3eu sold at from..."
sugar,1850,1,3486,2471,5.7924,True,when for both and full firai. b wince. a nail —whea sacks an secon not prev restrict* sales effi woe gra advance. dear. f prices la sugar lower fo good to for thee cofre sale sop( tea ct rice i saltp:
sugar,1850,1,3486,2479,5.8009,True,"bristol. sugar markst, it7licst 15. there has been a brisk demand for all descriptions of sugar, and everything offering has been taken off at very full prices. in ..."
sugar,1850,1,3486,2482,5.8056,True,"london sugar the market has opened with an upward tendency, and rather higher prices have been paid in the private contract market. the public sales are progres- ..."
sugar,1850,1,3486,2483,5.8058,True,of sugars formerly cost in high times 9c. per lb. to ship them. wbieky—sales of about 200 ws. were mule at 20ie to 214 e. wool—we have no new feature to notic...
sugar,1850,1,3486,2485,5.8066,True,"london produce market, ji*lt 20 sugar in limited supply, and ready buyers of colonial and foreign at full rates. refined sells freely. coffee stiff. native ceylon, 461 to 495. 6j.; washed..."
sugar,1850,1,3486,2487,5.8092,True,"llverpool produce market.-aug. 14. sugar the market continues flit, and the sales are confine i to 60 hills trinidad at 473 61 to 493 61 per cwt, an 1 2,000 bags bombay, of which the price i..."
sugar,1850,1,3486,2493,5.813,True,_liverpool produce mazicet-ty. ----• sugar market uitkont change—iittle doin • coffee: spirited competition for ceylon offered by auction this rnornirg. moo market continues goodt liverpool co...
sugar,1850,1,3486,2498,5.8222,True,"liverpool produce market.-jury 20. sugar a better tone has prevailed in the market generally there has been some little inquiry on specula- tion, and but little offering at the recent declin..."
sugar,1850,1,3486,2501,5.8264,True,"london produce market. 11. the following public sales are declared for to-morrow:— sugar 230 hhds of west india, 16,000 bags mauritius, and 1,000 bags bengal. coffee': 160 fraaels mocha. salt- petre 3"
sugar,1850,1,3486,2505,5.8289,True,"further advance in the price or sugar.—the continued advance in the value of immense quantity of seized goods all descriptions of sugar, compels the grocers to add another halfpenny per l..."
sugar,1850,1,3486,2514,5.8415,True,"london produce market.-july 14. sugar active. coffee market steady, and for fine qualities of planta- tion ceylon full up. tea quiet but firm, business done in common congou yesterday at ..."
sugar,1850,1,3486,2523,5.8531,True,"london produce market. -jan. 30. sugar we have had a very active market during the week, and a very large amount of business in all descrip- tions has been done and prices are now fully is..."
sugar,1850,1,3486,2526,5.8564,True,"bristol markets. 7,1,111c11 4. the sugar market has been quiet this week, owing to the small quantity offering, but prices have been firmly supported in the few sales effected since our last..."
sugar,1850,1,3486,2531,5.8655,True,"..., six o'clock. tattersall's.—(this evening.) chester cup. 1000 to 15 agst bold bumleech derby. bto 1 agst wentworth 10 to 1 agst coroner 40 to 1 agst sugar plum spain. we have r"
sugar,1850,1,3486,2539,5.8733,True,"liverpool produce market.-march 19. sugar we have no alteration to notice in the state of our market 35 hhds demerara have brought 50s 9d, 1,000 bags dates, to arrive, 52s duty paid, 3.300 ba..."
sugar,1850,1,3486,2541,5.8738,True,"igarhets. liverpool produce market. fhb. 27. sugar there continues a good demand from the refiners, at the prices of last week, and the transactions consist of 1150 hhds. 8.8.. 3000 bags bengal, chief"
sugar,1850,1,3486,2545,5.8766,True,"london produce market, jan. 8. sugar quiet. large parcels c,ffering. common rather lower. coffee—plantation ceylon less wanted, and rather cheaper. native quiet at 478 to his. tea—mach b..."
sugar,1850,1,3486,2546,5.8781,True,"bristol sugar-mat 27. we have bad a good demand for sugar this weak, and rates have advanced fully is per cwt., at which nearly all the stocks ready for market, co..."
sugar,1850,1,3486,2550,5.8797,True,"london produce market.-yesterday, in refined sugar the supply of home goods was small and prices firm, with ready buyers. brown grocery lumps realized 495. 6d. to 50s. per cwt. british crushed met mor"
sugar,1850,1,3486,2553,5.8848,True,"oi ;p. 8ai1...: .57 i ioli cicjiltm) ----- the following public sales are advertised for to•morrow sugar 3:;0 lha.. west india. 2,500 bags 'mauritius, 2,000 bags denim!, and 1,000 bogs madras. l'offoe"
sugar,1850,1,3486,2556,5.8924,True,"colonial. tel —the market is firm. no transactions, however, of any importance have been reported. common congou is quoted 191,1 to .1.0 d per lb. sugar —there has been only a moderate amount of bu,i-"
sugar,1850,1,3486,2558,5.8979,True,sugar dutiis. mr. t. hanrelzawl;:tim;s7there was any truth la a report which had appeared to the limes newspaper to the effect that government contemplated...
sugar,1850,1,3486,2559,5.8985,True,"london produce market, april 23. liverpool weekly produce market, april 23. sugar —the market has been quiet during the week, without much change in prices, and where sales had to be effected quotatio"
sugar,1850,1,3486,2563,5.9037,True,"130 4960 605 270 25 16100 & 3190 brlfi produce market. sugar foreign quiet, and rather cheaper. refine d—; home dealers cautious brown lumps, 445. 6d. to 40. coffee dull dative ceylon, 465. to 47s.—te"
sugar,1850,1,3486,2564,5.9051,True,"liverpool produce market, sept. 10. -- --- sugar very steady, and higher price' demanded. saturday's rates were refuged on hoard for barhadues. rice dull, coffee dearer, and much wanted. secand repo..."
sugar,1850,1,3486,2567,5.9082,True,"iflarlets. liverpool produce market, september 5. sugar :-the market continues very quiet, the sales being confined to 400 lihds. b. p. and 5000 bags bengal, at moderate prices.-foreign: the inquiry c"
sugar,1850,1,3486,2571,5.9138,True,"mincing-lane.-this dat. the sugar sales are progressing &evil', but last week's prices are sustained, as the importers refuse to submit to a decline, and a large portion has been boug..."
sugar,1850,1,3486,2572,5.9154,True,"liverpool produce market.-dec. 16. sugar the market continues firm, but the transactions are confined to a small lot of grainy demerara at 465. per cwt. molasses and rum a further 'parcel of..."
sugar,1850,1,3486,2574,5.9195,True,"liverpool produce market.—dsc. 8. sugar there was a large business done on satur- day, at extreme prices we have to report 35 hhds antigua at 525, 2.050 bars bengal, at 51s for dates for ex..."
sugar,1850,1,3486,2575,5.9196,True,"liverpool produce market, june 20. sugar the market remains without change, and the sales consist of soo hhds. b. p., 2700 bags bengal, 500 madras, and a small lot of mauritius. at last week..."
sugar,1850,1,3486,2577,5.9229,True,"sugar wheat .. .•• peas -•-- tens. a hen to be de'ivered. 100 half of each in two weeks, and quarters. the remainder in two weeks 3,000 afterwards, or earl..."
sugar,1850,1,3486,2578,5.9241,True,"liverpool produce market.-fee. 24 sugar the market is steady, and previous rates are fully supported 440 bags benares have 'realised ms 3d, 1,800 bags pernam and 2,200 bags paraiba 34s 6d, ..."
sugar,1850,1,3486,2581,5.9295,True,"london produce market, june 26. • sugar quiet, but fun prices paid. sales for the week run 1,100 midi. refined dull aud declioing; brows lumps, 68a 6d to 695. coffee much in request, and re..."
sugar,1850,1,3486,2582,5.9332,True,"british sugar colonies: mr. j. wilson called the attention of the house to. the effects of the sugar acts of 1846 and 1848 upon the british sugar colonies, and upo..."
sugar,1850,1,3486,2583,5.934,True,"the liverpool standard, and general commercial advertiser. sugar prom new orleans.—the new orleans price current announces that 1,000 hogsheads of sugar had been shipped at that port for liverpool—the"
sugar,1850,1,3486,2585,5.9353,True,"bristol sugar karim, nov. 12. about 250 hhds. and tierces of demeraras and bar- badoes have been disposed of since last, at barely pre- vious rates. the refined ma..."
sugar,1850,1,3486,2597,5.959,True,"mincing lane.-this day. the following wee ars advertised for to-meow:— sugar 560 bbd. welt hats, 600 bp minaritine, 6,000 bass mosey madras, sad 700 bap piaui; wee: 1.400 bales and half-balsa of media"
sugar,1850,1,3486,2598,5.9608,True,"to iron manufacturers, ship builders, engineers, iron founders, owners of iron ships and steamers, sugar refiners, zinc manu- facturers, paper makers, calico ,printers, manufacturers of mirrors, build"
sugar,1850,1,3486,2599,5.9618,True,"london produce market.-april 6. t 17.0 following sales are advertised for to morrow sugar 300 hills of west india, 18,000 bags of mauritius, 5.500 bags of ilengal, and 6,500 bags of madras. ccffee 00 "
sugar,1850,1,3486,2600,5.9621,True,"liverpool produce market, nov. 7. sugar in consequence of holders having again submitted to a decline of fully .to ls. per cwt. upon all excepting the finer descriptions, the salsa have rea..."
sugar,1850,1,3486,2602,5.9654,True,"liverpool produc market.—marcri 20. sugar the market continues unchanged the sales consist of 1,000 bags yellow bengal to arrive at 50s, 1,400 bags comptah (bombay) at 40s, 1,00,0 mats low ma..."
sugar,1850,1,3486,2604,5.9702,True,"london the following public sales are declare i fur tomorrow, vit• sugar 60) hlfis of west in :la 14,000 bags mauritius and 100 04' bengal. coffee 400 casks ceylon, and 3,000 bag', costa rv' rice: 1,3"
sugar,1850,1,3486,2607,5.9722,True,"liverpool london sugar we have had a very good demand during the week, and a fair amount of general business done, including three floating cargoes, at fully 6d advance on ..."
sugar,1850,1,3486,2610,5.9779,True,"corner of great charlotte•street, liverpool. to iron manufacturers, ship builders, engineers, iron founders, owners of iron ships and steamers, sugar refiners, zinc manu- facturers, paper makers, cali"
sugar,1850,1,3486,2611,5.9784,True,"london produce market-may 16, sugar quiet. coffee flat. tea :at public sales there was more disposition to purchase, and the rates are about the same as last week. rice market firm, abo..."
sugar,1850,1,3486,2612,5.9789,True,"mincing-lane.-this day. saris —this article remtainsme ell;lre; mt the public sale today of 2,400 boxes yellow hannah sugar were all bought in by the imparters, as buyers did not seem dimmed to glee t"
sugar,1850,1,3486,2621,5.9932,True,"sugar rouse for 8) unit pima very mum reduce] to be sold, by public hoop, within the royal rooms, glasgow, upon wednesday, the 30th curt., at two &clock r...."
sugar,1850,1,3486,2623,5.9937,True,",a!•tcers ouce. t, jan. ""hare has beenliverpool onlyp ar moderate mark demaned for a 1123 kinds of sugar dur,,7 hhda. t -"",1• and 4 500 mats of mauritius, including b. p„ 3,003 bags the past week, and"
sugar,1850,1,3486,2632,6.0012,True,"commercial. on 'change, sugar and c-offee quiet. srles of rico 10,000 bags at stiffer prices; of cotton, 1,000 bales at extreme rates. other articles dull. tallow g 236,1 on the s..."
sugar,1850,1,3486,2634,6.0028,True,"important news i free trade in all descriptions of sugar. swinden ix co., 45 and 47, jamaica strut. in re-opening their newly fitted premises, hare re- solved to discountenance the unjustifiable pract"
sugar,1850,1,3486,2648,6.0187,True,"to be perfect. for instance, he could not believe that that great man could ever have intended so to arrange the duties on sugar that foreigners should send into this country refined sugar at a price "
sugar,1850,1,3486,2649,6.0212,True,"liverpool produce market.-july 21: sugar the business is limited to 30 hhds grainy demerara at 61s, and 50 hhds antigua at 53s 61 to ms 6d per cwt. molasses or rum no transactions to notice...."
sugar,1850,1,3486,2650,6.0218,True,"t 9s to 9 pet ciaait•-; iatrts, ,as to 4s. floating grain:: sellers do, not name apriee lonmy produce market.---mat 2. sugar and cit;fce; qniet. tea, ,flat; 'sellers desirous of selling at present rat"
sugar,1850,1,3486,2656,6.0246,True,"liverpool produce market.--111ancif 25 sugar the only transaction reported consists of 270 bags benares for export at 57s 6d per cwt (17s 6d duty), and in general produce there is little passing..."
sugar,1850,1,3486,2659,6.0259,True,"green'ck sugar niarket.-sfyr. 25. refiners are willing to bay raw s igen at late rates, but holders asked an advanc.i oc 6d. crusted sugar is quoted at 54i to 593, ..."
sugar,1850,1,3486,2662,6.0303,True,"corner of great charlotte•street, liverpool. to iron manufacturers, ship builders, engineers, iron founders, owners of iron ships and steamers, sugar refiners, zinc manu- facturers, paper makers, cali"
sugar,1850,1,3486,2663,6.0303,True,"increase £13,144 8 1 the increase has been caused by the improvement in the sugar refining trade. robbery of £sl.—yesterday afternoon, while a clerk in the employment of a firm in town was proceeding "
sugar,1850,1,3486,2664,6.0309,True,"crow d whieb t eatbusiaseie a, yesterday m tt, amidst ern 1 arrivad there publication ot prussian rebi- • emparor to ceesslon sugar quality left ordeant have all and tipon the • danube, in the t 1w.4."
sugar,1850,1,3486,2678,6.0602,True,"liverpool market s.—yesterdat (written expressly for the northern daily times.) e sugar continues in fair request for refining purposes, t!io sales reported to-day comprising 70 hhds jamaica, at 335'1"
sugar,1850,1,3486,2680,6.0642,True,"...nglo-french alliance sauce. stivens's universal sauce. stivens's original green ginger wine. h manitpactiiilli, and ~..11 dv w. and e. cooper, wilder sugar howe, rms... --..--- ti"
sugar,1850,1,3486,2683,6.0661,True,"sugar wheat .. .•• peas -•-- tens. a hen to be de'ivered. 100 half of each in two weeks, and quarters. the remainder in two weeks 3,000 afterwards, or earl..."
sugar,1850,1,3486,2684,6.0671,True,"average price of sugar the average price of brown or muscovado sugar, com- puted from returns made iu the week ending the bth day of march, 1859, exclusive of the duties of..."
sugar,1850,1,3486,2688,6.0691,True,"and refining of sugar. mr. il banamer, the investor of a series of ha- proved megblana *sr economising the various penmen outplayed in mpg manufactures, and increasing the..."
sugar,1850,1,3486,2691,6.0728,True,"and refining of sugar. mr. il banamer, the investor of a series of ha- proved megblana *sr economising the various penmen outplayed in mpg manufactures, and increasing the..."
sugar,1850,1,3486,2695,6.0763,True,"11625 61360 total 295370 liverpool produce market.--jan. 30 sugar buyers have refrained from operating, pending the result of the large public sales in london to-day, and nothing has consequently been"
sugar,1850,1,3486,2696,6.0773,True,"to iron manufacturers, ship builders, engineers, iron founders, owners of iron ships and steamers, sugar refiners, zinc manu- facturers, paper makers, calico ,printers, manufacturers of mirrors, build"
sugar,1850,1,3486,2697,6.0783,True,"liverpool produce market'--mair. ii sugar a quiett-r feeling enntinuas to prevail, but lout change in prices, the business since friday being confined to 65 hluis jamaica at, hhs to 60s 6d pe..."
sugar,1850,1,3486,2700,6.0805,True,"liverpool produce market.-feb. 27 sugar the market keeps quiet, the demand.to day being chiefly for grocery kinds, and 2,700 bags benares are reported at 53s 3d to 545• per cwt. motasses, r..."
sugar,1850,1,3486,2701,6.0812,True,"liverpool sunday school union commerttai intenigcnce liverpool produce market. -dec.2 sugar we have had a good demand, and a large busi- ness has been done, at full prices to 6d per cwt advance, the s"
sugar,1850,1,3486,2704,6.0882,True,"liverpool produce market. (review for the week ending january 2.) sugar the dulness noticed in our last circular has passed away, and notwithstanding the holidays, several transactions have occurred a"
sugar,1850,1,3486,2705,6.0911,True,"bristol sugar market, mat a. the market continues very strong, and prices are w.' on the advance, those paid this week averaging tally ii 6d per cwt. above the cur..."
sugar,1850,1,3486,2711,6.0954,True,"review of the week sugar the refiners still continue to be the principal buyers, and they have taken, chiefly for the outports, 700 hhds b.p. at rather easier rates 2,200 bag..."
sugar,1850,1,3486,2712,6.0989,True,"mincing-lane.-trib day. the following public sales are advertised for to-morrow sugar 300 hhda. barbadoes, 14,000 bate mauritius, and 6,000 bap madras. coffee 800 casks plantation ceylon, 1,400 bags n"
sugar,1850,1,3486,2715,6.1006,True,the french sugar duties. yesterday's iloosifror contains a deems modifying the fres& tariff es follows: until otherwise sedated tie import duties levied is segs will ...
sugar,1850,1,3486,2717,6.1034,True,"london produce market. -dec 5 sugar we have had a very strong and active demand for this article during the week, and a very large amount of business has been done by private contract, ..."
sugar,1850,1,3486,2725,6.1141,True,"review of the were. sugar the activity which has prevailed during the last few weeks has subsided, the market closing weak, with very little inquiry, and to effect sales some ..."
sugar,1850,1,3486,2730,6.1183,True,"liverpool producr market.—ocr. 22. sugar the holders still show a disposition to realise, and we have to report 115 hhds. antigua at 41s 3d to 44s 91, a few cases of white bahia, in bond, at..."
sugar,1850,1,3486,2732,6.1185,True,"marilbts. litimpool, flll. 19. the nako to-day aro :—ln sugar 60 lals. jamaica, 30s. 6d. to 325. • 20 lads. porto rico, at 345. 130 bap grainy bengal, os.; 660 ditto madras, 235. 3d. and 1,400 date., "
sugar,1850,1,3486,2733,6.1187,True,greeyick sugar market.—snips. 21. tt.e:c was rather more it.quiry for raw sugar to-day. in crushed there is a good &mud t.r all sots above 545; finest is quoted at ...
sugar,1850,1,3486,2739,6.1257,True,"bristol sugar-sept• 16. there is a better demand for sugar to-day than for some weekspast, and, importers having met the buyers freely, a considerable business has..."
sugar,1850,1,3486,2740,6.1269,True,"sterday closed ut change in 7,000 bales, 'nun and ma- i, 6d. to 70•; slands, ls. 2d. railway share lower. this week for ,he quotations sugar receded s since ruled :aper, and the )een dull, and e has b"
sugar,1850,1,3486,2741,6.1273,True,"liverpool produce idarket—tuebday. sugar market quiet, and little doing; 100 puns. antigua found buyers at 23s per cwt. in rice very little doing. liverpool corn market-tuesday. a sma'l busi..."
sugar,1850,1,3486,2746,6.1328,True,"the west indies. (from the examiner.) sir e. buxton, a free-trader in corn and cattle, two first necessaries of life, is a monopolist in sugar and coffee, two secondary necessaries of life. his motion"
sugar,1850,1,3486,2751,6.1411,True,"mo iu ti during active. been a several been ve medium of sugar been m been ci the d bath in land. tinue so be on i negotiat stock e obtained later york, w the doe taken p tinued t, there liah stoc fir"
sugar,1850,1,3486,2757,6.1515,True,"london. produce market-gay 14 sugar market .quiet. coffee flat. tea quiet, but steady. rice quiet, but firm. saltpetre quiet, and about is loiver for this week borough hop market -'max ..."
sugar,1850,1,3486,2758,6.1516,True,"...e.:-this day. the private contract markets have been quiet to-day, and no business of importance reported. the public tales declared f -morrow arc of sugar 150 casks"
sugar,1850,1,3486,2760,6.1528,True,"liverpool produce market.—oct 20. sugar the market continues quiet 42 hh'ls bar- badoes are reported at 48s to 50s, 1,000 bags dumrnahs at 375, 1,465 bags khaur at 35s 6d, and a small lot o..."
sugar,1850,1,3486,2761,6.1533,True,"liverpool produce market.—dec. 22. sugar is without chancre, but the sales are confined to 6,1 hhds jamaica at 37s 6d, and 1,500 mats brown mauritius at 36s 6d per cwt. morassn, rust, and co..."
sugar,1850,1,3486,2762,6.1612,True,"liverpool produce market.—manca 31. sugar the market continues flrrn,,the business con- sisting of 30 hhds demerara at 02s 6d 4,000 mats clayed manilla at 50s 3d 120 bags pernared at 35s to 3..."
sugar,1850,1,3486,2765,6.1653,True,"bristol sugar-sept. 18. there is a better demand for sugar to-day than for some weeks past, and, importers having met the buyers freely, a considerable business ha..."
sugar,1850,1,3486,2769,6.173,True,"...nch alliancei sauce. stivens's universal sauce. i stivens's original green ginger wine. man.', lulti ii and ,01.1, 131 910 nv. and le. cooper, wilder sugar wi iluu., sal"
sugar,1850,1,3486,2775,6.1794,True,"hincing-lane.-this dat. giposio the public odes are advertised for tcornorwor sugar 300 ltbds. west india, 8,400 bags seaga, 7,000 bags moires, and 1.200i:op penang. coffee. 180 crake planta- tion cey"
sugar,1850,1,3486,2776,6.1799,True,"mo] com the liv very the favour railway s. business di upwards o al thoug vial proclu character c more diva for sugar li have been ingly quiet ourred. assam kin the dealing and pimei very dull, tallow"
sugar,1850,1,3486,2784,6.1949,True,"greenock sugar market, dec. 17. in sugar there was a moderate demand, fine seen most wanted. the value may be quot• d as under.— brown, 465; good yellow, 495; white..."
sugar,1850,1,3486,2785,6.1953,True,"produce market. sugar foreign is quiet but firm yellow havana 223 to .255, for export. refined home dealers are fair buyers grocery lumps 46s 6d to 495. coffee is firm, an..."
sugar,1850,1,3486,2788,6.2005,True,"...the sale ineumbered estates in the west indies. in the matter of the estate of william samuel greatheed, owner; sophia. burgpss, petitioner. valuable sugar estate"
sugar,1850,1,3486,2789,6.2005,True,"bristol sugar warret, dec. 9. the demand continues steady, but is not very aetire; still the trade take off any fresh lots offering at former rates, and a moderate..."
sugar,1850,1,3486,2790,6.2011,True,"the express, saturday evening, june 22, 1850. n arkets. sugar.—tbe average price of sugar. the produce of the british posiaresions to amnica, computed from the returns made in the week en. tog the pub"
sugar,1850,1,3486,2798,6.2163,True,"lifilbutunt mu*: large, unaltered; menlvdoing in coffee—plant4an ceylon clean malys 46s t but purchases mr business, bet wanted, and ',and london sugar quiet. r • not market, june 25. and value of hat"
sugar,1850,1,3486,2803,6.2202,True,"i ±t* kat iiii i i 9319 2411 cwt.. 14,12 ist,ll 1, 1.... mincesto-lane.—this day. the following. public sales ens advettised for to-morrow. sugar 300 birds. barbsdoes, 4,500 bags bengal and 1,000 bias"
sugar,1850,1,3486,2811,6.2439,True,"iillarftets. liverpool produce market, nov. 14. sugar the market remains in a very dull state, and the sales are again at rather lower prices, particularly for dates the business consists of 260 hlids"
sugar,1850,1,3486,2829,6.2641,True,"star of england waterwitch 4 2 stretford handicap. sugar candy _ 1 the emperor billing slum. barmaid 1 t champagne stakes, doncaster.—muscovado wu declared not to start on the sth inst., at 10 a.m., a"
sugar,1850,1,3486,2830,6.2643,True,"wheat barley oats malt 13eans peas lelour .. • • ....oa • • 2718 185 produce market. sugar foreign quiet at former terms. r,efined; few bottle trade buyers; low to fine grocery lumps 46s 6d to 495. co"
sugar,1850,1,3486,2833,6.2672,True,"mamma% biiciaii.—the average price of brown or muscovado sugar the predate of the btitish poisswoii2 in ansertca for the weak ending oct. 7, is sia. std. per cut. reclusive of duty. no return has been"
sugar,1850,1,3486,2834,6.2727,True,"idncing-lane.-7tats. dat. the following public maks are advertised for to-rnerrow sugar 360 hhdu. west india, 6,000 bags of mauritius, and 2,700 bags bengal. saltpetre 1,100 bags. sago 260 boxes. pepp"
sugar,1850,1,3486,2841,6.2887,True,"beath. :3.513 i sheep and lam calve. 95 i pigs, 190. foreign—beaqs, 277—sheep, 6 le—calms, 47. glasgow sugar market. anot.2. 021 0 oui.la;t—repo-e-t. there h-a; been a fair demand cr west india muscov"
sugar,1850,1,3486,2842,6.2902,True,"19, great george-street, table ditto table forks dessert ditto salt and mustard spoons gravy spoons saiice ladlf.t3 .. ~ 1 4 0 1 sugar tongs set of fruit knives and forks in kaziogany case .. 3 15 0 0"
sugar,1850,1,3486,2843,6.2914,True,"liverpool produce market.—augusr 4. sugar the good refining descriptions have also been in fair demand, the sales comprising 170 hhds. jamaica at 375. 6d. to 41s. 3d., 120 hhds. antigua at 39..."
sugar,1850,1,3486,2846,6.3,True,"curious discovery. one of the greatest di/stymieing of oar day is that made i by claude bernard, of the constant formation of sugar in the liver of animals. feed an animal how you will—with food conta"
sugar,1850,1,3486,2848,6.3046,True,"shown to were only -• went at and .inferior sorts from 28s. 6d. _ of-,west lidia sugar still holders generallydlditot accept ning and grocery boris were, however, rates were obtained. at suction 150 t"
sugar,1850,1,3486,2850,6.3107,True,"london produce market. -feb. 12. sugar the market is steady, but not active, yet prices are fully supported, and cargoes for arrival are in good demand. 'coffee: this article is firm; i,co..."
sugar,1850,1,3486,2857,6.3215,True,"bristol sugar market, april 3. the market has at length assumed a very firm appear- ance, after several weeks of extreme illness. in the raw market the offices hav..."
sugar,1850,1,3486,2858,6.3236,True,"c the• coolies sad great buys 0 eat jaggtry (a coarse sugar made from we pal• myra), and drink water —each person 0 2 the little boys have of the same, each an old man's wages are an old woman's wages"
sugar,1850,1,3486,2859,6.324,True,"to iron manufacturers, ship builders, engineers, iron founders, owners of iron ships and steamers, sugar refiners, zinc montt- facturers, paper makers, calico .printers, manufacturers of mirrors, buil"
sugar,1850,1,3486,2862,6.3273,True,"the liverpool gtinflikb. liftarlteto. liverpool produce market, may 24. sugar there has been a steady demand, at full prices the sales are 'ko mids. 8.p., 2500 bags bengal, and 1000 bags mau- ritius, "
sugar,1850,1,3486,2863,6.3277,True,...aph.) london produce market—tussney. was more dull to•day than for a long • parcels at auct.on were nearly all part sold went as to 3s and supply the sugar market period past; the
sugar,1850,1,3486,2865,6.3322,True,"london produce market. -feb 16. the following sales are advertised for to-morrow sugar 10,000 bags mauritius, and 3,500 bags madras. coffee: 1,3(x) bags native ceylon, and 490 packages of mocha. tea: "
sugar,1850,1,3486,2867,6.3394,True,"...l priess purchase foreign, hot slow monday's wheat met a fair demand at monday's rates, •oi in f, jo to oats a sale at london produce market, may 26. sugar sup"
sugar,1850,1,3486,2872,6.3506,True,coloni.a.z. sugar —there has been a moderate demand for british plantation at about the previous quotations. at auction. berbadoes has realised 38s 6d to 39s for fine ...
sugar,1850,1,3486,2873,6.352,True,the richest parts are uncultivated; those parts would immediately be cultivated for the purpose of producing sugar. immense suffering would follow on this. the hon. member said he would put the questi
sugar,1850,1,3486,2877,6.3612,True,"the sugar market, but the particulars have not transpired, but full terms are said to have been paid: coffee eontinues exceedingly firin, and for small parcels..."
sugar,1850,1,3486,2880,6.3694,True,"london produce market. —nov. 11 sugar a full amount of business was done by private contract yesterday, and the market has opened briskly to- day with a very firm appearance, and the publ..."
sugar,1850,1,3486,2881,6.3714,True,"bristol sugar-may 27. we have had a good demand for sugar this week, and rates have advanced fully is per cwt., at which nearly all the steaks ready for market, co..."
sugar,1850,1,3486,2882,6.3724,True,"second report. sugar stiff. sales of west india 500 hhds. refined active. porto rico at auction sold at 355. gd. to 40s. coffee sells freely native ceylon, 406. to clean ..."
sugar,1850,1,3486,2886,6.3756,True,"437000 liverpool produce market.-aug. 21. sugar we have had rather an improved feeling in our market, and prices have been realisel today which were not previously obtainable; the sales consist of ..."
sugar,1850,1,3486,2890,6.3779,True,"liverpool produce market.-july 12 sugar some disposition has been shown to do business, but owing to the firmness of holders no transactions have taken place. molasses and rum nothing has b..."
sugar,1850,1,3486,2891,6.3784,True,"riiesday cll\t luin. caledonians a. yorkshire, 68 cotton g. w. bourn london prodi sugar west in latest shit excilang n quotations, liverpool corn mar id a fair )out the xrivals into this port, clari ,"
sugar,1850,1,3486,2892,6.3787,True,",larltets. liverpool produce market, march 12. sugar the market has become rather quiet, but there is no change to notice:in prices, and the sales consist of 700 hits. 8.p., 3,500 bags bengal, chiefly"
sugar,1850,1,3486,2893,6.3824,True,"curious discovery. one of the greatest di/stymieing of oar day is that made i by claude bernard, of the constant formation of sugar in the liver of animals. feed an animal how you will—with food conta"
sugar,1850,1,3486,2894,6.3836,True,"freights for liverpool.. ]os to 15s, and 5 per cent for sugar channel, 30s, and 5 per cent last rate. there were no foreign vessels of war at lisbon when the teutonia left on the 26th. her majesty's s"
sugar,1850,1,3486,2897,6.3854,True,"london produce market. 14. sugar the market has rather a dull appearance, and buyers are not stimulated by the decline of 6d to ls, which was submitted to yesterday: refined lumps, 6..."
sugar,1850,1,3486,2898,6.393,True,"to iron manufacturers, ship builders, engineers, iron founders, owners of iron ships and steamers, sugar refiners, zinc montt- facturers, paper makers, calico .printers, manufacturers of mirrors, buil"
sugar,1850,1,3486,2899,6.3946,True,"liverpool produce market.—oct. 13. sugar the market remains very dull, and only 430 bags dates, with all faults, sold at 44s to 465, and 200 bags grainy mauritius at 593 per cwt, the latter ..."
sugar,1850,1,3486,2903,6.3969,True,"sugar from new orleans.—the new orleans price current announces that 1,000 hogsheads of sugar had been shipped at that port for liverpool—the first shipmen..."
sugar,1850,1,3486,2905,6.3977,True,"sf.cond report. sugar in steady demand. tea active at former prices. rice in considerable demand. nothing done in molasses, rum, or coffee. ammifield cattle market, feb. 2..."
sugar,1850,1,3486,2908,6.4026,True,"bristol sugar 3iarkei', marcie 19. the market continues extremely dull —indeed we be- lieve there has not been a single transaction here this week either in parcel..."
sugar,1850,1,3486,2911,6.4114,True,"produce market. sugar foreign is dull, at previous terms refined quiet but brown lumps 465. coffee dull, and rates are barely sus- tained. tea is quiet, but firm ordinary ..."
sugar,1850,1,3486,2913,6.4138,True,"bristol sugar market, june 12. about 500 hhds., principally grocery, have been sold during the week at is to is 6d per cwt. adranee on former prices. there is a fa..."
sugar,1850,1,3486,2917,6.418,True,"the new proposed duties. the following are the duties upon sugar and tea, as pro- posed to be en acted sugar -the cwt, present there. duty. 1857-8. 1858-9. 1859-60. after. je a. d. a. d. a. d. a. d. a"
sugar,1850,1,3486,2920,6.4279,True,"mincing lane.-this day. the sugar market has • steady appearance tc-day, yet the trade buy with great caution, and the large importa- tions peevirat any advance. comm remains dsm. tai..."
sugar,1850,1,3486,2924,6.4397,True,"icester, i do. calves do. pigs.. not much 1. to 495.. tea is product sugar foreign, full rate doing; refined, more doinl coffee, firm and «anted in good request at full pric cline market :e asked, but"
sugar,1850,1,3486,2926,6.4435,True,"liverpool produce market.—dec. 18 sugar the market remains inactive, and only 300 bags benares sold at 52s to 52s 91 per cwt, being rather easier molasses, rum, or coffee we are still witho..."
sugar,1850,1,3486,2928,6.4502,True,"...rtlepool and chrerce railway and hartlepool west harbour and dock companies. mancheter, sheffield, and lincolnshire railway (no. 2), with amendments. sugar manufacture. mr. forbes rose "
sugar,1850,1,3486,2930,6.4522,True,"liverpool produce market.-march 3 sugar the market is rather quiet 200 hhds deme- rara sold at 47s 91 to 51s 6d, and 3,000 bags native madras at 44s per cwt, the latter being 6d decline on ..."
sugar,1850,1,3486,2931,6.4526,True,"to sugar merchants, &c. wan ted, by a man of experience and ability, a situation as salesman. either on commission or otherwise. satisfactory reference and se..."
sugar,1850,1,3486,2933,6.4585,True,"second report, sugar fully as dear, the demand being equal to the supply. at public sale, porto 365. to 40.; flavanua37s. to 40s. refined firm. brown lumps 475. corfge. f..."
sugar,1850,1,3486,2935,6.4617,True,"london sugar the market again opened with a brisk demand, and an advance of 6d on brown' qualities, and is on fine grocory descriptions, was freely pail. there ha..."
sugar,1850,1,3486,2936,6.462,True,"we held the day h reeounted *- ,e sugar was to be _ ups,. the struggles which england had, for fifty years, made against the atlas system, and trusted that the principle of resistance to th..."
sugar,1850,1,3486,2938,6.4656,True,"liverpool produce marset.-july 23. sugar a better feeling has prevailed in our market, especially since the report of the dutch sale (now in pro gress) became known. the transactions compris..."
sugar,1850,1,3486,2942,6.4707,True,"london produce market april 30. sugar demand active, and prices rather higher, making an advance of is to is 6d for the week, for mid. to fine, and 8d for common and brown. sales of west ..."
sugar,1850,1,3486,2948,6.4815,True,"the beet sugar manowacture. the factory at mountmellick has changed hands 1 ;:etawrltc.o,o7o.:tthe;;;;;;r.u.as- i-a, the tan being valued and, as well as the legal ..."
sugar,1850,1,3486,2958,6.5041,True,"liverpool produce marset.-august 11. sugar the market has been quiet, and we have only to report 80 hhds jamaica at 52. to 52s 6(1, and 300 bags brazil in bond, at 35s for brown, and 43s per c..."
sugar,1850,1,3486,2959,6.5045,True,"liverpool produce market.-july 14 sugar there is no improvement to notice in the demand, the sales being confined to 840 bags pernams, the price of which is not reported. molasses and rusi ..."
sugar,1850,1,3486,2971,6.5326,True,"sugar wheat .. .•• peas -•-- tens. a hen to be de'ivered. 100 half of each in two weeks, and quarters. the remainder in two weeks 3,000 afterwards, or earl..."
sugar,1850,1,3486,2972,6.5329,True,malt tax. mr. catley rave notice that on that day week tic would move sro a repeal of the malt tall. (.. and laughter.) sugar.—the slave :trade. sir e. n. buxton gave notice bi intention to !novo on t
sugar,1850,1,3486,2979,6.5437,True,"london produce market. -april 16. sugar the market is steady, but not brisk. prices are the same as last week. coffee: the public sales are progressing without spirit, and without showing a..."
sugar,1850,1,3486,2984,6.5538,True,"london produce market. —nov. 7 sugar the market has been steady this week, and. prices have been supported, but the quantity offered in the public sales have been small, and the gross am..."
sugar,1850,1,3486,2987,6.5613,True,"greenock sugar market, dec. 17. in sugar there was a moderate demand, fine seen most wanted. the value may be quot• d as under.— brown, 465; good yellow, 495; white..."
sugar,1850,1,3486,2992,6.5719,True,"bilistol sugar market, august b.—we have still to report a very quiet market both for pan and scale de.criptions, and prices are barely supported. refined is only i..."
sugar,1850,1,3486,2993,6.573,True,"we held the day h reeounted *- ,e sugar was to be _ ups,. the struggles which england had, for fifty years, made against the atlas system, and trusted that the principle of resistance to th..."
sugar,1850,1,3486,2995,6.575,True,"london sugar the market has been dull this week, and a decline of fully 6:1 has been established on the small amount of busi- ness done, yet it should be observed..."
sugar,1850,1,3486,2997,6.5808,True,"liverpool produce market.--march 26. sugar the transactions are still limited, the sales being confined to a small parcel of demerara at 51s, and 250 bags bengal to arrive at 51s per cwt. ri m..."
sugar,1850,1,3486,3001,6.5944,True,"price of sugar. the average price of brown or muscovado sugar com- puted from the returns made in the week ending the 20th march, 1855, is 20s 7id per hundredweight..."
sugar,1850,1,3486,3002,6.6015,True,"liverpool produce market.—dsc. 9. sugar the market keeps very firm, and the sale on the spot consist of 2,800 bags pernams in bond at 34s from the quay; for arrival, 2,000 bags ben ares hav..."
sugar,1850,1,3486,3021,6.6446,True,"liverpool produce; ntarket.—ocr. 15. sugar our produce markets continue v eatremely quiet, and we have only to report 260 hhds indirect cuba at 423, being a decline of 23 per ewt on the last s..."
sugar,1850,1,3486,3023,6.6478,True,"london produce: there is nothing new passing to-day in colo- nial produce; sugar is looking firm, and saltpetre has a forward tendency. tallow market closes very flat, at 56s sellers march 50s sellers"
sugar,1850,1,3486,3024,6.6482,True,"london produce niarket.--serr• 4, sugar we have had a dull and drooping market dur- ing the week, and a decline of is has been established withont inducing buyers to purchase more than thei..."
sugar,1850,1,3486,3025,6.6503,True,"...r's stock, cottage piano-forte, eight- days,' clock pictures, modern siwer-plated articles, gold lever watches, show glasses, shop fixtures, valuable sugar mi 14-scales and weigh"
sugar,1850,1,3486,3028,6.6549,True,"yan.y. and mel- ininoon on ihe been out since els were steadier in d tea. sugar allow has been ot much i. doing freely. cotton srd on thursday nd will not re- lestrances a tea, edingly large. authores"
sugar,1850,1,3486,3030,6.6597,True,"mon comm the liver very firmly, the favoural railway sil business dor upwards of although nial produc character do more dispos for sugar ha bave been ingly quiet, currod. tc assam kind the dealings an"
sugar,1850,1,3486,3034,6.6672,True,"london produce market.-this day. sugar in west india little doing, but full rates are demanded. refined slow of sale. brown lumps, 455. 6d. to 465. coffee firm, demand increasing. native c..."
sugar,1850,1,3486,3037,6.6719,True,"london sugar the market has a firm appearance, and the pu"" sales are progressing steadily, refined grocery lump' s`"" to 558, coffee the large public sales are goi..."
sugar,1850,1,3486,3038,6.6731,True,"liverpool; produce market—noy. 19. sugar the market has been quiet, with little dispo- sition to purchase, the sales being restricted to 165 hhds demerara, at 38s 6d to 40s, with 50 bags gra..."
sugar,1850,1,3486,3041,6.6765,True,"thursday._ oj truics.dat next, the 17th instant, at twelve o'clock, at the brokers' office, 16, exchange-buildings, 38 casks brown sugar or lead, 16 do. oxalic acid, 10 kegs chlor itt; of potash, land"
sugar,1850,1,3486,3045,6.6829,True,"liverpool produce market.-aug. 13 sugar the dulness in the market still continues, and we have no transactions worthy of notice to report. molasses 100 puncheons indirect cuba muscavado hav..."
sugar,1850,1,3486,3046,6.6874,True,"bristol sugar-july 1. the sugar market has been very inactive during the week, and the sales of west india are under 200 hhds., at easier rates. a parcel of about ..."
sugar,1850,1,3486,3047,6.6923,True,"mincing-lane.-this day. the foliowuog public sake are advertised for to-morrow: sugar 400 we barbados', 6,600 bags maaritios, 4,300 beg. bengal, 260 bags java. cocoa: 430 begs trinidad. saltpetre 1,00"
sugar,1850,1,3486,3049,6.6944,True,"london., sugar we have again had a very steady market during the week, and prices have been supported, with a full average amount of business done but there has not..."
sugar,1850,1,3486,3050,6.6984,True,"...ncing.lane. batiirdat morning. the colocial minket§ this wee k have ountinued steady, and priers have °cap iunally shown some slight improvement. tim sugar sa"
sugar,1850,1,3486,3054,6.7089,True,"london produce market.—ocr• 22 sugar the public sales are going off without showing any material alteration in pi ices. tne refined market firm lumps, fits to 635. 'coffee: this article ..."
sugar,1850,1,3486,3055,6.7101,True,sugar. mhe reduction that hal taken place in the wholesale price of sugait enables me to quote the following prices for the present:— brow n sugar 64. per ...
sugar,1850,1,3486,3057,6.7134,True,"to sugar merchants, &c. wanted, by a man of experience and ability, a situation as salesman, either on commission or otherwise. satisfactory reference and sec..."
sugar,1850,1,3486,3058,6.714,True,the richest parts are uncultivated; those parts would immediately be cultivated for the purpose of producing sugar. immense suffering would follow on this. the hon. member said he would put the questi
sugar,1850,1,3486,3060,6.7163,True,"...trade six years ago the whig government of lord john russell inflicted the crowning blow upon our west indian colonies, by admitting the slave- grown sugar of foreign countries "
sugar,1850,1,3486,3063,6.7239,True,greenrc/c sugar atarket.—oct. 13. raw is quiet. the demand for crushed is without much life. dealers are waiting the results of large sales in london today. glasgow ...
sugar,1850,1,3486,3065,6.732,True,"liverpool produce market.-fib. 12. sugar the market is without change; 45 hhds dame. rara have brought 503 6d, 1,200 bags benares 54s 6d, and 50 casks gaudaloupe 5us 6d per cwt. molasses we ..."
sugar,1850,1,3486,3067,6.7372,True,"vontracts for wheat, peas, oa.ts, x_.j wine, sugar, soap, and lemon juice. department of the comptroller for victualling and transport services, somerset-place, dee. 24, 1552. the commission,rs tor ex"
sugar,1850,1,3486,3068,6.7411,True,"market news-(this day.) colonial. sugar the sales are large, and are likely to go rather heavily. foreigns at full rates. the puantity of british plantation landed last week at the east and..."
sugar,1850,1,3486,3069,6.7446,True,"prince. and empress 10th augua, in to return and another c 4 separating 'l' a l y. land to i assurances sugar r the in free african emigration to the west indies. this scheme of what is called free af"
sugar,1850,1,3486,3071,6.7461,True,"london produce market.-july 31. sugar the market opened for the week (on tuesday) with firmness, and a slight advance was paid, with a good demand, since when a heaviness has come over th..."
sugar,1850,1,3486,3073,6.7494,True,"bristol sugar market, marcie 12. the market continues very quiet, and notwithstanding the change in the wind the arrivals have been very insignificant, and the off..."
sugar,1850,1,3486,3077,6.7567,True,"contracts for peas, oats, and sugar. department of the comptroller for victualling and transport services, somerset-place, 18th june, 1853. the commissioners for executing the office of..."
sugar,1850,1,3486,3083,6.7727,True,"adjourned sale sugar estate in the island of st. vincent. rpset price reduced to va°. on wednesday, the 17th day of october next, by publie roup, at two o'clock afternoon..."
sugar,1850,1,3486,3085,6.7752,True,"this day, (tnesday,) the sth instant, at one o'clock, at the broker' office. 17, oldhall-street, 440 bags grainy sugar damp and washed, just landed, ex charlotte, otn- calcutta.—for further par- ticul"
sugar,1850,1,3486,3086,6.7766,True,"at yestfit london sugar the market has a steady appearance, day's prices, which showed a decline of 6d to 24 low grocery lumps, 523 coffee remains steady. tea the trade are ..."
sugar,1850,1,3486,3090,6.7884,True,"t o-m orro w. to-monaow, the 17th instant, at twelve o'clock, at the brokers' off!ce, 16. exchange-buildings, 38 casks brown sugar or le sd, 16 do. oxa.lic acid, 10 kegs chlor ‘te, of potato sff,messr"
sugar,1850,1,3486,3093,6.8075,True,"contracts for sugar, wheat, and peas, department of the comptroller fol"" victualling and transport services, somerset-place, ,'d august, 1854. the commissioners for exec..."
sugar,1850,1,3486,3094,6.8087,True,"london produce market-may 25, sugar the public sale of mauritius is going off without spirit, and the market has a dull appearance. refined also dull. lumps, 51s to 535. coffee the larg..."
sugar,1850,1,3486,3099,6.8131,True,"bristol sugar-april 29. in the west india sugar rnalket there are very few transactions reported, the stocks being now quite ex,- haustcd. prices, consequently, ru..."
sugar,1850,1,3486,3104,6.8237,True,"london. the following public tales are advertised for to-morrow sugar 500 hhds west india, 15,500 bags mauritius, 2,000 bags bengal, 1,600 bags madras, and 3,500 bags penang. coffee 120 casks plantati"
sugar,1850,1,3486,3107,6.8303,True,"fi°ntra.cr fir. w[l ent, rum, sugar a""eppere2,xioa, te a,. rice, tobacco, 'eis a` td i pmosi .juic e soap, mits'i'ait i), ti, beparttile'n't 'oil tll.4.con;ptrolle; `or victualling and ..."
sugar,1850,1,3486,3108,6.8344,True,"sugar i the market is tea: the d -july 4 y cheaper -july 4 3d; jll land is very dull, prices are unaltered. out 1,000 bags bombay sold, 55 to 56 per morrow..."
sugar,1850,1,3486,3109,6.8344,True,"london produce market, july 3. sugar dull 376 sales for the week, at a decline of is in refined home business larg,er, at 688 6d to 71s. coffee firoi and a fair demand. clean native cep ..."
sugar,1850,1,3486,3110,6.8385,True,"tea sppons egg, salt, table forks dessert for toddy ladles, gravy spoons, each soup ladles, „ sauce ladles „ sugar tongs and mustard, gilt, per di 0 018 ci- i 014-0 1.1 6-6 'oes, .crest articles manuf"
sugar,1850,1,3486,3113,6.8482,True,"london produce market. -fee. 4. -.- sugar the public sales went off steadily at the full prices of last week. coffee there has not been a public sale to day, but the article has a very firm a..."
sugar,1850,1,3486,3116,6.8523,True,"liverpool sugar market, april 26. the market quiet bat firm. no wwi. ltverpool corn market, april 26. the arrivals of wheat and flour this week are large. a large at..."
sugar,1850,1,3486,3123,6.885,True,"london produce market.-july 28 sugar the market opened with a good demand, and the barbadoes sold in public sale at the extreme prices to 6d. advance on friday's prices. the refined mark..."
sugar,1850,1,3486,3126,6.8908,True,"_o le midable of 1 east 18 getting, from the sugar as cheap other quarter cultivation and mann- colonies must • and to our raw cotton, f ja- for the the very large and enthusiastic meeting in the city"
sugar,1850,1,3486,3132,6.9102,True,"produce market. coffeeat 2os. :6dn. native v2e4cs 6ydi n 0 sugar floating cargoes of foreign wanted yellow havant ;cißroiocperfyorluemxpposr4t6, 4os.ttoo 40905. tea common sound congou 110. cotton: se"
sugar,1850,1,3486,3135,6.9166,True,"plain filul table spoons, per doz table forks „ dessert spoons dessert forks ~ tea spoons „ soup ladies, each gravy spoons „ sauce ladles sugar tongs salt spooqg .. •• • n;l3 above an excellent substi"
sugar,1850,1,3486,3145,6.9531,True,"london police intelligence. pressure i- it there acennation, mr. strong ~ 1 sousing sugar wap7r.ants. inquiry said that a. pen ""and- lb the fol4wieg mr. joseph wind!. cole ea. lievoght before the lord"
sugar,1850,1,3486,3147,6.9565,True,"contracts for peas, oats, and sugar. department of the comptroller for victualling and transport services, somerset-place, 18th june, 1853. the commissioners for executing the office of..."
sugar,1850,1,3486,3149,6.9702,True,"london produce market.---april 28. sugar the market is flat. coffee the whole of the quantity offered to-day has been withdrawn, there being no buyers. tea the market is quiet common congou ..."
sugar,1850,1,3486,3151,6.9755,True,"february. -- friday saturday— ..... 2 sunday ....... 3 monday ...... 4 2 41 3"" 3 611 434 3 is 354 6 44 ___ 3 1 3 41 4 17 4 37 3 34 3 17 7 13 for lip sugar at bo!fast. subtract sub. 36. ms —dundee, add"
sugar,1850,1,3486,3155,6.9832,True,"se daily ex- ana sugar sold ,eacty prices le fort monday evening, october if a 100 the 10th, there telegraph. a prospect of a slight cargoes i one to-day, at 1 prices scotc..."
sugar,1850,1,3486,3156,6.9892,True,"agarlteto. liverpool commercial market. feb. 15. sugar the market continues rather dull. but prices remain without any material alteration the sales consist of 200 hhds. 8.p., 6,000 bags of bengal, an"
sugar,1850,1,3486,3160,7.0052,True,"lose ii! found sugar dingy, k fora 3 cage. s, 0,13- upon tn un- lte the would ling in lcation tan ,1° wm. ug the lng bs; the t blot"", irt the gies of g kelly, f plate a b..."
sugar,1850,1,3486,3161,7.0079,True,"traffic returns. week ending ._week bristol liirrilbt, sept. 13. the sugar market continues without a supply, to the great in- convenience and injury of the trade. importers, however, still look for a"
sugar,1850,1,3486,3164,7.017,True,"contracts for peas, oats, and sugar. department of the comptroller for victualling and transport services, somerset-place, 18th june, 1853. the commissioners for executing the office of..."
sugar,1850,1,3486,3165,7.0218,True,"markets. litirpool, sart. 4. the sales to day are sugar a few casks and 60 barrels wisdom 314. to ;70 bags demarco, 411. 034fea 008 lass la oaayra, at gas. elm :1,000 bop basal, ea 9d. to 144. castor "
sugar,1850,1,3486,3166,7.0221,True,"'bristol sugar market, jan. 9. a good demand has been experienced, but owing to the continued short supply on offei, only a limited amount of business has been tran..."
sugar,1850,1,3486,3169,7.0317,True,"bristol sugar market, nov. 19. the market has been rather firmer this week, but the very limited show operates against transactions of im- portance and the easterl..."
sugar,1850,1,3486,3172,7.0383,True,"ship news. arrived in the clyde on wedneeday,tke isabella kerr (442 tons), clark, from trinidad, with a etre* of sugar and rem; sailed 7th sept. on the 1701 wt., le lot 43 17, long 36 30, spoke the ba"
sugar,1850,1,3486,3173,7.0417,True,"liverpool produce market.—nov. i sugar there continues an active enquiriat; eiy ex- treme rates, but in the absence of supplies, the sales on the spot are confined to 40 hhds st. lucia at ..."
sugar,1850,1,3486,3175,7.0493,True,"electro-plated set, comprising tea and coffee pet, cream ewer and sugar basin from 70s od electro-plated or nickel silver tea spoons from 9s 6d per dozen. dessert spoons and forks from 16s od per doze"
sugar,1850,1,3486,3176,7.0509,True,"friday evening, february 28, 1851. on sugar and other art'cles. that plan was rejected by the house of commons, artd in 1845 the circums'aucea of the country having in • the meantime undergone ..."
sugar,1850,1,3486,3179,7.0613,True,"for electroplated set, comprising tea and coffee pot, cream ewer and sugar basin from 70s od electro-plated or nickel silver tea spoons from 9s 6d per dozen ..from 16s od per dozen table ~ london bron"
sugar,1850,1,3486,3181,7.0839,True,"1 matto by indira!, this )ay th 1 3 day, (tuesday.) theist instant, at one o'clock, 500 bagsaattifilt sugar. t..amerff. littledade and co., brokers. apply to on account of whom it may concern. this da"
sugar,1850,1,3486,3183,7.086,True,"...5. ins wheat, 5s 6d to 6s 3d white, 6s 4d to 6s 10d per 701bs.- 2s 11d to 3s 5d per 451bs. fowler & f 11314111 london -produce market.—arty lb. ith e sugar t"
sugar,1850,1,3486,3184,7.0909,True,"to sugar merchants, &c. wanted, by a man of experience and ability, a situation as salesman, either on commission or otherwise, satisfactory reference and sec..."
sugar,1850,1,3486,3187,7.1032,True,"liverpool produce market.-jan. 26 sugar the demand continues active, and rather higher prices have been realised for low qualities • including saturday's sales, we have to report 50 hhds de..."
sugar,1850,1,3486,3188,7.1065,True,"adjourned sale of sugar estate in the island of st. vincent. upset price reduced to £1,250. there will be sold, by public roup, within the royal exchange sale itootns, glasg..."
sugar,1850,1,3486,3189,7.109,True,"liverpool produce market. july 6 sugar the market remains without ,change 120 hhds barbadoes are reported at 37s 6d to 435, 550 bags cossipore at 45s 611, and 7,ooo•mats unclayed manila, i..."
sugar,1850,1,3486,3192,7.1166,True,"fire department. -- manufactories, sugar houses, distilleries, private or public warehouses, ships building, ships in harbour, houses, furniture stock-in-trade. sze., assured for the year, o..."
sugar,1850,1,3486,3193,7.1175,True,"n 44 14 18 mincing-lane.-tiedi day. the fallowing public sales are advertised for to-morrow sugar 400 mids. west india, 3,600 bags mauritius, 6,000 bags bengal, 2,000 bags madras and 600 bags siam. co"
sugar,1850,1,3486,3194,7.1176,True,"the irish beet sugar company, ll•y reoisterzo pursuant to act of par ment. r'o be incorporated by royal charter. for *mich application is made. under ithieh.the liability..."
sugar,1850,1,3486,3202,7.1567,True,"greenock sugar market, feb. 4. sugar—large quantity sold 3esterday at previous prices; rather less done to-day. value may be quoted as under :—brown, 45u; good yell..."
sugar,1850,1,3486,3203,7.1662,True,"london produce market. --jam. 19. the following sales are advertised for to-morrow sugar 350 hhds west india, 4,500 bags mauritius, 1,700 bags bengal, and 7,000 bags madras. coffee 700 bags st. doming"
sugar,1850,1,3486,3213,7.1992,True,"silver table and tea spoons, sugar tongs, handsome the bedrooms contain half-tester, french, and iron beds several mahol '-box, & ny chests of drawers, toilet glasses, tables excellent..."
sugar,1850,1,3486,3214,7.2067,True,"mincing lane.-this day. the followinipabl; sales are advertised for to•morraw: sugar 600 hogsbeade wut india. 16,600 bap mauritius, 2.000 bags siegal, 1,609, bogs mediu, and 3.600 baps penang. coffee "
sugar,1850,1,3486,3216,7.2115,True,"ship news. arrived in the clyde on monday, the elizabeth duncan (219 tons), welib, from demers'', with a calls of sugar and nun, &r., for greenock; sailed lit octo- ber. left the strathleven loading f"
sugar,1850,1,3486,3218,7.2147,True,"mint w 116001318 t, and blotting room the tendency of prices has sugar has advanced about lower sorts of east india ...nd british west india coffee has been • have been fair • firm, and rum •i and on "
sugar,1850,1,3486,3221,7.2205,True,"london produce market.—nov. 9 the following are the onl♦ public sales advertised for to morrow sugar 2,000 bags of bengal. coffee: 150 casks and 1,000 bags of ceylon. the increased pressure in the mon"
sugar,1850,1,3486,3224,7.2279,True,"for the sale of electro-plated set, comprising tea and coffee pot, cream ewer :aid sugar basin electro-plated or :nickel silver tea spoons deseet spoons and forks ••• •• •• ••• ••• 011• lt :yaw, bronz"
sugar,1850,1,3486,3226,7.2351,True,"for electro-plated set, comprising tea and coffee tot, cream ewer and sugar basin from 70s od electro-plated or nickel silver tea spoons .•• •••.• • ••• ••• from 9s 6d per dozen. desert spoons and for"
sugar,1850,1,3486,3233,7.2802,True,"lond )3isl thursday evening, july 26, 1855. sortment of empty sugar barrels and receptacles of beef and•pork, it is possible i may have more than my share of these pertinacious insects, which hover on"
sugar,1850,1,3486,3234,7.2827,True,"london produce market.-april 13 sugar the market has a quiet appearance, and the public sales are again going off without spirit. coffee the small public sale went off without showing any..."
sugar,1850,1,3486,3237,7.3063,True,"liverpool produce market.-aug, 24 sugar the improved feeling noticed at the close of last week in our market has continued, and considerable sales have taken place at an advance of 6d to is..."
sugar,1850,1,3486,3241,7.3379,True,"/1/ qnj a veil the fore the past principal holders prevalen, arrival c deliverie conseque rates for were slig in sugar i untnedial stuuption business coffee, ri rate exte transacti larly for raisins. "
sugar,1850,1,3486,3243,7.3397,True,"ii ~~ acco market 800 of share mee, ai the firm, bt sugar al and prig steady) in oche: the t india. c bengal, the 251 mkder an a, treditoi compost it is liabiliti 500,00( then diseoun exacted days in "
sugar,1850,1,3486,3245,7.3456,True,"...ol standard, tuesday, january 25, 1853. partnerships dissolved.—craig. webster and co., li- verpool, commission merchants—startin and fry, liverpool, sugar factors; as far as regards j. f"
sugar,1850,1,3486,3248,7.3577,True,"mincing-lanb.-tslb day. the following public. ashram adwartisad for to-morrow sugar 460 bhda. of but:edam and 2,000 hags of bawl rim, 6,000 bags saltpetre, 2,100 bop oreltimml, 160 hap. flooma,—we are"
sugar,1850,1,3486,3250,7.368,True,"rio- sugar cofre, cocot rice !kat art 14cligo ile del 4t, the tfall a rates ""illg to month, market w f‘lrthe 12,000/. 4%31, so tt --,nod the 13a take ad, cls4ai..."
sugar,1850,1,3486,3253,7.3757,True,"for electeo-plated set, comprising tea and coffee pot, cream ewer and sugar basin from 708 od electro-plated or nickel silver tea spoons from 9s 6d per dozen. desert spoons and forks • from 16s od per"
sugar,1850,1,3486,3255,7.3808,True,"go iimrrctai this day animal charcoal to be sold by auc rion, at binyon and fryer's sugar refinery, chester-4r reet, oxford-road, manchester, on 2nd day (tins day), 3rd month (starch) 31st, 1856, at t"
sugar,1850,1,3486,3257,7.3839,True,"bur more colon; varied ext ren sugar been good and and in has at a sligi five, a been d"
sugar,1850,1,3486,3259,7.391,True,"mincing-lane.-this day. the following sales are advertised for to-morrow: sugar 400 hhde. of west india, 4.000 bap of mauritius. and 30 hbds. and 900 boxes of hannah; 600 bap of aztsciiii 1400 200 beg"
sugar,1850,1,3486,3261,7.3985,True,"for flectroplated set, comprising tea and coffee pot, cream ewer and sugar basin from 708 od electro-plated or nica.rx silver tea spoons from 9s 6d per dozen. table ~ from 22s od per dozen. lownorr br"
sugar,1850,1,3486,3265,7.4368,True,"thames. wilhelm balser, a german, employed i❑ a sugar house in whitechapel, was brought before mr. yard- ley, charged with assaulting and beating catherine diebel, aged 16 years. this case was present"
sugar,1850,1,3486,3266,7.4419,True,"london sugar the public sales are going off steadily, g 656. prices. refined in good demand. grocery lumps, 539t° coffee remains steady. tea the public sales are ..."
sugar,1850,1,3486,3267,7.4436,True,"contract for peas, oats, and sugar. department of the comptroller for victualling and transport services, somerset-place, 18th june, 1853. the commissioners for executing the office of..."
sugar,1850,1,3486,3268,7.4472,True,"s. d. s. d. 4....11 0 0 11 0 0 7 6 8 3 18 4 4.... 1 16 8 soup ladles, ii __ 10 @ 7 4.... 3 13 sugar tongs„. butter knives, „ .... 016 0 salt spoons. 9 mustard spoons, „ „ .... 0 7 0 egg spoons, i,, .."
sugar,1850,1,3486,3270,7.4539,True,"sugar rouse for 8) unit pima very mum reduce] to be sold, by public hoop, within the royal rooms, glasgow, upon wednesday, the 30th curt., at two &clock r...."
sugar,1850,1,3486,3273,7.4712,True,"for the electro-plated set, comprising tea and coffee pot, cream ewer and sugar basin from 70s od eleotro-plateiordt nickel silver tea spoons ••• .. from 9s 6d per dozen. desert spoons and forks from "
sugar,1850,1,3486,3274,7.4865,True,"thames. wilhelm balser, a german, employed in a sugar house in whitechapel, was brought before mr. yard- ley, charged with assaulting and beating catherine diebel, aged 16 years. this case was present"
sugar,1850,1,3486,3275,7.488,True,"electro-plated set, comprising tea and coffee pot, cream ewer and sugar basin electro-plated or nickel silver tea spoons desert spoons and forks ,from 70s od ,from _9b 6d per• dozen from 22s od per do"
sugar,1850,1,3486,3279,7.5196,True,"six ieiy of arts prize pattern. likur n 1 r 4 %nl' earcers. i cake plates. 041 la c.tr. i sugar box. !ott oa vgr cree i bowl *ni ii %val& i bole jvo. i, ,tt. 6 zgo cl'es. 1„, .., .e.r.toonrer, reedy o"
sugar,1850,1,3486,3280,7.5242,True,"0 12 8 0 5 0 thepount; 00 23 00 2 in sugar succades, includ- ing all fruits and vegetables preserved insu- gar, not other- wise enumerat- ed the resolutions were agreed to, ,end were ordered t..."
sugar,1850,1,3486,3286,7.5591,True,"london sugar the market has been dull during the week, and although the importers have refrained from pressing the buyers in public, yet we reduce our quotations ..."
sugar,1850,1,3486,3289,7.576,True,"...llhearye blel new york, june 4. tveesruyinlietdtl.etohfe iwnetaetrleise; bales same week last year. middling, 132 c. to 13zo continued lair,- and the sugar es:a:es were"
sugar,1850,1,3486,3292,7.6095,True,"at prices, for cash, that cannot fail to give general satisfaction electro-plated set, comprising tea and coffee pot, cream ewer and sugar basin electro-plated or nickel silver tea spoons •.. .• • •• "
sugar,1850,1,3486,3295,7.6198,True,"sugar mill a about 24 feet of goo l., standard-office li stillage to be let, fininished or unfuenished, a good family residence, dingle-terrace, south- hil..."
sugar,1850,1,3486,3296,7.6259,True,"tut 'almost stimiiiip. omit ets. liverpool produce market. nov. i sugar there has been a good inquiry, but as holders show no disposition to give way in price, the sales are more limited, and consist "
sugar,1850,1,3486,3297,7.6307,True,"livertool produce market.—mancri 12 sugar our market to-day has been very steady, but owing to the firmness of holders the sales are confined to 3,500 bags unclayed manilla at 45i 61 per cw'...."
sugar,1850,1,3486,3299,7.6371,True,"maribtb. 11110a11.—tbs avenge price of brown or muscovado sugar the produce ot the british pcasessioas in america fur the week ending sept. 110, is le. &lief eat. esclusive of duty. the average pries "
sugar,1850,1,3486,3301,7.6435,True,"liverpool piioditce market.-april 21. sugar the market continues firm, and extreme prices have been realised; the business comprises 30 hhds deme- rara, at 51s 350 bags bengal (to arrive), at 5..."
sugar,1850,1,3486,3303,7.6478,True,"sugar refinery 4 west blackhall closed, a• eattity and experience, but they were alive by their watchfulness and their skill now, however, the case is diff..."
sugar,1850,1,3486,3306,7.6607,True,"thames. wilhelm balser, a german, employed i❑ a sugar house in whitechapel, was brought before mr. yard- ley, charged with assaulting and beating catherine diebel, aged 16 years. this case was present"
sugar,1850,1,3486,3307,7.6659,True,"produce market sugar a good demand for foreign brown brazil, to' 19s. ad. refined large home trade demand brown 1:11 45s.—coffee is not cheaper, but there is little doing..."
sugar,1850,1,3486,3309,7.6736,True,mt the quietl: rates / except sales 11 consist tion eid. tc to 9id island change prices the during prices sugar le. per recover
sugar,1850,1,3486,3310,7.687,True,"liverpool produce market, nov. 14, • sugar quiet, and not lunch doing in coffee, tea. r:ee. shipping intet.i.i4ience. dee!, no.. 13.—the trueblue, from shields, aol kitty, from shields, nets i..."
sugar,1850,1,3486,3311,7.6906,True,"second-hand iron safe ent sugar mill and tub, nearly new; and !et of good stillages.—for particulars apply to vro be *oar or let. for sai staniard-of6ce to be let, fuitnisited or un..."
sugar,1850,1,3486,3313,7.6986,True,"l~ ~ ~~ ehan; 500 f ing 2 and way little co trade actioi in art is of the i given eontii doin sugar burin chiefl, ac; seillee of thl aiddi aentai of the giving coal n good 1 the cc ple, 13 the contir "
sugar,1850,1,3486,3314,7.7016,True,"trade report.--tuesday, liverpool aggregate shipments from glasgow from ist } january, 1856, to date same period 1855 152,868 decrease 19,146 sugar our market remains quiet, the sales being con- fined"
sugar,1850,1,3486,3318,7.7355,True,"london gazette ban krup ts.-t: mlry-land point, 1:1101as wiiiteuead, eastcheap, city, sugar dealer and colonial agent. henry martiw and sa:uuel poor, battersea park, brewers, battersea fields. william"
sugar,1850,1,3486,3319,7.7403,True,"london produce market, august 5. sales of west india sugar for to-day 320 hhds, for the week, 2,190. grocery lumps, 46s to 495. brown, 465. public sales of 51auritius 500 bags done at full prices for "
sugar,1850,1,3486,3320,7.7448,True,"...ing in this article, and prices are without any material variation. the ad- journed public sales are announced to t .ke place on thurs- day nest. s s sugar —there"
sugar,1850,1,3486,3321,7.7513,True,"liverpool produce market—tungnay. nothing to report.in sugar to•day. leeds corn market-tuesday. the arrivals continue good. the trade in all articles is slow, and for wheat as well as barley there is "
sugar,1850,1,3486,3324,7.8262,True,"adjoijkned sale sugar estate in the island of st. vincent. upset price reduced to £l,ooo. on wednesday, the 17th day of october next, by pub le roup, at two o'clock aftern..."
sugar,1850,1,3486,3326,7.8307,True,"arrivals qrs. english wheat.. „ barley 1576 „ oats „ malt „ flour ~ beans „ peas irish oats sooo foreign g london produce market.—yester,9,oaii),w sugar refined firm, but little doing brown coffee mar"
sugar,1850,1,3486,3332,7.856,True,"kinctmlane.-teits day. the following public isles are declared kr .11-1111 row sugar 600 hhda. of west india, 6,000 begs et and 2,400 bee of bengal. coffee: 60 orb of cs= 600 bags of meat indian. coco"
sugar,1850,1,3486,3333,7.8678,True,"19, great george-street, table ditto table forks dessert ditto salt and mustard spoons gravy spoons saiice ladlf.t3 .. ~ 1 4 0 1 sugar tongs set of fruit knives and forks in kaziogany case .. 3 15 0 0"
sugar,1850,1,3486,3336,7.8886,True,"society of arts prize pattern. i: cm and saucers. 2 cake plates. i: coffee cc. i sugar sol i 1112.11 wast cl7ll i bowl. and samos. i milk jug. mates. 4 loo cum. tated te blooper, may 6ollmory, la low "
sugar,1850,1,3486,3338,7.9017,True,"bristol sugar market.—nov. 11. we are still without any transactions to report, the monetary crisis haying apparently paralysed the market. dublin cattle market.-n..."
sugar,1850,1,3486,3343,7.9217,True,"london produce market. —nov. 25 sugar the small public sales are progressing steadily'. the refined market shows a slight advance. coffee: this article has increased confidence, and the p..."
sugar,1850,1,3486,3344,7.9219,True,"and heap's sugar houses, lancashire and yorkshire railway com- pany. and great howard street, are, or can all be supplied direct from the fire mains, by arranging the..."
sugar,1850,1,3486,3345,7.9237,True,"...pe of good hope were equal in every respect to -en glishmel it is surf • can. be fou 1 to testify of history, of this state of feeling by q nd q pout sugar were bro. of dowag his mutil -up al tribut"
sugar,1850,1,3486,3347,7.9604,True,"london produce si xrket.-july 28 sugar the market is very steady, at yesterday's prices. there has not been a public sale to-day. coffee the public sale of jamaica is going off without she..."
sugar,1850,1,3486,3349,7.9663,True,"... spof,las, per do dessert spoons, tea, spoons 2 12 6 2 2 6 table forks, dessert forks, toddy ladles, 2.12 .6 2 2 6 2 5 0 _ soup ladles, sallee ladles sugar tongs 3 is ordinary c 0 a l 1"
sugar,1850,1,3486,3351,8.0054,True,"• -e-2 a / '1)//s 4""- • i brigade, trade cern pendink c from home. ati • na oit:4v? the following will be the tluily ration of sugar ur 47 k,.• (3 //, e t further orders :—two ounces per man. (lo,',. "
sugar,1850,1,3486,3353,8.0218,True,"west indies, has been precisely the same, and yet year by year the production of beet-root sugar in france has been rapidly progressing. now, the soil of ireland is much better suited to the productio"
sugar,1850,1,3486,3357,8.0471,True,"claris's ing sugar by soap. this new process, invented by mr garcia, a sugar refiner, late of louisiana, was brought under the notice of the academy of sciences at pari..."
sugar,1850,1,3486,3360,8.094,True,"ei-l fa/wo /v over tile mac of each bottle. sold wholesale by the manubtaturerr, w. e. cooper p;ckle, :lila sao • slnnufaeturers, sugar }l.l, brixtul; al d 41 respectable grocers, dra,;- gists, sod co"
sugar,1850,1,3486,3361,8.107,True,"greenock sugar mkrket-thursday. sugar quiet; a little more doing at a small advance on previous rates :—brown, 47.; good yellow, 49x; white, &2e; fine white, 655. s..."
sugar,1850,1,3486,3362,8.1086,True,"liverpool produce market...-april .23 sugar the market continues very strong, pikes having an advancing tendency we have to report 100 hhds demerat.. at 503 9d to 52s 31, 2,850 mats mauritius a..."
sugar,1850,1,3486,3364,8.1185,True,"4 salt spoons, gilt bowls 0 8 01 1 fish knife .. o 18 of 1 pair sugar tongs .. 0 _5 01 1 soup lille .. .. o is of £l5 261 discount £lo per cent... 1 10 6, • £l3 12 0: .r2l 140 caution.—tke great succe"
sugar,1850,1,3486,3372,8.179,True,"liverpool produce market, march 21 sugar the demand on the part of the refiners still conti- nues good, and steady prices have been obtained for these de- scriptions; the sales comprise 500 ..."
sugar,1850,1,3486,3373,8.1794,True,"adjourned sale sugar estate in -the island of st. vincent. upset price reduced to £i,ooo. on wednesday, the 17th day of october next, by public reap, at two o'clock after..."
sugar,1850,1,3486,3376,8.2254,True,"coi ,nht da on ffd anchored, on of the • chain lower, bane. tvannah sugar _ has kindly taken the men mom ow railway. caledonian edinburgh and glasgow edinburgh, perth, and dundee eastern counties and "
sugar,1850,1,3486,3382,8.3606,True,"1 the stomach 0-e the body of being accidentally scalde4 body of nicholas -rdschen 36; dayies-street. ite w mactie's sugar house, and .ea, `eriday morni suddenly. ife was'a very sober man. verdic natu"
sugar,1850,1,3486,3384,8.3896,True,"pantiogs has just closed, by the public to m-usuo: 9 days, sugar in 4th; mime 28; 60, weeting, have received by mr. f stood pre-eminent in respect of societies of this kind. they had a kindred society"
sugar,1850,1,3486,3386,8.4752,True,"ing quite firm for all gracing, at cent. advance for middling. at new orleans what was in grin ninnl was firm sugar were firm coffee was freight the engagements were moderate. the receipts at all the "
sugar,1850,1,3486,3393,8.5455,True,"new royal pavilion. mr. john douglass was rewarded last night by an over- flowing house. the pantomime, entitled handy pandy sugar and candy, which hand will you have or, har- lequin orpheus and the m"
sugar,1850,1,3486,3397,8.6159,True,"... on or before the end march, and 53e march only. linseed oil 29s to 29e 3d. scotch pig-iron 52s to 52s 6d. spatter nominally lower. a cargo of parana sugar s"
sugar,1850,1,3486,3398,8.6164,True,"london produce market'.-august 12 sugar the public sales of foreign are going off heavily at the decline of 61 to is quoted yesterday. refined dull. lumps, 63s to 665. coffee: the public sa..."
sugar,1850,1,3486,3399,8.6183,True,"...om it may concern. to-morrow, (wednesday,) the 16th instant, at one o'clock, at the brokers' office, colonial-buildings, dale-street, 58 boxes havana sugar all faults, per j"
sugar,1850,1,3486,3401,8.6317,True,"310.2 v.) less ai for forei few days waiting sugar th rates, he inquiry 1 ties of cc falling of last year spices so tallow c improved. the heavily, 'were estii change oz in railwe the st( uls'c. for i"
sugar,1850,1,3486,3403,8.6362,True,"new royal pavilion. mr. john douglass was rewarded last night by an over- flowing house. the pantomime, entitled handy pandy sugar and candy, which hand will you have or, har- lequin orpheus and the m"
sugar,1850,1,3486,3404,8.6366,True,"...red .••• nrp ls. p angry, english. .... 4765 235 296 u 43 q‘29 3ss3 70 50 2410 .. t. e ,---.......... gs. pie. produce i""find,oaboo4;l doing, at full sugar foreign is more "
sugar,1850,1,3486,3408,8.6806,True,"for sale, by public roup. iphe glebe sugar house property, _l greenock, will be exposed to sale, by public roup, within the tontine inn there, on wednesday, the 27th july next, at one o'clock ..."
sugar,1850,1,3486,3409,8.7108,True,"plain filul table spoons, per doz table forks „ dessert spoons dessert forks ~ tea spoons „ soup ladies, each gravy spoons „ sauce ladles sugar tongs salt spooqg .. •• • n;l3 above an excellent substi"
sugar,1850,1,3486,3410,8.734,True,"exports of 1856-57 estimated ditto, 185748 52i,6-60 525,000 at southampton on sa- pacific maik write that great ex- that an the money man sugar maintains i. favourable for young antes healthy. from th"
sugar,1850,1,3486,3411,8.743,True,derath. to 34s to 445 to 445 show !ro tho sugar hhds doing
sugar,1850,1,3486,3412,8.7515,True,"conuntrciai*altsl.—ebis oar. at twelve o'clock, at 18, chapel-street, 10 casks sugar scrapings and sundries—d. c. buchanan and sons. at half-past twelve o'clock. at 9, oldhall-street, 145 packages tea"
sugar,1850,1,3486,3417,8.8034,True,"for bale, by public roup. sale to-mositow. rphe glebe sugar house property, 1 greenock, will be exposed to sale, by public roup, within the tontine inn there, on wednesday, the 27th july inst., at one"
sugar,1850,1,3486,3418,8.8049,True,"...e indirect revetitte—it fierratles all. tht registration there are ispttit,tittil; .nt tolitieett, tvaltioloo; pu potabit. ligntir% 11.140 4.1410 tat sugar and salt, melt 1.,n10.01111;"
sugar,1850,1,3486,3422,8.9424,True,"thames. a narrow escape upon a railway.--heinrich muller, a german sugar baker, a remarkably heavy look- ing man, was brought before mr. selfe, charged with tres- passing on the north london railway w"
sugar,1850,1,3486,3423,8.955,True,"for sale, by public roup. ip he glebe sugar house property, greenock, will be exposed to sale, by public roup, within the tontine inn there, on wednesday, the 27th july next, at one o'clock (if..."
sugar,1850,1,3486,3424,9.0052,True,"supplement to the liverpool stan. fruit biscuirs.—to the pulp of any scalded fruit put an equal weight of sugar sifted beat it two hours then put it into little white paper forms, dry in a cool oven, "
sugar,1850,1,3486,3425,9.0063,True,"supplement to the liverpool stan. fruit biscuirs.—to the pulp of any scalded fruit put an equal weight of sugar sifted beat it two hours then put it into little white paper forms, dry in a cool oven, "
sugar,1850,1,3486,3426,9.0097,True,"thames. frightful case op cutting and wounding.— herman meyer, a german sugar baker, was brought before mr. selfe, charged with cutting and wounding an english- man named robert smith, whose head and "
sugar,1850,1,3486,3427,9.028,True,"jas. 2.136 l sugar —no return has buts made of the sale of brown or unwired° susan, the pro,uct ot the british passessioos in america, nor of that ot the maurikins, for..."
sugar,1850,1,3486,3428,9.0527,True,"..._____ all pr comm the sales o ""tibiated at a5oo sura n• the x /iithout 4,000 ar end,t tuleric tian, at ahici: aer lb, raili a dr,°`74, ward t and pri sugar prices h tpar have ev re eelee ar"
sugar,1850,1,3486,3429,9.0547,True,"thames. a narrow escape upon a rallway.—lleinrich muller, a german sugar baker, a remarkably heavy look- ing man, was brought before mr. selfe, charged with tres- passing on the north london railway w"
sugar,1850,1,3486,3433,9.0844,True,"bound i esq., 1k on tt with two d work- li sugar kc.t. all that copy- ;uagen, cottages, ed, situate nt moseley live occupations as tenants therof advantageously iculttiral purposes.— it is :state of..."
sugar,1850,1,3486,3434,9.1046,True,"eaz/la,emf the neck of each &mi.. tli whollaniet,y ilia manufaourera, \v. e. 11. ea, plekla, and sanaa munufacturara, sugar hausa briatol and all rripsotsbls grocsts, drug- and confectioners."
sugar,1850,1,3486,3435,9.1076,True,"commercial intelligence. produce has been operated in with more frequency, and several articles, sugar amongst them, are looking up, and an increase of demand was to be remarked for some produce latel"
sugar,1850,1,3486,3436,9.1405,True,"c aaa market d pric dear, r. 1,000 nay hl german on, above through there but rao, sugar an acti% au adva transfl baul 3 pei new lone ann d, pej per i e'er zzzl"
sugar,1850,1,3486,3438,9.2291,True,"greenock sugar mkrket-thursday. sugar quiet; a little more doing at a small advance on previous rates :—brown, 47.; good yellow, 49x; white, &2e; fine white, 655. s..."
sugar,1850,1,3486,3441,9.2854,True,"jug, sugar vase, to match; cat embossed tureen, set of six cand"
sugar,1850,1,3486,3442,9.342,True,"..,_ ni to- lo the articles to be exer no tender will be r( than 5 too 7 f sugar than 10 ms. s,- sanidies of the raid ,?s than 4 lbs.), of the eln warehouse), and of the the by the parties ten, the sa"
sugar,1850,1,3486,3444,9.388,True,"london produce market. -jan. 1. sugar the business by private contract has an upward tendency. although transactions have not been large, yet buyers have paid 6d to is advance on the pric..."
sugar,1850,1,3486,3449,9.4988,True,"g-ct s r 21, -57 ing quite firm for all grades, at if cent. advance for middling. at new orleans wheat was in firm demand corn was firm sugar were firm coffee was steady. in freight the engagements we"
sugar,1850,1,3486,3450,9.528,True,...tamar is.) arrived st• southampton on thursday livening. she has brought specie value z15.1.00c. the email. is unimportant. at jamaica rum was scarce sugar 14s. to 17s. per ton. i
sugar,1850,1,3486,3451,9.554,True,"...own tip, the months of 1845 eould leith, increased pt yt!teilkt, in the i wwi banignints yank"" at the 1 labour, combined as to {be policy of the con- sugar in the latter .. o"
sugar,1850,1,3486,3455,10.0902,True,"...kes.—take four ounces of but- ter, beat it with a wooden spoon in a warm pan or basin, till it comes to a fine cream then add four ounces of powdered sugar beat it we"
sugar,1850,1,3486,3456,10.1025,True,"thames. frightful case of cutting and woundixg.— herman meyer, a gorman sugar baker, was brought before mr. selfe, charged with cutting and wounding an english- man named robert smith, whose head and "
sugar,1850,1,3486,3458,10.1288,True,"thames. serious charge of cutting and wounding.— mary ann mine, an irish woman of respectable appearance and good address, who is married to a german sugar baker (her third husband), was brought up on"
sugar,1850,1,3486,3459,10.178,True,"q,f2j 4 deer the neek of each bottle. sold whole.n by the hinnufacturrre, w. e. crapes, %aloe, pia* nod sauce mx,uftic went, sugar house wilder-street, bristol; and all respecteble greet., drug. gists"
sugar,1850,1,3486,3461,10.3646,True,"iritios (eight 11 61i's 4 ,53 15,06'635 • • • ••• 7,779 f 63 ;qin.... 653'8' ---•-1194 £35,851' chief caller' lo sugar ceolai 'nding the exclugve siri on the itry"
sugar,1850,1,3486,3462,10.4129,True,"...1846 .. 3,488,318 f t t 1 1847 .. 3,215,959 if „ 1848 .. 3,520,364 tf „ 1849 .. 3,313,062 ~ ~ 1850 .. 3,225,006 „ f v 1851 .. 2,863,441 f i „ 1852 .. sugar r, of british posses- si"
sugar,1850,1,3486,3463,10.4347,True,... little things that make the sum of the hopes and fears of men; * 'tit little moments speeding on mike three score years and ten. la a little lump of sugar llua much of sweetne
sugar,1850,1,3486,3466,10.8293,True,"exports. in the georgians, from savanna la mar, for london- -265 hogsheads sugar 50 puncheons rum; 202 casks ginger; 8 tons logwood; 120 tins arrowroot. in the castle lachlan, from falmouth for london"
sugar,1850,1,3486,3467,14.0986,True,"(late creasy), sale of furnish tea and coffee pot, cream ewer and sugar"
sugar,1850,1,3486,3470,19.6139,True,"...4i 3 4 1900! 6091 393; 179300 1 540 t 5210 1 2301 100/ 38745' 6271 974! 3670 260380; 82428;1477733 970040 produce.—a larger business has been done in sugar, but at lower prices. for "
sugar,1850,1,3486,3474,19.9539,True,"} 1,2053 101380 32407 1210284 554440 produce.—the sugar market has been dull, but as sales have not been pressed, there is little difference to note in prices. coffee without change. in tea little doi"
sugar,1850,1,3486,3475,19.9617,True,"valuable sugar estate. the commissioners will, on monday, the let day of november, 1858, at the hour of twelve o'clock at noon precisely, sell by auction (unless pr..."
sugar,1850,1,3486,3476,19.9968,True,"condiercial intelligence. (from ike monthly circular of messrs. connal 4. co., dated glasgow. dee. 1.) the business done in our public sugar market daring the month has been limited; the sales amount "
sugar,1850,1,3486,3477,20.0538,True,"mareb7b. sugar.—the average peke of brown or muscovado sugar the produce of the british poeseasions in america, for w week biding dept. 19, b 35.. 70. per cwt. excl..."
sugar,1850,1,3486,3479,20.1506,True,"/2"":.650,45 dccintre 1. 14:3, .137.5507 m. m chid corbin'. .em im:gaii.—the average price of sugar, the produce of the british posses‘ions in america, computed from the re- turns made in the week endi"
sugar,1850,1,3486,3486,21.5938,True,"...s and excise duties. on wednerday two sets of part foment, which received the royal assent on monday, were printed, to alter the duties of customs on sugar and spirits, and the excise du"
sugar,1850,2,1494,7,4.5352,True,"markets. mincing-lane, saturday morning. the colonial markets continue very depressed, and lower rates have egain been accepted. the sales of sugar have 'nnc otf heavily at a decline of gd., and on th"
sugar,1850,2,1494,14,4.6418,True,"805784 51621' 31306 30111 701 92413 5585 199072; 1770304 269670 22920 18750 20590 500 54180 • 3320 96830 900 487660 supply. of sugar at market, .the busness was confined to 50 hhds. demerara at 42.5. "
sugar,1850,2,1494,15,4.659,True,"... produce markets 'wing the week have exhibited increased buoyancy, and a further general improvement is appa- rent in most of the principal articles. sugar ha"
sugar,1850,2,1494,16,4.688,True,"liverpool weekly produce market, march 19. sugar has been very quiet during the week, owing to holders keeping back. some sales have been made on favourable terms for good qualities. inferior at a d..."
sugar,1850,2,1494,30,4.794,True,"...duce markets. mincincflane, sltvrdat evening. the colonial markets have been quiet during the week, and the amount of produce offered has been small. sugar has been in little "
sugar,1850,2,1494,34,4.8235,True,"...kly summary of the produce markets. mincing-lame. saturday morning. we are this week enabled to advise an improvement in the ;niece of some articles. sugar has met with ready pur- chasers, at an ad"
sugar,1850,2,1494,43,4.8767,True,"yesterday's markets liverpool produce.—colonial, &c. the transactions in sugar are confined to -a small parcel of benares at 45s 3d per cwt. nothing has been done in molasses, and only a few puncheons"
sugar,1850,2,1494,46,4.8998,True,"...e market-nat i. in the produce markets during the week a moderate business hrs been transatted, and prices generally are without material change. for sugar the demand has been "
sugar,1850,2,1494,55,4.9541,True,"... of tile produce markets. mincing-land, saturday morning. in the colonial markets this week there has been rather less animation. the public sales of sugar have g"
sugar,1850,2,1494,59,4.9695,True,"...—november 13. in the london produce markets during the week business has been almost suspended, and prices are again generally lower. the businees in sugar has been upon a very li"
sugar,1850,2,1494,63,4.9808,True,"mincing lane markets. in these markets last week most articles have been firm, and in several instances there has been a rising tendency. sugar may be (-motel about 63i per cwt. higher, especially for"
sugar,1850,2,1494,66,4.9972,True,"london produce market, dec. 23. sugar wanted, and rates fully as high. best yellow brings a small advance. sales of west india 300 hhds. refined firm at 565 to 625. coffee firm. good dema..."
sugar,1850,2,1494,67,4.9998,True,"bristol markets, dec, 23. the market for sugar has been so exceedingly bare of samples this week that the transactions since cur last are scarcely worth enumerating—the few boards of west india wh..."
sugar,1850,2,1494,69,5.0136,True,".111artet5. liverpool produce market, june 6. sugar of all descriptions has been only in moderate demand this week, and for the finer descriptions of bemires prices have declined 6d. per cwt. the sale"
sugar,1850,2,1494,77,5.0366,True,"produce market. sugar (foreign) free buyers for export at stiffer rates. refined found ready buyers for home trade pur- poses. low to fine grocery lumps, 475. 6d. to 50s.—..."
sugar,1850,2,1494,78,5.0373,True,"mincing-lane.-this day. .---.-- suomi continues in good demand, and full prices have been paid. the only public sale of sugar was one of 260 mob bahia; they were held for high prices, and bought in at"
sugar,1850,2,1494,80,5.0459,True,"liverpool produce markets, feb. 22. sugar has continued in active demand, and the week's business is rather extensive, at extreme prices, comprising 600 hhds plantation, chiefly demerara, at ..."
sugar,1850,2,1494,81,5.0507,True,"london produce market.-april 9. the public market will reopen on wednesdvnext. sugar prices have been fully sustained this week with a fair amount of business done, good descriptions having been most "
sugar,1850,2,1494,83,5.0584,True,...market• _ in the colonial produce-markets during the week there has been in some cases an improved demand at advanced quotations. the public sales of sugar have been upon a rather
sugar,1850,2,1494,91,5.0928,True,"...es.-liverpool, monday. transactions have been limited, the progress of the elections and the dearness of money causing a contraction of business. for sugar there lug been very little i"
sugar,1850,2,1494,94,5.1003,True,"...arket ap corar4erotal nitelligence. otty, two o'clock. the foreign and colonial produce markets during ;he last few days have been moderately active. sugar has been at steady rates, and in th"
sugar,1850,2,1494,95,5.1023,True,"...8. in the colonial produce markets during the week the tone has been steady, and prices exhibit little alteration. there has been a better demand tor sugar both for shipm"
sugar,1850,2,1494,97,5.1032,True,"mincing lane markets. in these markets last week there was a large business doing generally. sugar has been steady, with an in- creasing demand for the useful descriptions, which sea rather scarcer. s"
sugar,1850,2,1494,98,5.1069,True,"...ary of the produce markets. minciro-lani, saturday hfornixo. the colonial markets continue firm, and with a good demand for most articles of produce. sugar has sold well, and prices are abo"
sugar,1850,2,1494,103,5.121,True,"months in the mincing-lane market this week a mode- rate business has been done, and at steady prices. for sugar there has been a good general demand at an advance of fully gd. per cwt. the stock of t"
sugar,1850,2,1494,112,5.1357,True,"in two small public sales, barely maintained the previous ralue,, more especially in the lower up-country sorts. fhe demand for sugar has been daily 'improving, which gave holders the opportunity to m"
sugar,1850,2,1494,114,5.137,True,"erabe anb commerce. &mar.—considerable activity prevails in this market, and an extensive business had been done in raw sugar, at 2s. to 3s. per cwt. above the quotations realised pre- vious to the ho"
sugar,1850,2,1494,115,5.1372,True,"818s10 produce.—the market for sugar has not been so brisk as previously, and while the demand has been limited, lower prices have had to be submitted to. the sales during the week were ..."
sugar,1850,2,1494,118,5.1459,True,"the news from lf &a ana to the ith states that sugar had declined, and holders expected to lose heavily. the intelligence from mexico to the 7th says that the insurgents at the mouth continued to hold"
sugar,1850,2,1494,119,5.1461,True,"...ney ai d 00m dierctal intelligence. city, two o'clock. the foreign and colonial produce markets during the last few days have been moderately active. sugar has been at steady rates, and in "
sugar,1850,2,1494,120,5.1465,True,"produce.—there has been an active demand for sugar this week, and full prices have been maintained. coffee quiet, for rice lower rates have been accepted. in tea a fair amount of busi- ness in congous"
sugar,1850,2,1494,133,5.1732,True,"produce.—there has been more business done in sugar in consequence of holders submitting to lower prices, and a large portion has been taken for export. for coffee there has been a moderate demand for"
sugar,1850,2,1494,137,5.1874,True,"london produce market. -march 2g. the followingpublicsaies are advertised for to-morrow: sugar 9,500 bags mauritius, 3,000 bags siam, and 3,000 bags madras. rice 3,500 bags bengal. saltpetre 1,400 bag"
sugar,1850,2,1494,143,5.2074,True,pernambuco. the crops of sugar in this neighbourhood are very large. the following is a monthly summary of the markets from the latest prices current su g a as.—the entries since o...
sugar,1850,2,1494,145,5.212,True,"... intelligence city, two o'clock. a. very moderate business has been transacted during the last f.w days in the- foreign and colonial produce markets. sugar has been firm and, in the refined "
sugar,1850,2,1494,147,5.2145,True,"752510 produce.—the markets through the week have been quiet, owing, no doubt, to the uncertainty attending the proposed changes in the budget. sugar was without any material alteration from former ra"
sugar,1850,2,1494,149,5.2177,True,"liverpool produce market.—a.ta. 26. sugar we have no change to notice holders con- tinue very firm, and the sales are confined to 30 hhds jamaica at 50s 91 to 51s, 50 barrels antigua at 49s t..."
sugar,1850,2,1494,153,5.228,True,"tions. to-day, the sugar market opened with in- creased activity, both the trade and speculators having purchased freely, and prices, particularly for grocery kinds, may agai..."
sugar,1850,2,1494,154,5.2304,True,"...stol, jan. i. si'(jar. the produce markets have been i looted here sines oar last, and the only trons•etion reported is • cargo of yellow ilavantiali sugars, consisting of 1,300 buses (lau"
sugar,1850,2,1494,158,5.2355,True,"commercial circular. (from william connal • .co.'s circular, dated glasgow, 3ilth sept.) our sugar market, which had previously been very quiet, became more animated towards the middle of the month, a"
sugar,1850,2,1494,159,5.2423,True,"commercial and markets. mincing-lane.-this day. there has not been a public sale of sugar or coffee to- day, and the private contract market has not altered quo- tations. ..... tel.—the market continu"
sugar,1850,2,1494,163,5.2524,True,"yesterday's markets liverpool produce.—colonial &c. our sugar market continues without change 105 hogsheads berbice are reported at 38s 6d 4,500 mats mauritius at 435; and a cargo (4,500 hags) of para"
sugar,1850,2,1494,164,5.2534,True,"the calcutta markets. here the exports so far this month are by no means heavy. very little sugar has been shipped to great bri- tain. raw silk has not found many shippers, and just lately silk piece "
sugar,1850,2,1494,165,5.2626,True,"weekly summary of the produce markets. mincino-lanz, saturday morning. the colonial fa ark.ti opined on wednesday. for sugar the demand has bees rather limited, and although importers continue to supp"
sugar,1850,2,1494,174,5.2857,True,"the calcutta markets. here the exports so far this month are by no means heavy. very little sugar has been shipped to great bri- tain. raw silk has not found many shippers, and just lately silk piece "
sugar,1850,2,1494,175,5.2883,True,"yesterday's markets liverpool produce.—colonial, &c. the demand for sugar from local buyers continues limited, the sales being restricted tc 270 hogsheads antigua at 42s gd, but a good inquiry prevail"
sugar,1850,2,1494,180,5.2945,True,"proditce.—there has been an improved de- mand for sugar at full prices. in tea and coffee a quiet business. oils less in request and tallow dull. to-day there has been a very good inquiry for sugar, c"
sugar,1850,2,1494,184,5.3012,True,"tions. to-day, the sugar market opened with in- creased activity, both the trade and speculators having purchased freely, an rites, particularly for grocery kinds, may again ..."
sugar,1850,2,1494,187,5.3054,True,"41490 752510 produce.—the markets through the week have been quiet, owing, no doubt, to the uncertainty attending the proposed changes in the budget. sugar was without any material alteration from for"
sugar,1850,2,1494,191,5.3172,True,"bristol _markets, sept. 2. a steady amount of business in sugar has been trans- acted here this week in west india descriptions, and very full prices are freely mid for every fresh lot brought for- wa"
sugar,1850,2,1494,193,5.3255,True,"commercial and markets. mincing-lane.-this day. there has not been a public sale of sugar or coffee to- day, and but a thin attendance in the lane. suoac..—tne private contract market appears to be st"
sugar,1850,2,1494,200,5.342,True,"vote wax i (from 211isirs.wilhiom connal co.'s circular, doled glasgow, feb. 1.) a fair amount of business has been done in our sugar market during the month, the sales comprisiug 2,520 hhds. and tier"
sugar,1850,2,1494,204,5.3505,True,"...dia, ceylon 4, ale deal ;son, and outhonnlice gracec john hi on tuesday manchester olartlets. ....-....12...-- liverpool produce market. sept. 13 the sugar market continues very firm, "
sugar,1850,2,1494,208,5.3622,True,"liverpool. produce markets, jan. 27. sugar has been taken to a fair extent during the week, and the market closes rather firm. the sales embrace 900 hhds plantation, chiefly demerara, at 32s t..."
sugar,1850,2,1494,209,5.363,True,m i ncintlane:tiatii rdai morning. the colonial market has been rather steady througbeut the week. for sugar there has been a good demand the mauritius and other kinds have been realised at full rates
sugar,1850,2,1494,211,5.3681,True,"yesterday's markets liverpool produce.—colonial, &c. the sugar market having been freely supplied by the recent arrivals of brazil, more business has been doing, at moderate prices the transactions, i"
sugar,1850,2,1494,212,5.3735,True,"... a good business done during the week in almost all descriptions of produce, and a general tone of firmness seems to prevail. to-day, the business in sugar is con- fined to refi"
sugar,1850,2,1494,213,5.3741,True,"commercial and markets. mincing lane.-this day. there has been more inquiry for sugar and coffee to- day, and business to some extent has been done in both ar- ticles at the full prices of friday last"
sugar,1850,2,1494,217,5.3819,True,"produce.—the markets for colonial produce during the week have been dull, with the exception of sugar, for which there has been a good demand both from grocers and refiners. saltpetre and brimstone ha"
sugar,1850,2,1494,220,5.396,True,"london. sugar we have had av-ery...active and large genera! demand for this article during the week, at gradually' increasing prices, establishing an advance of fu..."
sugar,1850,2,1494,223,5.3992,True,"bristol svoar. 'market, oct. 19. importers of sugar are still reluctant sellers, and con- tinue to supply the market very sparingly with samples; the transactions of the week era consequently unimpor-"
sugar,1850,2,1494,226,5.4032,True,"...from the calcutta, overland price current, april 7.) the steamer hindostan arrived on the ist inst. with london dates to the 24th of february last. • sugar here has been in brisk demand, bu"
sugar,1850,2,1494,227,5.4039,True,"london produce markets. 111 the mincing lane mai kits thie week burbleu hat been inuch duller, sod pelt.. hnite declined. of sugar the supply is increasing, and mauritius liaa fallen tidy. cwt. tither"
sugar,1850,2,1494,231,5.4123,True,"mincino-lane.-this day. the private contract markets are inactive today. the public sales of produce for the week are largo and various. to-morrow of sugar 16,000 bags madras, 5,600 bags mauritius, 3,"
sugar,1850,2,1494,232,5.4147,True,"the sugar trade. the firmness and improving tendency of the market continues. mess's. freeman cla rouse of london, in their monthly circular,dated ist may, say..."
sugar,1850,2,1494,234,5.4157,True,"...ets. mincing-lanii, saturday morning. the colonisl markets have again been rather quiet, and prices of some descriptions of produce have declined. of sugar only small"
sugar,1850,2,1494,235,5.4185,True,"by this digging • there commercial circulars. (from hilliam connal co.'s monthly circular, dated glasgow, aug. 31. our sugar market during the greater part of thb month was quite inanimate, but within"
sugar,1850,2,1494,239,5.4246,True,"brazils. the pilot fish, at liverpool, brings dates from bahia to the ist of march. the news is very un- important. at bahia the arrivals of sugar have been consider- able. prices flatter, and at 2,00"
sugar,1850,2,1494,240,5.4273,True,"the mincing lane markets. in these markets this week there has been a larger business doing. the demand for sugar has increased, and very full rides have been obtained, notwithstanding the liberal sup"
sugar,1850,2,1494,241,5.4286,True,"liverpool produce mark et.-feb. 3. sugar we have a very steady market 60 hhds demerara have realised 50s 6d to 51s, 1,000 bags pernams in bond 345, 105 cases, 1,800 bags bahia 355, and 10 ca..."
sugar,1850,2,1494,245,5.4385,True,"yesterday's markets 11.tverpool produce.—colonial &c. our sugar market remains quiet, prices being without change; a small lot of demerara has been sold at 45s 3d 100 boxes havannah at 25s 6d to 28s ("
sugar,1850,2,1494,246,5.4386,True,"liverpool produce market.—auo, 31. sugar is still dull, and we have only to notice the sale of 45 hhds barbarioes, of which the price is not reported. molasses: 93 puncheons antigua have bee..."
sugar,1850,2,1494,249,5.4409,True,"commercial and markets. mincing-lane.-this day. si:toll—the sugar market has been steady in prices, bat tke demand limited. the refined market is firm, at last week's prices: c0e711.-1,000 bags native"
sugar,1850,2,1494,255,5.4525,True,"...ket-arm 3 in the colonial produce markets doring the week therehas been an improved feeling, toe late partial inactivity having entirely disappeared. sugar has again a"
sugar,1850,2,1494,258,5.4581,True,"nsols have st. produce of alt kip d the_consuming classes ipproach to the range w fh of life, grain _ 0 per cent. within the past three .oionial sugar is approaching price; and other import larly affe"
sugar,1850,2,1494,259,5.4588,True,"produce.—there has been an active demand for sugar this week, and full prices have been maintained. coffee quiet, for rice lower rates have been accepted. in tea a fair amount of busi- ness in congous"
sugar,1850,2,1494,263,5.4671,True,"2-sv2o 25104 25104 431000 produce.—the sugar market opened with a dull aspect, and the trade have shown little disposition to purchase, and few sales have been effected. in coffee, a steady trad..."
sugar,1850,2,1494,273,5.4844,True,"the mincing lane markets. in these markets this week there has been a larger business doing. the demand for sugar has increased, and very full rides have been obtained, notwithstanding the liberal sup"
sugar,1850,2,1494,276,5.492,True,"produce market. sugar foreign in demand at previous terms. refined meets with a slow sale; brown lumps 445. to 445. 6d. small soles in coffee, but full prices demanded. te..."
sugar,1850,2,1494,277,5.4927,True,"0 70 5 55 the calcutta markets. here the exports so far this month are by no means heavy. very little sugar has been shipped to great bri- tain. raw silk has not found many shippers, and just lately s"
sugar,1850,2,1494,281,5.4966,True,"commercial and markets. mincing-lase.-this day. sugail—the ..all public sales of sugar have gone of steadily, at full prices. fined remains unaltered; brown lamps, 42a. grocery, 435. to 48r. coppeb.—t"
sugar,1850,2,1494,285,5.5181,True,"liverpool produce market.—aucu3t 7. sugar we have no change to notice in the tone of our market, which still continues quiet 150 bags benares are reported at 60:;, 170 hhds. cuba at 48s 61 to..."
sugar,1850,2,1494,286,5.5185,True,"doing. tea, at previous rates. palm oil and tallow rather lower.—to-day, the sugar market has been quiet, and the only sales reported consist of 600 bags madras, at 30s. 9d. 35 hhds. cuba and porto ri"
sugar,1850,2,1494,287,5.5192,True,"produce.-for sugar the demand continues steady, but being fairly met by holders, no change in prices can be quoted the sales consist of 100 hhds. 8.p., 9,500 bags benga..."
sugar,1850,2,1494,291,5.5314,True,"liverpool produce market.--ff:b. 25. sugar we have had a good market, and full prices realised 400 bags benares are reported at 54s 6d, 1,400 bags native madras at 44; 9d, and a cargo (27,670 ..."
sugar,1850,2,1494,298,5.5454,True,"...n the mincing-lane markets during the week there has been • good deal of business done of a gen- eral character, and with fair support to prices. for sugar there was • r"
sugar,1850,2,1494,299,5.5455,True,"...ial on 'change tallow 505 to 53s on the spot, and 49s 91 all the year. linseed oil 30s 6d to 30s 941. scotch pig- iron 541 to sls 6d. five cargoes of sugar sold, three brazil and two havana, at"
sugar,1850,2,1494,300,5.5479,True,"commercial intelligence. (from w. comm! 4- co.', monthly circular, dated glasyo4o, noy. 30.) our sugar market opened under the influence of strong excitement, from the rapid and continuance ad- vance "
sugar,1850,2,1494,301,5.5498,True,"...ctal intelligence. city, two o'clocx. during the last few days the markets for foreign and colonial produce have exhibited consideralie firmness. for sugar there was a fair in"
sugar,1850,2,1494,305,5.5537,True,"yesterday's markets liverpool produce.—colonial, &c.—our sugar market continues steady; 200 bags yellow cossipore are reported at 48s 6d 1,600 bags guipatta dates at 41s 6d cases bahia, in bond, chief"
sugar,1850,2,1494,307,5.5574,True,"produce.—there has been a steady trade in sugar during the week, chiefly in madras and mauritius. in coffee little doing. rice without alteration. tea slightly dearer. saltpetre, ss. to 6s. per cwt..."
sugar,1850,2,1494,310,5.5607,True,..._ in these markets this week then has not been so much activity and purchasers hose ind as *duets/ea far esti. pric:a an concerned. whtish plantation sugar has liven in limited r
sugar,1850,2,1494,315,5.571,True,"bristol sugar market, sep. 7. the market has been rather quieter this week, es was, however, to be expected from the large transactions lately reported here. impor..."
sugar,1850,2,1494,316,5.5712,True,"produce.-' e sugar market has been in a very excited state during the week, and nearly everything offering has been cleared off at an advance of ls. 6d. to 2s. per cwt...."
sugar,1850,2,1494,322,5.5947,True,"39080'22584`01 18290'2006669'630450 produce.—the markets have been steady during the week, without any important change in prices. sugar has been firm, but tea and rice are not quite so easy of sale. "
sugar,1850,2,1494,325,5.6042,True,"bristol markets, may 4. the sugar market continues extremely firm, and im- porters are unwilling sellers, even at the advance lately established, good offers having been made and refu..."
sugar,1850,2,1494,328,5.6166,True,"...t—minn 11. the colonial produce markets during the week have been inac- tive, and there his been a partial decline in some of she principal articles. sugar does not pre"
sugar,1850,2,1494,329,5.617,True,".... passen- i end the barbadosa had sonsiderably improved for crop 1 operations. bevirsd estates had finished, but a fair ro yid mil steam- quantity of sugar remained to be made. the you"
sugar,1850,2,1494,332,5.6317,True,"...amial markets thare has been less anaastion during the nek, and imparters in order to realise have in ni any instances had to accept lower rates. for sugar thero"
sugar,1850,2,1494,333,5.6403,True,"...ednesday evening, october 3. 1855, island, lies in a hopeless condition. his recovery from illness is exceedingly doubtful. considerable shipments of sugar are about to be made to "
sugar,1850,2,1494,335,5.6469,True,"latest markets. (by electric telegraph.) livepool rprodi7ce market—tumuit. sugar refined descriptions enquired for, but increased expectations of holders has checked business, coffee: 14 tierces fine "
sugar,1850,2,1494,338,5.6496,True,"1177877 548210 proditce.—sugar has been quiet, and rather lower prices accepted. for coffee a good demand, at full prices. for tea, of good quality, the market is quiet, but lower ..."
sugar,1850,2,1494,339,5.6525,True,"bristol markets, oct. 21. • the refiners in sugar have been free purchasers this week, and importers having met the demand, consider- able sales have been effected in west india since our hut report ..."
sugar,1850,2,1494,340,5.6553,True,...don produce market-hi cf 29. in the london produce markets during use week the transac- tions generally have been upon limited scale. the recovery in sugar noticed last friday has been followed by 
sugar,1850,2,1494,346,5.6712,True,"... going to press the london mail, though overdue, had not arrived. we have no change to note in the prospects of the indigo crop. the business done in sugar"
sugar,1850,2,1494,352,5.687,True,"...ur last prices current, the im- port business has exhibited nothing of novelty, owing to the non-arrival of supplies. in the export trade arrivals of sugar continue to b"
sugar,1850,2,1494,354,5.6884,True,"freights here. sugar is now taken at 1/. 10s. a ton in place of si. to 6/., which were within six months the ruling rates."" in st. lucia the cholera was somewhat abating...."
sugar,1850,2,1494,358,5.6948,True,"produce.—there has been a steady trade in sugar during the week, chiefly in madras and mauritius. in coffee little doing. rice without alteration. tea slightly dearer. saltpetre, ss. to gs. per cwt..."
sugar,1850,2,1494,360,5.6967,True,"barbadoes. in this island the planters were anticipating a very large crop of sugar; larger, in fact, than the place had ever produced. trinidad. the port of sooin gazsi'e, of the latest date (jan. 11"
sugar,1850,2,1494,361,5.6992,True,"yesterday's markets liverpool puonrce.—colonial, &c.—there is no change to notice in the sugar market, which continues quiet but steady, 500 bags dates are reported at 40s to 41s, and 2,600 bags ceara"
sugar,1850,2,1494,366,5.7107,True,"london produce market, sept. 18. sugar dull for brown and inferior, but a fair demand for superior yellow at full !wines. refined wanted; low lumps, 62s gd. sales of west india, 402 hhds.;..."
sugar,1850,2,1494,367,5.7127,True,"london produce mirket.-serr. 2. sugar the market is dnll, and the 2'50 hhds. of cuba offered iu public sale were bought in by the importer, as previous prices were not offered for them. r..."
sugar,1850,2,1494,369,5.7149,True,"bristol sugar-sept. 24. the supply of sugar this week has been very small, not equal to the wants of ti2e trade, and the few sales made have been at full rates. li..."
sugar,1850,2,1494,372,5.7192,True,"london produce market, march 24. sugar—business limited, but better sorts realise full value, but common rather lower; less doing in refined. coyfee—few buyers value of plantation ceylon u..."
sugar,1850,2,1494,375,5.721,True,"commercial. -jamaica april 6. freights on a 1 ship have been taken up for for london at 21. 10s. par ton for sugar put alongside. pimento.—the crop has been all got io, and there is not now any market"
sugar,1850,2,1494,377,5.7244,True,"london produce market, july 23. sugar firm, and supply larger; good business refined wanted; low lumps 528 6d. coffer —plantation ceylon wanted, and prices again rather higher; some busin..."
sugar,1850,2,1494,378,5.7284,True,"...aturday morning. in the colonial markets this week there hu been ins animation, and in some instances, lower rates have been accepted. large sales of sugar have been held, and occa- sio"
sugar,1850,2,1494,379,5.7291,True,"...ing lane markets. in these markets this week there has been a much bet- ter demand for most articles, with increased transactions. british plantation sugar has been at very firm rates, and east in"
sugar,1850,2,1494,381,5.7294,True,"second ft epode. sugar quiet, but prices generally the same, and shoat is per cwt, higher than on friday last. bales of west in&a' 702 hogsheads, making 4,587 for the week...."
sugar,1850,2,1494,382,5.7308,True,"produce.-for sugar there has been an im- proved demand at rather higher prices. the sales comprised 400 hhds. west indian, 3,000 bags bengal, and 2,500 mats mauritius. ..."
sugar,1850,2,1494,383,5.731,True,"liverpool general produce market, the sugar market continues flat, and the sales limited to 350 hlids b.p. and 1,000 bags bengal, without material change in prices. a little speculative inquiry..."
sugar,1850,2,1494,386,5.7361,True,"london produce market, ocr. 19. sugar wanted, and rather higher prices paid. there will not be a large supply this week. refined in good demand; low lumps, 601. coffee—demand improving. a..."
sugar,1850,2,1494,388,5.7432,True,"yesterday's markets • liverpool produce...coioniai, &c.—the sugar market re- 'mains quiet, but steady. 20 hogsheads cuba are reported at 42s 6d; 100 boxes havannah, at 28s 6d, in bond; and 3,650 bags "
sugar,1850,2,1494,389,5.7446,True,"gordon, latest markets. (by blisctric telboraph.i london produce market—tossuat. sugar firm, several paroele sold, refined quiet; low lumps 70s. coff.e fully as dear; demand good, fine clean native ce"
sugar,1850,2,1494,393,5.7627,True,"... saturday morning. in the cqonial tirirkets a good demand exists for produce, and saveral 'loath.; cargoes have chan4e.l hands. the pub- lic sales of sugar life goue off steadily"
sugar,1850,2,1494,395,5.7691,True,"...a, havana, &c we have intelligence from kingston, jamaica, to the 11th inst. the journal says that there will be an unpa- ralleled falling off in the sugar crops. our havana advices, which exten"
sugar,1850,2,1494,396,5.7797,True,"as very little is doing, and producers still well enlza liverpool produce market.. colonial, &c the sugar market is without change bags benares are reported at 42s 9d to 43s 9d, and r havana, in bond,"
sugar,1850,2,1494,404,5.7865,True,"...summary of the produce markets. mtxctxo•laxg, saitimat morning. the improved demand which we nuticcd in our last week's report as hiving occurred for sugar has not continued; a railer large qua"
sugar,1850,2,1494,414,5.8046,True,"...us. the advices from the mauritius are to the 11th march. abundant rains had greatly benefited the plantations, money was plentiful. trade was heavy. sugar had advanced. brazilian and river pla"
sugar,1850,2,1494,415,5.8065,True,"yesterday's markets, liverpool produce.—colonial, &c.: we have no change t°,l notice in our sugar market. 70 hogsheads demerara are repoind at 38s 3d to 39s 6d, and 5,400 bags pernams, in bond, at 24'"
sugar,1850,2,1494,416,5.8079,True,"trade report, the export market at bombay and calcutta brisk, and looking up. indigo commands higher prices. sugar much in demand. saltpetre sought better after. rice firm; the supply sufficient. opiu"
sugar,1850,2,1494,418,5.8171,True,"bristol sugar market, iugust 3. there has been an excellent demand this week for all descriptions of raw sugar' nearly everything brought forward having been readi..."
sugar,1850,2,1494,419,5.8185,True,"bristol sugar market.—august 8. the market is still ♦ery depressed, and in the few sales effected in west india since our last report, which do not exceed 200 hhds..."
sugar,1850,2,1494,421,5.822,True,----.--•-..--- liverpool produce mar/mt.—july 8. sugar we have no sales to notice; and the market closes- flatly. molasses :- 360 puncheons cuba muscovado have been sold at 16s 3d per cwt from the qua
sugar,1850,2,1494,422,5.8221,True,"second report. sugar rather dearer; demand brisk; sales of west india 300 hi.da. _ ___.. coffee—good demand,and much inquiry; 1,000 mids. native sold at 58s. tea quiet, a..."
sugar,1850,2,1494,425,5.8235,True,"produce.—there has been a steady trade in sugar during the week, chiefly in madras and mauritius. in coffee little doing. rice without alteration. tea slightly dearer. saltpetre, ss. to 6s. per cwt..."
sugar,1850,2,1494,426,5.8237,True,"latest markets. (by bluctric telegraph.) london produce market—tuesday. sugar in good demand, and prices 6d to is above last friday's; refined sells readily—grocery lumps, os to 685. coffee: several p"
sugar,1850,2,1494,430,5.828,True,"london produce market, feb. 13. sugar firm, and many parcels sold; refined is less wanted, but fully as dear. _ corion sells'readily, and the previous advance fully sustained for ceylon. ..."
sugar,1850,2,1494,433,5.8317,True,"2-sv2o 25104 25104 431000 produce.—the sugar market opened with a dull aspect, and the trade have shown little disposition to purchase, and few sales have been effected. in coffee, a steady trad..."
sugar,1850,2,1494,438,5.8431,True,"...ur last prices current, the im- port business has exhibited nothing of novelty, owing to the non-arrival of supplies. in the export trade arrivals of sugar continue to "
sugar,1850,2,1494,439,5.8441,True,"latest markets. (by electric telegraph.) london pitoduce aiticet—tuesoa v. sugar dull, and pi ices difficult to quote. hales of weat india, 66 hhdm. refined brown imolai, 62e to 52s 6.i; grocery, 53s "
sugar,1850,2,1494,440,5.8448,True,"produce.—there has been a steady trade in sugar during the week, chiefly in madras and mauritius. in coffee little doing. rice without alteration. tea slightly dearer. saltpetre, ss. to gs. per cwt..."
sugar,1850,2,1494,443,5.851,True,"... germany, lamm, ist.—the fair had progressed satisfactorily for texile goods. hamburgh, 3rd.—coffee met readier salest at some.. what reduced prices. sugar r"
sugar,1850,2,1494,448,5.8705,True,"colonial, &c.: the sugar market is without change; late on thursday 440 hhds antigua, to arrive, were sold at 41s from the quay and 200 bags dates subsequently at 41s 6d per ..."
sugar,1850,2,1494,449,5.8714,True,"france. the moniteur says—"" the minister of commerce has submitted to the examination of the council of state a bill for modifying the tariffs of sugar and coffee. the bill, which has been examined by"
sugar,1850,2,1494,450,5.8716,True,"bristol sugar market, sept. 18. there is a better demand from the grocers, which has been met by importers at very reasonable prices. a fair business has been done..."
sugar,1850,2,1494,451,5.8766,True,"bristol sugar market, fed. 27. the market has been rather quiet this week, chiefly, however, for want of supplies, as there is still a good demand, especially fur ..."
sugar,1850,2,1494,453,5.8779,True,"weekly summary of the produce markets. mincing-lane, saturday morning. there has been rather more demand for sugar this wet k, and prices of most descrip•isne hav • be. well suporied, the low kinds al"
sugar,1850,2,1494,456,5.8825,True,"yesterday's markets, liverpool pnonums.—colonial, &c. the transactions in sugar continue without alteration in prices 65 hogsheads demerara are reported at 40s 3d, 670 bags bengal at 40s 6d to 41s 0d "
sugar,1850,2,1494,459,5.8859,True,"...een's visit, the usual corn, cotton, and produce markets were not held in liverpool on friday.) --- liverpool produce market, oct. 8. the business in sugar is conf"
sugar,1850,2,1494,461,5.895,True,the mincing-lane ma.rkets. in these markets this week sugar has been quiet with- out any permanent alteration in price. the purchases on foreign account have been more restricted. refined has been at 
sugar,1850,2,1494,473,5.9234,True,"commercial. -jamaica april 6. freights on a 1 ship have been taken up for for london at 21. 10s. par ton for sugar put alongside. pimento.—the crop has been all got io, and there is not now any market"
sugar,1850,2,1494,476,5.9285,True,"london sugar the market has opened with an upward tendency, and rather higher prices have been paid in the private contract market. the public sales are progres- ..."
sugar,1850,2,1494,477,5.9294,True,"bristol sugar-may 11. there has been a steady demand for sugar this 'week, at a trifling decline in price. the first crop of barbadoes this season was put on the m..."
sugar,1850,2,1494,483,5.9401,True,"bristol sugar market, oct. l. the samples of west india sugar in the brokers'ofilee have been greatly reduced by the recent sales; indeed, the entire stock of the ..."
sugar,1850,2,1494,486,5.9487,True,"the sugar and rum markets. the economist says—' the sugar market has been buoyant through the week;' ex tenaive transactions have taken place, and pikes genera..."
sugar,1850,2,1494,487,5.9504,True,"londo the holidays have prevented the usual amount of buslnesl7,7ble, ai there have been but two open days, and 1110.01) 'fay consist only of sugar which are going off steadily• -prices have been fuly"
sugar,1850,2,1494,490,5.9647,True,"london produce market. —finn 21. the following public sales are advertised for to-morrow, viz. :—sugar 150 hhds demerara, 8,000 bags mauritius, and 3,000 bags madras. coffee 1,000 bags native ceylon, "
sugar,1850,2,1494,491,5.9687,True,"market intelligence. from the london new price current of yesterday.) sugar.—to-day the british plantation sugar market closed with a dull appearance, and prices compared with last friday show a reduc"
sugar,1850,2,1494,492,5.975,True,"...rcial circulars. produce markets. (from, william connal 6: co's monthly circular, dated glasgow, 31st january.) a large business has been done in our sugar market during the month, the sales comp"
sugar,1850,2,1494,496,5.9902,True,"ship news. arrived in the clyde on mond-ay, the reliance t 242 tons), flynn' from st. rites, with • cargo of sugar and molusesforgreeneek sailed 3d ult., on the 11th last, in lat. 51 46, long. 22 18, "
sugar,1850,2,1494,502,6.0034,True,"latest markets. (by elsotrio telegraph.) london produce market—tuesday. sugar: fair business at full prices; better sorts most in demand. refined bought readily for home; low lumps, 70s 6d. tea: deman"
sugar,1850,2,1494,506,6.0101,True,"london produce market. -march 12. sugar the market continues inactive, but prices are unaltered. the small public sale of foreign was bought in above the market value. refined steady. coffe..."
sugar,1850,2,1494,507,6.0107,True,"latest markets. (by elnotrio tielegraph.) london produce bfarket—tozeney. sugar dull and declining. refined—low lumps, ns 63. coffee much wanted; plantation ceylon advancing. teo tirtn, and in good de"
sugar,1850,2,1494,508,6.012,True,"london produce market.—august 6. sugar the market continues depressed, and the public: sales are going off heavily quotations must be considered fairly nominal. coffee there has not been a..."
sugar,1850,2,1494,512,6.0197,True,"liverpool produce maiiket.-jan. 7. sugar we continue to have a firm market, and full prices are realised; 35 hl,ds demerara are reported at 51s, 1,500 bags benares at 52s 6d to 53s 6d, and 1..."
sugar,1850,2,1494,515,6.0207,True,"markets. sugar.—the average price of sugar, the produce of the british tesssessions in america, computed from the re- turn. maile in the week ending the t2nd march,..."
sugar,1850,2,1494,516,6.0212,True,"london produce market, sept. 9. sugar still dull brown is to 2s lower, and yellow 6,1 to is. sales of west india 456 hhcli. few buyers of refined; low lumps, 595. cgffee wanted. supply sm..."
sugar,1850,2,1494,517,6.0258,True,"...,200 surit are reported 12,000 bales, of which lation and for export. pio iron :.our market for warrants closes at 68 6d cash three months open, 69.. sugar there has been a"
sugar,1850,2,1494,520,6.0356,True,"market intelligence. (front the london new price current of yesterday.) sugar.—to-day the british plantation sugar market closed with a dull appeafance, and prices compared with last friday show a red"
sugar,1850,2,1494,524,6.0387,True,"liverpool produce market.—no'/. 2 sugar there is no change to notice in our market. and the business is confined to a sale of 5,000 mats brown mauritius at 433 per cwt. molasses 75 puncheon..."
sugar,1850,2,1494,525,6.0389,True,"the sun, quarter. this would be very satisfactory ifh matters bad remained i;e statu quo but when we consider that a large reduction in the sugar duties took place only nine months since, a reduction "
sugar,1850,2,1494,527,6.0435,True,"mincing lane markets. in these markets last week there was less animation, although at the close there was a better feeling. sugar was generally about 0d per cwt. cheaper, but british plantation recov"
sugar,1850,2,1494,528,6.0435,True,"bristol sugar market.-jan. 24. prices have been well supported this week, both for raw and refined sugar; and in the latter description some con- siderable sales h..."
sugar,1850,2,1494,530,6.0445,True,"25126( '17407 575990 ti,lliloduce.—there has been no material in the sugar market. grocery kinds still otiuue in limited supply, and holders of barba- s have been enabled to obtain rather higher molas"
sugar,1850,2,1494,531,6.0468,True,"... ttinadat stamen. the dutch eat india trading company have ad- method foe pablis sale at masterdom on the 11th atitstles folluwing quantities of java sugar 60,342 in stars at amearditm 26"
sugar,1850,2,1494,535,6.0555,True,"} 1,2053 101380 32407 1210284 554440 produce.—the sugar market has been dull, but as sales have not been pressed, there is little difference to note in prices. coffee without change. in tea little doi"
sugar,1850,2,1494,537,6.0638,True,"second report. sugar —scarcely any bnsiness dons privately, anj parcels in public sales withdrawn. prices cannot be accurately given. coffee —l.l intation ceylon wanted. ..."
sugar,1850,2,1494,543,6.071,True,"...shall refer on another occasion. at now orleans, on the ist inst., sterling exchange was quoted at 9i premium. the value of cotton was unsettled, and sugar was quoted at 9d per lb. we have la"
sugar,1850,2,1494,544,6.0712,True,"...market is very quiet, but prices rule firm. tho public sales have been adj mirned until wednesday next, when prices will be legitimately established. sugar —the private transactions"
sugar,1850,2,1494,548,6.0797,True,"oers and distillers. to t ocust beans having proved on analysis to con- tain upwards of 60 per cent. of sugar and gum, and being otherwise found an article of food, so admir- ably suited for cattle, h"
sugar,1850,2,1494,557,6.0922,True,"...s 3d on the spot, and 4ibc. end of year. linseed oil 34s 6d. scotch pig-iron 525 6d. speller £24. sales of cotton 400 bales. nothing of importance in sugar or coffee. go"
sugar,1850,2,1494,564,6.1004,True,"request, monthly k in latest markets. wi"" electric telegrzione london produce marre;ll,—:putbper. sugar dull, and 8d to 15 cheaper than on friday, lower sort.' being beat wanted. in refined bade done,"
sugar,1850,2,1494,566,6.1047,True,"re unchanged d. s'oo surat at 3d. to aid 200 bahia at sid at 41d. to 6fti.- per lb. sugar has been in good demand since the making up of the weekly report. the demond has been very freely met, so that"
sugar,1850,2,1494,567,6.106,True,"--i-- liverpool produce market.-may 25, colonial, sce there. is no change to notice in the sugar market; 20 hhds demerara are reported at 37s 3d, 50 hhds trinidad at 36s 9d, and 4,000 bags good yellow"
sugar,1850,2,1494,569,6.1101,True,"tue sugar, trade. mr. moffatt moved for tabular returns showing the quantities of sugar of the several sorts imported into the united kingdom; and the quantity..."
sugar,1850,2,1494,577,6.1206,True,".... passen- i end the barbadosa had sonsiderably improved for crop 1 operations. bevirsd estates had finished, but a fair ro yid mil steam- quantity of sugar remained to be made. the you"
sugar,1850,2,1494,581,6.1245,True,"latest markets. (by electric telegraph.) london produce market--ituksnee. sugar: scarcely any change in prices, and demand not equal to supply; refined wanted—low lumps not to be bought under 62s 61. "
sugar,1850,2,1494,582,6.1255,True,"london produce market. -jan. 9. sugar the market opened on tuesday with a general good demand, and large operations took place at is advance on the prices which ruled preceding the holida..."
sugar,1850,2,1494,583,6.1255,True,"bristol sugar-dec. 2s. the sugar market is closed for the christmas holidays, and consequently there is nothing to report. business will be resume:l on the 2d janu..."
sugar,1850,2,1494,584,6.1287,True,"the brazils. tte emma brings advice§ from pernambuco to the 27th of march. the fever was worse. sugar was firm. receipts small. first and second qualities— white, 23.. 2d. to 265. .5d.; third and four"
sugar,1850,2,1494,587,6.1351,True,"the tiveßreit itandard. larl tt liverpool produce market, july 19. sugar there has been a steady demand, and the ,sales amount to 750 hhds. b. p., and 3000 bags bengal, at extreme rates 300 lais. and "
sugar,1850,2,1494,592,6.1447,True,the sugar speculation. the rise ha the price of sugar—fully 40 per cent.— within the last ivecic has been caused by extensive ope- rations entered into by thre...
sugar,1850,2,1494,594,6.1501,True,"london produce market.—nov. 18. psia gloom has suddenly come over our markets to-day, and yesterday's prices are not attainable. sugar the bulk of the public sales was bought in, and a small decline w"
sugar,1850,2,1494,596,6.1579,True,"second report. sugar in steady deinand.—tea unaltered.—ltice at auction 2.50 bags bengal, all faults, 149. 6d. to 14s. 9d. for first-class damaged, and 400 bags mountain,..."
sugar,1850,2,1494,599,6.1651,True,"london produce market. —dec. 18. sugar the market has opened with a dull appear- ance at the decline of is to 23, which was established yes. terday. corae: the market remains firm, and the..."
sugar,1850,2,1494,602,6.1678,True,"... ought 5.5 s gd for p.y.c. on the delivery. linseed oil '4os 6d. spelter £3l 103. petersburg vn to £24. sales of cotton for :lire° or four cargoes of sugar na, 453 to 4gs f"
sugar,1850,2,1494,604,6.1708,True,"produce market. sugar foreign is firm, at full prices; several parcels yellow havana sold. refined: sales large; grocery lumps 46s to 495. coffee: several buyers; native c..."
sugar,1850,2,1494,610,6.1818,True,"... order of the dock estate on account of whom it may concern. 'asnly, the ist and 2nd of june next, at 'half-past one o'clock each day, a 'quantity of sugar scraping, cotton pickings, it 1"
sugar,1850,2,1494,612,6.1855,True,"mincing-lane.-this day. the public sales declared for to-morrow consist of:— sugar 250 hhda. west india 20,000 bags mauritius, 3,300 bags bengal, and 600 bags madras. coffee 200 casks and 1,000 bags. "
sugar,1850,2,1494,613,6.1868,True,"the new proposed duties. the following are the duties upon sugar and tea, as pro- posed to be enacted :-- sugar—the cwt. preffent there- duty. 1847-8. 1858-9. 1859-89. after.. £8.(1 ed ed ed ed refine"
sugar,1850,2,1494,616,6.1982,True,"colonial. tea.—there being large public sales today the trade have been fully occupied with the samples, and we have no transactions to report. sugar.—for sugar there has been some inquiry, and holder"
sugar,1850,2,1494,617,6.2019,True,"...venue returns. the net increase on the revenue of the genet, just ended is 1,440,5074. of this 584,0721. is from customs, in which the single item of sugar has produced 440,000/. more than in th"
sugar,1850,2,1494,618,6.2043,True,"...ales continue to progress briskly, and prices are from ld to 2d higher than at the previous series. privately, tile market generally is firm. bristol sugar mar"
sugar,1850,2,1494,623,6.2129,True,"bristol markets. feb. the sugar market has been rather quiet since our last, and as the refiners are pretty well in stock for a week or two, they do not appear to be buyers unless a..."
sugar,1850,2,1494,624,6.213,True,"...islands. until within the last two months, these islands, with the exception of dominica and antigua, have been suffering much from want of rain. the sugar crops, in consequence, "
sugar,1850,2,1494,625,6.2154,True,"liverpool general produce market. friday, july 23 there is an improved feeling in the sugar market, and the sales, which amount to 600 hhds 8.p., 4000 bags of bengal, and 500 bags of mauritius, are at"
sugar,1850,2,1494,631,6.2258,True,"foreign miscellany maption curable.—dr. cartwright, of new orleans, asserts, from personal experience, that a few hours spent in a sugar manufactory, inhaling the saccharine fumes, is a certain cure f"
sugar,1850,2,1494,632,6.2269,True,"markets sugar.—the avenue price of suer, the produce of the british possessions in nmerlea, onnputed hem the return. made in the week ending the 29th day of jan., ..."
sugar,1850,2,1494,634,6.2311,True,bristol sugar-jan. 18. we have again this week to report the total suspension of business in the sugar market—making it now ten week. without a single transaction ...
sugar,1850,2,1494,637,6.2439,True,"wf,st in the sticiaa caor.—the sugar crop of barbadoes and st. lucia is likely to fall short, and from the same <muse —the non-yielding of the canes. we learn from the wert indica, that ..."
sugar,1850,2,1494,645,6.2581,True,"... ought 5.5 s gd for p.y.c. on the delivery. linseed oil '4os 6d. spelter £3l 103. petersburg vn to £24. sales of cotton for :lire° or four cargoes of sugar na, 453 to 4gs f"
sugar,1850,2,1494,649,6.2608,True,"...h.—william williams, an elderly, withered-looking man, upwards of 60 years of age, was brought before mr. selfe, charged with stealing a pound of raw sugar, the prop"
sugar,1850,2,1494,654,6.2692,True,"...the sale ineumbered estates in the west indies. in the matter of the estate of william samuel greatheed, owner; sophia. burgpss, petitioner. valuable sugar estate"
sugar,1850,2,1494,656,6.2749,True,commercial and markets. mincing-lank—this day. to-day is a holiday in the colonial produce market ;no public sales of sugar or coffee. suosa.—th;s article has a firm appearance. sales to some extent a
sugar,1850,2,1494,659,6.2762,True,"...h.—william williams, an elderly, withered-looking man, upwards of 60 years of age, was brought before mr. selfe, charged with stealing a pound of raw sugar, the prop"
sugar,1850,2,1494,662,6.2798,True,"commercial and markbts. 2.11141c1ng-lantl—(this day.) there ha, not been a public sale of sugar or sass to-day, but both article; have a very steady appeartnee. a goads. cargo of rio c.iffe3 la report"
sugar,1850,2,1494,663,6.2835,True,"bristol sugar market, april 14. there is very little assortment at the brokers' offices, indeed nothing is offering but a few lots of low barba- does. there has be..."
sugar,1850,2,1494,667,6.2902,True,"imports for the week ending july 3. foreign.. .983; previously, 56,081; total, 57,064 bales. 13riseol sugar market, july 2. the market has been dull during this week, and to effect sales of importance"
sugar,1850,2,1494,668,6.2911,True,the kroohen (front the daily netve.) we briefly referred to the absurdity of the scheme of engaging krootnen for west india tillage and sugar boil. log after the debate in the lords; but the solemnity
sugar,1850,2,1494,669,6.2924,True,the mauritius. by the imperador we have advices from the mauritius to tie 224 ultimo. it is stated that the produce of the sugar crop was the largest ever realised. the manager of the oriental bank ha
sugar,1850,2,1494,673,6.2955,True,...erally are ample but as regards pickled fish—herrings and alewives especially—a considerable portion is of indifferent quality and almost unsaleable. sugar and rum
sugar,1850,2,1494,679,6.3059,True,"contracts .for sugar, soap, tea, and oats. • • department of the comptroller for victualling, somerset house, 19th july, 1855. :the commissioners for executing the office..."
sugar,1850,2,1494,681,6.3098,True,"wm. f. smi & co. i july london proditce: market._ july 13. sugar very firm, and the low brown descriptions are dearer. 2,550 bags mauritius sold low. .middling to fine brown 32i 6:1 to 37s coffee mark"
sugar,1850,2,1494,682,6.3107,True,"bristol sugar market, dec. 18. the market continues in precisely the same state u noticed for several weeks past. both refiners and gram are ready purchasers of al..."
sugar,1850,2,1494,684,6.3132,True,"bristol sugar market. not. 15. the west india market has been very quiet this week, and in transactions since oar last report are not worth enumerating, in mauriti..."
sugar,1850,2,1494,686,6.3202,True,"more taxes.--the new scale of duties on tea and sugar. to-day, in committee of ways and means, the chan • cellar of the exchequer will propose, pursuant to notice, a new scale of duties on tea, sugar,"
sugar,1850,2,1494,688,6.3266,True,"colonial. tea.—the market is very quiet, and little change can be noted in prices. common congou is quoted 130 to i.3id per lb. sugar —there is a rather active enquiry for the better descriptions suit"
sugar,1850,2,1494,690,6.3311,True,"... extent, at prices mostly in favour of buyers. in coffee,- the supply at market has not been large, and the transactions have been limited in amount. sugar has met with a steady inquiry,"
sugar,1850,2,1494,693,6.337,True,"decrease, thoug7l' 'i diereses 'b. te several he prices somew decline a rtic i es. sugar but been dull, and ,bat in favour of buyers, new crop of havana sold briskly at full rates. coffee has been uns"
sugar,1850,2,1494,695,6.3378,True,"tions for using sugar in the brewin, g of beer, and breve are not to use sugar contrary to such regulations being licensed. the acts declare that the new du been freely an..."
sugar,1850,2,1494,698,6.343,True,"bristol sugar market, july 17. our market continues much depressed both for raw and refined, and the transactions in either description are a the most retail chara..."
sugar,1850,2,1494,699,6.3476,True,"...rnams, &c. bahia, &c... liaranham .. 6* demerara,&ci 9 egyptian 5i c0m.w.1.&c.1 5i surat 1 madras bengal. pboduce.—a larger business has been done in sugar, but at lower prices. for coffee a steady "
sugar,1850,2,1494,700,6.3492,True,"...ial on 'change tallow 55a 9d on the spot, and 56s 3d to 56s 6d mat three months. linseed oil 28s 9d. scotch pig-iron 488. a cargo of white pernambuco sugar sold for the mediterranean at3ls 3d; "
sugar,1850,2,1494,702,6.3496,True,"... 31. the business done in the market to-day was very limited, at nominal quotations. the accounts from the planta- tions continue favourable. bristol sugar market, july 30. the"
sugar,1850,2,1494,703,6.3535,True,"markets. sugar.—the arcmge price of sager, the produce of the british pnmessions in america, computed from the re- turns made in the week eodiog the 22nd feb., 1853..."
sugar,1850,2,1494,705,6.3585,True,"...k. the foreign and colonial produce markets, during the last few days, have been very inactive, particularly for two of the principal articles, viz., sugar and"
sugar,1850,2,1494,706,6.3593,True,"the new proposed duties. the following are the duties upon sugar and tea, as proposed to be enacted sugar-tau cwt. present there- duty. 1857-8. 1858-9. 1859-60. after. £s. d. s. d. s. d. s. d. s. d. r"
sugar,1850,2,1494,707,6.3653,True,"liverpool produce market, sugar market heavy. rice in ve,y large demand for arrival. depositories for wills of living persons.— in tho new probate act there is a something sin• gula..."
sugar,1850,2,1494,708,6.3656,True,"bristol sugar market, june 5. stocks everywhere are light, and must 60011 be replen- ished. a slight flatness in the market for a few days is followed by an animat..."
sugar,1850,2,1494,709,6.3666,True,"london produce market.—tics day. west india sugar is firm, at fully previous prices; re- fined in firm demand grocery lumps, 465. to 495. for foreign there is a fair inquiry for export, at stiff pric..."
sugar,1850,2,1494,712,6.3768,True,"...northumberland artillery militia regiment is ordered to be embodied for permanent duty on monday, april 4, at the depot, fort clifford. production of sugar in a ustralia. some agricultura"
sugar,1850,2,1494,716,6.3848,True,"the liverpool standard, and general commercial. advertiser. prices. sugar dull, and prices slightly in favour of buyers. in rice, a further decline. tea very dull. for palm oil, an improved demand at "
sugar,1850,2,1494,722,6.3946,True,"lwerpool produce market, july 2 4_, sugar—the extreme prices which are lemanded for sugar have checked the sales, which are limited to bags dates. nothing doing in molasses. for rum, coffee, ..."
sugar,1850,2,1494,724,6.3958,True,"the sugar and rum markets. the economist says—' the sugar market has been buoyant through the week;' ex tenaive transactions have taken place, and pikes genera..."
sugar,1850,2,1494,727,6.4067,True,bristol sugar-jan. 18. we have aaain this week to report the total suspension of business in the sugar market—making it now ten weeks without a single transaction ...
sugar,1850,2,1494,728,6.4103,True,"for the sale at prices, for cash, that cannot fail to give general satisfaction electro-plated set, comprising tea and coffee pot, cream ewer and sugar basin electro-plated or nickel silver tea spoons"
sugar,1850,2,1494,731,6.4167,True,"markets, shipping intelligence, &c. bristol sugar market. pow. 22. we have had another dull week in our sugar market; the buyers seem disinclined cooperate but at lower prices, to which, however, hol..."
sugar,1850,2,1494,733,6.427,True,"duty paid on sugar to last week in london, user pool, bristol, i toll, and the clyde to the same trsod last year"
sugar,1850,2,1494,738,6.4405,True,"adjourned sale sugar estate in -the island of st. vincent. upset price reduced to £i,ooo. on wednesday, the 17th day of october next, by public reap, at two o'clock after..."
sugar,1850,2,1494,740,6.4421,True,"liverpool weekly produce market, jan. 8. sugar has been in active demand, and considerah: quantities sold, at an advance of from 2s 6d to 3s per c w t. llotasscs has been asked for at favourable r..."
sugar,1850,2,1494,741,6.4422,True,"london produce market. -feb 10. sugar the public sales are progressing steadily at about last friday's prices. the refined market firm, lumps, fair to fine, 64s to 665. • coffee the publi..."
sugar,1850,2,1494,743,6.4522,True,",e market.—oct. 22. lands, 106 k 106 dovers, great westerns, 641; london produce market.—oaronen 22. sugar market firm the quantity advertised for tues- day is large. coffee quiet. tea dull, pending t"
sugar,1850,2,1494,744,6.4534,True,"bristol sugar market, april 17. the market continues firm, with a steady dematell&. actual consumption, and the offices have been cleared samples nt full rates. re..."
sugar,1850,2,1494,745,6.458,True,"...s and excise duties. on wednerday two sets of part foment, which received the royal assent on monday, were printed, to alter the duties of customs on sugar and spirits, and the excise du"
sugar,1850,2,1494,747,6.4595,True,"monday evening, january 2. by electric telegraph. lonnox.—consols reported, after business hours, 93?-, funds slightly better. two cargoes of sugar reported sold. large sales of rice bengal, to arrive"
sugar,1850,2,1494,751,6.4643,True,"....sia (4.) has ir. rived with the west india mails. she brings £11,4,536 in specie. she left st. thomas may 16. at jamas* the weather was dry and hot. sugar"
sugar,1850,2,1494,755,6.4743,True,"...northumberland artillery militia regiment is ordered to be embodied for permanent duty on monday, april 4, at the depot, fort clifford. production of sugar in a ustralia. some agricultura"
sugar,1850,2,1494,756,6.4767,True,"bristol sugar—arnm 29. in the west india sugar market there are very few • transactions reported, the stocks being now quite ex•' haunted. prices, consequently, ru..."
sugar,1850,2,1494,758,6.4787,True,"the new proposed duties. the following are the duties upon sugar and tea, as pro- posed to be en acted sugar -the cwt, present there. duty. 1857-8. 1858-9. 1859-60. after. je a. d. a. d. a. d. a. d. a"
sugar,1850,2,1494,760,6.4821,True,"...estate. on account of whom it may concern. on wednesday and tnrm.day, the ist and 2nd of jane next, at llalf-past cue o'clock each day, a quantity of sugar scrap"
sugar,1850,2,1494,761,6.4845,True,"london produce market. -march 2g. the followingpublicsaies are advertised for to-morrow: sugar 9,500 bags mauritius, 3,000 bags siam, and 3,000 bags madras. rice 3,500 bags bengal. saltpetre 1,400 bag"
sugar,1850,2,1494,764,6.4912,True,"miscellaneous intelligence to keep fruit raom wasps.—piace bits of lump sugar in the forks of the branch. a about two feet apart, all about the trees liable to their depredations. half a pound of suga"
sugar,1850,2,1494,767,6.4995,True,"markets sugar.—the avenue price of suer, the produce of the british possessions in nmerlea, onnputed hem the return. made in the week ending the 29th day of jan., ..."
sugar,1850,2,1494,775,6.518,True,"...ils sono 19.4711 17,/160 22,126 b•ationerq wo .1 5m,321 .. 23,421 26,904 we next refer to the tables of imports and con- sumption. the figures of the sugar returns were published by us so far back as"
sugar,1850,2,1494,778,6.5227,True,"bristol sugar market, march 20. the market still continues very quiet, and the rales since our last are limited to about 200 hhds. demerarys, 11,000 mats of elayed..."
sugar,1850,2,1494,779,6.5249,True,"... on the spot, gls gd from tie scale, and 59s gd last three months; linseed oil, 39s 9d; scotch pig-iron, 67s to 67s gd. alsout 1,000 chests of havana sugar sold at 40"
sugar,1850,2,1494,783,6.5384,True,"evening express. london, tuesday.—on 'change, tallow, 68s 6d on the 1 spot. oils firm. british spirit of turp. ntine, 44s 641. 1000 chests havanah sugar sold at 575. the principal salsa of indigo are "
sugar,1850,2,1494,784,6.5425,True,"the -northern atmes, tticesdan, 'march 17, 1859. of one peon now, they are obliged to have a file of soldiers. peru once grew sugar for exportation now, she imports for her own consumption. ecuador is"
sugar,1850,2,1494,787,6.5499,True,"the press. the grocery trade has been much excited and alariut d by mr. gladstone's announcemei t of the way in which the sugar duties are to be treated. the chancellor of the exchequer's scheme will,"
sugar,1850,2,1494,790,6.5558,True,"....—this was a case tried in the court of common pleas, on tuesday. the plaintiff was a widow, about forty years of age, and the defendant was a german sugar"
sugar,1850,2,1494,791,6.556,True,"3. 41 per bush( 1; oats, is 9d to 2s. rine flour, 284 to 30s per s-?ck. oar bristol sugar market, dec. 13.--a jars- -112 c ted of business for the supp:y on shore has been trattstitn in our sugar mark"
sugar,1850,2,1494,792,6.5566,True,"markets. sugar.—the average price of &mar, the produce of the british possessions in america, computed from the re- turns made in the weak iodine the 15th much, 185..."
sugar,1850,2,1494,795,6.5589,True,"bristol sugar market,-june 5 • -- • the sales since our last are confined to 1,200 mats crystalised l!anrititts and 200 hhds west india, at rather easier prices. e..."
sugar,1850,2,1494,797,6.5613,True,"london produce market.-sm. 30 sugar steady at yesterday's decline, being 6d. to is lower for the week. _ _ coffee.—market generally steady, though the tillis- berry is selling.below val..."
sugar,1850,2,1494,799,6.5693,True,"bristol sugar market, /roust 29 all the offices were cleared of sugar on saturday, at an advance of ls. per cwt. on former prices. the brokers are now without a si..."
sugar,1850,2,1494,806,6.5979,True,...erally are ample but as regards pickled fish—herrings and alewives especially—a considerable portion is of indifferent quality and almost unsaleable. sugar and rum
sugar,1850,2,1494,808,6.6,True,"...mercial intelligence. city, two o'clocx the colonial produce markets this week have been very dull, and some of the quotations have tended downwards. sugar has baen in fair request for refining pur"
sugar,1850,2,1494,813,6.607,True,"...two o'clock. in the foreign and colonial produce markets, during the last few days-, there has been very little activity. tea has been steady, and in sugar the dealin"
sugar,1850,2,1494,814,6.609,True,"excise sugar and licences bill. the chancellor of the exchequer sail the object of this bill was iwo. told :—lirst, at the time the duty on colonial sugu was redu..."
sugar,1850,2,1494,815,6.6125,True,"produce market. sugar for foreign a large export demand exists, and prices are rising yellow havana, in bond, realizes 21s. to 245. 6d. refined home market quiet brown lum..."
sugar,1850,2,1494,818,6.6222,True,colonial. tea.—pending the arrival of the letters by the over- land mail the market is quiet. common congou is quoted 90. to 91d. per lb. sugar —there is a fair inquiry for the better qualities at ful
sugar,1850,2,1494,819,6.6233,True,"green'ck sugar niarket.-sfyr. 25. refiners are willing to bay raw s igen at late rates, but holders asked an advanc.i oc 6d. crusted sugar is quoted at 54i to 593, ..."
sugar,1850,2,1494,820,6.625,True,"'st time thursday, m of canterbui73,--f;o—n7;li'; ;ented ac lions, complaining of distress occaslone, of the sugar duties, and praying for reii"
sugar,1850,2,1494,828,6.6552,True,"the sugar debate. (from the standard of saturday.) the speakers on sir e. buxton's motion were besides the honourable mover, mr. evans the seconder, mr. joseph..."
sugar,1850,2,1494,829,6.6572,True,"bristol sugar market, april 16. the fine sugars remaining on show at the close of last week have been since disposed of, but again at easier rates. the tone of the..."
sugar,1850,2,1494,830,6.6619,True,"london produce market.-april 23. sugar the market continues steady. 12,000 bags un- clayed manilla were offered in public sale, and all bought in at 455. refined in fair demand. lumps from..."
sugar,1850,2,1494,832,6.6654,True,"131:1stol sugar market, april 10. the first cargo of new barbadoes has appeared at mai het this week. the samples are not line, and tho prices asked being considered..."
sugar,1850,2,1494,833,6.6669,True,"bristol sugar market, sugust.i7. the sugar market continues animated, and prices have still an upward tendency. the offices have been daily cleared of every fresh ..."
sugar,1850,2,1494,834,6.6718,True,"barbadoes. in this island the planters were anticipating a very large crop of sugar; larger, in fact, than the place had ever produced. trinidad. the port of sooin gazsi'e, of the latest date (jan. 11"
sugar,1850,2,1494,835,6.6726,True,"sugar from new orleans.—the new orleans price current announces that 1,000 hogsheads of sugar had been shipped at that port for liverpool—the first shipmen..."
sugar,1850,2,1494,838,6.6746,True,"...an mail has arrived by the la plata steamer. the islands were healthy. there was a great want of shipping everywhere, there being large quantities of sugar and few ship"
sugar,1850,2,1494,841,6.6766,True,"bristol sugar market, sugust.i7. the sugar market continues animated, and prices have still an upward tendency. the offices have been daily cleared of every fresh ..."
sugar,1850,2,1494,843,6.6775,True,"london produce market.—marcr 21 the following public sales are advertised for to-morrow —sugar: 3,000 bags mauritius, and 2,000 bags bengal. coffee 400 cases east indian, 400 bags native ceylon, and 1"
sugar,1850,2,1494,844,6.6801,True,"fire at greenock. on sunday night • dreadful fire broke out in messrs. ferguson's sugar refinery, inverkip street, greenock. about six o'clock p.m. fire was observed in the small house used for coolin"
sugar,1850,2,1494,845,6.6833,True,"...the concluding paragraph of the notice which appeared in the gazette of the 17th instant, respecting the altera- tion of duties on the importation of sugar into the states of the german cus"
sugar,1850,2,1494,848,6.6905,True,"bristol sugar market, june 18. the market has been very firm this week, with a steady demand both from refiners and grocers, but we are not able to quote any advan..."
sugar,1850,2,1494,851,6.7004,True,"bristol sugar market, sept. 3. the market has been quiet this week, but prices are not lower. the sales are confined to about 300 hhds. crystalised mauritius, and ..."
sugar,1850,2,1494,852,6.704,True,"...om the) mauritius are to the 11th of march. abundant rains had fa tllen and greatly benefited the plantations. money was plentiful, alnd trade heavy. sugar had advanced."
sugar,1850,2,1494,853,6.7096,True,"....• ••• "".1,69° barley 3,512 ••• oats 1,122 linseed •• '"" beans... 1,338 malt ••• ••• • peas ••• ••• 268 i feb. 22. w ° flour ••• ""' besistol tar ...• sugar market"
sugar,1850,2,1494,857,6.7216,True,"by order of the trustees, valuable sugar refinery, in liverpool. by messrs. thos. winstanley and sons, on wednesday, the ist day of august next, at twelve o'clock precisely, at the clarendon..."
sugar,1850,2,1494,861,6.7411,True,"ment, therefore, is all the more remarkable. it is owing to an increased consumption of sugar, brandy and other spffits, wine, tea, foreign butter, wood, andsome other misoellaneous arieles; while the"
sugar,1850,2,1494,862,6.7453,True,"second report. sugar—west india good prices well sup- ported. refined, many sales. coffee—not much inquiry, but rates supported; native ceylon 50s. 6d. to ols. tea—fair s..."
sugar,1850,2,1494,863,6.7469,True,"pa! i it! h it 3 i 40 6c. rall, is so i bilycing-lanb.-this day. the following public salee are advertised for to-morrow, viz,:—sugar 500 hhds. west india; 1,000 bags mauntius; and 2,400 bags bengal. "
sugar,1850,2,1494,864,6.7478,True,"magistrates appointment of messrs r iassistants to the town r report having been rr trite, ire of opinion' greenock sugar market-tuesday. raw sugar—since last report a farther reduction of is 6d to 2s"
sugar,1850,2,1494,866,6.7525,True,"request, monthly k in latest markets. wi"" electric telegrzione london produce marre;ll,—:putbper. sugar dull, and 8d to 15 cheaper than on friday, lower sort.' being beat wanted. in refined bade done,"
sugar,1850,2,1494,868,6.7597,True,"... markets durmgthe week have iii-rentgliher7quiet, and, owing in some degree to the holydays, the business transacted has been of a limited nature. in sugar "
sugar,1850,2,1494,869,6.7626,True,"....• ••• "".1,69° barley 3,512 ••• oats 1,122 linseed •• '"" beans... 1,338 malt ••• ••• • peas ••• ••• 268 i feb. 22. w ° flour ••• ""' besistol tar ...• sugar market"
sugar,1850,2,1494,870,6.7644,True,"latest mar,kets. (by elsctrio telegraph.) london produce market—tuesday. sugar.—supplies large; demand limited; prices fully 6d per cwt. lower. sales of west india 487 hhds. refined quiet. coffee much"
sugar,1850,2,1494,872,6.7657,True,"markets. continuadfrom the *even th pagee) glasgow sugar market, antic 9. swam —since our last report, there has been nothing done in west india muscovado sugars, or in mauritius, bengal, or tbreign s"
sugar,1850,2,1494,874,6.7688,True,"bristol sugar surret, feb. 26. • there has been rather more inquiry by the trade for grocery kinds, but, with the exception of a few parcels of crystallised demera..."
sugar,1850,2,1494,875,6.7734,True,"markets. sugar.—the average price. of sugar, the produce of the british possessions in america, computed from the re- turns made in the week ending the ist liflrch,..."
sugar,1850,2,1494,879,6.7807,True,"ship news. arrived in the clyde on tuesday, the antagonist, blake, from manilla; with a cargo of sugar and hemp; sailed aug. 26. spoke on 26th nov., off the cape of good hope, the city of carlisle, ho"
sugar,1850,2,1494,881,6.7844,True,sugar. mhe reduction that hal taken place in the wholesale price of sugait enables me to quote the following prices for the present:— brow n sugar 64. per ...
sugar,1850,2,1494,882,6.7853,True,"the sugar crop in the vi'mt indies. the sugar crop has been shipped, and the result is that it is about an average, the success in some of the colinies being c..."
sugar,1850,2,1494,884,6.7863,True,"london produce market.-sept. _l4 -- the following sales are adrerti-ed for tomorrow, viz :—sugar. 50 hhds west india; 1,030 bags mauritius; and 2.400 bics bengal coffee.-70 casks plantation ceylon. sa"
sugar,1850,2,1494,886,6.7908,True,"bristol sugar-dec. 12. the only transactions reported for this week are a wi second-hand parcels of havannahs, manillas, and maur"" tius, for which very full prices..."
sugar,1850,2,1494,887,6.7933,True,"london produce market, jan. 7. sugar—good demand for better sorts, and rates fully as high. refined stiff, and low lumps not under 625. coffee—fair sales at fall rates, but few sellers. ..."
sugar,1850,2,1494,888,6.7949,True,"bristol sugar market, july 16. the market is still very quiet, and parcels on the spot are difficult of sale, even at a further concession in prices. for floating ..."
sugar,1850,2,1494,889,6.7949,True,"excise sugar and licences bill. the chancellor of the exchequer sail the object of this bill was iwo. told :—lirst, at the time the duty on colonial sugu was redu..."
sugar,1850,2,1494,890,6.7965,True,"greenock sugar exchange, san. 7. in sugar there was a good demand at firmer prices. the value may be quoted as under—brown. 465; good yellow, 50s white, 545; fine w..."
sugar,1850,2,1494,891,6.7994,True,"the sugar crop in the vi'mt indies. the sugar crop has been shipped, and the result is that it is about an average, the success in some of the colinies being c..."
sugar,1850,2,1494,894,6.8003,True,"3. 41 per bush( 1; oats, is 9d to 2s. rine flour, 284 to 30s per s-?ck. oar bristol sugar market, dec. 13.--a jars- -112 c ted of business for the supp:y on shore has been trattstitn in our sugar mark"
sugar,1850,2,1494,895,6.803,True,"liverpool produce market, flu. 7. sugar steady. refinery kinds much wanted and vary scarce, owing to want of arrivals. molasses and rum still dull. jure firm, and a free sale. rice scarce, ..."
sugar,1850,2,1494,896,6.8034,True,"london produce eurret, july 8. sugar dull, no auctions privately; only 40 !aids. sold at easier terms. low lumps, gss gd. coffee much wanted, and rates fully as high. at auction, plantat..."
sugar,1850,2,1494,897,6.8037,True,"cuba. the steam-ship black warrior has arrived at new orleans with havannah dates to the 17th of september. there was no political news. sugar was firm, with an upward tendency in prices."
sugar,1850,2,1494,899,6.8069,True,"bristol sugar-jar. 11. the sugar market continues suspended, another week having elapsed without a transaction being reported, and rnlking it now fully two months ..."
sugar,1850,2,1494,903,6.8128,True,"1852, i position to ru3sell. it was but the other day that sir john pakington, in answer to a question respecting the sugar duties, declared his officially confirmed persuasion that the giadual progre"
sugar,1850,2,1494,904,6.8137,True,"london produce market.-july 20, the following public sales are advertised for to-morrow —sugar: 353 hhds barbadoes, 4,c00 bags of mauritius, and .60i) bags brazil. coffee: 200 casks plantation ceylon,"
sugar,1850,2,1494,905,6.8144,True,"fairclough, a carman, and were engaged in carting sugar from the dock to messrs. goodhart's, hooper- square. the charge against them was that they lonke the bulk of one of the bags, and abstracted abo"
sugar,1850,2,1494,907,6.818,True,"on account of whom it ma. ), the 20th instant, at one brokers' office, 46 casks barbadoes sugar (all faults), just landed ex geromita.—apply to this day (tues, 'clock, at the this day (tuesday), the a"
sugar,1850,2,1494,909,6.8244,True,"the press. favorable, planters were busy, and grinding had com- menced. a great decrease in the yield of the sugar crop was anticipated, owing to the excessive quantity of rain which had fallen in the"
sugar,1850,2,1494,911,6.8249,True,"sbbip naps. arrived in the clyde, on monday, the sfarmion, m‘pherson, of glasgow, from trinidad; railed 6th feb., with a cargo of sugar and molasses. left the following vessels loading tor clyde ;—the"
sugar,1850,2,1494,915,6.8356,True,"cuba. the steam-ship black warrior has arrived at new orleans with ilavannah dates to the 17th of september. there was no political news. sugar was firm, with an upward tendency in prices."
sugar,1850,2,1494,918,6.8458,True,... was dull. market was tight. 6tasitotv thursday morning. the brazilian mail has arrived. prevalent among the shipping at nes at pernambuco cotton and sugar at bahia the
sugar,1850,2,1494,919,6.8486,True,"public ivitoticts aaron walker, deceased.—this person was formerly a sugar refiner at dale-street, liver.. pool. he died, it is supposed, at birkenhead, about 1845. any person who will give informatio"
sugar,1850,2,1494,920,6.8514,True,...om about the middle of november there have been many days on which a short allowance of meat and bis- cuit has been issued. occasionally there was no sugar and no 
sugar,1850,2,1494,922,6.8552,True,"ship news. arrived in the clyde on monday, the marmion, m'pherson, of glasgow, from trinidad; sailed bth feb., with a cargo of sugar and molasses for port-glasgow. left the following vessels loading f"
sugar,1850,2,1494,923,6.8564,True,"london. the following public tales are advertised for to-morrow sugar 500 hhds west india, 15,500 bags mauritius, 2,000 bags bengal, 1,600 bags madras, and 3,500 bags penang. coffee 120 casks plantati"
sugar,1850,2,1494,925,6.8649,True,"bristol sugar market, june 4. borough hop markey, june 5. liverpool cotton market, june ô. an-44"
sugar,1850,2,1494,926,6.867,True,"public zigtotirtg aaron walker, deceased.—this person was formerly a sugar refiner at dale-street, liver. pool. he died, it is supposed, at birkenhead, about 1845. any person who will give information"
sugar,1850,2,1494,927,6.8686,True,"sugar from new orleans.—the new orleans price current announces that 1,000 hogsheads of sugar had been shipped at that port for liverpool—the first shipmen..."
sugar,1850,2,1494,928,6.87,True,"for at prices, for cash, that cannot fail to give general satisfaction. elbctro.-plated set, comprising tea and coffee po't, cream ewer and sugar basin from 70a od elnerao-plated or nicazi. silvica. t"
sugar,1850,2,1494,930,6.8744,True,"zbis dap on account of whom it may concern this day (tuesday), the 20th stant;at one o'clock, at the brokers' office, 46 casks barhadoes sugar (all faults), just landed ex geromita.—apply to t. and h."
sugar,1850,2,1494,932,6.8787,True,"'1951651 24222' pronuce.---nothing doing in sugar, and prices are not quoted. for coffee a fair demand at steady rates. new tea has been sold at prices ruling from 10 -d. to 2s„ tor other description..."
sugar,1850,2,1494,934,6.8928,True,italy. the croce di savoia of turin states that the com- mercial treaty with england has already caused a re- duction in the price of sugar and other colonial pro- ductions in piedmont. a letter from 
sugar,1850,2,1494,937,6.9018,True,"thames. a sugar robbery.—john wyman, a waggoner in the employ of a town carman named geddes, was charged with stealing 1301bs. weight of sugar from a hogshead entrus..."
sugar,1850,2,1494,945,6.9338,True,"markets. buenos ayres.—hides prices advanced, but sales limited. sugar market quite overdone. freights show a decline. pernambuco.—sugar declined. cotton advanced about 6 per cent. hides in demand. ex"
sugar,1850,2,1494,946,6.9361,True,"...s and excise duties. on wednerday two sets of part foment, which received the royal assent on monday, were printed, to alter the duties of customs on sugar and spirits, and the excise du"
sugar,1850,2,1494,947,6.9378,True,"money market • and commercial intelligence, company, date. place, &c. the accounts from british guiana are good. there was a probability of a large sugar crop, but much inconvenience was felt from the"
sugar,1850,2,1494,948,6.9388,True,"the new customs duties act. this act was printed on tuesday. from and after the sth april next the duty on tea is fixed at is 5d per lb.; on sugar 18s 4d per cwt.; on candy, brown, or white refined, m"
sugar,1850,2,1494,949,6.9472,True,5 5 283 19 germany. it is said a company of english speculators have undertaken the manufacture of beetroot sugar on a large scale in austria. hatiiau intends to visit france and england. denmark and 
sugar,1850,2,1494,950,6.9488,True,"london the following public sales are declare i fur tomorrow, vit• sugar 60) hlfis of west in :la 14,000 bags mauritius and 100 04' bengal. coffee 400 casks ceylon, and 3,000 bag', costa rv' rice: 1,3"
sugar,1850,2,1494,952,6.9606,True,"colonial. tea—the business in this article has been very dull, previous rates having been barely maintained. common conguo 8(1 to 9d per lb. sugar—there has been an active demand for sugar from export"
sugar,1850,2,1494,955,6.9622,True,"italy. the croce di savoia of turin states that the corn, mercial treaty with england has already caused a re. duction in the price of sugar and other colonial pro. ductions in piedmont. a letter from"
sugar,1850,2,1494,956,6.963,True,"markets. sugar.—the averse' prise of seem, the predates of the british poresedoss is asertss, °computed from the returns made in the week soiling the fib day of aug..."
sugar,1850,2,1494,957,6.9637,True,"tares... bristol sugar market, march 28.—the market continues very dull, and prices for most descriptions of raw sugar are again rather easier this week. refined goods are ..."
sugar,1850,2,1494,958,6.9668,True,"...mercial intelligence. city, two o'cloca the colonial produce markets this week have been very dull, and some of the quotations have tended downwards. sugar has been in fair request for refining pur"
sugar,1850,2,1494,959,6.9673,True,"london produce market. -jan 20. -.- sugar the market has opened with a good demand, and the public sales are progressing at rather higher prices. coffee the small public sales of east india a..."
sugar,1850,2,1494,962,6.9754,True,"bristol sugar market, dec. 24. in the absence of further supplies there are no trans- actions of moment to report. a few small parcels of crystalised demerara had ..."
sugar,1850,2,1494,966,6.9923,True,"to cattle-feeders and distillers. t ocust beans having proved on analysis to con- tain upwards of 60 per cent. of sugar and gam, and being otherwise found an article of food, so admir- ably suited for"
sugar,1850,2,1494,967,7.0018,True,"tions for using sugar in the brewin, g of beer, and breve are not to use sugar contrary to such regulations being licensed. the acts declare that the new du been freely an..."
sugar,1850,2,1494,975,7.0159,True,"process of refining sugar, in reply to a question from mr. thornely, the chancellor of the exchequer said he had directed an investigation to be made by experienced chemists i..."
sugar,1850,2,1494,976,7.019,True,...52s 9d loiis—o; the spot; 52s 6d april to june; 52s 9d last three months. linseed oil 295; 50 tons spelter sold at 4'21 12s 6d. two cargoes of havana sugar sold—one number
sugar,1850,2,1494,985,7.0395,True,"••• 29 28 80 ,• ••• vales. qrs. rapeseed 120 shelling linseed malt • • es • flour peas bristol sugar market, july 25.—the transactions in west india descriptions are still very limited, and prices are"
sugar,1850,2,1494,988,7.0516,True,"...ion of railroads and telegraphs, with the forwarding of the erection of lighthouses on the coast, engaged the attention of the government. beet- root sugar manufact"
sugar,1850,2,1494,990,7.0614,True,"bristol sugar market, nov, 13. there is still nothing doing, though there is rather a better feeling to-day, and the stock in dealers' hands is very small. the rel..."
sugar,1850,2,1494,993,7.0642,True,"venue :—"" registration dues, 18,555, 000 f. pros duce of tobacco sales, 7,972,000 f. postaget .2,396,000 f. duty on manufacture of beetroo; sugar, .3,681,000 f. potable liquors, 3,829,000 f. stamp dut"
sugar,1850,2,1494,997,7.0706,True,"tea and sugar. accounts relating to the consumption of tea and sugar in the united kingdom, were issued on saturday, in the form of a return, printed by order of t..."
sugar,1850,2,1494,998,7.0709,True,"the liverpool standard, and general commercial advertiser. sugar prom new orleans.—the new orleans price current announces that 1,000 hogsheads of sugar had been shipped at that port for liverpool—the"
sugar,1850,2,1494,999,7.0711,True,"greenock sugar market, sept. 10. in crushed sugars a fair business. quality on show very moderate, and late prices paid. treacle sales made at 19s to 193 3d. syrup ..."
sugar,1850,2,1494,1002,7.0775,True,"from o 14f per poud; reduced from as calico woollen from :an- the and less the new the cam- and and is by i“.. peace in the plain) wtll not triousls, sugar mill on waste lands engaging in r telligent,"
sugar,1850,2,1494,1004,7.0796,True,"mighi be found; the consequence of which would have been that the cotton of america, the sugar of cuba, or the coffee of java might have• been glutting the ports along the english' channel. they could"
sugar,1850,2,1494,1005,7.0828,True,"st. lucia. the weather continual highly favourable to the work of sugar making, and crop had commeueed pretty generally throughout the island. antigua. the weather had been laramruble to the growing c"
sugar,1850,2,1494,1007,7.0839,True,"london, thursday, february 19, 18t7 mr. giadstone has joined issue with the chanedlor of the exchequer on the proposed aug- mentation of the taa and sugar duties. the right epon. gentleman has given n"
sugar,1850,2,1494,1011,7.0997,True,"the tax on tea and sugar. according to the existing law, the duty on tea stands at is 91 in the present year; it would fall to is 51 in april next, and to is in the ensuing a..."
sugar,1850,2,1494,1012,7.1011,True,"...this, in combination with the increase of the spirit duties, with the mo- derate increase, if so it is to be called, or inodifica- tion rather of the sugar duties"
sugar,1850,2,1494,1017,7.1111,True,"...tack as recruited constant s of st. domingo nvasion coffee porto rico on th 3 25t} days it was accom- ated the whole ii communi- i for the coffee and sugar a rice crop, which was just s"
sugar,1850,2,1494,1018,7.1147,True,"...trade six years ago the whig government of lord john russell inflicted the crowning blow upon our west indian colonies, by admitting the slave- grown sugar of foreign countries "
sugar,1850,2,1494,1019,7.1174,True,"markets. buenos alres.—hides: prices advanced, but sales limited. sugar market quite overdone. freights show a decline. pernai rmlco.—sugar declined. cotton advanced about 6 per cent. hides in demand."
sugar,1850,2,1494,1022,7.1219,True,"london produce market.-july 11 sugar is in better demand, and the quantity advertised for sale this week is very moderate. coffee inquiry continues. about 2,000 bags sold to- day santas ..."
sugar,1850,2,1494,1023,7.122,True,"pqrtant svga ti-re fine rs. a sugar refinery declared a nuisance. yesterday -a- case of considerable importance to sugar- refiners • came on for hearing, at the salford town ,hall, befo..."
sugar,1850,2,1494,1027,7.1299,True,"...shall refer on another occasion. at now orleans, on the ist inst., sterling exchange was quoted at 9i premium. the value of cotton was unsettled, and sugar was quoted at 9d per lb. we have la"
sugar,1850,2,1494,1029,7.143,True,"...rtlepool and chrerce railway and hartlepool west harbour and dock companies. mancheter, sheffield, and lincolnshire railway (no. 2), with amendments. sugar manufacture. mr. forbes rose "
sugar,1850,2,1494,1030,7.1448,True,"thames. a sugar robbery.—john wyman, a waggoner in the employ of a town carman named geddes, was charged with stealing 1301bs. weight of sugar from a hogshead entrus..."
sugar,1850,2,1494,1033,7.157,True,"position to russell. it was but the other day that sir john pakington, in answer to a question respecting the sugar duties, declared his officially confirmed persuasion that the gradual progress towar"
sugar,1850,2,1494,1037,7.1676,True,"process of refining sugar, in reply to a question from mr. thornely, the chancellor of the exchequer said he had directed an investigation to be made by experienced chemists i..."
sugar,1850,2,1494,1039,7.1764,True,"m arkets. sugar.—the mists peke of sugar, the produce of the british puecorelms is amelia, computed from the returns made in the weak en ing the 23th day of june, 18..."
sugar,1850,2,1494,1045,7.183,True,"valuable sugar estate. the commissioners will, on monday, the let day of november, 1858, at the hour of twelve o'clock at noon precisely, sell by auction (unless pr..."
sugar,1850,2,1494,1047,7.1887,True,",4,-""sr.i74apiviksz, destructive fire at greenock. on sunday evening the extensive sugar refinery in in- verkip street, belonging to messrs ferguson sr ;.""4., was totally destroyed by fire. shortly af"
sugar,1850,2,1494,1051,7.1999,True,"... house resumed at six o'clock. petitions. mr. alderman thompson presented a petition from the west indies, complaining of the distressed state of her sugar manufactures. mr. p. miles presented a si"
sugar,1850,2,1494,1054,7.2076,True,"...ge, and other duties, 24,483,000 fr.; stamp dates, 3,037t000fr. • import duties on corn, 10,000 fr.• on venom descriptions of goods 15,464,040 k.; on sugar from the french colonies, i 5,16"
sugar,1850,2,1494,1055,7.2162,True,"tea and sugar duties. the house then went into committee of ways and means. _ the chancellor of the exchequer, after re- minding the committee of the proposal ho h..."
sugar,1850,2,1494,1058,7.2188,True,...he chancellott of the exciieqoi.ii said there was i not at present the slightest foundation for the report that it was his intention to deal with the sugar duties. l
sugar,1850,2,1494,1059,7.2194,True,"valuable sugar estate. the commissioners will, on monday, the let day of november, 1858, at the hour of twelve o'clock at noon precisely, sell by auction (unless pr..."
sugar,1850,2,1494,1060,7.2221,True,"calcutta commercial. export market very brisk. a good harvest is ex- pected. indigo and sugar command high prices. saltpetre and raw silk are firm; much was dosing in imports, especially in lancashire"
sugar,1850,2,1494,1063,7.2255,True,"tea and sugar duties. the house then went into committee of ways and means. _ the chancellor of the exchequer, after re- minding the committee of the proposal ho h..."
sugar,1850,2,1494,1064,7.238,True,"et/a/.00/0 over the neck of each bottle. sold wholeeele by the menufnetuters, w. e. ceoper, mee, pickle, sod sauce ldenufacturerv, sugar boa, wilder-street, brietol siid all respectable grocers, drug-"
sugar,1850,2,1494,1070,7.2553,True,"atprices, for cash, that cannot fail to give general satisfaction, electroplated set, comprising tea and coffee pot, cream ewer and sugar basin .. electro-pl4ted or nickel silver tea spoons ..• .• ivo"
sugar,1850,2,1494,1072,7.2604,True,"...ol. 1 since the mineable riots in 1831, no conflagration has occurred in bristol equal in extent or fury to a fire which occurred on saturday, at the sugar refinery of messrs. fr"
sugar,1850,2,1494,1073,7.2677,True,"£ s. d. per doz... 012 0 toddy ladles 0 18 0 fish xxiviis .. 1 4 0 sugar tongs 1 4 0 bottrii knives each .. 0 5 0 i crvet frames, with richly cut glass, prom 0 10 0 sets, comprising tea and coffee pot"
sugar,1850,2,1494,1074,7.2682,True,"markets, shipping intelligence, &c. bristol sugar market. pow. 22. we have had another dull week in our sugar market; the buyers seem disinclined cooperate but at lower prices, to which, however, hol..."
sugar,1850,2,1494,1075,7.2705,True,ling in the sugar market ales amount to 950 blicla 50 bags yellow
sugar,1850,2,1494,1078,7.2827,True,...om about the middle of november there have been many days on which a short allowance of meat and bis- cuit has been issued. occasionally there was no sugar and no 
sugar,1850,2,1494,1079,7.284,True,"china. at foochow tea advanced. at manilla no prices for new sugar yet settled. at shanghai freights to england £2 10s to asfor tea, and 9.4 ids for silk. the india question. the daily nets, discussin"
sugar,1850,2,1494,1082,7.2878,True,tex and sugar duties the chancellor of the exchequer then moved his resolutions relative to the continuance of the present tea and sugar duties for two years. in t...
sugar,1850,2,1494,1084,7.2894,True,"before mr. robertson gladstone, stealing sugar.—a man, who gave his name as william johnson, was charged with having stolen several pounds of sugar from warehouse no. 179, on the new quay. in the ..."
sugar,1850,2,1494,1091,7.3067,True,"the steam plough abroad. it is not merely the british agriculturist that will be profited. already the steam plough is started in cuba; the sugar growers want it in jamaica and demerara, where the bla"
sugar,1850,2,1494,1093,7.309,True,"france. the assembly rejected on wednesday, by a large majo- rity, an amendment on the sugar bill, having for its ob- ject to exclude slave-grown sugar. m„r• m. c. hugo (son of victor hugo) lies been "
sugar,1850,2,1494,1094,7.3118,True,"important smoke nuisance case. messrs. macfie again fined.— yesterday, messrs. macfie and sons, the eminent and extensive sugar refiners, of batchelor-street, of this town, were again summoned before "
sugar,1850,2,1494,1097,7.3212,True,"... the: sale of at prices, for casill, that caunot fail to give general satisfaction, elrctro-plated set, comprising tea and coffee bat, cream ewer and sugar basin electilo-plated or nickel silver te"
sugar,1850,2,1494,1108,7.3381,True,"...egram.) plymouth, saturday, 11 a.m. the general screw steam shipping company s vessel hydaspes arrived this morning from the cape! she has a cargo of sugar and s"
sugar,1850,2,1494,1109,7.3381,True,"...s stock., cottage piano-forte, eight- days' clock, pictures, modern silver-plated articles, gold lever watches, show glasses, shop fixtures, valuable sugar mill, scales and weig"
sugar,1850,2,1494,1110,7.3386,True,"greenock sugar market, dec. 10. finer sorts of sugar still in good demand, and in some eases higher rates obtained. value may be quoted as under—brawn, 478; good ye..."
sugar,1850,2,1494,1111,7.3406,True,"valuable sugar estate. mile commissioners will, on monday, the let day of tnovember, 1858, at the hour of twelve o'clock at noon precisely, sell by auction (unless ..."
sugar,1850,2,1494,1112,7.3435,True,"claris's ing sugar by soap. this new process, invented by mr garcia, a sugar refiner, late of louisiana, was brought under the notice of the academy of sciences at pari..."
sugar,1850,2,1494,1113,7.3464,True,"ship news. an iced in the clyde on sunday, the greenock (75) tons), edward, from manilla, with a cargo of hemp and sugar for greenock; sailed 17th october. had light variable winds all the way down th"
sugar,1850,2,1494,1115,7.3495,True,"...promotes indigestion, and the other spoils the teeth. both are mistakes. no per- sons can show finer teeth than the black slave, who fat- tens on the sugar cane and if a"
sugar,1850,2,1494,1116,7.3507,True,"tares... bristol sugar market, march 28.—the market continues very dull, and prices for most descriptions of raw sugar are again rather easier this week. refined goods are ..."
sugar,1850,2,1494,1117,7.3549,True,"calming london, saturday, june 1, 1850. maintain high prices for sugar, and compel the over- toiled artiza❑ and miserable sempstress to devote a portion of their hard earnings for the exclusive benefi"
sugar,1850,2,1494,1118,7.3557,True,"calcutta commercial. export market very brisk. a good harvest is ex- pected. indigo and sugar command high prices. saltpetre and raw silk are firm much was doing in imports, especially in lancashire i"
sugar,1850,2,1494,1119,7.3575,True,"shipping intelligence. prs mr caraforissli, or. nipping gamete sad ""lloyd lx.• casualties. david luekie (barque), of and for london, laden with sugar and rum, 372 tuns burthen, nailed trim i)crn.lara,"
sugar,1850,2,1494,1122,7.362,True,"eire-eight horses burned. --- abont half-past six o'clock on sunday morning, ached in the primises of messrs. ..tames fairrie fit co., sugar refiners, (hebei, reenock, was found to be on fire. an imme"
sugar,1850,2,1494,1129,7.3785,True,"greenock sugar exchange, san. 7. in sugar there was a good demand at firmer prices. the value may be quoted as under—brown. 465; good yellow, 50s white, 545; fine w..."
sugar,1850,2,1494,1132,7.4035,True,"sugar refinery, poulton-cum-seacombe. on sale, by private treaty, a piece of land, in the township of poulton-cum-seacombe, in the parish of wallasey, cont..."
sugar,1850,2,1494,1137,7.4123,True,"bristol sugar market, march 13. scarcely any business has been transacted this week, either in manufactured or raw sugar, and the minket closes quietly, but very f..."
sugar,1850,2,1494,1138,7.4125,True,"...ongery, for the at prices, for cassi, that cannot fail to give general satisfaction electro-plated set, comprising tea and coffee pot, cream ewer and sugar basin"
sugar,1850,2,1494,1139,7.4156,True,"...f:ne condit 10n. p. s. the above article; may also be obtair.ed at the establishment, 202, park-lane, and 4, crosbie-street. rosewood tea-caddy, with sugar basin, 5"
sugar,1850,2,1494,1147,7.4367,True,"the press. the sugar duties. to the l•'uitor of 4' the ritess."" sir,—when england emancipated her slaves in 1834, she solemnly pledged herself to her colonists that she w..."
sugar,1850,2,1494,1148,7.4397,True,"of furnishing ironmongery elnctro-plated set, comprising tea and coffee pot, cream ewer and sugar basin electro-plated or nickel silver tea spoons from 70s od from 9s 6d per dozen. london-bronzed tea "
sugar,1850,2,1494,1151,7.4495,True,"bristol sugar market, nov. 5. the market does not show any appearance of revival, indeed there has scarcely been any demand this week either for parcels on the spo..."
sugar,1850,2,1494,1152,7.4524,True,"...as. the first to discover the accident by going down into the engine room. when he found himself up to his waist in water. all her powder is damaged, sugar an"
sugar,1850,2,1494,1157,7.4631,True,"ship news. arrived in the clyde, on friday, the orbona (222,) of alloa, baird, from mauritius; sail, d 24th march, with a cargo of sugar for greenoek, for orders. spoke no vessels. arrived in the clyd"
sugar,1850,2,1494,1160,7.4747,True,"for tlie at prices, for cash, that cannot fail to give general satisfaction. electro-plated set, comprising tea and coffee pot, cream ewer and sugar basin from 70s od electro-plated ot nickel silver t"
sugar,1850,2,1494,1163,7.4805,True,"rhe bf 4i ;the usti lighter or tatl7, gravy spoofl sauce ladles, sugar tongs, if for exportation"
sugar,1850,2,1494,1164,7.4816,True,"...tol. since the meliorable riots in 1831, no conflagration has occurred in bristol equal in extent or fury to a fire which occured on saturday, at the sugar refinery of messrs. fri"
sugar,1850,2,1494,1165,7.482,True,"and rob iron, steel, wrought, toseph harrison begs j extensive premises, 70, great george-street, great george-place, (late 'creasy,) ner and sugar basin ,from 70s od electro-plated or nickel silver t"
sugar,1850,2,1494,1172,7.4981,True,"...ironmongery, at prices, for casg, that cannot fail to, give general satisfaction. er..rcruo-plated set, comprising tea and coffee pot, cream ewer and sugar basin from 70a 0"
sugar,1850,2,1494,1173,7.4984,True,"m:ein* london gazette. tuesday, jan. 15. partnerships dissolved. pierce brothers, liverpool, grocers—ring, vickers, and co., liverpool, sugar refiners—h. lovett and co., liverpool, brokers. _ _ k • wa"
sugar,1850,2,1494,1175,7.5001,True,"...the money market still ina fences adversely the price of all articles in the produce markets, and the week has commenced with a very dull appearance. sugar"
sugar,1850,2,1494,1176,7.5002,True,.... we have received the paris journals of yesterday. the legislative assembly was occupied during the whole of the sitting on monday in discussing the sugar duties bill. a. council o
sugar,1850,2,1494,1178,7.5061,True,"for the electra-plated set, comprising tea and coffee pot, cream ewer and sugar basin electrd-plated or nickel silver tea spoons table ',, london bronzed tea urns oval trays, set of three ivory table "
sugar,1850,2,1494,1179,7.509,True,"rugar every wednesday for his own use. i will 'wear that prisoner was not entitled to receive it. foe his own use he was supplied with lump sugar. pollee-constable cook, 198 s, mkt betook the poisoner"
sugar,1850,2,1494,1181,7.5106,True,"miscellaneous intelligence to keep fruit raom wasps.—piace bits of lump sugar in the forks of the branch. a about two feet apart, all about the trees liable to their depredations. half a pound of suga"
sugar,1850,2,1494,1182,7.5111,True,"the press. capture during some african raid, through the hor- rors of the middle passage, to the ultimate condition of hopeless slavery upon a cuban sugar estate, or in an american cotton plantation. "
sugar,1850,2,1494,1188,7.5264,True,"want of sq. tfa.: for cotton 1,00 nd re-open sugar 1 meat. two car"
sugar,1850,2,1494,1189,7.5282,True,"...h.—william williams, an elderly, withered-looking man, upwards of 60 years of age, was brought before mr. selfe, charged with stealing a pound of raw sugar, the prop"
sugar,1850,2,1494,1195,7.5431,True,"london produce market. —nov. 5 sugar the market is rather dull, and the public sales are progressing without spirit. coffee the public sales are large to-day, and are going off heavily. ..."
sugar,1850,2,1494,1197,7.5462,True,"..., 70, great george-street, great george-place, late creasyi, for the sale of furnishing plated *set, comprising tea and coffee pot, c 'ream elver and sugar b"
sugar,1850,2,1494,1198,7.5493,True,"...ng ironmongery, at prices, for cash, that cannot fail to give general satisfaction electro-plated firr,comprising tea and coffee pot, cream. ewer and sugar basin electro-plate"
sugar,1850,2,1494,1200,7.5548,True,"...hing ironmongery at prices, for cash, that cannot fail to give general satisfaction electro-plated set, comprising tea and coffee pot, cream ewer and sugar basin "
sugar,1850,2,1494,1208,7.5825,True,"bristol sugar-dec. 12. the only trams ctions reported for this week are a few second-hand parcels of havannahs, manillas, and mauri- tius, for which very full pric..."
sugar,1850,2,1494,1209,7.584,True,"contracts for sugar, soap, tea, and oats. department of the comptroller for victualling, somerset house, 19th july, 1855. the commissioners for executing the office of l..."
sugar,1850,2,1494,1211,7.5893,True,"the liverpool standard, and general commercial advertiser. sugar prom new orleans.—the new orleans price current announces that 1,000 hogsheads of sugar had been shipped at that port for liverpool—the"
sugar,1850,2,1494,1212,7.5968,True,"total. 946 35,982 15,424 58,346 65,261 176,482 326,812 aggregate of sugar and molasses."
sugar,1850,2,1494,1214,7.6031,True,"greenock sugar exchange, dec. 31 sugar—fine sorts in good demand, but yellow and brown not much wanted. value may be quoted es under :—brown, 455; good yellow, 495;..."
sugar,1850,2,1494,1215,7.6101,True,"(saito b guttion. to sugar refiners, machinists, and others. important sale of machinery, implements, and plant of a sugar refiner, burlington-street. (friday), the 2nda is ins..."
sugar,1850,2,1494,1216,7.6108,True,"by order of the trustees, valuable sugar refinery, in liverpool. by messrs. thos. winstanley and sons, on wednesday, the ist day of august next, at twelve o'clock precisely, at the clarendon..."
sugar,1850,2,1494,1217,7.6113,True,"before mr. robertson gladstone, stealing sugar.—a man, who gave his name as william johnson, was charged with having stolen several pounds of sugar from warehouse no. 179, on the new quay. in the ..."
sugar,1850,2,1494,1219,7.6188,True,"... ironmongery, at prices, for casii, that cannot fail to give general satisfaction. electro-plated' set, compasing tea and coffee• pat, cream ewer and sugar basin from"
sugar,1850,2,1494,1221,7.6359,True,"b. jack son, and 16 moss street for the electro-plated set, comprising tea and coffee pot, cream ewer and sugar basin from ins od electro-plated or nickel silver tea spoons from 9s 6d per dozen desert"
sugar,1850,2,1494,1223,7.6476,True,"...ng ironmongery, at prices, for cash, that cannot fail to give general satisfaction. electro-plated set, comprising tea and coffee pot, cream ewer and sugar basin from 70s od el"
sugar,1850,2,1494,1226,7.6572,True,"£ s. d. per doz... 012 0 toddy ladles 0 18 0 fish xxiviis .. 1 4 0 sugar tongs 1 4 0 bottrii knives each .. 0 5 0 i crvet frames, with richly cut glass, prom 0 10 0 sets, comprising tea and coffee pot"
sugar,1850,2,1494,1227,7.6579,True,"...l. since the memorable riots in 1831, no conflagra- tion has occurred in bristol equal in extent or fury to a fire which occurred on saturday, at the sugar refinery of messrs. "
sugar,1850,2,1494,1228,7.6608,True,"valuable sugar estate. mile commissioners will, on monday, the let day of tnovember, 1858, at the hour of twelve o'clock at noon precisely, sell by auction (unless ..."
sugar,1850,2,1494,1229,7.6608,True,"s' that cannot fail to gi comprising tea and coffee pet, cream silver tea spoons ewer and sugar basin"
sugar,1850,2,1494,1232,7.6736,True,"for the at prices, for cash, that cannot fail to give general satisfaction, electro-plated set, comprising tea and coffee pot, cream ewer and sugar basin electro-plated or nickel silver tea spoons tab"
sugar,1850,2,1494,1235,7.6842,True,"to iron manufacturers, ship builders, engineers, iron founders, owners of iron ships and steamers, sugar refiners, zinc manu- facturers, paper makers, calico ,printers, manufacturers of mirrors, build"
sugar,1850,2,1494,1236,7.688,True,"important smoke nuisance case. messrs. macfie again fined.— yesterday, messrs. macfie and sons, the eminent and extensive sugar refiners, of batchelor-street, of this town, were again summoned before "
sugar,1850,2,1494,1238,7.6938,True,"osewood tea-caddy, with sugar basin, 5s 6d. rosewood workbox, lock and key, 2s 6d. rosewood desk, ss 6.1 and 1 os. travelling de-k, with inkstand, 5s 6c. t squares and barthenwa r..."
sugar,1850,2,1494,1239,7.694,True,"loest markets. 'otric telegrahii.) (br el london market—tuesday. sugar: better met a good demand, but common and brown a sic sale, and a little cheaper. refined firmer, and wanted: low lumps, 661 61. "
sugar,1850,2,1494,1244,7.7137,True,"...ironmongery, at prices, for cas°ii, that cannot fail to give general satisfaction. electro-pi4ated set, comprising tea and coffee pot, cream ewer and sugar basin from 70s 0,"
sugar,1850,2,1494,1246,7.7205,True,"liverpool sugar market-tuesday. a good demand 160 rids. barbadoes sold at 375. to 435., and 2000 bags east india, 30s. to 345. for low. liverpool corn market-tuesday..."
sugar,1850,2,1494,1248,7.743,True,"position to russell. it was but the other day that sir john pakington, in answer to a question respecting the sugar duties, declared his officially confirmed persuasion that the gradual progress towar"
sugar,1850,2,1494,1249,7.743,True,"...t decanters 7 othe set, 10,400 half-pint tumblers.. from is. 9d. to 5 0 dozen. cut wines from 0 3 each. dessert dishes, good size 1 6 each. excellent sugar and cream to ma"
sugar,1850,2,1494,1251,7.7663,True,"pqrtant svga ti-re fine rs. a sugar refinery declared a nuisance. yesterday -a- case of considerable importance to sugar- refiners • came on for hearing, at the salford town ,hall, befo..."
sugar,1850,2,1494,1262,7.7979,True,"to iron manufacturers, ship builders, engineers, iron founders, owners of iron ships and steamers, sugar refiners, zinc montt- facturers, paper makers, calico .printers, manufacturers of mirrors, buil"
sugar,1850,2,1494,1266,7.8127,True,"london produce m a.rket.-titnt 18 sugar market steady, being 6d dearer for the week for good grocery qualities. coffee market firm. tea quiet. common congou is 3d nominal. rice steady. salt..."
sugar,1850,2,1494,1267,7.8136,True,"customs ant) excise— foreign .. spirits plum .... british malt.. hops• • •• • • • • • • wino .. • • ........ sugar and molasses coffee tobacco and snuff 8utter..,,........ cheese •• .. • ...... curran"
sugar,1850,2,1494,1268,7.816,True,"by order of the trustees, valuable sugar refinery, in liverpool. by messrs. thos. winstanley and sons, on wednesday, the ist day of august next, at twelve o'clock precisely, at the clarendon..."
sugar,1850,2,1494,1270,7.8248,True,"7th september, at one o'clock, at the brokers' saleroom,.lb, chapel 25 bags sugar and scrapings, 30 bales cotton and pickings, 60 bags rice and sweepings, 50 bales jute and damaged, 50 bags rapeseed, "
sugar,1850,2,1494,1271,7.8257,True,"thames. a sugar robbery.—john wyman, a waggoner in the employ of a town carman named geddes, was charged with stealing 1301bs. weight of sugar from a hogshead entrus..."
sugar,1850,2,1494,1274,7.8371,True,"to sugar merchants, &c. wanted, by a man of experience and ability, a situation as salesman, either on commi,sion or otherwise. satisfactcny reference and sec..."
sugar,1850,2,1494,1278,7.841,True,"at prices, for casii, that cannot fail to give general satisfaction electro-plated set, comprising tea and coffee pot, cream ewer and sugar basin electro-plated or nickel silver tea spoons dessert spo"
sugar,1850,2,1494,1279,7.8444,True,"electro silver plated goods. tea sets, cruet and liquor frames, salvers, cake baskets, bread racks, wine sliders, butter coolers, sugar basins, fish carvers, dessert knives and forks in cases, tea, ta"
sugar,1850,2,1494,1281,7.8475,True,"...the sale ineumbered estates in the west indies. in the matter of the estate of william samuel greatheed, owner; sophia. burgpss, petitioner. valuable sugar estate"
sugar,1850,2,1494,1284,7.856,True,"electro silver plated goods. tea sets, cruet and liquor frames, salvers, cake baskets, bread racks, wine sliders, butter coolers, sugar basins, fish carvers, dessert knives and forks in cases, tea, ta"
sugar,1850,2,1494,1287,7.8662,True,"miscellaneous intelligence to keep fruit raom wasps.—piace bits of lump sugar in the forks of the branch. a about two feet apart, all about the trees liable to their depredations. half a pound of suga"
sugar,1850,2,1494,1289,7.8728,True,"calcutta commercial. export market very brisk. a good harvest is ex- pected. indigo and sugar command high prices. saltpetre and raw silk are firm; much was dosing in imports, especially in lancashire"
sugar,1850,2,1494,1290,7.8866,True,greenock sugar market.-aug. 19. there was no business done in crushed sugar to-day. refiners are disposed to hold out for rather higher prices. several offers were ...
sugar,1850,2,1494,1291,7.8925,True,"valuable sugar estate. mile commissioners will, on monday, the let day of tnovember, 1858, at the hour of twelve o'clock at noon precisely, sell by auction (unless ..."
sugar,1850,2,1494,1292,7.8963,True,"bristol sugar market, feb. 19. dublin corn market, feb. 19."
sugar,1850,2,1494,1294,7.9109,True,"lemon juice n°.18,516.] i the wine and sugar to be exempted from the customs duties, and the excise drawback will be allowed on the sosp. tenders will not be received for a less.quantity than 30..."
sugar,1850,2,1494,1295,7.9187,True,"markets sugar.—the • venue prke of sugar, the produce of the british pereceiloas to america, °caseated fr an the return% made in the week etehne the 12th day of ma..."
sugar,1850,2,1494,1296,7.9189,True,"7. briscoe's new hall, 41, oldhall.street to iron alanufacturers, ship builders, engineers, iron founders, owners of iron ships and steamers, sugar refiners, zinc manu- facturers, paper makers, calico"
sugar,1850,2,1494,1297,7.9253,True,";o inform his friends 70, great george- street, g4teat george-place, electiw-plated sr, uprising tea and coffee pot, cream ewer and sugar basin 'rom 70s ora electii&plated or nickel sil dessert spoons"
sugar,1850,2,1494,1298,7.9277,True,"...0,318 13 3 decrease... the above decrease has, we understand, been princi- pally occasioned by the reductions which have taken place on the duties on sugar and molasses. that it has not resulted from"
sugar,1850,2,1494,1300,7.9374,True,"oup ladltke, saner ladles, sugar tongs, salt spoons, 8.-1! for"
sugar,1850,2,1494,1301,7.9499,True,"...for the sale of at prices, for cash, that cannot fail to give general satisfaction .electro-plated set, comprising tea and coffee pot, cream ewer and sugar"
sugar,1850,2,1494,1302,7.9596,True,"bristol sugar market, august 20. the demand has been but limited since last report, and in the few sales reported former prices have been sustained. refiners' prod..."
sugar,1850,2,1494,1303,7.9629,True,"...nday, .tdly 3. their lordship& met it 6 o'clock. the royal assent was given by commission to three publie sod 66 private bills. the customs duties on sugar and spirits bill, and e"
sugar,1850,2,1494,1304,7.963,True,"contracts for sugar, tea, and tobacco. department of the comptroller for victualling and transport services, somerset house, 13th may, 1858. the commissioners for execut..."
sugar,1850,2,1494,1305,7.9645,True,"calcutta commercial. export market very brisk. a good harvest is ex- pected. indigo and sugar command high prices. saltpetre and raw silk are firm much was doing in imports, especially in lancashire i"
sugar,1850,2,1494,1306,7.9719,True,"sugar refinery, poulton-cum-seacombe. on sale, by private treaty, a piece of land, in the township of poulton-cum-seacombe, in the parish of wallasey, cont..."
sugar,1850,2,1494,1307,7.9801,True,"customs duties on sugar and spirits. the folloe leg is a copy of the bill, as amended in committee, to alter the duties of customs on sugar and molasses. brought in by mr. b..."
sugar,1850,2,1494,1308,7.99,True,"tea and sugar. accounts relating to the consumption of tea and sugar in the united kingdom, were issued on saturday, in the form of a return, printed by order of t..."
sugar,1850,2,1494,1309,7.9955,True,"curious discovery. one of the greatest di/stymieing of oar day is that made i by claude bernard, of the constant formation of sugar in the liver of animals. feed an animal how you will—with food conta"
sugar,1850,2,1494,1312,8.011,True,"london produce market. -feb 16. the following sales are advertised for to-morrow sugar 10,000 bags mauritius, and 3,500 bags madras. coffee: 1,3(x) bags native ceylon, and 490 packages of mocha. tea: "
sugar,1850,2,1494,1314,8.0154,True,".... (before the lord president and a jury.) ship collision it giief.nock. william blair and john stewart, kiltush, ireland, against james iliciimsdson, sugar merchant, g"
sugar,1850,2,1494,1317,8.032,True,"1852, i position to ru3sell. it was but the other day that sir john pakington, in answer to a question respecting the sugar duties, declared his officially confirmed persuasion that the giadual progre"
sugar,1850,2,1494,1319,8.0444,True,"the sugar duties, mr. hankelinquired whether there was any truth in the statement which appeared in the times of that day, to the effect that it was the intent..."
sugar,1850,2,1494,1321,8.0448,True,"corner of great charlotte•street, liverpool. to iron manufacturers, ship builders, engineers, iron founders, owners of iron ships and steamers, sugar refiners, zinc manu- facturers, paper makers, cali"
sugar,1850,2,1494,1324,8.0471,True,"flagrant depravity. at the worship-street police court. hermann hacke, a uitddle aged german, carrying on business as a sugar baker, in new-street, whitechapel, was charged before mr. d'eyncourt with "
sugar,1850,2,1494,1330,8.0998,True,"...nday, .tdly 3. their lordship& met it 6 o'clock. the royal assent was given by commission to three publie sod 66 private bills. the customs duties on sugar and spirits bill, and e"
sugar,1850,2,1494,1331,8.105,True,"house of lords.-monday, july 3 the royal assent was given by commission to three public and 66 private bills. the customs duties on sugar and spirit bill, and excise duties on sugar bill were se- vera"
sugar,1850,2,1494,1334,8.1174,True,ithere are other vegetable substances which will exhibit similar results after the colouriug tests. a mixture of sugar and bile will produce the purple red tint. a sub- stance called phyrozantin produ
sugar,1850,2,1494,1335,8.1267,True,"adjourned sale sugar estate in the island of st, vincent. upset price reduced to 11,000. on wednesday, the 17th day of october next, by public hoop, at two o'ciock aftern..."
sugar,1850,2,1494,1337,8.1489,True,"for at prices, for cash, that cannot fail to give general satisfaction electroplated set, comprising tea and coffee pot, cream ewer and sugar basin .. electro-plated or nickel silver tea spoons desert"
sugar,1850,2,1494,1341,8.1702,True,"...ial, salts. this day. on account of whom it may concern. this day, the 27th instant, at twelve o'clock, at 1, oldhall-street, 2,762 bundles piassava, sugar stained, ex arequipa, from bahia, in "
sugar,1850,2,1494,1342,8.1783,True,"lemon juice n°.18,516.] i the wine and sugar to be exempted from the customs duties, and the excise drawback will be allowed on the sosp. tenders will not be received for a less.quantity than 30..."
sugar,1850,2,1494,1346,8.2028,True,"ireland. county carlow.—oa monday, captain bunbury (conservative) was elected without opposition. beet-root sugar.—the success of the irish beet- root sugar factory at mountmelick has induced the dire"
sugar,1850,2,1494,1347,8.2139,True,"...times.) no taxes are popular things. it is not to bey' expected that they should be. under the disguise of a high price paid for your tea, coffee, or sugar at the gr"
sugar,1850,2,1494,1348,8.2189,True,"tiie tea and sugar duties. the chancellor of the exchequer gave notice of his intention, in the course of the present month, of moving a resolution to continue the tea,..."
sugar,1850,2,1494,1349,8.2241,True,"...ommercial on 'change, tallow 50s on spot; 49s 9d all the year; 50s spring delivery. linseed oil, 31s 93. scotch pig- iron, 54s 6d. two cargoes havana sugar sold at 27s for n"
sugar,1850,2,1494,1354,8.2373,True,"257,684,236 56,955,706 314,639,942 the largest portion of the customs' duties collected was on iron, textile manufactures, sugar, and wines and *lets, as follows: dole. iron and steel, and manufacture"
sugar,1850,2,1494,1356,8.2481,True,"table spoms, per dozen dessert spoons, „ toddy ladles, y sppous, each soup ladles, „ sauce ladles „ sugar tongs"
sugar,1850,2,1494,1358,8.258,True,"ireland. county carlow.-0a monday, captain bunbury (conservative) was elected without opposition. beet-root sugar.—the success of the irish beet- root sugar factory at mountmelick has induced the dire"
sugar,1850,2,1494,1360,8.2648,True,"table. spoons, per doz dessert forks, tea, spoons, soup ladles, gravy spoons, „ sauce ladles, „ sugar tongs, „ salt spoons, „ for fneportation, is. 6d. per on troos the above on"
sugar,1850,2,1494,1363,8.2767,True,bahia. the railway here is progressing. in bahia and the neighbourhood the future crops promise a large supply of sugar. the sugar market still continues in a state of apathy. cotton and coffee contin
sugar,1850,2,1494,1364,8.277,True,"the west indies. (from the examiner.) sir e. buxton, a free-trader in corn and cattle, two first necessaries of life, is a monopolist in sugar and coffee, two secondary necessaries of life. his motion"
sugar,1850,2,1494,1365,8.2777,True,":merciai advertiser. irish spirits, a retention of the present amount or sugar duties, or nearly so, instead of reducing them as fixed by the act of parliament, on the sth of july next, and an augment"
sugar,1850,2,1494,1366,8.2796,True,tex and sugar duties the chancellor of the exchequer then moved his resolutions relative to the continuance of the present tea and sugar duties for two years. in t...
sugar,1850,2,1494,1367,8.2927,True,"rugar every wednesday for his own use. i will 'wear that prisoner was not entitled to receive it. foe his own use he was supplied with lump sugar. pollee-constable cook, 198 s, mkt betook the poisoner"
sugar,1850,2,1494,1370,8.3038,True,"tea. and sugar duties. mr. liorsfall presented a petition from the mer- chants of liverpool, complaining of the chancellor of the exchequer's proposition in referen..."
sugar,1850,2,1494,1374,8.3223,True,"contracts for sugar, tea, and tobacco. department of the comptroller for victualling and transport services, somerset house, 13th may, 1858. ihe commissioners for execut..."
sugar,1850,2,1494,1375,8.3265,True,"(saito b guttion. to sugar refiners, machinists, and others. important sale of machinery, implements, and plant of a sugar refiner, burlington-street. (friday), the 2nda is ins..."
sugar,1850,2,1494,1377,8.3355,True,"(saito b guttion. to sugar refiners, machinists, and others. important sale of machinery, implements, and plant of a sugar refiner, burlington-street. (friday), the 2nda is ins..."
sugar,1850,2,1494,1378,8.3383,True,"house of lords.-monday, july 3 the royal assent was given by commission to three public and 66 private bills. the customs duties on sugar and spirit bill, and excise duties on sugar bill were se- vera"
sugar,1850,2,1494,1383,8.354,True,"ireland. county carlow.—on monday, captain banbury (conservative) was elected without opposition. beet-root sugar.—the success of the irish beet- root sugar factory at mountmelick has induced the dire"
sugar,1850,2,1494,1384,8.3655,True,sugar refining. t°ll43lissid4r9vanrtia.a:4l. nc4177d7- bel 48r we understand an influential deputation from the west india and sugar refining bodies have g...
sugar,1850,2,1494,1385,8.3745,True,"the tea and sugar duties. mr. gladstone oft —sir, before the house separates, min anslons triti,is= sedan of my intention to make tho hileirlng 'aim into committee of ..."
sugar,1850,2,1494,1388,8.4249,True,"tea and sugar duties, a deputation from the grocers' commercial associa- tion waited yesterday on the right hon. the chancellor of the exchequer, upon the subject ..."
sugar,1850,2,1494,1389,8.445,True,"customs duties on sugar and spirits. the folloe leg is a copy of the bill, as amended in committee, to alter the duties of customs on sugar and molasses. brought in by mr. b..."
sugar,1850,2,1494,1390,8.4485,True,"household economy. lemon cheese-cakes, to keee.—one pound of loaf sugar pounded, two lemons grated, and the juice strained, quarter of a pound of butter, six eggs—leaving out two whites. let it simmer"
sugar,1850,2,1494,1393,8.457,True,"...s,r gorge lewis has most ingeniously contrived to include in his budget almost every objectionable impost that could be suggested. the tax on tea and sugar was a butted"
sugar,1850,2,1494,1399,8.4953,True,"...port.-jan. 6. the extreme rates demanded by producers checks business, but ii per lb advance has been paid on russian london produce market. -jan. 6. sugar the large public sales ar"
sugar,1850,2,1494,1400,8.5017,True,tex and sugar duties the chancellor of the exchequer then moved his resolutions relative to the continuance of the present tea and sugar duties for two years. in t...
sugar,1850,2,1494,1404,8.5632,True,"tb. for ow information and their minnte dated lost., certain intermediate drawbacks upon different qualities of refined sugars, other than those contemplated and fixed by the sugar act of last mission"
sugar,1850,2,1494,1405,8.5665,True,"...rder. n '4""leral manager's-office, euston station, april 14, 1851 '--- 'ant- uary ;iris"" ber•• ived ana bert hiss ins, -- of i p. of 1:11e irish beet sugar company. registered pursuant to act"
sugar,1850,2,1494,1406,8.5695,True,"and refining of sugar. mr. il banamer, the investor of a series of ha- proved megblana *sr economising the various penmen outplayed in mpg manufactures, and increasing the..."
sugar,1850,2,1494,1407,8.5849,True,tex and sugar duties the chancellor of the exchequer then moved his resolutions relative to the continuance of the present tea and sugar duties for two years. in t...
sugar,1850,2,1494,1410,8.6174,True,"tea and sugar duties. the house then went into committee of ways and means. _ the chancellor of the exchequer, after re- minding the committee of the proposal ho h..."
sugar,1850,2,1494,1417,8.6957,True,thames conservancy bill. tea. and sugar duties. the chancellor of the excfiequer gave notice that in the course of the month he should propose a resolution upon which to found a bill for th...
sugar,1850,2,1494,1420,8.7049,True,"the sugar duties, mr. hankelinquired whether there was any truth in the statement which appeared in the times of that day, to the effect that it was the intent..."
sugar,1850,2,1494,1426,8.7427,True,"claris's ing sugar by soap. this new process, invented by mr garcia, a sugar refiner, late of louisiana, was brought under the notice of the academy of sciences at pari..."
sugar,1850,2,1494,1427,8.7666,True,"for tiie electro-plated set, comprising tea and coffee pot, cream ewer and sugar basin electro-plated or nickel silver tea spoons „. table „ london bronzed tea urns oval trays, set of three ivory tabl"
sugar,1850,2,1494,1428,8.8044,True,"tiie tea and sugar duties. the chancellor of the exchequer gave notice of his intention, in the course of the present month, of moving a resolution to continue the tea,..."
sugar,1850,2,1494,1429,8.8073,True,"curious discovery. one of the greatest di/stymieing of oar day is that made i by claude bernard, of the constant formation of sugar in the liver of animals. feed an animal how you will—with food conta"
sugar,1850,2,1494,1437,8.9971,True,"tea. and sugar duties. mr. liorsfall presented a petition from the mer- chants of liverpool, complaining of the chancellor of the exchequer's proposition in referen..."
sugar,1850,2,1494,1438,9.0409,True,thames conservancy bill. tea. and sugar duties. the chancellor of the excfiequer gave notice that in the course of the month he should propose a resolution upon which to found a bill for th...
sugar,1850,2,1494,1441,9.0898,True,"...onomy. normandy pippins.—let them lie a few hours in a pan with cold water sufficient to cover them, allow- ing for expansion, and in the morning add sugar (with wine and cloves), then"
sugar,1850,2,1494,1442,9.1343,True,"...s and excise duties. on wednerday two sets of part foment, which received the royal assent on monday, were printed, to alter the duties of customs on sugar and spirits, and the excise du"
sugar,1850,2,1494,1443,9.1633,True,"runtic business. the sugar duties. mr. j. wilson gave notice that on monday neat he should put a question to the right hon. gentleman the be- cretary fur the colonies, ea to wh..."
sugar,1850,2,1494,1446,9.2397,True,"central ittetas. the keighliii poisoning case.—the inquiry into the cause of the death of barbara sugar, was resumed at the keighley court house, on wednesday morning. the depositions, which were of c"
sugar,1850,2,1494,1447,9.2406,True,"malt v. sugar. the present high price of malt, combined with the low value of sugar--31d. the pound—offers an induce- ment to make use of the latter in preference;..."
sugar,1850,2,1494,1454,9.3315,True,"weekly summary of the produce markets: mincino-laiii, saturday morning. the colonial markets this week have shown very little signs of improvement sugar has been steady until to day, wlen rather more "
sugar,1850,2,1494,1457,9.4063,True,"tb. for ow information and their minnte dated lost., certain intermediate drawbacks upon different qualities of refined sugars, other than those contemplated and fixed by the sugar act of last mission"
sugar,1850,2,1494,1460,9.5323,True,"...es of the pecple at large that he should have succeeded in putting another brother- in-law at the head of the commission that is inquir- ing into the sugar affairs at glicester. (hear, "
sugar,1850,2,1494,1461,9.538,True,"tea and sugar duties. the house then went into committee of ways and means. _ the chancellor of the exchequer, after re- minding the committee of the proposal ho h..."
sugar,1850,2,1494,1462,9.5831,True,england. hops malt lbs. bush. lbs. paper soap... „ spirits .. gals. spirits from the channel islands gals. sugar ewts. beer exported brls. scotland. malt paper soap spirits sugar beer exported ireland
sugar,1850,2,1494,1464,9.5943,True,"the cotton panic. (from the examiner.) we never hear of a flax and hemp panic, or of a wool pehic, or of a tea or coffee panic, or of a sugar panic, or now, with free trade, even of a corn panic. but,"
sugar,1850,2,1494,1466,9.6299,True,"the income tax and sugar dutie:4, and said that be was in error ai regarded tee form of the house. he now found that he eras not obliged to proceed fir,t with. the income tax..."
sugar,1850,2,1494,1467,9.6624,True,"...be sold, by public roop, within the royal exchange 81. rooms, glasgow, on wednesday, the 22d day of may next, at two o'clock afternoon, tim following sugar estates or p"
sugar,1850,2,1494,1468,9.6936,True,"sugar duties bill. mr. wilson brought up this bill, which was read a first time, and ordered to be road a second time on monday next. the houso then adjour..."
sugar,1850,2,1494,1470,9.7723,True,"...ndon, thursday, february 19, 187. mr. gladstone has joined issue with the chancellor of the exchequer on the proposed aug- nictitation of the tea and sugar duties. the right hon. gentleman has givaa"
sugar,1850,2,1494,1473,9.9111,True,"...ght, the house of mr. alexander ewing, 7, claremont terrace, was entered by a window which had been left open, when two topcoats and a pair of silver sugar tongs wer"
sugar,1850,2,1494,1477,10.1269,True,"household economy. to clarify sugar.—break your sugar into large lumps, and to every pound put half a pint of water set it over the fire with the white of an egg, well whipt let it boil..."
sugar,1850,2,1494,1478,10.1361,True,"runtic business. the sugar duties. mr. j. wilson gave notice that on monday neat he should put a question to the right hon. gentleman the be- cretary fur the colonies, ea to wh..."
sugar,1850,2,1494,1480,10.3719,True,"tea and sugar duties. the house then went into committee of ways and means. _ the chancellor of the exchequer, after re- minding the committee of the proposal ho h..."
sugar,1850,2,1494,1482,10.5014,True,"...kes.—take four ounces of but- ter, beat it with a wooden spoon in a warm pan or basin, till it comes to a fine cream then add four ounces of powdered sugar beat it we"
sugar,1850,2,1494,1483,10.5529,True,tex and sugar duties the chancellor of the exchequer then moved his resolutions relative to the continuance of the present tea and sugar duties for two years. in t...
sugar,1850,2,1494,1484,10.5566,True,"tea and sugar duties. mr. horsfall presented a petition from the mer- chants of liverpool, complaining of the chancellor of the exchequer's proposition in referenc..."
sugar,1850,2,1494,1486,10.7891,True,"tea and sugar duties. mr. horsfall presented a petition from the mer- chants of liverpool, complaining of the chancellor of the exchequer's proposition in referenc..."
sugar,1850,2,1494,1488,10.9972,True,"supplement to the liverpool stan. fruit biscuirs.—to the pulp of any scalded fruit put an equal weight of sugar sifted beat it two hours then put it into little white paper forms, dry in a cool oven, "
sugar,1850,2,1494,1490,11.3703,True,"the income tax and sugar dutie:4, and said that be was in error ai regarded tee form of the house. he now found that he eras not obliged to proceed fir,t with. the income tax..."
sugar,1850,2,1494,1491,11.393,True,".efouse.7iold economy. derby cakes.—rub one pound of butter into two pounds of flour make a hole, and put in one pound of powdered loaf sugar beat two eggs in,about half a pint of milk add half a poun"
sugar,1850,2,1494,1492,11.6123,True,"...kes.—take four ounces of but- ter, beat it with a wooden spoon in a warm pan or basin, till it comes to a fine cream then add four ounces of powdered sugar beat it we"
sugar,1850,2,1494,1493,11.6329,True,"household economy. bro,wn bread pudding.—haif-a-pound of stale brown bread, grated half-a-pound of currants, half-a- pound of sliced suet, sugar and spice to taste mix with four eggs, a spoonful of br"
sugar,1850,2,1494,1494,13.1574,True,"the income tax and sugar dutie:4, and said that be was in error ai regarded tee form of the house. he now found that he eras not obliged to proceed fir,t with. the income tax..."
sugar,1850,3,452,216,5.0719,True,...a copper miners of eng. do. preference 'crystal palace. e:istern steam. electric teleg. of ir. gen. steam navigat. general screw steam irish beetroot sugar neth
sugar,1850,3,452,227,5.1704,True,miscella: australian agricult !canada !crystal palace .. eastern steam electric teleg. of ir. gen. steam navigat. general screw steam irish beetroot sugar netherlands land.... peninsular & oriental do
sugar,1850,3,452,245,5.2939,True,... copper miners of eng. do. preference crystal palace.. leastern steam.. electric teleg. of ir. gen. steam navigat. general screw steam irish beetroot sugar netherlands 
sugar,1850,3,452,254,5.3437,True,"(crystal palace., 100 5 4 20 crystal pal. of fran eastern steam electric teleg. of ir. gen. steam navigat. general screw steam irish beetroot sugar nat. pat. steam fuel netherlands lend.... nrth. ofe "
sugar,1850,3,452,289,5.6047,True,(crystal palace„ crystal pal. of france eastern steam electric teleg. of ir. gen. steam navigat. general screw steam dish beftroot sugar nat. pat. steam fuel netherlands land.... nrth. ofeurope steam 
sugar,1850,3,452,296,5.652,True,"...canada copper miners of el s do. preference crystal palace eastern steam eleatic te'e,3. of ir gen. steam navi-;at general screw steam irish beetroot sugar netherlands i and penins"
sugar,1850,3,452,342,6.0867,True,...ian agricult canada lcrystal palace. r 255 265 1265 60 '155 eastern steam electric teleg. of ir gen. steam navigat general screw steam irish beetroot sugar netherland
sugar,1850,3,452,354,6.217,True,crystal palace.. crystal pal. of france eastern steam electric teleg. of ir. gen. steam navigat. general screw steam irish beet:oot sugar nat. pat. steam fuel netherlands land.... nrth. of europe stea
sugar,1850,3,452,355,6.2183,True,"...miscella. !australian agricult canada (crystal palace.. eastern steam., electric teleg. of ir. gen. steam navigat. general screw steam irish beetroot sugar netherlands laud.... peninsular & ori"
sugar,1850,3,452,358,6.2483,True,misce: 'australian agricult canada (crystal palace. lestern steam. electric teleg. of ir. gen. steam navigat. general screw steam irish beetroot sugar netherlands land.... peninsular & oriental do. do
sugar,1850,3,452,359,6.2653,True,"...alian agricult, 12i 'canada 5 crystal palace 1 eastern steam 1 electric teleg. of ir. .4 gen. steam navigat. 'general screw steam, 2,i irish beetroot sugar 2 netherlands land....i .11"
sugar,1850,3,452,366,6.3087,True,"...perminers of eng, do. preference ....... !crystal palaco. eastern steam electric teleg. of ir. gen. steam navigat. general screw steam irish beetroot sugar neth"
sugar,1850,3,452,369,6.3925,True,...stralian agricult di canada 5 crystal palace 1 eastern steam 1 electric teleg. of ir. .4 gen. steam navigat. io general screw steam 2i irish beetroot sugar 2 netherlands land.... ll
sugar,1850,3,452,371,6.4243,True,5-icrystal palace 2 crystal pal. pf france 1 eastern steam 1 electric. teleg. of ir 14 gen. steam navigat 50 general screw steam 24 irish beetroot sugar all nat. pat. steam fuel 2 netherlands land....
sugar,1850,3,452,375,6.4503,True,"...canada copper miners of eng. do. preference crystal palace eastern steam electric teleg. of ir gen. steam navigat general screw steam, irish beetroot sugar netherlands laud penins"
sugar,1850,3,452,390,6.6934,True,"...an apicult 'canada p7o 280 crystal palace., eastern steam. ••• .-.. ..• electric teleg. of ir. gen. steam navigat. general screw steam irish beetroot sugar netherlands land—. pen"
sugar,1850,3,452,392,6.7115,True,...nada copper miners of eng do. preference crystal palace eastern steam.. electric teleg. of ir. gen. steam navigat. general screw steam irish beetroot sugar netherla
sugar,1850,3,452,397,6.775,True,...canada copper miners of eng do. preference crystal palace eastern steam electric teleg. of ir. gen. steam navigat. general screw steam irish beetroot sugar n
sugar,1850,3,452,407,6.8404,True,!crystal palace.. crystal pal. of francel eastern steam electric teleg. of ir. gen. steam navigat. general screw steam irish beetroot sugar nat. pat. steam fuel netherlands nrth. ofeuropesteam peninsu
