word,decade,cluster,cluster_size,rank_in_cluster,distance_to_centroid,target_word_visible,snippet
sugar,1900,0,398,268,5.7891,True,"...tortabn*ll 444, aim 'cmb; far. jo, harry aad mts. miller, car- ries* *lock; mr. sad mrs. l. m. mackay. silver salver; miss lion, silver teaspoons and sugar tongs; and mrs. fsawir aut"
sugar,1900,0,398,273,5.8419,True,"whitoy. the members of the whitby liberal club hate presented a silver teapot. sugar basin, and cres.ni jug to mr alfred johnstone, the honottary treasurer of the club, as a gift on the occasion of we"
sugar,1900,0,398,283,6.1611,True,"...libi. illacipul cue adjunct jam soon, a middle-aged woman, was charged at the blackpool polies court yes- terday, with the alleged theft of a pair of sugar tongs, valued at la, fld., ham "
sugar,1900,0,398,289,6.2343,True,"ctu)sea xmas presents. 21 8. very usclul afternoon tea service, comprising tea-pot, sugar basin, and cretan jug, awl highly silver-plated on pure t, tote 31;4,1; wallantaxt new condition; cost 4i.; no"
sugar,1900,0,398,293,6.2576,True,".... blackpol case adjsarael janet scott, a iniddle•ged woman, as charged at the blackpool police court yes- terosy, with the alleged theft of a pair of sugar tows, valued at la. 6d., fr"
sugar,1900,0,398,294,6.2695,True,"rishton. presentation.—the workpeople at peebles mill have presented mr. g. drummond with a silver tea urn, sugar bowl, cream jug. and barometer, on the occagion of his retiring front cue position of "
sugar,1900,0,398,297,6.3907,True,"...ti's"" poerna; mr i f.. broekbank, silver pen tray; lr v.. viaithwaite, e,.pper kettle ard pans: mr a. h. fox-firoekbank. woe of silver teaspoons. and sugar tongs: messrs "
sugar,1900,0,398,300,6.4287,True,"...aune 24, 1905. notes on games and athletics. mr. and miss barber, cousins of the bridegroom,silver flower pot mrs. w. lake, aunt of the bride, silver sugar basin and sifter mr."
sugar,1900,0,398,303,6.4548,True,"general and mrs. swaine' tortoiseshell paper knife sir james and lady rankin, silver cream jug and sugar basin mr. and mrs. gwyer, silver chatelaine mr. greenby, silver mirror sir powlett and lady mil"
sugar,1900,0,398,308,6.5212,True,"mr. and mrs. parr, book stand mr. g. p. mason, fruit dish with sugar basin and cream jug mr. and mrs. paul rylands, salad bowl mrs. fox bourne, silver cream jug rev. mrs. and miss lee-jones, travellin"
sugar,1900,0,398,310,6.5515,True,"...une 24, 1905. notes on games and athletics. mr. and miss barber, cousins of the bridegroona,silver flower pot mrs. w. lake, aunt of the bride, silver sugar basin and sifter mr"
sugar,1900,0,398,311,6.5778,True,"...tlery. .1. graves' enterprise"" parcel contains table kr.ives, 6 table forks, 6 dessert lenives, dessert forks, 6 dessert spoons, 6 tca spoons, 1 pair sugar tongs, 2 table spoons, 1 moist sugar spoon"
sugar,1900,0,398,313,6.5909,True,"...tlertj e. n6pi egr rpar sees 5/111 contains 6 table knives, 6 table forks, 6 dessert knives, 6 dessert forks, (3 dessert spoons, 6 tea spoons, 1 pair sugar tongs, "
sugar,1900,0,398,316,6.6737,True,"...windows and 0011pase prices ilsbwi&re. our stock consists of dinner cruets, break- fast cruets, cake dishes, jelly dishes, salad bowls, cake baskets, sugar bowls, sardine dishes, butter dishes"
sugar,1900,0,398,318,6.7324,True,"...tlertj e. n6pi egr rpar sees 5/111 contains 6 table knives, 6 table forks, 6 dessert knives, 6 dessert forks, (3 dessert spoons, 6 tea spoons, 1 pair sugar tongs, "
sugar,1900,0,398,320,6.7595,True,"...tlery. .1. graves' enterprise"" parcel contains table kr.ives, 6 table forks, 6 dessert lenives, dessert forks, 6 dessert spoons, 6 tca spoons, 1 pair sugar tongs, 2 table spoons, 1 moist sugar spoon"
sugar,1900,0,398,326,6.9053,True,"... j. g. graves' ""enterprise"" parcel contains .6 table knives, 6 table forks, 6 dessert knives, 6 dessert forks, 6 dessert spoons, 6 tea spoons, 1 pair sugar tonga, 2 table spoons, 1 moist sugar"
sugar,1900,0,398,327,6.9123,True,"mr. and mrs. parr, book stand mr. g. p. mason, fruit dish with sugar basin and cream jug mr. and mrs. paul rylands, salad bowl mrs. fox bourne, silver cream jug rev. mrs. and miss lee-jones, travellin"
sugar,1900,0,398,329,6.9427,True,"williamson—bleckly. royal court theatre. sweei-nwnc y."" mr. and mrs. parr, book stand mr. g. p. mason, fruit dish with sugar basin and cream jug mr. and mrs. paul rylands, salad bowl mrs. fox bourne, "
sugar,1900,0,398,331,6.9918,True,"j ovkly xmas, rips yhar prissents.—marone .1.4 cane, sateen.lined, contains 6 tea-spoons, large sugar shell, is. bd, (rm.—wright. 483, kingston rd., wimbledon. ihii baltic.—the typewriting and duplica"
sugar,1900,0,398,337,7.0385,True,"ovely xmas, new year presiintd.—masone .1..1 cue, sateen•lined, contains 6 tea-spoons, large sugar shell, is. bd. free.—wanier, 483, kingston rd., wimbledon."
sugar,1900,0,398,340,7.0674,True,"...ar... outleßriirparr:;,2s/1, parcel contains 6 table knives, table forks, 6 dessert knives, 6 dosser t forks, ti dessort spoons. 6 tea spoons. 1 pair sugar,tongs, 2 tabl"
sugar,1900,0,398,346,7.2251,True,"...rier•llargreaves (wilpshire), leather waste paper basket. dr. pinkerton (southport), silver entree dish. mr. and miss parker (cheadle nubile), silver sugar basin and "
sugar,1900,0,398,347,7.2754,True,"stockign and iiiuil;aby fashionable ivlarrlagelminmalade jar; mr htnry grace, silver sugar tongs; mr j. w. end sliss hoyland. picture; dr. and mr, giles, copper tea tray: mr and mr. at saltburn. borra"
sugar,1900,0,398,349,7.3071,True,"a. sugar box. e first obtain from the grocer a tube sugar box, avbich will coat not more than fqurpence. the greater portion of the top of this box is removed..."
sugar,1900,0,398,350,7.332,True,"...on. —the work-people at the enfield manufacturing company have presented mr. jas. t. hargreaves, cotton manuflcturer, with a marble timepiece, silver sugar sifterpa"
sugar,1900,0,398,353,7.3673,True,"... j. g. graves' ""enterprise"" parcel contains .6 table knives, 6 table forks, 6 dessert knives, 6 dessert forks, 6 dessert spoons, 6 tea spoons, 1 pair sugar tonga, 2 table spoons, 1 moist sugar"
sugar,1900,0,398,364,7.5859,True,"the plum and hat trick. place three hats, rims downwards on the table, and under each place a sugar plum (or a nut, almond, as the ease may be). take up the hats, gather the sugar ..lunis together, an"
sugar,1900,0,398,367,7.6551,True,"x x x any grocer will sell a tate sugar box for four. pence, and this should be rubbed down smooth both inside and out before operations are started. the next step is to line it with any bi..."
sugar,1900,0,398,374,7.8994,True,"...gns of a struggler there was nothing on her hands to indicate a struggle, but the room was in terrible confusion. with bottles and a plantpot broken, sugar strewn abu"
sugar,1900,0,398,375,7.9177,True,"a. sugar box. e first obtain from the grocer a tube sugar box, avbich will coat not more than fqurpence. the greater portion of the top of this box is removed..."
sugar,1900,0,398,378,7.9968,True,"...)- a toothsome dainty is almond nougat. blanch a quantity of sweet althonds and mince them, not too finely. take an equal quantity in weight of brown sugar, put the two into a sugar boiler and stir"
sugar,1900,0,398,379,8.0172,True,"sugar plums. please, mr photo-man, be quick; i want my mummy dear; she promised she would not be long if i would sit still here. she said i must not turn m..."
sugar,1900,0,398,380,8.2704,True,"sugar plums. please, mr photoman, be quick.. i want my mummy, dear; she promieecl she would not be long, if i would sit still here. she said i must not tur..."
sugar,1900,0,398,384,8.3813,True,"sugar plums. please, mr photoman, be quick.. i want my mummy, dear; she promieecl she would not be long, if i would sit still here. she said i must not tur..."
sugar,1900,0,398,387,8.4501,True,"postsmen i—adviee for the coming flat—racing season. k.. 7 —o. clarkson, 5 sugar loaf court, london,"
sugar,1900,0,398,388,8.4836,True,"sugar plums. please, mr photoman, be quick.. i want my mummy, dear; she promieecl she would not be long, if i would sit still here. she said i must not tur..."
sugar,1900,0,398,389,8.6121,True,"u,s-r ip i.iteneni .4: father six, mother of the bride. eible silver, silver teapot. sugar hivan, cream jng. slid old hire. father and nio:ber of the bridegroom, imirtieulars not to band.. e. ilimenau"
sugar,1900,0,398,392,8.8302,True,"sugar plums. please, mr photo-man, be quick; i want my mummy dear; she promised she would not be long if i would sit still here. she said i must not turn m..."
sugar,1900,0,398,393,8.9309,True,"for the thousstau. at the birkenhead police o;art on monday margaret owen was charged with stealing various articles of linen, silver sugar tongs, &c., the property of william moseley mellor, of 16, d"
sugar,1900,0,398,395,9.5779,True,"...p ""greys"" at work' and ""play (by our abergavenny corrffpondeno. abergavenny, thursday. on tuesday the birkenhead and other battalions went out to the sugar loaf for battalion exerci"
sugar,1900,0,398,397,10.9118,True,"""the sate of wales."" on one side being the celebrated sugar loaf while on the other is the blorenge mona- tain, the town seemingly guarding the way to the famed pass of bwlch, which forms the recognis"
sugar,1900,0,398,398,11.1141,True,"""the sate of wales."" on one side being the celebrated sugar loaf while on the other is the blorenge mona- tain, the town seemingly guarding the way to the famed pass of bwlch, which forms the recognis"
sugar,1900,1,1750,80,4.1375,True,"rose-!.::nk teas. save the mothers. dresses, cushions, cakes, and j ""yes,"" adds miss gregory? sugar to match. '` and the children."" col cur-blending is ail art to thy com plete mastery of which societ"
sugar,1900,1,1750,118,4.2304,True,"sugar now less d. per lb. al' wri, warn parker. s. 11, market place, ripon. esraßustied 181.. _ grandidge's 61: tn.dai 1 il,i,e) luiglt non; 11%:iliouittbe..."
sugar,1900,1,1750,133,4.2679,True,"sugar niunties. tonight, therefore, he would like to knell for a bort t hoe opon the illiusseis ('onvention—lap- plause)—that iv's the ciniventiou that had..."
sugar,1900,1,1750,172,4.3554,True,"lancaster catering company. annual martino. dlyidend 11,11-rted by the sugar t.tx. the annual meet.ng of the leat.r cater- ing and restaurant co., ltd., vi. held .0 friday last in the plasma rooms lan"
sugar,1900,1,1750,187,4.3795,True,".vhiskey and buckets of burnt sugar. the nationalist m.p. for kerry. in either as ""childlike and bland"" as the heath tn chime appeared to be, cr someone has been hi, ""in approved transa..."
sugar,1900,1,1750,198,4.4076,True,"...able knives. 6 tab] 6 dessert knives, 6 forks, 6 dessert. s!,ooru spoons, 6 egg sp(10,11,1, spoons, 9 salt spoons tard spoons, 1 altaic •poon, 1 pair sugar ton, i pi"
sugar,1900,1,1750,281,4.5473,True,sugar khk.ps dear.—advt. town council. the monthly meeting of the town council will be held on tuesday evening at six o'clock in the town hall-. special re...
sugar,1900,1,1750,318,4.622,True,"sugar is dearer.—advt. death of mrs. litton. the we regret to annbunce that mrs. litton, a, uplands, moore, died yesterday morning after a illness. the dec..."
sugar,1900,1,1750,325,4.6389,True,"colonel foster on '• sugar."" colonel foster, who met with a hearty re- ception, prefaced his remarks with the inti- mation that he did not intend to speak at any length. they w..."
sugar,1900,1,1750,365,4.704,True,"colonel foster on '• sugar."" colonel foster, who met with a hearty re- ception, prefaced his remarks with the inti- mation that he did not intend to speak at any length. they w..."
sugar,1900,1,1750,401,4.7602,True,"rev. herbert dunnico., miss marshall, sugar and cream misses birtles, picture misses hodgkinson, afternoon tea cloth mr. and mrs. brough, pair of silver vases dr. and mrs. bennett, afternoon te..."
sugar,1900,1,1750,421,4.7981,True,"sugar now less id. per lb. at william parker's, 11, market place, ripon. lisranusiuti 1815. and ciculating, in masham, thirsk, harrogate, knaresherough, bo..."
sugar,1900,1,1750,436,4.816,True,"vt alt mth and strp.notii. the most valuable parts of fo 4 are pro- tein, fat, march, and sugar. tb se all help 0 stoke up the body, keep it varn. ant give the power of doing work but they cannot do t"
sugar,1900,1,1750,437,4.8164,True,"... space this week we have bee."" reluctantly compelled to omit reports of the meetings of the bands association and stockton heath parochial committee. sugar "
sugar,1900,1,1750,452,4.8367,True,"february 25, 1905 thirsk & maltoji seat. mr j. j. brigg and the sugar convention. mr j. j. brigg, pri spective liberal candidate for the '1 beak and maltou on monday addrersed & pubhe meet- ing in the"
sugar,1900,1,1750,462,4.8446,True,"rules for the boduotion of flesh. avoid all starchy and sweetened food, all cereals, vegetables containing sugar or starch, such as peas, beans, corn, potatoes, etc. have your bread toasted —sprinkle "
sugar,1900,1,1750,479,4.8702,True,"were then placed with the lancaster cater- i also, and the sugar basis passes round again i bible sunday. 1 in tkimpany to supply breakfasts of oat- i and yet again. • meal porridge and milk to the ch"
sugar,1900,1,1750,488,4.8801,True,"science notes and gleanings. sugar an!) fasting animals. experiments by protease.- ugolino wee°, university of genoa, show that sugar rises the temperature of a fastimr animal. '1 he t..."
sugar,1900,1,1750,494,4.8872,True,sugar keeps dear. music in the park. the band of the ist volunteer battalion (p.w.v.) south lancashire regiment will play in the park to-morrow (sunday). t...
sugar,1900,1,1750,496,4.8894,True,"sugar now less ;d. per lb. a t fitilliam, parker's. 11, market place, ripon. established ibls. grandidge's /aar bilge s i i i hr.. f.rtlel. 13 we rk. fl ii..."
sugar,1900,1,1750,510,4.909,True,"february 25, 1905 thirsk & maltoji seat. mr j. j. brigg and the sugar convention. mr j. j. brigg, pri spective liberal candidate for the '1 beak and maltou on monday addrersed & pubhe meet- ing in the"
sugar,1900,1,1750,513,4.9153,True,"the proposal to tax sugar substantial modification probable tim dv ily 'rulegmph says --the leaders of the oppo,itirn intend to raise a full drew, deb.ue ,in the sreonil readi..."
sugar,1900,1,1750,535,4.9552,True,hints for householders to brown pastry. if the oven is out of trim and will rot brown pastry properly. place a little sugar at the bottom ~1 tho oven. this will have the desired effect.— mrs e. m. p.-
sugar,1900,1,1750,564,5.0083,True,"their yearly sale of sugar coat.ed pills exceeds 2,000,000 boxes. all grocers, &c., obtain they from parkinsons manc7actuilinti ciii.iiistb. ogston's balmoral toilet soap. real..."
sugar,1900,1,1750,629,5.1182,True,"offs ytar's production of sancliarine in germany ii øgiven as equivalent to 50,000 iii;.•ric tons of sugar. flie sugar producers demand ii a: it be acid iil se a drug and i. el. ford.tuffe in franca! "
sugar,1900,1,1750,637,5.1288,True,"""knocked"" ok soger. there was no act of the conservative adminis- tration to which radicals vowed more inflexible and enduring hostility than the sugar convention, in virtue of which sugar bounties we"
sugar,1900,1,1750,648,5.1497,True,"23 sad 25, londias road, sheffield. 1 „i j 6. 81lvee-plated tea se'l`, pretty 41esign. hand...mely chnued, put. sugar begin, and cream jug; never bera ut4ed worth double.—tu rn mrs' bar ga jun, '4 and"
sugar,1900,1,1750,665,5.182,True,"canary pudding. use the %eifrli of threw ages is sugar, batter sad ilolll, mid the mad of oae maio,. melt the 'nutter, hut do wet ellqw it to bell. stir iate it the sugar sad grated rind lif uri imes."
sugar,1900,1,1750,681,5.2145,True,"...ends in council. i do not know whether ""j. l.,"" this recipe will suit pt/ ashton-in- for apple wine. t_lhn makerfield. ingredients are forty pou'l of sugar and fiftee.n gallons of cider. you cln re"
sugar,1900,1,1750,687,5.2226,True,"phosphorised reliable. sugar coated pills exceeds 2,000,000 boxes. all groups, &c., obtain them from par,kinsons manufacturing chemists. burnley. baagains tlfs""&""-rirr.teina:7ll,..."
sugar,1900,1,1750,697,5.2349,True,"sugar now less d. per lb. a william parker's. 11, market place, ripon. est olished 1815. grandidge's nkandidges— boys' new and second ts hand suits from 11..."
sugar,1900,1,1750,700,5.241,True,"sugar now less per lb. -'i. william parker's, market place, ripon. e,t oilished 1815 grandidge'si bandidges let out on hire, for the day iittk, oitiigbt or..."
sugar,1900,1,1750,704,5.2422,True,sugar is d. per lb. dearer.—advt. popular health lectures. there was a decided improvement in the attend- ance at the second of the series of popular healt...
sugar,1900,1,1750,705,5.2454,True,"february 25, 1905 thirsk & maltoji seat. mr j. j. brigg and the sugar convention. mr j. j. brigg, pri spective liberal candidate for the '1 beak and maltou on monday addrersed & pubhe meet- ing in the"
sugar,1900,1,1750,710,5.2514,True,"sugar now less id. per lb. al' william parker's 11, market place, ripon. established 1815. grandidge's gr'%:tlkllf6!l t 8; !'itelittutuirt 1 11111,1:17: i...."
sugar,1900,1,1750,715,5.2618,True,"sugait as a disinfectant. professor trilbert, of the pagben,- institute, has demonstrated that burning sugar develops one of the most powerful antiseptic gases known. five grains of sugar (77.16 grain"
sugar,1900,1,1750,734,5.2853,True,"cotton versus sugar growing. mr. george hughes, a well known west indian chemist has introduced a process by means of which the pith of the sugar cane is converted into ..."
sugar,1900,1,1750,751,5.3162,True,"sugar now less id. per lb. al' william parker. s. 11, market place, ripon. established 1815. a. copgrove. kirklington, littletliorpe, copt hewick, sharow, ..."
sugar,1900,1,1750,756,5.3265,True,"meeting. to the editor op the birkenhead news. 8/r.-14011(1 stanley of alderley, speaking after some remarks regarding the sugar contention, olio:last ""no bane country in the world has increased its p"
sugar,1900,1,1750,769,5.3448,True,"special whiskey"" burnt sugar and water palmed off to haslingden purchasers. at haslingden on monday, before mr. t. whitaker (chairman), mr. n. worsley, and alder- man witham, tho..."
sugar,1900,1,1750,773,5.3482,True,sugar substitutes and poison. action of thb local g 4 )t' ernmunt -boari). a ramular on the .triat of arsenic in beer. etc.. was issued by the lewal govern...
sugar,1900,1,1750,781,5.3694,True,granulated sugar lump sugar i id. and ri- per lb. nev currants from 21d. pm lb. 6d. per lb. choice hams... pure butter... nev figs 61d. per lb. canadian cheese 6id. p...
sugar,1900,1,1750,788,5.3765,True,"in the nollll, ot con. on the mcmday, mr garold balfour, sugar presidest of the board of contecesoe. 'prods, sauced • reeolution ap- proving of the optics of the sugar conieresos, which met at brumes "
sugar,1900,1,1750,810,5.4115,True,chm' with the editor. the excellent dietetic value of sugar has been proved over and over again of late years—witness the provision of chocolate and jam for our soldiers at the war and athletes when e
sugar,1900,1,1750,823,5.434,True,"worth advertiser, saturday. december 1. 1900. the farmers' column. sugar beet growing in warwick- shire. the rev. edward muckleston, m.a., of heseley glebe farm, warwick, has been continuing his exper"
sugar,1900,1,1750,829,5.4405,True,"j 1 ruined sugar trades. 12,000 fewer workers & 50.000 on short time. if anyone doubts the diaa,trotis ree,ultsof tht, ""working model of protection"" which is supplied..."
sugar,1900,1,1750,833,5.4484,True,"-:0:---- the arsenic mire has been dita.i`ious to measr.s. bostock, the firm who supplied the brewers with the sugar containing arsenic. a case for damages went against them re- cently, and the verdic"
sugar,1900,1,1750,846,5.4621,True,"stockign and iiiuil;aby fashionable ivlarrlagelminmalade jar; mr htnry grace, silver sugar tongs; mr j. w. end sliss hoyland. picture; dr. and mr, giles, copper tea tray: mr and mr. at saltburn. borra"
sugar,1900,1,1750,884,5.5087,True,"where sugar comes from children, like irish,nen, are credited w,th • good deal of uneonscio-ts humour. the latesf instance brought to my notice is one of the cx...."
sugar,1900,1,1750,887,5.5123,True,"le pmopte ra in middlf.b- rough. 56. marbled moor (aliens stigilis).— common on the fence at sugar at dusk; aso on tree trunks in the park. the ipecim,n( obtained were au of the var:ety ""ce,h'ops,"" wh"
sugar,1900,1,1750,899,5.5322,True,"sugar is id. per lb. dearer.—advt. buckley-street band of hope juvenile choir. a concert in aid of the above was held in the schoolroom on monday, councill..."
sugar,1900,1,1750,905,5.5384,True,"sugar dearer local advance in price. the retailers' suter association, whose jurisdiction is only. london and suburban, at the beginning_ of this month app..."
sugar,1900,1,1750,909,5.5469,True,"silver lustre tespot, sugar and cream jug, good con- dition, 17s. 6d.—saravis, 106, knightsbridge, london, cinematograph (good) and lantern. shows standard films perfect order; ..."
sugar,1900,1,1750,922,5.5757,True,"cromwell's letters. that moro inman convention. trouslr already. sre,—the more the sugar convention is examined the less it commends itself to public favour. i cto not think, however, that par- liamen"
sugar,1900,1,1750,926,5.5768,True,•effect of dear sugar all the injuries and inconveniences which we felt sure must result from the sugar convention and its interference with the frea and open market in su...
sugar,1900,1,1750,931,5.5803,True,"ild silvsic thaspoons (6) and sugar bows. price ‘j 255., 275. 6d..i3os.—bearder. roundhav, leeds."
sugar,1900,1,1750,941,5.5874,True,"business announcements. cheap lines at wallaces. granulated sugar per lb. plum & apple jam 41(1. per jar. rich cakes 214. or 31d. each. etd i ,e, rlen business announcements. ~. previous to removal. s"
sugar,1900,1,1750,943,5.5882,True,"sugar ship for ""goodluck"" in the centre. it is your business to cut the cake (just as it was at your wedding)—at any rate, you must make he first incision ..."
sugar,1900,1,1750,950,5.5959,True,"the breakfast-table. mr asquith thinks sugar will have relief first. ""this budget is intended to lay the fonts- datinn and lead the way to larger changes in the future. ido not hesitate to inclu..."
sugar,1900,1,1750,964,5.6051,True,"the breakfast-table. mr asquith thinks sugar will have relief first. ""this budget is intended to lay the fonts- datinn and lead the way to larger changes in the future. ido not hesitate to inclu..."
sugar,1900,1,1750,970,5.611,True,"sugar now less cl. per lb. at william parker's, 11, market place, ripon. e•varia,iiel. grandidge's maiogany sideboard, 6 feet long, m. with plate glass bac..."
sugar,1900,1,1750,972,5.612,True,"sugar niunties. tonight, therefore, he would like to knell for a bort t hoe opon the illiusseis ('onvention—lap- plause)—that iv's the ciniventiou that had..."
sugar,1900,1,1750,974,5.6162,True,american trade trickery. sugar and salt in leather the sanitary congress at bristol listened with amazement to some exposures of the adulteration with glucose and epsom salts of am...
sugar,1900,1,1750,977,5.6176,True,"sugar is d. per lb: dearer.—advt. buckley-street band of hope juvenile choir. a concert in aid pf the above was held in the •schoolroom on monday, councill..."
sugar,1900,1,1750,984,5.6258,True,"natives. mealie meal sers. klffir c meal samp sugar coffee igz. in another column a case at the court of summary juri,di3tion is reported in whictl two members of the light horse were filed or seven d"
sugar,1900,1,1750,987,5.6392,True,"...p ""greys"" at work' and ""play (by our abergavenny corrffpondeno. abergavenny, thursday. on tuesday the birkenhead and other battalions went out to the sugar loaf for battalion exerci"
sugar,1900,1,1750,996,5.6483,True,"knew by experih.nce. the schoolmaster was giving a lesson on ""con- science."" ""now, my boys,"" he said, ""supposing one of you stole a piece of sugar from the bec-in and popped it in your mouth, and moth"
sugar,1900,1,1750,1016,5.6777,True,impoverished russia. effects of brussels sugar con- vention. a report of considerable interest dealing with the economic mituation ia russia has been published by the board of trade iind the forei...
sugar,1900,1,1750,1021,5.6865,True,"worth advertiser, saturday. december 1. 1900. the farmers' column. sugar beet growing in warwick- shire. the rev. edward muckleston, m.a., of heseley glebe farm, warwick, has been continuing his exper"
sugar,1900,1,1750,1024,5.6915,True,"625,000.thr0wn on tete streets. mr. m'lcennit said it could not be seriously contended that the convention had not had an effect on the price of sugar. nvould the government, if their hands were free,"
sugar,1900,1,1750,1036,5.7119,True,"lo at, pen ible sugar tax in consequence of the reduction, we have restored our packets oi butter-scotch to the size toy were before the tax was :mpcsed, namely: is tablet..."
sugar,1900,1,1750,1038,5.7198,True,"sugar as a disinuctant. i• in many parts of europe kt is customary among people to burn su.gar in sick rooms, a pr.aatice wthieh is oonsidered by 4hyincian..."
sugar,1900,1,1750,1053,5.7446,True,the new sugar tax. the government's proposal for a new tax of a halfpenny a pound on sugar has passed with but little opposition. the public feel that money must b...
sugar,1900,1,1750,1058,5.7531,True,"cromwell's letters. that moro inman convention. trouslr already. sre,—the more the sugar convention is examined the less it commends itself to public favour. i cto not think, however, that par- liamen"
sugar,1900,1,1750,1063,5.7648,True,"nemo. cromwell's leti'ers. the government ans taxation. coal sugar: corn. sin— we are now in the last quarter of the national financial year, and speculation is rife as to the good things that the cha"
sugar,1900,1,1750,1075,5.7856,True,"ripon agricultural association. 'the production of beet sugar. there was a large gathering id farmers in wright's assembly room,. on thursday after- moon, wbeu councillor nv s white, of lincoln, read "
sugar,1900,1,1750,1077,5.7867,True,"the examiner, saturday, april 28, 1906.) miss marshall, sugar and cream misses birtles, picture misses hodgkinson, afternoon tea cloth mr. and mrs. brough, pair of silver vases dr. and mrs. bennett, a"
sugar,1900,1,1750,1085,5.7966,True,"cured. there was a boy named -tonu' ny who was always stealing sugar, in spite of the many tioashinge which the habit earned. on thin occasion he was in the dining-room just before tea, and while his "
sugar,1900,1,1750,1090,5.8072,True,"...rier•llargreaves (wilpshire), leather waste paper basket. dr. pinkerton (southport), silver entree dish. mr. and miss parker (cheadle nubile), silver sugar basin and "
sugar,1900,1,1750,1095,5.8171,True,"sugar catarrh. is a name given to a kind of dyspepsia, in which there is acidity and irritation of the stomach from eating too much sugar and pastry. but, ..."
sugar,1900,1,1750,1098,5.8239,True,"625,000.thr0wn on the streets. mr. m'kenna said it could not be seriously contended that the convention had not had an effect on the price of sugar. would the government, if their hands were free, be "
sugar,1900,1,1750,1100,5.8342,True,"an evening's sugaring. a warm, cloudy evening, with a gentle, southerly breeze, and a slight dampness of the atmosphere, during the summer makes the hopes of the entomo..."
sugar,1900,1,1750,1103,5.8453,True,"\ till sugar and coal taxes. ile would noh say anything about the it,ccime-ta%. he believed mr. labouchere's statement to he tree when he 8.1i.1 that the general ..."
sugar,1900,1,1750,1104,5.8468,True,"sugar trade decluce. a reuters ti-logram from lisrbadoes sap that owmg to the eareecungly luw price el sugar, the cos i of proclocuon !i, not covered by it..."
sugar,1900,1,1750,1113,5.8625,True,"sugar is dearer.—advt. death of mrs. litton. the we regret to annbunce that mrs. litton, a, uplands, moore, died yesterday morning after a illness. the dec..."
sugar,1900,1,1750,1121,5.8908,True,... the inquiry into the trading transactions of the corporation has been continued at 'four sittings of the commissioners held during the present week. sugar keeps dear.—a
sugar,1900,1,1750,1126,5.8989,True,"the examiner, saturday, apr miss marshall, sugar and cream misses birtles, picture misses hodgkinson, afternoon tea cloth mr. and mrs. brough, pair of silver vases dr. and mrs. bennett, afternoon te..."
sugar,1900,1,1750,1127,5.9004,True,"sugar tax. counsel the purchase of the coffee tha t al ways pleases family or guests isynungton coffee e.,5 the new french „remedy. t i-1 erapion1hissucces..."
sugar,1900,1,1750,1134,5.9104,True,"sugar tax. covtisel the purchase of the coffee that al ways pleases famil or guests ymington coff ‘e is 1.3.1.11k8s b 41 pills are warranted to cure, in ei..."
sugar,1900,1,1750,1135,5.9117,True,"'-'- l • ~ \„. miallikliil,,._ sugar keeps dear.—advt. mr. h. greenall (warrington),coroner of the manor of hale, held an inquest at the childe of hale hotel, bale, on monday, touching t..."
sugar,1900,1,1750,1143,5.9268,True,"...ay-street. !side entrance in con waystreet. tem following itnredeemed pledges f"" gig 10s.—solid silver•topped eight-bo:tie cruet. £ 10 106.—"" george"" sugar b"
sugar,1900,1,1750,1152,5.9579,True,"northern weekly gazette. to brown pastry.--sprinlile a little sugar in the bottom of the oven with cite pastry. --mrs poars, 16, high prinocsa-btreet, bank. south when making boef-steak pie. add a cow"
sugar,1900,1,1750,1154,5.9623,True,"the rise in the price of sugar. six millions or eight. (to the editor of the daily news."") sir,—two eminent members of the fiscal reform"" party have been attempting to explain away..."
sugar,1900,1,1750,1160,5.9708,True,"titatea and cuba and porto the retxnt report of tho royal cktmotion en the west holies reeonunended that the enuill sugar proprietor roukt humane cane fanners only, sending their produtt to a übino"" o"
sugar,1900,1,1750,1167,5.9955,True,"...le bee.] i .... w.""—the following table in, i believe, a correct one, showing the present day taxa- tion:— a. d. coma coffee currant* raisins • ool „ sugar tee tobacco"
sugar,1900,1,1750,1170,6.0075,True,"fe% 11. --if 0)- expt. l.—to obtain sugar from cotton, linen or paper. apparatus and chemicals required pieces of calico, linen, or paper, sul- phuric acid, powdered chalk, filter paper, beak..."
sugar,1900,1,1750,1175,6.0164,True,sugar keeps dear.—advt. picnic from the barracks. the wives and children of the soldiers stationed at orford barracks had their annual picnic on thursday a...
sugar,1900,1,1750,1184,6.032,True,"the examiner, saturday, april 28, 1906. miss marshall, sugar and cream misses birtles, picture misses hodgkinson, afternoon tea cloth mr. and mrs. brough, pair of silver vases dr. and mrs. bennett, af"
sugar,1900,1,1750,1186,6.0344,True,"yesterday's parliament. the budget. of a 55,000.00). duties on sugar and exported coal the house of commons met again after the i easter reoess yesterday. the chancellor of the laohequer laid his budg"
sugar,1900,1,1750,1187,6.0366,True,"samvlb 50 timdatra. cigars.—duty carriage paid on receipt 85.—}los.n, lewis at, jersey. old sllvilli thaspoons (6) and sugar bows, price 255., 275. 6d..i3ob.—bearder. lioundhav, leeds."
sugar,1900,1,1750,1191,6.0381,True,sugar is dearer.—advt. warrington draughts league. the warrington draughts league is to be con- gratulated upon the acquisition of the new champion- ship c...
sugar,1900,1,1750,1195,6.0392,True,"sugar for krucer. lilt% winston churchill, m.p. at the old- m primrose le/ annualmeeting,- on sat:arday, exoresseci.,o,44proval of the duty on coal and the..."
sugar,1900,1,1750,1196,6.0437,True,"... the recommendation of the finance committee, accoiiiiia atuotutung to a 177 bs. bd., of which £9o was for cut-do- re. lief, were passed for payment. sugar contractors and the duty. ""an un"
sugar,1900,1,1750,1199,6.0554,True,"burnt sugar as an antiseptic. the custom of burning sugar in a sick- room is very current among all classes in france, but up to the present has been re- garded ..."
sugar,1900,1,1750,1200,6.0572,True,"pure preserving sugar from 2s. 6d. per stone upwards. ye olde-fashioned tea from is. 4d. per pound upwards. special quotations for large quantities william parker's., the ..."
sugar,1900,1,1750,1205,6.0716,True,"53 a week for persons over 70. c ost £6,000,000: 500,000 benefit. great reduction in sugar duty. the following are the principal points in mr a squith's budget proposals old age pensions. five shillin"
sugar,1900,1,1750,1207,6.0834,True,"burnt sugar as an antiseptic. the custom of burning sugar in a sick- room is very current among all classes in france, but up to the present has been re- garded ..."
sugar,1900,1,1750,1209,6.0862,True,sugar keeps dear. music in the park. the band of the ist volunteer battalion (p.w.v.) south lancashire regiment will play in the park to-morrow (sunday). t...
sugar,1900,1,1750,1212,6.0897,True,"no sugar 111th the rhubarb t ht. at gainsborough petry sessions, on tuesday, william 'oulton, 16, wagoner, was putnmoned under the employers and woikmen's act..."
sugar,1900,1,1750,1214,6.0911,True,"jams, made from fresh ripe fruit and refined sugar only. these jams are of the highest quality, and are fsr superi9r to what are usually sold. wallages' new -t7f(.......,?,0t.i.,0-i?!-: ...""`-i..-• i'"
sugar,1900,1,1750,1220,6.0992,True,"finest xl flour 1/3 choice mild hams 1;11.1 per stone. p, r lb. choicest dairy butter 1/2 granulated sugar td. per lb. per lb. new marmalade -4,1 d. plum 8: apple jam -41 d. rer jar. i per jar. i marr"
sugar,1900,1,1750,1227,6.1078,True,sugar leaves. the extraordinary purity and brightness of the colours of many alpine flowers--and the same is true of arctic ones—is well known. the vivid c...
sugar,1900,1,1750,1233,6.1437,True,"facts in a nutshell. wslnuta osmo originally from per, altactuis from central asia. sugar exists in the sap as. hares of nearly 201 different kinds of treiv. holland ig the otly europcan eduttty that "
sugar,1900,1,1750,1235,6.1451,True,"...indtak o(mn. synopsis. the story centres round ow doings ol george wehiner°, richard jeffries, and estelle ma.inwaring, the handsome daugh- ter of a. sugar plantr n"
sugar,1900,1,1750,1242,6.1987,True,10 supply. the but. word. year en -the sugar )ir. • wbon &peaking of molampili ate so useful loyal. parnell.
sugar,1900,1,1750,1249,6.2178,True,"sugar is dearer.—advt. the liberal bazaar. ""the british isles"" bazaar in aid of the funds of the warrington liberal association is rapidly becom- ing an ab..."
sugar,1900,1,1750,1252,6.2223,True,"we will sell with every pound of liptons marcarine, 11- overweight 34b. sugar public notices. •board of mugatio.n. notice. in we matter of oumborough grammar school, in the ancient pari.liof guithorou"
sugar,1900,1,1750,1253,6.2267,True,"burnt sugar as an antiseptic. the custom of burning sugar in a sick- room is very current among all classes in france, but up to the present has been re- garded ..."
sugar,1900,1,1750,1255,6.2301,True,"h. roberts and the sugar convention. h:roberts seconded and remarked that there was one matter which claimed the attention of every work- ing man,and that was that at the pre..."
sugar,1900,1,1750,1264,6.2581,True,"...ion: mr. 13. mars- den, butter dish. nu yards' competition: mr, j. helliwell, carvers. prize for highest inaiviatial score: mr. g. fite%cusan, silver sugar howl. prizes for last y"
sugar,1900,1,1750,1266,6.2648,True,"sugar dearer local advance in price. the retailers' suter association, whose jurisdiction is only. london and suburban, at the beginning_ of this month app..."
sugar,1900,1,1750,1272,6.2799,True,granulated sugar lump sugar i id. and ri- per lb. nev currants from 21d. pm lb. 6d. per lb. choice hams... pure butter... nev figs 61d. per lb. canadian cheese 6id. p...
sugar,1900,1,1750,1276,6.2864,True,"sugar is d. per le. dearer.—advt. 'buckley-street hand of hope juvenile choir. a concert in aid of the above was held in the schoolroom on monday, councill..."
sugar,1900,1,1750,1280,6.2943,True,"sugar eaul cailclren's teeth. the belief that sugar ruins the teeth of chiklron is utterly groundless. indeed, how the idea ever came into existence is a m..."
sugar,1900,1,1750,1282,6.3038,True,sugar khk.ps dear.—advt. town council. the monthly meeting of the town council will be held on tuesday evening at six o'clock in the town hall-. special re...
sugar,1900,1,1750,1284,6.3138,True,sugar and sweetmeats. _ in koking hack oyes the pact few pars it is curious to note the changers that hese taken place irt rho v;sas of medical mca with re...
sugar,1900,1,1750,1286,6.3235,True,"correct. ""my boy,"" said her majesty's inspector to a board school younggter, ""suppose your father gave you is to buy 111). of sugar nd a pound, and c, of tea at is 6d a pound, and you lost 4d of the c"
sugar,1900,1,1750,1287,6.3287,True,"a great reform begun. mr charles trevelyan. m.p., writes house of commons, july 11th. 1907: the sugar tax. every liberal from the chancellor of the exchequer downwards was dis appointed that the circu"
sugar,1900,1,1750,1295,6.357,True,"rose-!.::nk teas. save the mothers. dresses, cushions, cakes, and j ""yes,"" adds miss gregory? sugar to match. '` and the children."" col cur-blending is ail art to thy com plete mastery of which societ"
sugar,1900,1,1750,1297,6.3615,True,"sugar is dearer.—advt. the liberal bazaar. ""the british isles"" bazaar in aid of the funds of the warrington liberal association is rapidly becom- ing an ab..."
sugar,1900,1,1750,1300,6.3754,True,"a great reform begun. mr charles trevelyan. m.p., writes house of commons, july 11th. 1907: the sugar tax. every liberal from the chancellor of the exchequer downwards was dis appointed that the circu"
sugar,1900,1,1750,1302,6.3835,True,"(19unty borough of warrington. thh sanitary works committrr are prepared to rborivi4 thndisrei for the supply of shcond- hand sugar b &gs. 9,000 measuring 38 ins. by 28 ins., to hold 1 owl eaeb, and 2"
sugar,1900,1,1750,1303,6.3892,True,"science notes and gleanings. sugar an!) fasting animals. experiments by protease.- ugolino wee°, university of genoa, show that sugar rises the temperature of a fastimr animal. '1 he t..."
sugar,1900,1,1750,1304,6.3913,True,"the examiner, saturday, february 18, 1905 the sugar convention. conservative labour party's views. the recent letters. a meeting of the conservative labour party was held in the st. barnabas' schoolro"
sugar,1900,1,1750,1308,6.4099,True,"... the recommendation of the finance committee, accoiiiiia atuotutung to a 177 bs. bd., of which £9o was for cut-do- re. lief, were passed for payment. sugar contractors and the duty. ""an un"
sugar,1900,1,1750,1309,6.4104,True,"facts abut 110710 f. starch and sugar, when eattin, undergo a digestive change before they are assimilated. in honey, this change hasbeen made toaccuisiderableestent by the bees. it is pa..."
sugar,1900,1,1750,1310,6.412,True,"iiow to make 8 botanic t anic be in your home. mason's extract of 14erbs ~ c c 5 sugar c o 9 yeast or barm a c c 11 1 li- -12 d per gallon. -c,--6.-- 200 years a secret. grannie ointment for skin trou"
sugar,1900,1,1750,1318,6.431,True,"the plum and hat trick. place three hats, rims downwards on the table, and under each place a sugar plum (or a nut, almond, as the ease may be). take up the hats, gather the sugar ..lunis together, an"
sugar,1900,1,1750,1319,6.4315,True,"""nowt you tutna you mignt try a num vinegar on sugar for that—er—hiccough? ""infernal hiccough!"" admits her young-old husband with gloomy carelessness. ""but ""—with a glance at my lady of the dower hous"
sugar,1900,1,1750,1322,6.4397,True,sugar is dearer.—advt. warrington women's liberal association meeting. the second social of the sea 3 m took place at the liberal club last week. miss cros...
sugar,1900,1,1750,1323,6.4412,True,"produce. london, wednesday. sugar fair business done au liume relined. tate's cubes unchanged. yellow crystals 341 lower, selling at 13s (stl to 13s fad, according to make. cane aorta..."
sugar,1900,1,1750,1324,6.4461,True,"sugar is dearer.—advt. the liberal bazaar. ""the british isles"" bazaar in aid of the funds of the warringtoa liberal association is rapidly becom- ing an ab..."
sugar,1900,1,1750,1325,6.4463,True,"lancaster catering company. annual martino. dlyidend 11,11-rted by the sugar t.tx. the annual meet.ng of the leat.r cater- ing and restaurant co., ltd., vi. held .0 friday last in the plasma rooms lan"
sugar,1900,1,1750,1327,6.4472,True,"...aune 24, 1905. notes on games and athletics. mr. and miss barber, cousins of the bridegroom,silver flower pot mrs. w. lake, aunt of the bride, silver sugar basin and sifter mr."
sugar,1900,1,1750,1328,6.4535,True,"the sugar duties. questions in parliament. mr kearlit aeked several questons of the chancylior of the exchequer, in the 11,alse tif ilimmions on tuesday with r..."
sugar,1900,1,1750,1332,6.4648,True,"sugar for cut flowers. flowers are ticing sent in numbers to us ""spirits in prison"" in london by country friends. how to preserve the cut blossoms, that is..."
sugar,1900,1,1750,1333,6.4698,True,"sugar is dearer.—advt. the liberal bazaar. ""the british isles"" bazaar in aid of the funds of the warrington liberal association is rapidly becom- ing an ab..."
sugar,1900,1,1750,1337,6.4867,True,"sugar and spice. the old nursery rhyme tells that theee are the two thingn which little girls are made of. now although girls are not made of sugar, yet if..."
sugar,1900,1,1750,1339,6.4916,True,"u,s-r ip i.iteneni .4: father six, mother of the bride. eible silver, silver teapot. sugar hivan, cream jng. slid old hire. father and nio:ber of the bridegroom, imirtieulars not to band.. e. ilimenau"
sugar,1900,1,1750,1346,6.5113,True,".111 m n.ited stateb raises nearly two-thirds ef the raw ootton of the world. sugar is rams's' from ;he cane in the south, from thss beet in the flr west, form sorghum in the centre, fnun the maple in"
sugar,1900,1,1750,1349,6.5134,True,"...f the poor. smart penalty at auckland. at auckland petty- kes,ituis on monday i'. h. brown and company (limited), of 85 and 89, crownpoint, glasg-ow, sugar millers and mer- c"
sugar,1900,1,1750,1355,6.5233,True,"sugar keeps dear.—advt. a plucky rescue. an exciting incident occurred on tuesday at howley when mary cragan,a single woman living in church-st threw herse..."
sugar,1900,1,1750,1359,6.5513,True,"rev. herbert dunnico., miss marshall, sugar and cream misses birtles, picture misses hodgkinson, afternoon tea cloth mr. and mrs. brough, pair of silver vases dr. and mrs. bennett, afternoon te..."
sugar,1900,1,1750,1366,6.5786,True,"ladtfaimi cake. lagredientiv—llb som.. ilb boater, flb lard, elb sugar tiaol,v. lib soltssas, 1b raisias (okoppeall, f'ess re finely sliamided, the.* ergs, ono tablespw.r.ful of baking-powder, and a b"
sugar,1900,1,1750,1368,6.5826,True,"local mt.'s and the sugar tax. in the divimon in parliament on the placing of a tax on sugar, local voted aa follows: for (183) sir ellis ashaneed-bastlett. the right hoc. ger..."
sugar,1900,1,1750,1369,6.5851,True,"thornaby mr and mrs ord, elver teapot, creams, and sugar ben; mr thornaa hardy, book; lady anne lanrigon, fare screen; lady doxford, two china rnr...res: mr and mrs' f. larobton. green bag; oaptn h. l"
sugar,1900,1,1750,1371,6.5931,True,"...aune 24, 1905. notes on games and athletics. mr. and miss barber, cousins of the bridegroom,silver flower pot mrs. w. lake, aunt of the bride, silver sugar basin and sifter mr."
sugar,1900,1,1750,1372,6.5975,True,"the examiner, saturday, april 28, 1906. miss marshall, sugar and cream misses birtles, picture misses hodgkinson, afternoon tea cloth mr. and mrs. brough, pair of silver vases dr. and mrs. bennett, af"
sugar,1900,1,1750,1373,6.6116,True,"jams, niade from fresii fruit and refiner sugar only. 11b. 21b. 31b. plum and apple .. .. 61. 80. fig and rhubarb • • -- 61. 80. fig and lemon .. .. —64 d. strawberry .. .. 64. 101 d. rasp and goos..."
sugar,1900,1,1750,1374,6.6124,True,"the examiner, saturday, april 28, 1906.) miss marshall, sugar and cream misses birtles, picture misses hodgkinson, afternoon tea cloth mr. and mrs. brough, pair of silver vases dr. and mrs. bennett, a"
sugar,1900,1,1750,1376,6.6137,True,"_ 411 k a 447, :} ind* eknes issatkiest -pleatitaup clothing in aroma* sod ixreet uop mot,hs. n miss when making anstardswild the sugar sties tha.ww4eßd, is cooked, 'met it willirfloi...io "".501 • pot"
sugar,1900,1,1750,1379,6.619,True,"caster standard and _county advzrtiser. september 6, 1907 mr aiid mrs langard, silver merit, cream end sugar basis. mr. mod mi a stamiield, silver salver. ur. 1 b ettevingt4a-suiith, silver salver. l."
sugar,1900,1,1750,1390,6.6688,True,"tiie corn and sugar dime& _ litysait ti • .i..initt,es olech traded opals buil, a. the ii mei e repreoeutial the rithint-ns try ei vinii•teeo o co-uiporativo cooly., awl..."
sugar,1900,1,1750,1391,6.6695,True,sugar up. 1 at the ordii;ar-rmee----ting-c.if the stockton arbl tlboi-naby groce.s areis.i....n on mon. day. it was d.x.ided to noornmen.l the membc•rs to ...
sugar,1900,1,1750,1392,6.6702,True,"...ian. ouse o. synopsis. the story centres round the doings al george wellmore, richard jeffries, and estelle mainwaring, the handsome daugh- ter of a, sugar plartvie"
sugar,1900,1,1750,1393,6.6705,True,"household hints. a lamp of sugar pat in a teapot will prevent tag staining any damask, however fine, over which it may be spilt. when pickling, always use strongest vinegar, and have..."
sugar,1900,1,1750,1394,6.671,True,"what they. needed. ""ten years ago, when i was manager of a sugar mill in cuba,"" said a merry traveller who is stop. ping at one of the city hotels, ""i found that every teamster on the plantation was i"
sugar,1900,1,1750,1395,6.6716,True,groceries cheaper than ever wallaces' moist sugar .. note the following prices lid. per ile 2d. per lb. 20. per ft.
sugar,1900,1,1750,1396,6.6735,True,"i ripon_ __agricultural association. sugar beet growing experi- ments. superior to german roots. the 44th mouthy circular of the ripod agricultural etssociat ion, which was issuen last thursda..."
sugar,1900,1,1750,1399,6.6861,True,"flame-made wines. sugar is cheap, and fruit may be bought so reasonably by watching one's chance, that even those who have no gardens may try their hand at home-made wince w..."
sugar,1900,1,1750,1400,6.6904,True,"the proposal to tax sugar substantial modification probable tim dv ily 'rulegmph says --the leaders of the oppo,itirn intend to raise a full drew, deb.ue ,in the sreonil readi..."
sugar,1900,1,1750,1404,6.7114,True,"h. roberts and the sugar convention. h:roberts seconded and remarked that there was one matter which claimed the attention of every work- ing man,and that was that at the pre..."
sugar,1900,1,1750,1405,6.72,True,"had been suffering from sugar diabekle, causing blindness tc stivervene, but not to the ~xtent of pre- venting him g drtr about unattended. the deceased weis a member of the thorn..."
sugar,1900,1,1750,1407,6.7218,True,"turpentine. 'i hey don't tap a turpentine tree like they do a sugar maple, but use an axe instead of an auger. they first chop a pocket at the foot of the trunk, making a recaptacle which holds about "
sugar,1900,1,1750,1409,6.7288,True,"816.-ve}nacetd(teztlii,w. sanni. sugar tongs. benottiony fitted; • hited-! some present. ed 28, wicker. zrrtix-i; leftssrii hig,116,71"", priarli.. klgfl.t. i nutitetztro, tetairneil wiat, ..."
sugar,1900,1,1750,1412,6.7329,True,natives. mealie meal snzs. kaffir cirn meal samp sugar coffee tea in another column a ease at the court of summary jurikliction is reported in which two members of the light horse were fined £1 or sev
sugar,1900,1,1750,1414,6.7493,True,nude from fresh fruit and refined sugar only. 11b. 21b. 31b. plum and apple .. .. 63. sid. fig and rhubarb .. 61. bad. fig and lemon .. .. 6;d. strawberry .. .. lid. loid. rasp and gomeberr...
sugar,1900,1,1750,1415,6.7509,True,"mr dear relations, row to mrici3 8 botanic t awic beer. • in your home. mason's extract of herbs 0 0 5 sugar • 0 0 9 yeast or bann m m 0 0 1 a .....--- 2d. per gallon. 0 0 2 200 years a secret. granni"
sugar,1900,1,1750,1417,6.7558,True,"...nd srice. the .41 nitaery that are the two thins,. which little girls are tuade of. new although gale are not ntado of auoar, lei if they iha no: eat sugar in sonto forro they would pre- .4.n"
sugar,1900,1,1750,1418,6.7851,True,"sugar loaf -ae—re-- rent is payable in many forms, but surely the the m i ost curious of these is that n which, every year about christmas time, the verger..."
sugar,1900,1,1750,1419,6.7937,True,"...une 24, 1905. notes on games and athletics. mr. and miss barber, cousins of the bridegroona,silver flower pot mrs. w. lake, aunt of the bride, silver sugar basin and sifter mr"
sugar,1900,1,1750,1423,6.8087,True,"tide table. srazoot. ass jar ,7.-aziic ms sim= will witlt loc it was sugar biabetes. • i:c.itlerd to a skeleton. three years in bed. nee dort., no,, ""arm cure is • miracle: the resat to be in • mama."""
sugar,1900,1,1750,1425,6.815,True,"servant's romance. american millionaire marries a pea sant. mr dcc rbin,thenilj maire railway canonic tor and sugar planter. of spolcatie,w.shiogrom, has married amp& larson paterson, who wit@ formerl"
sugar,1900,1,1750,1429,6.8275,True,"the examiner, saturday, apr miss marshall, sugar and cream misses birtles, picture misses hodgkinson, afternoon tea cloth mr. and mrs. brough, pair of silver vases dr. and mrs. bennett, afternoon te..."
sugar,1900,1,1750,1430,6.8286,True,"j 1 ruined sugar trades. 12,000 fewer workers & 50.000 on short time. if anyone doubts the diaa,trotis ree,ultsof tht, ""working model of protection"" which is supplied..."
sugar,1900,1,1750,1431,6.8287,True,...allaces. finest xl flour 1/3 per stone. choice mild hams 6d. per lb. choicest dairy butter 1/2 per lb. ---- new marm alade -41 d. per jar. granulated sugar per lb. plum & apple jam -41
sugar,1900,1,1750,1432,6.8336,True,...r space this week we have been reluctantly compelled to omit reports of the meetings of the bands association and stockton heath parochial committee. sugar is dearer.
sugar,1900,1,1750,1433,6.8372,True,"rome rini's. to make the leaves of the indiaruhber plant 14mq :,url bright eponge them with milk. px,ras aud white sugar form a good compound lot d,,,troying ants and corkrocclies. leather good, con b"
sugar,1900,1,1750,1435,6.8463,True,"...ar aspralte tar, etc. tru love rupplied lt lowser mous by r. s. ollre & co., ltd"" at trail blanch work& gas works, west float sul. 300 liboald. sea3l sugar cheaper at • rutherford' 8, "
sugar,1900,1,1750,1438,6.8655,True,"...w lemons are made acid. it s a fact not generally knoven that all lemons ano not sour enough to 11. sometimes a lemon otaatainit a high percentage of sugar anti a small percentage of acid, which mak"
sugar,1900,1,1750,1439,6.8661,True,...ed fruit 6!2d. fig and rhubarb id. damson and apple ••• sd. 7d. goose and rasp ••• 7d. 10(1. new orange marmalade 41(1. 61d. warranted pare fruit and sugar only. 
sugar,1900,1,1750,1440,6.8699,True,good things. not to tell tales. not to tell storks. not to he afraid of the dark. not to steal any mc.r:_s sugar or jam. not to say namy things behind a person's hack. not to be afraid of soap and wat
sugar,1900,1,1750,1444,6.8846,True,sugar is dearer.—advt. -the voters' lists. the revising barrister (mr. foard) will hold a court at the town hall on the bth of september for the re- vision...
sugar,1900,1,1750,1445,6.8856,True,"11, northgate, halifax. replied the frenchman with the utmost bonhomie, ""but no sugar in mine."" * * a temperance society (says the liver- pool post) offered a prize for the best essay on ""temperance."""
sugar,1900,1,1750,1447,6.9031,True,...omplaint wa_s .nado in the house of lord by earl spencer and 'lord tweedmoutlo that the government had not given facilities tor tle discussion of the sugar bounties conve
sugar,1900,1,1750,1451,6.9229,True,"friday, deci‘nber 12, 1902. the truth about teh sugar convxntion. tim smart passage at arms which took place in the house of oommone on friday evening, in which mr. balfour sad mr. thomas bowles were "
sugar,1900,1,1750,1453,6.9302,True,"one of the wonders of the world. almost anything can be bought there. sugar one shilling per lb., cotton, cloth, leather, needles, crockery, tinware, dyes, lime, char- coal, meat, slaves, camels, hors"
sugar,1900,1,1750,1456,6.9359,True,a_ sugar is much 'deareil—advt. warrington horse parade. the eighth annual parade will take place on satur- day nest and promises to be a great success. entri...
sugar,1900,1,1750,1457,6.9411,True,...y hint. when baking a custard put the dish orwriaining it in a larger dish nearly full of water; then when the cußtard is half tvarlcod a babe eaelor sugar bhcrulti be sifted over it. it will 
sugar,1900,1,1750,1459,6.9456,True,"in the nollll, ot con. on the mcmday, mr garold balfour, sugar presidest of the board of contecesoe. 'prods, sauced • reeolution ap- proving of the optics of the sugar conieresos, which met at brumes "
sugar,1900,1,1750,1460,6.9473,True,"canary pudding. use the %eifrli of threw ages is sugar, batter sad ilolll, mid the mad of oae maio,. melt the 'nutter, hut do wet ellqw it to bell. stir iate it the sugar sad grated rind lif uri imes."
sugar,1900,1,1750,1462,6.9624,True,"110 w to iviake o graillons 11) botanic bee. in your home. -- mason's extract of herbs 0 0 5 sugar -, 0 o 4) yeast or barra s) 0 1 1... 2d. per gallon. 0 0 a 200 years a secret. grannie ointment for s"
sugar,1900,1,1750,1463,6.9761,True,"-.7...--' the old quest house and four shoppes."" sugar loaf-court. the vestry decided to put this money to a benevolent use, that of build- ing the ""four shoppes"" and devoting, the rent to the support"
sugar,1900,1,1750,1468,6.993,True,"'6°barp..;;.;l4let rutherford's, teir cash grocer. sugar 18 cheaper. bacon 18 mika per. riitigerford'b sugar is cheapir. bacon is obinapxr. riithirford's, 175, grange -wad. 248, old cain= rd pubuo not"
sugar,1900,1,1750,1469,7.0014,True,"sugar its it gay rou yoursr • the ripon observer, thursday, may 8, 1902 • (copyright wednesday fixtures. news foil women 11ii•in doing men's work. (just as..."
sugar,1900,1,1750,1470,7.0042,True,"...une 24, 1905. notes on games and athletics. mr. and miss barber, cousins of the bridegroona,silver flower pot mrs. w. lake, aunt of the bride, silver sugar basin and sifter mr"
sugar,1900,1,1750,1472,7.0138,True,"best value i clifford saves you 5/- ln the pound finest white granulated sugar -- 2d. per lb finest sparkling lump sugar ri;j3&11t01i844,.. newseason's jam. 2 lb. jars mixed fruit 2 „ plum and apple u"
sugar,1900,1,1750,1474,7.0457,True,"n enda v. the hoc. of commons resumed the debate en the motto for the second reading of the sugar cosvention hill, the discussion of mr. lough's amendment for the rejection of the !ilea., re being con"
sugar,1900,1,1750,1476,7.0562,True,"...'s when you are feeling liverish and constipated, with headache and no appetite, you need they ""touch"" the liver. small pill, small dose, small price sugar coated, purely vegetable. forty in a p"
sugar,1900,1,1750,1478,7.0571,True,••* • • • silk manufacture has been pretty well destroyed; sugar refineries have almost dis- appeaied. ;the tin plate industiy has gone to america; the chemical trade has been captunel by germany; and
sugar,1900,1,1750,1482,7.0663,True,"wa ti tb d second-hand, empty, cli-an flour. sugar and other sacks and bags. titat• lowest cash prlce.,tellvered raiis.—t.williams. 39, newcastle rd., wavertree, liverpool."
sugar,1900,1,1750,1483,7.0678,True,"sugar is d. per lb. dearer.—advt. presentation at walton. there was a pleasant gathering at walton on friday evening when mrs. darwall, on behalf of the me..."
sugar,1900,1,1750,1485,7.0699,True,... touches to the window the proud confectioner opened his n 3w shop to the public just before christmas. ihe centre of the attraction was an im- mense sugar t
sugar,1900,1,1750,1487,7.0934,True,"i _ icounty borou(411 of warrington.— ~., the sanitary works comiittee are l of"" pared to receive tenders for the supply second hand sugar bags, 10,000 measuring i ""'lle. by 2sins. to hold lacwts. eac"
sugar,1900,1,1750,1489,7.108,True,"hopkinsville happenings. our thanks are due to mr. george white for a large cake of maple sugar made in his own bush. the taste of it brings back our boy- hood diva, uhen caning care had placed no wri"
sugar,1900,1,1750,1490,7.1145,True,"next d 3/ .3 boil it 011 tle iade maraialad6 _ ,--p-revent this the sugar is psi hours from sw remove it trod. weigh ib )ound and a wo syi up will nnates. this 13 malmalade. land vegetalle free use of"
sugar,1900,1,1750,1492,7.1201,True,"...able knives. 6 tab] 6 dessert knives, 6 forks, 6 dessert. s!,ooru spoons, 6 egg sp(10,11,1, spoons, 9 salt spoons tard spoons, 1 altaic •poon, 1 pair sugar ton, i pi"
sugar,1900,1,1750,1493,7.1255,True,"i primrose league gathering i at glasson. colonel foster's repudiation of protection. the decline of sugar refining ilast night 3 meeting, under the auspicea of the c'ockerham habitation of the prim- "
sugar,1900,1,1750,1496,7.1469,True,"sugar hill farm, kirkby malzlard. messrs p. liica-1;a14-a—ite and son .tlhave received ittetructions from mr. win. tbirkell to sell by auction, on tuesday...."
sugar,1900,1,1750,1497,7.1507,True,"the jap who worked for nothing. a friend of mine—a silk manufacture.r, said mr haveineyer, the great american sugar manufactau-er, had a bookkeeper who went wrcng. if that bookkeeper had never gone wr"
sugar,1900,1,1750,1499,7.1634,True,"'44"" novision merchant mr. ..rig gs ittouttportt, silver salts and -toon, mr. speave,.cigarettes. mr. walters tola-guat. ra... or silver spoons intl sugar tongs. smith :•,tt. annool.ort-8.09, pioture."
sugar,1900,1,1750,1500,7.1715,True,how to m2iioe fl gallons botanic beer in your home. mason's extract of herbs c c 5 sugar c c 9i yeast or 13arm c 0 14 2d. per gallon. c ct 200 years a secret. grannie ointment for skin troubles. for 2
sugar,1900,1,1750,1501,7.177,True,"sugar boiler or baker.—to let shop aud dwelling-house. 58, bewsey road, with bakehouse, two- stall stable and good yard the premises will be put in good re..."
sugar,1900,1,1750,1503,7.1863,True,"the budget point by point. (from the budget protest league.) tho alit lc, of i. smile t sb, 1,1 tip,. • 1101. substituted sugar for which formed by mr. v churchill to barley are invited to do so. howe"
sugar,1900,1,1750,1505,7.2003,True,"best value i clifford saves you 5/- ln the pound finest white granulated sugar -- 2d. per lb finest sparkling lump sugar ri;j3&11t01i844,.. newseason's jam. 2 lb. jars mixed fruit 2 „ plum and apple u"
sugar,1900,1,1750,1507,7.2029,True,"it was sugar diabetes reduced to a skeleton. 3 years 1n bed. her doe mar aye: ""her cure is a miracle the ought to be in a mv,setem."" ""i had suffered from sugar di..."
sugar,1900,1,1750,1508,7.2064,True,"the auckland ""golden syrup"" case. a week ago frank it. thown and co., ltd., cf 85 and 89, crownpoint, glasgow, sugar millers and inerrhants, were fined £2o and the costs,- the full penalty, by the auc"
sugar,1900,1,1750,1511,7.218,True,"u,s-r ip i.iteneni .4: father six, mother of the bride. eible silver, silver teapot. sugar hivan, cream jng. slid old hire. father and nio:ber of the bridegroom, imirtieulars not to band.. e. ilimenau"
sugar,1900,1,1750,1514,7.2253,True,"cioa,, bell halved for few pence.—write sugar k_i house :ltills, dept. s. btratford, london."
sugar,1900,1,1750,1516,7.2337,True,"in the nollll, ot con. on the mcmday, mr garold balfour, sugar presidest of the board of contecesoe. 'prods, sauced • reeolution ap- proving of the optics of the sugar conieresos, which met at brumes "
sugar,1900,1,1750,1518,7.2404,True,"overweight 3-111. sugar id. lipton limited, growers of the finest tea, coffee and cocoa the world can produce 168, grange ar road, telephone no. 1471."
sugar,1900,1,1750,1522,7.2767,True,"... space this week we have bee."" reluctantly compelled to omit reports of the meetings of the bands association and stockton heath parochial committee. sugar "
sugar,1900,1,1750,1525,7.3165,True,"inquiries. 'mm c."" asks if any kind reader can inform her how icing sugar and desiccated cocoanut are made? ""player"" asks: ""how can i make a tennis court so that frost or rain will not erase the lines"
sugar,1900,1,1750,1528,7.3369,True,"""write for medical leaflet, of 16 all told. (lighter.) wages averaged through- out the year about 18s. a week. he remembered sugar at bd. a lb., tho nominal but reputed 41b. loaf at bd. and 9d., and i"
sugar,1900,1,1750,1530,7.3521,True,"sugar vapour as antiseptic. the custom of burning sugar in a sick- room is very current among all classes in france, but up to the present has been re- gar..."
sugar,1900,1,1750,1531,7.3539,True,"...'s when you are feeling liverish and constipated, with headache and no appetite, you need they ""touch"" the liver. small pill, small dose, small price sugar coated, purely vegetable. forty in a p"
sugar,1900,1,1750,1532,7.3561,True,"special whiskey"" burnt sugar and water palmed off to haslingden purchasers. at haslingden on monday, before mr. t. whitaker (chairman), mr. n. worsley, and alder- man witham, tho..."
sugar,1900,1,1750,1533,7.3599,True,"beverley conservatives and their member. mr. stanley wilson expatiates on sugar bounties. mr. stanley wilson, the member of parlia- ment for holderness, attended the annual meet- ing of the beverley c"
sugar,1900,1,1750,1534,7.36,True,"... pigs. a considerable variety of roots, &c., can be fed to pigs. amongst the best of such crops for this purports are potatoes, artichokes, inangsle, sugar. beets, "
sugar,1900,1,1750,1535,7.3681,True,8. -the last straw. tommy is mad. tootaie is sad— toot.sie the pretty and tommy the bandy sugar a.nd spoe—all the things nice have gone up in price—.o has cocoanut candy. but this is too hot— this ban
sugar,1900,1,1750,1536,7.3695,True,"wiiitby water supply. stockton thop,naby pound lt labt! herlld. the sugar tax. yorkshire kidnaiping deputation of traders oa2e. to col. sadler, m.p. for coughs, colds, asthma, bronchitis. dr. j collis"
sugar,1900,1,1750,1540,7.4063,True,"gram. mrs. packwood, t',wel shams. lir. and mr.. 0 cortuel. water-colour pauttiags by jeakins. mr. and miss campbell (ireland), cream ,m 1 sugar castor. mr. and m. robinson. doultcw vas, mr. and mrs. "
sugar,1900,1,1750,1541,7.4149,True,clayton new church v. clayton wesleyan mission. blew chureh.—w. sugar b hulbert. 0; e. hope c shaw b elliot. 20; f. sugar c j. siemer b w. turner. 0; j. r. houldsworth c j. elliot b howarth. 3: j. dix
sugar,1900,1,1750,1545,7.4235,True,"... handicap.--prizes ist, silver keyless watch, albert and sehl 2nd, oak-mounted inkstand nnd clock 3rd, case of cutlery (12 pieces) 4th, silver-plated sugar basin and sift"
sugar,1900,1,1750,1546,7.4272,True,"...r's 'hen you are feeling liverish and constipated, with headache and no appetite, you need they ""touch"" the liver. sivuu pill, small dom, small price sugar coated, purely vegetable, forty ito phi"
sugar,1900,1,1750,1548,7.4329,True,"e too apparently boost. the grocer was weighing some sugar for the woman in the dyed blue bonnet, when the men in the black frock coat, who bad been standing in the door, came inside and laid a sixpen"
sugar,1900,1,1750,1550,7.4522,True,"things worth knowing. k 1311 altiiivaat table barometer. „in a c't suu allhot coffee is an unfailing barometer, ow 'c,ttcmi 4 lump of sugar to drop to the ot the oup and watch the air bubbles 441)1.,,"
sugar,1900,1,1750,1551,7.4794,True,food value of sugar: experrin—ec—its— have been inad 1y petfesoor mosee at genoa to test the food value of siugarl in mew of exhaustion from hunger. hie results' ourdirm...
sugar,1900,1,1750,1552,7.4954,True,"their yearly 3a1.-e of sugar coated pills exceeds 2,000,000 boxes. all gixicers, &42., oltals them erom"
sugar,1900,1,1750,1553,7.4966,True,"jams, made from fresh ripe frfit and 11efined sugar onln 'iiiq .1.1116 are of the ilighea i,4taitty, awl are fir roperior to what are usually :241. ~) t; iucfe ~%ole frij. • t strawit it:ode rsh i. 24"
sugar,1900,1,1750,1554,7.4973,True,how to makes fl gallons botanic beer in your home. mason's extract of herbs sugar yeast or bartn 0 0 9i i' 0 0 jr gl---0---t-r-i 2d. per gallon. o 0 2 200 years a secret. grannie ointment for skin tro
sugar,1900,1,1750,1556,7.5109,True,"...es 1. the. new a.v.c. tie goveiinnieni' ni, tile 1.7g-k.r. conv en i.ion. the dilemm, in which the government have paced themselves with :egad to the sugar con- vention show; how diff"
sugar,1900,1,1750,1559,7.5176,True,"o. 11400 the nerefore protect yourselves and buy liandaff liorne-cured bacon & liams, guaranteed to he cured with saltautl sugar only: home-cured bacon is cheap now, ""welsh bacon curing go, liandaff +"
sugar,1900,1,1750,1560,7.5222,True,"are thoroughly reliable. their yearly sale oe sugar coated pills exleeds '2 000 000 b oxes. all crocfiz., ~ oatain tiaras troy"
sugar,1900,1,1750,1561,7.5296,True,"...andicap.--zprizes ist, silver keyless watch, albert and seal 2nd, oak-mounted inkstand and clock; 3rd, case of cutlery (12 pieces) 4th, silver-plated sugar basin and sift"
sugar,1900,1,1750,1564,7.5506,True,"the extraordinary lebaudy. m. jacques lebaudy, son of a french multi-millionaire sugar refiner, takes himself seriously. no one else does. he .inherited, with his brother robert, more than twelve mill"
sugar,1900,1,1750,1566,7.5838,True,...r space this week we have bent reluctantly compelled to omit reports of the meetings of the bands association and stockton heath parochial committee. sugar i
sugar,1900,1,1750,1570,7.6058,True,"the extraordinary lebaudy. m. jacques lebaudy, son of a french multi-millionaire sugar refiner, takes himself • seriously. no one else does. he inherited, with his brother robert, more than twelve mil"
sugar,1900,1,1750,1571,7.6061,True,"916 to 105 c 2 cups and saucers, tea pot jug for 2/3. a special loor of jp tea. swrs sugar basin, and cream ilublic announcements. clean! safe! economi cal challenges comparison gives a brilliant ligh"
sugar,1900,1,1750,1573,7.6141,True,"8. 8. the sugar to sweeten this mazawattee tea (one lurnn of a cubic inch to:each cup) would make a road of sugar 144 miles long, 10 feet wide by one foot thick, and..."
sugar,1900,1,1750,1574,7.6144,True,"strontium in sugar making. at one time strontium seemed destined to play an important part in sugar making. ordinary sugar refining the ultimate mullein, although it co..."
sugar,1900,1,1750,1575,7.6212,True,"a. 11. and c. lawless• this warrington firm of pickle !manufacturers, gold medal sugar boilrs, and wholesale confectioners, have again an attractive stand, extending nearly the whole length of the pri"
sugar,1900,1,1750,1577,7.6346,True,"...handicap.—prizes ist, silver keyless watch, albert and seal; 2nd, oak-mounted inkstand and clock; 3rd, case of cutlery (12 pieces) 4th, silver-plated sugar basin and sifte"
sugar,1900,1,1750,1580,7.6632,True,"their yearly sale 011'1 sugar coated pills exceeds 2,000,000 boxes. a.ll ghockrs, atc. obtain them mom arkin.sons. majwfacivillno 011iattult. im7l4ir:"
sugar,1900,1,1750,1583,7.6802,True,"ufe re3/+/12,01111‘,:‘'illt: dronpzvf-11111.illree' 44. llmoelass models, full is every detail. °"""" 816•itinacit,mliffral oj sugar rings, beautifully shed; • a.et- mew prement, at 28, wieker. grip-,ea"
sugar,1900,1,1750,1590,7.7147,True,"""talks with young m."" alderman reap ""ailiimon."" the etessierse• ea sugar @melee ia the maass wee pelee@ i. emseetiaa sttli the irje.c.a.. was a nest gratitrieg ea. tim &sae ammons j. seep. j.p.. .:111"
sugar,1900,1,1750,1592,7.7388,True,"...mists and stores, 2/9 per bottle. beware of imitations. recipe botanic to make 8 gallons prime beer in your home beer ri• mason's extract o herbs oog sugar o o 91 o 0 rf"
sugar,1900,1,1750,1593,7.7516,True,"worn by a skmgron for two centuries. in the northwet provinces a high way- side cross, standing amongst the sugar cane crop, marks the spot where a crowd of men, women, and children, escaping from a s"
sugar,1900,1,1750,1594,7.7553,True,"the examiner, saturday, august 1, 1908. mr. and mrs. h. marsh, carved ivory dagger mr. stott, pewter sugar basin misses f. and d. clegg, case of silver spoons mr. w. h. gaskell, doulton vase mr. and m"
sugar,1900,1,1750,1597,7.7777,True,mr and lie ell-grown ot sugar purity of ad better a on the out create n definit- i 4 hoped. tinty .ye- have he- lot bounty vs on all ran grow- make up ich comeo they have th cheap...
sugar,1900,1,1750,1598,7.7787,True,"uncle john's twelfth cake. ""uncle john has sent it from town,"" we cried. ""certainly it was the handsomest cake i had ever seen in my life. the sugar on the top was the very whitest and smoothest, and "
sugar,1900,1,1750,1599,7.7848,True,"things worth knowing. breakfast table barometer. • a cup of hot coffee is an unfailing barometer, 4-i you allow a lump of sugar to drop to the otto of of the cup and watch the air bubbles bubbles with"
sugar,1900,1,1750,1600,7.7981,True,"817bscr cioun n i mb ment (1 servic a friel longfo council sae of counci p. if. j. if. 1 amoun then. m ittee i com n../ sa to rfc sugar each and to be de than 1,5 &mph from the bampl, bag deify vrill "
sugar,1900,1,1750,1602,7.8101,True,"the extraordinary lebaudy. m. jacques lebaudy, son of a french multi-millionaire sugar refiner, takes himself seriously. no one else does. he inherited, with his brother robert, more than twelve milli"
sugar,1900,1,1750,1605,7.8277,True,"much too smart. mornin"". guy'nor in inquired a oonfadent- looking stranger of a young man who stood weighing sugar in a grocer's shop. yes, air."" ""urn. you're advertising for a manager, i believe?"" ""y"
sugar,1900,1,1750,1613,7.9397,True,"sugar astor sirs pim .1.1 mev,: gm:l.is .i=b tom aft ismil r"
sugar,1900,1,1750,1614,7.9405,True,"the war. local casualty. th 9 following appasred in monday night's casualty had :—d sugar -u3ty, ill frac entoric :-ist south lan- cashire m. 1., 5311 albert beer, mooi river may 10th."
sugar,1900,1,1750,1618,7.973,True,"'6°barp..;;.;l4let rutherford's, teir cash grocer. sugar 18 cheaper. bacon 18 mika per. riitigerford'b sugar is cheapir. bacon is obinapxr. riithirford's, 175, grange -wad. 248, old cain= rd pubuo not"
sugar,1900,1,1750,1622,8.001,True,"the sweiot tooth. the sweet tooth, posoessed by 'eery healthy youngster, is neeture's tolasti ikea sugar is required for the bo.ilding of tabs body, the brseeng of tired muselsa, the eats riohing .4 t"
sugar,1900,1,1750,1624,8.0452,True,"110 w to make 0 gallon's tp botanic beer _ in your home. mason's extract of herbs sugar yeast or berm z 0 0 5 a 0 0 9/ ff 0 0 ia wr-45-1-ir 2d. per gallon. ------6-777"" 200 years a secret. grannie oin"
sugar,1900,1,1750,1625,8.0465,True,000 son's 110 w to mike i amin gallons 8 botanic beer in your home. mason's extract of herbs sugar yeast or bann .0 0 5 a 0 0 9i a 0 0 1 a t37-6--rr'i i2d. per gallon. -----0 o 2 4). 1.. i c .411117 a
sugar,1900,1,1750,1628,8.086,True,"01, intoxicated wasps wasps halal a great fon lnets for over-ripe fruit, t sptyeal y pears pluots, and sweet apples. the sugar of r he,a fruits has a teude•ice to ptss jut, a kind l.f alcohol in the o"
sugar,1900,1,1750,1629,8.1026,True,"...ference. —at the os-operative women's conference at blackpool on wednesday afternoon. several resolutions were 11.1.104.1, one protesting against !ha sugar t"
sugar,1900,1,1750,1631,8.1093,True,sugar and human growth it is asserted by a physician that the mere:to:3d height and weight of britons and americana in the lait half century are chiefly du...
sugar,1900,1,1750,1633,8.1216,True,"1° cifotti how to make 8 cra.licoonrs 1307, as.mic 13-11mict in your home. mason's extract of herbs •. 0 0 5 sugar 0 0 9i yeast or 'harm 0 ii) 0 i ti 2d. per gallon. 0 0 2 200 years a secret. grannie "
sugar,1900,1,1750,1634,8.1305,True,";ventaa.lly that -appeared se if it might snit negotiations 14-ore at on °inn- _ and when they were concluded no longer the owner of man- my sugar plantinis experiences at an end, and i was onoe more "
sugar,1900,1,1750,1635,8.1345,True,"...t. from mary young (it). 40, giltotreet, west hartlepool. a little girl named kitty had been staring into the window of mrs. johnson's shop at a pink sugar pig with blue eyes. ever"
sugar,1900,1,1750,1636,8.1845,True,asiatics. bon. m03l fur __ • or bread lwzs. rica sugar c -dee tea -)z.
sugar,1900,1,1750,1637,8.1915,True,w. alacikburn. o 1 4 and odd sayings. to put milk into a cup of tea beforo the sugar is to cross love. if a strange black cat enters your hone.. it is a sign of good luck. if a bird falls down the chi
sugar,1900,1,1750,1638,8.2209,True,row to make gallons 1307' an t.o beer in your home. mason's extract ov herbs • c 0 5 sugar c 94 yeast or 13arm c 1]: to ut 12d. per gallon. 200 years a secret.
sugar,1900,1,1750,1640,8.2356,True,how to make o gallons ▪ botanic beer in your home. mason's extract of herbs sugar yeast or barra 0 0 5 0 0 94- 0 0 lliii ii 2d. per gallon. 200 years a secret. grannie ointment for skin troubles. for 
sugar,1900,1,1750,1641,8.2779,True,eade's pills. ade's pills all who sugar from gout or meunier i hal e should immediately have recourse ..l ade's pills to eade's pills. hundreds at testimonials lave bef.n received tem eade'...
sugar,1900,1,1750,1643,8.2948,True,"tea, jam. beef, sugar .ta yen. robert patterson, coal hawker, was charged with the larceny of 241135. of tea. 21 pots of jam, 361bs. of beef, 301bs. of isigur. and 71bs. o..."
sugar,1900,1,1750,1644,8.306,True,110 w to make 8 gallons _ botalnic beer in your home. mason's extract of herbs 0 0 5 sugar yeast or harm 0 0 14 8) 0 1 4 2d. per gallon. c 0 2 200 years a secret. grannie ointment for skin troubles. f
sugar,1900,1,1750,1645,8.3211,True,34b. sugar absolutely the finest substi- tute for butter that can be made. a new article.
sugar,1900,1,1750,1647,8.3697,True,"a message in sugar (continued). cool room, so that it might be teedy for mrs •iloster at the of the lesson. joan felt a certain amount of satisfaction in baying success..."
sugar,1900,1,1750,1648,8.4183,True,"sugar is dearer.—advt. rev. a. f. white's successor. the charge of st. george's mission vacated by the rev. a. f. white at the end of september, together w..."
sugar,1900,1,1750,1650,8.4388,True,"...ecine for making cloth water- proof: ilb. of sug,ar of lead, 11b. of alum. pound both finely, and pour 2 quarts of boiling water over. stir until the sugar"
sugar,1900,1,1750,1653,8.5294,True,"its mason's tizo m71k13 gallons 8 botanic beer in your home. mason's extract of herbs sugar yeast or harm •0 0 5 00 00 11 8) 0 4 12d per gallon. ""cm"" 200 years a secret. --• grannie ointment for skin "
sugar,1900,1,1750,1656,8.5782,True,...week at westminster in the house of lords on monday the criminal appeal bill was read a second' time. lord elgin made a statement in re- gard .to the sugar conyentioti; in
sugar,1900,1,1750,1661,8.6324,True,"...c millionaire. an amazing incursion. probably unprecedented in history .is the impudence. of jacqpes .lebaudy, one of the sons of a paris millionaire sugar refiner. this gentleman has latel"
sugar,1900,1,1750,1663,8.6709,True,"how to mplice gallonsb botanic beer in your home. mason's extract of herbs sugar yeast or barm •0 0 5 0 0 9i a 0 0 14, g) 0 1 4- i2d. per gallon. 0 0 2 200 years a secret. grannie ointment for skin tr"
sugar,1900,1,1750,1667,8.7336,True,how to mane _ gallonsb botanic beer in your home. mason's extract of herbs 00 5 sugar • 1' • 0 0 yeast or barm • • 0 0 1 _1_..4 12d. per gallon. 0-0-2
sugar,1900,1,1750,1669,8.7402,True,"...d stamps. loose or in collection.bought at no. 3. carliugford-at, off upper parliament-st, liverpool. no common stamps wanted, the termination of the sugar b"
sugar,1900,1,1750,1670,8.7513,True,"'ale bp uttiott. manteb sugar and other sacks wanted; state quantity and price. —coman, 4, circus, london, b.c. ai tale nurse disengaged mental or otherwise.—welte, 9l, meetinghou..."
sugar,1900,1,1750,1672,8.7622,True,"tim *wu? tooth. 'the eweet meth, peasessed by every healthy youngster, igg natare's token that sugar is required for the building of the body,the bracing of tired mattes, the en- riching ef the brain."
sugar,1900,1,1750,1673,8.7811,True,"accident to a boy. on tuesday a lad named dearden, 14 years of age, employed at the sankey sugar works, slipped down some steps and in falling broke his arm and wrist and dislocated the elbow. the inj"
sugar,1900,1,1750,1675,8.8136,True,"ted..—beforp mr. w. sugar and dr. dickey. brutal assault a broken pro- mise.—robert wormwell, weaver. parkio- son-place, colne, was charged under war- rant, with assaulting hi..."
sugar,1900,1,1750,1676,8.8184,True,"pointed pezagraphs. the burden of love is never too heavy. money is sugar that sweetens the miser's life. religion makes good armour, but its no good as a cloak. it is better to hit the nail on the he"
sugar,1900,1,1750,1677,8.886,True,a g-12i.liaccnis 0 botanic ismer in your home. mason's extract of herbs sugar 'yeast or 13artn m 0 0 5 0 0 91- ff 0 0 ir 1 4. s) _ 2d. per gallon. o 0 2
sugar,1900,1,1750,1678,8.8904,True,"william riley, the square, kenilworth. teas from is. per lb. sole agent in kenilworth for 7he celebrated priory tea lump sugar u. good bacon from 4d. pure lard from 4. orange and lemon peel 4d. other "
sugar,1900,1,1750,1679,8.8971,True,"hints to housewives. scald rhubarb before cooking, and you will find it takes lase sugar and yet loess none of ita acids. in packing gowns, paper should be plaoed between the folds to avoid the crewed"
sugar,1900,1,1750,1682,8.9741,True,"the examiner, saturday, march 4, 1905. a launch at sankey bridges. 1 notes on games and athletics. indies gaza over sugar the east indies lose ever tea. it is true no doubt as mr. brodrick said the ot"
sugar,1900,1,1750,1683,8.9915,True,"how to make o gallons u botanic beer in your home. mason's extract of herbs sugar yeast or harm '0 0 5 a 0 0 9/ a 0 0 v, 8) 0 1 za 2d. per gallon. --6-7""-§- 'hilaggefki‘-igit-45ti-e:laa4tiair-lg,;r4 f"
sugar,1900,1,1750,1687,9.0138,True,"the feeling of insects. cut off a wasp's head, put it on the _point of a needle in front of sugar and water. you will find• that it will begin greedily eating it, quite unconscious of the fart that th"
sugar,1900,1,1750,1688,9.0174,True,"their yearly salr op sugar coated pills exceedr 2,000,000 boxes. all grocers, isc., obtain trey prow"
sugar,1900,1,1750,1689,9.027,True,"william riley, the square, kenilworth. teas from is. per lb. sole agent in kenilworth for ihe celebrated priory tea lump sugar 2d. good bacon from 4d. pure lard from 4d. orange and lemon peel 4d. otel"
sugar,1900,1,1750,1690,9.0419,True,"... the front. these should be boarded on differnt t idea, and one cud must have a trap for the purpose of admitting the fowls. the long indic of a cubo sugar box will board up to the joist cro"
sugar,1900,1,1750,1691,9.0816,True,row to mom. 8 botanic t anic beer in your home. mason's extract of herbs sugar yeast or harm •0 0 5 • 0 09) •0 0 i 5) 0 i 2d. per gallon. o 0 2
sugar,1900,1,1750,1695,9.1613,True,"accident to a boy. on tuesday a lad named dearden, 14 years of age, employed at the sankey sugar works, slipped down some steps and in falling broke his arm and wrist and dislocated the elbow. the inj"
sugar,1900,1,1750,1701,9.3428,True,"... thomas 0. easton. probate of the will of mr. thomas ogilvy easton, of 36, prince's-road, liverpool, j.p., of the firm of macfie and sons, liverpool, sugar refiners, who died on"
sugar,1900,1,1750,1702,9.3491,True,clayton new church v. clayton wesleyan mission. blew chureh.—w. sugar b hulbert. 0; e. hope c shaw b elliot. 20; f. sugar c j. siemer b w. turner. 0; j. r. houldsworth c j. elliot b howarth. 3: j. dix
sugar,1900,1,1750,1704,9.4335,True,"...smiled, and shook hands with the two ladies. ""you're just in time for some tea, mr. porteous,"" mrs. de la mothe said, sweetly. ""i forget; do you take sugar ""no sugar, thanks,"" the young man "
sugar,1900,1,1750,1705,9.4517,True,"new to wake 8 grill-ia lorts _.... botanic 1130k)fr in your home. mason's extract of herbs 0 sugar m ,- .1426)...fce yeast or harm ..)........ 2d. per gallon_._______ 200 years a secret. 0 grannie oin"
sugar,1900,1,1750,1706,9.4624,True,"• ....----------- _ _ sugar „ + ~...v,,, 4 .., '\-4i g -' 1 4 • psi ci- i'it 1 *'• '-; .11 .4:?..,"" ------. ---.-.... a -1 airc--, 4- •, t _ ae, ./. n now less id. per lb. 4 4le..."
sugar,1900,1,1750,1707,9.4797,True,"william riley, the square, kenilworth. teas from is. per lb. sole agent in kenilworth for the celebrated priory tea lump sugar 44. good bacon from id. pure lard from td. orange and lemon peel id. othe"
sugar,1900,1,1750,1712,9.7027,True,"le pmopte ra in middlf.b- rough. 56. marbled moor (aliens stigilis).— common on the fence at sugar at dusk; aso on tree trunks in the park. the ipecim,n( obtained were au of the var:ety ""ce,h'ops,"" wh"
sugar,1900,1,1750,1718,9.9756,True,how to 8 make gallons prime 'leer (non-intoxicating) in your home. mason's extract sugar ..• yeast or barra £0 0 5 o 0 9i o 0 o 1 4 c 0 02 = 2d. per gallon.
sugar,1900,1,1750,1720,10.0167,True,the iterald. stamm' burlates. beath in il.' commons. tradesman's unfounded m.p. suddenly succumbs after charges against the police. voting on sugar duty. committee's confidence. as the outcome of the 
sugar,1900,1,1750,1721,10.037,True,"[thwaite guardian and colne valley news.-may 18: 1900. too much. a speech all sugar plums is nauseating. then, of course, you don't want to say too little, for that would be unfair to yourself and un-"
sugar,1900,1,1750,1722,10.0904,True,"110 w to make 0 graialons 13orranic beer in your home. mason's extract of herbs # 0 0 5 sugar • 0 0 91 yeast or barni # • 0 0 8) 0 1 4 2d. per gallon. ---fl5-7"" 200 years a secret. railway time table."
sugar,1900,1,1750,1725,10.2425,True,"william riley, the square, kenilworth. teas from is. per lb. sole agent in kenilworth for yhe celebrated priory tea lump sugar m. good bacon from cl pure lard from 4d. orange and lemon peel 4d. other "
sugar,1900,1,1750,1726,10.2642,True,"...flemen shot. a very regrettable incident is reported by the allahabad pioneer. at a field day at meerut, twenty men of the rifle brigade were in some sugar cane, and were opposed by eighty of th"
sugar,1900,1,1750,1728,10.305,True,"—(e)-- ""what cured him of gambling?"" ""an uufortunate speculation in the sugar market."" ""then if he is sugar cured he ought to stay cured."""
sugar,1900,1,1750,1732,10.5122,True,clayton new church v. clayton wesleyan mission. blew chureh.—w. sugar b hulbert. 0; e. hope c shaw b elliot. 20; f. sugar c j. siemer b w. turner. 0; j. r. houldsworth c j. elliot b howarth. 3: j. dix
sugar,1900,1,1750,1734,11.0384,True,"jacob niemand. by it. h. sherard. life and wake up old men to find that they have done nothing."" but love and marriege, and all that. aren't they the sugar of life? think now how much more pleasure it"
sugar,1900,1,1750,1749,22.5304,True,"a tax on sugar. the belief that ""a tax on sugar would turn out the government ""—the words are those of a well-known politician—is pretty general in mincing-lane, wh..."
sugar,1900,1,1750,1750,22.8663,True,"unaccountable. hannah jane clark was fined 10s on a charge of stealing a quan- tity of sugar, valued at lid from the cafe and creamery in victoria-road, on the 14th inst.--mr m. harrison, who appeared"
sugar,1900,2,1396,1,3.8638,True,"n7otithern weekly gazette. strawberry drops.— hplf a pint of juice crushed out of the fruit, ill). of castor sugar, 2 whites of eggs. whisk the eggs to a very stiff froth; then mix all together and dr"
sugar,1900,2,1396,3,3.8992,True,"mousehold recipes castle biscuits. one egg, its weight in flour, butter, and sugar. beat the butter .and sugar to a cream, add the flour, and egg. bake in small deep tins, turn out and when cool, scoo"
sugar,1900,2,1396,4,3.9608,True,"[plum) devonshire junket. heat a quart of milk till it is lukewarm. meanwhile put half a teaspoonful of powdered eirmaincrn, and a tablespoonful of sugar into a cup, pour on a nr eglasaf ti 1 of brand"
sugar,1900,2,1396,5,3.9737,True,"...am always pleased if able to ""may."" help any reader out of a difficulty. to make london buns .you will require a pound of flour, quartcr pound castor sugar, two eggs, grated rind"
sugar,1900,2,1396,8,3.9961,True,"to-day's recipe. strawberry meringue tarls.—first make a short crust, as follows: ingredients: 6oz. of flour, 3oz. of butter, loz. of castof sugar. i egg. a pinch of salt. put the flour through the si"
sugar,1900,2,1396,9,4.0308,True,"...ee 011i1ces of corn- flour, two ounces of rice flour, and half an ounce of paisley flour. beat to a cream three ounces o? butter with three ounces of sugar, a"
sugar,1900,2,1396,10,4.0375,True,"...ee 011i1ces of corn- flour, two ounces of rice flour, and half an ounce of paisley flour. beat to a cream three ounces o? butter with three ounces of sugar, a"
sugar,1900,2,1396,11,4.0554,True,"northern weekly gazette, date and rhubaila pie.—take some rhubarb and cut it up, add sufficient sugar, then take some dates and take stones out, add to rhubarb, a.na stew until tender. let cool, then "
sugar,1900,2,1396,13,4.0718,True,"* * american loe.—boil nearly one pint of milk with 2ozs. of leaf gelatine and a little sugar; beat two eggs. yolk, and whites separately. add the milk to the yolks then put back in saucepan, and brin"
sugar,1900,2,1396,16,4.0854,True,"my 23, 19131. strawberry jelly.—for every pound of strawberries take three-quarters of a pound of sugar. mash the berries in the pre serving kettle, and mix the sugar thoroughly with them. boil half a"
sugar,1900,2,1396,17,4.1001,True,"dainty cakes for tea, irish slim-cakes.—iib. sifted flour, to which add one dessertspoonful of baking-powder. rub in los, butter add los. castor sugar, and make into a paste with* one gill of milk. ro"
sugar,1900,2,1396,18,4.1006,True,"* * american loe.—boil nearly one pint of milk with 2ozs. of leaf gelatine and a little sugar; beat two eggs. yolk, and whites separately. add the milk to the yolks then put back in saucepan, and brin"
sugar,1900,2,1396,19,4.1152,True,"...ical and pretty dish for party-- pia tho whites of three large eggs into a basin with a quarter of a pound of rasp. berry jam, two crusices of castor sugar, and six drops of ew"
sugar,1900,2,1396,20,4.1271,True,"to-day's recipe. strawberry meringue tarls.—first make a short crust, as follows: ingredients: 6oz. of flour, 3oz. of butter, loz. of castof sugar. i egg. a pinch of salt. put the flour through the si"
sugar,1900,2,1396,22,4.1294,True,"bradford pudding. one quart of milk, 4oz. of gelatine, lioz. of arrow.. root, loz. of sugar, 3 eggs, 3 small spongecakes. dissolve gelatine in one pint of milk, boil and pour over the arrowroot, which"
sugar,1900,2,1396,25,4.1462,True,"...reengage jam be sure that the fruit is quite dry and sound. cut the greengages in half, and remove the stones, and allow three-quarters of a pound of sugar to •one of fruit, weighed bef"
sugar,1900,2,1396,28,4.1598,True,"...se you mean the windermere."" ordinary sandwich cake with jam in between. if so, then this recipe will suit you. two ounces „each of butter and castor sugar, two eggs, raspbe"
sugar,1900,2,1396,30,4.1713,True,"rizine pudding baked. plain and economical: a nice pudding f ,ft children ingredient' ot.e teecurfit, wzine, 2 tablssocnnfuls taoist sugar 1 quart milk, ,i-oz butter, or two small tablespoon- fuls cho"
sugar,1900,2,1396,31,4.1733,True,"replies. cream baskets. two eggs, their weight in butter, castor sugar, aand flour, one-teaspoonful of be powder, three tablespoonfuls of raspberry jam, one gill of water, two ounces of dassicateci co"
sugar,1900,2,1396,34,4.1853,True,"...weekly gazette. sago pudding. —boil zozs. (xf top) ill a pint of milk till tender. when cold add five eggs, two naples biscuits, a tittle brandy, and sugar to taste. bnli i it in a basin, a"
sugar,1900,2,1396,35,4.1955,True,"to-day's recipe. strawberry meringue taw! s.—first make a short crust, as follows: ingredients: 6oz. of flour, 3oz. of butter, loz. of castor sugar. 1 egg. a pinch of salt. put the flour through the s"
sugar,1900,2,1396,41,4.2186,True,"little russian cares. three ounces of flour, 3ozs. sugar, 3iozs. dried cherries, lioza. almonds {blanched and chopped fine), 4 drops of eisence of vanilla, the grated rind of half a lemon, and 2 eggs."
sugar,1900,2,1396,42,4.2243,True,"friends in council. peel and cub some marrows m.5.m.,"" into cubes the size of lump pwizinell. sugar. weigh and put imme- diately into a ba4n of cold water, and let it stand for titelve hours. driain a"
sugar,1900,2,1396,44,4.2355,True,"stockto' household recipes ping yong cake, beat 3 eggs and 5 ounces of sugar to al cream. add 6 ounces of pastry flour in which a tea spoonful of baking powder is mixed, also the grated rind of oup er"
sugar,1900,2,1396,45,4.241,True,"[plum] almond buns. half a pound of ground sweet almonds, alb. of castor sugar, 3oz. of sifted flour, to eggs, 6 drops of rata.fia essence, loz. of butter. sift the sugar into a mixing basin. break th"
sugar,1900,2,1396,46,4.2444,True,"northern weekly gazette. oatmeal bisothts.--sercn our icer of flour, three ouneee of oatmottl, throe ounces of lard, throe ounces of brown sugar, a pinch of .it, a teacupful of wider; mix all with eru"
sugar,1900,2,1396,47,4.2449,True,"replies. sandwich cake.—one cup of flour, f of cup of castor sugar, 1 large teaspoonful cream tartar, 1 small teaspoon carbonate soda, 2 eggs, about as much butter as a dessert spoon will hold, a litt"
sugar,1900,2,1396,49,4.2473,True,"dainty cakes for tea, irish slim-cakes.—iib. sifted flour, to which add one dessertspoonful of baking-powder. rub in los, butter add los. castor sugar, and make into a paste with* one gill of milk. ro"
sugar,1900,2,1396,50,4.2569,True,"n7otithern weekly gazette. strawberry drops.— hplf a pint of juice crushed out of the fruit, ill). of castor sugar, 2 whites of eggs. whisk the eggs to a very stiff froth; then mix all together and dr"
sugar,1900,2,1396,51,4.2619,True,"[num 1 snow pudding. take two tablespoonfuls of cornflour, one tea. cupful of sugar, and the juice of two lemons; mit altogether, then add one pint of boiling water (must be boiling), mix altogether, "
sugar,1900,2,1396,53,4.2633,True,"sugar drops. now we come to the sweets known as drops, and of these there are a great variety. to make acid drops boil one pound of loaf sugar, one teacupf..."
sugar,1900,2,1396,54,4.2658,True,"...weekly gazette. sago pudding. —boil zozs. (xf top) ill a pint of milk till tender. when cold add five eggs, two naples biscuits, a tittle brandy, and sugar to taste. bnli i it in a basin, a"
sugar,1900,2,1396,55,4.272,True,"[p rizn. i yorkshire ginger .ca_kes. one pitsbad of butter, 4 pound sifted sugar, 2i ounims of ground paver. 2lb. of flour, 3 eggs, a little. pait, pant of cream; whisk the eggs well. and add the crea"
sugar,1900,2,1396,57,4.2779,True,"swiss loll. six ounces of butter, 60z6. sugar, 6ozs. flour, eggs, jam, and juice of lemon, half teaspoonful of baking powder. beat the butter and sugar to a cream, then add the flour, eggs, and b..."
sugar,1900,2,1396,60,4.2855,True,".... bread pudding.—take a quart of milk, in which soak crumbs of dry bread or biscuit ia they are soft and as thick as batter; add three eggs, a little sugar, and a little salerat"
sugar,1900,2,1396,61,4.2941,True,"[num] good rich christmas cake. take whs. best flour, 11b. of currants, lib. stoned and chopped raisins, 41b. mixed peels, ilb. almonds, lib. sifted sugar, i. tablespoonful baking powder, 1 teaspoonfu"
sugar,1900,2,1396,65,4.3073,True,"dainty cakes for tea, irish slim-cakes.—iib. sifted flour, to which add one dessertspoonful of baking-powder. rub in los, butter add los. castor sugar, and make into a paste with* one gill of milk. ro"
sugar,1900,2,1396,73,4.3313,True,"northern weekly gazette. oatmeal bisothts.--sercn our icer of flour, three ouneee of oatmottl, throe ounces of lard, throe ounces of brown sugar, a pinch of .it, a teacupful of wider; mix all with eru"
sugar,1900,2,1396,74,4.3331,True,"northern weekly gazette. oatmeal bisothts.--sercn our icer of flour, three ouneee of oatmottl, throe ounces of lard, throe ounces of brown sugar, a pinch of .it, a teacupful of wider; mix all with eru"
sugar,1900,2,1396,76,4.3352,True,"...dick with good short crust paste; line ahm the edges of the dish, and brush over with egg. beat up 2 egga, add half a pint of warm milk. 2 oz. castor sugar, the grated r"
sugar,1900,2,1396,78,4.3446,True,"rizine pudding bap& plain and economical: a nice pudding p,ir cieildren. ingredient. one tearurful rlzinp, 2 tahlesommfuls moist sugar lonart milk. oz butter, or two small tablespoon- fuls chopped sue"
sugar,1900,2,1396,80,4.3485,True,"cream baseets. take 2. eggs, their iv-eight in butter, castor sugar and flour, 1 teaspoonful of baking powder, 3 tablespoonfuls of raspberry jam, 1 eill of waiter, two ounces of diceectseted merle nut"
sugar,1900,2,1396,81,4.3493,True,"...-;th -3rer -- and %vat,- wit cream er. there lenir)n- water ice, very easy of preparation. to make it you require eight lemons, twelve ounces of loaf sugar, "
sugar,1900,2,1396,82,4.3512,True,"[pang.] mime russian cakes. three ounces of flour, 3or.s. sugar, 31ozs. dried cherries, lfozs. almonds (blanched and chopped fine), 4 drops of essence of vanilla, the grated rind of half a lemon, b,nd"
sugar,1900,2,1396,85,4.3569,True,"[plum] almond buns. half a pound of ground sweet almonds, alb. of castor sugar, 3oz. of sifted flour, to eggs, 6 drops of rata.fia essence, loz. of butter. sift the sugar into a mixing basin. break th"
sugar,1900,2,1396,87,4.359,True,"...d recipe. if you wish to send good gingerbread to table, take three-quarters of a pound of flour, quarter of a pound of butter, quarter of a pound of sugar, fialf.gill of milk, throe-qua"
sugar,1900,2,1396,88,4.3642,True,"home-made sweetmeats. a delicious almond toffee is made by pouring a gill of water over a pound of the best loaf sugar in a clean saucepan, and letting it dissolve slowly over the stove, stirring occa"
sugar,1900,2,1396,89,4.3667,True,"unznicy sponge cake. take 4 large eggs, vb. flour, ill). castor sugar, two tablespoonfuls of good milk; butter and flour a cake tin measuring about 24 inches round and 4 inches deep. have tho oven wel"
sugar,1900,2,1396,95,4.4094,True,"...fruit drink, i-lb. each of raspberries, currants, and straw- berries, i quart of boiling water, the juice of two lemors, one breakfastcupful of icing sugar. remove the sta"
sugar,1900,2,1396,96,4.4099,True,"northern weekly gazette. soda pudding.--quarter pound a beef suet, vb. brown sugar, ib. ourranta, flour, one egg, ball • tesepoonful of car- bonate soda, and a little mak. mix au these well together, "
sugar,1900,2,1396,100,4.4224,True,"...)- a toothsome dainty is almond nougat. blanch a quantity of sweet althonds and mince them, not too finely. take an equal quantity in weight of brown sugar, put the two into a sugar boiler and stir"
sugar,1900,2,1396,108,4.4409,True,"...pnxze.] wholesome imitation ices. plaer; fouri-qu-trts-7,1 it.; -3311 k 1iit..7.114 enamelled stew pan, or preserving pan, and add *we pounds of loaf sugar. whisk in four to six perfer-tly fresh or n"
sugar,1900,2,1396,109,4.4443,True,"northern weekly gazette.' rice oakc.--one pound of flour, 11b. of ground rice, lib. of sugar, 41b. of lard and buttrn. mixed, 3 eggs, 2 packets baking powder. beat the eggs and butter to a oroa.m, the"
sugar,1900,2,1396,111,4.4536,True,"...a:is-1 .-sii-c.te one and a half pounds of sharp cooking apples. put them in a saucepan with half a gill of hot water, two, tablespornifuls of cantor sugar, and then rub throug"
sugar,1900,2,1396,114,4.4596,True,"[plum] home-made lemonade. one ounce of tartaric acid, 11b. of sugar, and three lemons. pare off the rind as thin as pcs- sible, and then squeeze the lemons into a quart jug, being careful to throw aw"
sugar,1900,2,1396,115,4.4629,True,"[paiza.l rhubarb and orange jam. one quart of finely-cut rhubarb, 6 oranges, lab. of loaf sugar. peel the oranges, and divide them and take out the pips. slice the pulp into the pan, then put in the l"
sugar,1900,2,1396,117,4.4656,True,"rizine pudding baked. plain and economical: a nice pudding f. )r children. ingredient- orse teaenrfn, rizine, 2 tablasenonfule moist sugar 1 grout milk, ioz butter, or two small tablesnoon- ms chopped"
sugar,1900,2,1396,118,4.4656,True,"strawberry trifle. melt 2oz. of butter in an enamelled pan, with one pint of milk, stir in gradually 2oz. each of flour and fine sugar; let it boil three or four minutes, add the beaten yolks of two e"
sugar,1900,2,1396,120,4.4674,True,"*** grape jelly.—put two ounces of isinglass into a pint of water, season it with sugar to taste, and add the juice of two lemons. when this has boiled for five minutes, throw in the shell and white o"
sugar,1900,2,1396,122,4.4689,True,"strawberry trifle.. mott dos, of butter in an enamelled pan. with one pint of milk, stir in gradually 2oz. esoll of flour and fine sugar; let it boil three or four minutes. add the beaten yolks of two"
sugar,1900,2,1396,123,4.4716,True,"m. fawcett,_ 151, victoria-road, middlesbrough. take lib. of butter, 1 cupful of sugar, 3 eggs, 2 cupfuls of flour, the juice of a lemon, teaspoonul of baking powder. melt butter to a cretam, add suga"
sugar,1900,2,1396,125,4.4782,True,-(0)--- cocoanut blocks are quite easy to manage. and the dessicated nut sold at 8i per pound answers very well for the purpose. put a pound of sugar and a teacuohd of wster in an enamelled saucepan. 
sugar,1900,2,1396,126,4.4808,True,"tiousettold recipes castle puddings. the weight of two eggs in butter, sugar,' and flour, and loz. pawky flour. beat butter and sugar to a cream, add eggs, then flour mixed with the loz. paisley flour"
sugar,1900,2,1396,127,4.4851,True,"home-made sweetmeats. a delicious almond toffee is made by pouring a gill of water over a pound of the best loaf sugar in a clean saucepan, and letting it dissolve slowly over the stove, stirring occa"
sugar,1900,2,1396,129,4.4866,True,"whitsuntide runs. one pound of flour, 2 or 3 eggs, 41b. of butter, 2ozs. of candied peel, -ilb. of sugar, grated rind of half a lemon, one teacupful of milk, two table. spoonfuls of baking powder. mix"
sugar,1900,2,1396,135,4.4955,True,"epr32i3-1 pear marmalatir. boil six good sized pears to a pulp, weigh thenki, take half their weight in sugar' put it into a sillloo. pan with a very little water, bring it to the boil, and skim whils"
sugar,1900,2,1396,136,4.4957,True,"birthday cake. eight flea. butter, tk;s. -e-srettn:-sugar, bor.s. lear, 4 cora, 4oze. gromid almonds, farm. eandied peel, 12,ss. sultanas, and curranta. put the butter and sugar in a basin and stir we"
sugar,1900,2,1396,140,4.4988,True,"[prizz.i salad dressing. ingredients: 1 teaspoonful of mixed mustard, 1 teaspoonful of castor sugar, 2 tablespoonfuls salad oil. 4 tablespoonfuls of milk, 2 tablespoonfuls vinegar, pepper and salt to "
sugar,1900,2,1396,141,4.5005,True,"[puns.] swiss wafers. three ounces of flour, 3ozs. of castor sugar, zozs. of butter, two eggs. work the butter with a spoon till it becomes creamy, stir in the euga.r and beat well; add the et;rgs alt"
sugar,1900,2,1396,143,4.5078,True,"[prlzz.] green gooseberry chutney. boil a quart of green gooseberries with a potuad of course brown sugar in the three-quarters of a pint of vinegar till partly cooked, then place in a jar, add a poun"
sugar,1900,2,1396,145,4.5135,True,"...cones. four teacupfuls of flour, 2 teaspoonfuls cream of tartar, 1 teaspoonful carbonate soda, a pinch ot sal, lard size of an egg, 1 ablespoonful of sugar, 1 egg, enough sour milk to make into a lig"
sugar,1900,2,1396,150,4.5239,True,"...he secret. in baking sponge cakes le to have a bleakly oven, and not to open the door for the fir-t teenty minutes.—c. a. s. how to pickle moat—moist sugar, 21ba bay or common salt 4"
sugar,1900,2,1396,151,4.525,True,"london buns. one pound of flour, ob. of butter, dripping, ei lard, alb. of sugar, 2 eggs, 2oz. of ean'ied peel, grated rind of one lemon, 2 teaspoonfuls of baking powder, inilk and salt. rub the butte"
sugar,1900,2,1396,154,4.5351,True,"...g. line a pie dish with good short cruet =line also the edgee of tha dish, and over with egg. beat up 2 eggs., add half-a-pint of warm milk, 20z. co! sugar, the grated rind of one lem"
sugar,1900,2,1396,160,4.5384,True,"friends in council you will find this recipe, ""a. r. c.,"". very good. one pot's° loaf sugar, half-pint °i water, four °lino° almonds, and a pinch of cream •of tartar' blanch the almonds, skin them, an"
sugar,1900,2,1396,161,4.5458,True,"[prizz.] blackberry turban. stew llbs. of blackberries with ilb. sugar and half a gill of water. when cooked enough pass through a strainer on a dish. stand to cool. now take a stale loaf of broad, cu"
sugar,1900,2,1396,162,4.5488,True,"...he secret. in baking sponge cakes le to have a bleakly oven, and not to open the door for the fir-t teenty minutes.—c. a. s. how to pickle moat—moist sugar, 21ba bay or common salt 4"
sugar,1900,2,1396,164,4.5489,True,"afousehot6 ectioes. riebon cake. six ounces of butter, 4oz. et cornflour, 4 eggs, eoz. of sugar, 6oz. of self-raising flour. cream butter and sugar together, then add the eggs. i,ex flour and cornflou"
sugar,1900,2,1396,165,4.549,True,"[pbize.] hot cross buns. two pounds of flour. 6.-)es. butter. by.. german yeast, 12ozs. currants. about half pt of milk. cue or. 3oz.s. sugar. to tiste. rub the butter into the flour, then add the spi"
sugar,1900,2,1396,167,4.5525,True,"replies. a cure for whooping cough.—take one penny- worth of salts of tartar, 41b. of sugar. pour nearly a pint of boiling water over sugar and tartar. when oold give a half of a wineglassful. taken w"
sugar,1900,2,1396,169,4.5549,True,"cookery. golden pudding.- -ob. each of brown bread crumbs, marmalade, and brown sugar. beat all to- gether with two eggs, put into a basin, cover with paper. and steam for .2 hours. • • • rock buns.--"
sugar,1900,2,1396,170,4.5591,True,"genoa cake. beat 6ozs. butter to a cream, then add 4 eggs well beaten, lb. castor sugar, ilb. sultanas, mixed peel, 12ozs. flour, the rind of a lemon, 1 fa 111 espoon fu 1 of milk, and a teaspoonful o"
sugar,1900,2,1396,172,4.56,True,"* * apple roses.--put into a stewpan 202. sugar, loz. of butter, with enough water to melt the sugar: add to this candied lemon- peel, and a small stick of cinnamon. set it over the fire and stir u..."
sugar,1900,2,1396,175,4.5692,True,"[pima.] jack frost's snowball. dissolve loz. of gelatine in 1 pints of new milk, add 4oz. of lump sugar and a teacupful of fine sago. let all boil together for twenty minutes, stirring every few minut"
sugar,1900,2,1396,177,4.5783,True,"plum bread. two pounds flour, i.lb. currants, alb. raisins, ilb. raw sugar, ilb. butter, 41b. candied peel, 3 eggs, 2 teaspoonfuls baking powder.. mix with a little milk. this will make two loaves of "
sugar,1900,2,1396,178,4.5824,True,".... six-oup pudding.- the following makes a nice ohriatinas pudding :-1 cu pof suet, 1 cup of bread-orunibs, 1 (alp of flour, 1 oup of raisin, 1 oup of sugar, 1 cup of curranta, t"
sugar,1900,2,1396,182,4.5891,True,"ippazz-i rhubarb and orange jail one quart of finely-cut rhubarb, tdz oranges, 14.1 b. loaf sugar peel the oranges, remove as much of the white pith as possible, divide them, and take out the pips, sl"
sugar,1900,2,1396,183,4.5895,True,"[prizz.i salad dressing. ingredients: 1 teaspoonful of mixed mustard, 1 teaspoonful of castor sugar, 2 tablespoonfuls salad oil. 4 tablespoonfuls of milk, 2 tablespoonfuls vinegar, pepper and salt to "
sugar,1900,2,1396,184,4.5899,True,"pitizz.""l currant fritters. three eggs, 3oz. flour, 4ozs. currants, 4 table. spoonfuls boiled rice, sugar to taste, a grate of nutmeg, pint of milk, a pinch of salt, frying fat. make the batter by mix"
sugar,1900,2,1396,186,4.5915,True,"[prize.] lemon marmalade. ingredients: 1 large lemon, 1 pints water, lib. lump sugar. cut up the lemon into very fine pieces, and put it in the water (re- moving the pips); let it stand until next day"
sugar,1900,2,1396,188,4.5932,True,"afousehot6 ectioes. riebon cake. six ounces of butter, 4oz. et cornflour, 4 eggs, eoz. of sugar, 6oz. of self-raising flour. cream butter and sugar together, then add the eggs. i,ex flour and cornflou"
sugar,1900,2,1396,193,4.6051,True,".... bread pudding.—take a quart of milk, in which soak crumbs of dry bread or biscuit ia they are soft and as thick as batter; add three eggs, a little sugar, and a little salerat"
sugar,1900,2,1396,195,4.6086,True,"replies. delicious ribbon cake.—quarter of a pnund of butter, ilb. sugar, three eggs, lb. flour, one tea- spoonful of cream of tartar (levol), 4 teaspoonful (level) of carbonate of soda, small teacupf"
sugar,1900,2,1396,196,4.6132,True,"chocolate wafers. one cupful each of the following:—brown sugar, white sugar, butter, grated chocolate. 1 egg, 1 tea- spoonful vanilla c.olloe. 11 cupful, flour. mix to- gether, roll out very thinly, "
sugar,1900,2,1396,198,4.6149,True,"apple cheesecakes. take one pound of apples, one lemon, one egg, and one dessert spoonful of sugar. put apples with the rind of lemon, grated into a saucepan to stew, adding a tablespoonful of water; "
sugar,1900,2,1396,200,4.6175,True,"black-currant lozenges. mix two ounces of sugar with half a pint of black-currant juice, which may be extracted from jam by passing it through a hair sieve. place in an enamelled saucepan, add a ta..."
sugar,1900,2,1396,204,4.6287,True,"...dish with good short crust paste; line also the edges of the dish, and brush over with egg. beat up 2 eggs, add half-a•pint of warm milk, 2oz. castor sugar, the grated "
sugar,1900,2,1396,210,4.6351,True,"te-piat-.- i. custard apple. pid. stew one nomad of spliced apples with sugar and a little lemon-peel, and a few cloves. when cold, plane ,n a pie-dish, and pour slowly over it a boiled custurd made o"
sugar,1900,2,1396,216,4.6466,True,"recipes browning for gravy ilb. brown sugar. place this in a i.ueepan; let it stand over the fire until dii-solyed. then add one pint of water gradually. and ft, until it boilc. after a few rni..."
sugar,1900,2,1396,224,4.6557,True,"i nice dishes. orange snow.—two oranges, half a lemon, sugar, half-pint water, ioz. gelatine, white of four eggs. peel the oranges and lemon very thinly, and put into a saucepan with the juice of the "
sugar,1900,2,1396,234,4.6814,True,"household hints. marrow jam. skin and take out all the seeds of a marrow, cut into one-inch /twee; allow one pound of sugar, and one ounce of whole ginger, out very small, to each pound of marrow. put"
sugar,1900,2,1396,237,4.689,True,"household recipes strawberry trifle melt zos. of butter in an enantelleil pan. stir in gradually 20'. stub of sour k fine sugar: let it boil three or four nil, was, add the beaten yolks of two cgg. a,"
sugar,1900,2,1396,239,4.695,True,"ginger snaps. put ilb. butter, 11b. treacle, and 11b. sugar into a pan to melt; just before it. begins to boil put 1 tea- spoonful of ground ginger in, and half a teaspoon- ful carbonate of soda: when"
sugar,1900,2,1396,241,4.698,True,"[prize.) baked or boiled carrot pudding. ----- half-lb. of bread crumbs, 4ozs. suet, *lb. stoned raisins, ilb. carrots, lib. currants, 30zs. sugar, 3 eggs, milk, quarter of a nutmeg. boil the carrots "
sugar,1900,2,1396,243,4.7003,True,"replies. almond icing.-11b. ground almonds, lib. icing sugar, 3 eggs, almond flavouring. add gradually, and knead into firm paste. sugar icing: lib. icing sugar, whites of 2 eggs, 1 dessertspoonful of"
sugar,1900,2,1396,244,4.7029,True,"[pftrzie.] prturr gingerbread. one and a half pounda of flour, ilb. butter or lard, ill). sugar, ib. treacle, 2 teaspoonfuls of ground ginger, 1 teaspoonful of carbonate of soda, 1 teaspoonful of baki"
sugar,1900,2,1396,247,4.7043,True,"• [prizz.] russian sandwich. beat two egges and 4oz. of castor sugar togethes for two minutes, then add 4oz. of flour mixed with half a teaspoonful of baking powder and 2os. of butter. (melted), but n"
sugar,1900,2,1396,248,4.7044,True,"--- * orange cake. (a nice cake in place of the christmas rios cake).--cream *lb. butter, add 41b. of caster sugar, 2 eggs well-beaten, juice of half an orange, and grated rind of a whole orange. sift"
sugar,1900,2,1396,250,4.7083,True,"[plum] sugar pancakes. take of butter, flour, castor sugar, 2ozs. each, half a pint ,)f milk. 2 eggs, and anl preferred flavouring. beat together the butter and s..."
sugar,1900,2,1396,255,4.7155,True,... a fruit loaf dark and rich-lookingi—mrs e. m. (south shields). to make mackintosh waterproof.—mix to- gether half an ounce each of powdered alum and sugar of lead
sugar,1900,2,1396,261,4.7267,True,"...seberry chutney, take three quarts of unripe gooseberries, two and a half pints of the best vinegar, a quarter of a pound of salt, one pound of brown sugar, half a pound of currants,"
sugar,1900,2,1396,263,4.7269,True,"household hints. blackberry jam. for blackberry jam, allow twelve ounces of sugar to each pouud of fruit, and a pound of apple. to four pounds of blackberries. 'eel, core, and quarter the apples, put "
sugar,1900,2,1396,270,4.737,True,"[plum] fig and rhubarb jam take 41bs. rhubarb, 1113. figs, 41bs. pure cane sugar, one pint of water for fir. and whole ginger to season if wished. wash rhubarb stalks, wipe dry with a clean towel, pee"
sugar,1900,2,1396,279,4.7536,True,"round the kitchen fire. pineapple pudding.—one tin of pineapple chunks (43(1.),"" 3oz. castor sugar, 2oz. butter, 2oz. floor, 2 eggs, 3 pint milk. cut the pineapple into very small pieces. and put into"
sugar,1900,2,1396,280,4.7562,True,"--- * orange cake. (a nice cake in place of the christmas rios cake).--cream *lb. butter, add 41b. of caster sugar, 2 eggs well-beaten, juice of half an orange, and grated rind of a whole orange. sift"
sugar,1900,2,1396,291,4.7799,True,"hiduishold hints. caramel pudding put into a small atewpan two onntea of boat sugar with a wisualna, or water let it dis- solve, then sot it on the kre to boil, and keep it boiling until it turns quit"
sugar,1900,2,1396,293,4.7811,True,"cream it filling cornets. a quarter of pint of thick cream, half a tea- spoonful of vanilla, 1 deesertepoonful of sugar, a ittle cohinsal or oar,( ..ecl fruit for decorating. whip the cream until stif"
sugar,1900,2,1396,295,4.7851,True,"pig mould. one pound of figs, eoz. sugar, loz. gelatine, 1 amnon, 1 pint water. cut the figs into small pieces, put into pan with the water, sugar, and juice, and cut rind of lemon; simmer u..."
sugar,1900,2,1396,299,4.7877,True,"• strawberry short cakes. take boz. of sifted flour, boz. of caster sugar, 805. of beet butter. rub well together, work into a dough with the yolk of fresh egg, put on board and roll out very thin, cu"
sugar,1900,2,1396,305,4.811,True,"swiss w..% fers. three ounces of floor, loss. of castor sugar, 2cxs. •-if butter, two eggs. work the butter with a spoon till it becomes erermy, stir in the sugar and beat well: edd the iggs alternate"
sugar,1900,2,1396,308,4.8228,True,"x x x rhubarb juice pudding .—take a pound of rhubarb, clean the stalks and cut them into pieces, put them into a saucepan with half a pound of sugar and enough water to cover the stalks, stew till so"
sugar,1900,2,1396,311,4.8266,True,"useful recti'es. byrne scotch and ethnic/1g torret—ta make butterscotch take one cup- of brown sugar, half cup water, one tablespoon of vinegar, piece of butter the sire of an egg. 1.(boil twenty minu"
sugar,1900,2,1396,324,4.8544,True,"rizine pudding bap& plain and economical: a nice pudding p,ir cieildren. ingredient. one tearurful rlzinp, 2 tahlesommfuls moist sugar lonart milk. oz butter, or two small tablespoon- fuls chopped sue"
sugar,1900,2,1396,330,4.8636,True,"genoa cake. the following is a recipe for a delicious genoa cake :--take three cupfuls of flour, two cupfuls each of castor sugar and of lard, drip. ping, or butter, one cupful of currants, ono cupful"
sugar,1900,2,1396,335,4.8676,True,"[prize.] almond simnel cake. ingredierits: ilb. butter, 4 eggs, fib. sugar, fib. currants, 10ozs. flour, can- died peel, 41b. raisins, 41b. 5.1m0nd:3, 1 tea- spoonful spice (allspice), 1 teaspoonful o"
sugar,1900,2,1396,337,4.8679,True,"...from the usual apple pud- ding is provided by the following recipe, choco- late being added to the apples:—stew half a, dozer' fair-sized apples with sugar"
sugar,1900,2,1396,340,4.8776,True,"ginger snaps. put ilb. butter, 11b. treacle, and 11b. sugar into a pan to melt; just before it. begins to boil put 1 tea- spoonful of ground ginger in, and half a teaspoon- ful carbonate of soda: when"
sugar,1900,2,1396,342,4.8801,True,"cornish currant care. lb. butter, 1 lb. flour, 8 oz. currants, .a pinch of salt; 2 eggs, lb. castor sugar, lb. lemon peel, 1 teaspoonful baking powder, a little nutneg, pint of milk. method—mix the fl"
sugar,1900,2,1396,346,4.8964,True,"cookery recip everton toffee.—put a pound of brown sugar in a butter pan together with three tablespoons- ful of water. let it boil until it becomes a smooth, thick syrup. add half a pound of butter, "
sugar,1900,2,1396,360,4.9186,True,"[prlzz.] swiss roll. three eggs, atioas. castor sugar, 3oz. of four, one teaspoonful of baking powder, eaapfeerry jam. put the eggs and castor sugar into a basin, and beat to a stiff froth. sift the f"
sugar,1900,2,1396,365,4.927,True,"recipes french buns.---11b. flour, 2os. yeast. ilb. butter, 2 eggs, lb. currants, 2os. sugar. rub the butter into the flour. pour a little warm water on the yeast, and when soft pour it into a hole in"
sugar,1900,2,1396,366,4.9276,True,"...aster cake may be new to some of my readers. it is very plain, but very nice. the ingredients required are one .2,kwaid of flour. quarter pound brown sugar, half pound batt"
sugar,1900,2,1396,367,4.9288,True,"sponge cake. take four eggs, their weight in sugar, the weight of two eggs in flour. beat the yolks of eggs and sugar to a cream, whip the whites to a stiff froth, and add alternately with flour to cr"
sugar,1900,2,1396,368,4.9362,True,"a delicious sweetmeat. turkish sweetmeat is an experiment in quite a different line. for this .are re- quired two pounds of sugar, two eggs, one lemon, quarter of a pound of finest wheat starch, two a"
sugar,1900,2,1396,371,4.9418,True,"...ream is a delicious beverage, as most of you know. it is made by boiling three pounds of loaf sugur, broken small, in three quarts of water. when the sugar is quite dissolved"
sugar,1900,2,1396,374,4.9475,True,"walnut candi.. put into a large saucepan, 1 pint of good golden syrup, 1 cupful of brown sugar, 1 tablespoonful oi butter, and 1 tablespoonful of vinegar. mix and stir well until the bail. boil slowly"
sugar,1900,2,1396,376,4.9538,True,"stockto' household recipes ping yong cake, beat 3 eggs and 5 ounces of sugar to al cream. add 6 ounces of pastry flour in which a tea spoonful of baking powder is mixed, also the grated rind of oup er"
sugar,1900,2,1396,378,4.9558,True,"...barb and figs.—four and a half pounds of rhubarb, 111bs. of figs. cat the rhubarb and figs into small pieces, and put into a brass pan; add q-lbs. of sugar, and bail till i"
sugar,1900,2,1396,379,4.96,True,"gooseberries. gooseberry fool is another simple dish. green gooseberries, to every. pint of pulp add a pint of milk and sugar to taste, cut the tops and tails of the gooseberries. ptiti. them into a j"
sugar,1900,2,1396,381,4.9646,True,"simple home-made liqueurs. carraway liqueur.—boil in half a pint of water half a pound of loaf sugar. while still hot, put into this one ounce of carraway seeds and one quart of brandy. cork the lique"
sugar,1900,2,1396,390,4.9958,True,"az \ii, 17 47 4\ northern weekly gazette. it with it prre-plater. (:arniai with lemon and sugar strew/c.d cirri-4- it. ""to mare curd fritters."" ""take a handful of curds. and a handful of flour, and th"
sugar,1900,2,1396,392,4.9995,True,"paradise scones. ...... take 1 breakfaet-cup of flour, 2 table- spoonfuls castor sugar, 1 teaspoonful cram if tartar, tee:spoonful carbonate of soda. mix all well, free from lumps, make hole in the ce"
sugar,1900,2,1396,394,5.0018,True,"christmas care. one pound flour, jib. castor sugar, }lb. ground rice, 11b. currants, 11b. sultanas, 11h. butter, fib. mixed peel, jib. crystalised cher- ries, 2ors. almonds, 4 eggs, 2 teaspoonful bak-"
sugar,1900,2,1396,395,5.0028,True,"replies. teacakes. two pounds of flour, 6oze. lard. 6ozs. sugar, 1.13. currents, little salt, 4ozk. lemon peel if liked, and 2ozs. yiast. rub the ye-2.st into flour, this method yields more than when "
sugar,1900,2,1396,403,5.0204,True,"wedding cake. -- .. the following recipe for a bride's c ike may be useful:---ingredients: 21;i. each of fresh butter, castor sugar, sultana, and currants; 211 b. of fine flour, lib. of raisins, atone"
sugar,1900,2,1396,404,5.0224,True,"tl, ••• home=made sweets. in making sweets by the process which requires no cooking, confectioner's sugar is the kind to use. this is soft and as finely powdered lis flour, and one pint of confectione"
sugar,1900,2,1396,409,5.0332,True,"gooseberries. gooseberry fool is another simple dish. green gooseberries, to every. pint of pulp add a pint of milk and sugar to taste, cut the tops and tails of the gooseberries. ptiti. them into a j"
sugar,1900,2,1396,426,5.0891,True,"simple home-made liqueurs. carraway liqueur.—boil in half a pint of water half a pound of loaf sugar. while still hot, put into this one ounce of carraway seeds and one quart of brandy. cork the lique"
sugar,1900,2,1396,431,5.1038,True,"...in, 8; cheimisfomi-€t., darlington. mint sauce. to ensure always having mint sauoe the mint / should be cut when young and bottled in vinegar, but no sugar should be put in, as in time sugat tur"
sugar,1900,2,1396,434,5.1058,True,"...are a cauule of recipes for cheese- cakes which may be new to some of you. almond cheesecakes are made with two ounces each of sweet almonds, ""castor sugar, and butter, half o"
sugar,1900,2,1396,436,5.1062,True,"[prize.] banana salad. six tablespoonfuls of sugar, four tablespoonfuls of water, one tablespoonful of lemon juice, half a te.aspoonful of cornflour, half a. teaspoonful of vanilla, grated rind of a l"
sugar,1900,2,1396,447,5.1299,True,"... in quite the same way as an ordinary fruit pudding. take a padding basin, spread thickly the insi:le of it with equal quantities of butter and brown sugar, w"
sugar,1900,2,1396,448,5.1347,True,"...ruit should prove a boon to the housewife. banana jelly served with custard is delightful. from four to six bananas, according to size, two ounces of sugar, and half an ounce"
sugar,1900,2,1396,450,5.136,True,"hiduishold hints. caramel pudding put into a small atewpan two onntea of boat sugar with a wisualna, or water let it dis- solve, then sot it on the kre to boil, and keep it boiling until it turns quit"
sugar,1900,2,1396,456,5.1497,True,-(0)--- cocoanut blocks are quite easy to manage. and the dessicated nut sold at 8i per pound answers very well for the purpose. put a pound of sugar and a teacuohd of wster in an enamelled saucepan. 
sugar,1900,2,1396,472,5.2205,True,"household hints. blackberry jam. for blackberry jam, allow twelve ounces of sugar to each pouud of fruit, and a pound of apple. to four pounds of blackberries. 'eel, core, and quarter the apples, put "
sugar,1900,2,1396,474,5.2221,True,"goosebf.rry fool, put into • stew jar 2llits of goomeherras, with 140,a5. of sugar, and miough cold water to keep the contents from burning. the (""intents of this jar should be cooked till quite tende"
sugar,1900,2,1396,483,5.2548,True,"...in, 8; cheimisfomi-€t., darlington. mint sauce. to ensure always having mint sauoe the mint / should be cut when young and bottled in vinegar, but no sugar should be put in, as in time sugat tur"
sugar,1900,2,1396,491,5.2772,True,"household hints. dried orange peel is an eicellent dying fire, and makes a pleasant odour. a two of sugar will also have a wonderfully b inp ngn ing effect on a dull fire. tes. if fat begins to form w"
sugar,1900,2,1396,495,5.2944,True,"...mer weatber described by a writer in work s follows: boil 2oz. of bruised (iii 0w.t0r..1) wi two gallons of water for half-an-hour, add lb.; of white sugar"
sugar,1900,2,1396,497,5.3038,True,"[pitlze.]4o cream corn ccopias. take lib. af frier white sifted sugar and row, flour. break two eggs into this. boat all terether well. now rub a little butter an a fiat baking. tin; then take a desse"
sugar,1900,2,1396,498,5.3122,True,"...in, 8; cheimisfomi-€t., darlington. mint sauce. to ensure always having mint sauoe the mint / should be cut when young and bottled in vinegar, but no sugar should be put in, as in time sugat tur"
sugar,1900,2,1396,502,5.3241,True,"good pickle for meat. moist sugar 2lbs., hay or common salt me., salt petre lb, fresh ground allspice 20z., water eight quarts. boil and skim clean, and when cold pour over your meat...."
sugar,1900,2,1396,506,5.3337,True,"...chen fire. oll,fashioned fanger beer—put the thitily-peiiicil rind of 4 len.n into a bowl with the strained juice, and add the following:-.2ozs. loaf sugar, loz. cream of tartar, 2oz. bru"
sugar,1900,2,1396,509,5.3412,True,"...dian pcdding.—peei, core. and cut op ii lb. of apples. -..nd stew diem with 2os. of but- ter. the grated rind and juice of • lemon. and klb. of brown sugar. when quite soft. rub them "
sugar,1900,2,1396,511,5.3755,True,"iprizr.i uses of glycerine. for burns glycerine and borax mixed freely with linseed oil is a never failing remedy in cases of illness when sugar is forbidden glycerine is an in- valuable substitute, a"
sugar,1900,2,1396,517,5.4006,True,"...ends in council. i do not know whether ""j. l.,"" this recipe will suit pt/ ashton-in- for apple wine. t_lhn makerfield. ingredients are forty pou'l of sugar and fiftee.n gallons of cider. you cln re"
sugar,1900,2,1396,519,5.4018,True,"northern weekly gazette. breakfast cup cake.—four oupfuls flour, 2oz. of sugar and 2oz. of currants, ilb. butter, 2oz. lemon peel, 3 eggs, 1 gill of new milk, 1 teaspoonful of carbonate of soda. 2. of"
sugar,1900,2,1396,523,5.4164,True,"...chen fire. oll,fashioned fanger beer—put the thitily-peiiicil rind of 4 len.n into a bowl with the strained juice, and add the following:-.2ozs. loaf sugar, loz. cream of tartar, 2oz. bru"
sugar,1900,2,1396,527,5.4365,True,"household hints. a lump of sugar put in the teapot will prevent tea staining any damask, however fine, over whleh it way be spilt. ---• when pickling, always use strongest vinegar, a..."
sugar,1900,2,1396,530,5.4409,True,"cookery recip everton toffee.—put a pound of brown sugar in a butter pan together with three tablespoons- ful of water. let it boil until it becomes a smooth, thick syrup. add half a pound of butter, "
sugar,1900,2,1396,533,5.4827,True,"rizine pudding bap& plain and economical: a nice pudding p,ir cieildren. ingredient. one tearurful rlzinp, 2 tahlesommfuls moist sugar lonart milk. oz butter, or two small tablespoon- fuls chopped sue"
sugar,1900,2,1396,537,5.4962,True,"rhubarb jams. allow a pound of sugar to each pound ef rhubarb, cut into pieces, a flat dessertspoonful of grated ginger and one of lemon rind, a quarter of an ounce of blanched and pound..."
sugar,1900,2,1396,538,5.4974,True,"[prtzz.] cowslip wine. to 2 gallons of water put 51be-of sugar, boil it half an hour, and take off the scum as it rises. then pour it into a tub to cool, with the rinds ot 2 lemons. when it is cold, a"
sugar,1900,2,1396,543,5.5098,True,"tl, ••• home=made sweets. in making sweets by the process which requires no cooking, confectioner's sugar is the kind to use. this is soft and as finely powdered lis flour, and one pint of confectione"
sugar,1900,2,1396,546,5.5246,True,hints for householders to brown pastry. if the oven is out of trim and will rot brown pastry properly. place a little sugar at the bottom ~1 tho oven. this will have the desired effect.— mrs e. m. p.-
sugar,1900,2,1396,549,5.5356,True,"household hints. boston obeam. this is an excellent cooling drink tor the simmer mouths. take two pound, el lump sugar and two quarts of water, and it int. span over the ire. allow twenty vitae fast b"
sugar,1900,2,1396,550,5.5433,True,"...itchen fire. cocoanut sandwiches. make tiro lan of sponge roll, according to the recipe which was given some weeks age- prepare a naixturo with ill,. sugar and one tablespoonful milk twille"
sugar,1900,2,1396,551,5.5444,True,"m ginger nuts. ten onanoes flour, four ounces butter or lard, four winces sugar, one tablespoonful ground gmger, half a teaspoonful of carbohate of soda, three table- spoonfuls of lyle's golden syrup."
sugar,1900,2,1396,552,5.5491,True,"...e writer has proved what a welcome change the following is alike to children and grown-ups:— half fill a deep pie-dish with any fruits in season, add sugar to taste, and a litt"
sugar,1900,2,1396,556,5.5805,True,"household hints. boston obeam. this is an excellent cooling drink tor the simmer mouths. take two pound, el lump sugar and two quarts of water, and it int. span over the ire. allow twenty vitae fast b"
sugar,1900,2,1396,557,5.5824,True,household hints. too much salt in the gravy may be remedied by putting a pinch of brown sugar in it. this does not hurt the gravy in the least. mainytobea relitmtloevoedxalbic acid acd it may not be g
sugar,1900,2,1396,558,5.5831,True,"glazing for tarts. mix sifted sugar ar.d water into thick paste like cream, and brush it over the crust. makes a nice glazing over ies or tarts. mrs clarke, 4, longwood-row, trimdou gra..."
sugar,1900,2,1396,562,5.594,True,"...astor otgar. ilb, rf isuoto flow% lln. teaspoonful ,alring powder, a few drops essence ti 'omen. whites of two eggs and yolk of ens. !teat butter and sugar to a t"
sugar,1900,2,1396,564,5.6294,True,"recipes cherry cakes.-305. ca.stor sugar, 3oz. butter, soz. flour, 2 eggs, doz. dried cherries, loz. angelica, loz. citron peel, teaspoonful baking-powder, a few drops of lemon flavouring. b..."
sugar,1900,2,1396,565,5.6307,True,"more home-made sweets, cocoanut ice—take 6 cocoanuts, chop it, and pass through a mincer three times. put the milk into an enamelled pan, and add sugar to it in the proportion of lube, to each lb. of "
sugar,1900,2,1396,566,5.6324,True,"... 7, ~.,)^1 for coughs or calds.—take zlbs. onions and lb hown suge.r. peel colons, end slice thein foto a bas:n. putt alternate layers of otbions and sugar till your baaja is full. let it eland"
sugar,1900,2,1396,567,5.6389,True,"replies. carrot pudding.--half a. pound of bremdcrurn.be, 4os. of suet, ilb. of raisins, ilb. of eeztots, 411). of currants, 3os. of sugar. 3 egg, milk, nutmeg. boil the carrots until tender enough to"
sugar,1900,2,1396,569,5.6501,True,"----c*)- peppermint cordial for christmas. put jib. of lump sugar into a large jug, with two pennyworth of 411111031106 of peppermint, and one pennyworth of cayenne essence.. pons on one quart of boil"
sugar,1900,2,1396,572,5.6589,True,"• [prizz.] russian sandwich. beat two egges and 4oz. of castor sugar togethes for two minutes, then add 4oz. of flour mixed with half a teaspoonful of baking powder and 2os. of butter. (melted), but n"
sugar,1900,2,1396,575,5.6703,True,"...ds of marrow, and put them to stew tn a preserving pan with a pint of water; when all are dissolved pass through a sieve, and add the earns weight of sugar and "
sugar,1900,2,1396,576,5.6713,True,"[priza] preserve grapes in bunches. take out the stones from the bunches with the pin, breaking thtm as little as possible; boil some clared sugar to nearly candying point; then put sufficient grapes "
sugar,1900,2,1396,584,5.6962,True,"...hern weekly gazette. grape jeliy.--take the juice of albs. of grapes and two lemon& strain them through • flannel bag; add pint urn)) made by bailing sugar and water till think, and one ounce of p"
sugar,1900,2,1396,588,5.7054,True,"-(*)-- the sugar is best boiled in a brass or copper pan, but an ordinary enamelled pan will du. a little cream of tartar (a very small half-saltspoonful to a pound o..."
sugar,1900,2,1396,590,5.7075,True,"sugar icing. a simple sugar icing is made by boiling to. gether for a few minutes a quarter of a pint of water with half a pound of icing cr r, using it wh..."
sugar,1900,2,1396,591,5.7158,True,"my 23, 19131. strawberry jelly.—for every pound of strawberries take three-quarters of a pound of sugar. mash the berries in the pre serving kettle, and mix the sugar thoroughly with them. boil half a"
sugar,1900,2,1396,593,5.7324,True,"household hints. vantija ice cream (answer to inquirer).—pound two sticks of vanilla, or sufficient to flavour, with four ounces of sugar pass through a sieve; put it into a stewpan, with half a pint "
sugar,1900,2,1396,594,5.7384,True,"useful puddings, etc. orange puddings.—take the weight of two eggs in sugar and in butter, two and a half ounces of flour, a teuspoonful of baking- powder, two egg 3, and two tablespoonfuls of inarmla"
sugar,1900,2,1396,595,5.7394,True,"household hints. boston obeam. this is an excellent cooling drink tor the simmer mouths. take two pound, el lump sugar and two quarts of water, and it int. span over the ire. allow twenty vitae fast b"
sugar,1900,2,1396,596,5.7422,True,"friends in council. for cocoanut fingers you ""an old reader,"" will require five ounces butter, two.ounces sugar, two, eggs, two ounces cocoa- nut, two ounces flour, and half a teaspoonful baking-powde"
sugar,1900,2,1396,597,5.7526,True,"round the kitchen fire, creamed -apples —4 apples, 20z. sugar, 6 tableapoonfuls of cream. little water. pa, and core tbn apples. and place them in a pan with the sugar and a little water. cook until i"
sugar,1900,2,1396,606,5.7894,True,household hints. when cooking. turnips add a little sugar re the water which they are boiled. a ntw 41zg swallowed immediately will general-1y carry a fish-bone down that cannot be removed from tho th
sugar,1900,2,1396,609,5.7941,True,"some of the dishes. caramel pudding.—meit 2oz. of loaf sugar with a little water in a stewpan, and (look till it acquires a light coffee colour. pour the caramel into a basin or mould, and rua it all "
sugar,1900,2,1396,616,5.8499,True,"cycle hints. u your inner tube loses air take a table- spoonful of sugar and one tablespoonful of water. boil together, and when cold pour into the tube, pump up, and spin it on the wheel; it will the"
sugar,1900,2,1396,617,5.8539,True,"quarters of loaf sugar, divide the plums, take out the stones, and put them on large dishes with roughly pounded sugar sprinkled over them in above proportion, and let them..."
sugar,1900,2,1396,619,5.8718,True,ustyittr; intuits. 14met buser• podding.--put breakfast- cupful of milk in a saucepan with a table- spoonful of sugar and let it boil. stir in breadcrumbs (any small scraps. can be used' until it is a
sugar,1900,2,1396,623,5.8868,True,"swiss w..% fers. three ounces of floor, loss. of castor sugar, 2cxs. •-if butter, two eggs. work the butter with a spoon till it becomes erermy, stir in the sugar and beat well: edd the iggs alternate"
sugar,1900,2,1396,624,5.8869,True,"northern weekly gazette. golden hint.—a lump of sugar put in the teapot wol prevent tea staining any damask. however fine, over which it may 1.1 pinzit.- miss m. j. yare, yark-terrace, kirkby stephen."
sugar,1900,2,1396,628,5.8972,True,"rizine pudding baked. plain and economical: a nice pudding f. )r children. ingredient- orse teaenrfn, rizine, 2 tablasenonfule moist sugar 1 grout milk, ioz butter, or two small tablesnoon- ms chopped"
sugar,1900,2,1396,630,5.9049,True,...re asid core s-x nice apples and place them whole in a saucepan with a piece of butter the a:ae of an egg and a pint of water; put a tea- spoonful of sugar in each of the hole
sugar,1900,2,1396,632,5.9145,True,"--ci.‘)- spring lfedieine.-idialf a pound of ep- som milts, 2 oz. of cream of tartar, 2 lernous, land 2 tablowoonfuls of white sugar. slice one lemon and squeeze the juice of the other, and set all th"
sugar,1900,2,1396,634,5.9355,True,"sugar icing, to make sugar icing for a twelfth cake mix of icing sugar with tbe whites of six eggs till the mixture ig thick and creamy. spread a thin laye..."
sugar,1900,2,1396,640,5.9756,True,household:. a teaspoonful of sugar added to pancake bamte/. will make the caka% a golden brown. fish may be scaled much easier by first dipping them into boiling water for a minute. a ...
sugar,1900,2,1396,641,5.9758,True,"currant frittee.s. three eggs, 3oz. of flour, 4oz. of currents, 4 table- spoonfuls of boiled rice, sugar to taste, a grate of nutmeg, half e, pint of milk, a pinch of salt, frying fat make the butter "
sugar,1900,2,1396,643,5.9802,True,"[prizz.] blackberry turban. stew llbs. of blackberries with ilb. sugar and half a gill of water. when cooked enough pass through a strainer on a dish. stand to cool. now take a stale loaf of broad, cu"
sugar,1900,2,1396,644,5.9842,True,"...ouffle3 sweet and savoury, are e made and dainty to eat. here is the recipe brown & poison's ""patent"" corn 305. cutter. 3 large c&gs. 3oz. fine white sugar. • pint milk. just melt the "
sugar,1900,2,1396,649,5.9925,True,"...and onions. melons are quite amongst the cheapest fruit we have at present—you can get such a large one for sixpence—and if tired of eating them with sugar in the usual way, you will fi"
sugar,1900,2,1396,650,5.9955,True,"[pans.] baking powder. take goza. carbonate of soda, 4ozs. tartaric acid, 2ors. sugar (very finely sifted), loz. salt. mix well together. add one teaspoonful of the powder to every pound of flour, and"
sugar,1900,2,1396,653,6.0081,True,"a ginger beer made with powders. to one pound of icing sugar add four ounces of tartaric acid, three ounces of carbonate of soda, half an ounce of essence of ginger, and four drops of essence of lemon"
sugar,1900,2,1396,656,6.0169,True,"...zik, get some !naafi mint, pink the leaves aft 12as stalks and wash well in several watem. chop verr fine and put into a basin with some-cuzrante.and sugar to taste, and a little water. ?flake yo"
sugar,1900,2,1396,657,6.0215,True,sugar and starch. the snhject of the sugar in the body' is rattier an interesting one. it is not generally known that all the standt-that we take into oar ...
sugar,1900,2,1396,659,6.0243,True,"x x x str amber-ay charlwrrs is mode by lining a plain mould with sponge biscuits. then making a syrup with a pound of sugar to a. oir,tt of water. when the syrup is clear add three-quarters of a kan("
sugar,1900,2,1396,661,6.0345,True,"*** orange and ground rice pudding.—peel 4 oranges carefully, and slice them; bring 1 pint of milk to the boil, with loz. castor sugar; beat up a tablespoonful of rice in a little cold milk and stir i"
sugar,1900,2,1396,662,6.0367,True,"cra;ttn or;.ieam. two eggs, 2 large lemons, 6oz. sugar, half- pint of cream, to-l. of sheet gelatine rub the loaf sugar on to the rind of the lemons to get the flavour and colour, or else grate the ri"
sugar,1900,2,1396,663,6.0422,True,sugar and starch. the snhject of the sugar in the body' is rattier an interesting one. it is not generally known that all the standt-that we take into oar ...
sugar,1900,2,1396,669,6.0661,True,"grape-sugar jelly. pour three gills of boiling water on to two tablespoonfuls of grape-nuts, and let this soak for some minutes. when sold, strain the water into..."
sugar,1900,2,1396,670,6.0681,True,"... tomato jelly.—cut the tomatoes in pieces, boil and strain; measure the juioe, add a alined lemon, and boil half an hour. now add nn equal measure of sugar and an ounce of dissolved g"
sugar,1900,2,1396,671,6.0685,True,"pitizz.""l currant fritters. three eggs, 3oz. flour, 4ozs. currants, 4 table. spoonfuls boiled rice, sugar to taste, a grate of nutmeg, pint of milk, a pinch of salt, frying fat. make the batter by mix"
sugar,1900,2,1396,672,6.0717,True,"rizine pudding baked. plain and economical: a nice pudding f ,ft children ingredient' ot.e teecurfit, wzine, 2 tablssocnnfuls taoist sugar 1 quart milk, ,i-oz butter, or two small tablespoon- fuls cho"
sugar,1900,2,1396,673,6.0743,True,"tans] american layer cakil roquinxi -vb. flour, ilb. butter, 11b. castor sugar, three eggs. one gill treacle, one gill milk, half teaspoonful carbonate of sode.. thrice outicee ohoppod ra:431718, 11 b"
sugar,1900,2,1396,677,6.1003,True,"household hints. glean oilcloth with skimmed milk or milk snd water; soap will ruin it. a lump of sugar dropped into .a teapot not ec stantly in use prevents any mt.tme.ss n,. it is said that a lump o"
sugar,1900,2,1396,679,6.1068,True,"rpazze.l ping pong cake best 3 eggs and 5 ounces of sugar to a cream, add 6 ounces of pastry flour in which a tea spoonful of baking powder is mixed, also tho grated rind of one orange. beat all well "
sugar,1900,2,1396,683,6.1226,True,"saerbert. half pound of sugar, 41b. of tartaric acid, ib. of carbons-to of soda, 60 drops essence of lemon. mix the sugar and eseenoo of lemon, and dry thoroughly; pass all throug..."
sugar,1900,2,1396,684,6.1232,True,"...vrkl(ti; dalleass sad dr i saarldliag pro owes sad uassi ectioes household recipes mince meat without suet. taks 311 s. of applos, ilb. butter, 21bs. sugar, lilt's. currants, lila, tainins,"
sugar,1900,2,1396,685,6.1263,True,"[thum] marble cake. beat four eggs with boz. oastor sugar and boa bistr add flour. divide the mixture into throe nortions. flavour one with coffee and vanilla. asiother with pine- apple, and to this a"
sugar,1900,2,1396,686,6.1301,True,"cdcoanut creams. take the white: of one egg, beat stiff, add two tablespoonfuls of cream, and two tablespoonfuls of iceing sugar tr) •one of fresh grated cocoanut, then stiffen enough to insy...ld, ma"
sugar,1900,2,1396,690,6.1504,True,"round the kitchen fire. orange pudding.-6oz, stale sponge cake crumbs, pour over them a pint of warm milk, and let it cool. rub 41b. lump sugar on to the rinds of two oranges. squeeze the juice of fiv"
sugar,1900,2,1396,692,6.1524,True,"...ater. stalk and 661111 one pound of ripe red ourrante, brume the fruit with a wooden spoon and add to it had a pint of water and half a pound of lump sugar stir it over the fire till it. begi"
sugar,1900,2,1396,695,6.1629,True,"banana blancmange one pint of milk, lloz. of cornflour, lioz. of easter sugar, 2 bananas, flavouring essence if eked. lex the cornflour with a little of the mire; boil the remainder with the sugar whe"
sugar,1900,2,1396,696,6.1635,True,"...d of loaf stigar: dorothy not quite quarter pint 01 milneow. water,five eggs, one lent( half pound flour, quarter teaspoonful carbonate of soda. boil sugar and water toget"
sugar,1900,2,1396,698,6.1657,True,"*- * coronation bisewts.—drate the rind of a lemon, and add it to ill,. of adted and dried flour. beat four eggs with ilk of castor sugar thoroughly, then add the flour and a little of the lemon-juice"
sugar,1900,2,1396,699,6.1699,True,"chocolate biscuits. -- beat four yolks of eggs, liozs. powdered chocolate, and 60zs. powdered sugar for 20 minutes. add 4 whites of eggs, well whisked; stir in by degrees gozs. flour. put the page in "
sugar,1900,2,1396,701,6.1831,True,"to brown bread and pastry. if the oven does not brown, sprinkle a good handful of sugar on the bottom of the oven. it will then brown .anything. mrs newton, 126, richardson-st., wallsend. sew hooks wi"
sugar,1900,2,1396,702,6.1885,True,"...r pounds of flour, 11b. butter, 11b. fine stgar, 21bs. curiants, 10 or 12 eggs, 14 tea. spoonfuls of mixed spice, alb. mixed peel. mix the butter and sugar well together, an"
sugar,1900,2,1396,704,6.1958,True,"*** luncheon cake.—work 3oz. of butter with your hand until in a cream; than mix with it a little ground cinnamon and a of castor sugar, and continue to work the sugar mud butter for ten minutes; then"
sugar,1900,2,1396,705,6.1977,True,"no sugar allowed. alongside the teas, sacchariee in ever, forra as a fluid, powder, and tabloid is displayed, and la the ica, coffee, cakes, and desserts abso..."
sugar,1900,2,1396,706,6.1978,True,"...r thoreughly cleaning the quantity of crab apples required, to 1 quart of apples add 1 pint of water boil for one hour, then strain well; add 11b. of sugar to 1 pint la syrup, a"
sugar,1900,2,1396,707,6.2008,True,"gooseberry. janl. for this recine, which is a frcneh one, equal weights of fine ripe red gooseberries and loaf sugar will be required. top and tail the gooseberries with a sharp knife, and take ear 3 "
sugar,1900,2,1396,709,6.2041,True,"household hints. ""castle puddings."" take two eggs, their weight in butter, castor sugar and flour, bent the butter and sugar to a cream, add the eggs, then the flour gradually, and a little flavouring"
sugar,1900,2,1396,711,6.2073,True,"[plum] bottled red currants. put 'tlba of red currants, already stalked, into a bowl, and place in the oven, abio put 7ils. of cane sugar into a bowl, and place in the oven until both are thoroughly h"
sugar,1900,2,1396,712,6.2073,True,"rms.] seasonable hint& in preparing sugar for sweetmeats let it be entirely dissolved before you put in •-n i the fire. if you dissolve it n waiter, allow about half a pint of water to a poun..."
sugar,1900,2,1396,714,6.2155,True,"ipbxza.] bride cake. two pounds of flour, • 2lbs of butter, abs: of 'leaf sugar, 2b eggs, 41bs. of currants, lb.. of mig- rants, lb. of almonds; lib. of citron, or orange, lb. of candied lemon peel, o"
sugar,1900,2,1396,715,6.2197,True,"to dry peas. allow a heaped tablespoonful of caster sugar to each quart of shelled peas. sprinkle the peas with the sugar, and lay them on a paper on a baking tin_ allow them to remain at the mouth of"
sugar,1900,2,1396,716,6.2236,True,"chocolate fingers. six ounces of butter, eoz. of castor sugar, loz. ot meta, boz.•flour, a few drops of yanilla essence, a ""bttle.rnilk, 1 teaspoonful of baking powder. beat the butte; a cream, then a"
sugar,1900,2,1396,720,6.2417,True,"x x x rhubarb juice pudding .—take a pound of rhubarb, clean the stalks and cut them into pieces, put them into a saucepan with half a pound of sugar and enough water to cover the stalks, stew till so"
sugar,1900,2,1396,721,6.2475,True,"[paizz.l ram buns. put 4oz. of flour in a basin, with a pinch of salt, &oz. castor sugar, arid as much water as will make a thin batter. ,let this soak for twenty minutes, than put 2oz. of butter in a"
sugar,1900,2,1396,726,6.2764,True,"hi sharpen all kinds of fish sauce with lemon juice. a diah of hiaek pepper greatly improves vanila ice cfre£llll. _ put sugar in water used for basting meats of au kinds—it adds a flavour, especially"
sugar,1900,2,1396,731,6.2893,True,"rms.] seasonable hint& in preparing sugar for sweetmeats let it be entirely dissolved before you put in •-n i the fire. if you dissolve it n waiter, allow about half a pint of water to a poun..."
sugar,1900,2,1396,733,6.2952,True,"...e the at re while the-fridt. is tender. peel one pound oi the finest rhubarb alai cut it into inch lengths, adding three-quarters of a pound of white sugar and the juice and rind"
sugar,1900,2,1396,737,6.3055,True,"household hints, lemon jun:* and sugar mixed very thick, i fui 10 irehove coughs and sore throats. s vinegar and water makes a good mouthsysd. and quenches thirst, and allays feverishness...."
sugar,1900,2,1396,739,6.3143,True,"*** grape jelly.—put two ounces of isinglass into a pint of water, season it with sugar to taste, and add the juice of two lemons. when this has boiled for five minutes, throw in the shell and white o"
sugar,1900,2,1396,740,6.3235,True,"ginger wine. put 311 s. of loaf sugar into a bowl, add 3 quarts te boiling water; as soon as the sugar is dissolved add 2 drachms essence of cayenne, 4 drachms tssenoe of ginger, 1 pennyw..."
sugar,1900,2,1396,741,6.3246,True,"[pans.] strawberry jelly. pick the strawberries, put them into a pan, squeeze them well with a wooden spoon, add suffi- cient pounded sugar to sweeten. let them re. nmin for one hour that the juice ma"
sugar,1900,2,1396,745,6.3372,True,"queens cakes. ilb. fresh butter, 4oz. currants, 3oz. castor sugar, loz. glac6 :harries (cut tine), loz. mixed peel, 2 eggs. _ mettioo.—beat the butter and sugar to a cream, beat tn the eggs, mix in th"
sugar,1900,2,1396,746,6.3373,True,"fpßlzz.] to keep cream sweet. as the warm weather is coining on the follow- ing hint will be found useful by many readers:— add a. little castor sugar to the cream you want to keep, and then heat it v"
sugar,1900,2,1396,747,6.3379,True,"houszhold hints. dishcloths are quickly made fresh and sweet by boiling in clean water with a good lump of soda added. always put the sugar used in s tart in the centre of the fruit, not at the top, a"
sugar,1900,2,1396,748,6.3424,True,"... to salt butter. september is the proper month to cure bwitaw. wash it thoroughly from all im- purities, them add 7oz. of salt and loz. of soft brown sugar to every 141bs. of butter. be easeful "
sugar,1900,2,1396,749,6.3547,True,"northern weekly gazette. delieioua sponge pudding.--two egge, the weight of thorn in flour, butter, and sugar. beat the butter to a cream, add the sugar then eggs (well beaten), and flour. steam hours"
sugar,1900,2,1396,754,6.3764,True,"rams.] plum cakb. half ounce brown and poison's paisley &yu; boz. ordinary flour, 4oz. caster sugar, 2oz. raisins or sultanas 2oz. currants, soz. butter, 2 eggs, half gill milk, half teaspoonful groun"
sugar,1900,2,1396,755,6.3783,True,"nice dishes. pineapple jelly.—take one tin of preserved i pineapple, pound the contents in a mortar, add 6oz. sugar and half-pint of syrup from the tin, diluting with water if necessary. boil the whol"
sugar,1900,2,1396,756,6.3831,True,"[pnrzz.l baked pears. twelve pears, the rind of a lemon, six cloves, ten whole allspice. to every pint of water allow ill). of loaf sugar. pare and out the pears in halves, leaving in the stalks and r"
sugar,1900,2,1396,757,6.3845,True,"""a nancy seed cake."" ""take seven pounds of fine flour well dried, ard mix with it a pound of sugar beaten and sifted, and three nutmegs grated. and rub three pounds of buttor into the flour, arid boat"
sugar,1900,2,1396,758,6.3862,True,"sloe gin. two quarts of sloes. 2 quarts of gin (unsweet- ened), ilb. of loaf sugar, lb. of demerara sugar, loz. of 6weet almonds. pick the sloes over, remove any unsound once, the..u. prick each sloe "
sugar,1900,2,1396,759,6.3947,True,"snow cake. oae pound of arrowroot. or cornflower, lb. white sugar, lb of butter, the whites of six eggs, favouring to taste, of essenoe of almonds, vanilla or lemon. beat the butter to a cream; etir i"
sugar,1900,2,1396,761,6.4058,True,"rhubarb mould. take enough rhubarb to fill a quart basin; put in a pun with one gill of water, and boil gently. add sugar to taste, with a little lemon juice, stir well and pour out. put with it half "
sugar,1900,2,1396,762,6.4067,True,[parzn.l snow care. beat to a cream ob. of butter with ilb. of pow. dered sugar. gradually stir in lb. of arrowroot and 1 teaspomful of extract of almonds. then add the beaten white of four eggs. beat
sugar,1900,2,1396,764,6.4079,True,"[prizli invalid jelly. take 4oz. gelatine fxyz. ltunp sugar. two ems, pint oold water, and i pint of lemon or orange juice. ruh the sugar -an to (ili.! orange or lemon rind, than put into a saucepan w"
sugar,1900,2,1396,766,6.415,True,groceries cheaper than ever wallaces' note the following pi ices: moist sugar .. rid. per lb granulated sugar 2d. per lb. lump sugar 24d. per lb. pure butter... id. and per lb. new currants how 2 ljd.
sugar,1900,2,1396,767,6.417,True,rome if ints. to make meritigne stand up nicely. mp granu- lated sugar instead of the finer sifted quality. beat up the whites of eggs to a stiff froth rind add granulated sugar in the proportion of o
sugar,1900,2,1396,768,6.4229,True,"bramble and apple jam. to 4lbs of bramble add 21b. of appleis (grate a.pples with a suet grater), allow jib. sugar to each pound of fruit, add a broakfast cupful of water, and boil gently for one hour"
sugar,1900,2,1396,770,6.4379,True,"the jam-making season. greengage jam. three quarters of a pound of sugar to each pound of fruit. divide the greengages and remove the stones. arrange on a flat dish and sprinkle over the sugar, crushe"
sugar,1900,2,1396,772,6.4439,True,"...ts, half raisins, quarter f pounn moist luearters of s ix the baking rub in the butter es s the currants, he raisins stoned awl the peel cut with the sugar e d"
sugar,1900,2,1396,773,6.4457,True,"to-day's recipe, dundee cake.---crearn together 6oz. each of butter and castor sugar mix together the finely grated rind of a lemon (first washed and dried thoroughly), and boz. of paisley flour, and "
sugar,1900,2,1396,774,6.4467,True,"jams, made from fresh_ripe fruit and refined sugar only.; the j.thlti are of the ilighut quehty, anti en; ler euperior to what are ueually sold. wallaces' new orange marmalade -- -----z.vii2l -1 il 1 "
sugar,1900,2,1396,775,6.4495,True,"cream cake. one enpful of floor, 1 cupful of sugar, 1 cupful of cream, 2 eggs, 2 tablespoonfuls of cornflour. mix cream alid sugar together, add eggs well beaten, then stir in gently the other ingredi"
sugar,1900,2,1396,778,6.4751,True,"little plum cakes. dry one pound of flour, work to a cream six ounces of sugar and butter also, add three well-beaten eggs. mix with the flour a teaspoonful of baking powder, a pinch of salt, and eigh"
sugar,1900,2,1396,783,6.4801,True,"...e two pounds of acid apples, and put them in an enamelled saucepan with one pint of sweet cider, or half a pint of pure wine and one pound of crushed sugar, am' cook"
sugar,1900,2,1396,784,6.4803,True,"fancy biscuits. almond biscuibt—to make almond biscuits, take lb. of almonds, blanched and ground; half a teacupful of wholemeal flour: and sugar to taste. bind all together with a well-beaten egg, mi"
sugar,1900,2,1396,785,6.4812,True,"...ollowing is a recipe for some nice plain buns. take vb. of flour, and mix with it ioa. of baking powder, then rub in two dessertspoons- ful of castor sugar and 2ogs. of butter, and "
sugar,1900,2,1396,787,6.4943,True,"...m. cut up rhubarb after wiping it with a cloth. extract all the juice by getting it thoroughly hot in the preserving pan, which pour away. allow in). sugar, and half the rind of a lemon grat"
sugar,1900,2,1396,788,6.4952,True,...r this nice cake two separate mixture's are re- quired a light coloured one and a dark one. to make the former beat 41b. of butter and ilb. of caetor sugar together with a w
sugar,1900,2,1396,789,6.4996,True,"... one ounce of gelatine in cold water, pour water away, peel three lemons very thin, and put gelatine and peel in an enamel saucepan, add alb. of loaf sugar and a pint of milk, "
sugar,1900,2,1396,790,6.5017,True,"*** poor man's spice loaf.—beat 41b. butter and #lb. lard to a cream, add ilb. castor sugar and three eggs beaten up with half a pint of milk; stone lb. raisins and out tip, clean ill,. currants, and "
sugar,1900,2,1396,791,6.5077,True,"round the kitchen fire. five minutes pudding.--2z. flour. lioz. sugar, a little jam, 1 teaspoonful baking.powdor, 2 a little flavouring. boat eggs well, add sugar, and the rest of the ingredients exce"
sugar,1900,2,1396,792,6.5096,True,"round the kitchen fire, five minutes' pudding.-20z. flour, lioz. sugar, 1 teaspoonful baking-powder, 2 eggs, a little flavouring, a few spoonsful of jam. beat the eggs, then add sugar; bet again, and "
sugar,1900,2,1396,793,6.5112,True,"*- * coronation bisewts.—drate the rind of a lemon, and add it to ill,. of adted and dried flour. beat four eggs with ilk of castor sugar thoroughly, then add the flour and a little of the lemon-juice"
sugar,1900,2,1396,794,6.5127,True,"...f rhubarb (bruised) and two gallons of water; put it into a mug, let it stand twelve days; stir it round every day, then strain it off: add 121bs. of sugar and two"
sugar,1900,2,1396,795,6.5189,True,"...ce of a -baking-tin with a thin layer of puff paste. spread it thickly with apricot jam and strew over some finely-chopped sweet almonds. sift castor sugar over all, ba"
sugar,1900,2,1396,796,6.5196,True,"[parzs.l spring cream. -- two dozen sticks of rhubarb, peel of one lemon,' two cloves, a piece of cinnamon, and as much moist sugar as will sweeten it, two ounces of isinglass. clean the rhubarb, cut "
sugar,1900,2,1396,798,6.5256,True,"...ood lemonade for parties_ fuger, 5 gills wa.4-er, 3 oranges, 3 ionone, 20 doves, 20 cayenne pods, one- third of a pennyworth of citric. acid. put the sugar in a basin with the clo-ves and"
sugar,1900,2,1396,800,6.528,True,"[prizz.] tomato marmalade. seven pounds of tomatoes, eight pounds of loaf sugar, half a pint. of water, six lemons. remove the stalks from the tomatoes, wipe them with a cloth, skin and cut each in ha"
sugar,1900,2,1396,802,6.5319,True,"nice dishes. pineapple jelly.—take one tin of preserved pineapple, pound the contents in a mortar, add 6oz. sugar and half-pint of syrup from. the tin, diluting with water if necessary. boil the whole"
sugar,1900,2,1396,803,6.5362,True,"itiousettold recipes lemon blanc mange, ..... a sery good stuunier puddmg. one pint water, 2 tablespoonfuls of corn flour, immo, 2 eggs. sugar to taste. put the! water in an enamel saucepan and let it"
sugar,1900,2,1396,804,6.5384,True,"jpßizic.) cherry sandwich. ingredients: 6oz. flour, 3oz. lard and butter n.ixed, 3oz. sugar, 1 egg, half a teaspoonful baking powder, lb. cherries, a little water, and a pinch of salt. mix the flour a"
sugar,1900,2,1396,805,6.5406,True,"genoa cake. the following is a recipe for a delicious genoa cake :--take three cupfuls of flour, two cupfuls each of castor sugar and of lard, drip. ping, or butter, one cupful of currants, ono cupful"
sugar,1900,2,1396,807,6.5454,True,"----c*)- peppermint cordial for christmas. put jib. of lump sugar into a large jug, with two pennyworth of 411111031106 of peppermint, and one pennyworth of cayenne essence.. pons on one quart of boil"
sugar,1900,2,1396,808,6.55,True,"fe% 11. --if 0)- expt. l.—to obtain sugar from cotton, linen or paper. apparatus and chemicals required pieces of calico, linen, or paper, sul- phuric acid, powdered chalk, filter paper, beak..."
sugar,1900,2,1396,811,6.5533,True,"...seholders 1 ar. to des'proy cockroaches. a beitettpful of well bnlised plaster of paris, misod with double quantity of °alined, to whioh add a little sugar • at-stir it on the floor, or i"
sugar,1900,2,1396,812,6.5548,True,"(prlzz.l baked apple. dumplings. peel and core eight tart, juicy apples, filling the cavity left by the core with sugar and a pinch ot. cinnamon or cloves. make a soft crust, roll into a sheet about o"
sugar,1900,2,1396,814,6.5607,True,"[prizz.i strawberry jam. to aix pounds of strawberries allow 3lbs. of sugar. procure some fine scarlet strawberriesi strip off the stalks, and put them into a preserv- ing pan over a moderate fire. bo"
sugar,1900,2,1396,815,6.5612,True,"malta cake. two eggs, their weight in butter, flour and sugar, the grated rind of one arange, a tablespoonful of milk, and a teq-spoonful of baking powder. partly melt the butter, stir in the sugar, t"
sugar,1900,2,1396,816,6.5623,True,"jams, made from fresh ripe fruit and refined sugar only. thom lois are of the righeet quality, aud arc far oupelior to what aro uoually sub]. wallaces' new orange marmalade • ..klez. ,i• '.• 116.,,,.!"
sugar,1900,2,1396,818,6.5745,True,"sugar drops. now we come to the sweets known as drops, and of these there are a great variety. to make acid drops boil one pound of loaf sugar, one teacupf..."
sugar,1900,2,1396,819,6.58,True,"-(c))- spring medicine.—half a pound of ep- som salts, 2 oz. of cream of tartar, 2 lemons, and 2 tablespoonfuls of white sugar. slice one lemon and equeeze the juice of the other, and se.t all the ing"
sugar,1900,2,1396,821,6.5873,True,"[panz.] cocoanut cakes. butter a sheet of white paper, and witl: it line a yorkshire pudding tin. cream a quarter of a, pound of castor sugar, with a quarter of a pound of butter, then beat in three e"
sugar,1900,2,1396,822,6.5904,True,"...fruit drink, i-lb. each of raspberries, currants, and straw- berries, i quart of boiling water, the juice of two lemors, one breakfastcupful of icing sugar. remove the sta"
sugar,1900,2,1396,823,6.5942,True,"gooseberry pudding. one pound of gooseberries, loz. of butter, 41b. dour, loz. sugar, two eggs, half a pint of milk. stew the berries with sugar to taste until tender. mix the flour, sugar, and butter"
sugar,1900,2,1396,824,6.6052,True,useful recipes. harrogate pudding.—take about a pound of luny red fruit. and stew it (with sugar to taste) in a pan wi tender. line a basin or mould with slices oksbread about half-an-inch thick. stra
sugar,1900,2,1396,826,6.6179,True,"[plum] tomato chutney. take sibs. tomatoes, cut them into quartern, boil gently in one pint of vinegar, and leave to cool. boil 31bs. of brown sugar in another pint of vinegar until it forms a very th"
sugar,1900,2,1396,827,6.627,True,"strawberry trifle.. mott dos, of butter in an enamelled pan. with one pint of milk, stir in gradually 2oz. esoll of flour and fine sugar; let it boil three or four minutes. add the beaten yolks of two"
sugar,1900,2,1396,832,6.641,True,"...a favourite old-fashioned cordial. and very easy to make. take one quart of cherry juice, one quart of good brandy, and two pounds of finely powdered sugar. the sugar should be"
sugar,1900,2,1396,833,6.6414,True,...ed in ‘.;riens tempting wa.vs. as banana custard they are delicious the dish is made in this way: seat well to gether three eggs and half a cupful of sugar add two teacupfuls
sugar,1900,2,1396,834,6.6454,True,"...rate price. plum and apple mixed fruit fig and rhubarb damson and apple goose. and rasp .... new orange marmalade •••• • • • warranted pure fruit and sugar only, "
sugar,1900,2,1396,835,6.6494,True,"household hints. to revent rusting tin slio id ba kept in a dry place. if you get too numb salt in the gravy, a pinch of brown sugar will remedy the salt(' ais without hurt- ing the gravy in the least"
sugar,1900,2,1396,836,6.6548,True,"*** snow oake.-4lb. of butter, ib. of crasior sugar, lb. of potato flour, ill,. teaspoonful baking powder, a few drops essence of lemon, whites of two eggs and yolk of one. beat butter and sugar to a "
sugar,1900,2,1396,837,6.6591,True,"[prlzz.] green gooseberry chutney. boil a quart of green gooseberries with a potuad of course brown sugar in the three-quarters of a pint of vinegar till partly cooked, then place in a jar, add a poun"
sugar,1900,2,1396,839,6.6616,True,"gooseberry jam. this is made of ripe gooseberrie.s, but they must not be too soft. top and tail them with a pair of scissors. allow five pounds of sugar to six of fruit. boil after the fruit commences"
sugar,1900,2,1396,842,6.6759,True,"[plaza.] preserved raspberries. take three pounds of ripe raspberries and put into a pie dish, then into another dish put 4i pounds of oastor sugar. put both dishes into the oven until the fruit and s"
sugar,1900,2,1396,845,6.6852,True,"...as this advantage, that dead flies are out of sight, may be made of ordinary jam pots. half fill them with soapy water, put treacle, honey, or melted sugar on the ins"
sugar,1900,2,1396,847,6.6885,True,"iced 01trisimas care: one pound each of butter, flour, caster sugar, sultanas, currants, ilb. of mixed peel, 1 teaspoon- ful of cinnamon, 5 eggs, almo.id pastes, water icing. cream the butter and suga"
sugar,1900,2,1396,848,6.6911,True,"nice dishes. pineapple jelly.—take one tin of preserved pineapple, pound the contents in a mortar, add 6oz, sugar and half-pint of syrup from the tin, diluting with water if necessary. boil the whole "
sugar,1900,2,1396,851,6.698,True,"[prlzz.] orange cream. peel four oranges very thin and one lemon; boil•ne pint of milk, and dissolve in it ilb. of sugar and of gelatine. when these have quite dissolved pour the milk on to the rinds "
sugar,1900,2,1396,853,6.7032,True,"[pluzz.] rhubarb meringue. a pint of rhubarb cut into lengths, sugar to sweeten, three eggs, half a pint of breadcrumbs, loz. butter, grated lemon rind, some short pastry. stew •the rhubarb to a pulp,"
sugar,1900,2,1396,854,6.7057,True,"to-day's recipe, dundee cake.—crcarn together 6oz. each of butter and castor sugar; mix together the finely- grated rind of a lemon (first washed and., dried thoroughly), and boz. of paisley flour, an"
sugar,1900,2,1396,855,6.7171,True,"...ike,3. lb. fresh butter, 4 oz. currants, 3 oz. castor sngar, ). oz. glac6 cherries (cut fine), 1 oz. mixed peel, 2 eggs. llrrnon.—beat the butter and sugar to a cream, beat in the eggs, mix "
sugar,1900,2,1396,856,6.7232,True,"sugar catarrh. is a name given to a kind of dyspepsia, in which there is acidity and irritation of the stomach from eating too much sugar and pastry. but, ..."
sugar,1900,2,1396,859,6.7324,True,"[plitrzr..) good sekd loaf. one pound of flour, ilb. of sifted sugar, fib. d butter, 8 eggs, a few carraway seeds. beat the butter to a cream, then add a little flour and sugar alternately until the w"
sugar,1900,2,1396,862,6.7406,True,"good family recipes. oxford pudding.—mix three ounces ot grated cocoanut with four ounces of bread crumbs, throe ounces of castor sugar, half a pint of milk and two beaten eggs. pour this mixture into"
sugar,1900,2,1396,864,6.743,True,"...foods. a baby over eighteen months can have by way of pudding a haked custard made with three eggs, quarter of an ounce of butter, half-pint of milk, sugar and flavouring to taste. whip up t"
sugar,1900,2,1396,866,6.7508,True,"the easter egg abroad. to see the easter egg at its best dne must go abroad. at home, as before mentioned, the egg of sugar or chocolate has usurped the real article. in moravia i ;the easter egg stil"
sugar,1900,2,1396,867,6.7514,True,"currant patties. ingredierks one ounce of cornflour, four ounces of currants, one lemon, four ounces of castor sugar,quarter of an ounce of butter, short crust paste. method line some patty pans with "
sugar,1900,2,1396,868,6.752,True,"to keep fish fresh. clean the fieh and spnnkle the interior with brown sugnr. keep the fish in a horizontal position, -so that the sugar may soak into it as much as possible. half an ounce of sugar wi"
sugar,1900,2,1396,869,6.753,True,"* * * apple compote. —make a sugar syrup by boding two cupfuls of sugar with (4u cupful of water for five. minutes alter it has come to boiling point. have ready some apples, pa.red an..."
sugar,1900,2,1396,870,6.754,True,"[prize.) lent pies. take one large tablespoonful of ground rice, one egg, sugar to ta.ste, half a pint of milk, loz. of butter, lemon rind, and a few currants. boil the milk with lemoit rind in it, an"
sugar,1900,2,1396,874,6.7647,True,"[plaza.] preserved raspberries. take three pounds of ripe raspberries and put into a pie dish, then into another dish put 4i pounds of oastor sugar. put both dishes into the oven until the fruit and s"
sugar,1900,2,1396,875,6.7683,True,"riw barb m arm ala dr _ .. 11b. of loaf sugar, lilt) f rhubarb stalks, one quarter of an ounco of hitter almonds. peel of halt • lemon. out the rhubarb stalks into pieceo alx-ub tvm inches long, ..."
sugar,1900,2,1396,879,6.7849,True,"home-made sweetmeats. a delicious almond toffee is made by pouring a gill of water over a pound of the best loaf sugar in a clean saucepan, and letting it dissolve slowly over the stove, stirring occa"
sugar,1900,2,1396,880,6.7878,True,"[prize.i ginger wine. four drams of essence of ginger, 2 drains of cayenne, 1 dram of burnt sugar, 1 pe.nnyworth of iparion, ioz. of tartaric acid, 21bs. of lump sugar, six pints of boiling water. boi"
sugar,1900,2,1396,883,6.7936,True,"-(*)-- the sugar is best boiled in a brass or copper pan, but an ordinary enamelled pan will du. a little cream of tartar (a very small half-saltspoonful to a pound o..."
sugar,1900,2,1396,884,6.794,True,"[plum) devonshire junket. heat a quart of milk till it is lukewarm. meanwhile put half a teaspoonful of powdered eirmaincrn, and a tablespoonful of sugar into a cup, pour on a nr eglasaf ti 1 of brand"
sugar,1900,2,1396,885,6.7942,True,"yorksiiir.e relish. half &gallon of vinegar, 6d bottle china.soy, brown sugar or more, 2oz. flour, 3oz. bay salt, ioz. cayenne pepper, loz. ground nutmegs, ioz. ground ginger, ioz. pimento, 1 large on"
sugar,1900,2,1396,887,6.799,True,"[pain.] curdle piiddrng. two ounces of butter, 2oz. caster sugar, 2oz. of flour, 2 fresh eggs, 1 gill of milk. beat the butter to a cream with a fork, stir in the sugar and al* eggs well beaten, then "
sugar,1900,2,1396,888,6.8026,True,sugar and starch. the snhject of the sugar in the body' is rattier an interesting one. it is not generally known that all the standt-that we take into oar ...
sugar,1900,2,1396,889,6.8096,True,"a decoration for sweets. the art of spinning sugar is one which has descended to us from the days of our great- grandmothers, who were adepts in it at a time when ideas for ""garnishing"" were of the sm"
sugar,1900,2,1396,891,6.8242,True,"ginger wine. put 311 s. of loaf sugar into a bowl, add 3 quarts te boiling water; as soon as the sugar is dissolved add 2 drachms essence of cayenne, 4 drachms tssenoe of ginger, 1 pennyw..."
sugar,1900,2,1396,892,6.8273,True,"[prizz.) to preserve plums. cut your plums in half (they must not be quite ripe), and take out the stones. weigh the plums, and allow a pound of loaf sugar to a pound of fruit. crack the stones, take "
sugar,1900,2,1396,893,6.8305,True,...l snowballs. this recipe comes all the way from south africa. these cakes made thus are always a great success. beat alb. of butter and two ounces of sugar to a cream; add 7ozs. of flour and a t
sugar,1900,2,1396,894,6.8313,True,"useful recipes. harrogate pudding.—take about pound of any red fruit and stew it (vc, sugar to taste) in a pan till tender. lids !a basin or mould with shoos of broad rhos/ half-an-inch thick. strain "
sugar,1900,2,1396,896,6.8417,True,"replies. a cure for whooping cough.—take one penny- worth of salts of tartar, 41b. of sugar. pour nearly a pint of boiling water over sugar and tartar. when oold give a half of a wineglassful. taken w"
sugar,1900,2,1396,902,6.8598,True,"nice dishes. arrts souffle.—peei half-a-dozen apples and —. them up in pieces put in a stewpan with a sterc little water, sugar enough to make quite sweet, and a sliced lemon, peel and all. when tende"
sugar,1900,2,1396,903,6.8645,True,"[plum] blackberry jelly. to 11b. of black.benies allow ilb. of loaf sugar; place the berries in a covered jar in oven, and let thean remain all night, addling half a teacupful of vinegar to extract th"
sugar,1900,2,1396,907,6.8665,True,"sugar icing, to make sugar icing for a twelfth cake mix of icing sugar with tbe whites of six eggs till the mixture ig thick and creamy. spread a thin laye..."
sugar,1900,2,1396,908,6.8698,True,"rizine pudding bap& plain and economical: a nice pudding p,ir cieildren. ingredient. one tearurful rlzinp, 2 tahlesommfuls moist sugar lonart milk. oz butter, or two small tablespoon- fuls chopped sue"
sugar,1900,2,1396,910,6.8759,True,"...: eggs, leaving out two whites, vb. of aug.'s, }lb. of fresh butterr, the rinds of twe lemons and the juice of four, the rind to be grated. break the sugar and melt over "
sugar,1900,2,1396,911,6.8763,True,"home. made sweetmeats. after making the fondant (the proportions are always two of sugar to one of water, whether cup- fuls, spoonfuls, or larger quantities) take several small portions and colour eac"
sugar,1900,2,1396,914,6.8806,True,"replies. almond icing.-11b. ground almonds, lib. icing sugar, 3 eggs, almond flavouring. add gradually, and knead into firm paste. sugar icing: lib. icing sugar, whites of 2 eggs, 1 dessertspoonful of"
sugar,1900,2,1396,915,6.8837,True,"...miet then don't forget to try our crea3i•3 at bd. per lb. a pure, wholesome and nourishing sweet for young and old. guaranteed to be made from finest sugar and best welsh butter. no"
sugar,1900,2,1396,916,6.89,True,"[prizz.] rhubarb jam. the into a large bowl put 71ba. fresh rhubarb after peeling and cutting into even pieces. add 511;z lump sugar, the strained juice and finely-cut of two fresh- lemons, ton. almon"
sugar,1900,2,1396,920,6.899,True,"yorksiiir.e relish. half &gallon of vinegar, 6d bottle china.soy, brown sugar or more, 2oz. flour, 3oz. bay salt, ioz. cayenne pepper, loz. ground nutmegs, ioz. ground ginger, ioz. pimento, 1 large on"
sugar,1900,2,1396,921,6.9041,True,"[plum] bottled red currants. put 'tlba of red currants, already stalked, into a bowl, and place in the oven, abio put 7ils. of cane sugar into a bowl, and place in the oven until both are thoroughly h"
sugar,1900,2,1396,922,6.9067,True,"—:o: to each pound of fruit allow one pound of sugar (loaf) and half-pint of water. place the water and sugar in a preserving pan, and boil to a thin syrup. prick the plums, cover with the syrup, and "
sugar,1900,2,1396,923,6.9091,True,"... creams. delicious nut creams are made from the fol- lowing recipe. take 4oz of barcelona, or other nut kernels, and place them., with soz. of castor sugar, in a saucepan, stirring them over a slow"
sugar,1900,2,1396,924,6.91,True,"...boii two ounces of flour in a pint of milk, stir until it is thick and stiff, put it in a basin and add half an ounce of butter, a little nutmeg, and sugar suff"
sugar,1900,2,1396,925,6.9131,True,"...f rhubarb (bruised) and two gallons of water; put it into a mug, let it stand twelve days; stir it round every day, then strain it off: add 121bs. of sugar and two"
sugar,1900,2,1396,926,6.9139,True,"to keep fish fresh. clean the fieh and spnnkle the interior with brown sugnr. keep the fish in a horizontal position, -so that the sugar may soak into it as much as possible. half an ounce of sugar wi"
sugar,1900,2,1396,929,6.9318,True,"afousehot6 ectioes. riebon cake. six ounces of butter, 4oz. et cornflour, 4 eggs, eoz. of sugar, 6oz. of self-raising flour. cream butter and sugar together, then add the eggs. i,ex flour and cornflou"
sugar,1900,2,1396,931,6.9365,True,"sponge cake. five ounces of flour, half a pound of castor sugar, and four eggs. warm the yolks of the eggs and beat with the sugar till quite light, whisk the whole very stiffly, stir in lightly, stir"
sugar,1900,2,1396,932,6.94,True,"n housekeeper's table. one quart of sifted fl—our is tlb., 1 pint of granu- lated sugar 11b., 2 cups of butter 11b., 1 quart butter 111)., 1 quart white sugar 11b. loz., 1 quart brown sugar 11b. zoz.,"
sugar,1900,2,1396,934,6.9446,True,"--•-- madeleines with jam. to make madeleines, take two or three eggs, and their weight in sifted sugar, in butter, and dried and sifted flour. cream the butter and sugar together, add the flour, whip"
sugar,1900,2,1396,936,6.9533,True,"te-piat-.- i. custard apple. pid. stew one nomad of spliced apples with sugar and a little lemon-peel, and a few cloves. when cold, plane ,n a pie-dish, and pour slowly over it a boiled custurd made o"
sugar,1900,2,1396,941,6.9582,True,"gooseberry recipes. plain gooseberry crfaimarre. to • pound and a half a/ gooseberries allow half a pound of sugar, thin shoes of bread and butter. line a plait, mould or pie-dish with shoes of thin b"
sugar,1900,2,1396,943,6.9676,True,"... is the recipe for a delicious twelfth cake, apropos to the ecquion. take two pounds of butter and work it to a cream; then mix with it two pounds of sugar and some spice— say about "
sugar,1900,2,1396,944,6.9682,True,"a ginger beer made with powders. to one pound of icing sugar add four ounces of tartaric acid, three ounces of carbonate of soda, half an ounce of essence of ginger, and four drops of essence of lemon"
sugar,1900,2,1396,945,6.9686,True,"...reengage jam be sure that the fruit is quite dry and sound. cut the greengages in half, and remove the stones, and allow three-quarters of a pound of sugar to •one of fruit, weighed bef"
sugar,1900,2,1396,947,6.9716,True,"baked rizine and jam pudding. ingredients:—two ounces ltivine to a piut of inilk,sugar ili lemon t., taste, 2 eggs. directions: boil the milk and throw in the itizine, allow it to cool, then stlr in a"
sugar,1900,2,1396,949,6.9769,True,"""apple pastry to fry."" ""pare a quarter of apples, and boil them in sugar and water, and a btiek of cinnamon, arid when tender put in a little white wine, the juice of a lemon, a piece of fregi butter,"
sugar,1900,2,1396,950,6.9771,True,"what to avoid. from the vegetables allowed you will see tha,t it is intended that sugar and starch should he avoided. greens, nettles, spinach, scotch kale, salad of mustard and cress, and water- eres"
sugar,1900,2,1396,953,6.9949,True,"a few cookery recipes. ---.--- _ _ swiss apple pudding.-40z. stale breadcrumbs. • loz suet finely shredded, loz. moist sugar. a little fresh grated lemon. rind. mix 11b. of apples, half cup water, a l"
sugar,1900,2,1396,954,6.9964,True,"victoria plum jam. to every pound of plums allow ilb. of lost sugar. in making this jam the quantity of sugar for each 11b. of fruit inust be regulated by the quality and size of fruit, because some p"
sugar,1900,2,1396,957,7.0091,True,"currant frittee.s. three eggs, 3oz. of flour, 4oz. of currents, 4 table- spoonfuls of boiled rice, sugar to taste, a grate of nutmeg, half e, pint of milk, a pinch of salt, frying fat make the butter "
sugar,1900,2,1396,958,7.0101,True,"[prize.] cinnamon cake. take three-quarters of a cup of butter, two cups of sugar three eggs (well beaten), one cup of milk, one teaspoonful of ground cinnamon, four cups sifted flour, with one and a "
sugar,1900,2,1396,959,7.0109,True,"...e large egg, one breakfast cupful of bread crumbs, one heaped tablespoonful of dried cur- rants, one tablespoopful of butter, one dessert spoonful of sugar, and a generous grati"
sugar,1900,2,1396,960,7.0192,True,"...r"" at homes"" generally, iced coffee is a pleasant change from lemonade and hot tea and coffee. it should be made first in the usual way, the milk and sugar adde"
sugar,1900,2,1396,961,7.0194,True,"friends in council to make cream toffee you gladys,"" will require half pound loaf zrvzurool. sugar, half pint cream, and half a teaspoonful vanilla essence. dissolve the sugar in the cream in a saucep"
sugar,1900,2,1396,962,7.0212,True,...ake. this is a rich light cake baked in a flat tin and stuck all over the top with almonds. whisk to gether over boiling water half a pound of caster sugar and four whole eggs. wh
sugar,1900,2,1396,963,7.0262,True,"...and onions. melons are quite amongst the cheapest fruit we have at present—you can get such a large one for sixpence—and if tired of eating them with sugar in the usual way, you will fi"
sugar,1900,2,1396,966,7.0321,True,"gilum] mo a 04ke. two oggs, their weight in butter, flour, castor sugar. half a teaspoonful of baking powder. loing: fresh butter, b. icing sugar, teacupful of vary strong c:ear oc•ffee. cream the but"
sugar,1900,2,1396,969,7.0387,True,"round the kitchen fire. orange pudding.-6oz, stale sponge cake crumbs, pour over them a pint of warm milk, and let it cool. rub 41b. lump sugar on to the rinds of two oranges. squeeze the juice of fiv"
sugar,1900,2,1396,970,7.0414,True,"[prizz.i bottled damsons for winter use. select only sou.nd fruit. wipe them dry; fill the bottles as full as possible; add 3oz. of sugar, and stand the bottles in a cool oven for some hours until the"
sugar,1900,2,1396,971,7.0424,True,"alcohol in sweet& sweats la which liquids are imprisoned hare beta a punt, to many pro e. they hare wondered why the sugar did rot die solve. the answer, of course, is tsays the nlattret"", that the li"
sugar,1900,2,1396,973,7.0616,True,"strawberry jam. hull the strawberries, which should be quite firm and dry, and lay them in a large flat dish. pound half the quantity of sugar required for the weight of fruit and lay over the fruit, "
sugar,1900,2,1396,974,7.0624,True,"quarters of loaf sugar, divide the plums, take out the stones, and put them on large dishes with roughly pounded sugar sprinkled over them in above proportion, and let them..."
sugar,1900,2,1396,975,7.065,True,"...quarter stone of sour gooseberries, 2 quarts vine. gar, lib. mustard seeds, 11b. large raisins, al ground ginger, loz. cayenne pepper, ulb. demarara, sugar, 4oz. salt, ilb."
sugar,1900,2,1396,976,7.0684,True,"31c * a refree.hing drink. —tako th of csstor sugar and add to it 15 drops of essence of lemon; when mixed, add loz. of citric acid, and pass throe times through a wire sieve; pleoe in a well-oorked b"
sugar,1900,2,1396,977,7.0712,True,"...ter. stalk and clean one pound of ripe red currants, bruise the fruit with a wooden spoon and add to it half a pint of water and half a pound of lump sugar; stir it over the fire till"
sugar,1900,2,1396,978,7.0717,True,"• [prizz.l 01thello cake. half a pound of butter, ilb. of castor sugar, 3 eggs, ilb. of flour, 2 tablespoonfuls of milk, 1 teaspoonfuls of baking powder. beat the butter and sugar to a cream, beat in "
sugar,1900,2,1396,979,7.0761,True,"itiousettold recipes lemon blanc mange, ..... a sery good stuunier puddmg. one pint water, 2 tablespoonfuls of corn flour, immo, 2 eggs. sugar to taste. put the! water in an enamel saucepan and let it"
sugar,1900,2,1396,980,7.0791,True,"domestic recipes. 0000ancit cltios.—two eggs, their weight in flour, sugar, and butter, two ounces of grated or desiccated cocoanut, and a teaspoonful ef baking powder (put in the last thing). flutter"
sugar,1900,2,1396,982,7.0824,True,"now to make it. place in a metal saucepan some white lump sugar, about a quarter filling, the pan. place on a slow fire and watch until the sugar, boils, keep- ing it stirred the whole .of the time. t"
sugar,1900,2,1396,984,7.0892,True,"...very good invalid jelly is made in the following manner, and is very refresh- ing and nourishing :—take half an ounce of gelatine, six ounces of lump sugar, two eggs, half a pint of c"
sugar,1900,2,1396,987,7.1091,True,"home-made sweetmeats. a delicious almond toffee is made by pouring a gill of water over a pound of the best loaf sugar in a clean saucepan, and letting it dissolve slowly over the stove, stirring occa"
sugar,1900,2,1396,989,7.1141,True,"good scones. rub 3oza of butter into 11b. of flour, add a little salt, mix 2os. of caster sugar and half an ounee of cream of tartar on a plate, and edd to the flour and butter. dissoive jioz. of carb"
sugar,1900,2,1396,990,7.1177,True,"...foods. a baby over eighteen months can have by way of pudding a haked custard made with three eggs, quarter of an ounce of butter, half-pint of milk, sugar and flavouring to taste. whip up t"
sugar,1900,2,1396,993,7.1235,True,"a decoration for sweets. the art of spinning sugar is one which has descended to us from the days of our great- grandmothers, who were adepts in it at a time when ideas for ""garnishing"" were of the sm"
sugar,1900,2,1396,994,7.1331,True,"[pima.] jack frost's snowball. dissolve loz. of gelatine in 1 pints of new milk, add 4oz. of lump sugar and a teacupful of fine sago. let all boil together for twenty minutes, stirring every few minut"
sugar,1900,2,1396,997,7.1502,True,"[prize.] zephyr blanc-mange. mlnneicuwmmwsmi materials required —three teacupfuls of water, the rind and juice of one lemon, 4 heaped teaspoonfuls of sugar, 1 tablespoon- ful of corn flour. and two eg"
sugar,1900,2,1396,998,7.1556,True,"dundee cake. beat to a cream hots. of butter, fx,ts sifted sugar, well beat four eggs, and tdd to the butter and sugar gradually. sift bozs, of lour and half a teaspoonful of bak ing powder, and add t"
sugar,1900,2,1396,1000,7.1645,True,"...reengage jam be sure that the fruit is quite dry and sound. cut the greengages in half, and remove the stones, and allow three-quarters of a pound of sugar to •one of fruit, weighed bef"
sugar,1900,2,1396,1001,7.1674,True,fn pudding. nlik two spoonfuls of arrowroot with a pint of milk. put it into a stewpart. with sugar to sweeten. stir until it boils. have mady sliced apples enough to fill a large sized dish. 'rimy sh
sugar,1900,2,1396,1004,7.1818,True,"friends in council you will find this recipe, ""a. r. c.,"". very good. one pot's° loaf sugar, half-pint °i water, four °lino° almonds, and a pinch of cream •of tartar' blanch the almonds, skin them, an"
sugar,1900,2,1396,1005,7.1846,True,"a useful hint. to make cracked crockery last, put two or throe pieces of sugar into the cracked vessel with one-third of a tumblerful of water; then place it on a very brisk fire. spread the syrupy li"
sugar,1900,2,1396,1006,7.1848,True,"iw rich plum pudding half a pound of finely-chopped beef suet, ob. of flour, klb. of breaderumbs, lb. of sugar, lb. of stoned raisins, ilb. of currants, and 2 pieces of candied peel. mix these ingredi"
sugar,1900,2,1396,1008,7.1987,True,wh choice mild hams 6d. per lb. granulated sugar -11 d. per lb. plum & apple jam ea. per jar. rich cakes -21 d. or 31d. each
sugar,1900,2,1396,1009,7.2017,True,"...ater. stalk and 661111 one pound of ripe red ourrante, brume the fruit with a wooden spoon and add to it had a pint of water and half a pound of lump sugar stir it over the fire till it. begi"
sugar,1900,2,1396,1010,7.2072,True,"round the kitchen fire. bride's cake (by request).--ilb. flour. butter. 6 or.. moi, sugar, ilbs. currant., ilb. citron peel, 4113. lemon peel, i eggs, a spoonful of brandy, 1 tea,poonful c tea,ponful "
sugar,1900,2,1396,1014,7.2202,True,"tl, ••• home=made sweets. in making sweets by the process which requires no cooking, confectioner's sugar is the kind to use. this is soft and as finely powdered lis flour, and one pint of confectione"
sugar,1900,2,1396,1016,7.2208,True,"cream caramels. 1 tin of n-e-sire7s—m-iiii,-ior. butter, lib softl !white sugar, a few drops of vanilla. melt the sugar with a very little water, and when boiling add the butter and the nestle's sollk"
sugar,1900,2,1396,1019,7.2272,True,"a savoury dish, • soak ib. haricot beans all night, and boil for 2 hours. pare and slice some apple,. place in a jar, with sugar and cloves, and stew till soft. next cut up, and fry three large onions"
sugar,1900,2,1396,1020,7.2307,True,"to-day's recipe. strawberry meringue taw! s.—first make a short crust, as follows: ingredients: 6oz. of flour, 3oz. of butter, loz. of castor sugar. 1 egg. a pinch of salt. put the flour through the s"
sugar,1900,2,1396,1023,7.2373,True,"* * queen nab pudding.—three quarters of an ounce of gelatine, 1 pint of custard, pint of sherry, 2ozs sugar, ib. macaroons, 2<ns. ratafias. fill a mould with alternate layers of macaroons and ratafia"
sugar,1900,2,1396,1026,7.2498,True,"[p razz.] to preserve strawrerries whole. put gibs, of strawberries when picked clear of staik.s into a bowl, and cover welt with 4lbs. line sugar, mix them up well with the sugar, being careful not t"
sugar,1900,2,1396,1027,7.2513,True,"-(0)- the it sugar should always be used for sugar-boiling, as from it only can good re- sults be obtained. a brass or copper sauce- pan is the right utensil, but an en..."
sugar,1900,2,1396,1028,7.2538,True,"...forget to try our wiii mitjtivibii. creams at bd. per lb. a pure, wholesome and nourishing sweet for young and old; guaranteed to be made from finest sugar and bes"
sugar,1900,2,1396,1030,7.2554,True,"...in, 8; cheimisfomi-€t., darlington. mint sauce. to ensure always having mint sauoe the mint / should be cut when young and bottled in vinegar, but no sugar should be put in, as in time sugat tur"
sugar,1900,2,1396,1032,7.2596,True,"paux.l indian trifle. boil 2ozs of ground rice in a pint of millctuitti quite thick; add a bit of butter, sugar to -taste, and any flavouring liked. when cooling put all jampot in the centre-of a glas"
sugar,1900,2,1396,1038,7.278,True,"a few cookery recipes. ---.--- _ _ swiss apple pudding.-40z. stale breadcrumbs. • loz suet finely shredded, loz. moist sugar. a little fresh grated lemon. rind. mix 11b. of apples, half cup water, a l"
sugar,1900,2,1396,1042,7.3005,True,"gooseberry. janl. for this recine, which is a frcneh one, equal weights of fine ripe red gooseberries and loaf sugar will be required. top and tail the gooseberries with a sharp knife, and take ear 3 "
sugar,1900,2,1396,1045,7.3102,True,"...y acceptable for afternoon tea. in making them use three- quarters of a pound of salt-raising flour, six ounces of fresh butter, six ounces of castor sugar, half a"
sugar,1900,2,1396,1046,7.3173,True,"...ake tb. necessary ingredients are th yolks of seven eggs, whites five e,7,gs.three•quarters of a pound of flour, gra rind of a llmon, a pound of loaf sugar, and q"
sugar,1900,2,1396,1047,7.3176,True,"...s obtained from a young teacher in a convent, and a very delicious pudding it is. beat a couple of eggs thoroughly, stir in a tablespoonful of castor sugar and two "
sugar,1900,2,1396,1048,7.3193,True,"[.panz.] cream cake one cup of .flour, 1 cup of sugar, 1 cup of cream, 2 eggs, 1-teaspoonful baking powder, 2 tablespoon. ful cornflour. mix cream and sugar together, add eggs well beaten, then stir i"
sugar,1900,2,1396,1049,7.3194,True,"nettle beer. after removing the stalks from the nettles, boil one gallon of leaves in about two gallons of water, and add one pound of brown sugar with half sui co of ginger to every gallon of liquor."
sugar,1900,2,1396,1052,7.3287,True,"[prizz.] tomato marmalade. seven pounds of tomatoes, eight pounds of loaf sugar, half a pint. of water, six lemons. remove the stalks from the tomatoes, wipe them with a cloth, skin and cut each in ha"
sugar,1900,2,1396,1053,7.3334,True,"...f pinta milk, i.oz. celery, a. small bunch of herbs. cut up the vegetables and boil twenty minutes in the milk, with a teakpoonful of salt and one of sugar bo"
sugar,1900,2,1396,1054,7.3344,True,"...ease and line a pie dish with sliced apples, then fill the dish with a light batttr. made with two eggs. shred two ounces of suet, and stew with soft sugar upon the to"
sugar,1900,2,1396,1056,7.3446,True,"jams, madb from fresh ripe fruit and refined sugar only these jams are of the ilighest quality, t.ct are tar superior to what are usually sold, rriated and published by j. w. roberts, at general print"
sugar,1900,2,1396,1059,7.3545,True,"a lemon cream, which is very economical, for it is a lemon cream made without cream,which you will find delicious. the ingredients are half-pound of sugar, half-pint of boil- ing water, the white.s of"
sugar,1900,2,1396,1064,7.3772,True,"ni arm a lade turnovers. take two eggs, the weight of one egg in flour, butter, ouo dessert-spoonful ester sugar. half- pint milk. cream butter and sugar together, then add the cirge well beaten. dred"
sugar,1900,2,1396,1067,7.3977,True,"dundee cake. beat to a cream hots. of butter, fx,ts sifted sugar, well beat four eggs, and tdd to the butter and sugar gradually. sift bozs, of lour and half a teaspoonful of bak ing powder, and add t"
sugar,1900,2,1396,1068,7.3986,True,"sugar icing. a simple sugar icing is made by boiling to. gether for a few minutes a quarter of a pint of water with half a pound of icing cr r, using it wh..."
sugar,1900,2,1396,1070,7.4039,True,"marzipan. ------ ingredients: half a pound of icing sugar, ground almonds. 1 egg. mix up the almonds and sugar, getting out all lumps. beat egg on a plate with knife until quite frothy. now mix the su"
sugar,1900,2,1396,1072,7.4051,True,"to-day's recipe, dundee cake.---crearn together 6oz. each of butter and castor sugar mix together the finely grated rind of a lemon (first washed and dried thoroughly), and boz. of paisley flour, and "
sugar,1900,2,1396,1075,7.4084,True,"[prize.] uttle chocolate cakes. pour ounces of butter, two ounces of cocoa, two eggs, a little milk, six ounces of castor sugar, six ounces of flour, one teaspoonful of baking powder. beat butter to a"
sugar,1900,2,1396,1076,7.4089,True,"[prize.] a sponge cake. take one cup of flour, one cup of sugar, two eggs, one teaspoonful of cream of tartar. beat the eggs and the sugar well together, and add the cream of tartar to the flour, and "
sugar,1900,2,1396,1078,7.4117,True,"cprlzz.] cheap cakes. this recipe of cakes i often make, and find them both cheap and good. one pound of flour, lb. of sugar, ilb. of sultanas, 2 teaspoonfuls of baking powder, lb. of margarine, 2 egg"
sugar,1900,2,1396,1079,7.4204,True,"...s. tomato tart. line a tart tin with short crust. have some medium-sized tomatoes skinned and sliced very thin. place a layer over the paste, scatter sugar over, season with a grate of l"
sugar,1900,2,1396,1081,7.4282,True,"...velled threads from old linen will be found mo,t satilfactory for darning tablecloths or napkins. stove poli‘li mixed with vinegar and a small bit of sugar will give additiona"
sugar,1900,2,1396,1083,7.4392,True,"i • ia i ~... ,•., a1t...4.... 1.., n:. .4 % * i .....'f- .., e. '5, •. • f .% ftltj, t ""wo 4t."":141; mi; dvice readers of rum punch, with plenty of sugar and butter in it, and—look at him to-day. wel"
sugar,1900,2,1396,1084,7.4423,True,"...sutetitute for whipped cream when that is not procurable you will tind in the following: —one pint of milk, one ounce of butter, two ounces of castor sugar, half an ounce of ground"
sugar,1900,2,1396,1087,7.4465,True,...ed in ‘.;riens tempting wa.vs. as banana custard they are delicious the dish is made in this way: seat well to gether three eggs and half a cupful of sugar add two teacupfuls
sugar,1900,2,1396,1088,7.4486,True,"cookery recipes. princes pastry. _ ..... _ _ throe eggs, alb. flour, alb. sugar, tea- spoonful baking powder, 2 tablespoonfuls jam. beat tile eggs and sugar about 15 minutes; mix flour and baking powd"
sugar,1900,2,1396,1089,7.4521,True,"useful recipes. idsitsis•tv w•latirrs. two ounces of ground almonds, four ounces of icing sugar, a little beaten egg —very little, to make' it stick together-7-quarter of a teaspoonful of vanilla esse"
sugar,1900,2,1396,1091,7.4629,True,"cold brandy sauce. to make cold brandy sauce for plum pudding, take a quarter of a pound of loaf sugar, the same weight or less of fresh butter, and one large wineglass of brandy. pound and sift the s"
sugar,1900,2,1396,1094,7.4668,True,"chronic asthma with elemor rh age of novemi3i7,it 7, 1908. especially the yolks of eggs, are useful in jaundice. beaten up with sugar, they are used to .clear and strengthen the voice. with sugar and "
sugar,1900,2,1396,1095,7.4812,True,"pitizz.""l currant fritters. three eggs, 3oz. flour, 4ozs. currants, 4 table. spoonfuls boiled rice, sugar to taste, a grate of nutmeg, pint of milk, a pinch of salt, frying fat. make the batter by mix"
sugar,1900,2,1396,1096,7.4816,True,"the plum and hat trick. place three hats, rims downwards on the table, and under each place a sugar plum (or a nut, almond, as the ease may be). take up the hats, gather the sugar ..lunis together, an"
sugar,1900,2,1396,1097,7.4824,True,"...h, put a layer of brown bread- crumbs, dusted with nutmeg, cinnamon, and pounded cloves, adding here and there pieces of butter; add a layer of brown sugar and a la"
sugar,1900,2,1396,1100,7.4862,True,"* * queen mab pudding.—three gnarters of i an ounce of gelatine. 1 pint of custard, plat of sherry, 2oss sugar, ilb. macaroon% 2m. ratafias. fill a mould with alternate layers of macaroons and ratafia"
sugar,1900,2,1396,1101,7.4865,True,"sugar icing, to make sugar icing for a twelfth cake mix of icing sugar with tbe whites of six eggs till the mixture ig thick and creamy. spread a thin laye..."
sugar,1900,2,1396,1102,7.4867,True,"...ing mil people often find their jams do not keep weti. they sometimes ferment or turn mouldy, either the fruit, the place they were stored in, or the sugar is blamed. the fault, however,"
sugar,1900,2,1396,1103,7.4891,True,genoese baskets. genoese baskets are also a pretty dish for the parts supper-table. to make them :—cream 4oz. of butter with 4oz. of castor sugar and the grated rind of a lemon. add three unbeaten egg
sugar,1900,2,1396,1106,7.4923,True,"n housekeeper's table. one quart of sifted fl—our is tlb., 1 pint of granu- lated sugar 11b., 2 cups of butter 11b., 1 quart butter 111)., 1 quart white sugar 11b. loz., 1 quart brown sugar 11b. zoz.,"
sugar,1900,2,1396,1107,7.4924,True,"frosted bread and butter_ pudding. prepare a cuetard with one pint of milk, 2 eggs, and sugar to taebe, cut 3 or 4 slices of bread into bqbatas and butter tlem, besprinkle a buttered pie dish with cle"
sugar,1900,2,1396,1108,7.4926,True,"cream baseets. take 2. eggs, their iv-eight in butter, castor sugar and flour, 1 teaspoonful of baking powder, 3 tablespoonfuls of raspberry jam, 1 eill of waiter, two ounces of diceectseted merle nut"
sugar,1900,2,1396,1109,7.4947,True,"[patzxl oatmeal bannocks. one breakfastcupful of flour, one teacupful of oatmeal, one large tablespoonful of sugar. ono small tablespoonful of lard, half teaspoonf,il of baking soda, one egg, and a li"
sugar,1900,2,1396,1110,7.497,True,"* chocolate ice creams are made as follows: beat up the whites of two egss to a stiff froth, add enough sugar and powdered chocolate to make into a stiff paste, and a few drops of essence of vanilla. "
sugar,1900,2,1396,1112,7.506,True,househoi ri adlioneawitthhotheshowllhintef and tenggegigs the white of an egg beaten with loaf sugar and awiatnllhsonmeroultiliftrdwl lehaiapterpelipserteritnbinlintahteamfortr a boil. lemon relieves 
sugar,1900,2,1396,1113,7.5124,True,"...nd a beautiful pieoe of plum-cake, the richest and sweetest that mortal could make: 'twas heavy with citron and fragrant with spice, knd covered with sugar all sp"
sugar,1900,2,1396,1114,7.5154,True,"replies. delicious ribbon cake.—quarter of a pnund of butter, ilb. sugar, three eggs, lb. flour, one tea- spoonful of cream of tartar (levol), 4 teaspoonful (level) of carbonate of soda, small teacupf"
sugar,1900,2,1396,1115,7.518,True,"hints to housewives. sugar, as a cleanser. try washing the hands with a little sugar added to the soap. this greatly increases the lather and uhomsing powers, and will remove d..."
sugar,1900,2,1396,1116,7.5189,True,"to nvatetpitzt)i/f coat in a bucket of soft water put ilh of sugar of lead and ;lb. of powdcued alum. stir at intervals until it becomes akar. thetu pour it off into another bucket, and put the garmen"
sugar,1900,2,1396,1118,7.5248,True,"...in march. i advise you to change neither for a time. when the weather, however, is positively warm, you will do better to limit the amount of fat and sugar or pastry you eat. but do "
sugar,1900,2,1396,1121,7.5325,True,"[prize.] soda cake. flour, ilb. butter, 2 fresh eggs, ilb. of candied peel, currants not quite quarter of a large cup, and half of castor sugar, 1 teaspoonful of baking powder, half a teaspoonful of c"
sugar,1900,2,1396,1122,7.5348,True,"household recipes strawberry trifle melt zos. of butter in an enantelleil pan. stir in gradually 20'. stub of sour k fine sugar: let it boil three or four nil, was, add the beaten yolks of two cgg. a,"
sugar,1900,2,1396,1126,7.5443,True,"inquiries. -- -- can any reader tell me how to make almond and sugar icing, and the quantity required for a pound cake?—"" constant reader."" wanted, a recipe for pickling bacon; also for seasoning pott"
sugar,1900,2,1396,1127,7.5465,True,to detect imitation honey. imitation honey is made by several pro- cesses. the commonest consists in boiling a thick syrup of sugar mixed- with a very small proportion of mineral acid. the sugar is th
sugar,1900,2,1396,1129,7.5478,True,"expt. lxiii.-to obtain acids from sugar. apparatus and chemicals required:—. nitric acid dilute, sugar, beaker evvporati;:g basin, spirit lamp, stand and hot water. place in the beaker a li..."
sugar,1900,2,1396,1131,7.5533,True,...by etzegual the rinds of six sweet and two sevil.g. oranges in a quart of boiling water fot about six hours. three pints of watei and a pound of loaf sugar should then be made
sugar,1900,2,1396,1134,7.5632,True,"gooseberry. janl. for this recine, which is a frcneh one, equal weights of fine ripe red gooseberries and loaf sugar will be required. top and tail the gooseberries with a sharp knife, and take ear 3 "
sugar,1900,2,1396,1135,7.5639,True,"everton toffee. the ingredients needed to make evertan toffee are one pound of loaf sugar, one teaorpfnl of water, a quarter of a pound of butter, six drops of essence of lemon. put the water and suga"
sugar,1900,2,1396,1138,7.5744,True,to detect imitation honey. imitation honey is made by several pro- cesses. the commonest consists in boiling a thick syrup of sugar mixed with a very small proportion of mineral acid. the sugar is thu
sugar,1900,2,1396,1141,7.584,True,...ake. this is a rich light cake baked in a flat tin and stuck all over the top with almonds. whisk to gether over boiling water half a pound of caster sugar and four whole eggs. wh
sugar,1900,2,1396,1143,7.5893,True,marmalade sepison. 1909. to those who make marmalade. best bitter oranges finest cane sugar bd. per doz. 2s• „ „ please note.----orange gutting machine lent for two days to all purchasers of fruit and
sugar,1900,2,1396,1144,7.5913,True,"tiousettold recipes castle puddings. the weight of two eggs in butter, sugar,' and flour, and loz. pawky flour. beat butter and sugar to a cream, add eggs, then flour mixed with the loz. paisley flour"
sugar,1900,2,1396,1145,7.593,True,"...are a cauule of recipes for cheese- cakes which may be new to some of you. almond cheesecakes are made with two ounces each of sweet almonds, ""castor sugar, and butter, half o"
sugar,1900,2,1396,1146,7.6066,True,"...e's still ally.. quite recently some mindere in hollinwood thought they would play a joke on one of their mates; so one morning they took his tea and sugar, and after abstracting the sugar they put i"
sugar,1900,2,1396,1147,7.6077,True,"... apple butter. take some cooking apples, peel and core them, then weigh. to every 6il pounds of apples allow nb. of fresh butter, and 4:111b. of loaf sugar. put the apples and sugar into a. pr"
sugar,1900,2,1396,1148,7.6093,True,"*** snow oake.-4lb. of butter, ib. of crasior sugar, lb. of potato flour, ill,. teaspoonful baking powder, a few drops essence of lemon, whites of two eggs and yolk of one. beat butter and sugar to a "
sugar,1900,2,1396,1150,7.6106,True,"household hints. ""castle puddings."" take two eggs, their weight in butter, castor sugar and flour, bent the butter and sugar to a cream, add the eggs, then the flour gradually, and a little flavouring"
sugar,1900,2,1396,1151,7.6121,True,"[praze.] vanilla cream. take four or six eggs, according to quan- tity required, a quart of new milk, a break- fast cup of loaf sugar, 2os. of gelatine, a tow drops of vanilla fiavour:ng; in an iron r"
sugar,1900,2,1396,1153,7.6142,True,"[plum] sugar pancakes. take of butter, flour, castor sugar, 2ozs. each, half a pint ,)f milk. 2 eggs, and anl preferred flavouring. beat together the butter and s..."
sugar,1900,2,1396,1154,7.6146,True,"-l.-o-- cookery pecipes. -- ries milk soup—take .3oz. carolina rice, six breakfastenp.ful skim milk, one teaspoon! at sugar, half teaspoonful salt. wash the rice well, rinsing in plenty of cold water:"
sugar,1900,2,1396,1156,7.6251,True,"[plum] almond buns. half a pound of ground sweet almonds, alb. of castor sugar, 3oz. of sifted flour, to eggs, 6 drops of rata.fia essence, loz. of butter. sift the sugar into a mixing basin. break th"
sugar,1900,2,1396,1157,7.6321,True,"[plum] coronation cake. a pou.nd and three-quarters of flour, loz. of baking powder, 1 pinch of salt, 3lbs. of sultanas, ilb. citron, lilbs. of sugar, 7 eggs, lib. kiel butter, ob. glace cherries, 1-p"
sugar,1900,2,1396,1158,7.6424,True,"rhubarb recipes. rift-barb prfservic. 41b. rhubarb out into one inch pieces, 11b. of figs chopped fine, 4lbs. lump sugar, 11b. lemon mel dapped fine; strew figs, lemon, and sugar over the rhubarb as a"
sugar,1900,2,1396,1159,7.6591,True,"stirling shortbread. required, one pound of flour, half a pound of butter, four ounces of castor sugar, and one egg. put the butter in a lair, basin, work with a wooden spoon or the hand till rather s"
sugar,1900,2,1396,1161,7.6627,True,"...rch. i advise you to change neither for j a time. when the weather, however, j is positively warm, you will do better 'tu limit the amount of fat and sugar or pastry you eat"
sugar,1900,2,1396,1163,7.6674,True,"[plum) devonshire junket. heat a quart of milk till it is lukewarm. meanwhile put half a teaspoonful of powdered eirmaincrn, and a tablespoonful of sugar into a cup, pour on a nr eglasaf ti 1 of brand"
sugar,1900,2,1396,1164,7.6716,True,"...902. boys and girls and all young people are cordially invited by ""daddy"" to join his circle and oontribute to its eolunms from time to time. as much sugar in "
sugar,1900,2,1396,1165,7.672,True,"round the kitchen fire, creamed -apples —4 apples, 20z. sugar, 6 tableapoonfuls of cream. little water. pa, and core tbn apples. and place them in a pan with the sugar and a little water. cook until i"
sugar,1900,2,1396,1166,7.6758,True,"mousehold recipes castle biscuits. one egg, its weight in flour, butter, and sugar. beat the butter .and sugar to a cream, add the flour, and egg. bake in small deep tins, turn out and when cool, scoo"
sugar,1900,2,1396,1170,7.6882,True,"birthday cake. eight flea. butter, tk;s. -e-srettn:-sugar, bor.s. lear, 4 cora, 4oze. gromid almonds, farm. eandied peel, 12,ss. sultanas, and curranta. put the butter and sugar in a basin and stir we"
sugar,1900,2,1396,1172,7.6921,True,"...ing mil people often find their jams do not keep weti. they sometimes ferment or turn mouldy, either the fruit, the place they were stored in, or the sugar is blamed. the fault, however,"
sugar,1900,2,1396,1173,7.694,True,"pickled damsuns. --- take four pounds of loaf sugar, one and a half pints of best vinegar, two dozen cloves, a little trace and cinnamon; boil all together till the sugar is dissolved, then pour the l"
sugar,1900,2,1396,1177,7.7024,True,"lemon marmalade: twelve lemons, 2 sweet oranges, sibs. of preserv- ing sugar, 5 quarts of water. cut the fruit in halves, saufe7e out the inice, reino.dng all pips, shred the remaining portion on a su"
sugar,1900,2,1396,1179,7.713,True,"cookery. lunch cake 4oz. cornflower, ion. brown and poison's paisley flour, 2oz. flour, 40z. sugar, 3oz. butter, 3oz. sultanas, 2oz. candied peel, 2 eggs, a little grated lemon rind, a pinch of salt. "
sugar,1900,2,1396,1180,7.7133,True,"ippazz-i rhubarb and orange jail one quart of finely-cut rhubarb, tdz oranges, 14.1 b. loaf sugar peel the oranges, remove as much of the white pith as possible, divide them, and take out the pips, sl"
sugar,1900,2,1396,1181,7.7153,True,rome if ints. to make meritigne stand up nicely. mp granu- lated sugar instead of the finer sifted quality. beat up the whites of eggs to a stiff froth rind add granulated sugar in the proportion of o
sugar,1900,2,1396,1182,7.7228,True,"the art of singdig. by sims reeves. all kinds of lozenges for the voice are to be avoided; some do harm, others have no effect, and none do good. sugar and water, or a little glyoerine, gleas relief w"
sugar,1900,2,1396,1183,7.7406,True,"inquiries. n success asks if anyone can tell her how to make ioe-cream at home, and how much sugar and eggs will be required for a gallon of milk. also the cost of ice? b. s."" would be glad to know ho"
sugar,1900,2,1396,1184,7.7409,True,"tl, ••• home=made sweets. in making sweets by the process which requires no cooking, confectioner's sugar is the kind to use. this is soft and as finely powdered lis flour, and one pint of confectione"
sugar,1900,2,1396,1187,7.7563,True,"gooseberries. gooseberry fool is another simple dish. green gooseberries, to every. pint of pulp add a pint of milk and sugar to taste, cut the tops and tails of the gooseberries. ptiti. them into a j"
sugar,1900,2,1396,1191,7.7763,True,made from fresh fruit and refined sugar only. fl b. 21h. 31b. plum and apple .. .• 61. hid. fig and rhubarb .. 61. sit fig and lemon .. strawberry .. .. 61. 101 d. rasp and gooseberry .. 51...
sugar,1900,2,1396,1192,7.7801,True,"...-keeper; you may ask for what you like. but if _you come to me and buy. i will oount your change quite right. you may ask for anything you like, some sugar or"
sugar,1900,2,1396,1193,7.7819,True,"-(*)-- the sugar is best boiled in a brass or copper pan, but an ordinary enamelled pan will du. a little cream of tartar (a very small half-saltspoonful to a pound o..."
sugar,1900,2,1396,1194,7.782,True,"r"" 11.10 ex pt. xxxi.-to make seerbert. chemicals —tartaric or citric acid (le 9d per lb. and 2s 4d per lb.), bicar- bonate of soda (6d per lb.), sugar, and essence of lemon. the following quan.titiee"
sugar,1900,2,1396,1195,7.784,True,"...y bim reeves. ""remedies for the throat. ""all kinds of lozenges for the veice are to be avoided somo do harm, others have no effect, and none do good. sugar and eater, or a little g"
sugar,1900,2,1396,1196,7.7894,True,"[plum] sugar pancakes. take of butter, flour, castor sugar, 2ozs. each, half a pint ,)f milk. 2 eggs, and anl preferred flavouring. beat together the butter and s..."
sugar,1900,2,1396,1197,7.7907,True,"...weekly gazette. sago pudding. —boil zozs. (xf top) ill a pint of milk till tender. when cold add five eggs, two naples biscuits, a tittle brandy, and sugar to taste. bnli i it in a basin, a"
sugar,1900,2,1396,1198,7.794,True,"[prize.] a sponge cake. take one cup of flour, one cup of sugar, two eggs, one teaspoonful of cream of tartar. beat the eggs and the sugar well together, and add the cream of tartar to the flour, and "
sugar,1900,2,1396,1199,7.7956,True,[prize.] waterproofing tweedcloth. put i.lco. sugar of lead and the same quantity of alum in powder into a bucket of hot soft water; stir at intervals for an hour. then pour off the clear liquor into 
sugar,1900,2,1396,1200,7.7965,True,"liptons finest butter best lump sugar best granulated sugar jam. 3-lb. jar raspberry and apple 3-ib. jar plum and apple jars extra, allowed for when returned."
sugar,1900,2,1396,1201,7.7972,True,"...ts into a dish containing a pint of cold water and let it steep for ten minutes. then pour off the liquid into a pan and boil for ten minutes, adding sugar and salt to taste. a little lump "
sugar,1900,2,1396,1202,7.8004,True,"...ral money prizes and other awards are given each week for hints—queries or replies—about household matters. %ben chopping mint for mint sauce, if the sugar be mixed wit"
sugar,1900,2,1396,1203,7.8052,True,"recipes worth keeping. christmas cake, of flour, marina. flb. of raised peel, zorn almonds, lllbs. of castor sugar, 1 tabbwpoiniful of baking powder, 2 table spoonfuls of mixed tpice, or a few drops o"
sugar,1900,2,1396,1204,7.8081,True,"...ding.—one pint of milk, lin. of stick cinnamon, eight sweet almonds blanched and shredded, the rind of one lemon' very thinly pared, a pinch of salt, sugar to taste, two eg"
sugar,1900,2,1396,1207,7.827,True,"...a confectioner i have pit this recipe into practice daily :-21bs. flour, loz. cream of tartar, oz. carbonate soda, 2oz. currants, 6oz. sultanas, 7oz. sugar, 6oz. la"
sugar,1900,2,1396,1209,7.8291,True,"useful recipes. • strawberry shortcake. take dm berries, clean and sugar them well. then take one quart of sifted flour, one teaspoon. ful of salt, quarter pound of butter. rub wilt.and butter well in"
sugar,1900,2,1396,1211,7.8477,True,to detect imitation honey. imitation honey is made by several pro- cesses. the commonest consists in boiling a thick syrup of sugar mixed with a very small proportion of mineral -acid. the sugar is th
sugar,1900,2,1396,1212,7.8486,True,"sugait as a disinfectant. professor trilbert, of the pagben,- institute, has demonstrated that burning sugar develops one of the most powerful antiseptic gases known. five grains of sugar (77.16 grain"
sugar,1900,2,1396,1213,7.8759,True,"...ream is a delicious beverage, as most of you know. it is made by boiling three pounds of loaf sugur, broken small, in three quarts of water. when the sugar is quite dissolved"
sugar,1900,2,1396,1216,7.9016,True,"...ding.—one pint of milk, lin. of stick cinnamon, eight sweet. almonds blanched and shredded, the rind of one lemon very thinly pared, a pinch of salt, sugar to taste, two eg"
sugar,1900,2,1396,1217,7.9061,True,rome if ints. to make meritigne stand up nicely. mp granu- lated sugar instead of the finer sifted quality. beat up the whites of eggs to a stiff froth rind add granulated sugar in the proportion of o
sugar,1900,2,1396,1218,7.9104,True,... a fruit loaf dark and rich-lookingi—mrs e. m. (south shields). to make mackintosh waterproof.—mix to- gether half an ounce each of powdered alum and sugar of lead
sugar,1900,2,1396,1219,7.9138,True,"[prize.] patriotic pudding. • four ounces of flour, two ounces sugar, i egg. quarter teaspoonful baking powder, one and a half ounces of butter, one tablespoonful milk, a little jam. cream the sugar a"
sugar,1900,2,1396,1220,7.9175,True,"[prize.] cinnamon cake. take three-quarters of a cup of butter, two cups of sugar three eggs (well beaten), one cup of milk, one teaspoonful of ground cinnamon, four cups sifted flour, with one and a "
sugar,1900,2,1396,1221,7.9236,True,_ eiow to match gallons botanico esiev in your home. mason's extract of herbs 0 0 sugar 0 0 yeast or harm 0 0 2d. per gallon.
sugar,1900,2,1396,1222,7.9268,True,"...wo ounces of bar sago. and swell in a pan on the are in half a pint of milk. pare, core, and slice two large apples, put them in the oven with little sugar and water, a"
sugar,1900,2,1396,1224,7.9354,True,"marrow jam. take a fairly ripe marrow, peel and take out all seeds; cut into squares, put it into a pan with a pound of loaf sugar to every pound of marrow, and one ounce of bruised ginger to every po"
sugar,1900,2,1396,1225,7.9387,True,"everton toffee. the ingredients needed to make evertan toffee are one pound of loaf sugar, one teaorpfnl of water, a quarter of a pound of butter, six drops of essence of lemon. put the water and suga"
sugar,1900,2,1396,1226,7.9438,True,"strawberry trifle. melt 2oz. of butter in an enamelled pan, with one pint of milk, stir in gradually 2oz. each of flour and fine sugar; let it boil three or four minutes, add the beaten yolks of two e"
sugar,1900,2,1396,1227,7.9464,True,"recipes cherry cakes.-305. ca.stor sugar, 3oz. butter, soz. flour, 2 eggs, doz. dried cherries, loz. angelica, loz. citron peel, teaspoonful baking-powder, a few drops of lemon flavouring. b..."
sugar,1900,2,1396,1229,7.9647,True,groceries cheaper than ever wallaces' note the following pi ices: moist sugar .. rid. per lb granulated sugar 2d. per lb. lump sugar 24d. per lb. pure butter... id. and per lb. new currants how 2 ljd.
sugar,1900,2,1396,1232,7.9744,True,"-(*)-- the sugar is best boiled in a brass or copper pan, but an ordinary enamelled pan will du. a little cream of tartar (a very small half-saltspoonful to a pound o..."
sugar,1900,2,1396,1233,7.9783,True,"...from the usual apple pud- ding is provided by the following recipe, choco- late being added to the apples:—stew half a, dozer' fair-sized apples with sugar"
sugar,1900,2,1396,1234,7.9854,True,"[pnizz.] sloe gin. put three pints of sloes into a gallon jar with half an onnee of chopped or powdered almonds, of loaf sugar, and pour in half a gallon of gin. shake tbe jar every three days for thr"
sugar,1900,2,1396,1235,7.9876,True,"sugar icing. a simple sugar icing is made by boiling to. gether for a few minutes a quarter of a pint of water with half a pound of icing cr r, using it wh..."
sugar,1900,2,1396,1238,7.9924,True,"plum jam. then there is plum jam,for which medium sized plums are best. wash and dry them. eigh, and allow a pound of sugar to a pound of fruit. do not stone them, as it spoils both flavour and appear"
sugar,1900,2,1396,1239,7.9998,True,"sugar and spice. old nursery rhyme tells that these ale the two things which little girls are .niade of. now although girls are not made of sugar, yet if t..."
sugar,1900,2,1396,1241,8.0039,True,"sugar icing. a simple sugar icing is made by boiling to. gether for a few minutes a quarter of a pint of water with half a pound of icing cr r, using it wh..."
sugar,1900,2,1396,1245,8.0309,True,"c 34, queen cak,s.—one lb. of flour, ill,. ot butter, ila of carean4 b. of powdered sugar, one teaoupful of cream, one teaspoon. fill of carbonate of soda, the rind of a lemon, or almonds to taste. wo"
sugar,1900,2,1396,1247,8.0422,True,"the magic hats. this pate is played by platting two hnts on s table, with the crowns upwards. thr performer 'then requests theta sugar-basin may be pro- &rad, from which a lump of sugar is taken. it i"
sugar,1900,2,1396,1251,8.0538,True,"household hints. marrow jam. skin and take out all the seeds of a marrow, cut into one-inch /twee; allow one pound of sugar, and one ounce of whole ginger, out very small, to each pound of marrow. put"
sugar,1900,2,1396,1252,8.056,True,"household hints. ginger wine. recipe: 5 drachms essence of ginger, 3 drachms capsicums, toa. hi tat sugar, 1 penny- worth essence of lemon, }es. tartaric acid. take the above recipe to any chemist wit"
sugar,1900,2,1396,1253,8.0565,True,"[purzz.] gooseberry fool. one quart of gooseberries, half-pound of mote* sugar, quarter of a pint of water. head and tail the berries, and put them with the sugar and water into a clean pan, and simme"
sugar,1900,2,1396,1254,8.0588,True,"[prlzz.] swiss roll. three eggs, atioas. castor sugar, 3oz. of four, one teaspoonful of baking powder, eaapfeerry jam. put the eggs and castor sugar into a basin, and beat to a stiff froth. sift the f"
sugar,1900,2,1396,1257,8.0843,True,"ippazz-i rhubarb and orange jail one quart of finely-cut rhubarb, tdz oranges, 14.1 b. loaf sugar peel the oranges, remove as much of the white pith as possible, divide them, and take out the pips, sl"
sugar,1900,2,1396,1259,8.0956,True,"fancy biscuits. almond biscuibt—to make almond biscuits, take lb. of almonds, blanched and ground; half a teacupful of wholemeal flour: and sugar to taste. bind all together with a well-beaten egg, mi"
sugar,1900,2,1396,1260,8.0989,True,"az \ii, 17 47 4\ northern weekly gazette. it with it prre-plater. (:arniai with lemon and sugar strew/c.d cirri-4- it. ""to mare curd fritters."" ""take a handful of curds. and a handful of flour, and th"
sugar,1900,2,1396,1261,8.1041,True,"...s american eake is made in layers, and is really a sweet, as it is best when eaten with a fork. for the crake mix half a nip of butter and one cup of sugar to "
sugar,1900,2,1396,1263,8.1138,True,"scientific magic fop, winter evemngs. by t. j. cozens (middleton-in- tee: 'q.) expt. xl.-to outain char,- coal from sugar. _ apparatus and chemicals required: —sugar, sulphuric acid (oil of vitriol), "
sugar,1900,2,1396,1264,8.1197,True,"...ral money prizes and other awards are given each week for hints—queries or replies—about household matters. %ben chopping mint for mint sauce, if the sugar be mixed wit"
sugar,1900,2,1396,1267,8.1315,True,"...ruit should prove a boon to the housewife. banana jelly served with custard is delightful. from four to six bananas, according to size, two ounces of sugar, and half an ounce"
sugar,1900,2,1396,1269,8.1571,True,"a decoration for sweets. the art of spinning sugar is one which has descended to us from the days of our great- grandmothers, who were adepts in it at a time when ideas for ""garnishing"" were of the sm"
sugar,1900,2,1396,1273,8.161,True,"a decoration for sweets. the art of spinning sugar is one which has descended to us from the days of our great- grandmothers, who were adepts in it at a time when ideas for ""garnishing"" were of the sm"
sugar,1900,2,1396,1275,8.1723,True,"[prizz.] strawberry jam. pick the stalks from the fruit, and to each pound of strawberries allow ebb. of loaf sugar. put the fruit in a preserving pan, and when it comes to the boil, pat in the sugar,"
sugar,1900,2,1396,1276,8.1753,True,"lemon p. the juice and grated rind of a large lemon, 2 cap, 2 tablespoontule, of flour, a cupful of sugar, a cupful of milk. put the sugar in with the yolks and beat, ,arld the flour and beat again, a"
sugar,1900,2,1396,1282,8.1944,True,"sugar icing. a simple sugar icing is made by boiling to. gether for a few minutes a quarter of a pint of water with half a pound of icing cr r, using it wh..."
sugar,1900,2,1396,1284,8.2025,True,"**lli how to revive a dying fire.—by put- ting a little crystallised sugar upon thr embers of a fire almost out, before putting on fresh coal, will muse it to burn up very speedily without the aid of "
sugar,1900,2,1396,1286,8.2206,True,"... • banana salad. slier tone banana, remove the rind and the white pith from two oranges, and cut them into thin ohmic ilia well together and xprinkle sugar over. sprinkle again thickly with mixed g"
sugar,1900,2,1396,1287,8.2325,True,"n housekeeper's table. one quart of sifted fl—our is tlb., 1 pint of granu- lated sugar 11b., 2 cups of butter 11b., 1 quart butter 111)., 1 quart white sugar 11b. loz., 1 quart brown sugar 11b. zoz.,"
sugar,1900,2,1396,1288,8.2361,True,sugar and starch. the snhject of the sugar in the body' is rattier an interesting one. it is not generally known that all the standt-that we take into oar ...
sugar,1900,2,1396,1292,8.2496,True,"to-day's recipe. strawberry meringue tarls.—first make a short crust, as follows: ingredients: 6oz. of flour, 3oz. of butter, loz. of castof sugar. i egg. a pinch of salt. put the flour through the si"
sugar,1900,2,1396,1294,8.2669,True,"household hints. christmas or fireside wassail bowl. ingredients.—macaroons, lib.; 6 penny sponge-cakes; powdered sugar, lox.; sherry or raisin wine; muscatel raisins, 20z.; two pints of custard. meth"
sugar,1900,2,1396,1295,8.2792,True,"—(e)— everton toffee is always a favourite. and when good, is really nutritious. boil a pound of the beet cane moist sugar in a gill and a half of water until it will harden if a little is dropped int"
sugar,1900,2,1396,1297,8.2877,True,"... tweed skirt can be suc- cessfully dyed black at home. if so, what is the best procedure? ""jennie"" asks for a recipe for making rhubarb jam; how much sugar to add an"
sugar,1900,2,1396,1300,8.3161,True,"pickled plums. to every quart of plums add i-pint of hest brown vinegar, 2oss. whole ginger bruised, 21bs. loaf sugar, ioz. cloves, and a little mace. put all in a )ar with the sugar on the top, and s"
sugar,1900,2,1396,1302,8.345,True,"x x x straw lierry cream .—a most deliciou4 and re- freshing -sweet is made by whipping a gill of cream, sweetening with castor sugar, and add- ing a pint of strawberries which have been stalked, brui"
sugar,1900,2,1396,1303,8.3465,True,"therefore protect yourselves and buy llandaff home=cured bacon & hams, guaranteed to be cured with salt and sugar only: home-cured balon is cheap now. welsh bacon curidg co., liandaff. iiiiiili.:iitli"
sugar,1900,2,1396,1305,8.3551,True,"victoria plum jam. to every pound of plums allow ilb. of lost sugar. in making this jam the quantity of sugar for each 11b. of fruit inust be regulated by the quality and size of fruit, because some p"
sugar,1900,2,1396,1306,8.3567,True,"tl, ••• home=made sweets. in making sweets by the process which requires no cooking, confectioner's sugar is the kind to use. this is soft and as finely powdered lis flour, and one pint of confectione"
sugar,1900,2,1396,1307,8.3649,True,"pickled plums. to every quart of plums add i-pint of hest brown vinegar, 2oss. whole ginger bruised, 21bs. loaf sugar, ioz. cloves, and a little mace. put all in a )ar with the sugar on the top, and s"
sugar,1900,2,1396,1308,8.3735,True,"...dingeyou young housewife, will rquirs thine quarters of bocrnx a pound of grated bread, half a pcund of figs, six ounces of suet, six ounces of moist sugar, a toac"
sugar,1900,2,1396,1309,8.3747,True,"...oanut-rice moulds.—half an ounce of gelatine. three ounces of rice, two ounces of grated cocoanut, one and a-quarter pint of milk, two ounces of loaf sugar, one gill of cream. put."
sugar,1900,2,1396,1310,8.3797,True,"—:o: to each pound of fruit allow one pound of sugar (loaf) and half-pint of water. place the water and sugar in a preserving pan, and boil to a thin syrup. prick the plums, cover with the syrup, and "
sugar,1900,2,1396,1312,8.3815,True,"[pnizz.] sloe gin. put three pints of sloes into a gallon jar with half an onnee of chopped or powdered almonds, of loaf sugar, and pour in half a gallon of gin. shake tbe jar every three days for thr"
sugar,1900,2,1396,1317,8.4171,True,"rules for the boduotion of flesh. avoid all starchy and sweetened food, all cereals, vegetables containing sugar or starch, such as peas, beans, corn, potatoes, etc. have your bread toasted —sprinkle "
sugar,1900,2,1396,1320,8.4405,True,"delicious dates. make a stiff paste of edmonds, castor sugar. and the white of ao egg. remove the atom* from the dates. and till these with the mixture. dip each date separately into a syrup winds of "
sugar,1900,2,1396,1321,8.4502,True,...re asid core s-x nice apples and place them whole in a saucepan with a piece of butter the a:ae of an egg and a pint of water; put a tea- spoonful of sugar in each of the hole
sugar,1900,2,1396,1322,8.4507,True,"swiss loll. six ounces of butter, 60z6. sugar, 6ozs. flour, eggs, jam, and juice of lemon, half teaspoonful of baking powder. beat the butter and sugar to a cream, then add the flour, eggs, and b..."
sugar,1900,2,1396,1323,8.4528,True,"friends in council. i think you will find thin a housewite,"" good recipe for common manchester. buns. three pounds of flour, half pound sugar, quarter pound butter, one ounce german yeast, one and a h"
sugar,1900,2,1396,1327,8.527,True,"a useful hint. to make cracked crockery last, put two or throe pieces of sugar into the cracked vessel with one-third of a tumblerful of water; then place it on a very brisk fire. spread the syrupy li"
sugar,1900,2,1396,1331,8.5722,True,"therefore protect yourstives and buy llandaff home=cured bacon & hams, guaranteed to be cured with salt and sugar only. home-cured bacoi' is cheap now. welsh bacon curing co., llandaff aiflitiiiiiiii "
sugar,1900,2,1396,1332,8.5798,True,"almond paste dates. make a st7ff paste of equal parts of ground almonds and castor sugar, and the white of an 2gg. after removing the stones, well fill the dates with the mixture. then dip each one se"
sugar,1900,2,1396,1334,8.5889,True,"* * * apple compote. —make a sugar syrup by boding two cupfuls of sugar with (4u cupful of water for five. minutes alter it has come to boiling point. have ready some apples, pa.red an..."
sugar,1900,2,1396,1338,8.616,True,"[prize.] cheap christmas case. one pound of flour, lb. butter, ilb. small raisins, ilb. currants, lb. sugar, ilb. mixed peel, 2 or 3 eggs, teaspoonful or more of baking powder, one grated nutmeg, pinc"
sugar,1900,2,1396,1339,8.6453,True,"...oanut-rice moulds.—haif an ounce of gelatine, three ounces of rice, two ounces of grated cocoanut, one and a-quarter pint of milk, two ounces of loaf sugar, one gill of cream. put "
sugar,1900,2,1396,1340,8.6624,True,"therefore protect yourselves and buy llandaff home=cured bacon & hams, guaranteed to be cured with salt and sugar only: home-cuiredbauonis cheap now. welsh bacon curing co., llandaff. :+:"
sugar,1900,2,1396,1341,8.6906,True,"...aniit-rice moulds.—haif an ounce of gelatine, three ounces of rice, two ounces of grated cocoanut, one and a-quarter pint of milk, two ounces of loaf sugar, one gill of cream. put"
sugar,1900,2,1396,1343,8.6997,True,"williams' patti cowl. therefore protect yoursclvei and buy liandaff home=cured bacon & guaranteed t 9 be cure"" with salt and sugar oidy: home-cured bauon is cheap now. welsh bacon cur lif co llandaff."
sugar,1900,2,1396,1349,8.7484,True,"gifts to the inmates. the master reported that mrs. greenwood, in honour of her daughter's wedding sent a parcel of tea and sugar and a tea cake to each woman and toys and sweets for the children. mrs"
sugar,1900,2,1396,1352,8.7775,True,"---- c * 1- cocoa custard. one pint of milk, 2 ego, 1 tablespoonful of sugar, 2 teaspoonfuls of cocoa. mix sugar and cocoa, beat egga and milk, then add sugar and cocoa, let all come to almost a boil,"
sugar,1900,2,1396,1359,8.8694,True,"simple home-made liqueurs. carraway liqueur.—boil in half a pint of water half a pound of loaf sugar. while still hot, put into this one ounce of carraway seeds and one quart of brandy. cork the lique"
sugar,1900,2,1396,1360,8.9064,True,"...g the pant few days a dozen widows in the village have each received a quarter of a ton of coal, three stone of flour, a pound of tea, and a pound of sugar from mrs."
sugar,1900,2,1396,1363,8.9589,True,"sponge cake. take four eggs, their weight in sugar, the weight of two eggs in flour. beat the yolks of eggs and sugar to a cream, whip the whites to a stiff froth, and add alternately with flour to cr"
sugar,1900,2,1396,1364,8.9626,True,"tennis cake. cream together four ounces each of butter and sugar and two eggs, add five ounces of flour and a tablespoonful of coffee extract.. icing for cake: cream four ounces butter, add eight ounc"
sugar,1900,2,1396,1365,8.9652,True,"...in, 8; cheimisfomi-€t., darlington. mint sauce. to ensure always having mint sauoe the mint / should be cut when young and bottled in vinegar, but no sugar should be put in, as in time sugat tur"
sugar,1900,2,1396,1366,8.9666,True,"facts abut 110710 f. starch and sugar, when eattin, undergo a digestive change before they are assimilated. in honey, this change hasbeen made toaccuisiderableestent by the bees. it is pa..."
sugar,1900,2,1396,1367,8.9686,True,"health mid hone. by w. gordon stables, m.d., ric tender and not over-much cooked. vegetables should be well boiled, and pud- dings and sugar avoided. the bowels need seeing to. and if the liver is in "
sugar,1900,2,1396,1370,9.0348,True,to detect imitation honey. imitation honey is made by several pro- cesses. the commonest consists in boiling a thick syrup of sugar mixed with a very small proportion of mineral acid. the sugar is thu
sugar,1900,2,1396,1372,9.0497,True,to detect imitation honey. imitation honey is made by several pro- cesses. the commonest consists in boiling a thick syrup of sugar mixed- with a very small proportion of mineral acid. the sugar is th
sugar,1900,2,1396,1373,9.0708,True,"gooseberry jelly. to every quart of berries allow one pint of water, to every pint of juice allow 11b. of sugar. stew the gooseberries in the above proportion of water till the fruit is quite broken, "
sugar,1900,2,1396,1374,9.0743,True,"...u tartlers. line some patty tins thinly-w.:a-pastry- and put in oaoli a little raapherry jam. neait take one egg and its weight in flour, hotter, and sugar. cream the butter and sugar together. th"
sugar,1900,2,1396,1375,9.1048,True,"... best possible food for colts, but it is occasionally necessary to raise them by hand, ald in that case warm cow's milk, with a tablespoonful of milk sugar a"
sugar,1900,2,1396,1376,9.117,True,"gooseberry jelly. to every quart of berries allow one pint of water, to every pint of juice allow 11b. of sugar. stew the gooseberries in the above proportion of water till the fruit is quite broken, "
sugar,1900,2,1396,1377,9.1248,True,to detect imitation honey. imitation honey is made by several pro- cesses. the commonest consists in boiling a thick syrup of sugar mixed with a very small proportion of mineral -acid. the sugar is th
sugar,1900,2,1396,1378,9.1317,True,"replies. to remove freckles from the face.--take 2 drachms of borax, 1 drachm of roman alum, 1 drachm of camphor, oz. of sugar candy, i.lb. of oxgall; mix and stir well for ten minutes, and stir in th"
sugar,1900,2,1396,1379,9.1325,True,"to maxie maraschino. a quart of gin will be required, with the rincla of five seville oranges pared as tbin as parable, llb, at loaf sugar, or it sugar candy be preferred use a little wader the pound."
sugar,1900,2,1396,1380,9.1642,True,"angel puddings. two ounces of flour, two ounces of powdered sugar. two ousic...s of butter melted in half a pint of new milk, and two eggs (which must be well beaten before they are added to the other"
sugar,1900,2,1396,1382,9.2524,True,"---- c * 1- cocoa custard. one pint of milk, 2 ego, 1 tablespoonful of sugar, 2 teaspoonfuls of cocoa. mix sugar and cocoa, beat egga and milk, then add sugar and cocoa, let all come to almost a boil,"
sugar,1900,2,1396,1384,9.3057,True,"lemon cake. the weight of two eggs in flour, butter, and sugar. the rind of 1 lemon and half the juice, and one teaspoonful of baking powder. beat the butter and sugar to a cream, add eggs, well beate"
sugar,1900,2,1396,1385,9.3267,True,"an excellent_ tonic. to one pint of port wine add i,a. of is'nelsee. loss. of sugar candy, and iris. if gum sr:o)k, a very littlo grated nutmeg, with lemon pe,l, and three cloves. set this over the li"
sugar,1900,2,1396,1387,9.4688,True,"strawberry trifle. melt 2oz. of butter in an enamelled pan, with one pint of milk, stir in gradually 2oz. each of flour and fine sugar; let it boil three or four minutes, add the beaten yolks of two e"
sugar,1900,2,1396,1388,9.5289,True,"household hints. viken cooking turnips, add a little sugar the water in which they are boiled. salt will relieve the pain caused by the stings or bites of insects if damped with water, applied to the "
sugar,1900,2,1396,1389,9.7221,True,to detect imitation honey. imitation honey is made by several pro- cesses. the commonest consists in boiling a thick syrup of sugar mixed with a very small proportion of mineral acid. the sugar is thu
sugar,1900,2,1396,1390,9.8912,True,"-()- potato cheesecakes.—the weight of two eggs in potatoes. the weight of one in butter, sugar, aid currants, a lemon peel reit fine, and if lektxl a little rum. best the butter and sugar together, t"
sugar,1900,2,1396,1392,10.0315,True,to detect imitation honey. imitation honey is made by several pro- cesses. the commonest consists in boiling a thick syrup of sugar mixed with a very small proportion of mineral -acid. the sugar is th
sugar,1900,2,1396,1393,10.077,True,to detect imitation honey. imitation honey is made by several pro- cesses. the commonest consists in boiling a thick syrup of sugar mixed- with a very small proportion of mineral acid. the sugar is th
sugar,1900,2,1396,1394,10.3845,True,"tennis cake. cream together four ounces each of butter and sugar and two eggs, add five ounces of flour and a tablespoonful of coffee extract.. icing for cake: cream four ounces butter, add eight ounc"
sugar,1900,2,1396,1395,10.8796,True,"...st with ilb. of mint% and bow. of suit+. line a buttered wein with it. wash the rhubarb, rut it ink, small pincer., fill the basiii with it, put some sugar it."
sugar,1900,2,1396,1396,11.4225,True,"... with ill). of flour, and boas. of suet, line a buttered barin with it. wash the rhubarb, cut it into stnall pieces, fill the basia with it, put some sugar "
sugar,1900,3,1054,1,4.6933,True,ripon agricultural association and beet sugar. the 42nd monthly circular of the ripon agricultural association just issued contains the following :—the meeting to hear nit %% bite's paper last mo...
sugar,1900,3,1054,3,4.8569,True,lecture on sugars. at the fourth meeting of the session in connection with the literary and philosophical society. mr. j. allan (messrs. j. crosfield and sons) lectur...
sugar,1900,3,1054,5,4.9279,True,"the effect of the sugar 0.-anvention. sir,—ln previous correspondence on this subject i gotjthe impression from the style of the arguments used that those who supported this..."
sugar,1900,3,1054,6,4.931,True,"the price of sugar, commerce will only flourish when it is let alone and when no external considerationsaare allowed tt• impede the free sale and exchange of commoditie..."
sugar,1900,3,1054,7,4.9504,True,lecture on sugars. at the fourth meeting of the session in connection with the literary and philosophical society. mr. j. allan (messrs. j. crosfield and sons) lectur...
sugar,1900,3,1054,8,4.9606,True,"sugar beet growing. government and the jonvention. the earl of denbigh, in the house of l irds on monday, asked the government whether, in view of their ex..."
sugar,1900,3,1054,9,4.9657,True,the price of sugar. commerce will only tlourisn wneu it is let alone and when no external considerations are allowed to impede the free sale and exchange of commodities...
sugar,1900,3,1054,10,4.9869,True,"the price of sugar, commerce will only flourish when it is let alone and when no external considerationsaare allowed tt• impede the free sale and exchange of commoditie..."
sugar,1900,3,1054,11,4.9951,True,ripon agricultural association and beet sugar. the 42nd monthly circular of the ripon agricultural association just issued contains the following :—the meeting to hear nit %% bite's paper last mo...
sugar,1900,3,1054,12,5.0021,True,"the price of sugar, commerce will only flourish when it is let alone and when no external considerationsaare allowed tt• impede the free sale and exchange of commoditie..."
sugar,1900,3,1054,13,5.0126,True,the price of sugar. coramerc3 will oily flourish wnen it is let alone and when no external considerations are allowed to impede the free sale and exchange of commoditie...
sugar,1900,3,1054,14,5.0344,True,"the effect of the sugar 0.-anvention. sir,—ln previous correspondence on this subject i gotjthe impression from the style of the arguments used that those who supported this..."
sugar,1900,3,1054,15,5.0532,True,"...orrespondence. [letters intended for insertion in the ""standard"" must in every instance be accom- panied by the real name and address of the sender.] sugar and wheat prices. questions for air. helaie"
sugar,1900,3,1054,16,5.0577,True,the price of sugar. coramerc3 will oily flourish wnen it is let alone and when no external considerations are allowed to impede the free sale and exchange of commoditie...
sugar,1900,3,1054,17,5.062,True,"...r-expanding wants meanwhile, the english politician has been wisely engaged in doing— nothing. he has observed with plea- sure the decreasing cost of sugar, be- cause he knows that the cheaper su"
sugar,1900,3,1054,19,5.0764,True,"sugar eaul cailclren's teeth. the belief that sugar ruins the teeth of chiklron is utterly groundless. indeed, how the idea ever came into existence is a m..."
sugar,1900,3,1054,20,5.0838,True,"...r-expanding wants meanwhile, the english politician has been wisely engaged in doing— nothing. he has observed with plea- sure the decreasing cost of sugar, be- cause he knows that the cheaper su"
sugar,1900,3,1054,22,5.0971,True,"what about sugar? the price of cigar is now 8n sd. per cwt. in 1900, th,s average price was 10s. 3d. per cwt.; the lowest price was. 9, per cwt. yet a radical elec- t..."
sugar,1900,3,1054,23,5.0978,True,the price of sugar. commerce will only tlourisn wneu it is let alone and when no external considerations are allowed to impede the free sale and exchange of commodities...
sugar,1900,3,1054,24,5.1027,True,"...r-expanding wants meanwhile, the english politician has been wisely engaged in doing— nothing. he has observed with plea- sure the decreasing cost of sugar, be- cause he knows that the cheaper su"
sugar,1900,3,1054,26,5.1129,True,the price of sugar. commerce will only tlourisn wneu it is let alone and when no external considerations are allowed to impede the free sale and exchange of commodities...
sugar,1900,3,1054,27,5.1206,True,"...orrespondence. [letters intended for insertion in the ""standard"" must in every instance be accom- panied by the real name and address of the sender.] sugar and wheat prices. questions for air. helaie"
sugar,1900,3,1054,28,5.1239,True,"the sugar convention. mr. edwyn holt, who received an ova- tion, spoke at length on all the present questions of vital importance. whilst the present governmen..."
sugar,1900,3,1054,29,5.1353,True,"folly of interference than was afforded by the present condition of the sugar industry. (hear, hear.) the more that question was ventilated in every possible detail and the more satisfied the people o"
sugar,1900,3,1054,30,5.1411,True,"...orrespondence. [letters intended for insertion in the ""standard"" must in every instance be accom- panied by the real name and address of the sender.] sugar and wheat prices. questions for air. helaie"
sugar,1900,3,1054,31,5.145,True,"...orrespondence. [letters intended for insertion in the ""standard"" must in every instance be accom- panied by the real name and address of the sender.] sugar and wheat prices. questions for air. helaie"
sugar,1900,3,1054,32,5.1453,True,"the sugar duty. in the february number of ""the manchester chamber cf commerce monthly record"" the fol• lowing appears manchester chamber of commerce, 19th febr..."
sugar,1900,3,1054,33,5.1467,True,"sugar eaul cailclren's teeth. the belief that sugar ruins the teeth of chiklron is utterly groundless. indeed, how the idea ever came into existence is a m..."
sugar,1900,3,1054,34,5.154,True,"what about sugar? the price of cigar is now 8n sd. per cwt. in 1900, th,s average price was 10s. 3d. per cwt.; the lowest price was. 9, per cwt. yet a radical elec- t..."
sugar,1900,3,1054,36,5.1576,True,"folly of interference ;than was afforded by the present condition of the sugar i industry. (hear, hear.) the more that question was i ventilated in every possible detail and the more satisfied the peo"
sugar,1900,3,1054,37,5.1633,True,"good templary. cotton versus sugar growing. mr. george hughes, a well known west indian chemist has introduced a process by means of which the pith of the sugar cane is converted into ..."
sugar,1900,3,1054,38,5.1644,True,"working people and the tax on sugar. a conference of delegates from co-operative societies in lancashire and yorkshire was held on saturday at manchester, to consider the sugar conventi..."
sugar,1900,3,1054,39,5.1737,True,"the sugar convention. mr. edwyn holt, who received an ova- tion, spoke at length on all the present questions of vital importance. whilst the present governmen..."
sugar,1900,3,1054,41,5.1817,True,"sugar eaul cailclren's teeth. the belief that sugar ruins the teeth of chiklron is utterly groundless. indeed, how the idea ever came into existence is a m..."
sugar,1900,3,1054,42,5.1827,True,"folly of interference than was afforded by the present condition of the sugar industry. (hear, hear.) the more that question was ventilated in every possible detail and the more satisfied the people o"
sugar,1900,3,1054,43,5.1838,True,"the sugar convention. mr. edwyn holt, who received an ova- tion, spoke at length on all the present questions of vital importance. whilst the present governmen..."
sugar,1900,3,1054,44,5.1917,True,"what about sugar? the price of cigar is now 8n sd. per cwt. in 1900, th,s average price was 10s. 3d. per cwt.; the lowest price was. 9, per cwt. yet a radical elec- t..."
sugar,1900,3,1054,45,5.1933,True,"the sugar convention. mr. edwyn holt, who received an ova- tion, spoke at length on all the present questions of vital importance. whilst the present governmen..."
sugar,1900,3,1054,46,5.2076,True,"the technical institute science students' association. on saturday a lecture on sugar refining was delivered before the association by mr. s. hardcastle, late of fairries ltd.. liverpool. mr. p.fisher"
sugar,1900,3,1054,47,5.2079,True,taxation of sugar. mr chamberlain's view of the present crisis. sugar firm's repo'. mr chamberlain has written the follow- ing leiter m reply to messrs jaiie and sharp...
sugar,1900,3,1054,48,5.209,True,...ls organizing. joint meeting of whithross & st. austin's ward committees. interesting speeches. had to pay from s2d. to i.ld. per lb. more to-day for sugar than she paid a short time ago. the su
sugar,1900,3,1054,49,5.2197,True,the price of sugar. coramerc3 will oily flourish wnen it is let alone and when no external considerations are allowed to impede the free sale and exchange of commoditie...
sugar,1900,3,1054,52,5.2245,True,"...r-expanding wants meanwhile, the english politician has been wisely engaged in doing— nothing. he has observed with plea- sure the decreasing cost of sugar, be- cause he knows that the cheaper su"
sugar,1900,3,1054,53,5.2304,True,"the cost of the sugar convention. sir,—your correspondent mt. j. gandy referring to sugar states that although the bounties are abolished sugar is again wonderfully cheap...."
sugar,1900,3,1054,54,5.2384,True,"the cost of the sugar convention. sir,—your correspondent mt. j. gandy referring to sugar states that although the bounties are abolished sugar is again wonderfully cheap...."
sugar,1900,3,1054,55,5.2471,True,"working people and the tax on sugar. a conference of delegates from co-operative societies in lancashire and yorkshire was held on saturday at manchester, to consider the sugar conventi..."
sugar,1900,3,1054,56,5.2472,True,"...he brussels convention. the brussels convention, which came into emu- sties in 1903, abolished state bounties on the cul- tivation and manufacture of sugar in germany, austria, france, belgium, and o"
sugar,1900,3,1054,58,5.2566,True,the price of sugar. a _ • commerce will only flourish when it is let alone and when no external considerations are allowed to impede the free sale and exchange of commo...
sugar,1900,3,1054,59,5.2597,True,"lournal. saturday, april 22nd, 1905 why is micah dear! sugar is an artic3e of daily consump- tion in every house in the united king. elom, and any increase in the price of a daily sweetener"" is one th"
sugar,1900,3,1054,60,5.2606,True,...ls organizing. joint meeting of whithross & st. austin's ward committees. interesting speeches. had to pay from s2d. to i.ld. per lb. more to-day for sugar than she paid a short time ago. the su
sugar,1900,3,1054,61,5.261,True,"lournal. saturday, april 22nd, 1905 why is micah dear! sugar is an artic3e of daily consump- tion in every house in the united king. elom, and any increase in the price of a daily sweetener"" is one th"
sugar,1900,3,1054,62,5.2638,True,...ls organizing. joint meeting of whithross & st. austin's ward committees. interesting speeches. had to pay from s2d. to i.ld. per lb. more to-day for sugar than she paid a short time ago. the su
sugar,1900,3,1054,63,5.2803,True,"political practice there is usually a great gulf the termination of sugar bounties and conference of the st 4, the exchequer. bounties question, whit has been sitting in brussels intermittently ft som"
sugar,1900,3,1054,64,5.2853,True,votes. those eight millions. one of the; most impudent assertions of the cobdenite press is that the sugar convention boa coot this country xemoomoo in to sugar hill. they arrive at this mendacions st
sugar,1900,3,1054,66,5.2874,True,"...,' klink,""tenasitine:--cements for broken and other articles.—advt. the technical institute science students' association. i on saturday a lecture on sugar refining was delivered before the"
sugar,1900,3,1054,67,5.2954,True,the price of sugar. a _ • commerce will only flourish when it is let alone and when no external considerations are allowed to impede the free sale and exchange of commo...
sugar,1900,3,1054,68,5.3021,True,votes. those eight millions. one of the; most impudent assertions of the cobdenite press is that the sugar convention boa coot this country xemoomoo in to sugar hill. they arrive at this mendacions st
sugar,1900,3,1054,69,5.3058,True,the price of sugar. a _ • commerce will only flourish when it is let alone and when no external considerations are allowed to impede the free sale and exchange of commo...
sugar,1900,3,1054,70,5.3064,True,the examiner. august ist 1903. there is one thing the government that cannot be and dear sugar. denied to mr. ba lfour's adminis- tration. it has deserved and will obtain a unique place in history as 
sugar,1900,3,1054,71,5.3089,True,"jantary 2e, nem the world's record sugar plantation intains 13,000 acres. has 30 miles of rail- y, and employs 1,:-,00 people. the mann- kanre of sugar and salt is (tarried on by aid of 2,40..."
sugar,1900,3,1054,72,5.3107,True,"old and new duties on sugau. twenty-seven years have elapsed since sugar was relieved of all tribute to the xeventte of tha united kinstdoin,.and in tha iffierval the consumption of sugar has enormous"
sugar,1900,3,1054,73,5.3138,True,"the cost of the sugar convention. sir,—your correspondent mt. j. gandy referring to sugar states that although the bounties are abolished sugar is again wonderfully cheap...."
sugar,1900,3,1054,74,5.3146,True,"folly of interference ;than was afforded by the present condition of the sugar i industry. (hear, hear.) the more that question was i ventilated in every possible detail and the more satisfied the peo"
sugar,1900,3,1054,75,5.3161,True,"...,' klink,""tenasitine:--cements for broken and other articles.—advt. the technical institute science students' association. i on saturday a lecture on sugar refining was delivered before the"
sugar,1900,3,1054,76,5.3178,True,"the price of sugar. sir,—certain statemeets have appeared in the liver- pool daily papers during the past week which have led to a good deal of misapprehension as to th..."
sugar,1900,3,1054,77,5.3185,True,"sugar beet experiments. important results shown. the extensive experiments in the growth of sugar-beets, which are this year being carried out in all parts..."
sugar,1900,3,1054,78,5.3223,True,the sugar industry the condition of the sugar trade—both present and prospective—has lately been attracting con- siderable attention. the proposal of the gover...
sugar,1900,3,1054,79,5.324,True,"a tax on sugar. the belief that ""a tax on sugar would turn out the government ""—the words are those of a well-known politician—is pretty general in mincing-lane, wh..."
sugar,1900,3,1054,80,5.3246,True,"...d their supporters had said that another result would be to increase employment. the opposition, on the contrary, said it would increase the price of sugar, an"
sugar,1900,3,1054,83,5.3313,True,"the technical institute science students' association. on saturday a lecture on sugar refining was delivered before the association by mr. s. hardcastle, late of fairries ltd.. liverpool. mr. p.fisher"
sugar,1900,3,1054,84,5.3324,True,"...,' klink,""tenasitine:--cements for broken and other articles.—advt. the technical institute science students' association. i on saturday a lecture on sugar refining was delivered before the"
sugar,1900,3,1054,85,5.3329,True,"...he brussels convention. the brussels convention, which came into emu- sties in 1903, abolished state bounties on the cul- tivation and manufacture of sugar in germany, austria, france, belgium, and o"
sugar,1900,3,1054,86,5.3364,True,"value of sugar. times go by turns, and chancels change by couxoe, front foul to fair, from bettor hap to worse. thus writes an ancient poet, and a great philosopher..."
sugar,1900,3,1054,87,5.3383,True,"mr. asquith and home grown sugar ""radical cant and ii referring to the manner in which mr. asquth has pat upon tho project for cultivating beet in this country and establishing a sug..."
sugar,1900,3,1054,88,5.341,True,a new industry. profitable english sugar farms a splendid possibility. with the abolition of sugar bounties it will be possible for the first time to grow sugar in eng- land at a profit. thi...
sugar,1900,3,1054,92,5.3479,True,the examiner. august ist 1903. there is one thing the government that cannot be and dear sugar. denied to mr. ba lfour's adminis- tration. it has deserved and will obtain a unique place in history as 
sugar,1900,3,1054,93,5.3511,True,"the sugar convention. mr. fearnelev said he had seen a couple of letters which appeared to be in reply to some remarks made by mr. pierpoint, m.p., to the effe..."
sugar,1900,3,1054,94,5.3525,True,"cotton versus sugar growing. mr. george hughes, a well known west indian chemist has introduced a process by means of which the pith of the sugar cane is converted into ..."
sugar,1900,3,1054,95,5.3535,True,"the cost of the sugar convention. sir,—ymir correspondent mr. j. gandy referring to sugar states that although the bounties are abolished sugar is again wonderfully cheap...."
sugar,1900,3,1054,97,5.3575,True,"the price at sugar. sir,—certain statements have appeared in the liver- pool daily papers during the past week which have led to a good deal of misapprehension as to th..."
sugar,1900,3,1054,100,5.3599,True,"the technical institute science students' association. on saturday a lecture on sugar refining was delivered before the association by mr. s. hardcastle, late of fairries ltd.. liverpool. mr. p.fisher"
sugar,1900,3,1054,102,5.3771,True,a new industry. profitable english sugar farms a splendid possibility. with the abolition of sugar bounties it will be possible for the first time to grow sugar in eng- land at a profit. thi...
sugar,1900,3,1054,103,5.3778,True,"...d stamps. loose or in collection.bought at no. 3. carliugford-at, off upper parliament-st, liverpool. no common stamps wanted, the termination of the sugar b"
sugar,1900,3,1054,104,5.3806,True,"the cost of the sugar convention. sir,—your correspondent 1117. j. gandy referring to sugar states that although the bounties are abolished sugar is again wonderfully chea..."
sugar,1900,3,1054,107,5.3968,True,"jantary 2e, nem the world's record sugar plantation intains 13,000 acres. has 30 miles of rail- y, and employs 1,:-,00 people. the mann- kanre of sugar and salt is (tarried on by aid of 2,40..."
sugar,1900,3,1054,108,5.3973,True,"cotton versus sugar growing. mr. george hughes, a well known west indian chemist has introduced a process by means of which the pith of the sugar cane is converted into ..."
sugar,1900,3,1054,109,5.3999,True,"jantary 2e, nem the world's record sugar plantation intains 13,000 acres. has 30 miles of rail- y, and employs 1,:-,00 people. the mann- kanre of sugar and salt is (tarried on by aid of 2,40..."
sugar,1900,3,1054,111,5.4087,True,sugar. having no tampered with the economic ar- rangements of sugar as to raise its prier by .c 2 per ton. and having just been informed by the other side ...
sugar,1900,3,1054,112,5.4104,True,"the price of sugar. sir,--certain statements have appeared in the liver- pool daily papers during the past week which have led to a vod deal of misapprehension as to th..."
sugar,1900,3,1054,113,5.4128,True,"value of sugar. times go by turns, and chancels change by couxoe, front foul to fair, from bettor hap to worse. thus writes an ancient poet, and a great philosopher..."
sugar,1900,3,1054,114,5.4224,True,"...d their supporters had said that another result would be to increase employment. the opposition, on the contrary, said it would increase the price of sugar, an"
sugar,1900,3,1054,115,5.4241,True,"folly of interference than was afforded by the present condition of the sugar industry. (hear, hear.) the more that question was ventilated in every possible detail and the more satisfied the people o"
sugar,1900,3,1054,117,5.4287,True,"...,' klink,""tenasitine:--cements for broken and other articles.—advt. the technical institute science students' association. i on saturday a lecture on sugar refining was delivered before the"
sugar,1900,3,1054,118,5.4368,True,rumoured sugar duties. in a communication issued on tuesday the west india committee state: the belief is gaining ground that in his forthcoming budget the chancell...
sugar,1900,3,1054,119,5.4374,True,votes. those eight millions. one of the; most impudent assertions of the cobdenite press is that the sugar convention boa coot this country xemoomoo in to sugar hill. they arrive at this mendacions st
sugar,1900,3,1054,120,5.4402,True,"the cost of the sugar convention. sir,—your correspondent 1117. j. gandy referring to sugar states that although the bounties are abolished sugar is again wonderfully chea..."
sugar,1900,3,1054,122,5.4431,True,"the cost of the sugar convention. sir,—your correspondent 1117. j. gandy referring to sugar states that although the bounties are abolished sugar is again wonderfully chea..."
sugar,1900,3,1054,123,5.4436,True,the sugar bounty peril. the 'opposition did not get much change out of the debate on sugar bounties on monday night. it was the height of folly to oppose the r...
sugar,1900,3,1054,125,5.4473,True,a new industry. profitable english sugar farms a splendid possibility. with the abolition of sugar bounties it will be possible for the first time to grow sugar in eng- land at a profit. thi...
sugar,1900,3,1054,126,5.4544,True,"the sugar convention. mr. fearnelev said he had seen a couple of letters which appeared to be in reply to some remarks made by mr. pierpoint, m.p., to the effe..."
sugar,1900,3,1054,127,5.4549,True,"the german people ----- nunther over 57 millions. they all paid to the few sugar makers till the burden be- came intolerable, and the sugar convention was entered into to pnt a stop to it. i have neve"
sugar,1900,3,1054,128,5.4625,True,the examiner. august ist 1903. there is one thing the government that cannot be and dear sugar. denied to mr. balfour's adminis- tration. it has deserved and will obtain a unique place in history as t
sugar,1900,3,1054,129,5.4672,True,the examiner. august ist 1903. there is one thing the government that cannot be and dear sugar. denied to mr. ba lfour's adminis- tration. it has deserved and will obtain a unique place in history as 
sugar,1900,3,1054,130,5.4673,True,the sugar bounty peril. the 'opposition did not get much change out of the debate on sugar bounties on monday night. it was the height of folly to oppose the r...
sugar,1900,3,1054,131,5.4681,True,the examiner. august ist 1903. there is one thing the government that cannot be and dear sugar. denied to mr. balfour's adminis- tration. it has deserved and will obtain a unique place in history as t
sugar,1900,3,1054,132,5.4706,True,the sugar industry the condition of the sugar trade—both present and prospective—has lately been attracting con- siderable attention. the proposal of the gover...
sugar,1900,3,1054,133,5.471,True,"the german people ----- nunther over 57 millions. they all paid to the few sugar makers till the burden be- came intolerable, and the sugar convention was entered into to pnt a stop to it. i have neve"
sugar,1900,3,1054,135,5.4726,True,"the cost of the sugar convention. sir,—your correspondent mr. .1. gandy referring to sugar states that although the bounties aro abolished sugar is again wonderfully cheap..."
sugar,1900,3,1054,136,5.4752,True,the examiner. august ist 1903. there is one thing the government that cannot be and dear sugar- denied to mr. betroun's adminis- tration. it has deserved and will obtain a unique place in history as t
sugar,1900,3,1054,137,5.4779,True,"the german people ----- nunther over 57 millions. they all paid to the few sugar makers till the burden be- came intolerable, and the sugar convention was entered into to pnt a stop to it. i have neve"
sugar,1900,3,1054,138,5.4794,True,the sugar bounty peril. the 'opposition did not get much change out of the debate on sugar bounties on monday night. it was the height of folly to oppose the r...
sugar,1900,3,1054,139,5.4799,True,"the sugar cake. i am se-n-criiyig you -a—re,ho-re—essny on the sugar ciao. when sugar canes are ready for cuttang down, they are cut off as elose as possible t..."
sugar,1900,3,1054,142,5.4899,True,"the cost of the sugar convention. sir,—ymir correspondent mr. j. gandy referring to sugar states that although the bounties are abolished sugar is again wonderfully cheap...."
sugar,1900,3,1054,143,5.4926,True,"the sugar cake. i am se-n-criiyig you -a—re,ho-re—essny on the sugar ciao. when sugar canes are ready for cuttang down, they are cut off as elose as possible t..."
sugar,1900,3,1054,145,5.5069,True,"unfair competition. as the united kingdom has become more and more dependent on foreign refined sugar the brit- ish refining industry has suffered from unfair conditions of competition, and british la"
sugar,1900,3,1054,146,5.5079,True,"the sugar convention. mr. fearnelev said he had seen a couple of letters which appeared to be in reply to some remarks made by mr. pierpoint, m.p., to the effe..."
sugar,1900,3,1054,148,5.5092,True,"the sugar convention. the socialist vote. mr. joseph howes on the irish question. sir,-1 notice with some amount of interest, that at a -recent meeting of the ..."
sugar,1900,3,1054,151,5.5165,True,"tee sugar tax. (john bull, sober. local confectioners and details of the new bill:condor wreckage found. sir michael. some fow days ago, acting on a promise ma..."
sugar,1900,3,1054,152,5.5218,True,"folly of interference ;than was afforded by the present condition of the sugar i industry. (hear, hear.) the more that question was i ventilated in every possible detail and the more satisfied the peo"
sugar,1900,3,1054,153,5.5261,True,"folly of interference ;than was afforded by the present condition of the sugar i industry. (hear, hear.) the more that question was i ventilated in every possible detail and the more satisfied the peo"
sugar,1900,3,1054,154,5.5273,True,"a case in point. mr. chamberlain at newport spoke of sugar, and said the exceedingly useful arrangement that we li. entered into with foreign powers had not raised the price of sugar at all. they had "
sugar,1900,3,1054,155,5.5313,True,the examiner. august ist 1903. there is one thing the government that cannot be and dear sugar. denied to mr. balfour's adminis- tration. it has deserved and will obtain a unique place in history as t
sugar,1900,3,1054,156,5.5341,True,sitgam4 they were told the wicked conservatives had put up the price of auger. they knew the muso was the drought on the continent. sugar was now coming from many mere countries than it did in previou
sugar,1900,3,1054,158,5.5366,True,"sugar production in ohieshire. mr. sigmund stein, of liverpool, ad- dressed the members of the cheshire chamber of agriculture, at chester, on saturday, on..."
sugar,1900,3,1054,159,5.5379,True,the price of sugar. commerce will only tlourisn wneu it is let alone and when no external considerations are allowed to impede the free sale and exchange of commodities...
sugar,1900,3,1054,161,5.5426,True,"sugar bounties (editor, ""stutaton and thomahy notiee that colonel sadler, m.p., in replying to a deputation of sugar traders, refer, to the baneful effects..."
sugar,1900,3,1054,163,5.5449,True,"dearer sugar, what thenew convention means. the new sugar g'onvention, which has just been agreed to, will not come into operation until the end of 1903. between ..."
sugar,1900,3,1054,165,5.5499,True,"the sugar cake. i am se-n-criiyig you -a—re,ho-re—essny on the sugar ciao. when sugar canes are ready for cuttang down, they are cut off as elose as possible t..."
sugar,1900,3,1054,166,5.5581,True,"mr. asquith and home grown sugar ""radical cant and ii referring to the manner in which mr. asquth has pat upon tho project for cultivating beet in this country and establishing a sug..."
sugar,1900,3,1054,168,5.5737,True,the examiner. august ist 1903. there is one thing the government that cannot be and dear sugar- denied to mr. betroun's adminis- tration. it has deserved and will obtain a unique place in history as t
sugar,1900,3,1054,169,5.5738,True,a new industry. profitable english sugar farms a splendid possibility. with the abolition of sugar bounties it will be possible for the first time to grow sugar in eng- land at a profit. thi...
sugar,1900,3,1054,170,5.5762,True,"meeting. to the editor op the birkenhead news. 8/r.-14011(1 stanley of alderley, speaking after some remarks regarding the sugar contention, olio:last ""no bane country in the world has increased its p"
sugar,1900,3,1054,172,5.5843,True,sugar and bounties. radicals who are making the most of the rimi in the price of sugar ascribe it al/ to the convention for abolishing tho bounty system. n...
sugar,1900,3,1054,174,5.5916,True,"the price of sugar. sir,—certain statemeets have appeared in the liver- pool daily papers during the past week which have led to a good deal of misapprehension as to th..."
sugar,1900,3,1054,176,5.6043,True,"tariff's and sugar effect on british trade. the tariff commissioners' report on sugar and confectionery"" has just been forwarded to us for review. among the points it i..."
sugar,1900,3,1054,177,5.606,True,the examiner. august ist 1903. there is one thing the government that cannot be and dear sugar- denied to mr. betroun's adminis- tration. it has deserved and will obtain a unique place in history as t
sugar,1900,3,1054,178,5.6064,True,"unfair competition. as the united kingdom has become more and more dependent on foreign refined sugar the brit- ish refining industry has suffered from unfair conditions of competition, and british la"
sugar,1900,3,1054,179,5.6186,True,•effect of dear sugar all the injuries and inconveniences which we felt sure must result from the sugar convention and its interference with the frea and open market in su...
sugar,1900,3,1054,180,5.6187,True,"sugar beet experiments. important results shown. the extensive experiments in the growth of sugar-beets, which are this year being carried out in all parts..."
sugar,1900,3,1054,181,5.6212,True,"cheaper sugar for the french consumer. abolition of 'l'lle bounties. a paris correspondent of the manchester guar- dian, writing on monday, said :—to-morrow the pr..."
sugar,1900,3,1054,183,5.6224,True,"...d their supporters had said that another result would be to increase employment. the opposition, on the contrary, said it would increase the price of sugar, an"
sugar,1900,3,1054,184,5.6225,True,"a new sweetening. the secret of making levulose at the price of ordinary sugar has i,ist been discovered by mr sigmund stein, the well-known chemist and sugar expert. levulose, which is live times as "
sugar,1900,3,1054,186,5.6254,True,the price of sugar. a _ • commerce will only flourish when it is let alone and when no external considerations are allowed to impede the free sale and exchange of commo...
sugar,1900,3,1054,188,5.6292,True,"sugar production in ohieshire. mr. sigmund stein, of liverpool, ad- dressed the members of the cheshire chamber of agriculture, at chester, on saturday, on..."
sugar,1900,3,1054,190,5.6312,True,"tariff's and sugar effect on british trade. the tariff commissioners' report on sugar and confectionery"" has just been forwarded to us for review. among the points it i..."
sugar,1900,3,1054,192,5.6329,True,meeting of grocers.—price of sugar to be raised. ii a meeting of the committee- of the warrington and district grocers' and provision dealers' association was held on wednesday evening...
sugar,1900,3,1054,193,5.6329,True,"tlume-growa sugar. success of the btockeibridoi kipealment. german growers outclassed, in the early months of laa year nisch commeut wive aroused as the result of the ..."
sugar,1900,3,1054,194,5.6336,True,"tariff's and sugar effect on british trade. the tariff commissioners' report on sugar and confectionery"" has just been forwarded to us for review. among the points it i..."
sugar,1900,3,1054,195,5.6339,True,"tariff's and sugar effect on british trade. the tariff commissioners' report on sugar and confectionery"" has just been forwarded to us for review. among the points it i..."
sugar,1900,3,1054,196,5.6364,True,the case of sugar. il hi not difficult to suggest what would happen if the chancellor of the exchequer had 132 en in a position to accede to the request of the deputat...
sugar,1900,3,1054,197,5.6384,True,sugar beet factories. sugar beet factories are absolutely easent:al for the manufacture of sugar from sugar beet. farmers cannot possibly do the work for t...
sugar,1900,3,1054,198,5.6406,True,sugar beet factories. sugar beet factories are absolutely easent:al for the manufacture of sugar from sugar beet. farmers cannot possibly do the work for t...
sugar,1900,3,1054,200,5.6497,True,"tariff's and sugar effect on british trade. the tariff commissioners' report on sugar and confectionery"" has just been forwarded to us for review. among the points it i..."
sugar,1900,3,1054,201,5.6514,True,"sugar production in ohieshire. mr. sigmund stein, of liverpool, ad- dressed the members of the cheshire chamber of agriculture, at chester, on saturday, on..."
sugar,1900,3,1054,202,5.659,True,"...el, letter from the house. mr h. samuel's weekly letter to lis am. stituents is as foilows:— house of commons, nov. 28th, on monday the policy of the sugar bounties convention was discu"
sugar,1900,3,1054,204,5.6618,True,sugar. having no tampered with the economic ar- rangements of sugar as to raise its prier by .c 2 per ton. and having just been informed by the other side ...
sugar,1900,3,1054,205,5.6643,True,"political practice there is usually a great gulf the termination of sugar bounties and conference of the st 4, the exchequer. bounties question, whit has been sitting in brussels intermittently ft som"
sugar,1900,3,1054,206,5.6646,True,"scgau and coil taxg4 in dwelling upon the fluctuations of revenue dulls the year, he claimed that the sugar duty had !wen most successful. the good harvest of beet sugar had lowered the price, so that"
sugar,1900,3,1054,207,5.6665,True,"...d their supporters had said that another result would be to increase employment. the opposition, on the contrary, said it would increase the price of sugar, an"
sugar,1900,3,1054,208,5.6689,True,the sugar industry the condition of the sugar trade—both present and prospective—has lately been attracting con- siderable attention. the proposal of the gover...
sugar,1900,3,1054,211,5.6759,True,"the sugar convention. the socialist vote. mr. joseph howes on the irish question. sir,-1 notice with some amount of interest, that at a -recent meeting of the ..."
sugar,1900,3,1054,212,5.6792,True,"sugar as a disinuctant. i• in many parts of europe kt is customary among people to burn su.gar in sick rooms, a pr.aatice wthieh is oonsidered by 4hyincian..."
sugar,1900,3,1054,214,5.6842,True,the sugar industry the condition of the sugar trade—both present and prospective—has lately been attracting con- siderable attention. the proposal of the gover...
sugar,1900,3,1054,216,5.6961,True,"the cost of the sugar convention. sir,—your correspondent mr. .1. gandy referring to sugar states that although the bounties aro abolished sugar is again wonderfully cheap..."
sugar,1900,3,1054,218,5.7002,True,sugar and bounties. radicals who are making the most of the rimi in the price of sugar ascribe it al/ to the convention for abolishing tho bounty system. n...
sugar,1900,3,1054,220,5.712,True,"sugar in view of the experiments now i), ing made in this country with sugar beet, the remarks of the u.s.a. department of agriculture on the subject of su..."
sugar,1900,3,1054,221,5.7153,True,"colonel r. ropner. m.p., and the sugar tax. the reply of col. itopner. mt.. to the appeal of the stockton and district enaiers arstrist the augar tax was as follows--"" i regret that it has..."
sugar,1900,3,1054,222,5.7209,True,"the cost of the sugar convention. sir,—your correspondent mr. .1. gandy referring to sugar states that although the bounties aro abolished sugar is again wonderfully cheap..."
sugar,1900,3,1054,223,5.7264,True,"sugar in view of the experiments now i), ing made in this country with sugar beet, the remarks of the u.s.a. department of agriculture on the subject of su..."
sugar,1900,3,1054,224,5.7282,True,"g. h. walker. warrington. --- mr. pierpoint, m p., and the sugar convention. sir,-1 was very pleased to see in your last saturday's issue that mr. parker had taken up the statement made by mr. pierpoi"
sugar,1900,3,1054,225,5.7319,True,"...respondents. mrs. d. i am so glad hat you like my recipe for stone ginger bee, and that you consider it, ""champion."" yes, as you fay, the quantity of sugar should, he 21115., not 2nr.s.,"
sugar,1900,3,1054,226,5.7326,True,"some sugar statistics. figures derived from official sources show that the largest national consumption of sugar is in the united kingdom, where it is 91.6 poun..."
sugar,1900,3,1054,227,5.7355,True,"mr. asquith and home grown sugar ""radical cant and ii referring to the manner in which mr. asquth has pat upon tho project for cultivating beet in this country and establishing a sug..."
sugar,1900,3,1054,228,5.7389,True,"a wonderful plant. prom the time of the first importation of sugar bum the west indian colonies, which took place about the middle of the seventeenth century, it has been a comparatively common luxury"
sugar,1900,3,1054,230,5.7529,True,sugar and bounties. radicals who are making the most of the rimi in the price of sugar ascribe it al/ to the convention for abolishing tho bounty system. n...
sugar,1900,3,1054,231,5.7577,True,"jantary 2e, nem the world's record sugar plantation intains 13,000 acres. has 30 miles of rail- y, and employs 1,:-,00 people. the mann- kanre of sugar and salt is (tarried on by aid of 2,40..."
sugar,1900,3,1054,232,5.7577,True,"the sugar convention. mr. edwyn holt, who received an ova- tion, spoke at length on all the present questions of vital importance. whilst the present governmen..."
sugar,1900,3,1054,233,5.7598,True,"the cost of the sugar convention. sir,—ymir correspondent mr. j. gandy referring to sugar states that although the bounties are abolished sugar is again wonderfully cheap...."
sugar,1900,3,1054,234,5.7603,True,•effect of dear sugar all the injuries and inconveniences which we felt sure must result from the sugar convention and its interference with the frea and open market in su...
sugar,1900,3,1054,236,5.7675,True,"tee sugar tax. (john bull, sober. local confectioners and details of the new bill:condor wreckage found. sir michael. some fow days ago, acting on a promise ma..."
sugar,1900,3,1054,238,5.7748,True,"proposals. twopence in t on income tax 13,800,000 sugar tax, estimated to yield— 4:5,10000 coal tax, estimated to yield i.:2,100,mil sir michael hicks-beach said that the duty on sugar he proposed was"
sugar,1900,3,1054,239,5.7771,True,"crystals of sugar. impossible to discover the presence by any known optical means. the substanc?. how- ever, has undergone n'o chemical change: the sugar is still pres..."
sugar,1900,3,1054,240,5.7806,True,"g. h. walker. warrington. mr. pierpoint, mp., and the sugar convention. sir,—l was very pleased to see in your last saturday's issue that mr. parker had taken up the statement made by mr. pierpoint on"
sugar,1900,3,1054,241,5.7838,True,"... the recommendation of the finance committee, accoiiiiia atuotutung to a 177 bs. bd., of which £9o was for cut-do- re. lief, were passed for payment. sugar contractors and the duty. ""an un"
sugar,1900,3,1054,243,5.7876,True,"...observer office, wednesday. a new controversy. the government having agreed to a convention with the continental countries that pay bounties to their sugar refiners, the matter"
sugar,1900,3,1054,244,5.7896,True,"our outlook. mr. winston churchill has declared that under the sugar duty every one who puts a lump of sugar in his cup may console him- self by the reflection that be is tiring ""a shot at kruger."" we"
sugar,1900,3,1054,246,5.794,True,sugar and bounties. radicals who are making the most of the rimi in the price of sugar ascribe it al/ to the convention for abolishing tho bounty system. n...
sugar,1900,3,1054,247,5.7978,True,"cotton versus sugar growing. mr. george hughes, a well known west indian chemist has introduced a process by means of which the pith of the sugar cane is converted into ..."
sugar,1900,3,1054,248,5.7993,True,"foster at the sugar convention. col. lie denies it is a protectionist measure. and as low as bs. 3d. the most extraorlin- ary thing was the discrepant.), in the value of..."
sugar,1900,3,1054,249,5.8061,True,impoverished russia. effects of brussels sugar con- vention. a report of considerable interest dealing with the economic mituation ia russia has been published by the board of trade iind the forei...
sugar,1900,3,1054,251,5.8135,True,"sugar production in ohieshire. mr. sigmund stein, of liverpool, ad- dressed the members of the cheshire chamber of agriculture, at chester, on saturday, on..."
sugar,1900,3,1054,252,5.8203,True,"our outlook. mr. winston churchill has declared that under the sugar duty every one who puts a lump of sugar in his cup may console him- self by the reflection that be is tiring ""a shot at kruger."" we"
sugar,1900,3,1054,254,5.8223,True,"g. h. walker. warrington. --- mr. pierpoint, m p., and the sugar convention. sir,-1 was very pleased to see in your last saturday's issue that mr. parker had taken up the statement made by mr. pierpoi"
sugar,1900,3,1054,256,5.8401,True,"sugar bounties (editor, ""stutaton and thomahy notiee that colonel sadler, m.p., in replying to a deputation of sugar traders, refer, to the baneful effects..."
sugar,1900,3,1054,258,5.8428,True,"a tax on sugar. it is freely stated in the city that the chancellor of thn echequer,in luoking round for some means-wherewith to raise money to pay for the war, has..."
sugar,1900,3,1054,259,5.8435,True,"g. h. walker. warrington. mr. pierpoint, mp., and the sugar convention. sir,—l was very pleased to see in your last saturday's issue that mr. parker had taken up the statement made by mr. pierpoint on"
sugar,1900,3,1054,260,5.8579,True,"old and new duties on sugau. twenty-seven years have elapsed since sugar was relieved of all tribute to the xeventte of tha united kinstdoin,.and in tha iffierval the consumption of sugar has enormous"
sugar,1900,3,1054,261,5.8605,True,"crystals of sugar. impossible to discover the presence by any known optical means. the substanc?. how- ever, has undergone n'o chemical change: the sugar is still pres..."
sugar,1900,3,1054,262,5.8607,True,"sugar production in ohieshire. mr. sigmund stein, of liverpool, ad- dressed the members of the cheshire chamber of agriculture, at chester, on saturday, on..."
sugar,1900,3,1054,263,5.866,True,"our outlook. mr. winston churchill has declared that under the sugar duty every one who puts a lump of sugar in his cup may console him- self by the reflection that be is tiring ""a shot at kruger."" we"
sugar,1900,3,1054,264,5.8814,True,"scgau and coil taxg4 in dwelling upon the fluctuations of revenue dulls the year, he claimed that the sugar duty had !wen most successful. the good harvest of beet sugar had lowered the price, so that"
sugar,1900,3,1054,265,5.8818,True,"the cost of the sugar convention. sir,—your correspondent 1117. j. gandy referring to sugar states that although the bounties are abolished sugar is again wonderfully chea..."
sugar,1900,3,1054,266,5.8829,True,"the price at sugar. sir,—certain statements have appeared in the liver- pool daily papers during the past week which have led to a good deal of misapprehension as to th..."
sugar,1900,3,1054,267,5.8843,True,"sugar beet growing. government and the jonvention. the earl of denbigh, in the house of l irds on monday, asked the government whether, in view of their ex..."
sugar,1900,3,1054,268,5.8984,True,"dearer sugar, what thenew convention means. the new sugar g'onvention, which has just been agreed to, will not come into operation until the end of 1903. between ..."
sugar,1900,3,1054,269,5.9079,True,"mcdougall's patent self—raising flour yoursindreelvalgs the examiner. saturday, september 25, 1909, wholesale price of refined sugar per cwt. united kingdom, 15s-.--8--d-.---f-rf.-n-ce-,--38-s;710- cf"
sugar,1900,3,1054,270,5.9097,True,"the sugar convention. sir,—l notice with some amount of interest, that at a recent meeting of the conservative labour party, great attention was paid by mr. fe..."
sugar,1900,3,1054,271,5.9099,True,votes. those eight millions. one of the; most impudent assertions of the cobdenite press is that the sugar convention boa coot this country xemoomoo in to sugar hill. they arrive at this mendacions st
sugar,1900,3,1054,272,5.9135,True,"jantary 2e, nem the world's record sugar plantation intains 13,000 acres. has 30 miles of rail- y, and employs 1,:-,00 people. the mann- kanre of sugar and salt is (tarried on by aid of 2,40..."
sugar,1900,3,1054,273,5.9144,True,votes. those eight millions. one of the; most impudent assertions of the cobdenite press is that the sugar convention boa coot this country xemoomoo in to sugar hill. they arrive at this mendacions st
sugar,1900,3,1054,275,5.9356,True,"cotton versus sugar growing. mr. george hughes, a well known west indian chemist has introduced a process by means of which the pith of the sugar cane is converted into ..."
sugar,1900,3,1054,277,5.9441,True,"...orrespondence. [letters intended for insertion in the ""standard"" must in every instance be accom- panied by the real name and address of the sender.] sugar and wheat prices. questions for air. helaie"
sugar,1900,3,1054,278,5.9446,True,"our outlook. mr. winston churchill has declared that under the sugar duty every one who puts a lump of sugar in his cup may console him- self by the reflection that be is tiring ""a shot at kruger."" we"
sugar,1900,3,1054,279,5.9512,True,"value of sugar. times go by turns, and chancels change by couxoe, front foul to fair, from bettor hap to worse. thus writes an ancient poet, and a great philosopher..."
sugar,1900,3,1054,281,5.9535,True,"the sugar duties. in committee on the finance bill in the house of commons on thursday, mr. flower moved an amendment providing for the remission of one third ..."
sugar,1900,3,1054,282,5.9646,True,"some sugar statistics. figures derived from official sources show that the largest national consumption of sugar is in the united kingdom, where it is 91.6 poun..."
sugar,1900,3,1054,284,5.9699,True,"good templary. cotton versus sugar growing. mr. george hughes, a well known west indian chemist has introduced a process by means of which the pith of the sugar cane is converted into ..."
sugar,1900,3,1054,285,5.9758,True,"jantary 2e, nem the world's record sugar plantation intains 13,000 acres. has 30 miles of rail- y, and employs 1,:-,00 people. the mann- kanre of sugar and salt is (tarried on by aid of 2,40..."
sugar,1900,3,1054,286,5.9773,True,"the sugar convention. sir,—l notice with some amount of interest, that at a recent meeting of the conservative labour party, great attention was paid by mr. fe..."
sugar,1900,3,1054,287,5.9827,True,"the cost of the sugar convention. sir,—your correspondent mt. j. gandy referring to sugar states that although the bounties are abolished sugar is again wonderfully cheap...."
sugar,1900,3,1054,290,5.9896,True,"the technical institute science students' association. on saturday a lecture on sugar refining was delivered before the association by mr. s. hardcastle, late of fairries ltd.. liverpool. mr. p.fisher"
sugar,1900,3,1054,291,5.9968,True,"a wonderful plant. prom the time of the first importation of sugar bum the west indian colonies, which took place about the middle of the seventeenth century, it has been a comparatively common luxury"
sugar,1900,3,1054,292,6.0017,True,"sugar as a disinfectant. in many parts of. europe it is customary among the people to burn sugar in sick rooms, a practice which is considered by physician..."
sugar,1900,3,1054,293,6.0102,True,"sugar as a disinfectant. in many parts of. europe it is customary among the people to burn sugar in sick rooms, a practice which is considered by physician..."
sugar,1900,3,1054,294,6.0103,True,the new sugar tax. the government's proposal for a new tax of a halfpenny a pound on sugar has passed with but little opposition. the public feel that money must b...
sugar,1900,3,1054,295,6.0191,True,"the sugar duty. in the february number of ""the manchester chamber cf commerce monthly record"" the fol• lowing appears manchester chamber of commerce, 19th febr..."
sugar,1900,3,1054,296,6.0204,True,we will sell 3-11). sugar at special 1/9 parcel 1-ib. oar celebrated tea or cocoa at 1/6 41b. finest granulated sugar at 21d 9d. 1-ib. margarine overweight -1/. the finest sub...
sugar,1900,3,1054,298,6.0273,True,"mr. bottomley and sugar prices. not al.-ft:cud by the convention. mr. .1. h. bottomley, speaking in the charley division, on friday night, dealt with the question of the pri..."
sugar,1900,3,1054,299,6.0288,True,"some sugar statistics. figures derived from official sources show that the largest national consumption of sugar is in the united kingdom, where it is 91.6 poun..."
sugar,1900,3,1054,300,6.032,True,the sugar bounties. replying to a memorial from liverpool. mr chamberlain says he is well aware of the injury which has been caused to the west indian colmiies...
sugar,1900,3,1054,301,6.041,True,"cheaper sugar for the french consumer. abolition of 'l'lle bounties. a paris correspondent of the manchester guar- dian, writing on monday, said :—to-morrow the pr..."
sugar,1900,3,1054,302,6.0478,True,"the price of sugar, commerce will only flourish when it is let alone and when no external considerationsaare allowed tt• impede the free sale and exchange of commoditie..."
sugar,1900,3,1054,303,6.0497,True,"the sugar tax. the general secretary imr gray) brought up the following resolution, formulated in meord- awe with the instruannt of the congress by the parliam..."
sugar,1900,3,1054,304,6.0555,True,"...he brussels convention. the brussels convention, which came into emu- sties in 1903, abolished state bounties on the cul- tivation and manufacture of sugar in germany, austria, france, belgium, and o"
sugar,1900,3,1054,305,6.0557,True,"some sugar statistics. figures derived from official sources show that the largest national consumption of sugar is in the united kingdom, where it is 91.6 poun..."
sugar,1900,3,1054,308,6.0638,True,votes. those eight millions. one of the; most impudent assertions of the cobdenite press is that the sugar convention boa coot this country xemoomoo in to sugar hill. they arrive at this mendacions st
sugar,1900,3,1054,309,6.0667,True,"the sugar convention. sir,—l notice with some amount of interest, that at a recent meeting of the conservative labour party, great attention was paid by mr. fe..."
sugar,1900,3,1054,310,6.067,True,"political practice there is usually a great gulf the termination of sugar bounties and conference of the st 4, the exchequer. bounties question, whit has been sitting in brussels intermittently ft som"
sugar,1900,3,1054,313,6.0736,True,the case of sugar. il hi not difficult to suggest what would happen if the chancellor of the exchequer had 132 en in a position to accede to the request of the deputat...
sugar,1900,3,1054,314,6.0747,True,"straight talk on the sugar convention. sir sydney olivier, the governor of jamaica, has addressed a despatch to the earl of elgin which should make the government pause before ..."
sugar,1900,3,1054,315,6.0884,True,"a wonderful plant. prom the time of the first importation of sugar bum the west indian colonies, which took place about the middle of the seventeenth century, it has been a comparatively common luxury"
sugar,1900,3,1054,316,6.0958,True,...ls organizing. joint meeting of whithross & st. austin's ward committees. interesting speeches. had to pay from s2d. to i.ld. per lb. more to-day for sugar than she paid a short time ago. the su
sugar,1900,3,1054,317,6.0967,True,"...he brussels convention. the brussels convention, which came into emu- sties in 1903, abolished state bounties on the cul- tivation and manufacture of sugar in germany, austria, france, belgium, and o"
sugar,1900,3,1054,318,6.1037,True,"our outlook. mr. winston churchill has declared that under the sugar duty every one who puts a lump of sugar in his cup may console him- self by the reflection that be is tiring ""a shot at kruger."" we"
sugar,1900,3,1054,319,6.1058,True,"the sugar tax. sir,—mr. parker's letter is in no sense a reply to what i said—that the liberals never mention the sugar tax now. a few months ago they were alw..."
sugar,1900,3,1054,320,6.1082,True,"the cost of the sugar convention. sir,—ymir correspondent mr. j. gandy referring to sugar states that although the bounties are abolished sugar is again wonderfully cheap...."
sugar,1900,3,1054,321,6.1093,True,"...respondents. mrs. d. i am so glad hat you like my recipe for stone ginger bee, and that you consider it, ""champion."" yes, as you fay, the quantity of sugar should, he 21115., not 2nr.s.,"
sugar,1900,3,1054,322,6.1099,True,"cotton versus sugar growing. mr. george hughes, a well known west indian chemist has introduced a process by means of which the pith of the sugar cane is converted into ..."
sugar,1900,3,1054,323,6.1129,True,"the breakfast-table. mr asquith thinks sugar will have relief first. ""this budget is intended to lay the fonts- datinn and lead the way to larger changes in the future. ido not hesitate to inclu..."
sugar,1900,3,1054,324,6.1134,True,"sugar bert growing in warwick- shire. in response to the invitation of the earl of denbigh, a number of local agriculturists assembled at the home farm, ne..."
sugar,1900,3,1054,325,6.1146,True,"cromwell's letters. that moro inman convention. trouslr already. sre,—the more the sugar convention is examined the less it commends itself to public favour. i cto not think, however, that par- liamen"
sugar,1900,3,1054,326,6.1169,True,"625,000.thr0wn on the streets. mr. m'kenna said it could not be seriously contended that the convention had not had an effect on the price of sugar. would the government, if their hands were free, be "
sugar,1900,3,1054,328,6.1214,True,"the cost of the sugar convention. sir,—your correspondent mr. .1. gandy referring to sugar states that although the bounties aro abolished sugar is again wonderfully cheap..."
sugar,1900,3,1054,329,6.1231,True,"...hambdrs of commeree. --• at the eittings of the asso ration of chamber. of commerce on wednesday in london, the london chamber raised the question of sugar bounties, but a resolution on the subject w"
sugar,1900,3,1054,330,6.1232,True,"sugar as a disinfectant. in many parts of europe it is customary among the people to burn sugar in sick rooms, a practice which is considered by physicians..."
sugar,1900,3,1054,333,6.1277,True,a new industry. profitable english sugar farms a splendid possibility. with the abolition of sugar bounties it will be possible for the first time to grow sugar in eng- land at a profit. thi...
sugar,1900,3,1054,334,6.13,True,the price of sugar. coramerc3 will oily flourish wnen it is let alone and when no external considerations are allowed to impede the free sale and exchange of commoditie...
sugar,1900,3,1054,335,6.1307,True,"the sugar duty. mr bolton, on behalf of the birmingham association, moved that ""considering the loss that has been occasioned by the reduc- tion of the sugar d..."
sugar,1900,3,1054,337,6.1361,True,"sugar eaul cailclren's teeth. the belief that sugar ruins the teeth of chiklron is utterly groundless. indeed, how the idea ever came into existence is a m..."
sugar,1900,3,1054,341,6.1477,True,"...el, letter from the house. mr h. samuel's weekly letter to lis am. stituents is as foilows:— house of commons, nov. 28th, on monday the policy of the sugar bounties convention was discu"
sugar,1900,3,1054,342,6.1504,True,"the sugar duties. in committee on the finance bill in the house of commons on thursday, mr. flower moved an amendment providing for the remission of one third ..."
sugar,1900,3,1054,343,6.1526,True,"some sugar statistics. figures derived from official sources show that the largest national consumption of sugar is in the united kingdom, where it is 91.6 poun..."
sugar,1900,3,1054,344,6.1633,True,"• stockton and thornaby the ta ft' vale! the sugar tax. colonelropner, m.f. takes aotion. interesting corres- fondence. in accordance with a promise made to a deputation representng the cleveland mid "
sugar,1900,3,1054,345,6.1667,True,"625,000.thr0wn on tete streets. mr. m'lcennit said it could not be seriously contended that the convention had not had an effect on the price of sugar. nvould the government, if their hands were free,"
sugar,1900,3,1054,347,6.1727,True,"the soil for sugar beet. practical experience has shown that the best crops of sugar beets are obtained from rather heavy, well drained, and fertile clay looms, and it ..."
sugar,1900,3,1054,348,6.1758,True,"lournal. saturday, april 22nd, 1905 why is micah dear! sugar is an artic3e of daily consump- tion in every house in the united king. elom, and any increase in the price of a daily sweetener"" is one th"
sugar,1900,3,1054,349,6.1784,True,"mr. bottomley and sugar prices. not al.-ft:cud by the convention. mr. .1. h. bottomley, speaking in the charley division, on friday night, dealt with the question of the pri..."
sugar,1900,3,1054,350,6.1788,True,"sugar as a disinfectant. in many parts of europe it is customary among the people to burn sugar in sick rooms, a practice which is considered by physicians..."
sugar,1900,3,1054,352,6.193,True,the sugar bounty peril. the 'opposition did not get much change out of the debate on sugar bounties on monday night. it was the height of folly to oppose the r...
sugar,1900,3,1054,353,6.1957,True,"lournal. saturday, april 22nd, 1905 why is micah dear! sugar is an artic3e of daily consump- tion in every house in the united king. elom, and any increase in the price of a daily sweetener"" is one th"
sugar,1900,3,1054,356,6.2094,True,"in the nollll, ot con. on the mcmday, mr garold balfour, sugar presidest of the board of contecesoe. 'prods, sauced • reeolution ap- proving of the optics of the sugar conieresos, which met at brumes "
sugar,1900,3,1054,357,6.2129,True,"what about sugar? the price of cigar is now 8n sd. per cwt. in 1900, th,s average price was 10s. 3d. per cwt.; the lowest price was. 9, per cwt. yet a radical elec- t..."
sugar,1900,3,1054,358,6.2135,True,"proposals. twopence in t on income tax 13,800,000 sugar tax, estimated to yield— 4:5,10000 coal tax, estimated to yield i.:2,100,mil sir michael hicks-beach said that the duty on sugar he proposed was"
sugar,1900,3,1054,359,6.2212,True,"the examiner. saturday, september 25, 1909, wesley ciuilds. a warrington challence shield. wholesale price of refined sugar per cwt. united kingdom, 15s. bd. fance,3bs. 10d. rtssia, 335. id. italy, 51"
sugar,1900,3,1054,361,6.2223,True,"the early use of sugar. the sugar-cane and its uses have been known in india. its native home, from time immemorial. it is, perhaps, the earliest source from which sugar wa..."
sugar,1900,3,1054,362,6.2233,True,"folly of interference than was afforded by the present condition of the sugar industry. (hear, hear.) the more that question was ventilated in every possible detail and the more satisfied the people o"
sugar,1900,3,1054,366,6.2374,True,"origin of sugar. sugar was the outcome of moorish civili- sation. the crusader brought .back with him the ""sweet; powder"" the, children loved. it was lo:ig posterior..."
sugar,1900,3,1054,369,6.2436,True,"...ur. not getting her share. eunice had been doing some figuring on her slate. ""papa,"" she said, 'do you know this country eats about 2,600,000 tons of sugar every year ?"" ""no, don't know it"
sugar,1900,3,1054,370,6.2512,True,...ls organizing. joint meeting of whithross & st. austin's ward committees. interesting speeches. had to pay from s2d. to i.ld. per lb. more to-day for sugar than she paid a short time ago. the su
sugar,1900,3,1054,371,6.2596,True,"thy bfoinning of beet sugar. the great sugar-be,t industry of the world owes its very existence to a discovery of vihnorin. the original sugar beet rown in france did not contai..."
sugar,1900,3,1054,372,6.2622,True,...is shown by the statistics that when the brit- ish cane-growing isolonies lost the market of the united kingdom through the importation of bounty-fed sugar from the c
sugar,1900,3,1054,373,6.2627,True,"some sugar statistics. figures derived from official sources show that the largest national consumption of sugar is in the united kingdom, where it is 91.6 poun..."
sugar,1900,3,1054,374,6.2679,True,"the sugar tax. sir,—mr. parker's letter is in no sense a reply to what i said—that the liberals never mention the sugar tax now. a few months ago they were alw..."
sugar,1900,3,1054,375,6.2681,True,protection and sugar. middlesbrough confectioners feeling' the phenomenal rise in prices. the pinenomenal like in prices irgioarioncd by the operation of the sugar conven...
sugar,1900,3,1054,376,6.269,True,"sugar vapour as antiseptic. the :custom of burning sugar in a sick- room is very current among- all classes in france, but up to the present has been re- g..."
sugar,1900,3,1054,377,6.2724,True,"the sugar duty. in the february number of ""the manchester chamber cf commerce monthly record"" the fol• lowing appears manchester chamber of commerce, 19th febr..."
sugar,1900,3,1054,378,6.2745,True,"burnt sugar as an antiseptic. the custom of burning sugar in a sick- room is very current among all classes in france, but up to the present has been re- garded ..."
sugar,1900,3,1054,380,6.2811,True,"8. 8. the sugar to sweeten this mazawattee tea (one lurnn of a cubic inch to:each cup) would make a road of sugar 144 miles long, 10 feet wide by one foot thick, and..."
sugar,1900,3,1054,381,6.2814,True,•effect of dear sugar all the injuries and inconveniences which we felt sure must result from the sugar convention and its interference with the frea and open market in su...
sugar,1900,3,1054,382,6.2823,True,"""knocked"" ok soger. there was no act of the conservative adminis- tration to which radicals vowed more inflexible and enduring hostility than the sugar convention, in virtue of which sugar bounties we"
sugar,1900,3,1054,383,6.2869,True,taxation of sugar. mr chamberlain's view of the present crisis. sugar firm's repo'. mr chamberlain has written the follow- ing leiter m reply to messrs jaiie and sharp...
sugar,1900,3,1054,384,6.2884,True,"burnt sugar as an antiseptic. the custom of burning sugar in a sick- room is very current among all classes in france, but up to the present has been re- garded ..."
sugar,1900,3,1054,385,6.2913,True,the sugar industry the condition of the sugar trade—both present and prospective—has lately been attracting con- siderable attention. the proposal of the gover...
sugar,1900,3,1054,387,6.2963,True,"the sugar duty. mr bolton, on behalf of the birmingham association, moved that ""considering the loss that has been occasioned by the reduc- tion of the sugar d..."
sugar,1900,3,1054,388,6.2975,True,"sugar for consumptives. sugar ranks high amongst the heat-producing substances, and it is also a powerful producer of nervous energy. it is recommended by ..."
sugar,1900,3,1054,389,6.3002,True,impoverished russia. effects of brussels sugar con- vention. a report of considerable interest dealing with the economic mituation ia russia has been published by the board of trade iind the forei...
sugar,1900,3,1054,390,6.3026,True,rumoured sugar duties. in a communication issued on tuesday the west india committee state: the belief is gaining ground that in his forthcoming budget the chancell...
sugar,1900,3,1054,392,6.3062,True,"sugar vapour as antiseptic. the custom of burning sugar in a sick- room is very current among all classes in france, but up to the present has been re- gar..."
sugar,1900,3,1054,393,6.3126,True,* * * sugar for thin people. a french chemist recently gave an interesting account of the value of sugar as a food in certain conditions of ill-health. in some e...
sugar,1900,3,1054,394,6.3128,True,"the examiner, saturday, march 4, 1905. indies gain over sugar the east indies lose over tea. it is true no doubt as mr. brodrick said the other day that vladivostock is still a free port. if indian te"
sugar,1900,3,1054,395,6.3159,True,"old and new duties on sugau. twenty-seven years have elapsed since sugar was relieved of all tribute to the xeventte of tha united kinstdoin,.and in tha iffierval the consumption of sugar has enormous"
sugar,1900,3,1054,397,6.3172,True,"science notes and gleanings. sugar an!) fasting animals. experiments by protease.- ugolino wee°, university of genoa, show that sugar rises the temperature of a fastimr animal. '1 he t..."
sugar,1900,3,1054,398,6.3189,True,"sugar for consumptives. sugar ranks high amongst the heat-producing substances, and it is also a powerful producer of nervous energy. it is recommended by ..."
sugar,1900,3,1054,399,6.322,True,",- correspondence. dear sugar and protection. the story of the sugar convention"
sugar,1900,3,1054,401,6.329,True,"sugar as a disinfectant. in many parts of. europe it is customary among the people to burn sugar in sick rooms, a practice which is considered by physician..."
sugar,1900,3,1054,404,6.3314,True,"the cost of the sugar convention. sir,—your correspondent 1117. j. gandy referring to sugar states that although the bounties are abolished sugar is again wonderfully chea..."
sugar,1900,3,1054,405,6.3323,True,"sugar as a disinuctant. i• in many parts of europe kt is customary among people to burn su.gar in sick rooms, a pr.aatice wthieh is oonsidered by 4hyincian..."
sugar,1900,3,1054,406,6.3354,True,the sugar duties. on friday morning a deputation from the british workers' anti-sugar tax association waited upon the chancellor of the exchequer at the treasu...
sugar,1900,3,1054,408,6.3391,True,"sugar for consumptives. sugar ranks high amongst the heat-producing substances, and it is also a powerful producer of nervous energy. it is recommended by ..."
sugar,1900,3,1054,409,6.3394,True,meeting at preesall. on afenday night mr. helme visited preesall. lie declared that as a remit of the sugar bill it was °stout:lied we shoukt have to pay w.mething liko 71 millions more for our sugar.
sugar,1900,3,1054,411,6.3493,True,...“.• 4ft4c- fifty clays' gymnra.sium insiruction increases a man s weight on an average of 51b. in 1840 ninety-five pounds out of every one hundred of sugar were made from cane. to-day o
sugar,1900,3,1054,412,6.3535,True,"...d their supporters had said that another result would be to increase employment. the opposition, on the contrary, said it would increase the price of sugar, an"
sugar,1900,3,1054,413,6.3559,True,"...rliamietrr 114pli whim at westminster doe home of lorde on monday lord deh called attention to the inesiera attending the experimental cultivation of sugar beet in the united kingdom, and asked whet"
sugar,1900,3,1054,414,6.3583,True,"segar trade in india. it ia reported ""that burmah is probably one of the few provinces of briti,h india which mann. (klima, practically no sugar, obtaining it, entire requirements in this refqx.et fro"
sugar,1900,3,1054,416,6.368,True,"the cost of the sugar convention. sir,—your correspondent mt. j. gandy referring to sugar states that although the bounties are abolished sugar is again wonderfully cheap...."
sugar,1900,3,1054,417,6.3688,True,"...d their supporters had said that another result would be to increase employment. the opposition, on the contrary, said it would increase the price of sugar, an"
sugar,1900,3,1054,418,6.3706,True,...is shown by the statistics that when the brit- ish cane-growing isolonies lost the market of the united kingdom through the importation of bounty-fed sugar from the c
sugar,1900,3,1054,419,6.3735,True,"sugar as a disinfectant. in many parts of europe it is customary among the people to burn sugar in sick rooms, a practice which is considered by physicians..."
sugar,1900,3,1054,420,6.3854,True,"sugar and coal taxes. in dwelling upon the fluctuations of revenue during the year, he claimed that the sugar duty had been most successful. the good har- ..."
sugar,1900,3,1054,421,6.3989,True,chm' with the editor. the excellent dietetic value of sugar has been proved over and over again of late years—witness the provision of chocolate and jam for our soldiers at the war and athletes when e
sugar,1900,3,1054,422,6.3993,True,"science up-to-date about sugaii. i have been much interested,sa)sl/r.itatbe, wilson, in observing that the imposmi • sugar duty has led to inquiries regardiug'tiu:s uses of sugar and its value as a fo"
sugar,1900,3,1054,423,6.4064,True,"sugar for consumptives. sugar ranks high amongst the heat-producing substances, and it is also a powerful producer of nervous energy. it is recommended by ..."
sugar,1900,3,1054,424,6.4112,True,"budget sicrts. the chancellor of the exchequer, having been naked to give an assurance that the present duty en sugar will not he increased this session, has de- clined to disclose his intentions as t"
sugar,1900,3,1054,425,6.4225,True,"""combine"" and so to raise the price of sugar in our markets. with free competition this could not have happened. would i forbid british ministers to discuss preferen- tial trade at the next colo..."
sugar,1900,3,1054,426,6.4228,True,"a case in point. mr. chamberlain at newport spoke of sugar, and said the exceedingly useful arrangement that we li. entered into with foreign powers had not raised the price of sugar at all. they had "
sugar,1900,3,1054,427,6.4257,True,"sugar for consumptives. sugar ranks high amongst the heat-producing substances, and it is also a powerful producer of nervous energy. it is recommended by ..."
sugar,1900,3,1054,428,6.4264,True,"foster at the sugar convention. col. lie denies it is a protectionist measure. and as low as bs. 3d. the most extraorlin- ary thing was the discrepant.), in the value of..."
sugar,1900,3,1054,429,6.4291,True,the case of sugar. il hi not difficult to suggest what would happen if the chancellor of the exchequer had 132 en in a position to accede to the request of the deputat...
sugar,1900,3,1054,430,6.4291,True,"old and new duties on sugau. twenty-seven years have elapsed since sugar was relieved of all tribute to the xeventte of tha united kinstdoin,.and in tha iffierval the consumption of sugar has enormous"
sugar,1900,3,1054,431,6.4292,True,"sugar for consumptives. sugar ranks high amongst the heat-producing substances, and it is also a powerful producer of nervous energy. it is recommended by ..."
sugar,1900,3,1054,432,6.4296,True,"what 18 the disease? diabetes is an ailment in which sugar is given off in largo quantiiio4, in place of being utilised es e food-siib•itanee by the tissues of the body. the liver is the great storeho"
sugar,1900,3,1054,433,6.4319,True,"burnt sugar as an antiseptic. the custom of burning sugar in a sick- room is very current among all classes in france, but up to the present has been re- garded ..."
sugar,1900,3,1054,434,6.4419,True,sugar and human growth. it is asserted by a phrieian that the need height and weight of britons tnti americans in the last half century are ehiefly due to ...
sugar,1900,3,1054,435,6.4462,True,"tariff's and sugar effect on british trade. the tariff commissioners' report on sugar and confectionery"" has just been forwarded to us for review. among the points it i..."
sugar,1900,3,1054,437,6.4474,True,"jams, made from fresh ripe fruit and refined sugar only. these jails are of the ilighett quality, and are far suptior to what are usually sold. wal laces' new orange marmalade is now re,iuy. made from"
sugar,1900,3,1054,441,6.4716,True,"—(e)-- ""what cured him of gambling?"" ""an uufortunate speculation in the sugar market."" ""then if he is sugar cured he ought to stay cured."""
sugar,1900,3,1054,443,6.476,True,"h. roberts and the sugar convention. h:roberts seconded and remarked that there was one matter which claimed the attention of every work- ing man,and that was that at the pre..."
sugar,1900,3,1054,446,6.4791,True,"the sugar convention. mr. fearnelev said he had seen a couple of letters which appeared to be in reply to some remarks made by mr. pierpoint, m.p., to the effe..."
sugar,1900,3,1054,448,6.4808,True,"some sugar statistics. figures derived from official sources show that the largest national consumption of sugar is in the united kingdom, where it is 91.6 poun..."
sugar,1900,3,1054,449,6.4877,True,"the early use of sugar. the sugar-cane and its uses have been known in india. its native home, from time immemorial. it is, perhaps, the earliest source from which sugar wa..."
sugar,1900,3,1054,450,6.4939,True,the sugar bounties. replying to a memorial from liverpool. mr chamberlain says he is well aware of the injury which has been caused to the west indian colmiies...
sugar,1900,3,1054,453,6.5048,True,"the rise in the price of sugar. six millions or eight. (to the editor of the daily news."") sir,—two eminent members of the fiscal reform"" party have been attempting to explain away..."
sugar,1900,3,1054,457,6.5269,True,"the affaihs of bostocks, limited. a meeting of creditors was held at liver- pool on wednesday in the winding up of bostocks, limited, sugar manufacturers, who supplied to various brewers the glucose s"
sugar,1900,3,1054,458,6.527,True,"""knocked"" ok soger. there was no act of the conservative adminis- tration to which radicals vowed more inflexible and enduring hostility than the sugar convention, in virtue of which sugar bounties we"
sugar,1900,3,1054,459,6.5418,True,contemporary chat. english sugar beet the cultivation of anger beet appears to be likely to increase in england according to ter ports. d thee. are iss be believed. 1 hia upon farms ...
sugar,1900,3,1054,460,6.5447,True,the sugar bounties. replying to a memorial from liverpool. mr chamberlain says he is well aware of the injury which has been caused to the west indian colmiies...
sugar,1900,3,1054,463,6.5535,True,_ the rise in sugar. mr. lloyd george and the egregious folly of the convention. a loss of nine million pounds. speaking in the house of commons on tuesday night mr. llo...
sugar,1900,3,1054,464,6.5545,True,"...orrespondence. [letters intended for insertion in the ""standard"" must in every instance be accom- panied by the real name and address of the sender.] sugar and wheat prices. questions for air. helaie"
sugar,1900,3,1054,465,6.5605,True,"the examiner, saturday, march 4, 1905. a launch at sankey bridges. indies gain over sugar the east indies lose over tea. it is true no doubt as mr. brodrick said the other day that vladivostock is sti"
sugar,1900,3,1054,466,6.5613,True,indies gain over sugar the east indies lose over tea. it is true no doubt as mr. brodrick said the other day that vladivostock is still a free port. if indian tea can force...
sugar,1900,3,1054,467,6.5625,True,"-:0:---- the arsenic mire has been dita.i`ious to measr.s. bostock, the firm who supplied the brewers with the sugar containing arsenic. a case for damages went against them re- cently, and the verdic"
sugar,1900,3,1054,468,6.5635,True,"the price of sugar meant—it entailed hardship and benefited other muintries at our expense. proceed- ing, the speaker referred to the corn supply. mr. chamberlain propo..."
sugar,1900,3,1054,469,6.5636,True,"working people and the tax on sugar. a conference of delegates from co-operative societies in lancashire and yorkshire was held on saturday at manchester, to consider the sugar conventi..."
sugar,1900,3,1054,471,6.5695,True,"science notes and gleanings. sugar an!) fasting animals. experiments by protease.- ugolino wee°, university of genoa, show that sugar rises the temperature of a fastimr animal. '1 he t..."
sugar,1900,3,1054,473,6.5755,True,taxation of sugar. mr chamberlain's view of the present crisis. sugar firm's repo'. mr chamberlain has written the follow- ing leiter m reply to messrs jaiie and sharp...
sugar,1900,3,1054,474,6.5756,True,"a case in point. mr. chamberlain at newport spoke of sugar, and said the exceedingly useful arrangement that we li. entered into with foreign powers had not raised the price of sugar at all. they had "
sugar,1900,3,1054,475,6.5802,True,"yesterday's parliament. the budget. of a 55,000.00). duties on sugar and exported coal the house of commons met again after the i easter reoess yesterday. the chancellor of the laohequer laid his budg"
sugar,1900,3,1054,476,6.5892,True,"...el, letter from the house. mr h. samuel's weekly letter to lis am. stituents is as foilows:— house of commons, nov. 28th, on monday the policy of the sugar bounties convention was discu"
sugar,1900,3,1054,478,6.5962,True,lecture on sugars. at the fourth meeting of the session in connection with the literary and philosophical society. mr. j. allan (messrs. j. crosfield and sons) lectur...
sugar,1900,3,1054,479,6.5993,True,"jams, made from fresu ripe fruit and refined sugar only.t: these jams are of the lligheet quality, and are far euperi9r to what era tteuelly buhl. wallaces' new 44,......:t.... qt.', -.. ---., .. -7 l"
sugar,1900,3,1054,480,6.6001,True,"the early use of sugar. the sugar-cane and its uses have been known in india. its native home, from time immemorial. it is, perhaps, the earliest source from which sugar wa..."
sugar,1900,3,1054,482,6.6014,True,public notices. the ripon observer thursday. february 21. 1907. ripon notes. the question of the beet sugar industry brought before the members of the rion agricultural association last thursday by co
sugar,1900,3,1054,484,6.6053,True,"the sugar convention. sir,—l notice with some amount of interest, that at a recent meeting of the conservative labour party, great attention was paid by mr. fe..."
sugar,1900,3,1054,485,6.6087,True,"the proposed sugar duty. the standard"" says i—it o believed in tome well-informed quarters that although the chan- cellor of the exchequer ins lad the question cf 911,g..."
sugar,1900,3,1054,488,6.6143,True,the rise in sugar. mr. lloyd george and the egregious folly of the convention. a loss of nine million pounds. speaking in the house of commons on tuesday night mr. llo...
sugar,1900,3,1054,489,6.6147,True,the rise in sugar. mr. lloyd george and the egregious folly of the convention. a loss of nine million pounds. speaking in the house of commons on tuesday night mr. llo...
sugar,1900,3,1054,491,6.6197,True,"...rliamietrr 114pli whim at westminster doe home of lorde on monday lord deh called attention to the inesiera attending the experimental cultivation of sugar beet in the united kingdom, and asked whet"
sugar,1900,3,1054,492,6.6265,True,...ls organizing. joint meeting of whithross & st. austin's ward committees. interesting speeches. had to pay from s2d. to i.ld. per lb. more to-day for sugar than she paid a short time ago. the su
sugar,1900,3,1054,493,6.6324,True,"strontium in sugar making. at one time strontium seemed destined to play an important cart in sugar making. in ordinary sugar refining the ultimate molasses, although i..."
sugar,1900,3,1054,495,6.6438,True,"the sugar tax. sir,—mr. parker's letter is in no sense a reply to what i said—that the liberals never mention the sugar tax now. a few months ago they were alw..."
sugar,1900,3,1054,496,6.6462,True,"the sugar tax. sir,—mr. parker's letter is in no sense a reply to what i said—that the liberals never mention the sugar tax now. a few months ago they were alw..."
sugar,1900,3,1054,497,6.6496,True,the examiner. august ist 1903. there is one thing the government that cannot be and dear sugar- denied to mr. betroun's adminis- tration. it has deserved and will obtain a unique place in history as t
sugar,1900,3,1054,498,6.6549,True,"the technical institute science students' association. on saturday a lecture on sugar refining was delivered before the association by mr. s. hardcastle, late of fairries ltd.. liverpool. mr. p.fisher"
sugar,1900,3,1054,499,6.6556,True,"a great reform begun. mr charles trevelyan. m.p., writes house of commons, july 11th. 1907: the sugar tax. every liberal from the chancellor of the exchequer downwards was dis appointed that the circu"
sugar,1900,3,1054,501,6.6567,True,"unfair competition. as the united kingdom has become more and more dependent on foreign refined sugar the brit- ish refining industry has suffered from unfair conditions of competition, and british la"
sugar,1900,3,1054,502,6.657,True,"the sugar convention. the socialist vote. mr. joseph howes on the irish question. sir,-1 notice with some amount of interest, that at a -recent meeting of the ..."
sugar,1900,3,1054,503,6.6573,True,"the price of sugar, commerce will only flourish when it is let alone and when no external considerationsaare allowed tt• impede the free sale and exchange of commoditie..."
sugar,1900,3,1054,504,6.6687,True,votes. those eight millions. one of the; most impudent assertions of the cobdenite press is that the sugar convention boa coot this country xemoomoo in to sugar hill. they arrive at this mendacions st
sugar,1900,3,1054,505,6.6761,True,"the cost of the sugar convention. sir,—your correspondent mr. .1. gandy referring to sugar states that although the bounties aro abolished sugar is again wonderfully cheap..."
sugar,1900,3,1054,507,6.6828,True,"g. h. walker. warrington. mr. pierpoint, mp., and the sugar convention. sir,—l was very pleased to see in your last saturday's issue that mr. parker had taken up the statement made by mr. pierpoint on"
sugar,1900,3,1054,509,6.6943,True,"save a dividend of i to :, _ in the 4.:, and obtain the highest quality of goods. w.. 1 luc pure jams, made fkom freill rife fruit and refined sugar only. w a. llaces'"
sugar,1900,3,1054,512,6.7054,True,"strontium 'ffi sugar makin-- at one -gime- stronlium seemed destined to play an important part in sugar making. in ordinary sugar refining the ultimate molasses, although..."
sugar,1900,3,1054,516,6.7227,True,"cotton versus sugar growing. mr. george hughes, a well known west indian chemist has introduced a process by means of which the pith of the sugar cane is converted into ..."
sugar,1900,3,1054,517,6.7234,True,"their yearly sale of sugar coated phils excp.els 2,000,000 boxes. all grocers. dx., obtain them from parkinsons. manufacturing chemists. burnley. brain food harburn's"
sugar,1900,3,1054,518,6.7236,True,"burnt sugar as an antiseptic. the custom of burning sugar in a sick- room is very current among all classes in france, but up to the present has been re- garded ..."
sugar,1900,3,1054,520,6.7319,True,"the cost of the sugar convention. sir,—ymir correspondent mr. j. gandy referring to sugar states that although the bounties are abolished sugar is again wonderfully cheap...."
sugar,1900,3,1054,522,6.7386,True,"sugar beet growing. government and the jonvention. the earl of denbigh, in the house of l irds on monday, asked the government whether, in view of their ex..."
sugar,1900,3,1054,523,6.74,True,"titatea and cuba and porto the retxnt report of tho royal cktmotion en the west holies reeonunended that the enuill sugar proprietor roukt humane cane fanners only, sending their produtt to a übino"" o"
sugar,1900,3,1054,524,6.7424,True,"a wonderful plant. prom the time of the first importation of sugar bum the west indian colonies, which took place about the middle of the seventeenth century, it has been a comparatively common luxury"
sugar,1900,3,1054,525,6.7426,True,"burnt sugar as an antiseptic. the custom of burning sugar in a sick- room is very current among all classes in france, but up to the present has been re- garded ..."
sugar,1900,3,1054,526,6.7517,True,food value of sugar: experrin—ec—its— have been inad 1y petfesoor mosee at genoa to test the food value of siugarl in mew of exhaustion from hunger. hie results' ourdirm...
sugar,1900,3,1054,527,6.7527,True,"tea and sugar. confident anticipationa had been hekt that both the tea and c-.:ugar duties would be reclined. not only dal the chancellor refuse to touch them, but..."
sugar,1900,3,1054,528,6.755,True,"cotton versus sugar growing. mr. george hughes, a well known west indian chemist has introduced a process by means of which the pith of the sugar cane is converted into ..."
sugar,1900,3,1054,530,6.7591,True,"burnt sugar as an antiseptic. the custom of burning sugar in a sick- room is very current among all classes in france, but up to the present has been re- garded ..."
sugar,1900,3,1054,532,6.7672,True,sitgam4 they were told the wicked conservatives had put up the price of auger. they knew the muso was the drought on the continent. sugar was now coming from many mere countries than it did in previou
sugar,1900,3,1054,533,6.769,True,"no british sugar. lord denbigh did good service by calling at- tention in the house of lords, the other day, ti the case of sleaford, lincolnshire, where, because of ..."
sugar,1900,3,1054,535,6.7741,True,"the sugar duty. in the february number of ""the manchester chamber cf commerce monthly record"" the fol• lowing appears manchester chamber of commerce, 19th febr..."
sugar,1900,3,1054,537,6.7846,True,the price of sugar. a _ • commerce will only flourish when it is let alone and when no external considerations are allowed to impede the free sale and exchange of commo...
sugar,1900,3,1054,539,6.7871,True,"the sugar tax. sir,—mr. parker's letter is in no sense a reply to what i said—that the liberals never mention the sugar tax now. a few months ago they were alw..."
sugar,1900,3,1054,541,6.7959,True,"strontium 'ffi sugar makin-- at one -gime- stronlium seemed destined to play an important part in sugar making. in ordinary sugar refining the ultimate molasses, although..."
sugar,1900,3,1054,542,6.7965,True,"...rers warn the brewers. a new and stuffing light has been thrown on the beer poisoning mystery through the notion of messrs. bostoek and co., limited, sugar ref"
sugar,1900,3,1054,543,6.7969,True,"sugar in view of the experiments now i), ing made in this country with sugar beet, the remarks of the u.s.a. department of agriculture on the subject of su..."
sugar,1900,3,1054,544,6.8053,True,"the sugar convention. mr. fearnelev said he had seen a couple of letters which appeared to be in reply to some remarks made by mr. pierpoint, m.p., to the effe..."
sugar,1900,3,1054,545,6.8147,True,"preserving season! granulated sugar, 2s, 4d. per stone. skene castor, and good lump, 2s. bd. per stone. demarara, best lump, best castor. and best sugar nibs (all pure cane) at 3s. per ..."
sugar,1900,3,1054,547,6.8272,True,a new industry. profitable english sugar farms a splendid possibility. with the abolition of sugar bounties it will be possible for the first time to grow sugar in eng- land at a profit. thi...
sugar,1900,3,1054,548,6.8297,True,sugar and bounties. radicals who are making the most of the rimi in the price of sugar ascribe it al/ to the convention for abolishing tho bounty system. n...
sugar,1900,3,1054,549,6.8303,True,"science notes and gleanings. sugar an!) fasting animals. experiments by protease.- ugolino wee°, university of genoa, show that sugar rises the temperature of a fastimr animal. '1 he t..."
sugar,1900,3,1054,550,6.8313,True,"...he brussels convention. the brussels convention, which came into emu- sties in 1903, abolished state bounties on the cul- tivation and manufacture of sugar in germany, austria, france, belgium, and o"
sugar,1900,3,1054,551,6.836,True,feeding stuff& we would draw oar modem' attention to is speciality in feeding stuffs. it is manu- factured by wens. booker dios. on their own sugar plantations in demeram and ie entinidy the product o
sugar,1900,3,1054,552,6.8361,True,"...se furnisher, 23 and 24, kirkgate, ripon. houses completely furnished for cash or by arrangement to suit customers. preserving season! best pure cane sugar nibs 2s. 9d. per ston"
sugar,1900,3,1054,554,6.8422,True,"friday, deci‘nber 12, 1902. the truth about teh sugar convxntion. tim smart passage at arms which took place in the house of oommone on friday evening, in which mr. balfour sad mr. thomas bowles were "
sugar,1900,3,1054,555,6.8428,True,"county borou(41i of warrington.— the sanitary works committee are prepared to receive tenders for the supply of second hand sugar bags, 10,000 measuring 38ins. by 281ns. to hold licwts. each, and 2,00"
sugar,1900,3,1054,559,6.8629,True,"got it done. an intelligent-looking boy walked into a grooer's shop the other day, and, reading from a paper, said: ""i want six pounds of sugar at. 21d a pound."" ""yes,' said the showily), ""that will b"
sugar,1900,3,1054,560,6.8659,True,"the sugar tax. sir,—mr. parker's letter is in no sense a reply to what i said—that the liberals never mention the sugar tax now. a few months ago they were alw..."
sugar,1900,3,1054,561,6.8699,True,"strontium in sugar making: at one time strontium seemed destined to play an important part in sugar making. in ordinary sugar refining the ultimate molasses, although i..."
sugar,1900,3,1054,562,6.8711,True,"what is the dise/se? diabetes is so ailment in which sugar is given off in large quantitio., in place of being utilised as a foud-iiiibstence by the tissues of the body. the liver is the great storeho"
sugar,1900,3,1054,563,6.8738,True,"mr. bottomley and sugar prices. not al.-ft:cud by the convention. mr. .1. h. bottomley, speaking in the charley division, on friday night, dealt with the question of the pri..."
sugar,1900,3,1054,564,6.8738,True,"a case in point. mr. chamberlain at newport spoke of sugar, and said the exceedingly useful arrangement that we li. entered into with foreign powers had not raised the price of sugar at all. they had "
sugar,1900,3,1054,566,6.8818,True,the sugar bounty peril. the 'opposition did not get much change out of the debate on sugar bounties on monday night. it was the height of folly to oppose the r...
sugar,1900,3,1054,567,6.8848,True,"tiie sweet itnyiw. the mato tenth, tionsessed by every healthy youngster. is nature'a token that sugar si required for the building of the body, the bracing of tired mustier, the enriching of the brai"
sugar,1900,3,1054,568,6.8863,True,"strontium in sugar making. at one time strontium seemed destined to play an important part in sugar making. in ordinary sugar refining the ultimate molasses, although i..."
sugar,1900,3,1054,569,6.8992,True,"strontium 'ffi sugar makin-- at one -gime- stronlium seemed destined to play an important part in sugar making. in ordinary sugar refining the ultimate molasses, although..."
sugar,1900,3,1054,570,6.8998,True,"sugar and sweets. how it affects little boys and girls. ""it's like this ara sweet-seller sa.4; •' chat hv.le °hap who wanted ju..t now 'a 'aputf o""umbuip •..."
sugar,1900,3,1054,571,6.9028,True,"a new sweetening. the secret of making levulose at the price of ordinary sugar has i,ist been discovered by mr sigmund stein, the well-known chemist and sugar expert. levulose, which is live times as "
sugar,1900,3,1054,572,6.9082,True,"strontium in sugar making. at one time strontium seemed destined to play an important part in sugar making. in ordinary sugar refining the ultimate molasses, although i..."
sugar,1900,3,1054,574,6.9124,True,"what 18 the disease? diabetes is an ailment in which sugar is given off in largo quantiiio4, in place of being utilised es e food-siib•itanee by the tissues of the body. the liver is the great storeho"
sugar,1900,3,1054,578,6.9153,True,"preserving season! best pure cane sugar nibs 2s. 9d. per stone. good lump sugar, 2s, sd, per stone. skene castor sugar, 2s. bd. per stone, at william parker's, the tea mart, 11, market plac..."
sugar,1900,3,1054,579,6.9246,True,"the cost of the sugar convention. sir,—your correspondent 1117. j. gandy referring to sugar states that although the bounties are abolished sugar is again wonderfully chea..."
sugar,1900,3,1054,580,6.9284,True,"science up-to-date about sugaii. i have been much interested,sa)sl/r.itatbe, wilson, in observing that the imposmi • sugar duty has led to inquiries regardiug'tiu:s uses of sugar and its value as a fo"
sugar,1900,3,1054,582,6.9346,True,"...rstand. perhaps this story will be better enjoyed when it is known that it is true. a warp-twister at a mill in this town kept a supply of coffee and sugar at his work, and had it mash"
sugar,1900,3,1054,584,6.935,True,"weighing sugar in heavy bags. at wolverhampton on wednesday, the sti- pendiary gave his decision in 12 summonses, under the weights and measures and mer- chandise m..."
sugar,1900,3,1054,585,6.9378,True,"a case in point. mr. chamberlain at newport spoke of sugar, and said the exceedingly useful arrangement that we li. entered into with foreign powers had not raised the price of sugar at all. they had "
sugar,1900,3,1054,587,6.9415,True,"strontium in sugar making: at one time strontium seemed destined to play an important part in sugar making. in ordinary sugar refining the ultimate molasses, although i..."
sugar,1900,3,1054,589,6.946,True,"...of passive resister's goods. on saturday afternoon, at the fishergate auction rooms, messrs burdon and co. offercd for sale by auction a solid silver sugar baain which bad been seized under distr"
sugar,1900,3,1054,590,6.9512,True,"the beet sugar crop for 1900. the united states consul at bremen, under date of october 22, reports the first estimate of the produotion of beet sugar for the world..."
sugar,1900,3,1054,591,6.9567,True,"the cost of the sugar convention. sir,—your correspondent mt. j. gandy referring to sugar states that although the bounties are abolished sugar is again wonderfully cheap...."
sugar,1900,3,1054,592,6.9621,True,"alcohol in sweet& sweats la which liquids are imprisoned hare beta a punt, to many pro e. they hare wondered why the sugar did rot die solve. the answer, of course, is tsays the nlattret"", that the li"
sugar,1900,3,1054,593,6.9625,True,"what is the dise/se? diabetes is so ailment in which sugar is given off in large quantitio., in place of being utilised as a foud-iiiibstence by the tissues of the body. the liver is the great storeho"
sugar,1900,3,1054,594,6.9628,True,"alleged arsenical sugar in beer. two deaths from arsenical poisoning are reported from crumpsall workhouse, alan- chaster. in that city and district excitement prevails as t..."
sugar,1900,3,1054,597,6.9702,True,the sugar tax. action by stockton con- fectioners local m.p. s innervievved the crunsimo of the stockton conference of clemland and south durham wholeeale eoni...
sugar,1900,3,1054,598,6.9727,True,* * * sugar for thin people. a french chemist recently gave an interesting account of the value of sugar as a food in certain conditions of ill-health. in some e...
sugar,1900,3,1054,599,6.9741,True,"sugar as a disinuctant. i• in many parts of europe kt is customary among people to burn su.gar in sick rooms, a pr.aatice wthieh is oonsidered by 4hyincian..."
sugar,1900,3,1054,600,6.9756,True,"thy bfoinning of beet sugar. the great sugar-be,t industry of the world owes its very existence to a discovery of vihnorin. the original sugar beet rown in france did not contai..."
sugar,1900,3,1054,601,6.9781,True,the new sugar tax. the government's proposal for a new tax of a halfpenny a pound on sugar has passed with but little opposition. the public feel that money must b...
sugar,1900,3,1054,603,6.9853,True,"science up-to-date about sugaii. i have been much interested,sa)sl/r.itatbe, wilson, in observing that the imposmi • sugar duty has led to inquiries regardiug'tiu:s uses of sugar and its value as a fo"
sugar,1900,3,1054,604,6.9862,True,"value of sugar. times go by turns, and chancels change by couxoe, front foul to fair, from bettor hap to worse. thus writes an ancient poet, and a great philosopher..."
sugar,1900,3,1054,605,6.9899,True,the sugar duties. on friday morning a deputation from the british workers' anti-sugar tax association waited upon the chancellor of the exchequer at the treasu...
sugar,1900,3,1054,606,6.9912,True,"jantary 2e, nem the world's record sugar plantation intains 13,000 acres. has 30 miles of rail- y, and employs 1,:-,00 people. the mann- kanre of sugar and salt is (tarried on by aid of 2,40..."
sugar,1900,3,1054,607,7.0001,True,"the sugar tax and the war. the chancellor of the exchequer stated in the house of commons, on monday, that he estimated that the war 'in china and south africa..."
sugar,1900,3,1054,609,7.0079,True,"\ till sugar and coal taxes. ile would noh say anything about the it,ccime-ta%. he believed mr. labouchere's statement to he tree when he 8.1i.1 that the general ..."
sugar,1900,3,1054,610,7.009,True,"mr. chaim rlain's policy. i important parliamentary declarations. in the house of commons on may 28, the bill to give effect to the sugar convention was read for a first time. on the motion that the h"
sugar,1900,3,1054,611,7.0205,True,"burnt sugar as an antiseptic. the custom of burning sugar in a sick- room is very current among all classes in france, but up to the present has been re- garded ..."
sugar,1900,3,1054,612,7.0209,True,"strontium in sugar making: at one time strontium seemed destined to play an important part in sugar making. in ordinary sugar refining the ultimate molasses, although i..."
sugar,1900,3,1054,613,7.0229,True,"g. h. walker. warrington. mr. pierpoint, mp., and the sugar convention. sir,—l was very pleased to see in your last saturday's issue that mr. parker had taken up the statement made by mr. pierpoint on"
sugar,1900,3,1054,614,7.0243,True,"the sugar cake. i am se-n-criiyig you -a—re,ho-re—essny on the sugar ciao. when sugar canes are ready for cuttang down, they are cut off as elose as possible t..."
sugar,1900,3,1054,615,7.0257,True,"facts inz. nutstiell there are about 50,000 oostermonstera in loudon. a long dozen among cornish fishermen signifies 26. sugar is found more or lees in nearly all vegetable substanes. it takes 25 1-3r"
sugar,1900,3,1054,617,7.0264,True,"worth advertiser, saturday. december 1. 1900. the farmers' column. sugar beet growing in warwick- shire. the rev. edward muckleston, m.a., of heseley glebe farm, warwick, has been continuing his exper"
sugar,1900,3,1054,618,7.0284,True,votes. those eight millions. one of the; most impudent assertions of the cobdenite press is that the sugar convention boa coot this country xemoomoo in to sugar hill. they arrive at this mendacions st
sugar,1900,3,1054,621,7.0373,True,"origin of sugar. sugar was the outcome of moorish civili- sation. the crusader brought .back with him the ""sweet; powder"" the, children loved. it was lo:ig posterior..."
sugar,1900,3,1054,622,7.038,True,the price of sugar. coramerc3 will oily flourish wnen it is let alone and when no external considerations are allowed to impede the free sale and exchange of commoditie...
sugar,1900,3,1054,623,7.0393,True,"...el, letter from the house. mr h. samuel's weekly letter to lis am. stituents is as foilows:— house of commons, nov. 28th, on monday the policy of the sugar bounties convention was discu"
sugar,1900,3,1054,624,7.0396,True,"...r-expanding wants meanwhile, the english politician has been wisely engaged in doing— nothing. he has observed with plea- sure the decreasing cost of sugar, be- cause he knows that the cheaper su"
sugar,1900,3,1054,625,7.0411,True,"strontium in sugar making. at one time strontium seemed destined to play an important part in sugar making. ordinary sugar refining the ultimate mullein, although it co..."
sugar,1900,3,1054,626,7.0472,True,"...the centre chamber of agriculture on wednesday la london, lord denbigh made a statement is to experiments he had teen conducting id the ouhisation of sugar b"
sugar,1900,3,1054,628,7.0574,True,sugar leaves. the extraordinary purity and brightness of the colours of many alpine flowers--and the same is true of arctic ones—is well known. the vivid c...
sugar,1900,3,1054,629,7.059,True,"sugar as a disinfectant. in many parts of. europe it is customary among the people to burn sugar in sick rooms, a practice which is considered by physician..."
sugar,1900,3,1054,630,7.0599,True,"cotton versus sugar growing. mr. george hughes, a well known west indian chemist has introduced a process by means of which the pith of the sugar cane is converted into ..."
sugar,1900,3,1054,631,7.0633,True,"...of passive resister's goods. on saturday afternoon, at the fishergate auction rooms, messrs burdon and co. offercd for sale by auction a solid silver sugar baain which bad been seized under distr"
sugar,1900,3,1054,632,7.0634,True,"preserving season! granulated sugar, 2s, 4d. per stone. skene castor, and good lump, is. bd. per stone. demarara, best lump, best castor, and best sugar nibs (all pure cane) at 3s. per ..."
sugar,1900,3,1054,633,7.0645,True,"sugar vapour as antiseptic. the :custom of burning sugar in a sick- room is very current among- all classes in france, but up to the present has been re- g..."
sugar,1900,3,1054,634,7.0681,True,"sugar vapour as antiseptic. the :custom of burning sugar in a sick- room is very current among- all classes in france, but up to the present has been re- g..."
sugar,1900,3,1054,635,7.0738,True,"""agriculture, as the greatest of all trades and irdustries of this country. has been practically destroyed, sugar has gone. silk has gone. iron is threatened, wool is threatened, cotton will come. now"
sugar,1900,3,1054,637,7.0782,True,rumoured sugar duties. in a communication issued on tuesday the west india committee state: the belief is gaining ground that in his forthcoming budget the chancell...
sugar,1900,3,1054,638,7.0799,True,"proposals. twopence in t on income tax 13,800,000 sugar tax, estimated to yield— 4:5,10000 coal tax, estimated to yield i.:2,100,mil sir michael hicks-beach said that the duty on sugar he proposed was"
sugar,1900,3,1054,639,7.0847,True,"the mistaims and gross blunders that be did at glasgow, greenock and other places. at greenock he told us sugar is gone, silk is gone, iron is threatened."" he quoted the report of an interview between"
sugar,1900,3,1054,640,7.0864,True,"• stockton and thornaby the ta ft' vale! the sugar tax. colonelropner, m.f. takes aotion. interesting corres- fondence. in accordance with a promise made to a deputation representng the cleveland mid "
sugar,1900,3,1054,645,7.1114,True,when sugar supplanted cotton. old cotton fields' revival. when one recalls that in the eighteenth century the weet indies produced the whole of lancashire's sup...
sugar,1900,3,1054,646,7.118,True,"good templary. cotton versus sugar growing. mr. george hughes, a well known west indian chemist has introduced a process by means of which the pith of the sugar cane is converted into ..."
sugar,1900,3,1054,647,7.1183,True,"sugar in view of the experiments now i), ing made in this country with sugar beet, the remarks of the u.s.a. department of agriculture on the subject of su..."
sugar,1900,3,1054,649,7.1395,True,"...the centre chamber of agriculture on wednesday la london, lord denbigh made a statement is to experiments he had teen conducting id the ouhisation of sugar b"
sugar,1900,3,1054,651,7.143,True,"the sugar convention. the socialist vote. mr. joseph howes on the irish question. sir,-1 notice with some amount of interest, that at a -recent meeting of the ..."
sugar,1900,3,1054,653,7.146,True,sugar bounties. i congratulate you on passing an act enabling rny government to carry into effect my engagements to co-operate with other powers in bringin...
sugar,1900,3,1054,654,7.146,True,rumoured sugar duties. in a communication issued on tuesday the west india committee state: the belief is gaining ground that in his forthcoming budget the chancell...
sugar,1900,3,1054,655,7.1495,True,"burnt sugar as an antiseptic. the custom of burning sugar in a sick- room is very current among all classes in france, but up to the present has been re- garded ..."
sugar,1900,3,1054,656,7.1522,True,"crystals of sugar. impossible to discover the presence by any known optical means. the substanc?. how- ever, has undergone n'o chemical change: the sugar is still pres..."
sugar,1900,3,1054,657,7.1578,True,"sugar as a disinfectant. in many parts of europe it is customary among the people to burn sugar in sick rooms, a practice which is considered by physicians..."
sugar,1900,3,1054,658,7.1621,True,"...ion. in fifty years the germans have been able to produce, on the principle of selecting seeds from the best plants, beet which contain twice as much sugar as it formerly contained"
sugar,1900,3,1054,659,7.1679,True,"unfair competition. as the united kingdom has become more and more dependent on foreign refined sugar the brit- ish refining industry has suffered from unfair conditions of competition, and british la"
sugar,1900,3,1054,660,7.1716,True,"no british sugar. lord denbigh did good service by calling at- tention in the house of lords, the other day, ti the case of sleaford, lincolnshire, where, because of ..."
sugar,1900,3,1054,663,7.1888,True,pure preserving sugar from 2s. 6d. per stone upwards.
sugar,1900,3,1054,664,7.1888,True,pure preserving sugar from 2s. 6d. per stone upwards.
sugar,1900,3,1054,665,7.1912,True,"the examiner, saturday, february 18, 1905 the sugar convention. conservative labour— party's views. the recent letters. a meeting of the conservative labour party was held in the st. barnabas' schoolr"
sugar,1900,3,1054,667,7.1977,True,"sugar and sweets. how it affects little boys and girls. ""it's like this ara sweet-seller sa.4; •' chat hv.le °hap who wanted ju..t now 'a 'aputf o""umbuip •..."
sugar,1900,3,1054,671,7.2014,True,"...ay. in the hons. of lords the london education bill was mad a third time and passed, without discussion. the house of commons war in committee on the sugar convention bill. the reservation in f"
sugar,1900,3,1054,672,7.2018,True,"strontium in sugar making. at one time strontium seemed destined to play an important cart in sugar making. in ordinary sugar refining the ultimate molasses, although i..."
sugar,1900,3,1054,673,7.2031,True,"sugar and pasting animals. experiments by professor ugolino mosso, univer- sity of genoa, show that sugar raises the tempera- ture of a fasting animal the ..."
sugar,1900,3,1054,674,7.2093,True,"unfair competition. as the united kingdom has become more and more dependent on foreign refined sugar the brit- ish refining industry has suffered from unfair conditions of competition, and british la"
sugar,1900,3,1054,675,7.2097,True,"tue pcre beer qiikstion. i have seen it asserted that light ales cannot be made from british barley, and that, ba a cons sequence, sugar is necessary. we all know what arsenicated sugar has done durin"
sugar,1900,3,1054,680,7.2236,True,"strontium in sugar making. at one time strontium seemed destined to play an important part in sugar making. in ordinary sugar refining the ultimate molasses, although i..."
sugar,1900,3,1054,681,7.2279,True,"mr h. pike pease, m.p. mr pike pee. m.p. for dark gton, 1v,3 ono of the 13 unioniste who vonxi in the minority against the government on the sugar convention bill."
sugar,1900,3,1054,682,7.2301,True,"53 a week for persons over 70. c ost £6,000,000: 500,000 benefit. great reduction in sugar duty. the following are the principal points in mr a squith's budget proposals old age pensions. five shillin"
sugar,1900,3,1054,683,7.2377,True,"the technical institute science students' association. on saturday a lecture on sugar refining was delivered before the association by mr. s. hardcastle, late of fairries ltd.. liverpool. mr. p.fisher"
sugar,1900,3,1054,684,7.2408,True,"the cost of the sugar convention. sir,—ymir correspondent mr. j. gandy referring to sugar states that although the bounties are abolished sugar is again wonderfully cheap...."
sugar,1900,3,1054,685,7.2433,True,"sugar vapour as antiseptic. the :custom of burning sugar in a sick- room is very current among- all classes in france, but up to the present has been re- g..."
sugar,1900,3,1054,686,7.2436,True,"...d stamps. loose or in collection.bought at no. 3. carliugford-at, off upper parliament-st, liverpool. no common stamps wanted, the termination of the sugar b"
sugar,1900,3,1054,688,7.2473,True,"'the txnatirier, saturday, february 18, 1905 the sugar convention. conservative labour party's views. the recent letters. a meeting of the conservative labour party was held in the st. barnabas' schoo"
sugar,1900,3,1054,691,7.2564,True,"the examiner, saturday, february 18, 1905 the sugar convention. conservative labour party's views. the recent letters. a meeting of the conservative labour party was held in the st. barnabas' schoolro"
sugar,1900,3,1054,692,7.264,True,"working people and the tax on sugar. a conference of delegates from co-operative societies in lancashire and yorkshire was held on saturday at manchester, to consider the sugar conventi..."
sugar,1900,3,1054,693,7.2654,True,"...,' klink,""tenasitine:--cements for broken and other articles.—advt. the technical institute science students' association. i on saturday a lecture on sugar refining was delivered before the"
sugar,1900,3,1054,695,7.2827,True,"g. h. walker. warrington. --- mr. pierpoint, m p., and the sugar convention. sir,-1 was very pleased to see in your last saturday's issue that mr. parker had taken up the statement made by mr. pierpoi"
sugar,1900,3,1054,696,7.2838,True,"...housz. r alfred bilhon, died suddesilj in the littikle of commune on talon* eensing. 114. went into the aye division lobby- to record ma you.. en the sugar duty, wham he ha, an i when"
sugar,1900,3,1054,697,7.2859,True,a new industry. profitable english sugar farms a splendid possibility. with the abolition of sugar bounties it will be possible for the first time to grow sugar in eng- land at a profit. thi...
sugar,1900,3,1054,698,7.2884,True,"the sweet tooth the sweet tooth, possessed by every healthy youngster, is nature's token that sugar is required for the building of the body, the bracing of tired muscles, the enriching of the brain. "
sugar,1900,3,1054,699,7.2942,True,"wayfarer. a clever ruse. an intelligent-looking bay walked into a grocer's shop the other day, and, reading from paper, said— ""1 want six pounds of sugar at 21d. a pound."" ""yee,"" said the shopririn, """
sugar,1900,3,1054,700,7.3021,True,"import trade: master: ""wcaq-iia-;;;p-riri;iipa—f product of the west indies _ pupil: i don't know."" ""why, don't you know where the sugar you use eolnes from?"" ""yes, sir. wo borrow it from the people n"
sugar,1900,3,1054,701,7.3026,True,the sugar bounties. replying to a memorial from liverpool. mr chamberlain says he is well aware of the injury which has been caused to the west indian colmiies...
sugar,1900,3,1054,702,7.3033,True,"g. h. walker. warrington. --- mr. pierpoint, m p., and the sugar convention. sir,-1 was very pleased to see in your last saturday's issue that mr. parker had taken up the statement made by mr. pierpoi"
sugar,1900,3,1054,703,7.3093,True,...ommons on tue.lay the chan- cellor of the exchequer. answering n question. said 11l saw no reason to alter the view he expressed when introducing the sugar tax last ses
sugar,1900,3,1054,704,7.3113,True,"where sugar comes from children, like irish,nen, are credited w,th • good deal of uneonscio-ts humour. the latesf instance brought to my notice is one of the cx...."
sugar,1900,3,1054,705,7.3183,True,"a lump of sugar. if we examine the structure of a lump of loaf sugar we find that it is built up of an immense number of small, sparkling, and transparent crystals. ..."
sugar,1900,3,1054,706,7.3208,True,"burnt sugar as an antiseptic. the custom of burning sugar in a sick- room is very current among all classes in france, but up to the present has been re- garded ..."
sugar,1900,3,1054,707,7.323,True,"the cost of the sugar convention. sir,—your correspondent 1117. j. gandy referring to sugar states that although the bounties are abolished sugar is again wonderfully chea..."
sugar,1900,3,1054,708,7.3239,True,"... taxation, land he often wondered how many members lof that house had made sacrifices to weft the taxation. (hear, hoar.) the tax placed upon tea and sugar and bread 11101 alt nothing t"
sugar,1900,3,1054,710,7.3315,True,"the sweet tooth. • the sweet tooth, possessed by every healthy youngster, is nature's token that sugar is required for the building of the body, the bracing of tired muscles, the enriching of the brai"
sugar,1900,3,1054,711,7.3327,True,food value of sugar: experrin—ec—its— have been inad 1y petfesoor mosee at genoa to test the food value of siugarl in mew of exhaustion from hunger. hie results' ourdirm...
sugar,1900,3,1054,713,7.35,True,"alleged arsenical sugar in beer. two deaths from arsenical poisoning are reported from crumpsall workhouse, alan- chaster. in that city and district excitement prevails as t..."
sugar,1900,3,1054,715,7.3576,True,"--:o:-- sir a. l. jones, as head of the elder dempster line. has made a heroic offer to the planters of the west indies. he will convey their sugar free of freight to this country. aid. huntington. of"
sugar,1900,3,1054,716,7.3609,True,"the cost of the sugar convention. sir,—your correspondent mt. j. gandy referring to sugar states that although the bounties are abolished sugar is again wonderfully cheap...."
sugar,1900,3,1054,717,7.3622,True,",- correspondence. dear sugar and protection. the story of the sugar convention"
sugar,1900,3,1054,718,7.3627,True,"nor sr or commons.—mond. the consideration of the finance bill committee was reeumed. an animated debate arose upon the sugar duty clause. which wee ,ultimatelv carried by 340 votes to mk the :committ"
sugar,1900,3,1054,720,7.3694,True,"strontium in sugar making. at one time strontium seemed destined to play an important part in sugar making. ordinary sugar refining the ultimate mullein, although it co..."
sugar,1900,3,1054,723,7.3788,True,"what is demerara sugar? a week ago an important ease was heard v the auckland justices in which john idiom howe, grocer, of etherley, was ti.rrpd with having sold to inspec..."
sugar,1900,3,1054,724,7.3809,True,"..."" a spirit of mockery"" was detected by the chairman of committee of the house of com- mons the other day in a suggested amendment of the title of the sugar convention bill. we wo"
sugar,1900,3,1054,725,7.3855,True,what we want to know. i should like to ask how is the remission of taxation which has hoch promised upon tea and sugar l t&nd in the interval be- tween now and the time to come. i allude to it because
sugar,1900,3,1054,727,7.3894,True,"strontium in sugar making. at one time strontium seemed destined to play an important part in sugar making. ordinary sugar refining the ultimate mullein, although it co..."
sugar,1900,3,1054,728,7.4045,True,"...ificial cell. an interesting example of an artificial cell is described by stephane leduc in the ""comptes rendus."" it is formed by allowing a drop of sugar solution containing a trace of potassi"
sugar,1900,3,1054,729,7.4047,True,"... nay it, flannel, le. 2d. yard.—wades, naval contractor, chatham, write for patterns, dargain.—widow requiring cash will sell lileetro plated teapot, sugar and "
sugar,1900,3,1054,730,7.406,True,"...rtificial cell an interesting example of an artificial cell is described by stephan° leduc in the comptes rendus."" it is formed by allowing a drop of sugar solution containing a trace of potassium"
sugar,1900,3,1054,731,7.4065,True,"...the shipping trade. ----- two hundred years ago there was a boom in the slave trad6. our west indian planters were hard up for cheap labour for their sugar and coffee and cotton plantations, and "
sugar,1900,3,1054,732,7.4121,True,we will sell 3-11). sugar at special 1/9 parcel 1-ib. oar celebrated tea or cocoa at 1/6 41b. finest granulated sugar at 21d 9d. 1-ib. margarine overweight -1/. the finest sub...
sugar,1900,3,1054,735,7.4329,True,"sugar as a disinuctant. i• in many parts of europe kt is customary among people to burn su.gar in sick rooms, a pr.aatice wthieh is oonsidered by 4hyincian..."
sugar,1900,3,1054,737,7.4366,True,"...ificial cell. an interesting example of an artificial cell is described by stephan° leduc in the ""comptes rendus."" it is formed by allowing a drop of sugar solution containing a trace of potassi"
sugar,1900,3,1054,740,7.4494,True,"sugar beet experiments. important results shown. the extensive experiments in the growth of sugar-beets, which are this year being carried out in all parts..."
sugar,1900,3,1054,741,7.4585,True,"strontium in sugar making. at one time strontium seemed destined to play an important part in sugar making. ordinary sugar refining the ultimate mullein, although it co..."
sugar,1900,3,1054,742,7.4638,True,"thy bfoinning of beet sugar. the great sugar-be,t industry of the world owes its very existence to a discovery of vihnorin. the original sugar beet rown in france did not contai..."
sugar,1900,3,1054,743,7.4722,True,"...ion. in fifty years the germans have been able to produce, on the principle of selecting seeds from the best plants, beet which contain twice as much sugar as it formerly contained"
sugar,1900,3,1054,746,7.4846,True,"science and inventir burnt sraar antiseptic. in some parts of europe it is customaryk poople to burn sugar in sickrooms, kt lice which is considered by physicians solo nocent superstition, neither ben"
sugar,1900,3,1054,747,7.4854,True,"what 18 the disease? diabetes is an ailment in which sugar is given off in largo quantiiio4, in place of being utilised es e food-siib•itanee by the tissues of the body. the liver is the great storeho"
sugar,1900,3,1054,749,7.4933,True,contemporary chat. english sugar beet the cultivation of anger beet appears to be likely to increase in england according to ter ports. d thee. are iss be believed. 1 hia upon farms ...
sugar,1900,3,1054,750,7.4951,True,"the sugar cake. i am se-n-criiyig you -a—re,ho-re—essny on the sugar ciao. when sugar canes are ready for cuttang down, they are cut off as elose as possible t..."
sugar,1900,3,1054,752,7.4987,True,...is shown by the statistics that when the brit- ish cane-growing isolonies lost the market of the united kingdom through the importation of bounty-fed sugar from the c
sugar,1900,3,1054,753,7.5045,True,"sugar vapour as antiseptic. the custom of burning sugar in a sick- room is very current among all classes in france, but up to the present has been re- gar..."
sugar,1900,3,1054,754,7.5083,True,"the cost of the sugar convention. sir,—your correspondent mr. .1. gandy referring to sugar states that although the bounties aro abolished sugar is again wonderfully cheap..."
sugar,1900,3,1054,755,7.5103,True,"...ificial cell'. an interesting example of an artificial cell is described by stephane leduc in the comptes rendus."" it is formed by allowing a drop of sugar solution containing a trace of potassi"
sugar,1900,3,1054,757,7.516,True,"a great reform begun. mr charles trevelyan. m.p., writes house of commons, july 11th. 1907: the sugar tax. every liberal from the chancellor of the exchequer downwards was dis appointed that the circu"
sugar,1900,3,1054,758,7.5181,True,sugar beet factories. sugar beet factories are absolutely easent:al for the manufacture of sugar from sugar beet. farmers cannot possibly do the work for t...
sugar,1900,3,1054,759,7.5211,True,"to save sugar. -- now that fruit is so cheap and sugar dear, readers should try putting enough carbonate of soda to cover a sixpence amongst the fruit, and it only..."
sugar,1900,3,1054,760,7.5256,True,"knew by experih.nce. the schoolmaster was giving a lesson on ""con- science."" ""now, my boys,"" he said, ""supposing one of you stole a piece of sugar from the bec-in and popped it in your mouth, and moth"
sugar,1900,3,1054,761,7.5271,True,"origin of sugar. sugar was the outcome of moorish civili- sation. the crusader brought .back with him the ""sweet; powder"" the, children loved. it was lo:ig posterior..."
sugar,1900,3,1054,762,7.536,True,"february 25, 1905 thirsk & maltoji seat. mr j. j. brigg and the sugar convention. mr j. j. brigg, pri spective liberal candidate for the '1 beak and maltou on monday addrersed & pubhe meet- ing in the"
sugar,1900,3,1054,763,7.5428,True,"the soil for sugar beet. practical experience has shown that the best crops of sugar beets are obtained from rather heavy, well drained, and fertile clay looms, and it ..."
sugar,1900,3,1054,764,7.5444,True,"the sugar duty. in the house of commons, the debate on mr harold cox's new clause to the finance bill, proposing the abolition of the sugar duties, brought mos..."
sugar,1900,3,1054,765,7.5484,True,to those who make marmalade. please mote.—orange cutting machine lent for two days to ail purchasers of fruit and sugar. w 0 v. en n 9 best bitter oranges finest cane sugar bd. per doz. faivi9ly groce
sugar,1900,3,1054,767,7.5656,True,"preference to whom? when mr. chamberlain says he will take the taxes off tea, sugar, cocoa, and coffee to square the other food taxes, which will give the colonies a preference, does he mean all the c"
sugar,1900,3,1054,769,7.5738,True,"sugar and other sacks wanted state quantity and price. —coman, 4. circus, london. v.c. cianvassims wanted.—all towns, represent trade jour- nate. whole par..."
sugar,1900,3,1054,771,7.5772,True,"the beet sugar crop for 1900. the united states consul at bremen, under date of october 22, reports the first estimate of the produotion of beet sugar for the world..."
sugar,1900,3,1054,772,7.5776,True,...ls organizing. joint meeting of whithross & st. austin's ward committees. interesting speeches. had to pay from s2d. to i.ld. per lb. more to-day for sugar than she paid a short time ago. the su
sugar,1900,3,1054,773,7.5778,True,"strontium 'ffi sugar makin-- at one -gime- stronlium seemed destined to play an important part in sugar making. in ordinary sugar refining the ultimate molasses, although..."
sugar,1900,3,1054,774,7.5793,True,"the cost of the sugar convention. sir,—your correspondent mt. j. gandy referring to sugar states that although the bounties are abolished sugar is again wonderfully cheap...."
sugar,1900,3,1054,775,7.5874,True,"the magic hats. this pate is played by platting two hnts on s table, with the crowns upwards. thr performer 'then requests theta sugar-basin may be pro- &rad, from which a lump of sugar is taken. it i"
sugar,1900,3,1054,776,7.5882,True,"dangerous subsittutes. for sugar. in the course of some interest- ing observations on food adulteration, dr. de lavarenne refers to the manner in which the use of saccharin is being ..."
sugar,1900,3,1054,777,7.5987,True,food value of sugar. experiments have been made bv professor !ilosec at genoa to test the tood value of sugar in cases of exhaustion from hunger. ilis results confirm th...
sugar,1900,3,1054,778,7.5995,True,"strontium in sugar making: at one time strontium seemed destined to play an important part in sugar making. in ordinary sugar refining the ultimate molasses, although i..."
sugar,1900,3,1054,779,7.6029,True,a dutch protest. lln the second chamber states general. th • hague. yesterthiv van knarebeet- declared the reply of the british governm•nb to the sugar convention was contrary to the interpretation pl
sugar,1900,3,1054,780,7.6118,True,the sugar tax. action by stockton con- fectioners local m.p. s innervievved the crunsimo of the stockton conference of clemland and south durham wholeeale eoni...
sugar,1900,3,1054,781,7.612,True,"asiatics. boer meal flour or bread l4,zs. rice sugar coffee tea"
sugar,1900,3,1054,783,7.6308,True,sugar and sweetmeats. _ in koking hack oyes the pact few pars it is curious to note the changers that hese taken place irt rho v;sas of medical mca with re...
sugar,1900,3,1054,785,7.6367,True,"sugar and coal taxes. in dwelling upon the fluctuations of revenue during the year, he claimed that the sugar duty had been most successful. the good har- ..."
sugar,1900,3,1054,788,7.6492,True,"what is demerara sugar? a week ago an important ease was heard v the auckland justices in which john idiom howe, grocer, of etherley, was ti.rrpd with having sold to inspec..."
sugar,1900,3,1054,789,7.6492,True,"sugar for krucer. lilt% winston churchill, m.p. at the old- m primrose le/ annualmeeting,- on sat:arday, exoresseci.,o,44proval of the duty on coal and the..."
sugar,1900,3,1054,790,7.6511,True,"the cost of the sugar convention. sir,—your correspondent 1117. j. gandy referring to sugar states that although the bounties are abolished sugar is again wonderfully chea..."
sugar,1900,3,1054,792,7.6522,True,"the soil for sugar beet. practical experience has shown that the best crops of sugar beets are obtained from rather heavy, well drained, and fertile clay looms, and it ..."
sugar,1900,3,1054,793,7.6562,True,e o e sugared timber. among 'new uses to which sugar has recently been put is in the pre- servation of timber. much interest has been aroused by the announce- me...
sugar,1900,3,1054,794,7.6595,True,a nigger story. a gentleman owning a sugar estate in demerara went out to visit it for the first time. ths day after his arrival he stood watching the punts bringing the cane home. a young neg...
sugar,1900,3,1054,795,7.6718,True,"sugar vapour as antiseptic. the custom of burning sugar in a sick- room is very current among all classes in france, but up to the present has been re- gar..."
sugar,1900,3,1054,796,7.6729,True,"...observer office, wednesday. a new controversy. the government having agreed to a convention with the continental countries that pay bounties to their sugar refiners, the matter"
sugar,1900,3,1054,798,7.6775,True,"how japanese children are trained. japanese children have all the candy they can eat. great sticks of boiled sugar, made into ,a delicious candy, of all colours, clear, sweet, and attractive, are plac"
sugar,1900,3,1054,799,7.6806,True,"strontium in sugar making: at one time strontium seemed destined to play an important part in sugar making. in ordinary sugar refining the ultimate molasses, although i..."
sugar,1900,3,1054,800,7.6819,True,"...,' klink,""tenasitine:--cements for broken and other articles.—advt. the technical institute science students' association. i on saturday a lecture on sugar refining was delivered before the"
sugar,1900,3,1054,801,7.685,True,"strontium in sugar making. at one time strontium seemed destined to play an important cart in sugar making. in ordinary sugar refining the ultimate molasses, although i..."
sugar,1900,3,1054,802,7.6889,True,"...ard; navy flannel, is. 2d. yard.—wldeb, naval contractor, chatham, write for patterns, dargaln.—widovfrequlring cash will sell hlectro plated teapot, sugar and c"
sugar,1900,3,1054,804,7.6919,True,"a sweetmeat. one of the most important, perhaps, of the flowers that are eaten is that of the,maliwa tree. the petals of this flower are 60 full of sugar that they have been suggested as a cheap sourc"
sugar,1900,3,1054,805,7.6926,True,"...ozstn = you can neither make nor buy in't a drink so healthful, so thirst i quenching, so convenient, and 1 so inexpensive. made from i n i fruit and sugar only. i agft)k.. tia.4;.7„11.4,42; vimm"
sugar,1900,3,1054,806,7.6933,True,"strontium in sugar making. at one time strontium seemed destined to play an important part in sugar making. in ordinary sugar refining the ultimate molasses, although i..."
sugar,1900,3,1054,808,7.6997,True,"strontium 'ffi sugar makin-- at one -gime- stronlium seemed destined to play an important part in sugar making. in ordinary sugar refining the ultimate molasses, although..."
sugar,1900,3,1054,811,7.7036,True,"alcohol in sweet& sweats la which liquids are imprisoned hare beta a punt, to many pro e. they hare wondered why the sugar did rot die solve. the answer, of course, is tsays the nlattret"", that the li"
sugar,1900,3,1054,813,7.7122,True,"inquiries. ""mrs c."" asks if any kind reader can inform her bow icing sugar and desiccated cocoanut are made? ""player"" asks: ""flow can i make a tennis court so that frost or rain will not erase the lin"
sugar,1900,3,1054,815,7.7132,True,"child training in japan. japanese children have all the candy they can eat. great sticks of boiled sugar, made into a delicious candy, of all colours, clear, sweet, and attractive, are placed within t"
sugar,1900,3,1054,816,7.7164,True,the examiner. august ist 1903. there is one thing the government that cannot be and dear sugar. denied to mr. ba lfour's adminis- tration. it has deserved and will obtain a unique place in history as 
sugar,1900,3,1054,817,7.719,True,"therefore protect yoursdveg at:d buy llandaff liome=cured bacon & viams, guaranteed to e cured with sat aid sugar only. home-cured baion 1s che a.p now. yirly bur 11111 t 'ip 11 m4diff k."
sugar,1900,3,1054,819,7.7235,True,"sugar production in ohieshire. mr. sigmund stein, of liverpool, ad- dressed the members of the cheshire chamber of agriculture, at chester, on saturday, on..."
sugar,1900,3,1054,820,7.7255,True,"...r. chamberlain will leave for south africa next tuesday, writes our london correspondent; but. on monday he will speak in the house of commons on the sugar bounties. considering t"
sugar,1900,3,1054,821,7.7271,True,"weighing sugar in heavy bags. at wolverhampton on wednesday, the sti- pendiary gave his decision in 12 summonses, under the weights and measures and mer- chandise m..."
sugar,1900,3,1054,822,7.7287,True,a will. 0' the wisp compensation but the removal of the taxes on tea and sugar could not come near to compensating for the taxation of bread and meat. what good would cheap tobacco be to women and chi
sugar,1900,3,1054,824,7.7381,True,the case of sugar. il hi not difficult to suggest what would happen if the chancellor of the exchequer had 132 en in a position to accede to the request of the deputat...
sugar,1900,3,1054,825,7.7433,True,"what is the dise/se? diabetes is so ailment in which sugar is given off in large quantitio., in place of being utilised as a foud-iiiibstence by the tissues of the body. the liver is the great storeho"
sugar,1900,3,1054,826,7.7448,True,"the sugar duty. in the house of commons, the debate on mr harold cox's new clause to the finance bill, proposing the abolition of the sugar duties, brought mos..."
sugar,1900,3,1054,827,7.745,True,"crystals of sugar. impossible to discover the presence by any known optical means. the substanc?. how- ever, has undergone n'o chemical change: the sugar is still pres..."
sugar,1900,3,1054,830,7.7523,True,"the sugar tax and the war. the chancellor of the exchequer stated in the house of commons, on monday, that he estimated that the war 'in china and south africa..."
sugar,1900,3,1054,831,7.7633,True,"the cost of the sugar convention. sir,—your correspondent mr. .1. gandy referring to sugar states that although the bounties aro abolished sugar is again wonderfully cheap..."
sugar,1900,3,1054,832,7.7806,True,"strontium in sugar making. at one time strontium seemed destined to play an important part in sugar making. in ordinary sugar refining the ultimate molasses, although i..."
sugar,1900,3,1054,833,7.783,True,"sugar and spice. the old nursery rhyme tells that theee are the two thingn which little girls are made of. now although girls are not made of sugar, yet if..."
sugar,1900,3,1054,835,7.7862,True,sugar beet factories. sugar beet factories are absolutely easent:al for the manufacture of sugar from sugar beet. farmers cannot possibly do the work for t...
sugar,1900,3,1054,836,7.788,True,"...902. boys and girls and all young people are cordially invited by ""daddy"" to join his circle and oontribute to its eolunms from time to time. as much sugar in "
sugar,1900,3,1054,837,7.7925,True,"sugar and coal taxes. in dwelling upon the fluctuations of revenue during the year, he claimed that the sugar duty had been most successful. the good har- ..."
sugar,1900,3,1054,838,7.7925,True,"wanted to make sure. a small boy received a cake with two coloured sugar figures on it, but he had been forbidden to eat them, and was told would kill him. but one day he had a visit from a friend of "
sugar,1900,3,1054,839,7.794,True,"...' you will save a dividend of 4- to 5 in the £, and obtain the' highest quality of goods. wallaces' pure jams, made from fresh ripe fruit and refined sugar only. wallaces' celebrated ""golden f"
sugar,1900,3,1054,840,7.8094,True,"strontium in sugar making. at one time strontium seemed destined to play an important cart in sugar making. in ordinary sugar refining the ultimate molasses, although i..."
sugar,1900,3,1054,844,7.8249,True,"new jersey law. a young man, 18 years old, was arraigned at arlington (new jersey) on a charm using more sugar in a oup of coffee than the jersey jaws allow. the complainant in the novel case was a re"
sugar,1900,3,1054,845,7.8273,True,"liptons finest butter best lump sugar best granulated sugar jam. 3-lb. jar raspberry and apple 3-ib. jar plum and apple jars extra, allowed for when returned."
sugar,1900,3,1054,846,7.8311,True,* * * sugar for thin people. a french chemist recently gave an interesting account of the value of sugar as a food in certain conditions of ill-health. in some e...
sugar,1900,3,1054,848,7.8398,True,"the cost of the sugar convention. sir,—ymir correspondent mr. j. gandy referring to sugar states that although the bounties are abolished sugar is again wonderfully cheap...."
sugar,1900,3,1054,852,7.8542,True,groceries cheaper than ever wallaces' note the following pi ices: moist sugar .. rid. per lb granulated sugar 2d. per lb. lump sugar 24d. per lb. pure butter... id. and per lb. new currants how 2 ljd.
sugar,1900,3,1054,854,7.859,True,"the present khedive appreciated the english rule, and so did the eg,yptian people themselves. homerly the people had to work in the sugar mills— which was a government monopoly. without any compensati"
sugar,1900,3,1054,855,7.8604,True,"...nsive et jams to buy, but in a good season can ha made at home very reasonably. apricot jam is much eiajoyed by mast people, and requires rather lose sugar titan"
sugar,1900,3,1054,856,7.864,True,"the soil for sugar beet. practical experience has shown that the best crops of sugar beets are obtained from rather heavy, well drained, and fertile clay looms, and it ..."
sugar,1900,3,1054,859,7.8709,True,"...he brussels convention. the brussels convention, which came into emu- sties in 1903, abolished state bounties on the cul- tivation and manufacture of sugar in germany, austria, france, belgium, and o"
sugar,1900,3,1054,861,7.8766,True,the budget. old-age pensions: ss. a week: age limit 70. sugar duty reduced. foreign trlde during the last calendar year was greater than in any previous year in volume and value in imports and exports
sugar,1900,3,1054,862,7.8769,True,"sugait as a disinfectant. professor trilbert, of the pagben,- institute, has demonstrated that burning sugar develops one of the most powerful antiseptic gases known. five grains of sugar (77.16 grain"
sugar,1900,3,1054,863,7.8928,True,"sugar! from 2 3 per stone upwards, willza,m parlor' s. 11, market place, ripon. agent for gilisey s wines & spirits. john harrison, sugar tax.' in conseque..."
sugar,1900,3,1054,865,7.8967,True,the examiner. august ist 1903. there is one thing the government that cannot be and dear sugar. denied to mr. balfour's adminis- tration. it has deserved and will obtain a unique place in history as t
sugar,1900,3,1054,867,7.9001,True,"sugar beet growing. government and the jonvention. the earl of denbigh, in the house of l irds on monday, asked the government whether, in view of their ex..."
sugar,1900,3,1054,868,7.9008,True,"...e's still ally.. quite recently some mindere in hollinwood thought they would play a joke on one of their mates; so one morning they took his tea and sugar, and after abstracting the sugar they put i"
sugar,1900,3,1054,869,7.9024,True,"amos rc story. horse that took policeman's l',uttons for lumps of sugar at darlington en thursday ernest the cottag, dation, was charged •h leaving a horse ear: unattended ~orthgaw on the 15tdi inst. "
sugar,1900,3,1054,871,7.9045,True,sugar and spice. the old nureery rhyme tells that the are the two things which little girls are made of. now although girl's are not made of sugar yet if t...
sugar,1900,3,1054,872,7.9045,True,"the soil for sugar beet. practical experience has shown that the best crops of sugar beets are obtained from rather heavy, well drained, and fertile clay looms, and it ..."
sugar,1900,3,1054,874,7.9112,True,"it was sugar diabetes reduced to a skeleton. 3 years 1n bed. her doe mar aye: ""her cure is a miracle the ought to be in a mv,setem."" ""i had suffered from sugar di..."
sugar,1900,3,1054,875,7.9116,True,"the cost of the sugar convention. sir,—ymir correspondent mr. j. gandy referring to sugar states that although the bounties are abolished sugar is again wonderfully cheap...."
sugar,1900,3,1054,878,7.9219,True,"sugar in view of the experiments now i), ing made in this country with sugar beet, the remarks of the u.s.a. department of agriculture on the subject of su..."
sugar,1900,3,1054,879,7.9328,True,"unfair competition. as the united kingdom has become more and more dependent on foreign refined sugar the brit- ish refining industry has suffered from unfair conditions of competition, and british la"
sugar,1900,3,1054,880,7.9367,True,"a lump of sugar. if we examine the structure of a lump of loaf sugar we find that it is built up of an immense number of small, sparkling, and transparent crystals. ..."
sugar,1900,3,1054,882,7.9445,True,"...gns of a struggler there was nothing on her hands to indicate a struggle, but the room was in terrible confusion. with bottles and a plantpot broken, sugar strewn abu"
sugar,1900,3,1054,883,7.9552,True,food value of sugar. experiments have been made bv professor !ilosec at genoa to test the tood value of sugar in cases of exhaustion from hunger. ilis results confirm th...
sugar,1900,3,1054,886,7.9678,True,"worth advertiser, saturday. december 1. 1900. the farmers' column. sugar beet growing in warwick- shire. the rev. edward muckleston, m.a., of heseley glebe farm, warwick, has been continuing his exper"
sugar,1900,3,1054,888,7.9731,True,sugar beet factories. sugar beet factories are absolutely easent:al for the manufacture of sugar from sugar beet. farmers cannot possibly do the work for t...
sugar,1900,3,1054,889,7.9743,True,asiatics. boer meal flour or bread loi zs. rice sugar c iffee tea
sugar,1900,3,1054,892,7.9815,True,"jams, made from fresh fruit and refines sugar only. jib. 21b. 31b. plum and apple .. .. 61. 80. fig and rhubarb .. 61 80. fig and lemon .. .. 60. strawberry .. .. 61. 100. rasp and gooseberry .. ..."
sugar,1900,3,1054,893,7.982,True,"sugar and spice. the old nursery rhyme tells that these are the two things which little girls are made of. now although girls are not made of sugar, yet if..."
sugar,1900,3,1054,894,7.9827,True,"iprizr.i uses of glycerine. for burns glycerine and borax mixed freely with linseed oil is a never failing remedy in cases of illness when sugar is forbidden glycerine is an in- valuable substitute, a"
sugar,1900,3,1054,895,7.9845,True,"sugar bert growing in warwick- shire. in response to the invitation of the earl of denbigh, a number of local agriculturists assembled at the home farm, ne..."
sugar,1900,3,1054,896,8.0069,True,"preference to whom? when mr. chamberlain says he will take the taxes off tea, sugar, cocoa and coffee to square the other food taxes, which will give the colonies a preference, does he mean all the co"
sugar,1900,3,1054,897,8.0118,True,"sugar as a disinfectant. in many parts of. europe it is customary among the people to burn sugar in sick rooms, a practice which is considered by physician..."
sugar,1900,3,1054,898,8.0121,True,sugar and starch. the snhject of the sugar in the body' is rattier an interesting one. it is not generally known that all the standt-that we take into oar ...
sugar,1900,3,1054,900,8.0198,True,"sugar bert growing in warwick- shire. in response to the invitation of the earl of denbigh, a number of local agriculturists assembled at the home farm, ne..."
sugar,1900,3,1054,903,8.0364,True,"the plum and hat trick. place three hats, rims downwards on the table, and under each place a sugar plum (or a nut, almond, as the ease may be). take up the hats, gather the sugar ..lunis together, an"
sugar,1900,3,1054,904,8.0497,True,"chemistry and plants. as an illustration of how chemistry is aid- ing plant improvement, the production of beet sugar is cited. for one ton of sugar, 18 tons of beets were required in 1836, but roots "
sugar,1900,3,1054,905,8.055,True,"segar trade in india. it ia reported ""that burmah is probably one of the few provinces of briti,h india which mann. (klima, practically no sugar, obtaining it, entire requirements in this refqx.et fro"
sugar,1900,3,1054,909,8.0778,True,"fatality at a liverpool sugar refinery, the liverpool city coroner held an in- quest on wednesday with ...respect to the death of an elderly man named john miller, who died in the..."
sugar,1900,3,1054,911,8.0866,True,"sugar tax. in consequence of the reduction, a we have restored our packets of butter-scotch to the size they were before the tax was imposed, namely: 15 ta..."
sugar,1900,3,1054,912,8.0943,True,"...ject held in view at the agricultural college of sapporo is not only to train a staff for the board of agriculture, but to educate managers of farms, sugar refin"
sugar,1900,3,1054,914,8.112,True,"sugar and pasting animals. experiments by professor ugolino mosso, univer- sity of genoa, show that sugar raises the tempera- ture of a fasting animal the ..."
sugar,1900,3,1054,915,8.1192,True,"shah purchasers of sample pound of cur is. 4d., is. gd. or is. od. tea can have 8-ib. sugar at the above price, purchasers of half-pound of tea can have 4-ib. sugar at the above price. purchasers of q"
sugar,1900,3,1054,917,8.1435,True,the examiner. august ist 1903. there is one thing the government that cannot be and dear sugar. denied to mr. ba lfour's adminis- tration. it has deserved and will obtain a unique place in history as 
sugar,1900,3,1054,920,8.1583,True,"a useful hint. to make cracked crockery last, put two or throe pieces of sugar into the cracked vessel with one-third of a tumblerful of water; then place it on a very brisk fire. spread the syrupy li"
sugar,1900,3,1054,922,8.1715,True,"sugar and spice. the old nursery rhyme tells that these are the two things which little girls are made of. now although girls are not made of sugar, yet if..."
sugar,1900,3,1054,923,8.1722,True,"sugar and spice. the old nursery rhyme tells that these use the two things which little girls are made of. now although girls are not made of sugar, yet if..."
sugar,1900,3,1054,924,8.1724,True,"science snapshots. electric sugar-making. the preparation of sugar from the juice of the beetroot or euter-censa or the maple, is now suns cesafully performed by means of electricity...."
sugar,1900,3,1054,925,8.1753,True,"april 11, 1903 :hurch life on tees-side. the budget. i thrilling adventures. election rumours. the tax on sugar and coal. penetrating' the arctic regions. dissolution said to be probable. a labour man"
sugar,1900,3,1054,929,8.1875,True,"sugar and pasting animals. experiments by professor ugolino mosso, univer- sity of genoa, show that sugar raises the tempera- ture of a fasting animal the ..."
sugar,1900,3,1054,930,8.1886,True,"tue pcre beer qiikstion. i have seen it asserted that light ales cannot be made from british barley, and that, ba a cons sequence, sugar is necessary. we all know what arsenicated sugar has done durin"
sugar,1900,3,1054,931,8.2052,True,"tariff's and sugar effect on british trade. the tariff commissioners' report on sugar and confectionery"" has just been forwarded to us for review. among the points it i..."
sugar,1900,3,1054,932,8.2065,True,"fresh taxes. the finance act of 'l9ol is full of policy, if not of politics, and stinks of south africa. the tax on tea was renewed, and a tax on sugar imposed. this last tax will probably be doubled "
sugar,1900,3,1054,933,8.2221,True,"fresh taxes. the finance act of 1901 is full of policy, if not of politics, an stinks of south africa. the tax on tea was renewed, and a tax on sugar imposed. this last tax will probably be doubled ne"
sugar,1900,3,1054,935,8.2253,True,"sugar as a disinfectant. in many parts of europe it is customary among the people to burn sugar in sick rooms, a practice which is considered by physicians..."
sugar,1900,3,1054,936,8.2384,True,"sugar as a disinfectant. in many parts of. europe it is customary among the people to burn sugar in sick rooms, a practice which is considered by physician..."
sugar,1900,3,1054,938,8.2459,True,"sugar and spice. the old nursery rhyme tells that these are the two things which little girls are made of. now although girls are not made of sugar, yet if..."
sugar,1900,3,1054,939,8.2633,True,"...observer office, wednesday. a new controversy. the government having agreed to a convention with the continental countries that pay bounties to their sugar refiners, the matter"
sugar,1900,3,1054,940,8.2641,True,"sugar and spice. the old nursery rhyme tells that these are the two things which little girls are made of. now although girls are not made of sugar, yet if..."
sugar,1900,3,1054,942,8.2764,True,* * * sugar for thin people. a french chemist recently gave an interesting account of the value of sugar as a food in certain conditions of ill-health. in some e...
sugar,1900,3,1054,944,8.2848,True,sugar and bounties. radicals who are making the most of the rimi in the price of sugar ascribe it al/ to the convention for abolishing tho bounty system. n...
sugar,1900,3,1054,945,8.2858,True,"sugar and spice. the old nursery rhyme tells that these use the two things which little girls are made of. now although girls are not made of sugar, yet if..."
sugar,1900,3,1054,946,8.286,True,"the sweet tooth, the sweet tooth, posseised by every healthy younster, is nature's token that sugar is required for the building of the body, the bracing of tired muscles, the enriching of the brain. "
sugar,1900,3,1054,947,8.2987,True,"sugar as a disinfectant. in many parts of europe it is customary among the people to burn sugar in sick rooms, a practice which is considered by physicians..."
sugar,1900,3,1054,950,8.3236,True,the examiner. august ist 1903. there is one thing the government that cannot be and dear sugar. denied to mr. balfour's adminis- tration. it has deserved and will obtain a unique place in history as t
sugar,1900,3,1054,951,8.3257,True,"sugar in view of the experiments now i), ing made in this country with sugar beet, the remarks of the u.s.a. department of agriculture on the subject of su..."
sugar,1900,3,1054,952,8.3257,True,"science and inventir burnt sraar antiseptic. in some parts of europe it is customaryk poople to burn sugar in sickrooms, kt lice which is considered by physicians solo nocent superstition, neither ben"
sugar,1900,3,1054,953,8.3271,True,"sugar and spice. the oldnursery rhyme tells that these are the two things which little girls are made of. now although girls are not made of sugar, yet if ..."
sugar,1900,3,1054,954,8.328,True,"the sweet tooth. the sweet, totath, possessed by every healthy youngster, is nature's token that sugar is required for the building of the body, the bracing of tired muscles, the enriching of the brai"
sugar,1900,3,1054,955,8.333,True,"preference to whom? when mr. chamberlain says he will take the taxes off tea, sugar, cocoa and coffee to square the other food taxes, which will give the colonies a preference, doe he mean all the col"
sugar,1900,3,1054,956,8.3369,True,sugar and spice. the old nureery rhyme tells that the are the two things which little girls are made of. now although girl's are not made of sugar yet if t...
sugar,1900,3,1054,957,8.3435,True,"fresh taxes. the finance act of 1901 is full of policy, if not of politics, and stinks of south africa. the tax on tea was renewed, and a tax on sugar imposed. this last tax will probably be doubled n"
sugar,1900,3,1054,958,8.3518,True,sugar and spice. the old nureery rhyme tells that the are the two things which little girls are made of. now although girl's are not made of sugar yet if t...
sugar,1900,3,1054,959,8.3596,True,"fresh taxes. the finance act of 1901 is full of policy, if not of politics, and stinks of south africa. the tax on tea was renewed, and a tax on sugar imposed. this last tax will probably be doubled n"
sugar,1900,3,1054,964,8.3936,True,"sugar beet cultivation. experiments in the ripon district. a special article on the above industry appeared in the ""yorkshire herald"" on saturday last, whi..."
sugar,1900,3,1054,966,8.4435,True,"chemistry and plants. as an illustration of how chemistry is aid- ing plant improvement, the production of beet sugar is cited. for one ton of sugar, 18 tons of beets were required in 1836, but roots "
sugar,1900,3,1054,968,8.4552,True,"careful. while a grocer was telling his new shopboy how careful he must be, a fly settled on a bag of sugar. the grocer caught it and threw it away. the boy then said, ""if you want me to be careful, y"
sugar,1900,3,1054,970,8.4686,True,"sugar and spice. the old nursery rhyme tells that these are the two things which little girls are made of. now, although girls are not lnlde of sugar, yet ..."
sugar,1900,3,1054,971,8.471,True,"...observer office, wednesday. a new controversy. the government having agreed to a convention with the continental countries that pay bounties to their sugar refiners, the matter"
sugar,1900,3,1054,972,8.472,True,"sugar production in ohieshire. mr. sigmund stein, of liverpool, ad- dressed the members of the cheshire chamber of agriculture, at chester, on saturday, on..."
sugar,1900,3,1054,975,8.5001,True,"sugar and spice. the old nursery rhyme tells that these are the two things which little girls are made of. now although girls are not made of sugar, yet if..."
sugar,1900,3,1054,976,8.5102,True,"... done. they abolished 11942-16 i the import duties on rattle, corn, flour,. butter, bacon, cheese, egg., and 1,290 other articlee. they abolished the sugar duty (18741, and have reduced the dul"
sugar,1900,3,1054,978,8.5214,True,"sugar and spice. the old nursery rhyme tells that these are the two things which little girls are made of. now, although girls are not lnlde of sugar, yet ..."
sugar,1900,3,1054,980,8.5257,True,"wanted to make sure. a small boy received a cake with two coloured sugar figures on it, but he had been forbidden to eat them, and was told would kill him. but one day he had a visit from a friend of "
sugar,1900,3,1054,981,8.5283,True,"the sweet tooth. the sweet tooth, possessed by every healthy youngster, is nature's token that sugar is required for the building of the body, the bracing of tired muscles, the enriching of the brain."
sugar,1900,3,1054,982,8.5315,True,"...p-4.4.4-a-i: .e.e.edvi the estiputtg. • igh. mr. ausin et: izittlin ,a deplorab fhpeo&& givap e. otiii,excise, death duti, togrm,§ooo, beer, wine,and sugar show' sbiibkagir ivhi"
sugar,1900,3,1054,985,8.5534,True,sugar beet factories. sugar beet factories are absolutely easent:al for the manufacture of sugar from sugar beet. farmers cannot possibly do the work for t...
sugar,1900,3,1054,987,8.5795,True,"sugar beet cultivation. experiments in the ripon district. a special article on the above industry appeared in the ""yorkshire herald"" on saturday last, whi..."
sugar,1900,3,1054,988,8.5801,True,"shah purchasers of sample pound of cur is. 4d., is. gd. or is. od. tea can have 8-ib. sugar at the above price, purchasers of half-pound of tea can have 4-ib. sugar at the above price. purchasers of q"
sugar,1900,3,1054,989,8.5813,True,"linoolnshihe sugar fields. the idneolnshire beet sugar enterprise has now advanced another stage. a provisional site for the proposed fa, tory irlas been selected, and ..."
sugar,1900,3,1054,991,8.588,True,"the sweet tooth. the sweet tooth, possessed by every healthy youngster, is nature's token that sugar is required for the building of the body, the bracing of tired muscles, the enriching of the brain."
sugar,1900,3,1054,993,8.5982,True,sugar and spice. the old nureery rhyme tells that the are the two things which little girls are made of. now although girl's are not made of sugar yet if t...
sugar,1900,3,1054,994,8.6141,True,"sugar and spice. the old nursery rhyme tells that these are the two things which little girls are made of. now although girls are not made of sugar, yet if..."
sugar,1900,3,1054,995,8.6222,True,"sugar and spice. the old nursery rhyme tells that these are the two things which little girls are made of. now although girls are not made of sugar, yet if..."
sugar,1900,3,1054,996,8.6477,True,"(to be continued). the sweet tooth. the sweet tooth, possec.ed by every healthy youngster, is nature's token that sugar is required for the building of the body, the bracing of tired muscles, the enri"
sugar,1900,3,1054,999,8.668,True,"""the sate of wales."" on one side being the celebrated sugar loaf while on the other is the blorenge mona- tain, the town seemingly guarding the way to the famed pass of bwlch, which forms the recognis"
sugar,1900,3,1054,1001,8.6946,True,"a lump of sugar. if we examine the structure of a lump of loaf sugar we find that it is built up of an immense number of small, sparkling, and transparent crystals. ..."
sugar,1900,3,1054,1002,8.6968,True,"accident to a boy. od tuesday a lad named dearden, 14 years of age, employed at the sankey sugar works, slipped down some steps and in falling bil9ke his arm and wrist and dislocated the elbow. the in"
sugar,1900,3,1054,1003,8.7202,True,"beet-pflp for sheep. from the results of experiments in feed- ing sheep os dried sugar beet-pulp and molleses beet-pulp at the michigan experi- ment station, it is concluded that both oompare favourab"
sugar,1900,3,1054,1004,8.7288,True,"--(®)- it is in the very commonest articles of food that we find the most frequent at- tempts at adulteration. thus bread, butter, tea, coffee, and sugar are all cap- able of having something mixed wi"
sugar,1900,3,1054,1006,8.7722,True,"the sugar cake. i am se-n-criiyig you -a—re,ho-re—essny on the sugar ciao. when sugar canes are ready for cuttang down, they are cut off as elose as possible t..."
sugar,1900,3,1054,1007,8.7747,True,food value of sugar. experiments have been made bv professor !ilosec at genoa to test the tood value of sugar in cases of exhaustion from hunger. ilis results confirm th...
sugar,1900,3,1054,1008,8.7859,True,"linoolnshihe sugar fields. the idneolnshire beet sugar enterprise has now advanced another stage. a provisional site for the proposed fa, tory irlas been selected, and ..."
sugar,1900,3,1054,1009,8.7951,True,the examiner. august ist 1903. there is one thing the government that cannot be and dear sugar- denied to mr. betroun's adminis- tration. it has deserved and will obtain a unique place in history as t
sugar,1900,3,1054,1011,8.8512,True,"sugar and spice. the oldnursery rhyme tells that these are the two things which little girls are made of. now although girls are not made of sugar, yet if ..."
sugar,1900,3,1054,1013,8.8741,True,sugar beet the sugar beet committee of the central chamber of agriculture bare arranged for ex- periments in the growth of saw beet during the forthcoming ...
sugar,1900,3,1054,1014,8.8846,True,"...p ""greys"" at work' and ""play (by our abergavenny corrffpondeno. abergavenny, thursday. on tuesday the birkenhead and other battalions went out to the sugar loaf for battalion exerci"
sugar,1900,3,1054,1015,8.8918,True,"sugar and spice. the old nursery rhyme tells that these are the two things which little girls are made of. now although girls are not made of sugar, yet if..."
sugar,1900,3,1054,1016,8.9021,True,"sugar and pasting animals. experiments by professor ugolino mosso, univer- sity of genoa, show that sugar raises the tempera- ture of a fasting animal the ..."
sugar,1900,3,1054,1017,8.9041,True,sugar beet factories. sugar beet factories are absolutely easent:al for the manufacture of sugar from sugar beet. farmers cannot possibly do the work for t...
sugar,1900,3,1054,1018,8.9881,True,food value of sugar. experiments have been made bv professor !ilosec at genoa to test the tood value of sugar in cases of exhaustion from hunger. ilis results confirm th...
sugar,1900,3,1054,1021,9.0063,True,"herb beer. want 3 to know.—if the beer is botanic beer, or liquor brewed from sugar and water, containing spirit to the extent of 6 per cent, an excise license is required. patiient of baden.—the land"
sugar,1900,3,1054,1023,9.0414,True,"shah purchasers of sample pound of cur is. 4d., is. gd. or is. od. tea can have 8-ib. sugar at the above price, purchasers of half-pound of tea can have 4-ib. sugar at the above price. purchasers of q"
sugar,1900,3,1054,1024,9.0514,True,"wanted to make sure. a small boy received a cake with two coloured sugar figures on it, but he had been forbidden to eat them, and was told would kill him. but one day he had a visit from a friend of "
sugar,1900,3,1054,1025,9.0578,True,"sugar in view of the experiments now i), ing made in this country with sugar beet, the remarks of the u.s.a. department of agriculture on the subject of su..."
sugar,1900,3,1054,1027,9.1928,True,"ripon agricultural association. 'the production of beet sugar. there was a large gathering id farmers in wright's assembly room,. on thursday after- moon, wbeu councillor nv s white, of lincoln, read "
sugar,1900,3,1054,1029,9.3267,True,"sugared. during the peninsular war a number of english officers had established a mess in a spanish village with native cooks, whose efforts were fairly sa..."
sugar,1900,3,1054,1031,9.3428,True,"money lent to any amount od gold and silver watches, silver plate and all portable property. private race. sugar tax:"
sugar,1900,3,1054,1032,9.3457,True,"...ster. one morning recently a number of young lads sat down in the ring spinning room to have their break- fast, and one of them had spilt his tea and sugar on to his bread in his break"
sugar,1900,3,1054,1033,9.3604,True,sugar beet the sugar beet committee of the central chamber of agriculture bare arranged for ex- periments in the growth of saw beet during the forthcoming ...
sugar,1900,3,1054,1034,9.3629,True,"linoolnshihe sugar fields. the idneolnshire beet sugar enterprise has now advanced another stage. a provisional site for the proposed fa, tory irlas been selected, and ..."
sugar,1900,3,1054,1040,9.6666,True,"sugar beet cultivation. experiments in the ripon district. a special article on the above industry appeared in the ""yorkshire herald"" on saturday last, whi..."
sugar,1900,3,1054,1042,9.7373,True,"thirty millions claimed for it. mid the foreigner would • the mx, they might obsilela the mae the tea duty, and the sugar duty, • university education to everyone, s an older, pension to everyone over"
sugar,1900,3,1054,1043,9.7813,True,sugar beet the sugar beet committee of the central chamber of agriculture bare arranged for ex- periments in the growth of saw beet during the forthcoming ...
sugar,1900,3,1054,1045,9.8132,True,what we want to know. i should like to ask how is the remission of taxation which has hoch promised upon tea and sugar l t&nd in the interval be- tween now and the time to come. i allude to it because
sugar,1900,3,1054,1048,10.186,True,"...ster. one morning recently a number of young lads sat down in the ring spinning room to have their break- fast, and one of them had spilt his tea and sugar on to his bread in his break"
sugar,1900,3,1054,1050,10.2241,True,water committee at a meeting of this committee no report of the sub- commi tee appointed to consider the application of the sankey sugar co. for a supply of water to their cot- tages and other propert
sugar,1900,3,1054,1052,10.4277,True,"...ster. one morning recently a number of young lads sat down in the ring spinning room to have their break- fast, and one of them had spilt his tea and sugar on to his bread in his break"
sugar,1900,3,1054,1054,11.1026,True,water committee at a meeting of this committee no report of the sub- commi tee appointed to consider the application of the sankey sugar co. for a supply of water to their cot- tages and other propert
