word,decade,cluster,cluster_size,rank_in_cluster,distance_to_centroid,target_word_visible,snippet
sugar,1910,0,1383,1,4.3221,True,"the sugar question. -- middlesbro' women's council and the matter. [editor, herald. send you copies of correspondence the middlesbrough and district women's co..."
sugar,1910,0,1383,2,4.3267,True,"the sugar question. -- middlesbro' women's council and the matter. [editor, herald. send you copies of correspondence the middlesbrough and district women's co..."
sugar,1910,0,1383,3,4.4079,True,"the sugar question. -- middlesbro' women's council and the matter. [editor, herald. send you copies of correspondence the middlesbrough and district women's co..."
sugar,1910,0,1383,4,4.4775,True,"sugar cards. the wholesale co-operative society has found it necessary to inaugurate a system of sugar cards. these have been issued to mem- bers, and on t..."
sugar,1910,0,1383,5,4.5196,True,"sugar prosecutions. false declarations bring trouble to housewives. dear preserves. a number of prosecutions under the sugar domestic preserving, order wer..."
sugar,1910,0,1383,6,4.5548,True,"sugar cards. the wholesale co-operative society has found it necessary to inaugurate a system of sugar cards. these have been issued to mem- bers, and on t..."
sugar,1910,0,1383,7,4.5553,True,"mr sugar puzzle. the sugar bureau has axed the ration for the general public, including hotels, etc., at one kilogramme • month (as compared with an average p..."
sugar,1910,0,1383,8,4.6069,True,"sugar prosecutions. false declarations bring trouble to housewives. dear preserves. a number of prosecutions under the sugar domestic preserving, order wer..."
sugar,1910,0,1383,9,4.6072,True,"sugar prosecutions. false declarations bring trouble to housewives. dear preserves. a number of prosecutions under the sugar domestic preserving, order wer..."
sugar,1910,0,1383,10,4.6507,True,"grocers and sugar. to tm editor or ths shisinhiad news. sir,—at our meeting on wednesday laet the members expressed great surprise at the remarks which appeared in you..."
sugar,1910,0,1383,11,4.6734,True,sugar prosecutions. false declarations bring trouble to housewives. dear preserves. a number of prosecutions under the sugar domestic preserving order were...
sugar,1910,0,1383,12,4.6986,True,"sugar for fruit preserving. supplies available for local applicants. [editor, nortr-eatern daily gazettic • slr,—the food production department of the boar..."
sugar,1910,0,1383,13,4.7088,True,"grocers and sugar. to tm editor or ths shisinhiad news. sir,—at our meeting on wednesday laet the members expressed great surprise at the remarks which appeared in you..."
sugar,1910,0,1383,14,4.7328,True,sugar rations. grocers' dissatisfaction with new order. the new sugar order issued by the govern- ment last week has caused considerable per- plexity among...
sugar,1910,0,1383,15,4.7335,True,"mr sugar puzzle. the sugar bureau has axed the ration for the general public, including hotels, etc., at one kilogramme • month (as compared with an average p..."
sugar,1910,0,1383,16,4.7417,True,"sugar ra'tions. grocers' dissatisfaction with. new order. the new sugar order issued by the govern- ment last, week has caused considerable per- plexity am..."
sugar,1910,0,1383,17,4.7497,True,"sugar ra'tions. grocers' dissatisfaction with. new order. the new sugar order issued by the govern- ment last, week has caused considerable per- plexity am..."
sugar,1910,0,1383,18,4.7526,True,sugar rations. grocers' dissatisfaction with new order. the new sugar order issued by the govern- ment last week has caused considerable per- plexity among...
sugar,1910,0,1383,19,4.7715,True,"another prosecution under the sugar preserving order. another prosecution under the sugar domes- tic preserving order, 1917, came before the magistrates (mr. f. a. frost and councillor ..."
sugar,1910,0,1383,20,4.7855,True,sugar prosecutions. false declarations bring trouble to housewives. dear preserves. a number of prosecutions under the sugar domestic preserving order were...
sugar,1910,0,1383,21,4.8014,True,sugar prosecutions. false declarations bring trouble to housewives. dear preserves. a number of prosecutions under the sugar domestic preserving order were...
sugar,1910,0,1383,23,4.8073,True,"the sugar supply no concession for home jam making. though the sugar canmipsion has homed a placard adjuring people ta use less sugar, and market reforts state..."
sugar,1910,0,1383,24,4.8096,True,"sugar cards. the wholesale co-operative society has found it necessary to inaugurate a system of sugar cards. these have been issued to mem- bers, and on t..."
sugar,1910,0,1383,25,4.8186,True,"sugar cards. the wholesale co-operative society has found it necessary to inaugurate a system of sugar cards. these have been issued to mem- bers, and on t..."
sugar,1910,0,1383,26,4.8287,True,what others think. sugar supplies and the british margarine trade. [to the editor.] r. —i ethottl.l like to bring to your ilir great injustice winch is being by the &coons of...
sugar,1910,0,1383,29,4.8425,True,what others think. sugar supplies and the british margarine trade. [to the editor.] r. —i ethottl.l like to bring to your ilir great injustice winch is being by the &coons of...
sugar,1910,0,1383,30,4.8647,True,"sugar supplies. sugar supplies. certain nleading statements having bees boned on this subject, the blackpool wholesale grorers sod !relish's merchants asso..."
sugar,1910,0,1383,31,4.881,True,"another prosecution under the sugar preserving order. another prosecution under the sugar domes- tic preserving order, 1917, came before the magistrates (mr. f. a. frost and councillor ..."
sugar,1910,0,1383,32,4.8848,True,"how to manage with less sugar. in face of ,the rise in price of sugar, there *lrises the 'question of management in eeonomis- inz it. there are several ways in which this ten be d..."
sugar,1910,0,1383,34,4.8976,True,groceries with sugar. government limit extent of purchases required. ml mckenna informed mr lough in the house of commons that wholesale dealers in sugar were not entitle...
sugar,1910,0,1383,35,4.9224,True,sugar shortage. local grocers and the commission sugar beet crowth in lancashiri a meeting of the blackpool and district grocers association wee held at th...
sugar,1910,0,1383,36,4.9298,True,what others think. sugar supplies and the british margarine trade. [to the editor.] r. —i ethottl.l like to bring to your ilir great injustice winch is being by the &coons of...
sugar,1910,0,1383,37,4.9345,True,"sugar for fruit preserving. supplies available for local applicants. [editor, nortr-eatern daily gazettic • slr,—the food production department of the boar..."
sugar,1910,0,1383,39,4.9567,True,"another prosecution under the sugar preserving order. another prosecution under the sugar domes- tic preserving order, 1917, came before the magistrates (mr. f. a. frost and councillor ..."
sugar,1910,0,1383,41,4.976,True,"§irkenbtad rims pvilimizdwinn 4wd &tribal!. wednesday, november 28, 1917. experience •brings en- little sugar lightenment even with troubles, sugar cards. it is not to be wondered that in a scheme so "
sugar,1910,0,1383,44,4.9936,True,"saving not hoarding. as it will probably be impossible this year to make special issues of sugar to private fruit growers for the making of jam, the sugar commission suggests that they will be wise to"
sugar,1910,0,1383,47,5.0029,True,"sugar cards. the wholesale co-operative society has found it necessary to inaugurate a system of sugar cards. these have been issued to mem- bers, and on t..."
sugar,1910,0,1383,48,5.0054,True,"ripon and wath rural food cornitter. the distribution of sugar. a meeting of the ripon and with rural food control committee was held on thursday, mr g cram presiding. the clerk (kr gowland), to reply"
sugar,1910,0,1383,49,5.0071,True,what others think. sugar supplies and the british margarine trade. [to the editor.] r. —i ethottl.l like to bring to your ilir great injustice winch is being by the &coons of...
sugar,1910,0,1383,50,5.0165,True,"§irkenbtad rims pvilimizdwinn 4wd &tribal!. wednesday, november 28, 1917. experience •brings en- little sugar lightenment even with troubles, sugar cards. it is not to be wondered that in a scheme so "
sugar,1910,0,1383,52,5.0207,True,what others think. sugar supplies and the british margarine trade. [to the editor.] r. —i ethottl.l like to bring to your ilir great injustice winch is being by the &coons of...
sugar,1910,0,1383,53,5.0208,True,"sugar checks. certain firms bad devised methods of meet- ing. the difficulty of, the small trader: the branch manager of one of the multiple shops in warri..."
sugar,1910,0,1383,56,5.0493,True,"...ts. the food control committees of itr. kenhead and for the wirral district n0..1 that the following has been reeeiiel:— ""permits for the purchase of sugar aijice the sugar (domest"
sugar,1910,0,1383,57,5.0575,True,"local creters as* sugar hcar:ers. (to tail editor.) sir, -no doubt a goal deal es' inisunder. stamina, will ae.e in the in oils of the 'oldie with regard to the new sugar or..."
sugar,1910,0,1383,58,5.0745,True,"sugar supplies. sugar supplies. certain nleading statements having bees boned on this subject, the blackpool wholesale grorers sod !relish's merchants asso..."
sugar,1910,0,1383,61,5.0823,True,"how to manage with less sugar. in face of ,the rise in price of sugar, there *lrises the 'question of management in eeonomis- inz it. there are several ways in which this ten be d..."
sugar,1910,0,1383,62,5.0934,True,sugar scheme. details of the sugar distribution sobetne are outlined as folows:— immediately the local coinniqiees are constituted they will proceed to reg...
sugar,1910,0,1383,65,5.1122,True,"sugar checks. certain firms bad devised methods of meet- ing. the difficulty of, the small trader: the branch manager of one of the multiple shops in warri..."
sugar,1910,0,1383,66,5.1139,True,"ripon & wath (joint) food control coumittre. sugar for dom es tic fruit preserving. toe royal commission on the sugar supply desires to notify that it is prepared atirlbg na.ev til of june july to ,up"
sugar,1910,0,1383,67,5.1159,True,food control. !sugar for jam making. ispecial facilities for retailers. the ministry of food has issued a leaflet for the guidance of applicants for woocio.l saipplles of...
sugar,1910,0,1383,68,5.1176,True,"saving not hoarding. as it will probably be impossible this year to make special issues of sugar to private fruit growers for the making of jam, the sugar commission suggests that they will be wise to"
sugar,1910,0,1383,70,5.1257,True,"...ity of sugait. a letter was read from the local govern- tent board, dated aug. 18th, stating that they had been informed by the royal com- mission on sugar supply that the supply a cube sugar now"
sugar,1910,0,1383,71,5.1272,True,births marriages & deaths sugar for home-grown fruit. iypoltant ncytice. the director of sugar distribution has decided that all permits issued to private fruit-growere under the su...
sugar,1910,0,1383,72,5.1303,True,groceries with sugar. government limit extent of purchases required. ml mckenna informed mr lough in the house of commons that wholesale dealers in sugar were not entitle...
sugar,1910,0,1383,73,5.1323,True,"the nation's food. real sugar shortage. interviewed by a press representative one j of the london koud ceminiesioners stated that despite the sugar card scheme, there would be a s..."
sugar,1910,0,1383,74,5.1336,True,"sugar checks. certain firms had devised methods of meet- ing the difficulty of the small trader. tbe, branch manager of one of tile multiple shops in warri..."
sugar,1910,0,1383,75,5.1374,True,sugar scheme. details of the sugar distribution sobetne are outlined as folows:— immediately the local coinniqiees are constituted they will proceed to reg...
sugar,1910,0,1383,76,5.1388,True,eamay's sugar trade. the fact that the government have taken the drastic step of prohibiting for aa indefinite period all sugar imports in oidor to secure that no ...
sugar,1910,0,1383,77,5.1418,True,"sugar beet. there have been several .inquiries lately con- cerning.sugar beet. as in other seasons, allot- ment-holders have grown this vegetable in the 'h..."
sugar,1910,0,1383,78,5.1442,True,"sugar supply reduced to half rations. an official irtimatiuti was received in sheffield on friday, that the sugar commissioners have decided to cut down su..."
sugar,1910,0,1383,83,5.1554,True,"sugar substitute how to preserve fruit cheaply. the english plum crop promises to be a lrge one, and in order to avoid any wastage the board of agriculture..."
sugar,1910,0,1383,84,5.1565,True,"sugar substitute how to preserve fruit cheaply. the english plum crop promises to be a lrge one, and in order to avoid any wastage the board of agriculture..."
sugar,1910,0,1383,85,5.1642,True,eamay's sugar trade. the fact that the government have taken the drastic step of prohibiting for aa indefinite period all sugar imports in oidor to secure that no ...
sugar,1910,0,1383,86,5.1659,True,"ripon and wath rural food cornitter. the distribution of sugar. a meeting of the ripon and with rural food control committee was held on thursday, mr g cram presiding. the clerk (kr gowland), to reply"
sugar,1910,0,1383,88,5.1761,True,"sugar for jam. lord rhondda on the penketh summonses. ""not in public interests."" mr. j. c. sutton, the clerk to the warrington rural district council, at t..."
sugar,1910,0,1383,91,5.1893,True,"self-preservation. the former conditions adopted by individual grocers for the sale of sugar are regarded by them not only as being a just safe-guard of their own trade, but as working out to the grea"
sugar,1910,0,1383,92,5.1918,True,sugar shortage. local grocers and the commission sugar beet crowth in lancashiri a meeting of the blackpool and district grocers association wee held at th...
sugar,1910,0,1383,94,5.1919,True,"sugar checks. certain firms had devised methods of meet- ing the difficulty of the small trader. tbe, branch manager of one of tile multiple shops in warri..."
sugar,1910,0,1383,95,5.1941,True,"self-preservation. the former conditions adopted by. individnat grocers for the sale of sugar are regarded' by them not only, as being a just safe-guard of their own trade, but as working 9ut to the. "
sugar,1910,0,1383,96,5.1942,True,food control. !sugar for jam making. ispecial facilities for retailers. the ministry of food has issued a leaflet for the guidance of applicants for woocio.l saipplles of...
sugar,1910,0,1383,99,5.2064,True,"how to manage with less sugar. in face of the rise in prke of sugar, there iscs the question of ruanagainerkt in economis- ing it. there are several, ways in which .this 'en be do..."
sugar,1910,0,1383,101,5.209,True,"the food control committee. the sugar shortage. the community will be glad to learn that the serious shortage of saga. r in the town is engaging the committee's attention, and that immedi..."
sugar,1910,0,1383,102,5.2097,True,sugar for sam. gardens to be inspected. the distribution of forms of applioation for sugar for jam making began from the birkenhead food control office on ...
sugar,1910,0,1383,104,5.2192,True,"anomalies of the order. the order of the ministry of food pro.: hibiting the imposition of conditions in re- f.pect 3f the salo of sugar, forms the subject of a igarou s protest by the middlesbrough c"
sugar,1910,0,1383,105,5.2218,True,"...ity of sugait. a letter was read from the local govern- tent board, dated aug. 18th, stating that they had been informed by the royal com- mission on sugar supply that the supply a cube sugar now"
sugar,1910,0,1383,107,5.2248,True,"...ity of sugait. a letter was read from the local govern- tent board, dated aug. 18th, stating that they had been informed by the royal com- mission on sugar supply that the supply a cube sugar now"
sugar,1910,0,1383,108,5.2306,True,"blackpool's sugar supply. we have been asked by several prominent blackpool grocers, both wholesale and retail, to give the public some explanation in regard to the pr..."
sugar,1910,0,1383,110,5.2351,True,"brewing and sugar supply. remarkable statement by a north shields alderman. alderman .1. 11. hogg. of north bhields, made a remerkabk statement about sugar restriction..."
sugar,1910,0,1383,112,5.2385,True,"lilt itisii ctltiv ation. the ourtailment of sugar imports, and the consequent large itlerell'e in price of this cone mouity due to the oar crisis lend unusual interest to tee renewed effort, which ar"
sugar,1910,0,1383,113,5.2391,True,"sugar cards. the wholesale co-operative society has found it necessary to inaugurate a system of sugar cards. these have been issued to mem- bers, and on t..."
sugar,1910,0,1383,115,5.2457,True,"sugar. tinder the fresh scheme for distribu- tion of sugar it is the intention of the food controller that, so far as possible, householders shall continue..."
sugar,1910,0,1383,120,5.2525,True,"home notes and liints. conserve food for the lean months to come. war-time recipes. plums are plentiful this year, but sugar is dear, and an opportunity for laying by a store of jam appears to be. neu"
sugar,1910,0,1383,121,5.2531,True,"items for agriculturists. some notes on sugar beets. many papers have devoted spice to the dis- cussion of sugar beet cultivation in this country, and there seems some likelihood of factories bei..."
sugar,1910,0,1383,122,5.2535,True,food control. !sugar for jam making. ispecial facilities for retailers. the ministry of food has issued a leaflet for the guidance of applicants for woocio.l saipplles of...
sugar,1910,0,1383,123,5.2555,True,"local creters as* sugar hcar:ers. (to tail editor.) sir, -no doubt a goal deal es' inisunder. stamina, will ae.e in the in oils of the 'oldie with regard to the new sugar or..."
sugar,1910,0,1383,124,5.256,True,"sugar ifor jam. lord rhondda on the penheth summonses. ""not in public interests."" mr. j. c. sutton, the clerk.- to the warrington rural district council, a..."
sugar,1910,0,1383,125,5.2561,True,"sugar ""scenes"" at redcar. severa, lcindred householders were clamouring for sugar at redear on friday &tight. last week. this being due to delays mi the ra..."
sugar,1910,0,1383,127,5.2607,True,"self-preservation. the former conditions adopted by individual grocers for the sale of sugar are regarded by them not only as being a just safe-guard of their own trade, but as working out to the grea"
sugar,1910,0,1383,128,5.2644,True,"self-preservation. the former conditions adopted by. individnat grocers for the sale of sugar are regarded' by them not only, as being a just safe-guard of their own trade, but as working 9ut to the. "
sugar,1910,0,1383,129,5.2649,True,the sugar ration. quantity per head to depend upon available supplies. the royal commisninn on ngar supply learne that an the result of adyertinements which ha...
sugar,1910,0,1383,130,5.2651,True,"excessive sugar consumption. if the users of sugar, from the great manu- facturers of sweets and confectionery, using hundreds of tons per week, to the house- holder..."
sugar,1910,0,1383,131,5.2652,True,"panic buying of sugar. housewives' ill-founded fear of a shortage. shopkeeprs are still complaining that selfish and silly people are making, or try- ing to make, large pu..."
sugar,1910,0,1383,132,5.2706,True,"bow to manage with less „sugar. in face of the rise in price of sugar, there rises the question of management in economn!.. lag it. there are several ways in which this 'call be do..."
sugar,1910,0,1383,134,5.2756,True,"home notes and hints. conserve food for the lean months to come. war-time recipes. plums are plentiful this year, but sugar is dear, and an opportunity for laying by a store of jam appears ,to be neut"
sugar,1910,0,1383,136,5.279,True,"sugar substitute how to preserve fruit cheaply. the english plum crop promises to be a lrge one, and in order to avoid any wastage the board of agriculture..."
sugar,1910,0,1383,137,5.2802,True,"panic buying of sugar. housewives' ill-founded fear of a shortage. shopkeeprs are still complaining that selfish and silly people are making, or try- ing to make, large pu..."
sugar,1910,0,1383,138,5.2821,True,ontario news items. bonaparte and the sugar beet napoleon was probably the first man of imminence in modern times to recognise the value of the sugar beet as a soh improver and crop rotator. at...
sugar,1910,0,1383,139,5.2858,True,sugar rations. grocers' dissatisfaction with new order. the new sugar order issued by the govern- ment last week has caused considerable per- plexity among...
sugar,1910,0,1383,140,5.2867,True,"sugar. tinder the fresh scheme for distribu- tion of sugar it is the intention of the food controller that, so far as possible, householders shall continue..."
sugar,1910,0,1383,143,5.2989,True,"sugar for jam. lord rhondda on the penketh summonses. ""not in public interests."" mr. j. c. sutton, the clerk to the warrington rural district council, at t..."
sugar,1910,0,1383,145,5.3037,True,case of munition workers. further supplies needed by increased population. no extra sugar is to be allowed to seaside resorts during the summer months. this was announced in correspondence sub- mitted
sugar,1910,0,1383,146,5.3044,True,"bow to manage with less „sugar. in face of the rise in price of sugar, there rises the question of management in economn!.. lag it. there are several ways in which this 'call be do..."
sugar,1910,0,1383,147,5.3135,True,"war saving on sugar. the government policy of econamiiing tbe available chipping tonnage by restrice lion of imports has now received 4-114, thee application. the royal ..."
sugar,1910,0,1383,148,5.3136,True,0.551 p. efforts by the clerk to get assured supplies of sugar for the workhouse have met with a reply that inmates cannet be specially looked after by the commission. in the matter of sugar we are al
sugar,1910,0,1383,150,5.3205,True,"history of sugar. the calendar of cord(.va shows that as early as 961 the cultivation of the sugar-cane was well understood by the spanish arabs, as it also was in si..."
sugar,1910,0,1383,152,5.3241,True,"flews from quebec. quei3eu and maplic sugar. demand for government supervision :—a party caisisting of three hundred persons in- terested in the maple sugar tedustry, recently paid a visit to t..."
sugar,1910,0,1383,155,5.3325,True,"sucar preservinc order. stocktdn grocer fined for an infringement of it. a ease under the new sugar preserving oider was ueard at saoekton on thursday. chet, john conoing arrl co., gro,ur.i. charged w"
sugar,1910,0,1383,156,5.3345,True,"fruit preserving. the b,oyal commissinn on the sugar supply is prepared to release further sup- plies of sugar during september and octo- ber for the domestic preserving of autumn fruits. -;ii;;* proc"
sugar,1910,0,1383,157,5.3369,True,"...ts. the food control committees of itr. kenhead and for the wirral district n0..1 that the following has been reeeiiel:— ""permits for the purchase of sugar aijice the sugar (domest"
sugar,1910,0,1383,158,5.3369,True,"warrington e.i. co=operative society ld sugar supplies. membeis are informed that commencing monday. 'april 2nd, till further ;mice, no sugar will be supplied to any person without the sugar card..."
sugar,1910,0,1383,159,5.3378,True,"sugar cards. the wholesale co-operative society has found it necessary to inaugurate a system of sugar cards. these have been issued to mem- bers, and on t..."
sugar,1910,0,1383,161,5.3391,True,"tbursday, november bm, no. sugar and confusion. we are not surprised at the change which the fcod controller has found it necessary to make in the scheme of 'sugar rations. his a pit..."
sugar,1910,0,1383,164,5.3505,True,"warrington e.i. co=operative society ld sugar supplies. membeis are informed that commencing monday. 'april 2nd, till further ;mice, no sugar will be supplied to any person without the sugar card..."
sugar,1910,0,1383,165,5.3547,True,"items for agriculturists. some notes on sugar beets. many papers have devoted spice to the dis- cussion of sugar beet cultivation in this country, and there seems some likelihood of factories bei..."
sugar,1910,0,1383,166,5.3554,True,what others think. sugar supplies and the british margarine trade. [to the editor.] r. —i ethottl.l like to bring to your ilir great injustice winch is being by the &coons of...
sugar,1910,0,1383,167,5.3581,True,food notes. sugar cards.—the most recent order of the ministry of food that a new indivi- dual registration. of the population for the proper distribution of sugar is ...
sugar,1910,0,1383,170,5.3663,True,"brewing and sugar supply. remarkable statement by a north shields alderman. alderman .1. 11. hogg. of north bhields, made a remerkabk statement about sugar restriction..."
sugar,1910,0,1383,171,5.3663,True,"items fob agriculturists. sugar beets owing to the difficulty of getting supplies of beet sugar from the ountineot, it seems likely that sugar beet will be grown extensively in this..."
sugar,1910,0,1383,173,5.3721,True,"jottings by an old journalist. ""that very precarious product."" the special reference to sugar in last week's lymm notes reminded me of two or three cases of hoarding that have come my way of late. out"
sugar,1910,0,1383,174,5.3734,True,sugar scheme. details of the sugar distribution sobetne are outlined as folows:— immediately the local coinniqiees are constituted they will proceed to reg...
sugar,1910,0,1383,175,5.3763,True,"the wail presiding at the annual meeting gf henry tate and sons. limited, in 14,)ndon, on friday, mr edwin tate, the vice chairman, said that sugar was the first article ot commerce which the gov- ert"
sugar,1910,0,1383,178,5.3793,True,fruit and sugar. proini3e of more adequate supplies the public are reminded that as previously announced the domestic sugar ration will be raised to 12 ounces as fro...
sugar,1910,0,1383,179,5.3816,True,"food note?. the following notes-which are o'•surrent interest hare been supplied for publication in the ""news"" t-- sugar.—lt is evident from the number of letters addmesed to the food control com- mit"
sugar,1910,0,1383,181,5.3959,True,"war saving on sugar. the government policy of econamiiing tbe available chipping tonnage by restrice lion of imports has now received 4-114, thee application. the royal ..."
sugar,1910,0,1383,182,5.3959,True,"or. salteby's address. doscribing the sugar-beer scandal as the most abominable of our time. dr. sla..eeb), in the course of a characteristic address, pointed out how stup.d was the lack of suf..."
sugar,1910,0,1383,184,5.3994,True,"sugar ""scenes"" at redcar. severa, lcindred householders were clamouring for sugar at redear on friday &tight. last week. this being due to delays mi the ra..."
sugar,1910,0,1383,187,5.4057,True,"or. salteby's address. doscribing the sugar-beer scandal as the most abominable of our time. dr. sla..eeb), in the course of a characteristic address, pointed out how stup.d was the lack of suf..."
sugar,1910,0,1383,188,5.4065,True,sugar beets in germany. an interesting piece of news came from ger- many the other:day to the effect that the im- penal governuient was taking measures to ...
sugar,1910,0,1383,189,5.4142,True,"the price of sugar. commission accede to grocer' demand. at a meeting of the northern count, pri grocers association the fixiog of a retail for sugar was discussed. the..."
sugar,1910,0,1383,190,5.4201,True,sugar supplies. the chester farm's' club asked the es. operation of the wirral club in an effort to enable farmers to obtain sugar supplies for their extra...
sugar,1910,0,1383,191,5.4216,True,sugar prices. blackpool grocers' protest. retailers and the royal cominsion. the fixing of the retail prices for sugar by the royal commission on the sugar...
sugar,1910,0,1383,193,5.4253,True,case of munition workers. further supplies needed by increased population. no extra sugar is to be allowed to seaside resorts during the summer months. this was announced in correspondence sub- mitted
sugar,1910,0,1383,195,5.4273,True,"or. salteby's address. doscribing the sugar-beer scandal as the most abominable of our time. dr. sla..eeb), in the course of a characteristic address, pointed out how stup.d was the lack of suf..."
sugar,1910,0,1383,196,5.4301,True,"blackpool's sugar supply. we have been asked by several prominent blackpool grocers, both wholesale and retail, to give the public some explanation in regard to the pr..."
sugar,1910,0,1383,198,5.4307,True,ontario news items. bonaparte and the sugar beet napoleon was probably the first man of imminence in modern times to recognise the value of the sugar beet as a soh improver and crop rotator. at...
sugar,1910,0,1383,199,5.4379,True,"ripon and wath food control gommittee. --- permits fr the purchase of seg., under the sugar (domestic presses. mg) order 1918 have 'thc,. as from hattie. day, bth inst. in view of the fact that the re"
sugar,1910,0,1383,200,5.438,True,"the sugar supply no concession for home jam making. though the sugar canmipsion has homed a placard adjuring people ta use less sugar, and market reforts state..."
sugar,1910,0,1383,201,5.4385,True,"grocers and sugar. to tm editor or ths shisinhiad news. sir,—at our meeting on wednesday laet the members expressed great surprise at the remarks which appeared in you..."
sugar,1910,0,1383,203,5.4437,True,"the price of sugar. commission accede to grocer' demand. at a meeting of the northern count, pri grocers association the fixiog of a retail for sugar was discussed. the..."
sugar,1910,0,1383,205,5.45,True,"stealing sugar. labourer's depredations at dent's wharf. three labourers, frederick briggs (54). stephen kelly (64), and james poole (38). all of no fixed abode. we..."
sugar,1910,0,1383,206,5.4509,True,"stealing sugar. labourer's depredations at dent's wharf. three labourers, frederick briggs (54). stephen kelly (64), and james poole (38). all of no fixed abode. we..."
sugar,1910,0,1383,207,5.4517,True,"excessive sugar consumption. if the users of sugar, from the great manu- facturers of sweets and confectionery, using hundreds of tons per week, to the house- holder..."
sugar,1910,0,1383,208,5.4521,True,food notes. sugar cards.—the most recent order of the ministry of food that a new indivi- dual registration. of the population for the proper distribution of sugar is ...
sugar,1910,0,1383,210,5.4525,True,"or. salteby's address. doscribing the sugar-beer scandal as the most abominable of our time. dr. sla..eeb), in the course of a characteristic address, pointed out how stup.d was the lack of suf..."
sugar,1910,0,1383,211,5.4547,True,"brewing and sugar supply. remarkable statement by a north shields alderman. alderman .1. 11. hogg. of north bhields, made a remerkabk statement about sugar restriction..."
sugar,1910,0,1383,212,5.4596,True,"sugar used in enwing. i. ""an ex-operative brewer,"" writing from bury st. edmunds, says :—"" the brewing trade and their friends have more than once stated i..."
sugar,1910,0,1383,213,5.4649,True,"legal or moral right? not guilty was the.plea of a railway .signal- man, charles wozencroft, of fiddler's ferry. lie had applied for 211 k of sugar for preserving soft fruit,. and 91b. for stone fruit"
sugar,1910,0,1383,216,5.4783,True,"the housekeeper affected. what is concerning the housekeeper is the increase in the taxes on cocoa, coffee and chicory, and sugar. the cocoa tax is stretched from 11d. to 6d. per lb., that on coffee a"
sugar,1910,0,1383,219,5.486,True,"igipwr warrington el. co-operative society ld sugar supplies. members are informed that commencing monday, april 2nd, till further notice, no sugar will be supplied to any person without the sugar car"
sugar,1910,0,1383,220,5.4868,True,food notes. sugar cards.—the most recent order of the ministry of food that a new indivi- dual registration. of the population for the proper distribution of sugar is ...
sugar,1910,0,1383,222,5.4985,True,"home notes and hints. conserve food for the lean months to come. war-ti ie recipes. plums are plentiful this year, but sugar is dear, and an opportunity for laying by a store of jam appears to be neut"
sugar,1910,0,1383,223,5.5011,True,"stealing sugar. labourer's depredations at dent's wharf. three labourers, frederick briggs (54). stephen kelly (64), and james poole (38). all of no fixed abode. we..."
sugar,1910,0,1383,224,5.5022,True,"food note?. the following notes-which are o'•surrent interest hare been supplied for publication in the ""news"" t-- sugar.—lt is evident from the number of letters addmesed to the food control com- mit"
sugar,1910,0,1383,225,5.5024,True,"mr sugar puzzle. the sugar bureau has axed the ration for the general public, including hotels, etc., at one kilogramme • month (as compared with an average p..."
sugar,1910,0,1383,226,5.503,True,"self-preservation. the former conditions adopted by individual grocers for the sale of sugar are regarded by them not only as being a just safe-guard of their own trade, but as working out to the grea"
sugar,1910,0,1383,227,5.5043,True,"motto: k.p troth. my dear nieces and nephews—when i was a child i used to know a jinging rhyme which com- menced with, ""sugar and spice, and au that's nice."" what followed immediately after, or what w"
sugar,1910,0,1383,228,5.5093,True,"to return the sugar. the next case was a similar one, in which lilian ireland, of grenfa cottage, penketh, was summoned. she had signed the declaration for preserving su..."
sugar,1910,0,1383,229,5.5151,True,"sugar checks. certain firms had devised methods of meet- ing the difficulty of the small trader. tbe, branch manager of one of tile multiple shops in warri..."
sugar,1910,0,1383,230,5.5169,True,"igipwr warrington el. co-operative society ld sugar supplies. members are informed that commencing monday, april 2nd, till further notice, no sugar will be supplied to any person without the sugar car"
sugar,1910,0,1383,232,5.5178,True,"igipwr warrington el. co-operative society ld sugar supplies. members are informed that commencing monday, april 2nd, till further notice, no sugar will be supplied to any person without the sugar car"
sugar,1910,0,1383,233,5.5181,True,"jottings by an old journalist. sugar for preserving. last week's item under ""rations"". suggests a note by way of supplement to the incident i gave in that issue. i know of a few ap- plic..."
sugar,1910,0,1383,234,5.5188,True,home-grown sugar. british farmers' opportunity to cripple germany. it was the iast great european war that saw 1 the sugar-beet industry establisued on the continent....
sugar,1910,0,1383,235,5.52,True,"flews from quebec. quei3eu and maplic sugar. demand for government supervision :—a party caisisting of three hundred persons in- terested in the maple sugar tedustry, recently paid a visit to t..."
sugar,1910,0,1383,236,5.5255,True,"sugar checks. certain firms bad devised methods of meet- ing. the difficulty of, the small trader: the branch manager of one of the multiple shops in warri..."
sugar,1910,0,1383,239,5.5309,True,"jottings by an old journalist. -""that very precarious product."" the special reference to sugar in last week's lymm notes reminded me of two or three cases of hoarding that have come my way of late. ou"
sugar,1910,0,1383,240,5.531,True,"sugar prosecutions. false declarations bring trouble to housewives. dear preserves. a number of prosecutions under the sugar domestic preserving, order wer..."
sugar,1910,0,1383,242,5.5361,True,"time the terra glyrnsuria means sugar in the urine, 'rd sugar in the urine generally means diabetes. yet medical men use the worits glycosuria and diphetes for different condition:. clveo..."
sugar,1910,0,1383,243,5.5417,True,"stealing sugar. labourer's depredations at dent's wharf. three labourers, frederick briggs (54). stephen kelly (64), and james poole (38). all of no fixed abode. we..."
sugar,1910,0,1383,244,5.5468,True,eamay's sugar trade. the fact that the government have taken the drastic step of prohibiting for aa indefinite period all sugar imports in oidor to secure that no ...
sugar,1910,0,1383,245,5.55,True,"sugar from sawdust. • company with german shareholders. judge mulligan, k.o, in the dawnhem (ni.rfult) county c nit held hut cimpaoy with germito eharehold..."
sugar,1910,0,1383,246,5.5541,True,"legal or moral right? not guilty was the.plea of a railway .signal- man, charles wozencroft, of fiddler's ferry. lie had applied for 211 k of sugar for preserving soft fruit,. and 91b. for stone fruit"
sugar,1910,0,1383,247,5.5558,True,"blackpool's sugar supply. we have been asked by several prominent blackpool grocers, both wholesale and retail, to give the public some explanation in regard to the pr..."
sugar,1910,0,1383,249,5.568,True,"new sugar cards., the ministry of food, whose emu:tunics- lions on this subject hitherto have caused much perplexity, ask us to publish the:follow- ing:— it is..."
sugar,1910,0,1383,250,5.5687,True,ripon and wath (joint) food control committee. sugar for jam-mailing. rreie above oocurnittoo have a limited -11- supply of sugar tor distribution for promotes rome-grown fruit. app. cations 'win the 
sugar,1910,0,1383,251,5.5688,True,sugar supplies. the chester farm's' club asked the es. operation of the wirral club in an effort to enable farmers to obtain sugar supplies for their extra...
sugar,1910,0,1383,252,5.5701,True,home-grown sugar. british farmers' opportunity to cripple germany. it was the iast great european war that saw 1 the sugar-beet industry establisued on the continent....
sugar,1910,0,1383,253,5.5775,True,"sugar supply reduced to half rations. an official irtimatiuti was received in sheffield on friday, that the sugar commissioners have decided to cut down su..."
sugar,1910,0,1383,254,5.578,True,"the food control committee. the sugar shortage. the community will be glad to learn that the serious shortage of saga. r in the town is engaging the committee's attention, and that immedi..."
sugar,1910,0,1383,255,5.5805,True,"time the terra glyrnsuria means sugar in the urine, 'rd sugar in the urine generally means diabetes. yet medical men use the worits glycosuria and diphetes for different condition:. clveo..."
sugar,1910,0,1383,256,5.5852,True,sugar beets in germany. an interesting piece of news came from ger- many the other day to the effect that the im- perial government as taking measures to i...
sugar,1910,0,1383,259,5.589,True,"sugar checks. certain firms had devised methods of meet- ing the difficulty of the small trader. tbe, branch manager of one of tile multiple shops in warri..."
sugar,1910,0,1383,260,5.5908,True,"sugar ra'tions. grocers' dissatisfaction with. new order. the new sugar order issued by the govern- ment last, week has caused considerable per- plexity am..."
sugar,1910,0,1383,262,5.5963,True,"sugar cards. the wholesale co-operative society has found it necessary to inaugurate a system of sugar cards. these have been issued to mem- bers, and on t..."
sugar,1910,0,1383,263,5.5978,True,"a hint about sugar. the late sir henry thompson, one of the greatest anthoririea on diet, wrote :—""lt is scarcely sufficiently known that sugar is a very valuable food ..."
sugar,1910,0,1383,264,5.598,True,"food note?. the following notes-which are o'•surrent interest hare been supplied for publication in the ""news"" t-- sugar.—lt is evident from the number of letters addmesed to the food control com- mit"
sugar,1910,0,1383,265,5.5987,True,"energy from sugar. a number of people have bee-i-i-wi:y. surprised at the fact that our soldiers at the front ap-- pear to have such a craving for sweet things. those,..."
sugar,1910,0,1383,266,5.6062,True,"time the terra glyrnsuria means sugar in the urine, 'rd sugar in the urine generally means diabetes. yet medical men use the worits glycosuria and diphetes for different condition:. clveo..."
sugar,1910,0,1383,267,5.6087,True,"neutrals and german sugar. the import into this country of alien goods is, of course. already prohibited. ger- man and austinui sugar may not be im- ported here it,d r is true..."
sugar,1910,0,1383,268,5.6096,True,"stealing sugar. labourer's depredations at dent's wharf. three labourers, frederick briggs (54). stephen kelly (64), and james poole (38). all of no fixed abode. we..."
sugar,1910,0,1383,269,5.6136,True,"lilt itisii ctltiv ation. the ourtailment of sugar imports, and the consequent large itlerell'e in price of this cone mouity due to the oar crisis lend unusual interest to tee renewed effort, which ar"
sugar,1910,0,1383,270,5.6137,True,"boon to jam makers. sugar substitute and how to use it, plums tu persty are promised all over dziglarad, but the board of agrioulture utters a word of warning to those who wak..."
sugar,1910,0,1383,272,5.6145,True,"sugar-bert in war time. in spite of the ablienee in japan of its well- known contributor, ""home counties,"" 'the world's work"" does not neglect sugar-beet c..."
sugar,1910,0,1383,273,5.6183,True,"sucar preservinc order. stocktdn grocer fined for an infringement of it. a ease under the new sugar preserving oider was ueard at saoekton on thursday. chet, john conoing arrl co., gro,ur.i. charged w"
sugar,1910,0,1383,274,5.6192,True,sugar prices. blackpool grocers' protest. retailers and the royal cominsion. the fixing of the retail prices for sugar by the royal commission on the sugar...
sugar,1910,0,1383,275,5.6212,True,the sugar and potato scandal. lb e aould be a bold man who would drum that food control.' had been a success under lonl desimporns administration. regulations ...
sugar,1910,0,1383,276,5.6238,True,sugar scheme. details of the sugar distribution sobetne are outlined as folows:— immediately the local coinniqiees are constituted they will proceed to reg...
sugar,1910,0,1383,277,5.6253,True,"sugar cards. the wholesale co-operative society has found it necessary to inaugurate a system of sugar cards. these have been issued to mem- bers, and on t..."
sugar,1910,0,1383,278,5.6257,True,"...ity of sugait. a letter was read from the local govern- tent board, dated aug. 18th, stating that they had been informed by the royal com- mission on sugar supply that the supply a cube sugar now"
sugar,1910,0,1383,279,5.6286,True,"sugar for fruit preserving. supplies available for local applicants. [editor, nortr-eatern daily gazettic • slr,—the food production department of the boar..."
sugar,1910,0,1383,280,5.6305,True,"sugar checks. certain firms bad devised methods of meet- ing. the difficulty of, the small trader: the branch manager of one of the multiple shops in warri..."
sugar,1910,0,1383,281,5.6313,True,"...ts. the food control committees of itr. kenhead and for the wirral district n0..1 that the following has been reeeiiel:— ""permits for the purchase of sugar aijice the sugar (domest"
sugar,1910,0,1383,283,5.6394,True,the sugar ration. quantity per head to depend upon available supplies. the royal commisninn on ngar supply learne that an the result of adyertinements which ha...
sugar,1910,0,1383,285,5.6447,True,"...ubborn fighting with the turks for 48 hours in the judean hills. our determined progress. redcar allotments. --- 'council urged to acquire more land. sugar ""scenes"" at redcar. for some' time past th"
sugar,1910,0,1383,286,5.6491,True,"the examiner, saturday, february 10, 1917. gossip. efforts by the clerk to get assured supplies of sugar for the workhouse have met with a reply that inmates cannot be specially looked after by the co"
sugar,1910,0,1383,287,5.6508,True,"unequal distrmution. the grocer protests that the government, while stipulating the right of each individual to three-quarters of a pound of sugar per week, and the fact that these supplies are forthc"
sugar,1910,0,1383,288,5.6524,True,"energy from sugar. a number of people have bee-i-i-wi:y. surprised at the fact that our soldiers at the front ap-- pear to have such a craving for sweet things. those,..."
sugar,1910,0,1383,289,5.6527,True,"sugar for jam making. sirs schofield coetes,lion. seeretar3 middlesbrough and district women'a cour, cil, ham received the enclosed letter in reply to one ..."
sugar,1910,0,1383,291,5.6577,True,"tbursday, november bm, no. sugar and confusion. we are not surprised at the change which the fcod controller has found it necessary to make in the scheme of 'sugar rations. his a pit..."
sugar,1910,0,1383,292,5.6599,True,"neutrals and german sugar. the import into this country of alien goods is, of course. already prohibited. ger- man and austinui sugar may not be im- ported here it,d r is true..."
sugar,1910,0,1383,293,5.6607,True,"neutrals and german sugar. the import into this country of alien goods is, of course. already prohibited. ger- man and austinui sugar may not be im- ported here it,d r is true..."
sugar,1910,0,1383,294,5.6619,True,"new sugar cards., the ministry of food, whose emu:tunics- lions on this subject hitherto have caused much perplexity, ask us to publish the:follow- ing:— it is..."
sugar,1910,0,1383,295,5.6624,True,"a hint about sugar. the late sir henry thompson, °tie of the greatest authorities on diet. wrote; ""it is scarcely sullicivntly known that sugar is is very valuable food..."
sugar,1910,0,1383,296,5.6631,True,"ripon & wath (joint) food control coumittre. sugar for dom es tic fruit preserving. toe royal commission on the sugar supply desires to notify that it is prepared atirlbg na.ev til of june july to ,up"
sugar,1910,0,1383,297,5.6674,True,"a hint about sugar. the late sir henry thompson, one of the greatest authorities on diet, wrote ""it is scarcely sufficiently known that sugar is a very valuable food wh..."
sugar,1910,0,1383,298,5.6711,True,"warrington e.i. co=operative society ld sugar supplies. membeis are informed that commencing monday. 'april 2nd, till further ;mice, no sugar will be supplied to any person without the sugar card..."
sugar,1910,0,1383,299,5.6721,True,"new sugar cards., the ministry of food, whose emu:tunics- lions on this subject hitherto have caused much perplexity, ask us to publish the:follow- ing:— it is..."
sugar,1910,0,1383,300,5.6732,True,"saving suck supplies to be reduced by 25 per cent. the royal commission on the sugar i supply, having received requests for more specific information as to the extent of the reduction in the .inports "
sugar,1910,0,1383,301,5.677,True,"...ity of sugait. a letter was read from the local govern- tent board, dated aug. 18th, stating that they had been informed by the royal com- mission on sugar supply that the supply a cube sugar now"
sugar,1910,0,1383,303,5.6801,True,"sugar-bert in war time. in spite of the ablienee in japan of its well- known contributor, ""home counties,"" 'the world's work"" does not neglect sugar-beet c..."
sugar,1910,0,1383,304,5.6847,True,"the food control committee. the sugar shortage. the community will be glad to learn that the serious shortage of saga. r in the town is engaging the committee's attention, and that immedi..."
sugar,1910,0,1383,305,5.685,True,"neutrals and german sugar. the import into this country of alien goods is, of course. already prohibited. ger- man and austinui sugar may not be im- ported here it,d r is true..."
sugar,1910,0,1383,306,5.6871,True,sugar beets in germany. an interesting piece of news came from ger- many the other day to the effect that the im- perial government as taking measures to i...
sugar,1910,0,1383,307,5.6883,True,"sugar substitute how to preserve fruit cheaply. the english plum crop promises to be a lrge one, and in order to avoid any wastage the board of agriculture..."
sugar,1910,0,1383,308,5.6893,True,sugar distribution schemi. mind3iry of food. lr- orme; of applioa pions for 1: sugar tickets by pomona reaidiog 'within the rural districts of ripon or wat...
sugar,1910,0,1383,309,5.6943,True,"new registration scheme. the sudden change in she system of sugar cards has somewhat mystified the general public, and the food department has already- been inundated with inquiries from traders and h"
sugar,1910,0,1383,310,5.6949,True,"neutrals and german sugar. the import into this country of alien goods is, of course. already prohibited. ger- man and austinui sugar may not be im- ported here it,d r is true..."
sugar,1910,0,1383,311,5.7,True,"grocers and retailers to register. immediately the local committees are consti- tuted they will proceed to register grocers and other retailers of sugar, and after october ist no retailer who remains "
sugar,1910,0,1383,312,5.7012,True,"...ubborn fighting with the turks for 48 hours in the judean hills. our determined progress. redcar allotments. --- 'council urged to acquire more land. sugar ""scenes"" at redcar. for some' time past th"
sugar,1910,0,1383,315,5.7058,True,"dutch government block the way. i regret to announce, says a writer of farm and home,"" that the english beet sugar cor- poration, ltd. (formerly the anglo-netherland sugar corporation, ltd.), which la"
sugar,1910,0,1383,316,5.7062,True,home-grown sugar. british farmers' opportunity to cripple germany. it was the last great european war that saw the sugar-beet industry established on the continent. w...
sugar,1910,0,1383,317,5.7082,True,"items for agriculturists. sugar beets. i in view of the impossibility of getting contin- ental sugar, the sugar beet industry of england should receive an immense impetus. sugar bee..."
sugar,1910,0,1383,319,5.7107,True,"home-grown sugar, british farmers' opportunity to cripple germany. it wa,s the last great european war that saw the sugar-beet industry establisnel on the continent. ..."
sugar,1910,0,1383,320,5.7117,True,"mr sugar puzzle. the sugar bureau has axed the ration for the general public, including hotels, etc., at one kilogramme • month (as compared with an average p..."
sugar,1910,0,1383,321,5.7158,True,"sugar beet. in the spring months a great stir was made about sugar beetroot, and to my knowledge many allotment-holders -purchased and sowed seed of this v..."
sugar,1910,0,1383,322,5.7167,True,"a hint about sugar. the late sir henry thompson, one of the greatest authorities on diet, wrote: ""it is scarcely sufficiently known that sugar is a very valuable food w..."
sugar,1910,0,1383,323,5.7212,True,"items for agriculturists. sugar beets. i in view of the impossibility of getting contin- ental sugar, the sugar beet industry of england should receive an immense impetus. sugar bee..."
sugar,1910,0,1383,325,5.724,True,"the nation's food. real sugar shortage. interviewed by a press representative one j of the london koud ceminiesioners stated that despite the sugar card scheme, there would be a s..."
sugar,1910,0,1383,326,5.7288,True,"fruit-growers' sugar—continued. guilty to making the declaration, but not guilt to acquiring the sugar. the superintendent explained that what ,was complained of that the..."
sugar,1910,0,1383,327,5.73,True,"neutrals and german sugar. the import into this country of alien goods is, of course. already prohibited. ger- man and austinui sugar may not be im- ported here it,d r is true..."
sugar,1910,0,1383,329,5.7308,True,"home-grown sugar, british farmers' opportunity to cripple germany. it wa,s the last great european war that saw the sugar-beet industry establisnel on the continent. ..."
sugar,1910,0,1383,331,5.7313,True,"sugar beet and allotments. the chairman of the incorporated english beet sugar pioneer association (mr. e. russell taylor, j.p.) intimates that in order to..."
sugar,1910,0,1383,332,5.7326,True,"ilickpool sugar census. last night we were able to obtain figures with regard to the blackpool sugar census. they are distinctly in- teresting, though it is not yet ..."
sugar,1910,0,1383,334,5.7351,True,"sugar from sawdust. • company with german shareholders. judge mulligan, k.o, in the dawnhem (ni.rfult) county c nit held hut cimpaoy with germito eharehold..."
sugar,1910,0,1383,335,5.7365,True,"unequal distmbut!on. the grocer protests that the government, while stipulating the right of each. individual to three-quarters of, a pound of sugar per week, and the fact' that these supplies are for"
sugar,1910,0,1383,336,5.7386,True,sugar worries in blackpool few towns have felt the sugar shortage during the past few months more acutely than blackpool. the diffi- culty has naturally be...
sugar,1910,0,1383,338,5.7434,True,"panic buying of sugar. housewives' ill-founded fear of a shortage. shopkeeprs are still complaining that selfish and silly people are making, or try- ing to make, large pu..."
sugar,1910,0,1383,339,5.7435,True,case of munition workers. further supplies needed by increased population. no extra sugar is to be allowed to seaside resorts during the summer months. this was announced in correspondence sub- mitted
sugar,1910,0,1383,340,5.7456,True,"about a sugar card. prosecution for obtaining sister's supply. three summonses i-under the sugar order were preferred against sarah jane birk, 313, winwick-road, a..."
sugar,1910,0,1383,341,5.7525,True,"the sugar supply no concession for home jam making. though the sugar canmipsion has homed a placard adjuring people ta use less sugar, and market reforts state..."
sugar,1910,0,1383,342,5.7529,True,"sugar for jam making. to till editos or ton disicenisid kiwil sir,—.-""spade workers"" in his article of wednesday last, quotes amofficial ap- peal to allotm..."
sugar,1910,0,1383,343,5.7539,True,"sugar cards. the wholesale co-operative society has found it necessary to inaugurate a system of sugar cards. these have been issued to mem- bers, and on t..."
sugar,1910,0,1383,344,5.7571,True,"sugar. until thv latter part of 1915 norway obtained her supplies of sugar horn ger- many. those supplies are tio longer available, as they are now being u..."
sugar,1910,0,1383,345,5.7572,True,births marriages & deaths sugar for home-grown fruit. iypoltant ncytice. the director of sugar distribution has decided that all permits issued to private fruit-growere under the su...
sugar,1910,0,1383,346,5.7594,True,"state aid for sugar beet. during the entreat financial year a 1.5,125 had been advanoed by the tiovernanent tor beetroot s uri' cultivation or faotory work tireat britai..."
sugar,1910,0,1383,347,5.7604,True,"woman's world. the fruit failure. many households have saved or acquired sugar for preserving, but • what • with • the failure of ninth of the fruit crop, and the limitations of kitchen fuel, there wi"
sugar,1910,0,1383,348,5.7616,True,"items for agriculturists. sugar beets. i in view of the impossibility of getting contin- ental sugar, the sugar beet industry of england should receive an immense impetus. sugar bee..."
sugar,1910,0,1383,349,5.7622,True,"about a sugar card. prosecution for obtaining sister's supply. three summonses under the sugar order were preferred against sarah jane kirk, 313, winwick-road, at ..."
sugar,1910,0,1383,350,5.7623,True,home-grown sugar. british farmers' opportunity to cripple germany. it was the last great european war that saw the sugar-beet industry established on the continent. w...
sugar,1910,0,1383,351,5.7662,True,"energy from sugar. a number of people have bee-i-i-wi:y. surprised at the fact that our soldiers at the front ap-- pear to have such a craving for sweet things. those,..."
sugar,1910,0,1383,352,5.7667,True,"another prosecution under the sugar preserving order. another prosecution under the sugar domes- tic preserving order, 1917, came before the magistrates (mr. f. a. frost and councillor ..."
sugar,1910,0,1383,353,5.7669,True,"home-grown sugar. twortance of british beet, by. e. t. bnown. an opportunity exists at the present time greatly to increase our supply of borne-grown sugar beet, and ..."
sugar,1910,0,1383,354,5.7669,True,"woman's world. the fruit failure. many households have saved or acquired sugar for preserving, but • what • with • the failure of ninth of the fruit crop, and the limitations of kitchen fuel, there wi"
sugar,1910,0,1383,355,5.7695,True,"new sugar cards., the ministry of food, whose emu:tunics- lions on this subject hitherto have caused much perplexity, ask us to publish the:follow- ing:— it is..."
sugar,1910,0,1383,356,5.7699,True,"sugar beets. sugar beet is a strain of the garden beotroot that bee been specially bred to contain large proportions of sugar, and good stocks now a date 3..."
sugar,1910,0,1383,357,5.7748,True,"sugar beet. in the spring months a great stir was made about sugar beetroot, and to my knowledge many allotment-holders -purchased and sowed seed of this v..."
sugar,1910,0,1383,358,5.7778,True,no extra sucar for jam. the hoyel on sugar supply announces that it las now completed its arrangements for the distribution of sugar to fruit-growers for domestic preserving under the special ...
sugar,1910,0,1383,360,5.7912,True,sugar bee-r. there is an inclination to take a favourable view .of the sugar beet prospects in the coming season in consequence of the statement made by th...
sugar,1910,0,1383,361,5.7912,True,"the sugar problem. canada prepann9 to grow her the establishment of • large factory for the manufacture of rugs, from bort in the med river valley. manitoba, t..."
sugar,1910,0,1383,362,5.7922,True,"ripon and wath food control gommittee. --- permits fr the purchase of seg., under the sugar (domestic presses. mg) order 1918 have 'thc,. as from hattie. day, bth inst. in view of the fact that the re"
sugar,1910,0,1383,364,5.7967,True,"sugar ""scenes"" at redcar. severa, lcindred householders were clamouring for sugar at redear on friday &tight. last week. this being due to delays mi the ra..."
sugar,1910,0,1383,366,5.7991,True,"sugar beet. in the spring months a great stir was made about sugar beetroot, and to my knowledge many allotment-holders purchased and sowed seed of this' v..."
sugar,1910,0,1383,367,5.8087,True,"the sugar problem. canada prepann9 to grow her the establishment of • large factory for the manufacture of rugs, from bort in the med river valley. manitoba, t..."
sugar,1910,0,1383,368,5.812,True,"or. salteby's address. doscribing the sugar-beer scandal as the most abominable of our time. dr. sla..eeb), in the course of a characteristic address, pointed out how stup.d was the lack of suf..."
sugar,1910,0,1383,371,5.8173,True,"sugar beets. sugar beet is a strain of the garden beotroot that bee been specially bred to contain large proportions of sugar, and good stocks now a date 3..."
sugar,1910,0,1383,372,5.8192,True,"about a sugar card. prosecution for obtaining sister's supply. three summonses under the sugar order were preferred against sarah jane kirk, 313, winwick-road, at ..."
sugar,1910,0,1383,373,5.8201,True,"woman's world. the fruit failure. many households have saved or acquired sugar for preserving, but what with the failure of .mitch ,of the fruit crop, and the limitations of, kitchen fuel, there will "
sugar,1910,0,1383,374,5.8243,True,... would be difficult to imagine a more clia.rac• toristio triumph of cobdonisni than that secured by the withdrawal of great britain from the brussels sugar convention
sugar,1910,0,1383,375,5.8269,True,"sugar card questions. school children and unexpected visitors. mr. l. b. wrightson, who recently drew lord ithondda's attention to the aithcult povition of..."
sugar,1910,0,1383,376,5.8281,True,"to return the sugar. the next case was a similar one, in which lilian ireland, of grenfa• cottage, penketh, was summoned. she had signed the declaration for preserving s..."
sugar,1910,0,1383,377,5.8291,True,"about a sugar card. prosecution for obtaining sister's supply. three summonses i-under the sugar order were preferred against sarah jane birk, 313, winwick-road, a..."
sugar,1910,0,1383,378,5.8351,True,"about a sugar card. prosecution for obtaining sister's supply. three summonses under the sugar order were preferred against sarah jane kirk, 313, winwick-road, at ..."
sugar,1910,0,1383,379,5.8352,True,points for the people. tariff reform in operation the exemption of british-produced beet sugar from the payment of excise duty was a sad blow 1 to free traders. anything which savours of assist- ing a
sugar,1910,0,1383,380,5.8371,True,"sugar supplies. sugar supplies. certain nleading statements having bees boned on this subject, the blackpool wholesale grorers sod !relish's merchants asso..."
sugar,1910,0,1383,383,5.8409,True,"purchases of sugar. the government had to make sure that no one was conscious of any shortage, and sugar waa the first thing we were nicely to run short of. we had been..."
sugar,1910,0,1383,384,5.8432,True,"the food control committee. the sugar shortage. the community will be glad to learn that the serious shortage of saga. r in the town is engaging the committee's attention, and that immedi..."
sugar,1910,0,1383,385,5.8452,True,"about a sugar card. prosecution for obtaining sister's supply. three summonses i-under the sugar order were preferred against sarah jane birk, 313, winwick-road, a..."
sugar,1910,0,1383,387,5.8483,True,"sugar cards. the wholesale co-operative society has found it necessary to inaugurate a system of sugar cards. these have been issued to mem- bers, and on t..."
sugar,1910,0,1383,388,5.8495,True,"the nation's food. real sugar shortage. interviewed by a press representative one j of the london koud ceminiesioners stated that despite the sugar card scheme, there would be a s..."
sugar,1910,0,1383,389,5.8506,True,food notes. sugar cards.—the most recent order of the ministry of food that a new indivi- dual registration. of the population for the proper distribution of sugar is ...
sugar,1910,0,1383,390,5.8525,True,"sugar beet. there have been several inquiries lately con. icerning sugar beet. as in other seasons, allot- 'meat-holders have grown this'vegctable in, the ..."
sugar,1910,0,1383,391,5.8577,True,"our soul one of the earliest records of the price of sugar in great britain appears ia the sp- ooned of the chamberlain of scotland is 1319, in which it is set down at lc aid. per pound. in 1450 sugar"
sugar,1910,0,1383,392,5.8595,True,public notices. lym.ii. rood control committee. sugar distribution scheme. to retailers. caterers. institutions. raid 14.anufacturers in the above district fel'in7 or using sugar. i.e is now neceasary
sugar,1910,0,1383,393,5.8617,True,"to check profiteerinc. --- appointment of local food control committee. in connection with the food controller's scheme for the distribution of sugar and other articles of food, a special meeting of m"
sugar,1910,0,1383,394,5.864,True,"legal or moral right? not guilty was the.plea of a railway .signal- man, charles wozencroft, of fiddler's ferry. lie had applied for 211 k of sugar for preserving soft fruit,. and 91b. for stone fruit"
sugar,1910,0,1383,396,5.8784,True,"the sugar supply no concession for home jam making. though the sugar canmipsion has homed a placard adjuring people ta use less sugar, and market reforts state..."
sugar,1910,0,1383,397,5.8802,True,sugar for jam. how the allowance is worked. there appear to be different impressions about as to what the allowa.nce of fuser per head or per household is ...
sugar,1910,0,1383,398,5.8819,True,"sugar cards. the wholesale co-operative society has found it necessary to inaugurate a system of sugar cards. these have been issued to mem- bers, and on t..."
sugar,1910,0,1383,399,5.8826,True,... would be difficult to imagine a more clia.rac• toristio triumph of cobdonisni than that secured by the withdrawal of great britain from the brussels sugar convention
sugar,1910,0,1383,402,5.8947,True,sugar for preserves. applications iiiist. be in by saturday. housewives are remhuled that saturday is the last day for the sending in of the opplioation fo...
sugar,1910,0,1383,403,5.8965,True,"excessive sugar consumption. if the users of sugar, from the great manu- facturers of sweets and confectionery, using hundreds of tons per week, to the house- holder..."
sugar,1910,0,1383,406,5.899,True,"...ity of sugait. a letter was read from the local govern- tent board, dated aug. 18th, stating that they had been informed by the royal com- mission on sugar supply that the supply a cube sugar now"
sugar,1910,0,1383,407,5.9042,True,the sugar and potato scandal. lb e aould be a bold man who would drum that food control.' had been a success under lonl desimporns administration. regulations ...
sugar,1910,0,1383,408,5.9056,True,"beet sugar for britain. to no article of daily consumption in these islands has •thei scourge- of, *ar applied such 'sensational effects and developments...'sy'..."
sugar,1910,0,1383,409,5.9076,True,"brewing and sugar supply. remarkable statement by a north shields alderman. alderman .1. 11. hogg. of north bhields, made a remerkabk statement about sugar restriction..."
sugar,1910,0,1383,410,5.9086,True,"...aking for xmas children love sweets, and they are good for them in moderation, especiaitly if the ingredients are quite pure. in households where the sugar ration has been hoarded, or where it "
sugar,1910,0,1383,411,5.9108,True,"boon to jam makers. sugar substitute and how to use it, plums tu persty are promised all over dziglarad, but the board of agrioulture utters a word of warning to those who wak..."
sugar,1910,0,1383,412,5.9113,True,ripon and wath (joint) food control committee. sugar for jam-mailing. rreie above oocurnittoo have a limited -11- supply of sugar tor distribution for promotes rome-grown fruit. app. cations 'win the 
sugar,1910,0,1383,414,5.9122,True,sugar bee:*. there is an inclination to take a favourable view of the sugar beet prospects in the coming season in consequence of the statement made by the...
sugar,1910,0,1383,415,5.9126,True,... would be difficult to imagine a more clia.rac• toristio triumph of cobdonisni than that secured by the withdrawal of great britain from the brussels sugar convention
sugar,1910,0,1383,416,5.9139,True,money. sugar tickets. warrington grocers decide on rationing from monday. on the invitation of the local food coptrol committee a meeting of grocers was held at t...
sugar,1910,0,1383,417,5.9142,True,"sugar works fire. £5,000 damage at earlestown. during the early hours of sunday morning one of the night workmen at the works of the sankey sugar company, ..."
sugar,1910,0,1383,418,5.9142,True,"sugar works fire. £5,000 damage at earlestown. during the early hours of sunday morning one of the night workmen at the works of the sankey sugar company, ..."
sugar,1910,0,1383,419,5.9184,True,"fruit-growers' sugar—continued. guilty to making the declaration, but not guilt to acquiring the sugar. the superintendent explained that what ,was complained of that the..."
sugar,1910,0,1383,420,5.9198,True,cleveland breezes. it is gratifying to thl sugar from representation. thr 6cfyli. redcar urban uunci.leoct control committee are making to the new controller that they will leave nothing undone to p...
sugar,1910,0,1383,421,5.9248,True,"half a ton of sugar. the summons for hoarding was first dealt with, #nd the defendant pleaded' not guilty. the chief, constable, in outlining the case, said that from in..."
sugar,1910,0,1383,422,5.9272,True,"half a ton of sugar. the summons for hoarding was first dealt with, #nd the defendant pleaded' not guilty. the chief, constable, in outlining the case, said that from in..."
sugar,1910,0,1383,423,5.9294,True,"woman's world. the fruit failure. many households have saved or acquired sugar for preserving, but • what • with • the failure of ninth of the fruit crop, and the limitations of kitchen fuel, there wi"
sugar,1910,0,1383,424,5.9298,True,"new registration scheme. the sudden change in she system of sugar cards has somewhat mystified the general public, and the food department has already- been inundated with inquiries from traders and h"
sugar,1910,0,1383,425,5.9306,True,green tomato jam. here is a recipe that will be of use when tomatoes refuse to ripen. to 41b. tomatoes allow .2 lemons and 31b. sugar. cut the toma- toes in quarters. put the sugar into the pan with j
sugar,1910,0,1383,427,5.9344,True,"energy from sugar. a number of people have been very surprised at the fact that our soldiers at the front ap- pear to have such a craving for sweet things. those, howe..."
sugar,1910,0,1383,428,5.9383,True,"home sugar industry. it is yet uncertain, says ""farm and home,"" whether the important step taken by the gov- ernment of prohibiting the importation of sugar fro..."
sugar,1910,0,1383,429,5.939,True,"people are saying. that the sugar question has been the exciting event of the week. crowds of eager, excited, and weary housewives have stood, crushed and anxious, in some of thi, sho..."
sugar,1910,0,1383,430,5.9431,True,sugar for preserves. applications iiiist. be in by saturday. housewives are remhuled that saturday is the last day for the sending in of the opplioation fo...
sugar,1910,0,1383,431,5.9491,True,sugar tickets in middlesbrough in order to enfaure an equitikble distribu- tion of sugar to their members:the atiddes- brough co-operative society will on ...
sugar,1910,0,1383,432,5.9494,True,"purchases of sugar. the government had to make sure that no one was conscious of any shortage, and sugar waa the first thing we were nicely to run short of. we had been..."
sugar,1910,0,1383,433,5.9502,True,"odds an ends. when you put a lump of sugar in a cup of tft, do you ever wonder how it has arrived at your table in such a nice, refined state? every year the world uses seventeen million tons ..."
sugar,1910,0,1383,434,5.9508,True,"...aking for xmas children love sweets, and they are good for them in moderation, especiaitly if the ingredients are quite pure. in households where the sugar ration has been hoarded, or where it "
sugar,1910,0,1383,435,5.9522,True,"home sugar industry. it is yet uncertain, says ""farm and home,"" whether the important step taken by the gov- ernment of prohibiting the importation of sugar fro..."
sugar,1910,0,1383,436,5.9559,True,"jottings by an old journalist. sugar for preserving. • last week's item under rations"" suggests a 'note by way of supplement to the incident i gave in that issue. i know of few ap- plica..."
sugar,1910,0,1383,437,5.9572,True,"home sugar industry. it is yet uncertain, says ""farm and home,"" whether the important step taken by the gov- ernment of prohibiting the importation of sugar fro..."
sugar,1910,0,1383,438,5.9595,True,"sugar for fruit preserving. supplies available for local applicants. [editor, nortr-eatern daily gazettic • slr,—the food production department of the boar..."
sugar,1910,0,1383,439,5.9602,True,"our soul one of the earliest records of the price of sugar in great britain appears ia the sp- ooned of the chamberlain of scotland is 1319, in which it is set down at lc aid. per pound. in 1450 sugar"
sugar,1910,0,1383,441,5.9627,True,"the new sugar cards. 'rile new sugar cards are nog being printed. they :ire oi stiff buff papeappand perforated in the (""entre, eight inches long, and nvarly four ..."
sugar,1910,0,1383,442,5.9639,True,food notes. sugar cards.—the most recent order of the ministry of food that a new indivi- dual registration. of the population for the proper distribution of sugar is ...
sugar,1910,0,1383,443,5.9661,True,"sugar, butter and dividends. the president, in moving the adoption of the report, said the sales for the three months had been £138,179, an increase of £15..."
sugar,1910,0,1383,444,5.9664,True,sugar worries in blackpool few towns have felt the sugar shortage during the past few months more acutely than blackpool. the diffi- culty has naturally be...
sugar,1910,0,1383,445,5.9667,True,"home sugar industry. it is yet uncertain, says ""farm and home,"" whether the important step taken by the gov- ernment of prohibiting the importation of sugar fro..."
sugar,1910,0,1383,446,5.9668,True,"sugar card questions. school children and unexpected visitors. mr. l. b. wrightson, who recently drew lord ithondda's attention to the aithcult povition of..."
sugar,1910,0,1383,447,5.9668,True,"local creters as* sugar hcar:ers. (to tail editor.) sir, -no doubt a goal deal es' inisunder. stamina, will ae.e in the in oils of the 'oldie with regard to the new sugar or..."
sugar,1910,0,1383,448,5.9679,True,"the individual system. the system of sugar distribution on the basis of a household card has been changed to one of individual registration. before the end of the year every householder, must ..."
sugar,1910,0,1383,449,5.9688,True,"warrington e.i. co=operative society ld. 15, cairo street, warrington. sugar supplies. in order to meet the new regulations respecting sugar made hs, the food controller,"
sugar,1910,0,1383,450,5.9693,True,"syrup prices fixed. l&l. per pound next week. the royal commission on sugar supply give notice that on and after monday next, april w. the wholesale price of all syrup for domestic uss will be 60s. pe"
sugar,1910,0,1383,451,5.9695,True,"sugar cards, official application forms for sugar cards will be distributed by the local food com- mittee to every householder by september 30th. if you do..."
sugar,1910,0,1383,452,5.9722,True,sugar for sam. gardens to be inspected. the distribution of forms of applioation for sugar for jam making began from the birkenhead food control office on ...
sugar,1910,0,1383,453,5.9762,True,sugar prices. blackpool grocers' protest. retailers and the royal cominsion. the fixing of the retail prices for sugar by the royal commission on the sugar...
sugar,1910,0,1383,454,5.9782,True,"sugar hoarder heavily fined at dartford petty sessions, john flick inott, of longfield, was fined £2o for acquiring a quantity of sugar exoeeding the amoun..."
sugar,1910,0,1383,455,5.9788,True,"sugar cards, official application forms for sugar cards will be distributed by the local food com- mittee to every householder by september 30th. if you do..."
sugar,1910,0,1383,456,5.9846,True,"odds an ends. when you put a lump of sugar in a cup of tft, do you ever wonder how it has arrived at your table in such a nice, refined state? every year the world uses seventeen million tons ..."
sugar,1910,0,1383,458,5.9873,True,...ublic of birkenhead will be glad commission in london on the shortage of tufsday.—before mr. t. l. dodds (in to learn that the urgent representation§ sugar in the boro
sugar,1910,0,1383,459,5.9883,True,"war saving on sugar. the government policy of econamiiing tbe available chipping tonnage by restrice lion of imports has now received 4-114, thee application. the royal ..."
sugar,1910,0,1383,460,5.9894,True,"self-preservation. the former conditions adopted by. individnat grocers for the sale of sugar are regarded' by them not only, as being a just safe-guard of their own trade, but as working 9ut to the. "
sugar,1910,0,1383,462,5.993,True,sugar tickets. warrington grocers decide on rationing from monday. on the invitation of the local food cmitrol committee a meeting of grocers was held at t...
sugar,1910,0,1383,463,5.9951,True,ripon and wath (joint) food control committee. sugar for jam-mailing. rreie above oocurnittoo have a limited -11- supply of sugar tor distribution for promotes rome-grown fruit. app. cations 'win the 
sugar,1910,0,1383,464,5.9958,True,"saving suck supplies to be reduced by 25 per cent. the royal commission on the sugar i supply, having received requests for more specific information as to the extent of the reduction in the .inports "
sugar,1910,0,1383,465,5.9975,True,"sugar beet. in the spring months a great stir was made about sugar beetroot, and to my knowledge many allotment-holders -purchased and sowed seed of this v..."
sugar,1910,0,1383,466,5.9988,True,sugar worries in blackpool few towns have felt the sugar shortage during the past few months more acutely than blackpool. the diffi- culty has naturally be...
sugar,1910,0,1383,467,6.0001,True,"§irkenbtad rims pvilimizdwinn 4wd &tribal!. wednesday, november 28, 1917. experience •brings en- little sugar lightenment even with troubles, sugar cards. it is not to be wondered that in a scheme so "
sugar,1910,0,1383,468,6.0005,True,"warrington e.i. co=operative society ld. 15, cairo street, warrington. sugar supplies. in order to meet the new regulations respecting sugar made hs, the food controller,"
sugar,1910,0,1383,469,6.001,True,0.551 p. efforts by the clerk to get assured supplies of sugar for the workhouse have met with a reply that inmates cannet be specially looked after by the commission. in the matter of sugar we are al
sugar,1910,0,1383,470,6.0093,True,"redcar's sugar system. a dishonest soldier. 11,634 people covered by the wore d.c.m. and life saving cards issued. ribbons which he had bought, a detailed report as..."
sugar,1910,0,1383,472,6.0203,True,"..."" at the county petty sessions on wednesday, richard 011erton, barge 'captain, higher ince, was charged with having stolen 841 b. of unre- fined cane sugar, valued £1 165., the pro"
sugar,1910,0,1383,473,6.0237,True,"a hint about sugar. the late sir henry thompson, one of the greatest authorities on diet, wrote: ""it is scarcely sufficiently known that sugar is a very valuable food w..."
sugar,1910,0,1383,474,6.0245,True,"energy from sugar. a number of people have been very surprised at the fact that our soldiers at the front ap- pear to have such a craving for sweet things. those, howe..."
sugar,1910,0,1383,475,6.0262,True,"home sugar industry. it is yet uncertain, says ""farm and home,"" whether the important step taken by the gov- ernment of prohibiting the importation of sugar fro..."
sugar,1910,0,1383,477,6.0334,True,"home sugar industry. it is yet uncertain, says ""farm and home,"" whether the important step taken by the gov- ernment of prohibiting the importation of sugar fro..."
sugar,1910,0,1383,478,6.034,True,"sugar ""scenes"" at redcar. severa, lcindred householders were clamouring for sugar at redear on friday &tight. last week. this being due to delays mi the ra..."
sugar,1910,0,1383,480,6.0349,True,"fettered by ""free trade:' ale circumstances of the boet sugar industry au regards this country an-wer exactly to john stuart. mill's description, and there is no question that it can be made to pay, p"
sugar,1910,0,1383,481,6.0399,True,"odds an ends. when you put a lump of sugar in a cup of tft, do you ever wonder how it has arrived at your table in such a nice, refined state? every year the world uses seventeen million tons ..."
sugar,1910,0,1383,482,6.0413,True,sugar tickets in middlesbrough in order to enfaure an equitikble distribu- tion of sugar to their members:the atiddes- brough co-operative society will on ...
sugar,1910,0,1383,483,6.0453,True,sugar distribution schemi. mind3iry of food. lr- orme; of applioa pions for 1: sugar tickets by pomona reaidiog 'within the rural districts of ripon or wat...
sugar,1910,0,1383,485,6.0527,True,sugar cards. official application forms for sugar cards will be distributed by the local food com- mittee to every householder by september 30th. if you do...
sugar,1910,0,1383,486,6.061,True,"half a ton of sugar. the summons for hoarding was first dealt with, #nd the defendant pleaded' not guilty. the chief, constable, in outlining the case, said that from in..."
sugar,1910,0,1383,487,6.0705,True,"another prosecution under the sugar preserving order. another prosecution under the sugar domes- tic preserving order, 1917, came before the magistrates (mr. f. a. frost and councillor ..."
sugar,1910,0,1383,488,6.0722,True,"home sugar industry. it is yet uncertain, says ""farm and home,"" whether the important step taken by the gov- ernment of prohibiting the importation of sugar fro..."
sugar,1910,0,1383,489,6.0759,True,"the examiner, saturday, february 10, 1917. gossip. efforts by the clerk to get assured supplies of sugar for the workhouse have met with a reply that inmates cannot be specially looked after by the co"
sugar,1910,0,1383,490,6.078,True,"...ity of sugait. a letter was read from the local govern- tent board, dated aug. 18th, stating that they had been informed by the royal com- mission on sugar supply that the supply a cube sugar now"
sugar,1910,0,1383,492,6.0864,True,"sugar beet's opportunity. there meter has been, and probably never will be, such a grand opportunity far getting the industry started on a sound basis as a..."
sugar,1910,0,1383,493,6.0866,True,"beet sugar cultivation. there has been regi,tored by license of the board of trade as a comjiakiy not existing to make n profit tho incorporated english beet su..."
sugar,1910,0,1383,495,6.0978,True,"how to obtain sow. it is imp tact to remember (1) that after december 31st, eso only obtain sugar by one the following ',stems. (2) that you can only use the system which applies ip your particular ca"
sugar,1910,0,1383,496,6.1011,True,"home sugar industry. it is yet uncertain, says ""farm and home,"" whether the important step taken by the gov- ernment of prohibiting the importation of sugar fro..."
sugar,1910,0,1383,497,6.1053,True,"odds an ends. when you put a lump of sugar in a cup of tft, do you ever wonder how it has arrived at your table in such a nice, refined state? every year the world uses seventeen million tons ..."
sugar,1910,0,1383,499,6.1099,True,"home sugar industry. it is yet uncertain, says ""farm and home,"" whether the important step taken by the gov- ernment of prohibiting the importation of sugar fro..."
sugar,1910,0,1383,500,6.1119,True,"the new sugar order. middlesbrough traditics' appeal for postponemeni refused. the new sugar order, which imposes the condition that each individual consumer must ..."
sugar,1910,0,1383,501,6.1121,True,"blackpool's sugar supply. we have been asked by several prominent blackpool grocers, both wholesale and retail, to give the public some explanation in regard to the pr..."
sugar,1910,0,1383,502,6.1186,True,"sugar hidden under coke. the defendant was interviewed by himself (the chief constable), and w,as told. they had reason to believe he had purchased half a...."
sugar,1910,0,1383,503,6.1232,True,"§irkenbtad rims pvilimizdwinn 4wd &tribal!. wednesday, november 28, 1917. experience •brings en- little sugar lightenment even with troubles, sugar cards. it is not to be wondered that in a scheme so "
sugar,1910,0,1383,504,6.1303,True,iclcream seller's sugar stock the local food controller has reported to the oonsett district food control oonumt- tee that an ice cream vendor had stocked two tons of sugar....
sugar,1910,0,1383,505,6.1308,True,"energy from sugar. a number of people have been very surprised at the fact that our soldiers at the front ap- pear to have such a craving for sweet things. those, howe..."
sugar,1910,0,1383,506,6.134,True,"sugar ra'tions. grocers' dissatisfaction with. new order. the new sugar order issued by the govern- ment last, week has caused considerable per- plexity am..."
sugar,1910,0,1383,507,6.1382,True,sugar prosecutions. false declarations bring trouble to housewives. dear preserves. a number of prosecutions under the sugar domestic preserving order were...
sugar,1910,0,1383,508,6.1463,True,"sucar preservinc order. stocktdn grocer fined for an infringement of it. a ease under the new sugar preserving oider was ueard at saoekton on thursday. chet, john conoing arrl co., gro,ur.i. charged w"
sugar,1910,0,1383,510,6.1474,True,sugar beet. • there is an inclination to take a favourable view of the sugar beet prospects in the coming season in consequence' of the statement made by t...
sugar,1910,0,1383,511,6.1499,True,"sugar beets. sugar beet is a strain of the garden beotroot that bee been specially bred to contain large proportions of sugar, and good stocks now a date 3..."
sugar,1910,0,1383,512,6.1512,True,sugar rations. grocers' dissatisfaction with new order. the new sugar order issued by the govern- ment last week has caused considerable per- plexity among...
sugar,1910,0,1383,513,6.1528,True,"woman's world. the fruit failure. many households have saved or acquired sugar for preserving, but what with the failure of .mitch ,of the fruit crop, and the limitations of, kitchen fuel, there will "
sugar,1910,0,1383,515,6.1535,True,"the sugar problem. canada prepann9 to grow her the establishment of • large factory for the manufacture of rugs, from bort in the med river valley. manitoba, t..."
sugar,1910,0,1383,516,6.1547,True,"tbursday, november bm, no. sugar and confusion. we are not surprised at the change which the fcod controller has found it necessary to make in the scheme of 'sugar rations. his a pit..."
sugar,1910,0,1383,517,6.1709,True,"sugar supplies. sugar supplies. certain nleading statements having bees boned on this subject, the blackpool wholesale grorers sod !relish's merchants asso..."
sugar,1910,0,1383,518,6.1721,True,"eckington sessions. monday. before colonel j. f. butler bowdon and other magistratee. dear st-9 ar. the first ea.ses under the sugar (domestic) prv,erving order, 1817. in the eckingtoa division were h"
sugar,1910,0,1383,519,6.1723,True,"the individual system. the system of sugar distribution on the basis of a household card has been changed to one of individual registration. before the end of the year every householder, must ..."
sugar,1910,0,1383,520,6.1729,True,"...ubborn fighting with the turks for 48 hours in the judean hills. our determined progress. redcar allotments. --- 'council urged to acquire more land. sugar ""scenes"" at redcar. for some' time past th"
sugar,1910,0,1383,523,6.1765,True,"jmuch sugar no sweetness. at onlat bank on thursday. ih:\tki murphy, 54. napier-street, was charged with wilfully 440faang fire to his chimney. sergt. 4'ooper sa..."
sugar,1910,0,1383,524,6.1799,True,"...."" at the county petty sessions on wednesday, richard 011erton, barge captain, higher ice, was charged with having stolen 841 b. of unre-- fined cane sugar, valued v. 165., the prop"
sugar,1910,0,1383,525,6.1833,True,suomi illustrates an anomaly. the complexity of the problem may be illus- trated by such an article as sugar. it is easy from the figures available to get approximately at the amount of sugar consumed
sugar,1910,0,1383,526,6.1836,True,"sugar beet. in the spring months a great stir was made about sugar beetroot, and to my knowledge many allotment-holders purchased and sowed seed of this' v..."
sugar,1910,0,1383,527,6.1837,True,sugar for sam. gardens to be inspected. the distribution of forms of applioation for sugar for jam making began from the birkenhead food control office on ...
sugar,1910,0,1383,528,6.1897,True,"fruit preserving. the b,oyal commissinn on the sugar supply is prepared to release further sup- plies of sugar during september and octo- ber for the domestic preserving of autumn fruits. -;ii;;* proc"
sugar,1910,0,1383,529,6.1898,True,people are saying.- that there is a gradual improvement in the attitude of the director of sugar distribution. the .first notification that there would he no sugar at all for jam- making for home grow
sugar,1910,0,1383,530,6.1938,True,"ilickpool sugar census. last night we were able to obtain figures with regard to the blackpool sugar census. they are distinctly in- teresting, though it is not yet ..."
sugar,1910,0,1383,531,6.1939,True,what others think. sugar supplies and the british margarine trade. [to the editor.] r. —i ethottl.l like to bring to your ilir great injustice winch is being by the &coons of...
sugar,1910,0,1383,532,6.1955,True,"co-operators and sugar. at a oonference of co-operators in the central hall, saltburn, presided over by mr liddle, west hartlepool, a discussion ensued on the question of f..."
sugar,1910,0,1383,535,6.199,True,"the sugar supply. three-quarters of lb. per head per week sufficient. the royal commiasiun on the sugar sup- ply, in a ttport isetted on thursday, remarks the,..."
sugar,1910,0,1383,536,6.2066,True,"ripon & wath (joint) food control coumittre. sugar for dom es tic fruit preserving. toe royal commission on the sugar supply desires to notify that it is prepared atirlbg na.ev til of june july to ,up"
sugar,1910,0,1383,537,6.2136,True,"why nothing is done. there is no reason, however, why we should grow beet for the foreigner to manufacture into sugar. we ought to be in a position to make our own sugar from our own beet. last year w"
sugar,1910,0,1383,538,6.2215,True,"search for sugar ends at police station. ""i spent about bs.. on groceries and every shop i went in i could not get any sugar, and i went and got a glass or two too mu..."
sugar,1910,0,1383,539,6.2262,True,"the nation's food. real sugar shortage. interviewed by a press representative one j of the london koud ceminiesioners stated that despite the sugar card scheme, there would be a s..."
sugar,1910,0,1383,541,6.2288,True,"...ts. the food control committees of itr. kenhead and for the wirral district n0..1 that the following has been reeeiiel:— ""permits for the purchase of sugar aijice the sugar (domest"
sugar,1910,0,1383,542,6.2439,True,"sugar card questions. school children and unexpected visitors. mr. l. b. wrightson, who recently drew lord ithondda's attention to the aithcult povition of..."
sugar,1910,0,1383,544,6.2462,True,mr. bigland and state sugar purchase. in the house of commons thday mr. bigland will asked the chancellor of the exchequer whether it is the intention of the government to conti...
sugar,1910,0,1383,545,6.2544,True,"unequal distrmution. the grocer protests that the government, while stipulating the right of each individual to three-quarters of a pound of sugar per week, and the fact that these supplies are forthc"
sugar,1910,0,1383,546,6.2569,True,"items for agriculturists. some notes on sugar beets. many papers have devoted spice to the dis- cussion of sugar beet cultivation in this country, and there seems some likelihood of factories bei..."
sugar,1910,0,1383,547,6.2588,True,"the new sugar cards. 'rile new sugar cards are nog being printed. they :ire oi stiff buff papeappand perforated in the (""entre, eight inches long, and nvarly four ..."
sugar,1910,0,1383,549,6.2653,True,sugar prices. blackpool grocers' protest. retailers and the royal cominsion. the fixing of the retail prices for sugar by the royal commission on the sugar...
sugar,1910,0,1383,550,6.2664,True,"wrong deciarations. a misapprehenion. twelve more defendants, summoned„ for con- l-avention of the sugar domestic preserving .c+rder, appeared before the magistrates at the county ses,:ons on wednesda"
sugar,1910,0,1383,551,6.2724,True,"sugar for jam making. sirs schofield coetes,lion. seeretar3 middlesbrough and district women'a cour, cil, ham received the enclosed letter in reply to one ..."
sugar,1910,0,1383,552,6.2735,True,"sugar, butter and dividends. the president, in moving the adoption of the report, said the sales for the three months had been £138,179, an increase of £15..."
sugar,1910,0,1383,553,6.2765,True,"sugar. under the fresh scheme for distribu- tion of sugar it is the intention of the food controller that, so far as possible, householders shall continue ..."
sugar,1910,0,1383,554,6.2772,True,"sagar cud system time-table of steps to be taken by although the sugar said system, en far as the domestic supply 1/1 concerned. vitil not come into force until december 30ab. there are several the de"
sugar,1910,0,1383,555,6.2834,True,what others think. sugar supplies and the british margarine trade. [to the editor.] r. —i ethottl.l like to bring to your ilir great injustice winch is being by the &coons of...
sugar,1910,0,1383,556,6.2853,True,sugar worries in blackpool few towns have felt the sugar shortage during the past few months more acutely than blackpool. the diffi- culty has naturally be...
sugar,1910,0,1383,557,6.2859,True,"sugar shortage for tea, coffee. cocoa, &c.. use • e?k !!,(itsi,l6 saccharin tablets ibms!! nadi) in packets of 100 full strength half strength -10 d 6d. so..."
sugar,1910,0,1383,558,6.2908,True,"war saving on sugar. the government policy of econamiiing tbe available chipping tonnage by restrice lion of imports has now received 4-114, thee application. the royal ..."
sugar,1910,0,1383,559,6.2919,True,"sugar shortage for tea, coffee,. cocoa, esc use qr_niw"
sugar,1910,0,1383,560,6.2962,True,sugar for domestic jam making • private •growerr rwho wish to preserve their .fruit on their own preniises for domestic oonsumption are notified dot an end...
sugar,1910,0,1383,562,6.2996,True,"why creepers turn red. withered leaves of the autumn foliage turn red because they contain more sugar and less starch than in midsummer, reports an authority. leaves of evergreens, how- ever, lost the"
sugar,1910,0,1383,563,6.3069,True,"sugar shortage for tea, coffee, cocoa, &c.. use f3oot3'4•chemist,' saccharin tablets (british nam in packets of mo full strength half strength 115 a ',ramc..."
sugar,1910,0,1383,564,6.3083,True,"..."" at the county petty sessions on wednesday, richard 011erton, barge 'captain, higher ince, was charged with having stolen 841 b. of unre- fined cane sugar, valued £1 165., the pro"
sugar,1910,0,1383,565,6.3156,True,"the food control committee. the sugar shortage. the community will be glad to learn that the serious shortage of saga. r in the town is engaging the committee's attention, and that immedi..."
sugar,1910,0,1383,567,6.3187,True,...ublic of birkenhead will be glad commission in london on the shortage of tufsday.—before mr. t. l. dodds (in to learn that the urgent representation§ sugar in the boro
sugar,1910,0,1383,568,6.3187,True,"grocers and retailers to register. immediately the local committees are consti- tuted they will proceed to register grocers and other retailers of sugar, and after october ist no retailer who remains "
sugar,1910,0,1383,570,6.3258,True,"wax from 31'6.%12-cane. -- vii ix. for some timeformed min of the hr (yr.:lints of the sugar industry in natal, and its manufacture is now making very active pro,rmse the worms tellich is patented( so"
sugar,1910,0,1383,572,6.3334,True,"beet sugar for britain. to no article of daily consumption in these islands has •thei scourge- of, *ar applied such 'sensational effects and developments...'sy'..."
sugar,1910,0,1383,573,6.3362,True,"jottings by an old journalist. sugar for preserving. last week's item under ""rations"". suggests a note by way of supplement to the incident i gave in that issue. i know of a few ap- plic..."
sugar,1910,0,1383,574,6.3375,True,"sugar cards. the wholesale co-operative society has found it necessary to inaugurate a system of sugar cards. these have been issued to mem- bers, and on t..."
sugar,1910,0,1383,577,6.3422,True,"the price of sugar. commission accede to grocer' demand. at a meeting of the northern count, pri grocers association the fixiog of a retail for sugar was discussed. the..."
sugar,1910,0,1383,578,6.3428,True,the price of sugar. warning to retailers who overcharge the public. the royal commission on the sugar supply desire it to be known that the proper retail prices for sug...
sugar,1910,0,1383,579,6.3434,True,sugar for domestic jam making • private •growerr rwho wish to preserve their .fruit on their own preniises for domestic oonsumption are notified dot an end...
sugar,1910,0,1383,580,6.3436,True,"sugar beet. in the spring months a great stir was made about sugar beetroot, and to my knowledge many allotment-holders purchased and sowed seed of this' v..."
sugar,1910,0,1383,581,6.3444,True,"the nation's food. real sugar shortage. interviewed by a press representative one j of the london koud ceminiesioners stated that despite the sugar card scheme, there would be a s..."
sugar,1910,0,1383,582,6.3463,True,sugar for neutral ships. -- fine of 1.150 inflicted on hull ship chandler. or sending margarine and sugar on board two nen'tral vessels without pie-entry a...
sugar,1910,0,1383,583,6.35,True,"woman's world. the fruit failure. many households have saved or acquired sugar for preserving, but what with the failure of .mitch ,of the fruit crop, and the limitations of, kitchen fuel, there will "
sugar,1910,0,1383,584,6.3501,True,"ripon & wath (joint) food control coumittre. sugar for dom es tic fruit preserving. toe royal commission on the sugar supply desires to notify that it is prepared atirlbg na.ev til of june july to ,up"
sugar,1910,0,1383,585,6.3501,True,sugar rations. grocers' dissatisfaction with new order. the new sugar order issued by the govern- ment last week has caused considerable per- plexity among...
sugar,1910,0,1383,586,6.355,True,"§irkenbtad rims pvilimizdwinn 4wd &tribal!. wednesday, november 28, 1917. experience •brings en- little sugar lightenment even with troubles, sugar cards. it is not to be wondered that in a scheme so "
sugar,1910,0,1383,587,6.3551,True,public notices. lymm food control committee. sugar distrii3vtion scheme. to retailers. caterers. institutions. and manufacturers in the above district sel'ing or using sugar. it is now necessary for a
sugar,1910,0,1383,589,6.3595,True,sugar bee-r. there is an inclination to take a favourable view .of the sugar beet prospects in the coming season in consequence of the statement made by th...
sugar,1910,0,1383,590,6.3599,True,"sugar for jam making. sirs schofield coetes,lion. seeretar3 middlesbrough and district women'a cour, cil, ham received the enclosed letter in reply to one ..."
sugar,1910,0,1383,591,6.3601,True,"...f not guilty was made by mary hughes, the wife of wiliam hughes, 6, station- road, penketh. supt. foster said application had been made for 361 b. of sugar for sat fruit and 48"
sugar,1910,0,1383,592,6.3602,True,"the price of sugar. commission accede to grocer' demand. at a meeting of the northern count, pri grocers association the fixiog of a retail for sugar was discussed. the..."
sugar,1910,0,1383,593,6.3611,True,"sugar checks. certain firms had devised methods of meet- ing the difficulty of the small trader. tbe, branch manager of one of tile multiple shops in warri..."
sugar,1910,0,1383,594,6.3626,True,eamay's sugar trade. the fact that the government have taken the drastic step of prohibiting for aa indefinite period all sugar imports in oidor to secure that no ...
sugar,1910,0,1383,595,6.3647,True,"what has been done. of the factory by-products the chief 11 the dried slices or pulp, the residue after the extraction of the greater part, of the sugar from the beet. this usually represents about 10"
sugar,1910,0,1383,596,6.367,True,births marriages & deaths sugar for home-grown fruit. iypoltant ncytice. the director of sugar distribution has decided that all permits issued to private fruit-growere under the su...
sugar,1910,0,1383,597,6.3671,True,sugar for jam. applications may be met in full returns showing the total applications for sugar for domestic preserving have been received by the royal com...
sugar,1910,0,1383,598,6.3703,True,"search for sugar ends at police station. ""i spent about bs. on groceries and every. shop i went in i could not get any sugar, and i went and got a glass or two too mu..."
sugar,1910,0,1383,599,6.3746,True,"distribution of sugar. new scheme for registration of consumers. the press association i asked by the ministry of food to issue the following:— a statenicnt, apeared in ce..."
sugar,1910,0,1383,600,6.3756,True,"energy from sugar. a number of people have been very surprised at the fact that our soldiers at the front ap- pear to have such a craving for sweet things. those, howe..."
sugar,1910,0,1383,601,6.3778,True,"county borough of 'warrington.' rural district council of war-' ""ington, and urban district council! of.lymm. • • food control committees. sugar for .d.qmfstic fruit • j ..usnr.srsta, all ifitf4ons wh"
sugar,1910,0,1383,603,6.3785,True,"wording of an official order. at the blackburn cou,y police court on wed- oracle"", second reser were heanl again, richton people for acquiring sugar from the re val iiikeion for purpon, other than pro"
sugar,1910,0,1383,604,6.3805,True,sugar beets in germany. an interesting piece of news came from ger- many the other day to the effect that the im- perial government as taking measures to i...
sugar,1910,0,1383,605,6.3812,True,"id parshass. bow is it to be done! me. editor. i respectfully suggest that if the government found it desirable to purchase the largest amount of sugar that wee over bought at any one time, it can juw"
sugar,1910,0,1383,606,6.3813,True,"the new sugar order. middlesbrough traditics' appeal for postponemeni refused. the new sugar order, which imposes the condition that each individual consumer must ..."
sugar,1910,0,1383,607,6.3835,True,"the sugar question. -- middlesbro' women's council and the matter. [editor, herald. send you copies of correspondence the middlesbrough and district women's co..."
sugar,1910,0,1383,608,6.3836,True,sugar for jam. how the allowance is worked. there appear to be different impressions about as to what the allowa.nce of fuser per head or per household is ...
sugar,1910,0,1383,609,6.3895,True,"self-preservation. the former conditions adopted by. individnat grocers for the sale of sugar are regarded' by them not only, as being a just safe-guard of their own trade, but as working 9ut to the. "
sugar,1910,0,1383,610,6.3906,True,points for the people. tariff reform in operation the exemption of british-produced beet sugar from the payment of excise duty was a sad blow 1 to free traders. anything which savours of assist- ing a
sugar,1910,0,1383,611,6.3952,True,"sugar for feeding. sugar beets are highly recommended by some cowers for replacing maniple in feeding stock, on the ground that illey contain a much maher ..."
sugar,1910,0,1383,612,6.4005,True,"stealing sugar. labourer's depredations at dent's wharf. three labourers, frederick briggs (54). stephen kelly (64), and james poole (38). all of no fixed abode. we..."
sugar,1910,0,1383,613,6.4028,True,sugar for jam. applications may be met in full returns showing the total applications for sugar for domestic preserving have been received by the royal com...
sugar,1910,0,1383,614,6.4081,True,"ripon liberty court. friday (sept 27).—hohne admiral oxley (distrusts), ceps onto', simms t b p amnia, sod j eipenn. breach of the sugar order. jobs pongee josiah,. el north hensley. fareser, was summ"
sugar,1910,0,1383,615,6.409,True,"sugar. tinder the fresh scheme for distribu- tion of sugar it is the intention of the food controller that, so far as possible, householders shall continue..."
sugar,1910,0,1383,616,6.4107,True,"local creters as* sugar hcar:ers. (to tail editor.) sir, -no doubt a goal deal es' inisunder. stamina, will ae.e in the in oils of the 'oldie with regard to the new sugar or..."
sugar,1910,0,1383,618,6.4123,True,"sugar cards. new food •congol committee formed at a special meeting of the lymm urban district council held on august 20th., the clerk reported on the duti..."
sugar,1910,0,1383,619,6.4128,True,"why nothing is done. there is no reason, however, why we should grow beet for the foreigner to manufacture into sugar. we ought to be in a position to make our own sugar from our own beet. last year w"
sugar,1910,0,1383,620,6.4159,True,"sugar. until thv latter part of 1915 norway obtained her supplies of sugar horn ger- many. those supplies are tio longer available, as they are now being u..."
sugar,1910,0,1383,621,6.419,True,"sugar prosecutions. false declarations bring trouble to housewives. dear preserves. a number of prosecutions under the sugar domestic preserving, order wer..."
sugar,1910,0,1383,622,6.4192,True,"sugar checks. certain firms bad devised methods of meet- ing. the difficulty of, the small trader: the branch manager of one of the multiple shops in warri..."
sugar,1910,0,1383,623,6.4236,True,"each for all and all for each. by ""testa."" sugar rations how do yiei manage about sugar? one house- wife of my aequair.-•ance gives out u half • pond of sugar each week tfteacli member of her househ..."
sugar,1910,0,1383,624,6.4245,True,"more sugar and meat. :0 :- new ration- • scheme in operation. _ _ the sugar ration for the present week gow• up again from (loz. to soz, per bead. the qstrike"" ..."
sugar,1910,0,1383,627,6.4308,True,sugar for domestic jam making • private •growerr rwho wish to preserve their .fruit on their own preniises for domestic oonsumption are notified dot an end...
sugar,1910,0,1383,628,6.4316,True,"purchases of sugar. the government had to make sure that no one was conscious of any shortage, and sugar waa the first thing we were nicely to run short of. we had been..."
sugar,1910,0,1383,630,6.4362,True,"half sugar rations. drastic step decided upon by the authorities. ai a meeting of the council ot the metro- polltan grocers, provision dealers, and oil men's as..."
sugar,1910,0,1383,631,6.4373,True,sugar for preserves. applications iiiist. be in by saturday. housewives are remhuled that saturday is the last day for the sending in of the opplioation fo...
sugar,1910,0,1383,632,6.4388,True,eamay's sugar trade. the fact that the government have taken the drastic step of prohibiting for aa indefinite period all sugar imports in oidor to secure that no ...
sugar,1910,0,1383,633,6.4479,True,sugar for jam. how the allowance is worked. there appear to be different impressions about as to what the allowa.nce of fuser per head or per household is ...
sugar,1910,0,1383,635,6.455,True,"i the peschaf4e of hugau. from to-day it is illegal for any grocer to make the sale of sugar con- ditional upon other purchases. on the other hand, there is no obligation on the grocer to tell sonar, "
sugar,1910,0,1383,636,6.4611,True,"in money or in kind? at this point mr. steel asked the chairman, who was leaving, if the .magistrates woolc4say something about the way in which the sugar left over should be returned. on the last iac"
sugar,1910,0,1383,638,6.4696,True,"sugar works fire. £5,000 damage at earlestown. during the early hours of sunday morning one of the night workmen at the works of the sankey sugar company, ..."
sugar,1910,0,1383,639,6.4696,True,"sugar works fire. £5,000 damage at earlestown. during the early hours of sunday morning one of the night workmen at the works of the sankey sugar company, ..."
sugar,1910,0,1383,640,6.4703,True,"the wail presiding at the annual meeting gf henry tate and sons. limited, in 14,)ndon, on friday, mr edwin tate, the vice chairman, said that sugar was the first article ot commerce which the gov- ert"
sugar,1910,0,1383,641,6.4756,True,"the market. sugar cards. new food control committee formed at a special meeting of the lymm -urban district council held on august 20th, the clerk reported on the duti..."
sugar,1910,0,1383,642,6.4791,True,"sugar cards. the wholesale co-operative society has found it necessary to inaugurate a system of sugar cards. these have been issued to mem- bers, and on t..."
sugar,1910,0,1383,643,6.4799,True,"468 sugar cards. mr. g. f. lees represented a father i who appealed for his eon. a c 1 man. 33, who, he said, was indispensable to the carrying on of his groce..."
sugar,1910,0,1383,644,6.4804,True,"...ity of sugait. a letter was read from the local govern- tent board, dated aug. 18th, stating that they had been informed by the royal com- mission on sugar supply that the supply a cube sugar now"
sugar,1910,0,1383,645,6.4806,True,"...."" at the county petty sessions on wednesday, richard 011erton, barge captain, higher ice, was charged with having stolen 841 b. of unre-- fined cane sugar, valued v. 165., the prop"
sugar,1910,0,1383,646,6.4866,True,"sugar shortage for tea, coffee. cocoa, ike, use 112201 n, ffl: saccharin tablets 411111itiso vadei in packets of 100: full strength • -10 d hall sa renigl ..."
sugar,1910,0,1383,647,6.4867,True,"jottings by an old journalist. sugar for preserving. last week's item under ""rations"". suggests a note by way of supplement to the incident i gave in that issue. i know of a few ap- plic..."
sugar,1910,0,1383,648,6.4908,True,"sugar for fruit preserving. supplies available for local applicants. [editor, nortr-eatern daily gazettic • slr,—the food production department of the boar..."
sugar,1910,0,1383,649,6.4926,True,"items for agriculturists. sugar beets. i in view of the impossibility of getting contin- ental sugar, the sugar beet industry of england should receive an immense impetus. sugar bee..."
sugar,1910,0,1383,650,6.4939,True,"sugar hoarder heavily fined at dartford petty sessions, john flick inott, of longfield, was fined £2o for acquiring a quantity of sugar exoeeding the amoun..."
sugar,1910,0,1383,652,6.5004,True,groceries with sugar. government limit extent of purchases required. ml mckenna informed mr lough in the house of commons that wholesale dealers in sugar were not entitle...
sugar,1910,0,1383,653,6.5009,True,"wax from sugar cane. tn natal a considerable industry is now being built up by the utilisation of the way, hitherto wa,ted, which is a by-product of cane-sugar manu..."
sugar,1910,0,1383,654,6.5016,True,"time the terra glyrnsuria means sugar in the urine, 'rd sugar in the urine generally means diabetes. yet medical men use the worits glycosuria and diphetes for different condition:. clveo..."
sugar,1910,0,1383,655,6.5028,True,sugar prices. blackpool grocers' protest. retailers and the royal cominsion. the fixing of the retail prices for sugar by the royal commission on the sugar...
sugar,1910,0,1383,656,6.5179,True,... given to makers of jam from fruit grown by themselves has been some- what removed 'by a liter explanation. the first intimation seemed to imply that sugar to be used for
sugar,1910,0,1383,660,6.5221,True,"sugar hoarder heavily fined at dartford petty sessions, john flick inott, of longfield, was fined £2o for acquiring a quantity of sugar exoeeding the amoun..."
sugar,1910,0,1383,662,6.5246,True,"to return the sugar. the next case was a similar one, in which lilian ireland, of grenfa cottage, penketh, was summoned. she had signed the declaration for preserving su..."
sugar,1910,0,1383,663,6.5247,True,"self-preservation. the former conditions adopted by individual grocers for the sale of sugar are regarded by them not only as being a just safe-guard of their own trade, but as working out to the grea"
sugar,1910,0,1383,664,6.5278,True,"fizzled out, the tories are sure to trot out another. outwitting nature. at present the"" price of sugar is astoaleb- ingly. cheap, because the climatic condl- tione of the tropics are favourable to it"
sugar,1910,0,1383,665,6.5285,True,curious sugar anomaly. explaining the new 4.ltgar distribution soheme at a neetilg of retailers at ports- niciatii on friday. the mayor pointed out. that soldiers ...
sugar,1910,0,1383,666,6.5324,True,"the sugar supply. three-quarters of lb. per head per week sufficient. the royal commiasiun on the sugar sup- ply, in a ttport isetted on thursday, remarks the,..."
sugar,1910,0,1383,668,6.5333,True,sugar beets in germany. an interesting piece of news came from ger- many the other:day to the effect that the im- penal governuient was taking measures to ...
sugar,1910,0,1383,669,6.5349,True,"the sugar problem in war-time the bnportanee el the new plobiem dur ins the war is marsiors blisr april num. 'bee el the ""windbagmav by c. de with imartnia ill..."
sugar,1910,0,1383,675,6.5494,True,"fettered by ""free trade:' ale circumstances of the boet sugar industry au regards this country an-wer exactly to john stuart. mill's description, and there is no question that it can be made to pay, p"
sugar,1910,0,1383,676,6.5529,True,sugar prosecutions. false declarations bring trouble to housewives. dear preserves. a number of prosecutions under the sugar domestic preserving order were...
sugar,1910,0,1383,678,6.5543,True,"sugar prosecutions. false declarations bring trouble to housewives. dear preserves. a number of prosecutions under the sugar domestic preserving, order wer..."
sugar,1910,0,1383,682,6.5633,True,"the sugar supply. three-quarters of lb. per head per week sufficient. the royal commiasiun on the sugar sup- ply, in a ttport isetted on thursday, remarks the,..."
sugar,1910,0,1383,683,6.5635,True,sugar tickets in middlesbrough in order to enfaure an equitikble distribu- tion of sugar to their members:the atiddes- brough co-operative society will on ...
sugar,1910,0,1383,685,6.5764,True,unnecessary motoring. petrol supply limited new motor taxes dropped. sugar to be dearer. the necessity of conserving our energies and resources was emphasised in the flouse of commons last night durin
sugar,1910,0,1383,686,6.5779,True,"home notes and liints. conserve food for the lean months to come. war-time recipes. plums are plentiful this year, but sugar is dear, and an opportunity for laying by a store of jam appears to be. neu"
sugar,1910,0,1383,688,6.5847,True,"where, to obtain sugar. he difficulty, of obtaining sugar has become inost -acute. to ,go to any but a good grocer, one who has the sugar commissioners' confi- dence, for t..."
sugar,1910,0,1383,693,6.5967,True,sugar by ticket. bread and meat control to come later. details of scheme. lord rhondda has issued details of his scheme for the distribution of sugar to lo...
sugar,1910,0,1383,694,6.5979,True,"the new sugar cards. 'rile new sugar cards are nog being printed. they :ire oi stiff buff papeappand perforated in the (""entre, eight inches long, and nvarly four ..."
sugar,1910,0,1383,695,6.5988,True,"sugar from sawdust. • company with german shareholders. judge mulligan, k.o, in the dawnhem (ni.rfult) county c nit held hut cimpaoy with germito eharehold..."
sugar,1910,0,1383,697,6.6011,True,"...i, bvdid net think there would be many such trades- men left on that register. it was utter piffle fur anyone in london or elsewhere to say that this sugarmard sastem c"
sugar,1910,0,1383,698,6.6082,True,"the individual system. the system of sugar distribution on the basis of a household card has been changed to one of individual registration. before the end of the year every householder, must ..."
sugar,1910,0,1383,701,6.6143,True,no extra sucar for jam. the hoyel on sugar supply announces that it las now completed its arrangements for the distribution of sugar to fruit-growers for domestic preserving under the special ...
sugar,1910,0,1383,703,6.6227,True,"sugar shortage for tea, coffee. cocoa, itc.. use"
sugar,1910,0,1383,705,6.6239,True,"boon to jam makers. sugar substitute and how to use it, plums tu persty are promised all over dziglarad, but the board of agrioulture utters a word of warning to those who wak..."
sugar,1910,0,1383,706,6.6272,True,"id parshass. bow is it to be done! me. editor. i respectfully suggest that if the government found it desirable to purchase the largest amount of sugar that wee over bought at any one time, it can juw"
sugar,1910,0,1383,707,6.6288,True,"each for all and all for each. by ""testa."" sugar rations how do yiei manage about sugar? one house- wife of my aequair.-•ance gives out u half • pond of sugar each week tfteacli member of her househ..."
sugar,1910,0,1383,708,6.6294,True,sugar supply at haslingden. food control 09ilmitters strong atiitud hasling•lth lotatithasdi-lit;o1 ectomittee have taken up a arcing &offside with regard ...
sugar,1910,0,1383,710,6.6334,True,"jottings by an old journalist. another custom house 6tory: the queensland sugar refiner's experience referred to in last week's ""notes and notions reminded me of an incilent in the career of a young d"
sugar,1910,0,1383,711,6.6381,True,sugar for soldiers. at tuesday's meeting ot te middlesbrough i sanatorium committee council:or weather. head aske.l if the soldiers at hemlington hospital ...
sugar,1910,0,1383,714,6.645,True,"a substitute. if not ane 10 get sugar for jani 4-naking try this hint :—take a 21b. jar of ,strawberry jam and 41bs of plums. stew the plums in .the oven with a little water, about half a..."
sugar,1910,0,1383,715,6.6456,True,mr. bigland and state sugar purchase. in the house of commons thday mr. bigland will asked the chancellor of the exchequer whether it is the intention of the government to conti...
sugar,1910,0,1383,716,6.646,True,"lilt itisii ctltiv ation. the ourtailment of sugar imports, and the consequent large itlerell'e in price of this cone mouity due to the oar crisis lend unusual interest to tee renewed effort, which ar"
sugar,1910,0,1383,717,6.6466,True,"theft of sugar. henry parrett (40), a labourer, o; no fixed abode. nuts charged at middlesbrough on .nlonday ulth stealing 4411(5. of loaf u.nrar from messrs amos w..."
sugar,1910,0,1383,718,6.6491,True,sugar cards. official application forms for sugar cards will be distributed by the local food com- mittee to every householder by september 30th. if you do...
sugar,1910,0,1383,719,6.6494,True,"jottings by an old journalist. sugar for preserving. • last week's item under rations"" suggests a 'note by way of supplement to the incident i gave in that issue. i know of few ap- plica..."
sugar,1910,0,1383,721,6.6533,True,births marriages & deaths sugar for home-grown fruit. iypoltant ncytice. the director of sugar distribution has decided that all permits issued to private fruit-growere under the su...
sugar,1910,0,1383,722,6.6537,True,"jottings by an old journalist. another custom house story. the queensland sugar refiner's experience referred to in last week's ""notes and notions"" reminded me of an inci lent in the career of a young"
sugar,1910,0,1383,723,6.6545,True,"igipwr warrington el. co-operative society ld sugar supplies. members are informed that commencing monday, april 2nd, till further notice, no sugar will be supplied to any person without the sugar car"
sugar,1910,0,1383,724,6.6546,True,"told it was not sugar. mr. steel, continuing, said it had been sug- gested that half a ton was a large amount to -get at one time, but with one ex- ception all the invoice..."
sugar,1910,0,1383,725,6.6601,True,yjiiiiiiiiiiiiiiiiiiiiiiiiiiiiiiiiiiiiiiiiiiiiiiiiiiiiiiiiiiiiiiiihiiiiiiiiiiiiiiiiiiiiiiiiiiiiiiiiiiiiiiiiiiiiiiiiiiiiiiiiiiu.4 sugar for jam! customers who wish to obtain sugar for preserving soft f
sugar,1910,0,1383,726,6.6649,True,"in money or in kind? at this point mr. steel asked the chairman, who was leaving, if the .magistrates woolc4say something about the way in which the sugar left over should be returned. on the last iac"
sugar,1910,0,1383,727,6.6678,True,"to return the sugar. the next case was a similar one, in which lilian ireland, of grenfa• cottage, penketh, was summoned. she had signed the declaration for preserving s..."
sugar,1910,0,1383,728,6.6742,True,"sugar works fire. £5,000 damage at earlestown. during the early hours of sunday morning one of the night workmen at the works of the sankey sugar company, ..."
sugar,1910,0,1383,729,6.6742,True,"sugar works fire. £5,000 damage at earlestown. during the early hours of sunday morning one of the night workmen at the works of the sankey sugar company, ..."
sugar,1910,0,1383,730,6.6751,True,no extra sucar for jam. the hoyel on sugar supply announces that it las now completed its arrangements for the distribution of sugar to fruit-growers for domestic preserving under the special ...
sugar,1910,0,1383,731,6.6752,True,"about a sugar card. prosecution for obtaining sister's supply. three summonses under the sugar order were preferred against sarah jane kirk, 313, winwick-road, at ..."
sugar,1910,0,1383,736,6.6845,True,"items fob agriculturists. sugar beets owing to the difficulty of getting supplies of beet sugar from the ountineot, it seems likely that sugar beet will be grown extensively in this..."
sugar,1910,0,1383,737,6.6923,True,"theft of sugar. henry parrett (40), a labourer, o; no fixed abode. nuts charged at middlesbrough on .nlonday ulth stealing 4411(5. of loaf u.nrar from messrs amos w..."
sugar,1910,0,1383,738,6.6976,True,"sugar for jam! customers who wish to obtain sugar for preserving soft fruits (whether grown by themselves or bought) must apply on a special form, between ..."
sugar,1910,0,1383,739,6.7002,True,"accring on food control committee sugar distribution scheme. all registered retailers of sugar who have not noceived aupplbea of declaration forms, sugar tickets and envelopes must at once ..."
sugar,1910,0,1383,740,6.7051,True,sugar for sam. gardens to be inspected. the distribution of forms of applioation for sugar for jam making began from the birkenhead food control office on ...
sugar,1910,0,1383,741,6.7076,True,tommy's sweet tooth. an extra ounce of 'sugar. has been added by the war office to the daily rations of soldiers on 'field service. soldiers until recently only received 2oz. of sugar a day with ...
sugar,1910,0,1383,742,6.7117,True,sugar for domestic jam making. private growers who wish to preserve their fruit on their own premises for domestic oomumplion are notified that an endeavou...
sugar,1910,0,1383,743,6.7129,True,"sugar cards will be issued to all our members at the offices, during office hours, from monday, march 25th, to saturday, march 31st, both dates inclusive. ..."
sugar,1910,0,1383,744,6.718,True,"dear sugar. the the liemiiiiy isperial artiote from the tariff ""worm loagirel. the preersit high price of sugar conetitutor eerious burden upon the ,loorer ehir..."
sugar,1910,0,1383,745,6.7198,True,"history of sugar. the calendar of cord(.va shows that as early as 961 the cultivation of the sugar-cane was well understood by the spanish arabs, as it also was in si..."
sugar,1910,0,1383,746,6.7216,True,"...ixty-eight thousand persons, it is stated, have visited the maze at hampton court this season. others have been content to stay at home and 81114 the sugar regulations.— punch."" w?,,,p*6mo,4ss"
sugar,1910,0,1383,748,6.7279,True,"sugar supply reduced to half rations. an official irtimatiuti was received in sheffield on friday, that the sugar commissioners have decided to cut down su..."
sugar,1910,0,1383,749,6.7286,True,"food time table. sur 2t teeal summit twe are u; ,;st u; the ntuustrt ruturus it; etotottx•tuon wall the sugar fur-jam lltstrt- • bution salem, 29—margsrine: prima order rn.. force seonand in sepia] ma"
sugar,1910,0,1383,751,6.7322,True,"igipwr warrington el. co-operative society ld sugar supplies. members are informed that commencing monday, april 2nd, till further notice, no sugar will be supplied to any person without the sugar car"
sugar,1910,0,1383,752,6.7338,True,"blackpool's sugar supply. we have been asked by several prominent blackpool grocers, both wholesale and retail, to give the public some explanation in regard to the pr..."
sugar,1910,0,1383,753,6.7384,True,"sugar for the dead. s,og the cases dea'ia with by the woo:- w,ett food control committee was that, of wontaan s'ho on her sugar card applica- tion., gave t..."
sugar,1910,0,1383,754,6.7387,True,"sugar for feeding. sugar beets are highly recommended by some cowers for replacing maniple in feeding stock, on the ground that illey contain a much maher ..."
sugar,1910,0,1383,755,6.7395,True,"where to obtain sugar. the difficulty of obtaining sugar has become most acute. to go to any but a good grocer, one who has the sugar commissioners' confi- dence, for this..."
sugar,1910,0,1383,756,6.743,True,"sugar for fruit preserving. supplies available for local applicants. [editor, nortr-eatern daily gazettic • slr,—the food production department of the boar..."
sugar,1910,0,1383,758,6.7453,True,"sugar cards. the wholesale co-operative society has found it necessary to inaugurate a system of sugar cards. these have been issued to mem- bers, and on t..."
sugar,1910,0,1383,759,6.749,True,"the sugar duties. in regard to sugar. if the chancellor of the exchequer went one stage further and ,aaid ""we will rebate these duties by 33 1,3 per cent. if p..."
sugar,1910,0,1383,760,6.7525,True,"sugar used in enwing. i. ""an ex-operative brewer,"" writing from bury st. edmunds, says :—"" the brewing trade and their friends have more than once stated i..."
sugar,1910,0,1383,762,6.7556,True,sugar beets in germany. an interesting piece of news came from ger- many the other day to the effect that the im- perial governnacut was taking measures to...
sugar,1910,0,1383,767,6.7611,True,"sugar forma and lards. tee berkenbead wore. townspeople are reminded of tire need of doing all they can, by carefulness and promptitude. to assist the loca..."
sugar,1910,0,1383,768,6.762,True,"...society's aurion. the (lhairnetn in moving the aduptim, of km re- port, alluded to conlplaima that !led been matte with reeved to the distribution of sugar,"
sugar,1910,0,1383,769,6.7634,True,"a iviisapprehenqion. twelve ""yaore defendants, summoned for con- l-avention of.' the sugar domestic preserving order, appeared before the magistrates at the county sessions on wednesday. sir, dudley s"
sugar,1910,0,1383,770,6.7646,True,"half sugar rations. drastic step decided upon by the authorities. ai a meeting of the council ot the metro- polltan grocers, provision dealers, and oil men's as..."
sugar,1910,0,1383,773,6.7856,True,"time the terra glyrnsuria means sugar in the urine, 'rd sugar in the urine generally means diabetes. yet medical men use the worits glycosuria and diphetes for different condition:. clveo..."
sugar,1910,0,1383,775,6.7875,True,births marriages & deaths sugar for home-grown fruit. iypoltant ncytice. the director of sugar distribution has decided that all permits issued to private fruit-growere under the su...
sugar,1910,0,1383,777,6.7991,True,"purchases of sugar. the government had to make sure that no one was conscious of any shortage, and sugar waa the first thing we were nicely to run short of. we had been..."
sugar,1910,0,1383,778,6.8014,True,"new registration scheme. the sudden change in she system of sugar cards has somewhat mystified the general public, and the food department has already- been inundated with inquiries from traders and h"
sugar,1910,0,1383,779,6.8016,True,"to purchasers of one pound of the above we sell' best granulated 31.bsi sugar for zd palmer bros.,"
sugar,1910,0,1383,780,6.8039,True,"sugar allowance may tm rsduced. sir °hada --illathurst, chairman of the sugar commission, speaking at'oas- ton hall on wednesday lea, said it was possible ..."
sugar,1910,0,1383,781,6.8064,True,"home sugar industry. it is yet uncertain, says ""farm and home,"" whether the important step taken by the gov- ernment of prohibiting the importation of sugar fro..."
sugar,1910,0,1383,782,6.812,True,"about a sugar card. prosecution for obtaining sister's supply. three summonses i-under the sugar order were preferred against sarah jane birk, 313, winwick-road, a..."
sugar,1910,0,1383,783,6.8125,True,"... the foods while away. retailers will ""ppp/ purchase of butcher's meat. butter, and f ar; registro atan for these foods is still in force. butter. or sugar to holi"
sugar,1910,0,1383,785,6.8136,True,"state aid for sugar beet. during the entreat financial year a 1.5,125 had been advanoed by the tiovernanent tor beetroot s uri' cultivation or faotory work tireat britai..."
sugar,1910,0,1383,786,6.8142,True,"468 sugar cards. mr. g. f. lees represented a father i who appealed for his eon. a c 1 man. 33, who, he said, was indispensable to the carrying on of his groce..."
sugar,1910,0,1383,787,6.8159,True,"home notes and liints. conserve food for the lean months to come. war-time recipes. plums are plentiful this year, but sugar is dear, and an opportunity for laying by a store of jam appears to be. neu"
sugar,1910,0,1383,790,6.817,True,"home sugar industry. it is yet uncertain, says ""farm and home,"" whether the important step taken by the gov- ernment of prohibiting the importation of sugar fro..."
sugar,1910,0,1383,791,6.8171,True,"the world's sweei tooth. britons have the sweetest tooth, and americans come next, if the statisties for 1•010, 111 option of sugar mean anything. an englishman eats annually 92.4 pounds, an american "
sugar,1910,0,1383,792,6.8199,True,"home notes and hints. conserve food for the lean months to come. war-time recipes. plums are plentiful this year, but sugar is dear, and an opportunity for laying by a store of jam appears ,to be neut"
sugar,1910,0,1383,795,6.8315,True,unnecessary motoring. petrol supply limited new motor taxes dropped. sugar to be dearer. the necessity of conserving our energies and resources was emphasised in the flouse of commons last night durin
sugar,1910,0,1383,796,6.834,True,"unequal distrmution. the grocer protests that the government, while stipulating the right of each individual to three-quarters of a pound of sugar per week, and the fact that these supplies are forthc"
sugar,1910,0,1383,797,6.8344,True,"county borough of 'warrington.' rural district council of war-' ""ington, and urban district council! of.lymm. • • food control committees. sugar for .d.qmfstic fruit • j ..usnr.srsta, all ifitf4ons wh"
sugar,1910,0,1383,798,6.8352,True,"home sugar industry. it is yet uncertain, says ""farm and home,"" whether the important step taken by the gov- ernment of prohibiting the importation of sugar fro..."
sugar,1910,0,1383,799,6.8405,True,"sugar cards will be issued to all our members at the offices, during office hours, from monday, march 25th, to saturday, march 31st, both dates inclusive. ..."
sugar,1910,0,1383,800,6.8415,True,"home sugar industry. it is yet uncertain, says ""farm and home,"" whether the important step taken by the gov- ernment of prohibiting the importation of sugar fro..."
sugar,1910,0,1383,801,6.8441,True,"no fruit trees. ada ray, the wife of mark ray, a salesman, of 16, the park, penketh, had similarly obtained 41b. and 61b. of sugar, whereas there were no fruit trees in the garden whatever. she had ma"
sugar,1910,0,1383,802,6.8473,True,"about a sugar card. prosecution for obtaining sister's supply. three summonses under the sugar order were preferred against sarah jane kirk, 313, winwick-road, at ..."
sugar,1910,0,1383,803,6.8475,True,"time the terra glyrnsuria means sugar in the urine, 'rd sugar in the urine generally means diabetes. yet medical men use the worits glycosuria and diphetes for different condition:. clveo..."
sugar,1910,0,1383,804,6.8482,True,"the individual system. the system of sugar distribution on the basis of a household card has been changed to one of individual registration. before the end of the year every householder, must ..."
sugar,1910,0,1383,805,6.8492,True,"...f not guilty was made by mary hughes, the wife of wiliam hughes, 6, station- road, penketh. supt. foster said application had been made for 361 b. of sugar for sat fruit and 48"
sugar,1910,0,1383,806,6.8523,True,"grocers and sugar. to tm editor or ths shisinhiad news. sir,—at our meeting on wednesday laet the members expressed great surprise at the remarks which appeared in you..."
sugar,1910,0,1383,807,6.8536,True,"unequal distmbut!on. the grocer protests that the government, while stipulating the right of each. individual to three-quarters of, a pound of sugar per week, and the fact' that these supplies are for"
sugar,1910,0,1383,808,6.8546,True,"... not guilty was made by mary hughes, the' wife of wiliam hughes, 6, station- road, penketh. supt. foster said application had been made for 361 b. of sugar for soft fruit and "
sugar,1910,0,1383,809,6.8552,True,"no reduction-in—sugar ration. in the howe of aommone mr. olynew, poriismeartary sem•-7 to the minietry of food, stated on wwoesday that it bad been decided not to • rednoe..."
sugar,1910,0,1383,810,6.8645,True,"sugar cards will be issued to all our members at the offices, during office hours, from monday, march 25th, to saturday, march 31st, both dates inclusive. ..."
sugar,1910,0,1383,811,6.8652,True,"4en per cent. more sugar. zl.athe 'food, controllers official, intimation me.a£ this month there will be ten per cent. more sugar available for retail trade than in january w..."
sugar,1910,0,1383,812,6.8678,True,"new sugar cards., the ministry of food, whose emu:tunics- lions on this subject hitherto have caused much perplexity, ask us to publish the:follow- ing:— it is..."
sugar,1910,0,1383,813,6.8681,True,"sucar preservinc order. stocktdn grocer fined for an infringement of it. a ease under the new sugar preserving oider was ueard at saoekton on thursday. chet, john conoing arrl co., gro,ur.i. charged w"
sugar,1910,0,1383,814,6.8683,True,"less sugar at the workhouse. at the meeting of warrington board of guardians on wednesday, mr. a. j. jolley in. the chair, it was decided, in 'view of the adop-..."
sugar,1910,0,1383,815,6.8707,True,"home sugar industry. it is yet uncertain, says ""farm and home,"" whether the important step taken by the gov- ernment of prohibiting the importation of sugar fro..."
sugar,1910,0,1383,817,6.8765,True,"...ng the country through, raspber- ries have given a splendid account of themselves _this season, and thousands of tons of jam would have been made had sugar been available in suffic"
sugar,1910,0,1383,818,6.8773,True,"...ale. be vigorous, strong and successful. par- ticulars free.—ames, ltd. (f.). cromwell house. holborn, london. _ _ 01;tle"" ,yo tit • fr crlt' without sugar -lp in ordinary jam jars o"
sugar,1910,0,1383,819,6.8777,True,"...ixty-eight thousand persons, it is stated, have visited the maze at hampton court this season. others have been content to stay at home and study the sugar regulations.— ""punch."" lbw * t"
sugar,1910,0,1383,820,6.8819,True,"home sugar industry. it is yet uncertain, says ""farm and home,"" whether the important step taken by the gov- ernment of prohibiting the importation of sugar fro..."
sugar,1910,0,1383,821,6.8866,True,"brewing and sugar supply. remarkable statement by a north shields alderman. alderman .1. 11. hogg. of north bhields, made a remerkabk statement about sugar restriction..."
sugar,1910,0,1383,822,6.8879,True,curious sugar anomaly. explaining the new 4.ltgar distribution soheme at a neetilg of retailers at ports- niciatii on friday. the mayor pointed out. that soldiers ...
sugar,1910,0,1383,823,6.8906,True,glucose may poison. the proposal to um glucose as • partial stabatitute for sugar is jaini•wankiug hag been 000demsed by the britian lead /venial aa objectionable and dangerous. apart from the fact th
sugar,1910,0,1383,824,6.8956,True,"no fruit trees. ada ray, the wife of mark ray, a salesman, of 16, the park, penketh, had similarly obtained 41h. and 61b. of sugar, whereas there were no fruit trees in the garden whatever. she had ma"
sugar,1910,0,1383,827,6.9009,True,"unequal distmbut!on. the grocer protests that the government, while stipulating the right of each. individual to three-quarters of, a pound of sugar per week, and the fact' that these supplies are for"
sugar,1910,0,1383,828,6.9039,True,"home-grown sugar. twortance of british beet, by. e. t. bnown. an opportunity exists at the present time greatly to increase our supply of borne-grown sugar beet, and ..."
sugar,1910,0,1383,830,6.9123,True,"beet sugar for britain. to no article of daily consumption in these islands has •thei scourge- of, *ar applied such 'sensational effects and developments...'sy'..."
sugar,1910,0,1383,831,6.9126,True,"sugar used in enwing. i. ""an ex-operative brewer,"" writing from bury st. edmunds, says :—"" the brewing trade and their friends have more than once stated i..."
sugar,1910,0,1383,832,6.9131,True,"saving not hoarding. as it will probably be impossible this year to make special issues of sugar to private fruit growers for the making of jam, the sugar commission suggests that they will be wise to"
sugar,1910,0,1383,833,6.9145,True,"purchases of sugar. the government had to make sure that no one was conscious of any shortage, and sugar waa the first thing we were nicely to run short of. we had been..."
sugar,1910,0,1383,834,6.9186,True,mangles. during the !set 41) years the quantity of sugar that co.li be obtained from a ton of sugar beet has been increased over 100 per cent. this is inter- esting at showing the improvement to be ex
sugar,1910,0,1383,836,6.9261,True,"energy from sugar. a number of people have been very surprised at the fact that our soldiers at the front ap- pear to have such a craving for sweet things. those, howe..."
sugar,1910,0,1383,837,6.9284,True,"items fob agriculturists. sugar beets owing to the difficulty of getting supplies of beet sugar from the ountineot, it seems likely that sugar beet will be grown extensively in this..."
sugar,1910,0,1383,838,6.9305,True,"home notes and hints. conserve food for the lean months to come. war-ti ie recipes. plums are plentiful this year, but sugar is dear, and an opportunity for laying by a store of jam appears to be neut"
sugar,1910,0,1383,839,6.9346,True,"sugar beet and allotments. the chairman of the incorporated english beet sugar pioneer association (mr. e. russell taylor, j.p.) intimates that in order to..."
sugar,1910,0,1383,841,6.9408,True,"points about sugar. granulated sugar tastes sweet. powder it in a mortar more fine, and it becomes less sweet. just owing to this fact it is very hard to convince peopl..."
sugar,1910,0,1383,842,6.9426,True,"fruit preserving. the b,oyal commissinn on the sugar supply is prepared to release further sup- plies of sugar during september and octo- ber for the domestic preserving of autumn fruits. -;ii;;* proc"
sugar,1910,0,1383,844,6.9522,True,the farm. home-grown sugar beet. mr. prothero (president of the board of agriculture) says the board believe that the establishment of the home beet sugar industry would promot...
sugar,1910,0,1383,846,6.955,True,"sugar allowance may tm rsduced. sir °hada --illathurst, chairman of the sugar commission, speaking at'oas- ton hall on wednesday lea, said it was possible ..."
sugar,1910,0,1383,847,6.9551,True,"...ather swindles. if asked to recommend substances to i.* n.sed fraudulently to give weight to cheap leather, probably no one would think of suggesting sugar or epsom salts. yet these are the ""weighti"
sugar,1910,0,1383,848,6.9585,True,"of sugar 3 lbs at 'ld. per lb. lipton limited,"
sugar,1910,0,1383,850,6.9604,True,"about a sugar card. prosecution for obtaining sister's supply. three summonses i-under the sugar order were preferred against sarah jane birk, 313, winwick-road, a..."
sugar,1910,0,1383,854,6.973,True,"items for agriculturists. some notes on sugar beets. many papers have devoted spice to the dis- cussion of sugar beet cultivation in this country, and there seems some likelihood of factories bei..."
sugar,1910,0,1383,855,6.9741,True,"warrington e.i. co=operative society ld sugar supplies. membeis are informed that commencing monday. 'april 2nd, till further ;mice, no sugar will be supplied to any person without the sugar card..."
sugar,1910,0,1383,856,6.9743,True,"sugar beets. sugar beet is a strain of the garden beotroot that bee been specially bred to contain large proportions of sugar, and good stocks now a date 3..."
sugar,1910,0,1383,858,6.9774,True,iclcream seller's sugar stock the local food controller has reported to the oonsett district food control oonumt- tee that an ice cream vendor had stocked two tons of sugar....
sugar,1910,0,1383,859,6.9823,True,"a hint about sugar. the late sir henry thompson, one of the greatest authorities on diet, wrote: ""it is scarcely sufficiently known that sugar is a very valuable food w..."
sugar,1910,0,1383,860,6.9826,True,sugar we will sell 44b sugar at per lb. to every purchaser of one pound of id.
sugar,1910,0,1383,861,6.9831,True,"why creepers turn red. withered leaves of the autumn foliage turn red because they contain more sugar and less starch than in midsummer, reports an authority. leaves of evergreens, how- ever, lost the"
sugar,1910,0,1383,862,6.9872,True,"ilickpool sugar census. last night we were able to obtain figures with regard to the blackpool sugar census. they are distinctly in- teresting, though it is not yet ..."
sugar,1910,0,1383,863,6.9885,True,"the individual system. the system of sugar distribution on the basis of a household card has been changed to one of individual registration. before the end of the year every householder, must ..."
sugar,1910,0,1383,865,6.9956,True,"sugar for jam. lord rhondda on the penketh summonses. ""not in public interests."" mr. j. c. sutton, the clerk to the warrington rural district council, at t..."
sugar,1910,0,1383,866,6.9956,True,"sugar tickets. probable. date -in birkenhead. as a number of people are making anxious, and very often needless, inquiries with regard to the issue of suga..."
sugar,1910,0,1383,870,7.0007,True,"breach of sugar order. mcnday mrs e. hills, of iturworth- place, was ordered by the darlington county magistrates. to pay id 2s 6d costs for a breach of the sugar pr..."
sugar,1910,0,1383,871,7.0084,True,"tue scarcity of steamers. the ""liverpool echo"" is informed authoritatively that a leading liverpool firm of sugar importers and refiners have purchased a steamer for the purposes of their iffiporting "
sugar,1910,0,1383,873,7.0119,True,"sugar beet and allotments. the chairman of the incorporated english beet sugar pioneer association (mr. e. russell taylor, j.p.) intimates that in order to..."
sugar,1910,0,1383,875,7.0161,True,"the cheaper brands. cheap champagne is -produced from ordinary wine, to which sugar and colouring matter are added, with carbonic acid pumped in. a grand- motherly notion that spurious champagne is ma"
sugar,1910,0,1383,877,7.0227,True,"sugar. under the fresh scheme for distribu- tion of sugar it is the intention of the food controller that, so far as possible, householders shall continue ..."
sugar,1910,0,1383,878,7.0243,True,"our soul one of the earliest records of the price of sugar in great britain appears ia the sp- ooned of the chamberlain of scotland is 1319, in which it is set down at lc aid. per pound. in 1450 sugar"
sugar,1910,0,1383,879,7.0259,True,"sugar prosecutions. false declarations bring trouble to housewives. dear preserves. a number of prosecutions under the sugar domestic preserving, order wer..."
sugar,1910,0,1383,880,7.0261,True,no ice cream. the food control committee have decided to cancel all sugar vouchers issued to ice cream vendors.
sugar,1910,0,1383,883,7.033,True,sugar! sugar! write at once. our chemist has devised a simple method whereby any housewife can easily prepare large quantities of real old-fashioned sweet ...
sugar,1910,0,1383,884,7.0332,True,"tue scarcity of steamers. the ""liverpool echo"" is informed authoritatively that a leading liverpool firm of sugar importers and refiners have purchased a steamer for the purposes of their iffiporting "
sugar,1910,0,1383,885,7.0397,True,the issue of sugar card 3. the food control offices at charing cross have been the scene of great indus- try during the past few weeks owing to the number of applicatio...
sugar,1910,0,1383,887,7.0423,True,sugar shortage. local grocers and the commission sugar beet crowth in lancashiri a meeting of the blackpool and district grocers association wee held at th...
sugar,1910,0,1383,888,7.043,True,"sugar for jam making. to till editos or ton disicenisid kiwil sir,—.-""spade workers"" in his article of wednesday last, quotes amofficial ap- peal to allotm..."
sugar,1910,0,1383,889,7.0457,True,"fined £l2, but sugar returned. i the mayor said the defendant ifould be fined i „tit.) in the first ease and it 2 in the second, and i the sugar would be handed back. the..."
sugar,1910,0,1383,890,7.0526,True,"accring on food control committee sugar distribution scheme. all registered retailers of sugar who have not noceived aupplbea of declaration forms, sugar tickets and envelopes must at once ..."
sugar,1910,0,1383,892,7.055,True,mems. for mothers. children and sneets. all children like sweets and eat them when they can. this is because their system calls for sugar tu keep up the supply of energy that the child is so continuou
sugar,1910,0,1383,894,7.058,True,"4en per cent. more sugar. zl.athe 'food, controllers official, intimation me.a£ this month there will be ten per cent. more sugar available for retail trade than in january w..."
sugar,1910,0,1383,896,7.0588,True,1111•111.1111. money-back parcels. 3-lb. ljaerstnulated sugar -*lb. margarine overweight 1-ib. best twulated sugar margarine overweight nuts
sugar,1910,0,1383,897,7.0604,True,"co-operators and sugar. at a oonference of co-operators in the central hall, saltburn, presided over by mr liddle, west hartlepool, a discussion ensued on the question of f..."
sugar,1910,0,1383,898,7.0649,True,"sugar shortage. penaltiesfor"" hoarders."" the food controller has made an order that in the sale or proposed sale of any article of food no person may impos..."
sugar,1910,0,1383,899,7.0663,True,no extra sucar for jam. the hoyel on sugar supply announces that it las now completed its arrangements for the distribution of sugar to fruit-growers for domestic preserving under the special ...
sugar,1910,0,1383,902,7.0773,True,"many hundreds of ladies now make the ideal sugar—iubltitute at home, and no wonder, it ig so easy and economical—you simply follow the directions (oven with thw recipe, prepare and mix over night, b..."
sugar,1910,0,1383,903,7.0789,True,people are saying.- that there is a gradual improvement in the attitude of the director of sugar distribution. the .first notification that there would he no sugar at all for jam- making for home grow
sugar,1910,0,1383,904,7.0803,True,ten per cent. more sugar. the feed controller's official intimation that this month there will be ten per cent. more sugar available for retail trade than in january will be ...
sugar,1910,0,1383,905,7.0826,True,"wax from sugar cane. tn natal a considerable industry is now being built up by the utilisation of the way, hitherto wa,ted, which is a by-product of cane-sugar manu..."
sugar,1910,0,1383,907,7.0865,True,"len sta.ut toe sweet manufacturer& the order also restrict. the amount of sugar that may be used for confectionery in general, whether for extravagant sweets or for other sweets during 11/17 no manufa"
sugar,1910,0,1383,908,7.0892,True,"neutrals and german sugar. the import into this country of alien goods is, of course. already prohibited. ger- man and austinui sugar may not be im- ported here it,d r is true..."
sugar,1910,0,1383,909,7.0897,True,ontario news items. bonaparte and the sugar beet napoleon was probably the first man of imminence in modern times to recognise the value of the sugar beet as a soh improver and crop rotator. at...
sugar,1910,0,1383,910,7.0919,True,"coffee cake. flour .17b., margarine ilb., sugar 20r., sulta.nas i'b.. rrin-ed iø teaspoonful, baking powder, 1 dessertspoonful: 1 egg, 2 itailaksponfuff of strong co""..d ooffee. .1 tablespoonful of..."
sugar,1910,0,1383,911,7.0924,True,ten per cent. more sugar. the feed controller's official intimation that this month there will be ten per cent. more sugar available for retail trade than in january will be ...
sugar,1910,0,1383,912,7.1024,True,"...ather swindles. if asked to recommend substances to i.* n.sed fraudulently to give weight to cheap leather, probably no one would think of suggesting sugar or epsom salts. yet these are the ""weighti"
sugar,1910,0,1383,913,7.1034,True,"11-lbs. margarine best granulated 3-ms. sugar 6d per pound, • • net."
sugar,1910,0,1383,914,7.1089,True,mems. for mothers. children and sweets. all children like sweets and eat them when they can. this is because their system calts for sugar to keep up the supply of energy that the child is so continuou
sugar,1910,0,1383,916,7.1161,True,"is. 6d. is. sd. is. 4d. is. 6d. best table castor sugar 2d. per lb. pine oranulated sugar v:d. per lb. good stewing prunes -id. per lb. siwaya a very small one. she thought it progressed, but it did n"
sugar,1910,0,1383,917,7.118,True,home jam makinc. -- why most people have given it up. myst people have given up jam-making at inune. because sugar is dear and they think it eheaper to buy. the result is that either .a large quantity
sugar,1910,0,1383,919,7.126,True,"accring on food control committee sugar distribution scheme. all registered retailers of sugar who have not noceived aupplbea of declaration forms, sugar tickets and envelopes must at once ..."
sugar,1910,0,1383,920,7.1299,True,"home-grown sugar. lecturing before the royal society of arts, mr. edward r. dayson, the well-known west indian expert, calculated that about 700,000 acres of land in ..."
sugar,1910,0,1383,921,7.1305,True,"fruit preserving. the b,oyal commissinn on the sugar supply is prepared to release further sup- plies of sugar during september and octo- ber for the domestic preserving of autumn fruits. -;ii;;* proc"
sugar,1910,0,1383,922,7.1306,True,"purchases of sugar. the government had to make sure that no one was conscious of any shortage, and sugar waa the first thing we were nicely to run short of. we had been..."
sugar,1910,0,1383,926,7.1402,True,groceries with sugar. government limit extent of purchases required. ml mckenna informed mr lough in the house of commons that wholesale dealers in sugar were not entitle...
sugar,1910,0,1383,928,7.1461,True,"an unsustained charge. two charges of imposing conditions on the sale of sugar preferred at middles- brough on wednesday against l oottant, 38, carter-street, an employee of the etnpre 'dairy company,"
sugar,1910,0,1383,930,7.1498,True,"sui.ar supply normal the ito 3at couii/lin2vion lin tilt sugar supply ,1•1' ,••a 1.1 make it known that the quantities of relined and allite -star now miming forward rem der it. unneettssary to mainta"
sugar,1910,0,1383,935,7.1622,True,"impure sweets. the chief thing in sweet should be sugar, but in many cases the sugar is not cane sugar or beetroot sugar, but glucose, that is, artificial sugar made from maize by meaps of oil of vitr"
sugar,1910,0,1383,936,7.1686,True,"a barometer. m. :4a.1.1v won, of valence, studied the different phenomena which are produced in a cup of coffee the sugar is put into it. and the results of hits observations tra.nsform it into a blio"
sugar,1910,0,1383,938,7.1767,True,mems. for mothers. children and sweets. all children like sweets and eat them when they can. this is because their system calts for sugar to keep up the supply of energy that the child is so continuou
sugar,1910,0,1383,939,7.1785,True,yjiiiiiiiiiiiiiiiiiiiiiiiiiiiiiiiiiiiiiiiiiiiiiiiiiiiiiiiiiiiiiiiihiiiiiiiiiiiiiiiiiiiiiiiiiiiiiiiiiiiiiiiiiiiiiiiiiiiiiiiiiiu.4 sugar for jam! customers who wish to obtain sugar for preserving soft f
sugar,1910,0,1383,940,7.1814,True,"sager litavrtsg. en m arras.) dear 84,—t tett agree with most of your mirth) in last turrs&fs issue that sugar ean be grown successfully in england. the ""one factory"" you name, which is situated m nor"
sugar,1910,0,1383,941,7.1829,True,"the individual system. the system of sugar distribution on the basis of a household card has been changed to one of individual registration. before the end of the year every householder, must ..."
sugar,1910,0,1383,942,7.1847,True,"the sugar duties. in regard to sugar. if the chancellor of the exchequer went one stage further and ,aaid ""we will rebate these duties by 33 1,3 per cent. if p..."
sugar,1910,0,1383,944,7.1896,True,"at the infirmary. on wedneaday ntrnrnoos. mrs. jllllol smethurst primented esei of the women aid children its-patients with a souvenir chins cup, or sugar basin and cream jug in foley china, and this "
sugar,1910,0,1383,947,7.1974,True,suomi illustrates an anomaly. the complexity of the problem may be illus- trated by such an article as sugar. it is easy from the figures available to get approximately at the amount of sugar consumed
sugar,1910,0,1383,948,7.2043,True,"beet sugar cultivation. there has been regi,tored by license of the board of trade as a comjiakiy not existing to make n profit tho incorporated english beet su..."
sugar,1910,0,1383,949,7.2209,True,"saving not hoarding. as it will probably be impossible this year to make special issues of sugar to private fruit growers for the making of jam, the sugar commission suggests that they will be wise to"
sugar,1910,0,1383,950,7.2235,True,mems. for mothers. children and sweets. all children like weets and eat them when they can. this is because their system calls for sugar to keep up the supply of energy that the child is so continuous
sugar,1910,0,1383,951,7.2259,True,"points about sugar. granulated sugar tastes sweet. powder it in a mortar more fine, and it becomes less sweet. just owing to this fact it is very hard to convince peopl..."
sugar,1910,0,1383,952,7.2265,True,"warrington e.i. co=operative society ld sugar supplies. membeis are informed that commencing monday. 'april 2nd, till further ;mice, no sugar will be supplied to any person without the sugar card..."
sugar,1910,0,1383,953,7.2294,True,"berlin's food prices. butter is fielling in berlin at 9s. 6d. per pound, sugar at 2s. 6d. per lb., ham and bacon at 9s. per pound, and soap at is. per lb. this informa- tion was received by the united"
sugar,1910,0,1383,955,7.2347,True,"home notes and hints. conserve food for the lean months to come. war-time recipes. plums are plentiful this year, but sugar is dear, and an opportunity for laying by a store of jam appears ,to be neut"
sugar,1910,0,1383,956,7.236,True,sugar cards in october. food controller launches his
sugar,1910,0,1383,957,7.2363,True,"flews from quebec. quei3eu and maplic sugar. demand for government supervision :—a party caisisting of three hundred persons in- terested in the maple sugar tedustry, recently paid a visit to t..."
sugar,1910,0,1383,958,7.2376,True,"a student's aid. 'put down,"" the little fellow :mid, reading from a book, ""ten pounds of sugar at five oente a pound, an' four pouncis of coffee at thirty cents a pound. an' two pounds of butter at tw"
sugar,1910,0,1383,960,7.24,True,"more sugar and meat. :0 :- new ration- • scheme in operation. _ _ the sugar ration for the present week gow• up again from (loz. to soz, per bead. the qstrike"" ..."
sugar,1910,0,1383,961,7.2429,True,mems. for mothers. children and sweets. all children like weets and eat them when they can. this is because their system calls for sugar to keep up the supply of energy that the child is so continuous
sugar,1910,0,1383,963,7.2482,True,mems. for mothers. children and sneets. all children like sweets and eat them when they can. this is because their system calls for sugar tu keep up the supply of energy that the child is so continuou
sugar,1910,0,1383,964,7.2483,True,sugar prosecutions. false declarations bring trouble to housewives. dear preserves. a number of prosecutions under the sugar domestic preserving order were...
sugar,1910,0,1383,965,7.2517,True,"lipton's special parcel lib ma rgarin.e overweight 1 0 half-pound given free in addition, 31bs. best sugar 1 2. tea 4 1lb• cocoa 4 or 1b tea"
sugar,1910,0,1383,967,7.2572,True,sugar registration. a matter much under—consideration at present is that of the sugar registration scheme'. already a great number of application forms hav...
sugar,1910,0,1383,968,7.2619,True,"obeying orders. the farmer -i-v-a-lieclifito-the little grocer's shop a firm step. ""i want a tub of butter,"" he said, ""and a jot of sugar and all that other staff."" ""good gracious,"" e.a id the widow w"
sugar,1910,0,1383,970,7.2639,True,"home notes and liints. conserve food for the lean months to come. war-time recipes. plums are plentiful this year, but sugar is dear, and an opportunity for laying by a store of jam appears to be. neu"
sugar,1910,0,1383,971,7.2652,True,a sugar saver. now that sugar is so (lear it may be of interest to some hotteewives to know that a teaspoonful of pure glycerine takee the place cl half the ...
sugar,1910,0,1383,972,7.2681,True,"argyle theatre. ""sugar and spice"" is the title of the premier item in the argyle programme this week, and in our opinion it would be better if only the sugar was allowed to..."
sugar,1910,0,1383,973,7.2727,True,her disappearance. after tea time johnny had been askinc daddy what became of the sugar that was put into his mug of milk. daddy explained that it di:ssolved. later on the little boy went into mother'
sugar,1910,0,1383,974,7.2733,True,1111•111.1111. money-back parcels. 3-lb. ljaerstnulated sugar -*lb. margarine overweight 1-ib. best twulated sugar margarine overweight nuts
sugar,1910,0,1383,979,7.2878,True,sugar prosecutions. false declarations bring trouble to housewives. dear preserves. a number of prosecutions under the sugar domestic preserving order were...
sugar,1910,0,1383,981,7.2915,True,the issue of sugar card 3. the food control offices at charing cross have been the scene of great indus- try during the past few weeks owing to the number of applicatio...
sugar,1910,0,1383,983,7.2956,True,"...ntary schools within the bor- ough will be open for registration on monday (january 21st) from 9 a.m. to 8 p.m. here householders must produce ,their sugar cards, or a ra"
sugar,1910,0,1383,986,7.3073,True,"empire theatre, liverpool. sugar is an all-absorbing topic juetnow, and therefore most tinielvctand attractive the title ""the sugar beitpy"" of the merry neyranusical piece which -mos..."
sugar,1910,0,1383,987,7.3081,True,"time the terra glyrnsuria means sugar in the urine, 'rd sugar in the urine generally means diabetes. yet medical men use the worits glycosuria and diphetes for different condition:. clveo..."
sugar,1910,0,1383,989,7.3139,True,sugar bee:*. there is an inclination to take a favourable view of the sugar beet prospects in the coming season in consequence of the statement made by the...
sugar,1910,0,1383,990,7.3141,True,"time the terra glyrnsuria means sugar in the urine, 'rd sugar in the urine generally means diabetes. yet medical men use the worits glycosuria and diphetes for different condition:. clveo..."
sugar,1910,0,1383,991,7.3216,True,"fruit-growers' sugar—continued. guilty to making the declaration, but not guilt to acquiring the sugar. the superintendent explained that what ,was complained of that the..."
sugar,1910,0,1383,992,7.3267,True,points for the people. tariff reform in operation the exemption of british-produced beet sugar from the payment of excise duty was a sad blow 1 to free traders. anything which savours of assist- ing a
sugar,1910,0,1383,993,7.3273,True,"a barometer. m. :4a.1.1v won, of valence, studied the different phenomena which are produced in a cup of coffee the sugar is put into it. and the results of hits observations tra.nsform it into a blio"
sugar,1910,0,1383,994,7.3339,True,"has not advanced prices of food stuffs at all. our prices for butter have been 1/3 and 1/4 per lb., whilst others have advanced to 1/6 and even 1/8. sugar has been sold at 2d., 2id. and 2w., according"
sugar,1910,0,1383,996,7.338,True,... would be difficult to imagine a more clia.rac• toristio triumph of cobdonisni than that secured by the withdrawal of great britain from the brussels sugar convention
sugar,1910,0,1383,997,7.3385,True,"sugar tickets. probable. date -in birkenhead. as a number of people are making anxious, and very often needless, inquiries with regard to the issue of suga..."
sugar,1910,0,1383,998,7.3492,True,"energy from sugar. a number of people have bee-i-i-wi:y. surprised at the fact that our soldiers at the front ap-- pear to have such a craving for sweet things. those,..."
sugar,1910,0,1383,1000,7.3532,True,"sugar for the dead. s,og the cases dea'ia with by the woo:- w,ett food control committee was that, of wontaan s'ho on her sugar card applica- tion., gave t..."
sugar,1910,0,1383,1001,7.3548,True,"extracts from ""london opinion."" all' the world's a —stage,"" and- people in search of sugar and potatoes are anxious not to miss their ""queues."" • • •• president wilson is to have a street in paris nam"
sugar,1910,0,1383,1002,7.357,True,"sugar beets. sugar beet is a strain of the garden beotroot that bee been specially bred to contain large proportions of sugar, and good stocks now a date 3..."
sugar,1910,0,1383,1003,7.3573,True,sugar beet. • there is an inclination to take a favourable view of the sugar beet prospects in the coming season in consequence' of the statement made by t...
sugar,1910,0,1383,1005,7.3633,True,"beet sugar cultivation. there has been regi,tored by license of the board of trade as a comjiakiy not existing to make n profit tho incorporated english beet su..."
sugar,1910,0,1383,1008,7.3673,True,"ilickpool sugar census. last night we were able to obtain figures with regard to the blackpool sugar census. they are distinctly in- teresting, though it is not yet ..."
sugar,1910,0,1383,1009,7.3692,True,"search for sugar ends at police station. ""i spent about bs.. on groceries and every shop i went in i could not get any sugar, and i went and got a glass or two too mu..."
sugar,1910,0,1383,1010,7.37,True,sugar beets in germany. an interesting piece of news came from ger- many the other day to the effect that the im- perial government as taking measures to i...
sugar,1910,0,1383,1011,7.3725,True,"len sta.ut toe sweet manufacturer& the order also restrict. the amount of sugar that may be used for confectionery in general, whether for extravagant sweets or for other sweets during 11/17 no manufa"
sugar,1910,0,1383,1012,7.3771,True,"...ty. lord rhondda, speaking at cardiff on monday, said the uovenameat bed been 0-id they would not get 40 per cent of the people to register under the sugar di"
sugar,1910,0,1383,1013,7.3788,True,people are saying.- that there is a gradual improvement in the attitude of the director of sugar distribution. the .first notification that there would he no sugar at all for jam- making for home grow
sugar,1910,0,1383,1014,7.3791,True,"sugar beets. sugar beet is a strain of the garden beotroot that bee been specially bred to contain large proportions of sugar, and good stocks now a date 3..."
sugar,1910,0,1383,1015,7.3795,True,"impure sweets. the chief thing in sweet should be sugar, but in many cases the sugar is not cane sugar or beetroot sugar, but glucose, that is, artificial sugar made from maize by meaps of oil of vitr"
sugar,1910,0,1383,1016,7.3863,True,"energy from sugar. a number of people have been very surprised at the fact that our soldiers at the front ap- pear to have such a craving for sweet things. those, howe..."
sugar,1910,0,1383,1018,7.3951,True,"new registration scheme. the sudden change in she system of sugar cards has somewhat mystified the general public, and the food department has already- been inundated with inquiries from traders and h"
sugar,1910,0,1383,1020,7.3966,True,"...entary schools within the bor- ough will be open for registration on monday (january 21st) from 9 a.m. to 8 p.m. here householders must produce their sugar cards, or a rat"
sugar,1910,0,1383,1022,7.4009,True,"new registration scheme. the sudden change in she system of sugar cards has somewhat mystified the general public, and the food department has already- been inundated with inquiries from traders and h"
sugar,1910,0,1383,1024,7.4033,True,"a hint about sugar. the late sir henry thompson, °tie of the greatest authorities on diet. wrote; ""it is scarcely sullicivntly known that sugar is is very valuable food..."
sugar,1910,0,1383,1025,7.4052,True,"sugar beet. there have been several .inquiries lately con- cerning.sugar beet. as in other seasons, allot- ment-holders have grown this vegetable in the 'h..."
sugar,1910,0,1383,1027,7.4083,True,sugar for sam. gardens to be inspected. the distribution of forms of applioation for sugar for jam making began from the birkenhead food control office on ...
sugar,1910,0,1383,1028,7.4097,True,"sugar-growing in the tr.‘nsvaal. as a rethlt of reeent agar-cane exptelment, on dr? tzaneen experiment station, it is th,ught that provided the queetion of..."
sugar,1910,0,1383,1029,7.4098,True,"...ng cake myth, reference was made by a speaker ads a pibbbc meeting on saturday last to the fact that a special permit had been granted to make a huge sugar cake for a fashionable-wedding. we qre "
sugar,1910,0,1383,1031,7.4127,True,"sugar works fire. £5,000 damage at earlestown. during the early hours of sunday morning one of the night workmen at the works of the sankey sugar company, ..."
sugar,1910,0,1383,1032,7.4127,True,"sugar works fire. £5,000 damage at earlestown. during the early hours of sunday morning one of the night workmen at the works of the sankey sugar company, ..."
sugar,1910,0,1383,1033,7.416,True,"...entary schools within the bor- ough will be open for registration on monday (january 21st) from 9 a.m. to 8 p.m. here householders must produce their sugar cards, or a rat"
sugar,1910,0,1383,1034,7.4175,True,"home notes and hints. conserve food for the lean months to come. war-time recipes. plums are plentiful this year, but sugar is dear, and an opportunity for laying by a store of jam appears ,to be neut"
sugar,1910,0,1383,1036,7.4235,True,groceries with sugar. government limit extent of purchases required. ml mckenna informed mr lough in the house of commons that wholesale dealers in sugar were not entitle...
sugar,1910,0,1383,1037,7.426,True,"sugar ra'tions. grocers' dissatisfaction with. new order. the new sugar order issued by the govern- ment last, week has caused considerable per- plexity am..."
sugar,1910,0,1383,1038,7.4346,True,"impure sweets. the chief thing in sweet should be sugar, but in many cases the sugar is not cane sugar or beetroot sugar, but glucose, that is, artificial sugar made from maize by meaps of oil of vitr"
sugar,1910,0,1383,1039,7.4366,True,"mr sugar puzzle. the sugar bureau has axed the ration for the general public, including hotels, etc., at one kilogramme • month (as compared with an average p..."
sugar,1910,0,1383,1041,7.4417,True,"search for sugar ends at police station. ""i spent about bs. on groceries and every. shop i went in i could not get any sugar, and i went and got a glass or two too mu..."
sugar,1910,0,1383,1042,7.4492,True,sugar for neutral ships. -- fine of 1.150 inflicted on hull ship chandler. or sending margarine and sugar on board two nen'tral vessels without pie-entry a...
sugar,1910,0,1383,1043,7.456,True,"the sugar question. -- middlesbro' women's council and the matter. [editor, herald. send you copies of correspondence the middlesbrough and district women's co..."
sugar,1910,0,1383,1045,7.461,True,"sugar for jam! customers who wish to obtain sugar for preserving soft fruits (whether grown by themselves or bought) must apply on a special form, between ..."
sugar,1910,0,1383,1049,7.476,True,"another prosecution under the sugar preserving order. another prosecution under the sugar domes- tic preserving order, 1917, came before the magistrates (mr. f. a. frost and councillor ..."
sugar,1910,0,1383,1050,7.4821,True,"a hint about sugar. the late sir henry thompson, one of the greatest anthoririea on diet, wrote :—""lt is scarcely sufficiently known that sugar is a very valuable food ..."
sugar,1910,0,1383,1051,7.4824,True,co-operative 'warehouse on fire. noun .and sugar alilwed. shortly atter nine o'clock on hionlar night (bank holiday) are was discovered .to have broken out at the store or v*44l- in priosatreet belo...
sugar,1910,0,1383,1052,7.4826,True,"maple sugar and tobacco. the output of maple sugar in the province of i quebec, canada, is about 14,300,000 pounds per annum. the amount produced last year was f..."
sugar,1910,0,1383,1053,7.4827,True,"an 13npleasant simi /use. a little boy whose name was tommy was very fond of stealing the sugar. one day he was in the dining room just befor tea, and while his father's back was turned he seized the "
sugar,1910,0,1383,1054,7.4854,True,sugar for jam. applications may be met in full returns showing the total applications for sugar for domestic preserving have been received by the royal com...
sugar,1910,0,1383,1056,7.4876,True,"...cellaneous on sale. be vigor ons, strong and successful. par- ticulars free.—ames. ltd. (p.). cromwell house. holborn, london. • • your fruit without sugar in ordinary jam jars or 'bottles with the"
sugar,1910,0,1383,1057,7.4902,True,"items fob agriculturists. sugar beets owing to the difficulty of getting supplies of beet sugar from the ountineot, it seems likely that sugar beet will be grown extensively in this..."
sugar,1910,0,1383,1058,7.4904,True,"home notes and hints. conserve food for the lean months to come. war-ti ie recipes. plums are plentiful this year, but sugar is dear, and an opportunity for laying by a store of jam appears to be neut"
sugar,1910,0,1383,1059,7.4905,True,"fined £l2, but sugar returned. i the mayor said the defendant ifould be fined i „tit.) in the first ease and it 2 in the second, and i the sugar would be handed back. the..."
sugar,1910,0,1383,1060,7.4924,True,"""sugar and spice."" one day a little girl, aged flve -yells, was playing shops. iler nurse gave her rather a large order. te end up she said: ""i'll have a ni..."
sugar,1910,0,1383,1061,7.4965,True,"...urchases. sir,—l have been told that some grocers and even some co-operative stores, supposed to be run for the good of the community, refuse to sell sugar unless 'other gr"
sugar,1910,0,1383,1062,7.5049,True,"about a sugar card. prosecution for obtaining sister's supply. three summonses under the sugar order were preferred against sarah jane kirk, 313, winwick-road, at ..."
sugar,1910,0,1383,1063,7.5086,True,"jmuch sugar no sweetness. at onlat bank on thursday. ih:\tki murphy, 54. napier-street, was charged with wilfully 440faang fire to his chimney. sergt. 4'ooper sa..."
sugar,1910,0,1383,1064,7.515,True,"maple sugar and tobacco. the output of maple sugar in the province of quebec, canada, is about 14,300,000 pounds per annum. the amount produced last year was ful..."
sugar,1910,0,1383,1065,7.5164,True,"maple sugar and tobacco. the output of maple sugar in the province of quebec, canada, is about 14,300,000 pounds per annum. the amount produced last year was ful..."
sugar,1910,0,1383,1068,7.5203,True,"items for agriculturists. sugar beets. i in view of the impossibility of getting contin- ental sugar, the sugar beet industry of england should receive an immense impetus. sugar bee..."
sugar,1910,0,1383,1070,7.5251,True,sugar we will sell 44b sugar at per lb. to every purchaser of one pound of id.
sugar,1910,0,1383,1074,7.5513,True,"new sugar cards., the ministry of food, whose emu:tunics- lions on this subject hitherto have caused much perplexity, ask us to publish the:follow- ing:— it is..."
sugar,1910,0,1383,1076,7.5546,True,"jmuch sugar no sweetness. at onlat bank on thursday. ih:\tki murphy, 54. napier-street, was charged with wilfully 440faang fire to his chimney. sergt. 4'ooper sa..."
sugar,1910,0,1383,1079,7.5829,True,"sugar ifor jam. lord rhondda on the penheth summonses. ""not in public interests."" mr. j. c. sutton, the clerk.- to the warrington rural district council, a..."
sugar,1910,0,1383,1080,7.5842,True,"sugar beet. in the spring months a great stir was made about sugar beetroot, and to my knowledge many allotment-holders -purchased and sowed seed of this v..."
sugar,1910,0,1383,1081,7.5862,True,"the difference. freddie (suyprised): ""why, papa. i thought one spoonful of sugar was always enough for my coffee. freddie's papa: this is a restaurant, my son; take all the sugar you want.""—w. beid, 1"
sugar,1910,0,1383,1083,7.5866,True,"from broken crystals. a soft bluish light has occasionally been seen when a scoop was scraped across solidly caked sugar in the bin. loose sugar does not show this glow, nor does granulated. the cause"
sugar,1910,0,1383,1084,7.5892,True,sugar for domestic jam making • private •growerr rwho wish to preserve their .fruit on their own preniises for domestic oonsumption are notified dot an end...
sugar,1910,0,1383,1087,7.5952,True,"a barometer. m. :4a.1.1v won, of valence, studied the different phenomena which are produced in a cup of coffee the sugar is put into it. and the results of hits observations tra.nsform it into a blio"
sugar,1910,0,1383,1089,7.5976,True,"* * * 0 * * for these reasons i think we may expect a peace offer soon, an attractive one with pink sugar on the outside; it will be such very good business from the german point of view. it will he o"
sugar,1910,0,1383,1090,7.5978,True,"prams in a sugar queue. three women, named catherine cord>, jane leg. and isabella thompson, wart :.irdered to pay ea costs each at wai!send, on a charge of having ob..."
sugar,1910,0,1383,1091,7.5979,True,"sugar beets for forage. sugar beets contain much more dry matter than ordinary mange's do. indeed, in this i respect a ton of good sugar heats is almost as..."
sugar,1910,0,1383,1094,7.6024,True,huge sugar deal government ensures nation's supply. the %%einem mail publishes this follow ing in cruet. 10 avoid asugar laiine 1:i oft- feiiumilcv ut the ceese...
sugar,1910,0,1383,1095,7.6033,True,"1 home hints. hint un sugar saving. one quart of gooseberries or one good 'bunch of rhubarb put one witspoodful of bi-carbonate of soda d.nd one desiertvoonful of 5,1124 f :3 en..."
sugar,1910,0,1383,1096,7.6041,True,"a hint about sugar. the late sir henry thompson, one of the greatest authorities on diet, wrote: ""it is scarcely sufficiently known that sugar is a very valuable food w..."
sugar,1910,0,1383,1097,7.6059,True,"* * * * * * for these reasons i think we may expect a peace offer soon, an attractive one with pink sugar on the outside; it will be such very good business from the german point of view. it will be o"
sugar,1910,0,1383,1098,7.6074,True,"about a sugar card. prosecution for obtaining sister's supply. three summonses under the sugar order were preferred against sarah jane kirk, 313, winwick-road, at ..."
sugar,1910,0,1383,1099,7.6075,True,"home notes and hints. conserve food for the lean months to come. war-ti ie recipes. plums are plentiful this year, but sugar is dear, and an opportunity for laying by a store of jam appears to be neut"
sugar,1910,0,1383,1100,7.6077,True,sugar bee-r. there is an inclination to take a favourable view .of the sugar beet prospects in the coming season in consequence of the statement made by th...
sugar,1910,0,1383,1102,7.6212,True,"home notes and hints. conserve food for the lean months to come. war-ti ie recipes. plums are plentiful this year, but sugar is dear, and an opportunity for laying by a store of jam appears to be neut"
sugar,1910,0,1383,1103,7.6242,True,"* * * * * * for these reasons i think we may expect a peace offer soon, an attractive one with pink sugar on the outside; it will be such very good business from the german point of view. it will be o"
sugar,1910,0,1383,1104,7.6258,True,"notes on passing events. it seems a long time ago—certainly longer than eight or nine weeks—since people were buying up all the flour and sugar and other stores they oould get hold of, because of the "
sugar,1910,0,1383,1105,7.6287,True,a wasted food supply. plums allowed to rot for want of sugar. huge quantities of fine plums are being silowed to rot in notts orchards. there have been record crops. in the nottingham wholesale fruit 
sugar,1910,0,1383,1106,7.6328,True,... would be difficult to imagine a more clia.rac• toristio triumph of cobdonisni than that secured by the withdrawal of great britain from the brussels sugar convention
sugar,1910,0,1383,1107,7.6469,True,"dutch government block the way. i regret to announce, says a writer of farm and home,"" that the english beet sugar cor- poration, ltd. (formerly the anglo-netherland sugar corporation, ltd.), which la"
sugar,1910,0,1383,1112,7.6558,True,"...ntary schools within the bor- ough will be open for registration on monday (january 21st) from 9 a.m. to 8 p.m. here householders must produce ,their sugar cards, or a ra"
sugar,1910,0,1383,1113,7.656,True,"* * * 0 * * for these reasons i think we may expect a peace offer soon, an attractive one with pink sugar on the outside; it will be such very good business from the german point of view. it will he o"
sugar,1910,0,1383,1114,7.6632,True,sugar beet. • there is an inclination to take a favourable view of the sugar beet prospects in the coming season in consequence' of the statement made by t...
sugar,1910,0,1383,1115,7.6664,True,sugar bee-r. there is an inclination to take a favourable view .of the sugar beet prospects in the coming season in consequence of the statement made by th...
sugar,1910,0,1383,1117,7.6723,True,"home notes and liints. conserve food for the lean months to come. war-time recipes. plums are plentiful this year, but sugar is dear, and an opportunity for laying by a store of jam appears to be. neu"
sugar,1910,0,1383,1119,7.6813,True,"neutrals and german sugar. the import into this country of alien goods is, of course. already prohibited. ger- man and austinui sugar may not be im- ported here it,d r is true..."
sugar,1910,0,1383,1120,7.6915,True,"sugar beet. in the spring months a great stir was made about sugar beetroot, and to my knowledge many allotment-holders purchased and sowed seed of this' v..."
sugar,1910,0,1383,1121,7.6945,True,the issue of sugar card 3. the food control offices at charing cross have been the scene of great indus- try during the past few weeks owing to the number of applicatio...
sugar,1910,0,1383,1122,7.6964,True,"why nothing is done. there is no reason, however, why we should grow beet for the foreigner to manufacture into sugar. we ought to be in a position to make our own sugar from our own beet. last year w"
sugar,1910,0,1383,1124,7.7102,True,"a hint about sugar. the late sir henry thompson, one of the greatest authorities on diet, wrote: ""it is scarcely sufficiently known that sugar is a very valuable food w..."
sugar,1910,0,1383,1125,7.7112,True,suomi illustrates an anomaly. the complexity of the problem may be illus- trated by such an article as sugar. it is easy from the figures available to get approximately at the amount of sugar consumed
sugar,1910,0,1383,1126,7.7117,True,"maple sugar and tobacco. the output of maple sugar in the province of i quebec, canada, is about 14,300,000 pounds per annum. the amount produced last year was f..."
sugar,1910,0,1383,1127,7.7123,True,sugar for domestic jam making. private growers who wish to preserve their fruit on their own premises for domestic oomumplion are notified that an endeavou...
sugar,1910,0,1383,1128,7.7137,True,"home notes and hints. conserve food for the lean months to come. war-time recipes. plums are plentiful this year, but sugar is dear, and an opportunity for laying by a store of jam appears ,to be neut"
sugar,1910,0,1383,1129,7.7137,True,sugar beet. • there is an inclination to take a favourable view of the sugar beet prospects in the coming season in consequence' of the statement made by t...
sugar,1910,0,1383,1130,7.7187,True,"... petrogrp,d, thursday. in the fighting at olai the germans used their new automatic rifles, firing 25 shots a minute. the russians captured some. the sugar refineries on the gal"
sugar,1910,0,1383,1131,7.7222,True,"sager litavrtsg. en m arras.) dear 84,—t tett agree with most of your mirth) in last turrs&fs issue that sugar ean be grown successfully in england. the ""one factory"" you name, which is situated m nor"
sugar,1910,0,1383,1133,7.7322,True,suomi illustrates an anomaly. the complexity of the problem may be illus- trated by such an article as sugar. it is easy from the figures available to get approximately at the amount of sugar consumed
sugar,1910,0,1383,1138,7.7548,True,"sugar beet. in the spring months a great stir was made about sugar beetroot, and to my knowledge many allotment-holders -purchased and sowed seed of this v..."
sugar,1910,0,1383,1139,7.7552,True,... would be difficult to imagine a more clia.rac• toristio triumph of cobdonisni than that secured by the withdrawal of great britain from the brussels sugar convention
sugar,1910,0,1383,1141,7.7648,True,"a hint about sugar. the late sir henry thompson, one of the greatest authorities on diet, wrote ""it is scarcely sufficiently known that sugar is a very valuable food wh..."
sugar,1910,0,1383,1142,7.7656,True,the farm. home-grown sugar beet. mr. prothero (president of the board of agriculture) says the board believe that the establishment of the home beet sugar industry would promot...
sugar,1910,0,1383,1143,7.7739,True,ontario sugar beet industry the first party of belgians bound for sugar beet centres in western ontario have arrived. these men are admittect_yearly under permit f...
sugar,1910,0,1383,1144,7.7768,True,••••••• in various ways efforts are being made to catch the enemy's trade. an attempt to 'stabile's the beet sugar industry in lanca- shire in the project of an influential body of farmers. during thi
sugar,1910,0,1383,1145,7.7779,True,"from broken crystals. a soft bluish light has occasionally been seen when a scoop was scraped across solidly caked sugar in the bin. loose sugar does not show this glow, nor does granulated. the cause"
sugar,1910,0,1383,1146,7.7857,True,"home hints. [the prizes ate awarded w miss m. lloward, .mis bell. miss 11. sinclair, mnl murray.] a sugar saver. itinite a jug with hot water, then put in two or three tablespoonfuls of golden syrup. "
sugar,1910,0,1383,1149,7.7909,True,"maple sugar and tobacco. the output of maple sugar in the province of quebec, canada, is about 14,300,000 pounds per annum. the amount produced last year was ful..."
sugar,1910,0,1383,1151,7.7959,True,"a hint about sugar. the late sir henry thompson, one of the greatest authorities on diet, wrote ""it is scarcely sufficiently known that sugar is a very valuable food wh..."
sugar,1910,0,1383,1152,7.7985,True,"maple sugar and tobacco. the output of maple sugar in the province of quebec, canada, is about 14,300,000 pounds per annum. the amount produced last year was ful..."
sugar,1910,0,1383,1153,7.7993,True,"about a sugar card. prosecution for obtaining sister's supply. three summonses i-under the sugar order were preferred against sarah jane birk, 313, winwick-road, a..."
sugar,1910,0,1383,1154,7.7997,True,"a hint about sugar. the late sir henry thompson, °tie of the greatest authorities on diet. wrote; ""it is scarcely sullicivntly known that sugar is is very valuable food..."
sugar,1910,0,1383,1155,7.8025,True,"sugar beet. in the spring months a great stir was made about sugar beetroot, and to my knowledge many allotment-holders purchased and sowed seed of this' v..."
sugar,1910,0,1383,1157,7.8067,True,"empire theatre, liverpool. sugar is an all-absorbing topic juetnow, and therefore most tinielvctand attractive the title ""the sugar beitpy"" of the merry neyranusical piece which -mos..."
sugar,1910,0,1383,1158,7.8068,True,ontario sugar beet industry the first party of belgians bound for sugar beet centres in western ontario have arrived. these men are admittect_yearly under permit f...
sugar,1910,0,1383,1159,7.8069,True,"a hint about sugar. the late sir henry thompson, one of the greatest authorities on diet, wrote: ""it is scarcely sufficiently known that sugar is a very valuable food w..."
sugar,1910,0,1383,1161,7.8157,True,sugar for jam. applications may be met in full returns showing the total applications for sugar for domestic preserving have been received by the royal com...
sugar,1910,0,1383,1162,7.816,True,"... not guilty was made by mary hughes, the' wife of wiliam hughes, 6, station- road, penketh. supt. foster said application had been made for 361 b. of sugar for soft fruit and "
sugar,1910,0,1383,1164,7.8219,True,"germans in sorry plight. the shortage of tea. absolute necessity of using substitutes. the familiar mnice ""no sugar was ex- hibited on saturday by many retailers in south london. and inquiry at the co"
sugar,1910,0,1383,1165,7.8242,True,"a hint about sugar. the late sir henry thompson, one of the greatest anthoririea on diet, wrote :—""lt is scarcely sufficiently known that sugar is a very valuable food ..."
sugar,1910,0,1383,1175,7.8639,True,"...mption. sir thomas lipton, presiding at the annual meeting of lipton (limited) in london, on mon- day, said that the high prices for bacon, ham-. and sugar h"
sugar,1910,0,1383,1176,7.8679,True,"a hint about sugar. the late sir henry thompson, one of the greatest authorities on diet, wrote: ""it is scarcely sufficiently known that sugar is a very valuable food w..."
sugar,1910,0,1383,1179,7.8782,True,"sugar beet. in the spring months a great stir was made about sugar beetroot, and to my knowledge many allotment-holders purchased and sowed seed of this' v..."
sugar,1910,0,1383,1184,7.8947,True,"sugar beet. in the spring months a great stir was made about sugar beetroot, and to my knowledge many allotment-holders -purchased and sowed seed of this v..."
sugar,1910,0,1383,1185,7.8981,True,"sugar hoarder heavily fined at dartford petty sessions, john flick inott, of longfield, was fined £2o for acquiring a quantity of sugar exoeeding the amoun..."
sugar,1910,0,1383,1190,7.9152,True,sugar bee:*. there is an inclination to take a favourable view of the sugar beet prospects in the coming season in consequence of the statement made by the...
sugar,1910,0,1383,1191,7.9195,True,"sugar beets. sugar beet is a strain of the garden beotroot that bee been specially bred to contain large proportions of sugar, and good stocks now a date 3..."
sugar,1910,0,1383,1193,7.9434,True,tommy's sweet tooth. an extra ounce of 'sugar. has been added by the war office to the daily rations of soldiers on 'field service. soldiers until recently only received 2oz. of sugar a day with ...
sugar,1910,0,1383,1194,7.945,True,"home-grown sugar. twortance of british beet, by. e. t. bnown. an opportunity exists at the present time greatly to increase our supply of borne-grown sugar beet, and ..."
sugar,1910,0,1383,1195,7.9498,True,"a hint about sugar. the late sir henry thompson, one of the greatest anthoririea on diet, wrote :—""lt is scarcely sufficiently known that sugar is a very valuable food ..."
sugar,1910,0,1383,1197,7.9546,True,"dutch government block the way. i regret to announce, says a writer of farm and home,"" that the english beet sugar cor- poration, ltd. (formerly the anglo-netherland sugar corporation, ltd.), which la"
sugar,1910,0,1383,1201,7.9717,True,sugar bee-r. there is an inclination to take a favourable view .of the sugar beet prospects in the coming season in consequence of the statement made by th...
sugar,1910,0,1383,1202,7.9721,True,"sugar beet. in the spring months a great stir was made about sugar beetroot, and to my knowledge many allotment-holders purchased and sowed seed of this' v..."
sugar,1910,0,1383,1203,7.9749,True,"...ellaneous on sale. e vigorous, strong and successful. par- ticularg free.—ames, ltd. (f.), cromwell house. holborn, london. bottle your fruit without sugar in ordinary- jam jars or bottles with th"
sugar,1910,0,1383,1206,7.9986,True,"boon to jam makers. sugar substitute and how to use it, plums tu persty are promised all over dziglarad, but the board of agrioulture utters a word of warning to those who wak..."
sugar,1910,0,1383,1208,8.0168,True,"home-grown sugar. twortance of british beet, by. e. t. bnown. an opportunity exists at the present time greatly to increase our supply of borne-grown sugar beet, and ..."
sugar,1910,0,1383,1210,8.0296,True,"a hint about sugar. the late sir henry thompson, one of the greatest authorities on diet, wrote ""it is scarcely sufficiently known that sugar is a very valuable food wh..."
sugar,1910,0,1383,1211,8.0345,True,"about a sugar card. prosecution for obtaining sister's supply. three summonses under the sugar order were preferred against sarah jane kirk, 313, winwick-road, at ..."
sugar,1910,0,1383,1216,8.0452,True,"from broken crystals. a soft bluish light has occasionally been seen when a scoop was scraped across solidly caked sugar in the bin. loose sugar does not show this glow, nor does granulated. the cause"
sugar,1910,0,1383,1217,8.0493,True,"breach of sugar order. mcnday mrs e. hills, of iturworth- place, was ordered by the darlington county magistrates. to pay id 2s 6d costs for a breach of the sugar pr..."
sugar,1910,0,1383,1218,8.0512,True,"fk.-m a word to those who knit for our soldiers. everyone in england has been knitting for soldiers—at any rate everyone in the north coun- ties. sugar and butter have been scarce, and wool 1 believe "
sugar,1910,0,1383,1220,8.0547,True,"a hint about sugar. the late sir henry thompson, one of the greatest authorities on diet, wrote: ""it is scarcely sufficiently known that sugar is a very valuable food w..."
sugar,1910,0,1383,1221,8.0679,True,"about a sugar card. prosecution for obtaining sister's supply. three summonses i-under the sugar order were preferred against sarah jane birk, 313, winwick-road, a..."
sugar,1910,0,1383,1223,8.0788,True,"sugar beet. in the spring months a great stir was made about sugar beetroot, and to my knowledge many allotment-holders -purchased and sowed seed of this v..."
sugar,1910,0,1383,1227,8.1546,True,"about a sugar card. prosecution for obtaining sister's supply. three summonses i-under the sugar order were preferred against sarah jane birk, 313, winwick-road, a..."
sugar,1910,0,1383,1229,8.1693,True,"wo .7.''': an's world. giving them the lead in dye manufactures, sugar production, poultry raising, and other indus- tries. among other things there is the drying of vegetables, to which the germans h"
sugar,1910,0,1383,1231,8.1786,True,"sugar for jam. lord rhondda on the penketh summonses. ""not in public interests."" mr. j. c. sutton, the clerk to the warrington rural district council, at t..."
sugar,1910,0,1383,1232,8.1813,True,"very economical marmalade. this marmalade only costs is for 311bs. take two oranges, one oraage jelly, lb. of sugar, and two pints of water. grate the oranges down, and cover with the water overnight."
sugar,1910,0,1383,1233,8.1814,True,"points about sugar. granulated sugar tastes sweet. powder it in a mortar more fine, and it becomes less sweet. just owing to this fact it is very hard to convince peopl..."
sugar,1910,0,1383,1235,8.1983,True,"sugar beet's opportunity. there meter has been, and probably never will be, such a grand opportunity far getting the industry started on a sound basis as a..."
sugar,1910,0,1383,1236,8.1996,True,yjiiiiiiiiiiiiiiiiiiiiiiiiiiiiiiiiiiiiiiiiiiiiiiiiiiiiiiiiiiiiiiiihiiiiiiiiiiiiiiiiiiiiiiiiiiiiiiiiiiiiiiiiiiiiiiiiiiiiiiiiiiu.4 sugar for jam! customers who wish to obtain sugar for preserving soft f
sugar,1910,0,1383,1242,8.2526,True,"indian corn. varieties of sugar maize are grtwo for their green c,,bs, which are ust,d as vegetabfes. sow early in may in rows from 3to lrq feet apart, placing the seeds 5 inches de..."
sugar,1910,0,1383,1243,8.2533,True,"those terrible boys, outside a grocer's shop in a manchester suburban road lay a common blue sugar hag. bulked out as though full. the mouth screwed up clumsily. as i approached (writes a corre- spond"
sugar,1910,0,1383,1244,8.2646,True,"sager litavrtsg. en m arras.) dear 84,—t tett agree with most of your mirth) in last turrs&fs issue that sugar ean be grown successfully in england. the ""one factory"" you name, which is situated m nor"
sugar,1910,0,1383,1245,8.2782,True,tommy's sweet tooth. an extra ounce of 'sugar. has been added by the war office to the daily rations of soldiers on 'field service. soldiers until recently only received 2oz. of sugar a day with ...
sugar,1910,0,1383,1247,8.2802,True,"..."" at the county petty sessions on wednesday, richard 011erton, barge 'captain, higher ince, was charged with having stolen 841 b. of unre- fined cane sugar, valued £1 165., the pro"
sugar,1910,0,1383,1250,8.2902,True,"items for agriculturists. some notes on sugar beets. many papers have devoted spice to the dis- cussion of sugar beet cultivation in this country, and there seems some likelihood of factories bei..."
sugar,1910,0,1383,1251,8.2951,True,"mangels. in practical tests made in canada, mange's were found equal in nutritive value to sugar beet, they are, of course, an exceedingly valuable food for all cows, and should be exten- sively grown"
sugar,1910,0,1383,1252,8.3012,True,"home-grown sugar. lecturing before the royal society of arts, mr. edward r. dayson, the well-known west indian expert, calculated that about 700,000 acres of land in ..."
sugar,1910,0,1383,1253,8.303,True,"a bit to come! british workin„an :—you free traders said you couldn't take any of the taxes off my tea, sugar or 'baccy because you hadn't money enough but you've got money enough to take a bit off th"
sugar,1910,0,1383,1254,8.3031,True,"sugar beets. sugar beet is a strain of the garden beotroot that bee been specially bred to contain large proportions of sugar, and good stocks now a date 3..."
sugar,1910,0,1383,1255,8.3035,True,"sugar for jam! customers who wish to obtain sugar for preserving soft fruits (whether grown by themselves or bought) must apply on a special form, between ..."
sugar,1910,0,1383,1256,8.304,True,"len sta.ut toe sweet manufacturer& the order also restrict. the amount of sugar that may be used for confectionery in general, whether for extravagant sweets or for other sweets during 11/17 no manufa"
sugar,1910,0,1383,1258,8.31,True,"olympia. liv papcol. ""sugar and spica"" is the appealing title of the revue selected by mr. frank allen to top the attractions at the olympia next week. the faot that sugar and s..."
sugar,1910,0,1383,1260,8.3172,True,sugar beet. • there is an inclination to take a favourable view of the sugar beet prospects in the coming season in consequence' of the statement made by t...
sugar,1910,0,1383,1261,8.3189,True,"...nd in the exhibition. chivers' jams. chive rs, marmalade. guaranteed pure guaranteed pure freshly gathered fruit selected seville oranges and refined sugar only. and refined sugar only. no p"
sugar,1910,0,1383,1263,8.3249,True,sugar in surgery. dressing wounds with ordinary sugar is reported to have proved successful. sugar is sprinkled in a thick layer over a wound that has prev...
sugar,1910,0,1383,1264,8.3272,True,the farm. home-grown sugar beet. mr. prothero (president of the board of agriculture) says the board believe that the establishment of the home beet sugar industry would promot...
sugar,1910,0,1383,1265,8.331,True,farmers and beet culture. the question of the growth of sugar beet for west lancashire farmers was discussed on thursday afternoon at the annual meeting of the ormskirk branch of the lancashire farmer
sugar,1910,0,1383,1266,8.3325,True,"sugar beets for forage. sugar beets contain much more dry matter than ordinary mange's do. indeed, in this i respect a ton of good sugar heats is almost as..."
sugar,1910,0,1383,1268,8.338,True,glucose may poison. the proposal to um glucose as • partial stabatitute for sugar is jaini•wankiug hag been 000demsed by the britian lead /venial aa objectionable and dangerous. apart from the fact th
sugar,1910,0,1383,1269,8.3419,True,"cobdenism and sugar a remarkable illustration of the way in which ""free trade"" discourages british and encour- ages foreign industry is shown in the attitude of the gove..."
sugar,1910,0,1383,1271,8.3481,True,ontario news items. bonaparte and the sugar beet napoleon was probably the first man of imminence in modern times to recognise the value of the sugar beet as a soh improver and crop rotator. at...
sugar,1910,0,1383,1273,8.3542,True,"sugar allowance may tm rsduced. sir °hada --illathurst, chairman of the sugar commission, speaking at'oas- ton hall on wednesday lea, said it was possible ..."
sugar,1910,0,1383,1274,8.3618,True,sugar beets in germany. an interesting piece of news came from ger- many the other day to the effect that the im- perial governnacut was taking measures to...
sugar,1910,0,1383,1275,8.3776,True,a new use for rags. sugar le now manufactured in germany from old rags. the rags are treated with sulphuric acid and converted into dextrine. thin in treated with a milk of li...
sugar,1910,0,1383,1277,8.3989,True,"...."" at the county petty sessions on wednesday, richard 011erton, barge captain, higher ice, was charged with having stolen 841 b. of unre-- fined cane sugar, valued v. 165., the prop"
sugar,1910,0,1383,1280,8.4094,True,the farm. home-grown sugar beet. mr. prothero (president of the board of agriculture) says the board believe that the establishment of the home beet sugar industry would promot...
sugar,1910,0,1383,1281,8.42,True,"new ration cards. re-registration for meat, bittfer, and sugar. in order to ensure a more rigorous control of distribution of meat, butter, and sugar during the coming months, the food con- troller ha"
sugar,1910,0,1383,1282,8.4257,True,a sugar saver. now that sugar is so (lear it may be of interest to some hotteewives to know that a teaspoonful of pure glycerine takee the place cl half the ...
sugar,1910,0,1383,1285,8.4589,True,"sugar works fire. £5,000 damage at earlestown. during the early hours of sunday morning one of the night workmen at the works of the sankey sugar company, ..."
sugar,1910,0,1383,1286,8.4589,True,"sugar works fire. £5,000 damage at earlestown. during the early hours of sunday morning one of the night workmen at the works of the sankey sugar company, ..."
sugar,1910,0,1383,1287,8.461,True,"sugar beet. there have been several inquiries lately con. icerning sugar beet. as in other seasons, allot- 'meat-holders have grown this'vegctable in, the ..."
sugar,1910,0,1383,1289,8.4846,True,"...and in the exhibition. chivers, chivers' jams. marmalade. guaranteed pure guaranteed pure freshly gathered fruit selected seville oranges and refined sugar only. and refined sugar only"
sugar,1910,0,1383,1291,8.4999,True,"home-grown sugar. lecturing before the royal society of arts, mr. edward r. dayson, the well-known west indian expert, calculated that about 700,000 acres of land in ..."
sugar,1910,0,1383,1292,8.5014,True,"ripon liberty court. friday (sept 27).—hohne admiral oxley (distrusts), ceps onto', simms t b p amnia, sod j eipenn. breach of the sugar order. jobs pongee josiah,. el north hensley. fareser, was summ"
sugar,1910,0,1383,1294,8.5059,True,"why creepers turn red. withered leaves of the autumn foliage turn red because they contain more sugar and less starch than in midsummer, reports an authority. leaves of evergreens, how- ever, lost the"
sugar,1910,0,1383,1295,8.5366,True,sugar beets in germany. an interesting piece of news came from ger- many the other day to the effect that the im- perial government as taking measures to i...
sugar,1910,0,1383,1296,8.5644,True,...ublic of birkenhead will be glad commission in london on the shortage of tufsday.—before mr. t. l. dodds (in to learn that the urgent representation§ sugar in the boro
sugar,1910,0,1383,1297,8.5664,True,"why nothing is done. there is no reason, however, why we should grow beet for the foreigner to manufacture into sugar. we ought to be in a position to make our own sugar from our own beet. last year w"
sugar,1910,0,1383,1298,8.5726,True,sugar for domestic jam making. private growers who wish to preserve their fruit on their own premises for domestic oomumplion are notified that an endeavou...
sugar,1910,0,1383,1302,8.6036,True,ontario sugar beet industry the first party of belgians bound for sugar beet centres in western ontario have arrived. these men are admittect_yearly under permit f...
sugar,1910,0,1383,1306,8.6274,True,"a white (wash) lie. sugary subject. two little pincers at one of the mills in this district, whom we will call tom and billy, had just sit deavvn to ther breakfast t' other mo..."
sugar,1910,0,1383,1309,8.65,True,"fk.-m a word to those who knit for our soldiers. everyone in england has been knitting for soldiers—at any rate everyone in the north coun- ties. sugar and butter have been scarce, and wool 1 believe "
sugar,1910,0,1383,1311,8.6522,True,"sugar on trees. a few days ag-u- i-too—k-a-1itt1e,71;073-r ou4 for a walk in the cou/ntey, and biuddenly 1 ;lewd him say, o.h, look at the ougar on the tre..."
sugar,1910,0,1383,1312,8.6596,True,"sugar beet. there have been several .inquiries lately con- cerning.sugar beet. as in other seasons, allot- ment-holders have grown this vegetable in the 'h..."
sugar,1910,0,1383,1313,8.6622,True,"those terrible boys, outside a grocer's shop in a manchester suburban road lay a common blue sugar hag. bulked out as though full. the mouth screwed up clumsily. as i approached (writes a corre- spond"
sugar,1910,0,1383,1314,8.663,True,"co-operative society, ltd. new ration cards. butter & sugar members can now be registered with their own stores. after signing your name bring new cards to nearest branch and we will complete. quality"
sugar,1910,0,1383,1316,8.677,True,"tins of jams and marmalade coffee and milk cocoa and milk tea tablets • coffee, • sugar and milk tablets tea, wean and milk tablets milk tablets malted milk tablets sweets pocket stoves trench fuel bl"
sugar,1910,0,1383,1318,8.6855,True,"items for agriculturists. sugar beets. i in view of the impossibility of getting contin- ental sugar, the sugar beet industry of england should receive an immense impetus. sugar bee..."
sugar,1910,0,1383,1321,8.6931,True,"admiral and mine oxley. silver sugar basin and tongs mae violet and lieutenant oxley, eoppet pot mr richmond powell, old ise, sir richard douglas powell, china dessert service mise eliza..."
sugar,1910,0,1383,1322,8.6935,True,...f germany. the rev. r. rose (legh-street primitive methodist- church) said that the drink traffic of this country was an ally of ger- many. grain and sugar needed for the food of the people w
sugar,1910,0,1383,1324,8.7196,True,"...n books. the new rationing soherae will come into ophratiou by july 14, when the hational ration book will take the place of the national meat cards, sugar tickets, and coupon"
sugar,1910,0,1383,1327,8.7545,True,... would be difficult to imagine a more clia.rac• toristio triumph of cobdonisni than that secured by the withdrawal of great britain from the brussels sugar convention
sugar,1910,0,1383,1328,8.7639,True,the farm. home-grown sugar beet. mr. prothero (president of the board of agriculture) says the board believe that the establishment of the home beet sugar industry would promot...
sugar,1910,0,1383,1332,8.7933,True,"molasses foods for pigs. various sugar cane and beet sugar products have been proved of great value in feeding horses and steers, but it is very questionable it molasses teed re suitable f..."
sugar,1910,0,1383,1334,8.7996,True,"where, to obtain sugar. he difficulty, of obtaining sugar has become inost -acute. to ,go to any but a good grocer, one who has the sugar commissioners' confi- dence, for t..."
sugar,1910,0,1383,1335,8.8006,True,sugar beets in germany. an interesting piece of news came from ger- many the other day to the effect that the im- perial governnacut was taking measures to...
sugar,1910,0,1383,1337,8.8364,True,ontario sugar beet industry the first party of belgians bound for sugar beet centres in western ontario have arrived. these men are admittect_yearly under permit f...
sugar,1910,0,1383,1338,8.8498,True,...of germany. the rev. r. rose (legh-street primitive methodist church) said that the drink traffic of this country was an ally of ger- many. grain and sugar needed for the food of the people we
sugar,1910,0,1383,1339,8.858,True,"sugar beet. there have been several inquiries lately con. icerning sugar beet. as in other seasons, allot- 'meat-holders have grown this'vegctable in, the ..."
sugar,1910,0,1383,1340,8.8653,True,"items for agriculturists. sugar beets. i in view of the impossibility of getting contin- ental sugar, the sugar beet industry of england should receive an immense impetus. sugar bee..."
sugar,1910,0,1383,1344,8.8992,True,sugar beets in germany. an interesting piece of news came from ger- many the other:day to the effect that the im- penal governuient was taking measures to ...
sugar,1910,0,1383,1349,8.9564,True,... indentured asiatic labour in natal hos not apparently had the ruinous effect it was at one time expected to have. speaking at a meeting of the natal sugar
sugar,1910,0,1383,1350,8.9704,True,sugar beets in germany. an interesting piece of news came from ger- many the other:day to the effect that the im- penal governuient was taking measures to ...
sugar,1910,0,1383,1352,8.9841,True,"molasses foods for pigs. various sugar cane and beet sugar products have been proved of great value in feeding horses and steers, but it is very questionable it molasses teed re suitable f..."
sugar,1910,0,1383,1353,8.9918,True,"sugar beet. there have been several inquiries lately con. icerning sugar beet. as in other seasons, allot- 'meat-holders have grown this'vegctable in, the ..."
sugar,1910,0,1383,1354,8.9947,True,"sugar beet. there have been several inquiries lately con. icerning sugar beet. as in other seasons, allot- 'meat-holders have grown this'vegctable in, the ..."
sugar,1910,0,1383,1356,9.042,True,farmers and beet culture. the question of the growth of sugar beet for west lancashire farmers was discussed on thursday afternoon at the annual meeting of the ormskirk branch of the lancashire farmer
sugar,1910,0,1383,1358,9.0485,True,"where to obtain sugar. the difficulty of obtaining sugar has become most acute. to go to any but a good grocer, one who has the sugar commissioners' confi- dence, for this..."
sugar,1910,0,1383,1360,9.0717,True,the farm. home-grown sugar beet. mr. prothero (president of the board of agriculture) says the board believe that the establishment of the home beet sugar industry would promot...
sugar,1910,0,1383,1363,9.1624,True,"items for agriculturists. sugar beets. i in view of the impossibility of getting contin- ental sugar, the sugar beet industry of england should receive an immense impetus. sugar bee..."
sugar,1910,0,1383,1364,9.172,True,farmers and beet culture. the question of the growth of sugar beet for west lancashire farmers was discussed on thursday afternoon at the annual meeting of the ormskirk branch of the lancashire farmer
sugar,1910,0,1383,1365,9.2333,True,"i' :2-1 'l..- condensed milk freed. deneed malk—other than maned condensed nullk—dried milk, and sugar of milk. the restrictions on the import of these artioles the food controtler has revoked the'a.r"
sugar,1910,0,1383,1366,9.2489,True,"sugar beet. there have been several .inquiries lately con- cerning.sugar beet. as in other seasons, allot- ment-holders have grown this vegetable in the 'h..."
sugar,1910,0,1383,1367,9.2556,True,"...nd in the exhibition. chivers' jams. chive rs, marmalade. guaranteed pure guaranteed pure freshly gathered fruit selected seville oranges and refined sugar only. and refined sugar only. no p"
sugar,1910,0,1383,1369,9.3626,True,"...edal has been awarded to the following warrington men :-430166 sapper (acting-sergeant) w. amos, r.e.; 14784 private s. e. harrison, border regiment. sugar for"
sugar,1910,0,1383,1370,9.375,True,"...ruits at our stand in the exhibition. chimers, marmalade. guaranteed pure guaranteed pure freshly gathered fruit selected seville oranges and refined sugar only. and refined sugar only. no preservati"
sugar,1910,0,1383,1371,9.3915,True,"...and in the exhibition. chivers, chivers' jams. marmalade. guaranteed pure guaranteed pure freshly gathered fruit selected seville oranges and refined sugar only. and refined sugar only"
sugar,1910,0,1383,1373,9.4288,True,"sugar beet. in the spring months a great stir was made about sugar beetroot, and to my knowledge many allotment-holders -purchased and sowed seed of this v..."
sugar,1910,0,1383,1376,9.7136,True,"sugar beet. in the spring months a great stir was made about sugar beetroot, and to my knowledge many allotment-holders purchased and sowed seed of this' v..."
sugar,1910,0,1383,1379,9.8345,True,ontario sugar beet industry the first party of belgians bound for sugar beet centres in western ontario have arrived. these men are admittect_yearly under permit f...
sugar,1910,0,1383,1380,9.9178,True,"sugar beets for forage. sugar beets contain much more dry matter than ordinary mange's do. indeed, in this i respect a ton of good sugar heats is almost as..."
sugar,1910,0,1383,1381,10.5533,True,"items for agriculturists. sugar beets. i in view of the impossibility of getting contin- ental sugar, the sugar beet industry of england should receive an immense impetus. sugar bee..."
sugar,1910,0,1383,1383,11.3103,True,...mendment. the labour amendment which had caused the prolongation of :he discussion of the finance bill made a demand for the abolition of the tea and sugar duties and the substitution of h
sugar,1910,1,1137,2,4.2752,True,"neapolitan ribbon cake. the weight of three eggs in butter, castor sugar, and flour, two teaspoonfuls baking powder, little milk. camp the butter and sugar, and add eggs, and beat well, adding flour a"
sugar,1910,1,1137,3,4.2766,True,"cocoanut cake. ten ounces of flour, 11b. of dess.icated cocoanut, 2 eggs. 1 teaspoonful of baking powder, ilb. of caster sugar (grated), rind of half a lemon, lab. of butter. beat the butter and sugar"
sugar,1910,1,1137,4,4.2934,True,"aiieitican te.ii-i,e. two email sponge °tikes, i.lh. appleo (weighed after peeling), ilk loaf sugar. i cup of water. rind and jzice of a small lemon. two eggs, pint milk, 4 tablespoonful cornflour. ca"
sugar,1910,1,1137,5,4.3004,True,"good ice cream. take a cupful of milk, and in it beat the yolk of an egg; add a spoonful of cornflour, sugar to taste, and flavouring of lemon or almonds. boil till it thickens into a kind of custard;"
sugar,1910,1,1137,6,4.3291,True,"apple salad. take five apples, two bananas, a little sugar. one orange, and the juice of a lemon. pare and slice apples thinly, pare and slice bananas, pare and remove all the pith from the orange, an"
sugar,1910,1,1137,7,4.3382,True,"aiieitican te.ii-i,e. two email sponge °tikes, i.lh. appleo (weighed after peeling), ilk loaf sugar. i cup of water. rind and jzice of a small lemon. two eggs, pint milk, 4 tablespoonful cornflour. ca"
sugar,1910,1,1137,8,4.359,True,"small tea cakes. melt in a basin one and a half ounces of but- ter; add a good tablespoonful of sugar and mix well; add eight ounces of self-raising flour, one beaten egg, and a small teacupful of mil"
sugar,1910,1,1137,9,4.3737,True,"small tea cakes. melt in a basin one and a half ounces of but- ter; add a good tablespoonful of sugar and mix well; add eight ounces of self-raising flour, one beaten egg, and a small teacupful of mil"
sugar,1910,1,1137,10,4.3885,True,"chocolate mould of chocolate, loz. of castor sugar, loz. of gelatine, 1 pint of milk, vanilla es.senc... soak the gelatine in two tablespoonfuls the. milk, and boil the remainder of milk with the choc"
sugar,1910,1,1137,12,4.4782,True,"almond icing. hall a pound of ground almonds. lb. of sugar (finely sieved to exclude all lumps), the yolks of 6 eggs, and essence of almonds. mix the ground al- monds and sugar well together, and then"
sugar,1910,1,1137,13,4.5173,True,"good ice cream. take a cupful of milk, and in it beat the yolk of an egg; add a spoonful of cornflour, sugar to taste, and flavouring of lemon or almonds. boil till it thickens into a kind of custard;"
sugar,1910,1,1137,15,4.558,True,"...a delicious custard you can make with brown and poison's ""patent"" corn flour? this is the recipe oz. b. & p.s°patent...corn noun 1 pint milk, 1i oz.. sugar. oz. butter, 2 eggs"
sugar,1910,1,1137,18,4.5794,True,"almond icing. hall a pound of ground almonds. lb. of sugar (finely sieved to exclude all lumps), the yolks of 6 eggs, and essence of almonds. mix the ground al- monds and sugar well together, and then"
sugar,1910,1,1137,23,4.6288,True,"rice biscuits. take one breakfa,etcupinl each of ground rice, flour, and sugar; beat two tggs well, and add 4ozs. of margarine well creamed, linen add sugar, ground rice, and flour, gradually beathing"
sugar,1910,1,1137,24,4.6319,True,"welsh cheesecake. take the weight of 1 egg in butter and sugar. wrid cream them together. take the ame weight in flour and 1 egg, and add them a little at a time alternately to the creamed butter and "
sugar,1910,1,1137,25,4.6334,True,"webster cake. half a cupful of butter, half a cupful of sugar, 2. eggs, 3 cupfuls of flour, half a cupful of milk, half acupfal of currants, a little nutmeg, 2 teaspoonfuls of baking powder. mix and b"
sugar,1910,1,1137,26,4.6363,True,"macaroon tarts. beat two eggs, and stir into them 2 cuptulsof dessicateci cocoanut; mix well with one cupful of caster sugar. line some patty tins withehort crust pastry, and put 41, teaspoonful of ja"
sugar,1910,1,1137,27,4.6396,True,"good ice cream. take a cupful of milk, and in it beat the yolk of an egg; add a spoonful of cornflour, sugar to taste, and flavouring of lemon or almonds. boil till it thickens into a kind of custard;"
sugar,1910,1,1137,28,4.6446,True,"small sponge cakes. break eight eggs into a pan amongst eight ounces of fine ground sugar, beat up over a stove till very stiff and hght, then take them off and keep beating till cold, and add a few d"
sugar,1910,1,1137,29,4.6452,True,"ground rice cheesecakes. take the weight of one egg in butter, sugar, and ground rice. do not meit the butter. put the rice, sugar, and butter into a basin and beat well together with a broad fork; ne"
sugar,1910,1,1137,31,4.6563,True,"round the kitchen fire. rock buns.-11b. flour, vb. dripping. 1 tea- podnful baking powder, a pinch of salt, fib. moist sugar ilk. currants, 1 egg. sufficient milk to bo to a stiff paste. put the flour"
sugar,1910,1,1137,32,4.6586,True,"good ice cream. take a cupful of milk, and in it beat the yolk of an egg; add a spoonful of cornflour, sugar to taste, and flavouring of lemon or almonds. boil till it thickens into a kind of custard;"
sugar,1910,1,1137,35,4.6846,True,"jam up tg date. take equal quantities of rhubarb and dates but only half the usual amount of sugar, or it will be too. sweet. boil for about an hour, stirring all the time. then pour into pots, and wh"
sugar,1910,1,1137,37,4.6854,True,"lemon. honey. the grated rind azd juice of two lemons, two t,unoes of butter, hall a pound of loaf sugar, one teaspoonful of ground rice, and two eggs. melt the butter in a pan, then add the sugar. le"
sugar,1910,1,1137,40,4.7091,True,"jelly marmal^lje. six pounds of seville oranges, two lemons. pre. serving sugar, cold water. wash and dry the oranges, pare the rind very thinly in ribbons, takiag care not to take any of the white pi"
sugar,1910,1,1137,41,4.7205,True,"turkish delight. take loz. of gelatine and break into pieces, and t.aak in half a ettpful of water for two hours. take i.lb. of sugar and hall a cupfnl of water, and put into a pan au the fire. and wh"
sugar,1910,1,1137,44,4.7262,True,"meringue tartlets. four ounces of castor sugar. 2 whipped whites cf eggs, some short paste, some snitable jam, and a 'little pae...ry ciust.a.rd. line some tartlet tins thinly with the paste, half..."
sugar,1910,1,1137,46,4.7359,True,"soda scones. one pound of fccitti7,--20-z:- of -o-u-tter, loz. of caster sugar, half a teaspoonfu. or carbonate of soda, 1 teaspoonful of cream of tartar, half a pint of milk, a saltsp&onful of salt. "
sugar,1910,1,1137,47,4.7439,True,"ground rice cheesecakes. take the weight of one egg in butter, sugar, and ground rice. do not meit the butter. put the rice, sugar, and butter into a basin and beat well together with a broad fork; ne"
sugar,1910,1,1137,48,4.7498,True,"hot cross buns. take a good oz. of yeaet, and stir it with a tea- spoonful of sugar till it liquefies. bail half a pint of intilk ith 2oz. of butter, and let it, become luke- warm, then etir in the ye"
sugar,1910,1,1137,50,4.7519,True,"simnel cake. this cake is made in three parts. mix titas, ot flour with 4ozs. of butter, 4ozs. castor sugar, and little milk to make a dough. thon roll it to about half an inch thickness. with. the mi"
sugar,1910,1,1137,51,4.7535,True,"...arce and ea:per:3lre these butterflies are a nice addition. ,to the tea table, and are made as follows.—three-quarters of a pound oi dour, ilk). fine sugar, 41b. m"
sugar,1910,1,1137,53,4.7548,True,".... darlington. gingerbread. • a substantial ginger cake can be made at little coisl: the ingredients are :—three ounces of butter, 2 tablespoonfuls of sugar, lb. of syrup"
sugar,1910,1,1137,57,4.7717,True,"banana butter. crush four bananas in a basin with a fork, add the grated rind and juice of 1 large lemoaa, ilb. of butter, ilb. of sugar. then beat up four fresh eggs pour this mixture into a large ja"
sugar,1910,1,1137,58,4.7735,True,"eton pudding. take lilts. ,f read (stale), ib.of moist sugar, 3oz. of suet (fine:y chopped), 1 egg, 1i pints of unlit, a small bundk of rhubarb, juime of one lemon. wipe the rhubarb with a e.tan cloth"
sugar,1910,1,1137,62,4.7811,True,"fruit blancmange. make a rich b!anernare with one quart of milk, 2 teaspoonfuls of cornflour, 3 tablespoonfuls of easter sugar, and flavour with a few drops of lemon. beat up the yolks of three eggs, "
sugar,1910,1,1137,66,4.8005,True,"home-made lemonade. the following rei:ipe (,•osts very little, and the re-- reult is a %ery coc.)l drink :—two quarts of boiling water, 2ibe. of.lump sugar, 202. of citrate acid, a,13,1 3 tables.poonf"
sugar,1910,1,1137,67,4.8071,True,"...redients: one and three-quarter pounds of flour, loz. of mixed spice, loz. of yeast, .3 gills of nink, vb. of butter, tb. of currents. ifb. of easier sugar, and two egg,. mix "
sugar,1910,1,1137,68,4.8075,True,"sponge cake. one polllld of sugar, lib. of eggs (in shell), 14-oz. of flour, lemon flavour. &at sugar and eggs for about 20 minutes, then add flavour, and beat for five, then add flou..."
sugar,1910,1,1137,69,4.8128,True,"...hat fruit is so very dear, gather some rip, elderberries, pick the fruit from stalks. to a pint basin of berries add one tablespoonful of vinegar and sugar to taste. put in the ov"
sugar,1910,1,1137,70,4.8141,True,"sweet orange marmalade. ingredients: four oranges, 1 lemon, lb. of sugar to each fruit, half a pint of water to each fruit. wipe the fruit with a damp cloth. grsie the orange and lemon rinds, cut up t"
sugar,1910,1,1137,73,4.8349,True,"...of two eggs in the shell in butter, isuggar, and flour; half melt the butter, beat the yolks and whites of the eggs separately, mix :the butter is.nd sugar together, the"
sugar,1910,1,1137,75,4.8367,True,"some useful recipes. caci without ego/. —rub • quarter of • pound of good dripping into • pound of sour, add • quartet of a pound of sugar and six ounces of currants. dissolve • quarter of an ounce of"
sugar,1910,1,1137,76,4.8393,True,"household recipes. cornflour cake. two ounces batter, i.lla. sugar, 2 eggs, ;lb. °arm flour, 1 tabbetspoonful 4flour, and 1 fp-i.:spoor/jul of baking powder. melt butter, add sugar, then corn flour, m"
sugar,1910,1,1137,78,4.844,True,"an old-fashioned dark cake. six ,-)-tin-ce-s-;f -b-azt.e.r7,-6-o-z-. el -ca-sle.""; sugar, boz. of flour, 3oa. of raisins' boz. of currants, boz. of sul- tanas,. boz. of mixed peel, 4 large eggs, 1 des"
sugar,1910,1,1137,79,4.8457,True,"delicious plum and apple to eery 111) of plums, 415 o: appf. and to every lib. of fruit ;lb. of sugar. put the fruit and sugar in a pan and let it simmer about half an hour, all the time. put in glass"
sugar,1910,1,1137,80,4.8462,True,".... raisins, 4oz. peel, 407. flour, 'lb bread crumbs, i lemon, nutmeg, loz. citron, 1 eggs, j gill port, i gill milk, 2cz. almonds, ilb. suet, demerara sugar, pinch"
sugar,1910,1,1137,81,4.8485,True,"lemon honey. alb butter, two lemons, 11b. lump sugar, four eggs (fresh if obtainable). take a pan and put water into boil, and then get an ordinary empty 211). jam jar and put in the jar the above ing"
sugar,1910,1,1137,82,4.8542,True,"cup cake. three cups of fl,pur, cups of sugar, -111). of butter, 11b. of currants, toz. of lemon peel, 1 nutmeg, 2oz. yeast, 3 eggs, half teaspoonful of carbonate of soda, id of milk. mix flour a..."
sugar,1910,1,1137,85,4.8596,True,"cinder toffee. one pound of soft sugar, loz. butter, one tea- spoonful vinegar. boil in a sauoepa.n over the fire until done. to know whan it is enough, drop a teaspoonful into a cup of wa..."
sugar,1910,1,1137,89,4.8703,True,"welsh cream cakes. put half a pound of ordinary flour into a large ba-sinprub in 4oz. of butter and 4oz. of lard, a little ealt, -4oz. of sugar, 6oz. of currants, a tea- bpoonful of baking powder, and"
sugar,1910,1,1137,92,4.8749,True,"barley pudding. quarter pound of sooteh barley. wash, an.-1 mer it in water, pour off water, iiald milk, beat up with sugar and nutmeg, a little butter or marrow is a great improvement, put in buttere"
sugar,1910,1,1137,95,4.8845,True,"-0+ a-- sugary sponge cakes. ingredients: 2on. of batter, 2}ez. id caster sugar, two eggs, ,z. ~f flourlntlf teaspoonful 01 baking powder, three drops it ally esse..."
sugar,1910,1,1137,97,4.887,True,"...table recipes and useful suggestions. pancakes.—beat the yolks of three eggs, add one cupful of milk, half a teaspoonful of salt and a teaspoonful of sugar. four one-third of this m"
sugar,1910,1,1137,98,4.8871,True,"cheap scones. put half a pound of hour into a bowl and add 2oss. of sugar, 1 teaspoonful of cream of tariar, half a teaspoonful of carbonate soda, mii well together, and rub in 2ozs. of butter till li"
sugar,1910,1,1137,99,4.888,True,"nice little cakes. beat a quarter of a pound of freali butter to a .ream with 6oz. of caster sugar. now add three well-beaten eggs, flavoured with a little essence of lemon, and, lastly, dredge in lig"
sugar,1910,1,1137,100,4.8897,True,"...ted fruit cake. nub butter or lard into the flour, then add the other ingredients, then the yeast. • put the yeast into a basin with a teaspoonful of sugar. and the pine of flour; add a lit"
sugar,1910,1,1137,105,4.9037,True,"almond icing and white icing for two-tier cake. almond iciug:-41:b7s. of icing sugar, 31bs. of ground almonds, the juice of half a lemon, a few drops of orange flower water, and two eggs. roll the ici"
sugar,1910,1,1137,107,4.9147,True,"rice buns. required: quarter of a pound of caster sugar, quarter of a pound of butter, quarter of a pound of flour, half a pound of ground rice, one teaspoonful of baking powder, half a gill of milk, "
sugar,1910,1,1137,108,4.9164,True,"...1 and juice of 2 large lemons, the white, of 2 eggs, 1 pint water, 3 oz. castor augar, lb. curranta. nlertfo.n.—niritt the gelatine in water, add the sugar"
sugar,1910,1,1137,111,4.9202,True,"...sehold recipes, christmas pudding without sitet. mix sib. of finely-chopped mixed nuts with on. pint of stale breaderumbs, add half a cupful of brown sugar, half of grated nutmeg, and the grated ri"
sugar,1910,1,1137,115,4.9322,True,"some useful recifes, garman. putnam. first cream four ounces of bu....er and the same quantity of sugar together, and beat for seven *mites; itdd three eggs, four ounces of' pastry flour; and a teaspo"
sugar,1910,1,1137,118,4.9361,True,"small sponge buns. break two eggs over a cupful of sugar, beat 20 minutes, then add cupful of flour, one tablespoon- ful baking powder, and if liked two or three drops of essence of lemon. _ • -------"
sugar,1910,1,1137,119,4.9373,True,"rhubarb mould with mock cream. i-l-tew a bunch of rhulia,l; plknity of sugar until tender. mix two level table- spoonfuls of ground rice with a little watkir, ihen add to rhubarb, and allow to cool: a"
sugar,1910,1,1137,120,4.9419,True,"i. noel plum cake. one potrud of flour, 1-1 h each butte.r caller sugar. currauts, and raisins, two eggs (beaten!), half pint milk, teaspoonful ca,rbonate soda, and a little candied peel if liked. bak"
sugar,1910,1,1137,121,4.9423,True,"cocoanut biscuits. quarter of a pound each of cocoanut, flour, ground rice, margarine, and sugar, two eggs, a teas.poonful of baking powder. cream the mar- garine and sugar and add the other ingredien"
sugar,1910,1,1137,123,4.9476,True,"... syllabubs.—reat, a pint of cream to a stiff froth, and divide into three portions on separate plates. to one part add two tableopoonfuls of powdered sugar °lod grated banana; "
sugar,1910,1,1137,124,4.9497,True,"... currants. 11b. !augur. 1 teaspoonful oarbonaie of soda, 4 pint milk. 3 tablespoonfuls brown vinegar. rub the butter into tho flour, add curranis and sugar. then add the earbonate of soda. and"
sugar,1910,1,1137,134,4.9618,True,"scrap bread pudding. half a pound pieees of bread, 1 pint of milk, 1 or 2 eggs, 2 or 3oz. of sugar, 2oz. of currants, 2oz. of raisins, 1 pinch of nutmeg, half a tea-spoonful oi salt, loz. of shredded "
sugar,1910,1,1137,136,4.9725,True,"...y's recipe. appli tittru.—pare, core, and quarter three or four large apples, and cut each quarter into two thinner sections. boil • tablespoonful of sugar in • teacupful of water for five minute"
sugar,1910,1,1137,139,4.9796,True,"penny sponge cakes. prepare two moulds by coating them well with warm butter, dust tins generously with equal parts of sif led flour and castor sugar, covering elieniy. when the moulds are coated rap "
sugar,1910,1,1137,141,4.9845,True,"dutch butter. dissolve foz. of gelatine in, nail a pint of water, buz. of loaf sugar, 2 egg!? (well beaten), the rind of one lemon, the, juioe'of two. placc all into a lined sauoepau, and heat until t"
sugar,1910,1,1137,142,4.9857,True,"m. thompson, grosmont., r.s.o. one pound butter, 10ozs. sugar, lib. mixed peel (cut fine), lb. almonds, 141bs. currants, whs. flour, 9 eggs (well beaten), 1 teaspoonful cinnamon, 1 tea- spoon mace, 1)"
sugar,1910,1,1137,143,4.99,True,"...table recipes and useful suggestions. pancakes.—beat the yolks of three eggs, add one cupful of milk, half a teaspoonful of salt and a teaspoonful of sugar. pour one-third of this mix"
sugar,1910,1,1137,146,4.9952,True,"honeymoon tart pure and core gs many apples as will be re. (mired, and stew with veizir little water and sugar to tte. put into a basin one egg and two tableslx)onfuls of sugar. beat thoroughly togeth"
sugar,1910,1,1137,147,5.0004,True,"sandwich cakr a quarter of a pound of butter, 41b. of cater sugar, 2 eggs, 2 tablespoonfuls of self-raising flour. bake on two buttered plates.. when cold spread the bottom of one with raspberry jam, "
sugar,1910,1,1137,148,5.0044,True,"butter cream toffee. into a well-buttered pan put 11b. of brown sugar, pb. of butter, half a. teacupful of treacle. let this melt; then add one gill of cream and the white of one egg well whisked. let"
sugar,1910,1,1137,151,5.0086,True,"...up.—half-a-pound neck mutton, i cupful rice, 1 carrot, 1 turnip. 24 pinto water or t.rock. 2 large onions, 1 tablespoonful dripping, 1 teaspoonful of sugar, salt, an"
sugar,1910,1,1137,154,5.0155,True,"green tomato jam. cut the tomatoes small., and put in. preserving pan, bringing slowly to the boil. allowing to boil 20 to 30 minutes. then add the sugar (lib. of sugar to lib. of tomatoes), the juice"
sugar,1910,1,1137,158,5.0301,True,"...ke. ingredient. :—lb, butter, two eggs, one teaspoon- ful baking powder, one cupful of flour, 41b. shelled walnuts, a little osergt, cream butter and sugar together, add one egg-at a time, mi"
sugar,1910,1,1137,159,5.0333,True,"vegetable marrow jam. this recipe is improved by the addition of apples. allow for 41b. vegetable marrow, 41b. of apples, 31b. white sugar, ounce ground ginger, 1 large lemon. peel the marrow and remo"
sugar,1910,1,1137,160,5.037,True,"household recipes, christmas pudding without eggs. mix well traitether lb. each of dour, currants, raisins, breadcrumbs, finely-chopped suet, and sugar; add half a teaspoonful of baking powder and a p"
sugar,1910,1,1137,161,5.0375,True,"meringue tartlets. four ounces of castor sugar. 2 whipped whites cf eggs, some short paste, some snitable jam, and a 'little pae...ry ciust.a.rd. line some tartlet tins thinly with the paste, half..."
sugar,1910,1,1137,165,5.0515,True,"blackberry trifle. gather some ripe blackberries, place them in a rued saucepan with sufficient loaf sugar to sweeten them, arid a little water, cook gently until tender. break up some some stale cake"
sugar,1910,1,1137,166,5.0563,True,"snow easter cares. a pound of arrowroot, quarter of a pound of powdered white sugar, quarter of a pound of butter, the whites of three eggs, flavouring to taste. beat the butter to a croam, stir in th"
sugar,1910,1,1137,167,5.0564,True,"household reci sand cakes. beat ilb. of butter with 4oz. of sugar to a orearn, then add 1 egg. add to this graduai,ly zoz. of corn- flour, then another egg, and then gradually zoz. of flour. beat well"
sugar,1910,1,1137,169,5.0601,True,"economic recipes. now that castor sugar !s so eic.pensive the follow- ing hint mey prove useful. get coszre sugar, put a$ many tablespoonfuls in a basin as you requiis for your es.kes, add ..."
sugar,1910,1,1137,171,5.0613,True,"...usehold recipes, lihe prize.-winners arc mts a jolanson, mrs a. stobbart, miss l. wilkinson. date loaf. loaf. one and a 'tali pounds of flour, vb• of sugar, 11h. of dates, il"
sugar,1910,1,1137,172,5.0622,True,"easter cake. beat 6oz. each of butter and sugar to a cream; add four eggs, well-beaten; to aide add lbs. of ell:rens% and ilb. of candied peel (rnized) minced finely. sift in 1b of flour and 1 teas..."
sugar,1910,1,1137,173,5.0653,True,"cheap spice bread. a pound and a half of flour, 2id; 1 nutmeg, id; lb. sugar, id; 111). currants, 3d; ilb. lemon peel, ld • ilb. lard, 2d; 41b. margarine, 2d; 4 eggs, 3d; baiting powder, id; half pint"
sugar,1910,1,1137,174,5.0694,True,"...inie,. take 6 drachms of eg-isence of cayenne, eight drachms of essence of ginger, an ounce and a half of tartaric acid, and twor,,n.nyworth of burnt sugar, and put them all together in a teac"
sugar,1910,1,1137,177,5.0833,True,"cookery corner. some useful recipes. to make chocolate cream: take 1 pint cream (double), 3oz chocolate, gill milk, 2oz. sugar, ioz. gelatine, 1 teaspoonful essence of vanilla. soak the gelatine in th"
sugar,1910,1,1137,178,5.0893,True,"golden cake. six iitittpees of rl—ottic, et.x. a.stor sugar, half a teacupful of miik, one well-beaten egg, one table. sptponitil marmalade, half a te-aspoonful of car- bonate soda, half a teaspoonful"
sugar,1910,1,1137,179,5.0899,True,"a yeasty spice-loaf. flout, kib. butter or lard, pb. sugar. currant ib. raisins, loz. lemon pee!. 2 eggs, and 2ozs. yeast. mix all well together and put the mix- ture into one large tin; set it to ris"
sugar,1910,1,1137,180,5.0919,True,"delicious lemon pudding take the yolks of :six eggs well b,aten, with a quarter of a pound of sifted sugar, take a quarter of a pound of butter melted in aci little water as possiblk; be careful not t"
sugar,1910,1,1137,181,5.0941,True,"almond icing and white icing for two-tier cake. almond iciug:-41:b7s. of icing sugar, 31bs. of ground almonds, the juice of half a lemon, a few drops of orange flower water, and two eggs. roll the ici"
sugar,1910,1,1137,182,5.0951,True,"...table recipes and useful suggestions. pancakes.—beat the yolks of three eggs, add one cupful of milk, half a teaspoonful of salt and a teaspoonful of sugar. pour one-third of this mix"
sugar,1910,1,1137,185,5.1006,True,"gooseberry cream. stew one quart of green gooseberries with 6oz. of sugar and just enough water to prevent their burn- ing. when quito 'soft rub through a sieve into a basin, add a pint of cream or ha"
sugar,1910,1,1137,186,5.1012,True,"ground rice cheesecakes. take the weight of one egg in butter, sugar, and ground rice. do not meit the butter. put the rice, sugar, and butter into a basin and beat well together with a broad fork; ne"
sugar,1910,1,1137,189,5.1103,True,"ginger wine. put pounds of sugar ,to i quart of hot water and 2 quarts of cold water, then add 2d of essence ginger, id essence cayenne, id essence of .lemon id tartaric acid. put a ..."
sugar,1910,1,1137,190,5.1131,True,"(to hs continued). gooseberry trifie.—ono quart gooseberries ;lb. sugar. pint custard, 3 penny sponge buns, pint cream, • little piuk sugar. pick the gooseber- ries. then sash them, and put in a pan w"
sugar,1910,1,1137,192,5.1204,True,"chocolate pyramids. beat the whites of two eggs to a very stiff froth, stir into it ilb. of easter sugar and 2oz. of grated chocolate; if not stiff enough add a little flour. put a e.heet of oiled pap"
sugar,1910,1,1137,193,5.1274,True,"...raisins, 4oz. peel, 4oz. flour, hb bread crumbs, 1 lemon, nutmpg, loz. citron, 4 eggs, gill port, 1 gill milk, 2oz. almonds, lib. suet, ;lb. demerara sugar, pinc"
sugar,1910,1,1137,197,5.1404,True,"rhubarb chutney. take 2111 s. of rhubarb, of dates, 2:be.. of sugar (brown if possiblie4, 2 lemons, loz. of garb), loz. ofsajlt, loz. of ginger, 1 pint of vinegar, and hail a teaspoonful of cayenne. c"
sugar,1910,1,1137,201,5.1487,True,"almond icing and white icing for two-tier cake. almond iciug:-41:b7s. of icing sugar, 31bs. of ground almonds, the juice of half a lemon, a few drops of orange flower water, and two eggs. roll the ici"
sugar,1910,1,1137,202,5.1504,True,"replies. various sauces. brown sues: take 2025. melted butter, lee. of flour, a little boiling wate.r, pepper and salt to taute, a teaspoonful of sugar. put the butter ea a frying pan, wet as it niete"
sugar,1910,1,1137,203,5.1535,True,"easter cake. three and a half heaped breakfastenpfuls of flour, 2 cupe of sugar, ilb lard, half teaspoonful of salt, 2 teaspoonfuls baking powder, id of yeast. not quite a pint of milk, i.lb. currants"
sugar,1910,1,1137,204,5.1552,True,"rice cake. a quarter pound of buttkr, sib. of tine sugar. alb. of ground rice, 3oz. of flour, 2 eggs, half a tea- spoonful of baking powder, grated rind of half a lemon, and a little milk. cretan butt"
sugar,1910,1,1137,205,5.1553,True,"household recipes. • marguerite pudding. two ounces each of sugar and suet, 11.). of flour, 1 ogg, sod a teaspoonful of baking powder. miz with a little milk, and steam one hour in a basin lined with "
sugar,1910,1,1137,207,5.1631,True,"rice lemon pudding. sbew a ilb. of rice till tender in a pint of milk, add 2oz. of butter, 2oz. a sugar, the yolk of i egg. and the grated rind of a lemon. !;fix weft put into a pudding dish, and bake"
sugar,1910,1,1137,208,5.1692,True,"household recipes, orange cake. beat 2oz. of butter and same uf sifted sugar to cream, then add two well-beaten eggs, 4os. of sifted flour. and the grated rind and jtnee of one large orange. beat thor"
sugar,1910,1,1137,209,5.17,True,"replies. raspberry buns. two pounds ,a plain flour loz. of cream of tartar, lb.of lard, oz. .of hi-carbonate of soda, ab, of sugar, 1 egg, 1 pint of milk (or malf milk, halt water), a few drops of ess"
sugar,1910,1,1137,211,5.1726,True,"... beef, llb. of salt, of saltpetre, loz. of salt prunella, 41b. of bay- salt, ioz. of white peppercorns, oz. of cloves, three bayleaves. ilb, of brown sugar, z"
sugar,1910,1,1137,215,5.1874,True,"rock cakes. half a pound of flour, ilia. of butter, 3oz. of sugar, kib. of currants, loz. of candied peel, 1 teaspoonful of baking powder, i egg, 1 tablespoon- ful milk. rub the butter into the flour,"
sugar,1910,1,1137,218,5.1966,True,"marmalade. requital twelve seville oranges, four sweet oranges, two lemons, ten pounds of loaf sugar, six quarts of cold water. wash and wipe the oranges and lemons, then peel them. remove as much pit"
sugar,1910,1,1137,220,5.1997,True,"small tea cakes. melt in a basin one and a half ounces of but- ter; add a good tablespoonful of sugar and mix well; add eight ounces of self-raising flour, one beaten egg, and a small teacupful of mil"
sugar,1910,1,1137,221,5.2072,True,"household hints. 1 ____.... flowers will keep fresh for a longer time if a i prevert fruit from smastung up whilst cook. little sugar iaadded to the water,/ ing, place the raw fruit into a fair sired "
sugar,1910,1,1137,222,5.2103,True,"...inie,. take 6 drachms of eg-isence of cayenne, eight drachms of essence of ginger, an ounce and a half of tartaric acid, and twor,,n.nyworth of burnt sugar, and put them all together in a teac"
sugar,1910,1,1137,223,5.2108,True,"easter eggs. one pound of icing sugar, ans orange, one table- spoonful of cream, and a few drops of saffron colouring. pass the sugar through a sieve, squeeze and strain the juice from th..."
sugar,1910,1,1137,226,5.2165,True,"lfouseboto necipes. rothesay pudding. one capful of bread crumbs and suet, 2 table- spoonfuls of flour, 1 tablespoonful of sugar, c. tablespoonfuls of treacle, 1 teaspoonful of car- ioca-late of soda,"
sugar,1910,1,1137,228,5.2192,True,"green tomato jam. cut the tomatoes small., and put in. preserving pan, bringing slowly to the boil. allowing to boil 20 to 30 minutes. then add the sugar (lib. of sugar to lib. of tomatoes), the juice"
sugar,1910,1,1137,229,5.2234,True,"...ke. ingredient. :—lb, butter, two eggs, one teaspoon- ful baking powder, one cupful of flour, 41b. shelled walnuts, a little osergt, cream butter and sugar together, add one egg-at a time, mi"
sugar,1910,1,1137,231,5.2342,True,"ginger wine. put pounds of sugar ,to i quart of hot water and 2 quarts of cold water, then add 2d of essence ginger, id essence cayenne, id essence of .lemon id tartaric acid. put a ..."
sugar,1910,1,1137,234,5.238,True,"gooseberry dowdy. butter a ckep p.e-d,sh and 11e t with finely- grated breadctumbs. next put in a layer of half stewed goo&cbernes, scatter with sugar and a qqneeze oi lemon juice, then breaderumbs, a"
sugar,1910,1,1137,236,5.2414,True,"household recipes, lemon cockle buns. iv-..at 4oz. of butter and sugar like areani, add two eggs well whisked, then add gradually 4oz. of tiout and own& of comflour, and one teaspoonial ot brig powder"
sugar,1910,1,1137,238,5.2487,True,"household recipes, butterscotch. p.,lbari of brown sugar with halt a p:nt water into whi(..h two tallespoonfuls of viaegar have been stirred. put into a porcelain-lined r.r agate saucepan, and cook fo"
sugar,1910,1,1137,240,5.2583,True,"black currant jam. to each quart of black currant; add orhe pint of water and boil twenty minutes. then add 31bs. of sugar for each quart of fruit, and let boil for five inin,utes, stirring well all t"
sugar,1910,1,1137,251,5.2998,True,"lfouseboto necipes. rothesay pudding. one capful of bread crumbs and suet, 2 table- spoonfuls of flour, 1 tablespoonful of sugar, c. tablespoonfuls of treacle, 1 teaspoonful of car- ioca-late of soda,"
sugar,1910,1,1137,252,5.301,True,"...ea is a fine summer beverage. it is not much trouble to make a supply of this simple cooling drink about twice a week, and it only costs the price of sugar"
sugar,1910,1,1137,254,5.305,True,"home hints. ---4 s, jam-making. boil flat fruit first and skim well, as the scull irises from the fruit an.d not from the sugar. %lea icinirning is completed add ilh. of sugar to every hound ot fruit."
sugar,1910,1,1137,257,5.3161,True,"dutch butter. dissolve foz. of gelatine in, nail a pint of water, buz. of loaf sugar, 2 egg!? (well beaten), the rind of one lemon, the, juioe'of two. placc all into a lined sauoepau, and heat until t"
sugar,1910,1,1137,258,5.3184,True,"preserves and fruits. raspberry. jam: this fruit should be preserved quite dry. thigh uhe fruit and boil 41 quarter of an hour; 'add 'lbs. of sugar ito lib. of fruit. boil again, not trnore than half "
sugar,1910,1,1137,259,5.325,True,"carrot marmalade. out' and hall pounds of carrots, two small lernons, 4lbs. of sugar. shred your carrots with a suet shredder. put into saucepan with enough cold water to cover. cook till tender—about"
sugar,1910,1,1137,260,5.3252,True,"round the kitchen fire. queen cakes. hers. flour, 2ozs butter, lose. currants, 2 eggs, 4 teaspoonfuls baking po‘nder and a little milk, 3ozs. sugar. beat butter and sugar to a cream, add flour and egg"
sugar,1910,1,1137,261,5.3255,True,"round the kitchen fire. queen cakes. hers. flour, 2ozs butter, lose. currants, 2 eggs, 4 teaspoonfuls baking po‘nder and a little milk, 3ozs. sugar. beat butter and sugar to a cream, add flour and egg"
sugar,1910,1,1137,265,5.3385,True,"laundry hints. two ar three lumps of sugar added to boilfd starch will make the eloth,es stiffer and more gloasey. a teaspoonful of turpentine or kercksvo. added to very quo.rt of starch, eith..."
sugar,1910,1,1137,266,5.3394,True,"cookery corner. sonic useful recipes. to make chocolate cream: take 1 pint cream (double), 3oz. chocolate, gill milk, 2oz. sugar, ioz. gelatine, 1 teaspoonful essence of vanilla. soak the gelatine in "
sugar,1910,1,1137,267,5.3397,True,"lemon cheesecakes. put one tablespoonful of good butter or marga- tint:, and one tablesporneul of sugar or more if liked, and place in a basin on top of a n‘ arm stove to melt. and then add a teaspoon"
sugar,1910,1,1137,268,5.3399,True,"e. simms, 18, talbot-street, middlesbrough. compote of apples. take six ripe apples, one lemon, half a pound of lump sugar, half a pint of water. select the apples of a moderate size, peel them in hal"
sugar,1910,1,1137,272,5.3436,True,"...ea is a fine summer beverage. it is not much trouble to make a supply of this simple cooling drink about twice a week, and it only costs the price tf sugar"
sugar,1910,1,1137,274,5.3449,True,"barley pudding. quarter pound of sooteh barley. wash, an.-1 mer it in water, pour off water, iiald milk, beat up with sugar and nutmeg, a little butter or marrow is a great improvement, put in buttere"
sugar,1910,1,1137,276,5.3481,True,"• • • pancakes. add one beaten-rap•egg a 2,1 a hide salt to of medon-pail's self-raising flour. lli.isolve a toar,poonful of sugar in abollt 14 riots of milk. beat up the flour and egg well in. °tie h"
sugar,1910,1,1137,279,5.3584,True,"tasty custard pudding. take a pint of new milk, oz. of sugar (or else eight or nine lumps), 1 teaspoonful of flour, a piece of fresh butter (about the size of a walnut), and custard powder. inix in a "
sugar,1910,1,1137,281,5.3603,True,"cookery corner. some useful ilecipes. to make chocolate cream: take 1 pint cream (double), 3oz. chocolate, gill milk, 2oz. sugar, loz. gelatine, 1 teaspoonful essence of vanilla. soak the gelatine in "
sugar,1910,1,1137,283,5.3627,True,"mincemeat. one pound of currants, lib. of apples (chopped fir), lib. of suet (chopped fine), lib, of moist sugar, 41b of raisins (stoned and chopped fine), the iutoe of threv oranges end two lemons, w"
sugar,1910,1,1137,284,5.3657,True,"currant souffles. it. lb. currants, 1 gill cream, 2 whites of eggs, a little cherry, sugar to taste. arid water. alamou.—carefully stew the currants in the water and sugar (syrup) reserve a few whole "
sugar,1910,1,1137,285,5.3672,True,"household recipes. delicious chocolate cakes. bn to a cream lib. of butter, }lb. of sugar, add two well-beaten eggs, (ioz. of flour, and one tea, spoonful of baking powder. mix well, and bake in a dri"
sugar,1910,1,1137,286,5.3677,True,"...winners :—.nlr.4 parking- ton, miss e. ""shotton, mrs mackay, mr,, barker.] • quaker oats biscuits. four ounces of quaker oats, 4oz. of flour, loz. of sugar,"
sugar,1910,1,1137,288,5.3731,True,"...--p-inewp7le-cin—ta-e-,-;:ix ounces of cake or biscuit crumbs, two eggs, two ounces of t.tgar, and one and a half gills of irtilk. mix the crumbs and sugar together."
sugar,1910,1,1137,290,5.3807,True,"gooseberry fool. stew one quart of gooseben.lei ill sufficient water to cover them, an.d add sugar to taste. when tender pass through a sieve, stir in half a pint ot cream—or half cream and half milk—"
sugar,1910,1,1137,293,5.3875,True,"...ound o potato flour, b. itted fiigar, 6ozs. butter. 4 eggs, 1 level teaspoonful of baking soda, 1 dessertspoonful of cream of tartar. boat butter and sugar to a"
sugar,1910,1,1137,295,5.3893,True,"cookery corner. some simple summer drinks. sherbet, that old favourite of our early cliihl- hood, can be easily made at home. mix half a pound of sugar and sixty drups of essence of lemon, and dry tho"
sugar,1910,1,1137,300,5.4008,True,"chocolate pyramids. beat the whites of two eggs to a very stiff froth, stir into it ilb. of easter sugar and 2oz. of grated chocolate; if not stiff enough add a little flour. put a e.heet of oiled pap"
sugar,1910,1,1137,301,5.4019,True,"banana sweet. ...... i,:ieht sponge rs. four bananas, one pint of milk, two leaves oi ~..latine, sugar, one alid a lr.tif tablespoonfuls of en:lard powder, jam, or line a mould with sponge fingers, an"
sugar,1910,1,1137,302,5.4037,True,"13utter cake. 100. flour, 4oz. sugar, 3oz. butter, 2 eggs, a tea. spoonful baking powder, half a cup milk. beat butter and sugar together, add eggs (well beaten). mix baking powder with ..."
sugar,1910,1,1137,305,5.4095,True,"hot cross buns. take a good oz. of yeaet, and stir it with a tea- spoonful of sugar till it liquefies. bail half a pint of intilk ith 2oz. of butter, and let it, become luke- warm, then etir in the ye"
sugar,1910,1,1137,306,5.4101,True,"almond sfmnels. cream 111). of 'butter, 11b. of sugar together. then add 8 eggs, and beat well; then mix 11b. of flour, lib. of eurrante lb. of chopped almonds, and the grated rind of one lemon all to"
sugar,1910,1,1137,307,5.4147,True,"summer drinks. ginger beer: two ounces of ginger bruised, two lemons sliced, one end a half pounds of sugar, two ounces of cream of tartar, to he boiled hall' an hour in two amd half gallons or water."
sugar,1910,1,1137,308,5.4148,True,"...y's recipe. appli tittru.—pare, core, and quarter three or four large apples, and cut each quarter into two thinner sections. boil • tablespoonful of sugar in • teacupful of water for five minute"
sugar,1910,1,1137,309,5.4171,True,"war-time cake. one pound ol• dour, raisins. ;ib. currants, boyd,. sugar (browns, a wineglassful of vinegar, one teaspoonful of earlmnate of soda 1111- solved in warn; milk. beat sugar and lard to crea"
sugar,1910,1,1137,310,5.4246,True,"...ente: anu half p(urtd 4illllm, (dried and free from lumps), 11b. of butter, lbil)s. t)c currants, ,;lb. or sultanas, lib. of candied pe,i, lb of dark sugar 2 tabiespooniul"
sugar,1910,1,1137,311,5.4276,True,"my christmas spice loaf. ingredients required: one pound ut batter, 1 tablespoonful of lard, lilbs. of sugar, 2lbs. of cur- tants, '11). of lemon peel, ;,ib. whole almonds, 1 nut- int.4. 1 glass of ru"
sugar,1910,1,1137,313,5.4315,True,"cream cake. four ounce's eastor sugar, 2oxx. butte.r. flour, 2 eq.gq. half a teaßpoonful of baking powder. boat sugar and butter to a cream, add eggs. wor .)eaten. then flour and baking p..."
sugar,1910,1,1137,316,5.4494,True,"corn bread. two cups of sifted indian meal, 2 cups of flour, 1 oup of sugar, cup of shortenings 1 teaspoonfulof salt. mix well together, then add 2 eggs, well beaten, and enough sour or butter incilk "
sugar,1910,1,1137,318,5.4598,True,"bridescake. three pounds flour, 311 s. curratre, 2ilbs. castor sugar, lilbs. butter, ill). a.nionds, bib. each of citron peel, a little nutmeg (grated), 1 teaspoon- ful or haking powder, 12 eggs, a li"
sugar,1910,1,1137,323,5.495,True,"currant souffles. 'ob. currants, 1 gill cream, 2 whites of egga little, sherry, sugar to taste, and water. mettlod.—carefully stew the currants in the water and sugar (syrup) reserve a few whole curra"
sugar,1910,1,1137,324,5.5045,True,"fluffy cakes. beat 4oz. of butter and 3oz. of sugar to a cream, add loz. of cornflour and 1 egg (well-beaten), then, add lbs. of self-raising flour and 1 egg. beat all well again, add one teaspoonful "
sugar,1910,1,1137,328,5.5202,True,"brandy snap. i,as sold at fairs and ilirings.) fir •=t, we!l grease. a tin. put into an enamelled saucpan 2oz. of sugar and 2oz. of treacle. let tlitin dissolve, add 2oz. of flour, 2oz. of butter, one"
sugar,1910,1,1137,329,5.5241,True,"cookery corner. some simple summer drinks. sherbet,. that old favourite of our early child- hood, can be easily made at home. mix half a pound of sugar and sixty drops of essence of lemon, and dry tho"
sugar,1910,1,1137,330,5.5311,True,"lemon tartlet. some good short crust or puff pastry to line the tartlet. tins. for the mixture 20z8. butter, 2 'eggs, .lb. sugar, 2 lemons, 1 tablespoonful of flour; line a tartlet. tin with pastry; n"
sugar,1910,1,1137,331,5.5339,True,"butter cream toffee. into a well-buttered pan put 11b. of brown sugar, pb. of butter, half a. teacupful of treacle. let this melt; then add one gill of cream and the white of one egg well whisked. let"
sugar,1910,1,1137,334,5.5601,True,"... apple chutney. i have made my chutney i lhe following man- ner for years, and .r.t is always appreciated :-11b. apples, llb. onior.s, 1 cup demerara sugar, 1 cup currants, 1 cup sultanas, 1 t"
sugar,1910,1,1137,335,5.5691,True,"coltsfoot wine. allow 2 quarts of flowers to 1 gallon of water, 4th. ot sugar, 3 oranges, and 1 lemon, oz. of isinglass to every 6 gallon. put flowers and water into a par cold, and allow it to boil 2"
sugar,1910,1,1137,338,5.5907,True,"chocolate roll. take 2 tablasponfuls of flour' the same of caster sugar, 1 small toaspocieful of baking powder, and 2 teaoponfuls of ch.oo4ate powder. mix the dry ingredients thoroughly, then add two "
sugar,1910,1,1137,339,5.5949,True,"orange nut squares. beat to a cat frotu .we egg. adding gradually one cupful of brown sugar and a pinch eaeh of salt and baking soda, very little of the latter. when smooth and cream; flavour with ora"
sugar,1910,1,1137,341,5.5962,True,"canterbury puddings. mel' 2oz. cf baiter, then stir into it gradually two well-beaten eqzs. add 2oz. each of sugar and hour, and a squeeze of lemon juice. at the last moment stir in a pinch of bakir.,"
sugar,1910,1,1137,342,5.5989,True,"raspberry wlm. ptrt 31t,s. of lump sugar in a bowl, add 2 quarte of bailing water, 3 dralams of essenoe of cayenne, ;oz. of e*lsenee of raspberry, and a pennyworth of burnt sugar. mix well, ..."
sugar,1910,1,1137,347,5.6185,True,"athelstane cake. quarter of a pdutri:a of butt3r, 4oz. af caster sugar, eggs, four ounoes of flour, tosercee of lerinou, cocliineal. beat butter and sugar to a e.ream, add s. boating well; now add a f"
sugar,1910,1,1137,351,5.6295,True,"hot cross buns. take one ounce of yea• f.-t and sttr it with a tea, spoonful of sugar until quite liquid. make one pint oi milk lukewarm, a.nd stir into the yeast, then form a soft dough with a pound "
sugar,1910,1,1137,352,5.6311,True,"marrow jam. to ever 2, puurid of marrow add 11b. 01 sugar, 1 lennon, and i. teaspoonful of ground ginger. peet an:l core the marrow, an i cut up into cubes, place in ,e, large bowl, and put the sugar "
sugar,1910,1,1137,354,5.6335,True,"household hints, when chopping mint for fa licp, if the sugar ie to sweeten it is added it will be found to half the time., if you wish to bring out the flavour of vegew, to perfection, add a teaspoon"
sugar,1910,1,1137,355,5.6425,True,"whipped cream. take the wiatites of ,:.wo fro•ili eggs, a gir.rl of cream, and a of fine sugar. nix thorn together, and flavour to taste. whip it up with a whisk and time lemon peel tied up iti the mi"
sugar,1910,1,1137,356,5.6437,True,"fat billy's victory. =i 1 when a cup of strong tee is required, instead of putting an extra apoonful of tea in the pie add one lump of sugar. it opens the leaves, and will make me tee much stronger. s"
sugar,1910,1,1137,357,5.6438,True,"coffee puddings. thiia eoonoutical, as lio oven is required or long hours cooking. boat 202. of butter and 2oz. of sugar to a cream with a tablespoon, but better done with a wooden epoon. drop in one "
sugar,1910,1,1137,358,5.6442,True,"_ mrs wright, main-street, shildon. preserved oranges. oranges; to every pound of juice and pulp allow mhs. of lcxtf sugar, to every pint of water ilb. of sugar. wholly grate or peel the orange& takin"
sugar,1910,1,1137,361,5.6521,True,secrets of taste. taste is curiously localised in the mouth. pat a lump of sugar on the tip of your tongue and you will find it distinctly sweet. then try it half-way back on the tongue and you will f
sugar,1910,1,1137,362,5.6549,True,"...e kitchen fire. orange patties.--quarter pint cream. pint orange juew. ion. gelatine, tablespoonftd own four, grated rind 2 oranges, 20r. or sox loaf sugar, 2 yolks of egg., 11b puff pastry. 8"
sugar,1910,1,1137,364,5.6601,True,"lemon buns. ralf a pound of flour, 3oz. of sugar, 1 teaspoonful of baking powder, 2oz. of butter, 1 lemon, 1 egg, and 2 tablespoonfuls of milk. grease a baking sheet. cut loz. of sugar on a plate. m..."
sugar,1910,1,1137,367,5.6655,True,"ginger wine. seven and & half li.ounds of mashed lump sugar, gtoz. of isingliass. the rinds of 4 lemons, and five gallona of water. put the water into a boiler, and tlaen add tli.e sugar and the white"
sugar,1910,1,1137,368,5.6768,True,"angel puddings. two ounces o: flour, 2ozs. castor sugar. and 2..01a. o butte, nl,eited in a gill of milk. beat the yolks of two eggs with the milk, and whi.4 the ni-thitea until th(2-y are .a stiff fr"
sugar,1910,1,1137,369,5.6821,True,damson jelly. boil damsons and sugar to taste till tender. pulp through a colander; dissolve some gelatine or isinglass in a little water. sts into he hot liclikd; pour into a shape prev...
sugar,1910,1,1137,370,5.6876,True,"penny etponge cakes. prepare two moulds by coating them woll with wa!rm butter, dust tin!: generously with equal p,rtb of sifted flour arsd castor sugar, eovering cvenly. when the moulds are eoated ra"
sugar,1910,1,1137,373,5.7032,True,"fruit glazing. crush some ripe fruit and strain the juice from it. put some icing sugar into a .basin, and stir the juice in slowly till at beoomes as thick as cream. efferverseing fruit 'sal'ine: qua"
sugar,1910,1,1137,376,5.7058,True,"apricot buns. two ounces of margarine, same of sugar and flour, one egg, one teaspoonful of apricot jam, 'half a teaspoonfui of baking powder, one tablespoonful of milk. mix thorough, vut in well-grea"
sugar,1910,1,1137,378,5.7109,True,"ginger wine. put 2lbp. of sugar into a bawl, add three quast-* ot boiling water; rs soon the futarie dielsolyed and 2 draclunt; of ec-isenre of cayenne, 4 drachms vispaiee ot gingkl..."
sugar,1910,1,1137,381,5.7131,True,"velvet creak three-quarters of an ounce of gelatine, zoz. of 'pastor sugar, 1 glass of eherr2„- wine, the rind of 1 lemon grated, ;-pint of double cream, 1 gill ot water. melt the gelatine in 1 gill o"
sugar,1910,1,1137,382,5.7206,True,"red currant jelly. six pounds of red currants, 11b. of sugar to each pint of syrup. method: remove the stalks from the currants, and put the currants into a stew jar; c!osely cover and stand the jar i"
sugar,1910,1,1137,384,5.7235,True,"snow easter cares. a pound of arrowroot, quarter of a pound of powdered white sugar, quarter of a pound of butter, the whites of three eggs, flavouring to taste. beat the butter to a croam, stir in th"
sugar,1910,1,1137,386,5.7313,True,"almond cake. two cupfuls of flour, 1 cupful of .sugar, ilb. of butter or margarine, 2oz. of altnonds or walnuts, half a teaspoonful of allspice or nutmeg, 1 tea- spoonful of baking powder, half a teas"
sugar,1910,1,1137,387,5.7363,True,"economic recipes. now that castor sugar !s so eic.pensive the follow- ing hint mey prove useful. get coszre sugar, put a$ many tablespoonfuls in a basin as you requiis for your es.kes, add ..."
sugar,1910,1,1137,389,5.743,True,"christmas cake. place .12oz. of butter and 12oz. of castor sugar in a bowl .and beat to a cream; sift lilb. of flour in slowly, add 21b. oficurrants, ikb. of mixed peel, chopped fine, 4oz. of, ground "
sugar,1910,1,1137,391,5.7517,True,"...s. o,ne pound of flour, 11b. ooar:-:e oatmeal, ill). lard lib. dark treacle, a small tablespoonful baking powder, a ,ffiall tablespoonful of ground i sugar. mix dry ingredient"
sugar,1910,1,1137,393,5.7623,True,"currant souffles. 'ob. currants, 1 gill cream, 2 whites of egga little, sherry, sugar to taste, and water. mettlod.—carefully stew the currants in the water and sugar (syrup) reserve a few whole curra"
sugar,1910,1,1137,403,5.7843,True,"household recpes. cookies. cream a cup of sugar and an egg together. work 2oz. of butter until soft, and mixed well with the eugar and egg; add a gill of milk, a little grated nutmeg, or enough to ..."
sugar,1910,1,1137,404,5.7855,True,"1 eacak es. the following i nt-ait-t-b...ie-e-ti-mes a week to sell:- 1%14e pounds of flour, 6oz. each of sugar and lard, loz. of salt, 2oz. of lemon peel, boz. of currant, half a grated nutmeg, 4oz. "
sugar,1910,1,1137,407,5.7889,True,"...ehold hints. a little bicarbonate of soda added to fresh mill, helps to prevent it from turning our. when pickling red cabbages add two teaspeouf, of sugar to each pot, and it will make it a beau:"
sugar,1910,1,1137,409,5.7926,True,"household recipes. fruit salad for children. line a good-sized glass dish with bananas sliced, sprinkle a little cafter sugar over, then slice two oranges very thin, and add sugaz thickly over; re pea"
sugar,1910,1,1137,413,5.8086,True,"...lb. of good cooking apples. cook them in a saucepan with a little water until they are soft. crush them, weigh 40z., put back in the pan, add 2oz. of sugar a"
sugar,1910,1,1137,414,5.8136,True,"rice loaf. „. mix together 1 cupful of flour. 1 cuprtil of ground and 2 teaspoor2fuis of bzking pbwder. beat b. of margarine and 1 cupful of sugar to a cream, •ind add it to the dry ingrt:dients; add "
sugar,1910,1,1137,417,5.8174,True,"almond cake. ingradient.: half a pound of butter or margarine, db. of sugar, .2 eggs, 207.. of ground almonds, 207.. of shelled walnuts, lib. of sour, 2 teaspoonfuls of baking powder. beat butter and "
sugar,1910,1,1137,418,5.8177,True,"delicious milk chocolate. dissolve in hot milk 307. of unsweetened choeio- lats. add a prsumod of prifteici powthkrecl sugar, and mix thoroughly. work to a stiff, yet pliable pastß, with the unbeaten "
sugar,1910,1,1137,420,5.8253,True,"chocolate mould of chocolate, loz. of castor sugar, loz. of gelatine, 1 pint of milk, vanilla es.senc... soak the gelatine in two tablespoonfuls the. milk, and boil the remainder of milk with the choc"
sugar,1910,1,1137,422,5.8322,True,"west riding pudding. 4ozs. biiter, 1 egg. 4tite. sugar, essence of ismon. a lieavoonful of baking powder, boss. rout, a little milk, jam. beat the butter said sugar to a cream, add the flour, egg, and"
sugar,1910,1,1137,423,5.8349,True,"chocolate pyramids. beat the whites of two eggs to a very stiff froth, stir into it ilb. of easter sugar and 2oz. of grated chocolate; if not stiff enough add a little flour. put a e.heet of oiled pap"
sugar,1910,1,1137,424,5.838,True,"rhubarb meringue. a pint of rhubarb cut into len-gais, sugar to sweeten, 3 eggs, half a. pint of breadcrumbs, loz. f nigh butter, grated lemon rind, some short pastry. stew the rhubarb to a pulp with "
sugar,1910,1,1137,425,5.841,True,"delicious plum and apple to eery 111) of plums, 415 o: appf. and to every lib. of fruit ;lb. of sugar. put the fruit and sugar in a pan and let it simmer about half an hour, all the time. put in glass"
sugar,1910,1,1137,426,5.8444,True,"strawberry cream. pick over ti-p-o-u-n-d oi rip,3 straialk,rrie,,, and put them in a baßin with half a pound o; caster sugar and the juice of half a lemon. mix well together, and leave them for half a"
sugar,1910,1,1137,427,5.8459,True,"apple cups. take half a teacupful of castor sugar and la, two eggs, two teaspoonfuls of baklug powder, & pinell of alt, and tiallietent flour to make a batter :hiehnvill drop irom a si)oort. (rase si..."
sugar,1910,1,1137,428,5.8484,True,"a home-made vinegar,. which is cheap fof pl(les. to each gallon crf a syrup contwaing a quarter al a pound of brown sugar to a gallon of water, add a quarter of a pint of good yea. keep the liquid at "
sugar,1910,1,1137,429,5.8529,True,"rataplas. one pound loaf sugar, ilb. of butter, 113. sweet almonds (bruised), ilb. ground rice, the whites of 4 eggs well beaten, put together on the fire, let it remain till it is..."
sugar,1910,1,1137,430,5.8571,True,"replies. various sauces. brown sues: take 2025. melted butter, lee. of flour, a little boiling wate.r, pepper and salt to taute, a teaspoonful of sugar. put the butter ea a frying pan, wet as it niete"
sugar,1910,1,1137,431,5.8626,True,"walnut cake. half a pound of flour, lb. of caster sugar, lb. of ohelled walnuts, 3 eggs, 1 teaspoonful baking pow der, few drops of flavouring. boat the butter and sugar to a cream. add the flour and "
sugar,1910,1,1137,432,5.8671,True,"cheap orange cake. bea:. iib. of niarp.rium with three-quarters of a cupful of sugar, then add two well-beaten eggs anti cupful::: of flour, two teaspoonlul4.4 of baeng powder, thit• rind of two orang"
sugar,1910,1,1137,437,5.8856,True,"paris buns. half a pound of flour. 2oz. of butter, 2oz. oe sugar, 1 egg, 1 teaspoonful of cream of tartar, half a teaspoonful of carbonate of soda. loz. of candied peel, and half a gill of milk. rub t"
sugar,1910,1,1137,439,5.8889,True,...shioned stone dinged beer. take two lemons and peel very thin. now slice them and put them in a vessel; add loz. of cream of tartar and three of lump sugar. next boil loz. of crushed gi
sugar,1910,1,1137,443,5.899,True,"useful hints. carbonate of bode. will generallify remove, the most obstinate iniudstiaius.--a jump of sugar put into tthe teapot wihi pirevent tea staining damask cwer which it may be spilled.--to rem"
sugar,1910,1,1137,445,5.9053,True,"prune mould. prunes are beneficial to most people, and to get them at their best is to soak them overnight, drain waler off, and put sufficient sugar to sweeten, and cover well with water. gook in slo"
sugar,1910,1,1137,446,5.9089,True,"cheap christmas wine. two drachms cayenne, id essenc- e ielllol4. 4 drachnis ginsger essence, /oz. tartaric acid, id burnt, sugar, 31b. sugar. pour 3 quarts of boiling \vats, intc a bowl with sugar an"
sugar,1910,1,1137,448,5.9105,True,"m coffee cake two ounces of butter 2oillsugar, 3oz. flour. boa.. butter and sugar together, sift flour lightly in, then add egg, pin in ""sandwich tin, and bake 15 minutes in a moderate oven, then..."
sugar,1910,1,1137,450,5.9133,True,"hot drinks. olove dralak..--une quart of water and 24lbs. of loaf sugar boiled gently for ten ininu,tes. take two ai. three lumps of 6-uigar softened in wailer. and pour on them half a teaspoonful of "
sugar,1910,1,1137,452,5.9172,True,"butter cream toffee. into a well-buttered pan put 11b. of brown sugar, pb. of butter, half a. teacupful of treacle. let this melt; then add one gill of cream and the white of one egg well whisked. let"
sugar,1910,1,1137,453,5.9182,True,"strawberry ices. make a custard with gisof milk. 2 eggs. a table- spoonful of swiss milk, and sugar to taste, stirring when it thickens till nearly cold. then remove th• stalks from lb. of strawberris"
sugar,1910,1,1137,457,5.9281,True,"the mouth and taste taste is curiously localised in the mouth. put lump of sugar on the tip of your tongue, and you will find it distinctly eweet. then place it half-way back on the tongue, and you wi"
sugar,1910,1,1137,461,5.9499,True,"household recipes. bird's nest pudding. wash 3oz. of tapioca, and boil until clear in 11 pints of water; add the juice of half a lemon and zoz. of sugar. peel and core four apples- place them in a pie"
sugar,1910,1,1137,465,5.9631,True,"frosted lemon cake. make a light sponge, by beating together three- quarters of a teacupful of sugar aaid three eggs, then add gradually one teacupful of flour into which ha ,s been sifted a quarter t"
sugar,1910,1,1137,466,5.9666,True,"home-made digestive biscuits. half a pound of flour, ilb. of breadrneal, ilb. of sugar and of margarine, two tfraspoonfuls of baking powder or egg powder. rub ail together, and mix to a stiff paste wi"
sugar,1910,1,1137,469,5.9783,True,"my christmas spice loaf. ingredients required: one pound ut batter, 1 tablespoonful of lard, lilbs. of sugar, 2lbs. of cur- tants, '11). of lemon peel, ;,ib. whole almonds, 1 nut- int.4. 1 glass of ru"
sugar,1910,1,1137,470,5.9795,True,blackberry jelly. this :s 'fie 1-1 jam. the making the s.-t 1 s are extracted. one pound of sugar 10 ai.owed to every pint of juice. well wash the berries and put them in a preserving pan ki.nd prese 
sugar,1910,1,1137,471,5.9798,True,"prune charlotte. tele ib. of prunes, half-pint of told wlti-tif4 and half a packet of bieck eurrant jelly, four pentty sponge cakes, sugar to lace, and a little lemon rind. wash the prunes, stew them "
sugar,1910,1,1137,473,5.9857,True,"...hat fruit is so very dear, gather some rip, elderberries, pick the fruit from stalks. to a pint basin of berries add one tablespoonful of vinegar and sugar to taste. put in the ov"
sugar,1910,1,1137,474,5.9882,True,"stewed apricots. half a pound of dried apricots, sugar to taste, v ater wash the apricots in cold water, 'and leave them to soak all night. stew gently for about half an hour in the water in whieh thc"
sugar,1910,1,1137,475,5.9903,True,"home hints. cure for a cold. get 11b. of demerara sugar, 2 lemons, 1 pendyk- worth of glyoerine. put the first layer of sugar in the basin, then a layer of sliced lemon, skin as well, and continue til"
sugar,1910,1,1137,476,5.9943,True,"...bruise a gallon of white grapes into a gallon of water, to stand a week without stirring; pour off the liquor fine. to each gallon add 31bs. of lurnp sugar; after it ceases hissing stop it"
sugar,1910,1,1137,481,6.0038,True,"summer drinks. soda neetar.—to the juice of one lemon add three-quarters of a tumblerful of water and sugar to taste. stir in half a teaspoonful of carbonate of soda before drinking, and, if possible."
sugar,1910,1,1137,482,6.009,True,"round the kitchen fire. split cakes.—rub 3ors. of butter into llb. flow, add i tabl.poonful caster sugar and 2 table- spoonfuls baking-powder. shape into small round cakes, and bake jusg in time to se"
sugar,1910,1,1137,483,6.0102,True,"round the kitchen fire. 1,1"" nell duns. -one pound flour. hoz. currants and sultana* mixed, 4. butter, ilb. sugar. ciao eggs, one teaspoonful cream of tartar. ilalftea- pooliful bircartionsto of soda."
sugar,1910,1,1137,492,6.0428,True,"small passover cakes. two ounces of buttcr, 2oz. of caster sugar, 2oz. of potato flour, loz. of ground almonds, and 1 egg criam the butitor and sugar to- gether, add the egg, potato flour, and almonds"
sugar,1910,1,1137,494,6.0504,True,"home notes. useful information in popular language. parkin gingerbread. take lb. flour, vb. oatmeal, vb. dripping, vb. brown sugar, vb. treacle, 1 dessert-spoonful grounded ginger, a pinch of salt, a "
sugar,1910,1,1137,495,6.0525,True,"war hint. now that white sugar is so difficult to procure we are compelled to use brown sugar for tea, etc. i hear many people eomplain of it turning the tea black, and also tastin..."
sugar,1910,1,1137,497,6.0614,True,"easter cakes. four poucds f 1911.7. 1111.1 s. col butter, of •vciatile sake. 6 eggs, albs. of sugar. i.lb. of cult- rant, essenee of cinn_amon, milk. rub the datte. and sugar into the flcur on the boa"
sugar,1910,1,1137,498,6.0655,True,"trifle made with cherries. stew pound of cherries with a 1 itt:r water and sugar to tatty. pout this 01.er a 'mope:lily sponge. ;a a fancy dll. make a cuptni of eust&rd an,l pour liver thr het ries. a"
sugar,1910,1,1137,500,6.069,True,"ginger cake. put 41b. of butter, 3az. of golden byr9p,'and 2oz. of aifted sugar into a basin. .staild the basin in a pan of boiliug water until its contents are melted together. stir in lb. of. dry ei"
sugar,1910,1,1137,501,6.0701,True,"queen cakes. ingredien4s: half- a pound of butter, of caster sugar. p. of fine dry flour, /fib. of currants, eggs, a little milk, a few drops of essence of lemon. half of this quantiti will do for a s"
sugar,1910,1,1137,503,6.0831,True,"coughs are dangerous. use tar and sugar to get quick ielief. coughs and colds are dangerous because, if neglected, they so frequently lead to more serious complaints. pneumonia, bron- chiti..."
sugar,1910,1,1137,504,6.0885,True,"...redients: one and three-quarter pounds of flour, loz. of mixed spice, loz. of yeast, .3 gills of nink, vb. of butter, tb. of currents. ifb. of easier sugar, and two egg,. mix "
sugar,1910,1,1137,505,6.0924,True,"...scones one phunci of dour, 30z4. buffer, 4ozs, sug.l.l. ir cream of tartar, ioz. carbonate oi soda, and ur;li. mix flour, iodic, cream of tartar, and sugar to- gether, then put the butter ai, m"
sugar,1910,1,1137,507,6.1037,True,buttered rum. one. wineglazu7l.i>lgoo—tl ruin into half pint tumbler with two lumps of sugar and a piece of butter the size of a filbert.. fill up with boiling water. this is excellent for hoarseness 
sugar,1910,1,1137,508,6.1047,True,"...guage. parma pudding. • take 4oz. of vermicelli, fl pint of new milk, two eggs, ilb. of bread crumbs, one ounce of butter, a small stick of cinnamon, sugar to taste. "
sugar,1910,1,1137,511,6.12,True,"cookery corner. some simple summer drinks. sherbet, that old favourite of our early child- hood, can be easily made at home. mix half a pound of sugar and sixty dr3ps of essence of lemon, and dry thor"
sugar,1910,1,1137,512,6.1213,True,"stewed apricots. half a pound of dried apricots, sugar to taste, v ater wash the apricots in cold water, 'and leave them to soak all night. stew gently for about half an hour in the water in whieh thc"
sugar,1910,1,1137,515,6.1262,True,"u rasperry cake. beat two ounces butter and two ounces of mstor sugar to a. cream, add one egg, and a packet of raspberry blancmange powder. mix thoroughly, them add two ounces of flour and a small te"
sugar,1910,1,1137,516,6.1287,True,"stewed figs. dissolve four ounces of loaf sugar in a pint of water over the fire, and lay into it one pound of good figs and some thinly-pared lemon rind, and let it all stew ver, gently for about ..."
sugar,1910,1,1137,518,6.132,True,"...1 and juice of 2 large lemons, the white, of 2 eggs, 1 pint water, 3 oz. castor augar, lb. curranta. nlertfo.n.—niritt the gelatine in water, add the sugar"
sugar,1910,1,1137,519,6.1398,True,"iced orange. procure twelve orra.iages. to every pound of pounded sugar allow the whites of two eggs. whisk the whites of the eggs well, stir in the sugar, and beat this mixture for a quarter of an ho"
sugar,1910,1,1137,523,6.1472,True,"sweet orange marmalade. ingredients: four oranges, 1 lemon, lb. of sugar to each fruit, half a pint of water to each fruit. wipe the fruit with a damp cloth. grsie the orange and lemon rinds, cut up t"
sugar,1910,1,1137,524,6.1478,True,"vegetable marrow ginger. for this delicious preserve allow thnee-quauters of a pound of marrow, which leaa proviously been peeled and cored; let the sugar boil in water to make a thick syrup, and to t"
sugar,1910,1,1137,526,6.149,True,"tapioca and apple pudding quarter pound of tapioca, albs. apples, 31b. sugar. soak the tapioca over night. peel and slice the apples, and place in alternate layers in a deep dish with the sugar strewh"
sugar,1910,1,1137,527,6.1502,True,"dainty orange dish. tour or five oranges, sugar to taste, one chute* of deti.eleated cocoanut, one tahliesponful of cornflour, two eggs, anti half a pint of milk. cut the oranges in to thin gices, ..."
sugar,1910,1,1137,528,6.1572,True,"...ings, and n\ pour over thew four i.ts of boiling watel, 4nci stand kis forty-eight lioult. boil fox hour a/id a half, add iout pound of pre..st rving sugar an"
sugar,1910,1,1137,529,6.1579,True,"...assail bowl is i),t far the most ancient. when made with ale it is prepared as follows :—put a pint of good ale or beer in a pan with half a pound of sugar, "
sugar,1910,1,1137,533,6.1818,True,"household recipes, good friday cakes, six oz 3. of loaf sugar, four tebleipoonfais water scold. two egg.*; 2ozs. of butter, gozs. of flour, 4ozs. of currants, loz.. of candied peel, cll5 fine. boil th"
sugar,1910,1,1137,534,6.1842,True,"...e cheese cakes. line patty tins with a short crust, rolled thinly, rub two ounces of butter into a cupful of ground rice, add half a cupful of caster sugar and half a teaspoon"
sugar,1910,1,1137,535,6.1844,True,"yuletide jelly. put 2oz. of ising-l—ass— water. seasota with sugar to taste, .and add the juice of two lemons. when this has boiled for five minutes, throw in the shell and white of an egg veil. beate"
sugar,1910,1,1137,536,6.1879,True,"...old recipes, [the priz€s are awarded to teresa lavin, mrs yelland, and mrs giblon.' -:(t):-- home-made chocolate. quartir o. poux-al oi cocoa, vb. (i sugar. and 41b. of qocoa butter. put cocoa a"
sugar,1910,1,1137,537,6.1891,True,"apple salad. take five apples, two bananas, a little sugar. one orange, and the juice of a lemon. pare and slice apples thinly, pare and slice bananas, pare and remove all the pith from the orange, an"
sugar,1910,1,1137,538,6.191,True,"...ley flour, 2oz. of ordinary flour, 1 teaspoonful of egg powder, 1 gill of milk, 1 teaspoonful of bak- ing powder, and 2 teaspoonfuls of jam. beat the sugar and "
sugar,1910,1,1137,540,6.201,True,"replies. spice bread. ingredients: three pounds of flour, 11b. of butter, lib. of lard, lib. of sugar, lib. of raisins (lultanee), llb. of currants, ill,. of raisins (large). 30z- of candied peel, 3 e"
sugar,1910,1,1137,545,6.2154,True,moss's christmas prices. moss's best flour per stone 1/6 moss's biscua flou „ 1;5 moss's houseeiold flou r „ 1:4 white granulated sugar 2 lbs. for 3-a fine castor sugar 2 lbs. for 4d pure lard per lb.
sugar,1910,1,1137,546,6.2158,True,"walnut cake. six ounces of butter, boz. of sugar, 2 eggs, 80z. of flour, loz. of paisley flour, and loz. of shelled walnuts. beat the butter and sugar to a cream, add the eggs (well-beaten.) mix flo..."
sugar,1910,1,1137,549,6.2193,True,"to-day% ricipil goossisist czarlottr.—about half-cool the gooseberries with sugar to taste, sod on. or two tabhispoonfuls of water, in • covered jar or baain in a dow oven, or on she move well away fr"
sugar,1910,1,1137,551,6.221,True,"cream toffee. put whs. of be white sugar into a clean pie, dish, clover with sufficient water. to moisten, then add two tablespoonfuls of good cream and one tablespoonful of vinegar and 4oz...."
sugar,1910,1,1137,553,6.2261,True,"chocolate fingers. take 3oz. butter, 3oz. of sugar, 6oz. of flour, `c eggs, ioz _ of cooda eseence,ltespocalful of vanilla, teasponful of baking powder, and a. little milk, beat batter and sugar to a "
sugar,1910,1,1137,554,6.2333,True,"to-day's recipe. bum blaciiiiiii. puddino.—cook two pints of ripe blackberries with • mite sugar in • covered jar in the oven, or well away from the in. when soft, press them through a neve or straine"
sugar,1910,1,1137,555,6.237,True,"home notes. useful information in popular language. parkin gingerbread. take ilb. flour, ilb. oatmeal, vb. dripping, db. brown sugar, 41b. treacle, 1 dessert-spoonful grounded ginger, a pinch of salt,"
sugar,1910,1,1137,556,6.2372,True,"... syllabubs.—reat, a pint of cream to a stiff froth, and divide into three portions on separate plates. to one part add two tableopoonfuls of powdered sugar °lod grated banana; "
sugar,1910,1,1137,557,6.2414,True,"war hint. now that white sugar is so difficult to procure we are compelled to use brown sugar for tea, etc. i hear many people eomplain of it turning the tea black, and also tastin..."
sugar,1910,1,1137,559,6.2495,True,"wedding cake. take lilbs. fleur. slb. sugar, lib. butter or mar- ga.rine, ilb. citron peel, sib. len..on peel, lb. orange peel, nibs. cuerarits, 6 eggs, 3 tabkepoonsful milk, 2 teaspoonsful vin..."
sugar,1910,1,1137,561,6.2535,True,"home notes. useful information in popular language. parkin gingerbread. take lb. flour, lb. oatmeal, ilb. dripping, ilb. brown sugar, 41b. treacle, 1 dessert-spoonful grounded ginger, a pinch of salt,"
sugar,1910,1,1137,562,6.2563,True,"a rich cake. quarter of a ptiii-cifyof butter, egg, ib. ground rxt, 6oke of erushod lump sugar d.isfolved in lemon itee. beat the butt:ar an4l sugar to a cream, stir in the beat on ..ggs, beat ail tog"
sugar,1910,1,1137,563,6.2573,True,"cocoanut cake. ten ounces of flour, 11b. of dess.icated cocoanut, 2 eggs. 1 teaspoonful of baking powder, ilb. of caster sugar (grated), rind of half a lemon, lab. of butter. beat the butter and sugar"
sugar,1910,1,1137,564,6.2577,True,"household recipes. devonshire junket,. lrigri:dients-:-one quart of milk, eight lumps oi sugar, two dessertspoonfuls of prepared rennet rsold by all grocers, a few drops of vanilla, and little grated "
sugar,1910,1,1137,565,6.262,True,"a good christmas cake. one pound of flour. iil cf butter, 11b. of caster sugar, lib. of currants, lb. of sultanas, 6 eggs, 1 small nutmeg, i lemon (juice and rincll, teaspoon ful of ginger, 2,1 b. of "
sugar,1910,1,1137,571,6.2787,True,"chocolate pudding. one nunce-in7l a halt of butter, 2ozs. of sugar, one teacupful of flour, 2ozs of best chocolate, one cgg, teaspoonful of baking powder. first beat the butter and sugar together, add"
sugar,1910,1,1137,573,6.2869,True,"swiss rolls. th•rec eggs and their weight in ugar and flour boat eggs and sugar together until very thiok, then shake in the flour very lightly, ju4t, stirring it in •o the eggs and sugar, but do not "
sugar,1910,1,1137,574,6.2889,True,"foster clark's cream custard tlis new custard makes a rich creamy custa,_; in a few minutei by just adding milk and sugar gid. tin makes 12 quarts, id., w.& gid•suen printed and' pubi.shed br the prop"
sugar,1910,1,1137,575,6.2907,True,"king's pudding. four tablespoonfuls flour, 1b melted butter, liaif teacupful sugar, 2 eggs, milk, 1 teaspoonful bb,killg powder meit buttor, mix in sugar and dour, beat up eggs and add them. pour in a"
sugar,1910,1,1137,578,6.2982,True,"seed cake. if this recipe is foilowi,d out. you will make a sphndid cake. beat 41b. of butter and 411). of sugar to a oream, then -stir in gradually ilb. of flour and 302.-. of carraway seeds. next be"
sugar,1910,1,1137,579,6.3049,True,"gooseberry fool. stew one quart of gooseben.lei ill sufficient water to cover them, an.d add sugar to taste. when tender pass through a sieve, stir in half a pint ot cream—or half cream and half milk—"
sugar,1910,1,1137,582,6.3129,True,"two good hints. the water in which potatoes have been boiled is a fly poison, treacle or sugar being added to in- duce them to settle on it. clear black coffee, di- luted with water, and containing a "
sugar,1910,1,1137,583,6.3152,True,"lemon sponge. inezredients: 11n.1f an ounce at gelatine, 1 pint of water, vb. of caster sugar, juice of 2 lemons, and whitos of 2 ergs. soak gelatine in 1 gill of water. allow to stand overnight. next"
sugar,1910,1,1137,586,6.3242,True,"replies. ground rice cheese';ake. a. good reel.pe for g,rouild rice cheeseilake is the ollowing:—one egg, 2oz. of butter or margarink, of sugar and 24)2. of ground rice, a. little lemon tavour.ng. bea"
sugar,1910,1,1137,587,6.3243,True,"fruity pancakes. mix and sift a cupful of flour, 1 teaapoonaful or baking powder, 3 teaspoonfuls powdered sugar, and teaspoonful of salt. add gradually &cupful of milk arid one well-beaten egg. 'lake "
sugar,1910,1,1137,589,6.3303,True,"american ginger cake. two pounds of flour, 111bs. of white sugar, 2oz. ginger, glass of rose water, 11b. of butter, 10 eggs mix well together first the flour and ginger, then rub in the butter till sm"
sugar,1910,1,1137,590,6.3324,True,"home hints. cure for a cold. get 11b. of demerara sugar, 2 lemons, 1 pendyk- worth of glyoerine. put the first layer of sugar in the basin, then a layer of sliced lemon, skin as well, and continue til"
sugar,1910,1,1137,591,6.3332,True,"hot water. most housewives know that sugar will dissolve far more quickly in hot water than in cold, but very few know that salt will dissolve in cold water just as quickly as when the water i..."
sugar,1910,1,1137,592,6.3375,True,"cocoanut dropb. half a pound of cocoanut, 1 egg, 1 small teacupful of sugar. put the cocoanut and sugar into a basiu and add the egg, well beaten. mix well together to make them a nice nhape, put a li"
sugar,1910,1,1137,596,6.3532,True,"hot water. most housewives know that sugar will dissolve far more quickly in hot water than in cold, but very few know that salt will dissolve in cold water just as quickly as when the water i..."
sugar,1910,1,1137,597,6.3534,True,"dainty orange dish. tour or five oranges, sugar to taste, one chute* of deti.eleated cocoanut, one tahliesponful of cornflour, two eggs, anti half a pint of milk. cut the oranges in to thin gices, ..."
sugar,1910,1,1137,598,6.3601,True,"hot water. most housewives know that sugar will dissolve far more quickly in hot water than in cold, but very few know that salt will dissolve in cold water just as quickly as when the water i..."
sugar,1910,1,1137,599,6.3601,True,"war-time mince pies. mince meat.-11b. apples, 5d.; 6oz. suet (grated), 614.; ilb. currants and raisins, 6d.; moist sugar and corn syrup, 2d.; candied peel (optional), 4d.; loz. ground ginger, loz. mix"
sugar,1910,1,1137,600,6.3633,True,"cornflour -111sduits. take 2ozs. of butter and beat till quite in a cream. then add 3obs. of castor sugar, and con- tinue to beat sugar and butter until they are vita wh.to; then add by degrees ilb. o"
sugar,1910,1,1137,601,6.3651,True,"orange and currant creams. 4 orungoa, 1 gill cream, lb. °wrangle, sugar, and 1, oz. gelatine. method—cut the or in half, and soiop out the inside carefully with a teaspoon. pans the juice through a st"
sugar,1910,1,1137,605,6.3702,True,"almond icing. hall a pound of ground almonds. lb. of sugar (finely sieved to exclude all lumps), the yolks of 6 eggs, and essence of almonds. mix the ground al- monds and sugar well together, and then"
sugar,1910,1,1137,608,6.3767,True,"summer drinks. soda neetar.—to the juice of one lemon add three-quarters of a tumblerful of water and sugar to taste. stir in half a teaspoonful of carbonate of soda before drinking, and, if possible."
sugar,1910,1,1137,610,6.384,True,"lemon honey. alb butter, two lemons, 11b. lump sugar, four eggs (fresh if obtainable). take a pan and put water into boil, and then get an ordinary empty 211). jam jar and put in the jar the above ing"
sugar,1910,1,1137,611,6.3857,True,"...ice 51bs. or less of tomatoes, sprinkle with salt, and let them stand for 12 hours. strain cif the water. and add albs. of small onions„„2oz. each of sugar and sultanas together nvi"
sugar,1910,1,1137,612,6.3862,True,"...ure to be nice cakes. melt lioz. of butter or margarine, addone well- beaten egg to which half a id of milk has bean addod three-quarters of a cup of sugar three- quarters of a cup of ground rice, an"
sugar,1910,1,1137,613,6.3865,True,"penny sponge cakes. prepare two moulds by coating them well with warm butter, dust tins generously with equal parts of sif led flour and castor sugar, covering elieniy. when the moulds are coated rap "
sugar,1910,1,1137,614,6.3874,True,"—:(o1:— little cherry cakes. beat 2ozs. of butter to a cream, add to it 20zs. of castor sugar, and beat again. droak a large fresh egg over the sugar and butter, and beat it in very thoroughly? sit in"
sugar,1910,1,1137,615,6.3875,True,"hot cross buns. take one ounce of yea• f.-t and sttr it with a tea, spoonful of sugar until quite liquid. make one pint oi milk lukewarm, a.nd stir into the yeast, then form a soft dough with a pound "
sugar,1910,1,1137,616,6.3897,True,"invati -"" p, t i.n half a pint of milk, ore teaspoonful of arrow. root, loz. sugar, one egg, and a little lemon irl7""q and pour over arrowroot. add sugar b.nd yolk of eggs well beaten. allow to thicke"
sugar,1910,1,1137,617,6.3921,True,"...ke. ingredient. :—lb, butter, two eggs, one teaspoon- ful baking powder, one cupful of flour, 41b. shelled walnuts, a little osergt, cream butter and sugar together, add one egg-at a time, mi"
sugar,1910,1,1137,621,6.397,True,"walnut cake. six ounces of butter, boz. of sugar, 2 eggs, 80z. of flour, loz. of paisley flour, and loz. of shelled walnuts. beat the butter and sugar to a cream, add the eggs (well-beaten.) mix flo..."
sugar,1910,1,1137,622,6.407,True,"rhubarb jam. required, equal weight of fruit and sugar. to each pound of fruit half a gild of water and the rind of half a lemon, a few pik2ces of whole gager. wipe the rhubarb, eat into pieces about "
sugar,1910,1,1137,623,6.4085,True,rwie-liildb sugar. if you have plenty of sops beak you ma make ale of it for swestening porpoise. toots are embus household methods of eriusetiog seitiut !rem sugar it...
sugar,1910,1,1137,624,6.4111,True,"...one pound of ground almonds, 14ibs. of icing ougar, 3 whole eggs, few drops of cold water, the moe of a lemon, flavour with es.sence of almonds. roll sugar till quite smooth, "
sugar,1910,1,1137,625,6.4138,True,"useful recipes. little reit-bass taars.—line some patty pans with short crust; put into each some pink rhubarb cut very small, add sugar, grated lemon rind, and ground ginger, cover with paste like mi"
sugar,1910,1,1137,627,6.4196,True,"preserves and fruits. raspberry. jam: this fruit should be preserved quite dry. thigh uhe fruit and boil 41 quarter of an hour; 'add 'lbs. of sugar ito lib. of fruit. boil again, not trnore than half "
sugar,1910,1,1137,628,6.4212,True,"walnut cakes- three teacupfuls of flour, quarter pound butler, 14 teacupfuls of caster sugar, three eggs, shout half a teacupful of milk, half a teacupful of shelled wal- nuts, 11 teaspoonfuls of baki"
sugar,1910,1,1137,629,6.4236,True,"apple ginger. two pounds of sour cooking app!es. 21bs. los` sugar, ioz. extract of ginger, 1 p!rit of water. makf a syrup of the sugar and water as following: dis g-ylve the sugar in the water, bring "
sugar,1910,1,1137,632,6.4404,True,"orange meringue three oranges, 2 eggs, ioz. of oornitouir., half i, pint of milk; sugar to taste. peel and such tala orange. and put them in s pledish. cook th rind in the milk, aod when boiling strac"
sugar,1910,1,1137,633,6.4422,True,"...awarded t* mrs casa and a. l how,royd.] ""kate"" asks for a good recipe for pickling gher- kins. ----4---- tomato jam. equal pat s of tomatoes and lump sugar, 1 i:emort f"
sugar,1910,1,1137,635,6.4525,True,"an economical recipe. top and tail as many gooseberries as will three. quarter fill a. greased pudding basin. and add sugar to taste. put lb. of flour into a basin, half a tea: spoonful of salt, and a"
sugar,1910,1,1137,636,6.4597,True,"...ente: anu half p(urtd 4illllm, (dried and free from lumps), 11b. of butter, lbil)s. t)c currants, ,;lb. or sultanas, lib. of candied pe,i, lb of dark sugar 2 tabiespooniul"
sugar,1910,1,1137,637,6.4641,True,"... cake. thre ounces of butter. 2,1. b. of augar, beaten eggs, 2oz. of ground rick% 202. of floor, hair teaspooixtud of baking powder. beat butter aril sugar to a cream, ripen add the eggs and other"
sugar,1910,1,1137,640,6.4768,True,"everton toffee. put 11b. of powdered sugar and one teacupful of cold water into a saucepan. when the sugar is dissolved, add vb. of butter beaten to a cream. keep stirring the mixture over the..."
sugar,1910,1,1137,642,6.4793,True,"rich currant cake. 1 lb. flour. lb. currants, 1 lb. motor sugar, teuepoonful bi-ca.rbonate of soda, and 1 teaspoonful cream of tartar, 1 w. candied peel, i lb. butter, 3 eggs, a pinch of salt. mht/iod"
sugar,1910,1,1137,643,6.4809,True,"cocoanut meringues six ounces of desiccated cocoanut, three ounces of castor sugar, on(1, egg, and one ounce of flour (self-raising). mix together 'the coccallut and sugar and well-beaten egg with the"
sugar,1910,1,1137,645,6.4841,True,"gooseberry fool. stew one quart of gooseben.lei ill sufficient water to cover them, an.d add sugar to taste. when tender pass through a sieve, stir in half a pint ot cream—or half cream and half milk—"
sugar,1910,1,1137,646,6.4842,True,"cocoanut cake. ten ounces of flour, 11b. of dess.icated cocoanut, 2 eggs. 1 teaspoonful of baking powder, ilb. of caster sugar (grated), rind of half a lemon, lab. of butter. beat the butter and sugar"
sugar,1910,1,1137,647,6.4844,True,"browning for gravy. put into a clean iron saucepan a piece of buttei size of a walnut and 8 lumps of sugar. place pan on a clear fire. let butter and sugar simmer till a very dark brown, taking care i"
sugar,1910,1,1137,648,6.487,True,"golden pudding. take all the waste bread and orusta, break small, and place in a clean mixing bowl, add a little salt, dripping, and marmalade, and sugar to sweesen. mix all together mid pass through "
sugar,1910,1,1137,649,6.4894,True,"coltsfoot wine. allow 2 quarts of flowers to 1 gallon of water, 4th. ot sugar, 3 oranges, and 1 lemon, oz. of isinglass to every 6 gallon. put flowers and water into a par cold, and allow it to boil 2"
sugar,1910,1,1137,650,6.4903,True,"uses for glycerine. use glycerine and borax with liuseed oil for burns and scalds. when sugar is forbidden, glycerine tan be us,ed to sweeten stewed fruit and custards.—to soften water in which flanne"
sugar,1910,1,1137,651,6.495,True,"short bread. a quarter pound of flour, loz. of riceflour, 2oz. of butter, 2oz. of caster sugar. mix sugar with flour and rice; melt butter, and stir in. must be worked till a sinooth paste; then roll "
sugar,1910,1,1137,652,6.4959,True,"birdk when sugar is liquefied in the cream like fluidity of bird's custard,_ the swe'ele-tiing power is greatly increased. if therefore you always serve bird's custar..."
sugar,1910,1,1137,653,6.4961,True,"sponge cake. beat three eggs with one teacupful of eastei sugar for twenty minutes, aci!l half a teaspoonful of vanilla, and stir in quiciy and lightly one teacup- ful of flour. pour into a buttered c"
sugar,1910,1,1137,654,6.5053,True,"11 home hints. how to econom:se. don't throw away apple parings, .s.t,ew them with a little sugar to provide good juice for your apple- pies. never throw away bacon rind, put it l..n the oven -in a pa"
sugar,1910,1,1137,655,6.5075,True,"northern weekly gazette 4--2/ f'''..%2 ••••• shortbread biscuits. rub four ounces of butter, and two ounces oi edited sugar into eight ouncce of flour; turn out on a baking board and knead into a soft"
sugar,1910,1,1137,656,6.5137,True,"cocoanut cake. four ounces .or dessicated cocoanut, 4oz. sugar, 4oz. of butter or lard., 302. of flour, 2 egg:-, half a tea:slioonf al of baking powder. beat buttr to fa creaan, filen add sugar and it"
sugar,1910,1,1137,657,6.5168,True,"cherry jelly. take lib. of rity-e-c-li•et•nr-- les-, wipe cand stone them, and pick off the stalks. place them in a gloss t.ish and sprinkle caster sugar over them. then dis- solve a pint of cherry je"
sugar,1910,1,1137,659,6.5195,True,"dainty walnut biscuits. take lib. of flour, 4oz. of butter, same of sugn.r, 1 egg, 3oz. of chopried walnuts. beat butter and sugar to a cream, adding the egg thoroughly whisked. stir in the flour grad"
sugar,1910,1,1137,661,6.5403,True,"household hints. 1 ____.... flowers will keep fresh for a longer time if a i prevert fruit from smastung up whilst cook. little sugar iaadded to the water,/ ing, place the raw fruit into a fair sired "
sugar,1910,1,1137,662,6.5447,True,"cowslip wine. pluck the flowers fast above the stalk. to every gallon of blooms add an equal quantity of water, 3lbs. of lamp sugar, an orange, a lemon, 2 table- spoonfuls of yeast. boil the sugar and"
sugar,1910,1,1137,663,6.5456,True,"mint jelly. to ono teacupful of vinegar allow half a teacup- ful of cold water, five or six sheets of gelatine, and about ten lumps of sugar and a bunch of mint. put all into a saucepan and bring to t"
sugar,1910,1,1137,664,6.5474,True,"walnut candy. put in a sancepa,n 1-gill. of water, boz. brow!i sugar, and a pinch of cream of tartar. when the sugar is quite dissolved bring the mixture to a boil, and continue boilim,g tild it becom"
sugar,1910,1,1137,668,6.5613,True,"blackberry trifle. gather some ripe blackberries, place them in a rued saucepan with sufficient loaf sugar to sweeten them, arid a little water, cook gently until tender. break up some some stale cake"
sugar,1910,1,1137,670,6.571,True,"tasty rhubarb pudding. fill a pie-dish three-parts full of rhubarb cut into small pieces, scatter over it two tablespounfula of sugar, cover with the following mixture:—one egg, its weight in butter, "
sugar,1910,1,1137,671,6.5741,True,"clove drink. one q-uart of water ftlld 2iibs. of loaf sugar, boiled gently for tan minutes. take 2 or 3 lumps of sugar softened in water and pour on thew halt a. toptaspoonful of oil of cloves. put th"
sugar,1910,1,1137,672,6.5784,True,"c 4 shrewsbury cakes. beat a 41b. of butter and a 116. of caster sugar to a cream, then add a well beaten 'egg, 6ozs. flour, a teaspoonful of carraway seeds, let, it stand in a cool place for a quarte"
sugar,1910,1,1137,673,6.5788,True,"sandwich cake. beat ilb. of butter and j/b. of 7 c-lter sugar to a cieam, add two well-beaten eggs; get id packet of cornflour, empty the cornflour out, then fill the packet with ordinary flour, add b"
sugar,1910,1,1137,674,6.5847,True,"candied peel. cut in halves any quantity of orauw and lemon peel, cover with cold water, and .boil until soft. boil two cupfuls of sugar in one and a half of water, until it threads when dropp,4l from"
sugar,1910,1,1137,675,6.5848,True,"...ecipes. [the prir.es are awarled to mrs gee, miss thomas, mrs parker, and mrs 6. brown.] cheap shortbread biscuits. boz. o margarine arid boz. of hue sugar to- gether until a thick eream, t"
sugar,1910,1,1137,680,6.5938,True,"household recipes, easter tokens. ounoess of butter, 4oz. castor euga.r..9.ku. eta. rants, 1 egg, 6oz. of flour. cream ths but and sugar •together, add the flour arid cutrant3 i.c..eiwaed, and the egg"
sugar,1910,1,1137,681,6.5954,True,"almond cake. ingradient.: half a pound of butter or margarine, db. of sugar, .2 eggs, 207.. of ground almonds, 207.. of shelled walnuts, lib. of sour, 2 teaspoonfuls of baking powder. beat butter and "
sugar,1910,1,1137,682,6.5957,True,"plum pudding. made without fittlf—a—po—ti-ud of flour, 6ozs. ot rasisins. boz. of entrants, la. chopped suet, ilb. of brown sugar. i,lb. mashed potatoes. 1 tablespoon- ful of treacle. 2ozs. of candied"
sugar,1910,1,1137,684,6.5983,True,"round the kitchen fire. victoria sa.ndwicti—three eggs, their weight in sugar, butter, and flour, 1. teaspoonful baking powder, a few <limps of vanilla eesenoe, grated rind of half lemon, 1 tableapoon"
sugar,1910,1,1137,685,6.6058,True,"snowball cakes two eggs. 4. of butter, 4oz. of flour, zoz. of eoster sugar. 4oz. of dessicated cocoanut, 11b. of icinv sugar. a ta.blespoonful of cream, and the white of an (no. beat butter and sugar "
sugar,1910,1,1137,690,6.6171,True,"...of two eggs in the shell in butter, isuggar, and flour; half melt the butter, beat the yolks and whites of the eggs separately, mix :the butter is.nd sugar together, the"
sugar,1910,1,1137,693,6.6194,True,"christmas cake. one pound of butter (beat to a cream), -41 b. sugar (sifted), lb. treacle. beat them all together in a dish; then add 8 eggs, one by one, beating the cake well between the addition of "
sugar,1910,1,1137,694,6.6219,True,"green tomato jam. cut the tomatoes small., and put in. preserving pan, bringing slowly to the boil. allowing to boil 20 to 30 minutes. then add the sugar (lib. of sugar to lib. of tomatoes), the juice"
sugar,1910,1,1137,696,6.6284,True,"rhubarbergrod (a dutch national dish). take a bundle of rhubaib, slice, and stew till tender with a half a pint of water, suffi(:iem sugar and flavouring to taste. strain through a hair sieve, and put"
sugar,1910,1,1137,697,6.6292,True,"currant cares. lb. currants, 1 lb. flour, lb. castor sugar, teaspoonful bi-carbonate of soda, 1 teaspoon- ful cream of tartar, 1 oz. candied peel, lb. butter, 3 eggs, pinch of salt. method: sift the f"
sugar,1910,1,1137,698,6.6293,True,"coughs are dangerous. use tar and sugar to get quick relief. coughs and colds are dangerous because, if neglected, they so frequently lead to iore serious complaints.. •pneumonia, bronchiti..."
sugar,1910,1,1137,699,6.6294,True,"m. thompson, grosmont., r.s.o. one pound butter, 10ozs. sugar, lib. mixed peel (cut fine), lb. almonds, 141bs. currants, whs. flour, 9 eggs (well beaten), 1 teaspoonful cinnamon, 1 tea- spoon mace, 1)"
sugar,1910,1,1137,701,6.6331,True,"answers to correspondents. e. ii.—(1) marrows can be increased in size by means of a ftiece of wool and sugar and water used as you describe; (2) begin when the fruits are 7 or bin. long; (3), webb an"
sugar,1910,1,1137,703,6.6361,True,"household recipes, ginger toffee. put half a pound of demerara sugar into a copp.? or brass-lined saucepan with a small piece of butter, and enough vinegar to moisten it, then add a tea. spoonful of g"
sugar,1910,1,1137,704,6.6363,True,"five pounds of jam for is lw one pound of dried 21 pricuta. out quart of wstzr, and 21bs. of sugar. 6oak the apricot's in we: tut 24 hours, the boil 101* one hour, or until theiru is soft. then add th"
sugar,1910,1,1137,705,6.6406,True,madeira rock cakes.' put a quarter of a pound of marrgarine and two ounces of sugar into a bowl and beat to a cream. add a beaten egg and a teaspoonful of milk. stir in gradualesy half a pound of flou
sugar,1910,1,1137,706,6.6442,True,"nettle beer. boil a hundred stalks of fresh nettles in two and a half gallons of water for fifteen minutes, add 2ilbs. of loaf sugar and 2oz. of cream of tartar. ‘•;tir till dissolved. when lukewarm p"
sugar,1910,1,1137,707,6.6447,True,"...ea is a fine summer beverage. it is not much trouble to make a supply of this simple cooling drink about twice a week, and it only costs the price tf sugar"
sugar,1910,1,1137,709,6.6468,True,"apricot buns. two ounces of margarine, same of sugar and flour, one egg, one teaspoonful of apricot jam, 'half a teaspoonfui of baking powder, one tablespoonful of milk. mix thorough, vut in well-grea"
sugar,1910,1,1137,710,6.649,True,"some useful recipes. caci without ego/. —rub • quarter of • pound of good dripping into • pound of sour, add • quartet of a pound of sugar and six ounces of currants. dissolve • quarter of an ounce of"
sugar,1910,1,1137,712,6.6518,True,"household recipes. sponge loaves. eight ounces of flour, lapis. of lump sugar, 2 hole eggs, and 6 yolk, half a gill ot water. beat eggs all together, put sugar and water into a pan, i.ci stir until di"
sugar,1910,1,1137,714,6.6538,True,"household recipes. fruit salad for children. line a good-sized glass dish with bananas sliced, sprinkle a little cafter sugar over, then slice two oranges very thin, and add sugaz thickly over; re pea"
sugar,1910,1,1137,716,6.6561,True,sugar from beet. experiments have shown that the ertrac- lion of intensely sweet syrup from sugar boot suitable for any kind of household use ls easy. the ...
sugar,1910,1,1137,718,6.6669,True,"scrap bread pudding. half a pound pieees of bread, 1 pint of milk, 1 or 2 eggs, 2 or 3oz. of sugar, 2oz. of currants, 2oz. of raisins, 1 pinch of nutmeg, half a tea-spoonful oi salt, loz. of shredded "
sugar,1910,1,1137,719,6.6748,True,"coughs are dangerous. use tar and sugar to get quick ielief. coughs and colds are dangerous because, if neglected, they so frequently lead to more serious complaints. pneumonia, bron- chiti..."
sugar,1910,1,1137,721,6.6804,True,"delicious preserve. take 41bs. of :hubarb, cut into small pieces, put into a basin with 21bs. of sugar, and let it remain overnight. in the morning put 2lbs. of sugar into a p -reserving pan, to which"
sugar,1910,1,1137,724,6.6859,True,"new zealand cake. three breakfastcupfuls of flour and cup of dripping, 1 breakfastcupiui of sugar and small packets of spice, 1 breakfasteupfui of raisins, 1 breakfastcupful of curman.vs, half a break"
sugar,1910,1,1137,729,6.7075,True,"war-time cake. one pound ol• dour, raisins. ;ib. currants, boyd,. sugar (browns, a wineglassful of vinegar, one teaspoonful of earlmnate of soda 1111- solved in warn; milk. beat sugar and lard to crea"
sugar,1910,1,1137,730,6.709,True,"useful hints. when making a fruit tart ni,tx a little cornflour with the sugar before adding it to the fruit. this will make the juice like syrup, and prevent it from boiling over stewed fru:.t will n"
sugar,1910,1,1137,732,6.7121,True,"crisps. half a pound of but-te7,-2:10-z- s. sugar, ilb. flour, 1 teaspoonful of baking powder, liozs. almonds, two small eggs. paper or grease a shallow tin, cream sugar and butter together, if in th..."
sugar,1910,1,1137,733,6.7122,True,"war hint. now that white sugar is so difficult to procure we are compelled to use brown sugar for tea, etc. i hear many people eomplain of it turning the tea black, and also tastin..."
sugar,1910,1,1137,735,6.7205,True,"--)*(- muffin scones. one pound of flour, 3oz. of butter. 4oz. of sugar. oz. of croarn of tartar, ioz. of carboaate of eknia., and milk. mt-x the flour, soda, cream of tartar, and sugar together, then"
sugar,1910,1,1137,738,6.738,True,"bramble cake, one cupful of butter, two cupfuls of sugar, three cupfuls of flour, five eggs, one cupful ot sweet milk, one teaspoonful of carbonate of soda dis- solved in hot water, 'one teaspoon.ful "
sugar,1910,1,1137,739,6.7491,True,"household recipes. sponge almond cake. five owes of flour, 4ois. of sugar. oozs. of butter, lox, of ground almonds, cs.te egg, a little milk, and one teaspoonful of baking powder. beat the sugar and b"
sugar,1910,1,1137,740,6.7529,True,"french pancakes. one mince and a hall' of butter, 2oz. of flour, 2oz. stugaz, and 2 eggs. beat the butter to a onearn, add t.he sugar and flour by degrees, bitak the eggs and whisk light; add quickly "
sugar,1910,1,1137,741,6.753,True,"home hints. a baking hint. before placing a sponge cake in the oven to bake try sprinkling a little fine white sugar over the top. this forms the rich, brown-looking crust that makes bought sponge cak"
sugar,1910,1,1137,742,6.755,True,"almond icing. take ilb. of icing sugar, irb. of pound almonds, i whole egg, and the yolk of another. crush the sugar well, beat the eggs yell, and etir all together gradually till like a p..."
sugar,1910,1,1137,744,6.7618,True,"talks, on' hqam, ds a f/41,1lt doctoil children- and sweets. have no objection to children eating o.fieta; awsets are or ought to be made of sugar. i am no standing up or the yariety made of plaster o"
sugar,1910,1,1137,747,6.7671,True,"coughs are dangerous. use tar and sugar to get quick ielief. coughs and colds are dangerous because, if neglected, they so frequently lead to more serious complaints. pneumonia, bron- chiti..."
sugar,1910,1,1137,749,6.7682,True,"cherry cake. three-quarters of a pound of flour, ilb. butter. 60zs. sugar, i,b. cherries, 3 eggs, pint of milk, jne teaspoonful baking 'powder, raid a few drops ;f vanilla. beat butter and sugar to a "
sugar,1910,1,1137,750,6.7723,True,"rice cake. a quarter pound of buttkr, sib. of tine sugar. alb. of ground rice, 3oz. of flour, 2 eggs, half a tea- spoonful of baking powder, grated rind of half a lemon, and a little milk. cretan butt"
sugar,1910,1,1137,751,6.7732,True,economy in sugar. when stewing any kind of fruit much less sugar will be requirm if when. fruit comes to boiling point about an eggspoonful of hi-carbonate of soda is...
sugar,1910,1,1137,754,6.7771,True,"good christmas cake. i have made this cake for 13 years, and it sa good family cake. take 11b. sugar, lb. margarine, 3 oggs, /lb. of almonds, /lb. of candied petl, lib. ol ourrants, 11b. of sultanas, "
sugar,1910,1,1137,755,6.7796,True,"gooseberry dowdy. butter a ckep p.e-d,sh and 11e t with finely- grated breadctumbs. next put in a layer of half stewed goo&cbernes, scatter with sugar and a qqneeze oi lemon juice, then breaderumbs, a"
sugar,1910,1,1137,756,6.7812,True,"...inie,. take 6 drachms of eg-isence of cayenne, eight drachms of essence of ginger, an ounce and a half of tartaric acid, and twor,,n.nyworth of burnt sugar, and put them all together in a teac"
sugar,1910,1,1137,757,6.782,True,"lent cake. take lib. of flour, lb. of butter, ilb. of sugar, ;11b. currants, /lb. of sultanas, /lb. of valencia raisins, alb. candied peel, a teaspoonful of mixed spice, the same of cinnamon, teaspoon"
sugar,1910,1,1137,758,6.7835,True,"well to know. when stewing fruit add the sugar after the fruit is cooked, but while it i 5 still hot. by doing this a smaller quantity of sugar is required.---yo take tea eita:ns out of flann.fls,..."
sugar,1910,1,1137,760,6.7841,True,"hawthorn jelly. to every pound of 'berries of the hawthorn add three, -pints of water, boil two hours. :het rain, add lib. ;.)f sugar to ..kach pin: of juice, tike julee et 1 ientone. sub. extra sugar"
sugar,1910,1,1137,761,6.7895,True,"rhubarb marmalade. take lib. ix ..oai sugar, iphf... oi rhubarb, peel of halt a ientoal, and 40. z. of bitter almonds. cut tne rhubarb uato snkalt pieces, and put into a pereserv• •rig pa.:l wi..."
sugar,1910,1,1137,762,6.7897,True,"...ring hints. a. very delicious flavour is imparied to a cup of chocolate if a tiny piece of cinnamon be added to it. if a vanilla bean is kept, in the sugar jar it will give it a delica.te flavou"
sugar,1910,1,1137,764,6.7915,True,"...ne handful of yarrow, ,oz. of ginger root bruised, or a teaspoonful of cayenne pepper, and about three pints of water. boil to one pint, add a little sugar if you like. take a teaspo"
sugar,1910,1,1137,765,6.7951,True,"to economise sugar. when making suet puddings add a finely grated carrot, this has a 4vointerfully sweetening eftect. when making cakes use a spoonful of warm treacle o..."
sugar,1910,1,1137,767,6.7987,True,"...ids of loaf anger, six onnces of powdered gicr,er, six gallons of water, ten lemons, half • teacupful of yeast, two slices of toasted bread. boil the sugar and ginge"
sugar,1910,1,1137,770,6.8134,True,"butter scotch. ingredients: iil. of loaf -sugar, ilb. of butter. a pinch of cream ui tartar, and half a pint of milk. place thoi., isugar and milk in a stewpan, and stir occasionally by the :aide o..."
sugar,1910,1,1137,772,6.821,True,sugar from beet. experiments have shown that the ertrac- lion of intensely sweet syrup from sugar boot suitable for any kind of household use ls easy. the ...
sugar,1910,1,1137,776,6.8311,True,"currant cakes. lb. currants, 1 lb. flour, 4 lb. castor sugar, teaspoonful hi-carbonate of soda, 1 teaspoon- ful cream of tartar, 1 oz. candied peel, 4 lb. butter, 3 eggs, pinch of salt. method: sift t"
sugar,1910,1,1137,777,6.8313,True,"tea kisses. three ounces of cornflour, 3oz. of flour, 4oz. of butter, 3oz. of caster or brown sugar, one egg, and one teaspoonful of baking powder. beat the butter and sugar to a cream. mix together t"
sugar,1910,1,1137,778,6.8324,True,"-0+ a-- sugary sponge cakes. ingredients: 2on. of batter, 2}ez. id caster sugar, two eggs, ,z. ~f flourlntlf teaspoonful 01 baking powder, three drops it ally esse..."
sugar,1910,1,1137,780,6.8399,True,answers to correspondents. r. 11..—(1) marrows can be increrted in size by means of a piece of wool and sugar and water used as you describe; (2) begin when the fruits are 7 or81n.long; (3) webb and s
sugar,1910,1,1137,781,6.8454,True,"orange and currant creams. 4 cranges, 1 gill cream, lb. currants, sugar, and sta. gelatine. met—iiod.—cut the oranges in hdlf, and scoop out the inside carefully with. a teaspoon. pass the juice throu"
sugar,1910,1,1137,782,6.8484,True,"dutch butter. dissolve foz. of gelatine in, nail a pint of water, buz. of loaf sugar, 2 egg!? (well beaten), the rind of one lemon, the, juioe'of two. placc all into a lined sauoepau, and heat until t"
sugar,1910,1,1137,783,6.853,True,"...ea is a fine summer beverage. it is not much trouble to make a supply of this simple cooling drink about twice a week, and it only costs the price of sugar"
sugar,1910,1,1137,784,6.8537,True,"1 eacak es. the following i nt-ait-t-b...ie-e-ti-mes a week to sell:- 1%14e pounds of flour, 6oz. each of sugar and lard, loz. of salt, 2oz. of lemon peel, boz. of currant, half a grated nutmeg, 4oz. "
sugar,1910,1,1137,785,6.865,True,"...utter 40z., sugali-ti-oz-., eggs 3, flour 50z., ground rice 30z., salt a pinch, baking powder one teaspoon- ful, milke a little, cream the butter and sugar well together, then add the eggs"
sugar,1910,1,1137,786,6.868,True,"chocolate cakes. quarter pound flour, 2ozs. suga.r,• 3ozs. butter, 2ozs. plain chocolate, two eggs, half teaspoonful baking powder. beat hutiter and sugar to a cream, then add eggs, well beaten. grate"
sugar,1910,1,1137,787,6.8725,True,"novel mincemeat. two pounds of apples, one pound of grapes, ono poond each of raisins and currants, half a pound each of sugar iind mixed peel, the grated rind of a lemon. half a teaspoonful of cinnam"
sugar,1910,1,1137,788,6.8727,True,"light feather cane oneegg. 2oz. of butter. two good oupfuis oi flour. one oupful of sugar, two good te2.9)oomf:tls oc itg powder. and a little mirk. cream hattet rmd sugar together, ihen add the egg. "
sugar,1910,1,1137,789,6.8781,True,"sehold reci snowballs. beat 2oz. of butter and 2oz. of sugar to a"" cream, then add 1 egg well-beaten, and dt(dge in j.orwiy 3oz. of cornflour and one heaped tea,,..lpoontal of baking owriter, add a li"
sugar,1910,1,1137,790,6.88,True,"...glaze which is alway. 4 found on a sponge cake bought at a confectioner's, grease the tin with butter and sprinkle the bottom thickly ‘‘itli 4.tasler sugar be"
sugar,1910,1,1137,793,6.8853,True,"brown bread. take 3:bs. of wheatmeal, loz. of yeast, two tea spoonfuls of sugar, three teaspoonfuls of salt, abou. half a put of tepid water. make as for other yeast bread. put .he flour into a warm b"
sugar,1910,1,1137,794,6.8908,True,"cough mixture. one large swede turarip, lib. ot brown sugar. peel the turnip, and slice into very thin 5 licaz, then place it with the sugar in layers in a dish, and let it stand a few hours, then str"
sugar,1910,1,1137,795,6.8957,True,"currant souffles. it. lb. currants, 1 gill cream, 2 whites of eggs, a little cherry, sugar to taste. arid water. alamou.—carefully stew the currants in the water and sugar (syrup) reserve a few whole "
sugar,1910,1,1137,796,6.8962,True,"good lemon curb. put &lb. of -best-bu-tt7e-r- into i-ja-r;.and place it. boiling water; add .ib. of sugar and two fresh eggs well-beaten, then add the juice of two lemons, also grated rimg. stir occas"
sugar,1910,1,1137,798,6.9004,True,"raspberrte.ti. to .every pound of fruit allow ilb. of caster sugar. put the raspberries in a bowl or large pie. dish in the 'oven, als6 put the sugar in a separate bowl into the oven to get hot, out n"
sugar,1910,1,1137,799,6.9015,True,"...mpote. stew ilbs. of prunes in a little water, the.n stone at,(l lunise then'. stew also ilbs of good applies, :aid add to prunes along with a little sugar prey i• ously diss,olved i"
sugar,1910,1,1137,800,6.9038,True,"almond icing. take ilb. of icing sugar, irb. of pound almonds, i whole egg, and the yolk of another. crush the sugar well, beat the eggs yell, and etir all together gradually till like a p..."
sugar,1910,1,1137,801,6.904,True,"...-tce .;:ecri.dite number of meals and the right amount of food, will starve if fed on cheap brands of condensed separated milk. they contain too much sugar and"
sugar,1910,1,1137,802,6.9161,True,"good friday cakes. six ounces of loaf sugar, four tablespoonfuls of cold water, two eggs, 2ozs.. of butter, bozs. of sifted flour, 4ozs. of picked currants, loz. of candied peel i'cut small). b..."
sugar,1910,1,1137,804,6.9192,True,"ecipes. r prunes and tapioca.. soak ilia. of pruires in cold water, and next day remove the stools. add 2oz. of sugar to the prums, and boil when in same water for half an hour longer. stir 7:n three "
sugar,1910,1,1137,805,6.9243,True,"hawthorn jelly. to every pound of 'berries of the hawthorn add three, -pints of water, boil two hours. :het rain, add lib. ;.)f sugar to ..kach pin: of juice, tike julee et 1 ientone. sub. extra sugar"
sugar,1910,1,1137,806,6.9258,True,"apple ginger. four pounds of apples, weigh after peeling and coring, cut in irregular pieces; make a syrup of two pounds of sugar with one pint of water, and pour it boiling over the apples; let this "
sugar,1910,1,1137,808,6.9357,True,"replies. raspberry buns. two pounds ,a plain flour loz. of cream of tartar, lb.of lard, oz. .of hi-carbonate of soda, ab, of sugar, 1 egg, 1 pint of milk (or malf milk, halt water), a few drops of ess"
sugar,1910,1,1137,811,6.9467,True,"banana cream. three ounces of sugar, 4ozs. margarine, 2 eggs, 2 oranges, 3 cioves. 2 inches cinnamon, 2 lemons irind and juice), 10 bananas (half quantities can be used for small family..."
sugar,1910,1,1137,812,6.9513,True,"orange and currant creams. 4 chart.% i rill cream, i lb. currants, sugar. sad • •a. r.i• ins. mwriaon —cat tho °rouges in half, and scoop out the trlelgit oaretully with • teastoon. pam the juice thro"
sugar,1910,1,1137,813,6.9526,True,"the difference. freddie (suyprised): ""why, papa. i thought one spoonful of sugar was always enough for my coffee. freddie's papa: this is a restaurant, my son; take all the sugar you want.""—w. beid, 1"
sugar,1910,1,1137,814,6.9546,True,"...arce and ea:per:3lre these butterflies are a nice addition. ,to the tea table, and are made as follows.—three-quarters of a pound oi dour, ilk). fine sugar, 41b. m"
sugar,1910,1,1137,815,6.9599,True,"cup cake. three cups of fl,pur, cups of sugar, -111). of butter, 11b. of currants, toz. of lemon peel, 1 nutmeg, 2oz. yeast, 3 eggs, half teaspoonful of carbonate of soda, id of milk. mix flour a..."
sugar,1910,1,1137,816,6.9606,True,"orange and currant creams. 4 oranges, i gill cream, lb. currants, sugar, and oz gelatine. mrrnon.—cut the oranges in half, and scoop out the inside carefully with a teaspoon. pass the juice through a "
sugar,1910,1,1137,817,6.9673,True,"for mint sauce. when making mint sauo3 histead of making it in tko usual way, if you mlt the sugar in a few tea. spoonfuls of hot water, and then add to the vinegar, and lastly the mint chopped very f"
sugar,1910,1,1137,818,6.9692,True,"...x ounces of flour, 2 tablespoonfuls of ground ginger, 1 tablespoonful of carbonate of soda, 2oz. of margarine, lb. of treacle, and 1 tablespoonful of sugar. melt treacle and margarine"
sugar,1910,1,1137,819,6.9694,True,"for afternoon tea. t:e.rdelioi i:te cakes for .tea. take the wr.:ght of an egg in butter or margarine, sugar, .lnd flour. cream thc butter and sugar togelber, add the ,h.a.c!,n of the egg and any flav"
sugar,1910,1,1137,822,6.9808,True,"...e, this cake, if kept a month before using, will be found very good and rich and inexpensive. the ingredients are:—ilb. flour, lb. butter, 6oz. moist sugar, llb. currants, ilb„ mixed peel"
sugar,1910,1,1137,823,6.9833,True,"french pound cake. ten ounces- --;f flour, boz. of castef sugar, &oz. of butter, 4oz. peel, ih. of sultanas, a lemon, and five eggs. first beat the butter and sugar to a cream, add the flour sifted by"
sugar,1910,1,1137,827,6.994,True,"cocoanut biscuits. quarter of a pound each of cocoanut, flour, ground rice, margarine, and sugar, two eggs, a teas.poonful of baking powder. cream the mar- garine and sugar and add the other ingredien"
sugar,1910,1,1137,828,6.9942,True,"hot water. most housewives know that sugar will dissolve far more quickly in hot water than in cold, but very few know that salt will dissolve in cold water just as quickly as when the water i..."
sugar,1910,1,1137,829,6.9944,True,"to bottle fruits. allow lb. of sugar to each lib. of fruit; put the sugar into peeserving pan with just enough water to .helip the sugar to melt. when melted, put in tho fruit, and boil ..."
sugar,1910,1,1137,832,7.0036,True,"currant souffles. 'ob. currants, 1 gill cream, 2 whites of egga little, sherry, sugar to taste, and water. mettlod.—carefully stew the currants in the water and sugar (syrup) reserve a few whole curra"
sugar,1910,1,1137,833,7.009,True,"useful recipes. cocoanut cae.-six ounces flour, four ounces castor sugar, four ounces butter, four ounces desiccated cocoanut, three eggs, tea- spoonful baking-powder, milk. beat butter and sugar toge"
sugar,1910,1,1137,834,7.0153,True,"butter cake. take two small breakfast cups of flour, 3ozs. of butter, one egg, 1 breakfast cup of sugar, a little milk, perkny baking powder. makes one large square sandwich tin; ice with icing sugar "
sugar,1910,1,1137,835,7.0195,True,"replies. raspberry buns. two pounds ,a plain flour loz. of cream of tartar, lb.of lard, oz. .of hi-carbonate of soda, ab, of sugar, 1 egg, 1 pint of milk (or malf milk, halt water), a few drops of ess"
sugar,1910,1,1137,836,7.0274,True,"...(atha p ip irps eled cocoa how to make elect-butta. half as. (two teaspoottfuls) rowtetree's elect cocoa, two ors. margarine, two ose. fru granulated sugar. beat the margar"
sugar,1910,1,1137,837,7.0306,True,"vegetable marrow jam. this recipe is improved by the addition of apples. allow for 41b. vegetable marrow, 41b. of apples, 31b. white sugar, ounce ground ginger, 1 large lemon. peel the marrow and remo"
sugar,1910,1,1137,838,7.0311,True,"13utter cake. 100. flour, 4oz. sugar, 3oz. butter, 2 eggs, a tea. spoonful baking powder, half a cup milk. beat butter and sugar together, add eggs (well beaten). mix baking powder with ..."
sugar,1910,1,1137,839,7.0357,True,"lemona.de. boil 211os. of white sugar with one pinit of lemon ilzice, bottle and oork it, put a tablespoonful of this syrup into a tumbler about three-parts tilled, add half a teaspoonful..."
sugar,1910,1,1137,841,7.0506,True,"home-made lemonade. the following rei:ipe (,•osts very little, and the re-- reult is a %ery coc.)l drink :—two quarts of boiling water, 2ibe. of.lump sugar, 202. of citrate acid, a,13,1 3 tables.poonf"
sugar,1910,1,1137,842,7.0598,True,"househol vanilla cr!.-:am cake. a d.!.deious aiternoon tea cake.--one cupful of flour, 1 cup not qu:te fu.l of sugar, 1 teaspoonfu: bakizig pawder, /dz. of hutter ot lard, and 2 eggs. beat er.s, butte"
sugar,1910,1,1137,843,7.0639,True,"...g primes. soak prunes in cold water for eight hours or more, and then putting them in a casserole in the oven to cook slowly till they are tender. no sugar is required. prunes boiled are prunes "
sugar,1910,1,1137,844,7.0644,True,"fairy basnxts. cream ib. sugar with 3oz. butter, add 2 beaten e 7,08, then flour 6075., nix well. fill deep patty tins with mixture, and bake 15 minutes. when cold take out r.:entz..."
sugar,1910,1,1137,845,7.0646,True,"rice buns. required: quarter of a pound of caster sugar, quarter of a pound of butter, quarter of a pound of flour, half a pound of ground rice, one teaspoonful of baking powder, half a gill of milk, "
sugar,1910,1,1137,848,7.069,True,"... c. e. w. lieta•uring).—no drugs; very kale butter. fat, or cream. potatoes, poi-.ridge. milk pud- dings, bread, and sweets; use saccharin instead of sugar • have cold"
sugar,1910,1,1137,850,7.0734,True,"orange curd. place in a brass pan over the fire 6oz. of loaf sugar with the juice of three oranges. add to this a pice of butter about the size of a walnut, stirring all the time. now add three eggs ("
sugar,1910,1,1137,851,7.075,True,"notes on horses. fresh, w arm cow's milk, with a teaspoonful of sugar added to each quart, is the beet food for young colts that have to be raised by hand but the milk rhould not contain more than 4 p"
sugar,1910,1,1137,852,7.0751,True,"diet cake. required: quartertxund of flour, loz. butter, 3 eggs. 3ozs. castor sugar, a small teaspoonful ot powdered ginger, and same of grated lemon rind. separate the yolks frolll whites of eggs, wh"
sugar,1910,1,1137,853,7.0854,True,"chocolate junket. melt two ot-- chocolate evf-r water. in the meantime heat a quart of milk sufficiently to diszolve sugar to svveter.. pour the melted chocolate very gradualiv, etirrthg all the time."
sugar,1910,1,1137,856,7.0945,True,"soda scones. one pound of fccitti7,--20-z:- of -o-u-tter, loz. of caster sugar, half a teaspoonfu. or carbonate of soda, 1 teaspoonful of cream of tartar, half a pint of milk, a saltsp&onful of salt. "
sugar,1910,1,1137,857,7.0963,True,"raspberrte.ti. to .every pound of fruit allow ilb. of caster sugar. put the raspberries in a bowl or large pie. dish in the 'oven, als6 put the sugar in a separate bowl into the oven to get hot, out n"
sugar,1910,1,1137,859,7.0991,True,"good ice cream. take a cupful of milk, and in it beat the yolk of an egg; add a spoonful of cornflour, sugar to taste, and flavouring of lemon or almonds. boil till it thickens into a kind of custard;"
sugar,1910,1,1137,862,7.104,True,"butter cream toffee. into a well-buttered pan put 11b. of brown sugar, pb. of butter, half a. teacupful of treacle. let this melt; then add one gill of cream and the white of one egg well whisked. let"
sugar,1910,1,1137,863,7.1042,True,"...ng obildrea; for the active growth of the bones and muscles and nerves five elements are needed, viz: (1) nw-agorae"" foods each se meat and flab; (2) sugar"
sugar,1910,1,1137,864,7.1061,True,"...f -bate. r, ib.augar, 11b. flour, ground rice. 11b. ourmrsts, zots. lemon peel, 3 eggs, 1 teaspoonful of baking powder, 1 cup of milk. mix butter and sugar together, ;.dd eggs"
sugar,1910,1,1137,865,7.1076,True,"delicious chocolate cake. six out; of flour, 4,1)• of sugar, ;lb. of butter, 2 eggs, 1 teaspouniful oi baking powder, and a very little milk. beat butter and sugar to a cream, add eggs voell-beaten an"
sugar,1910,1,1137,866,7.1076,True,"easter eggs. one pound of icing sugar, ans orange, one table- spoonful of cream, and a few drops of saffron colouring. pass the sugar through a sieve, squeeze and strain the juice from th..."
sugar,1910,1,1137,867,7.1118,True,"...ss. various dev'ices have been regorted to for the preparation of fermented milk dririks to imitate the origniza kounitss. in some of these yeast and sugar are added to the cow's mak, "
sugar,1910,1,1137,869,7.1271,True,"goosebery trifle. this is a nice change from the usual tart. two pints of gooseberries are required, and half a pound of dernarara sugar, half a pint of custard, three penny sponge 'cakes, and half a "
sugar,1910,1,1137,870,7.1273,True,"spice drops. take 4ozs. ground rice, igz. flour, 3ozs. maize flour, 2ozs. dripping, one tablespoonful sugar, one prepared dried eggs, half a teaspoonfhl of pow- dered spice, a teaspoonful baking powde"
sugar,1910,1,1137,871,7.1337,True,"delicious milk buns. one and a half pounds of flour, a teaspoonfiii fine sugar, 2oz. ot trattr or lard, loz. of yeast, 1 egg, 1 pint of milk, ii.nd a pinch of salt. rubtb butter into the flour, add th"
sugar,1910,1,1137,872,7.1351,True,"madeira cake. beat ;lb. butter, ilb. castor sugar to a cream. add two eggs, half a teacup of milk, half teaspoon leninn csgence. gradually add 607.5. flour to which teaspoonful baking powder ha. 5 1-..."
sugar,1910,1,1137,873,7.1352,True,"penny etponge cakes. prepare two moulds by coating them woll with wa!rm butter, dust tin!: generously with equal p,rtb of sifted flour arsd castor sugar, eovering cvenly. when the moulds are eoated ra"
sugar,1910,1,1137,874,7.1379,True,"...guage. parma pudding. • take 4oz. of vermicelli, fl pint of new milk, two eggs, ilb. of bread crumbs, one ounce of butter, a small stick of cinnamon, sugar to taste. "
sugar,1910,1,1137,875,7.1492,True,"strawberry cakes. one pound of strawberry blancmange powder, .soz. of flour, 3oz. of sugar, 2oz. of butter, a few drops of strawberry essence, 2 eggs, and 1 tea- spoonful of baiting powder. cream the "
sugar,1910,1,1137,877,7.1537,True,economy in sugar. when stewing any kind of fruit much less sugar will be requirm if when. fruit comes to boiling point about an eggspoonful of hi-carbonate of soda is...
sugar,1910,1,1137,878,7.1561,True,"...usehold recipes, lihe prize.-winners arc mts a jolanson, mrs a. stobbart, miss l. wilkinson. date loaf. loaf. one and a 'tali pounds of flour, vb• of sugar, 11h. of dates, il"
sugar,1910,1,1137,880,7.1575,True,"american feather cake. one half-oup butter, one cup sifted sugar, three cups flour, one teas.p,oonful soda, three eggs, two teaspoonfuls cream of tartar. beat the butter and sugar to a ell:1nm dissolv"
sugar,1910,1,1137,882,7.1635,True,"cocoanut kisses. five ounces ()i flour tselt-radaing is th.:- best,), b. of butter. 3oz. of de.s,sicated cocoanut, 4oz. of caster sugar. and 2 eggs. beat the butter and sugar to- gethet. add the des.."
sugar,1910,1,1137,884,7.1701,True,"household recipes, lemonade cake. one bres.kfastcupful of flour, hall a breakfastcep. 'eeraspo fill oi sugar, 1 egg, piece of butter the s.ze of et egg, id lemonade cryst37.s, 1 onful of baking powder"
sugar,1910,1,1137,885,7.1839,True,".w iv london toffee. place in an enamelled saucepan alb. treacle, llb. demerara sugar, and four ounces of butter, which should be cut up in small pieces. place the sauce- pan on a, clear fire, and sti"
sugar,1910,1,1137,887,7.1995,True,"sand cake. this cake melts in your mouth. two ozs. butter, 40z. castor sugar, 2 eggs, 40z. corn flour, 1 tablespoon ordinary flour, 1 teaspoon baking powder. beat butter and sugar to a cream, add 1 eg"
sugar,1910,1,1137,890,7.2208,True,"prince albert pudding. take firm each of ntater and c.a..9tex sugar and stoned rair:ms and flour, with four well-heaten eggs. mx altog,ther, and titeatm in a mould for two hours and a half.—mrs e. m. "
sugar,1910,1,1137,892,7.233,True,"some useful recipes. banana. salad.—siice some bananas into a glass dish, dust sugar over, and add a little lemon-juice. then • put a layer of small strawberries or raspberries, and squeeze some red c"
sugar,1910,1,1137,893,7.2332,True,"patriotic pudding. ingredients: two ounces of butter a,nd lard mixed, two tablonfulls of sugar, three table spoonfuls of flour, one tablespoonful of ground rice, one tablespoonful of jam, one teaspoon"
sugar,1910,1,1137,894,7.236,True,"custard buns. beat to a cre;nll.eg-g and 1 .c.;1; sugar. w°14,1 2 ounces of butter nice and soft, and beat it the sugar and egg. add i grated nutmeg, 1 g2l milk, and enough prepared flour to make it e"
sugar,1910,1,1137,895,7.238,True,"rhubarb hedgehog. wipe and cut up some rhubarb ituzo small pieces and cook in an enamelled saucepan with a ea.( water until like a pulp, add sugar or syrup to sweeten, beat up. dissolve a little gelat"
sugar,1910,1,1137,896,7.2465,True,"almond fingers. quarter pound of flour, }lb of ground almonds, 2ozs. of whole almonds, 1 egg, 2ozs. sugar, and a little raspberry jam. rub butter into flour, add 1 teaspoonful of sugar with the yolk o"
sugar,1910,1,1137,897,7.2519,True,"good ice cream. take a cupful of milk, and in it beat the yolk of an egg; add a spoonful of cornflour, sugar to taste, and flavouring of lemon or almonds. boil till it thickens into a kind of custard;"
sugar,1910,1,1137,899,7.2621,True,"sand cake. this cake melts in your mouth. two ozs. butter, 4oz. castor sugar, 2 eggs, 4oz. corn flour, 1 tablespoon ordinary flour, 1 teaspoon baking powder. beat butter and sugar to a cream, add 1 eg"
sugar,1910,1,1137,900,7.2621,True,"sand cake. this cake melts in your mouth. two ozs. butter, 4oz. castor sugar, 2 eggs, 4oz. corn flour, 1 tablespoon ordinary flour, 1 teaspoon baking powder. beat butter and sugar to a cream, add 1 eg"
sugar,1910,1,1137,903,7.2733,True,"preserving oranges. put albs. of fine sugar into one quart of water, and make a syrup of it. choose good sound oranges, from one to two dozen, or according to quantity made. put them into the s..."
sugar,1910,1,1137,905,7.2751,True,"fairy buns. four ounces of butter, four ounces of caster sugar, fou.r ounces of flour, four ouncks of corn- flour, two egg 6, two teaapoonfu,':s of baking powder, one teaspoonful of fiavouriing, and o"
sugar,1910,1,1137,906,7.277,True,"e. simms, 18, talbot-street, middlesbrough. compote of apples. take six ripe apples, one lemon, half a pound of lump sugar, half a pint of water. select the apples of a moderate size, peel them in hal"
sugar,1910,1,1137,907,7.2794,True,"cheap plum cake. ons pound of flour. vbs. of margarine, two table- 4psoonfule of treacle, three eggs, 2lbs. of sugar, one gill of milk, 11b. of currants. one teaspoonful of cream of tartar, one teaspo"
sugar,1910,1,1137,908,7.2848,True,raisin loaf. ingredients: ill). of raisins (stoned and chopped); noz. of margarine; teaspoonful of powdered spice; db. of brown sugar; 1 cup- ful of treacle; ipt. of boiling water; 12oz. of flour; 1 t
sugar,1910,1,1137,911,7.2999,True,"walnut cake. ingredients: two ad a halrounces of sugar, 2iozs. of butter or marga-..ine, sozs. of flour, loz. of ground ric, 1 egg, 1 oz. of chopped walnuts, half a 4easpoonlul of baking powder, ad a "
sugar,1910,1,1137,912,7.3115,True,"icing without eggs. one teaspoonful of white sugar, five tablespoon- fuls of milk; put sugar and milk into a sauce- pan, and tir till it boils. let it boil briskly for eight. minutes; add any flavouri"
sugar,1910,1,1137,913,7.3117,True,"chestnut cakes. t'wenty-five chestnuts, ioz. of gutter, half a gill of cream, the w`hite of 1 egg ilb. of caster sugar, and two teaspoonfulso orange water. shcil the chest- nut 6, boil till soft, then"
sugar,1910,1,1137,915,7.3157,True,"a cooling drink. mix a pint of buttermilk with four pints of milk and five pieces of lump sugar; pour the whole from one jug to another till the sugar is melted, which will take from ten to fifteen mi"
sugar,1910,1,1137,916,7.3198,True,"mock venison. get a .rrniall iri ,of lamb, bone it carefully, mix together a little brown sugar a.nd black pepper, and rub it into the part iron' winich the bones were cut. :moisten with 3 little port"
sugar,1910,1,1137,917,7.321,True,"... syllabubs.—reat, a pint of cream to a stiff froth, and divide into three portions on separate plates. to one part add two tableopoonfuls of powdered sugar °lod grated banana; "
sugar,1910,1,1137,918,7.3374,True,"a cheap 6auce. this inexpensive sauce requires to be better known. put a small handful of loaf sugar in a caucepan, add a little water, and iset the pan on the fire until it becomes a dark brown colou"
sugar,1910,1,1137,920,7.3392,True,moss's christmas prices. moss's best flour per stone 1/6 moss's biscua flou „ 1;5 moss's houseeiold flou r „ 1:4 white granulated sugar 2 lbs. for 3-a fine castor sugar 2 lbs. for 4d pure lard per lb.
sugar,1910,1,1137,921,7.3481,True,"feather buns. take 1 pound of flour, 6ors of sugar, loz. of b ater, 1 teaspoonful of carbonate of soda, 2 tea- t;pkionfuls of cream of tartar, 1 egg, a. little milk. rub the butter into the flour, add"
sugar,1910,1,1137,922,7.3501,True,"ginger wine. seven and & half li.ounds of mashed lump sugar, gtoz. of isingliass. the rinds of 4 lemons, and five gallona of water. put the water into a boiler, and tlaen add tli.e sugar and the white"
sugar,1910,1,1137,923,7.3628,True,"preserved cherries; put in the slices of bread and butter, dusting each slice with castor sugar and sprinkling with a few i;hopped pre- served cherries.. when full, beat up an egg with half a pint of "
sugar,1910,1,1137,924,7.3685,True,"jam making. first the fruit -should be dry and not too ripe, always use the finest cube or crystallised sugar. for a.eid fruits, •cqual weights of sugar and fruit are required sweeter fruits only requ"
sugar,1910,1,1137,925,7.3685,True,"boiled custard. one pint of now milk ,'quarter candied lemon rind, two or three bay leaves, one tablespoonful avhite sugar, one dessertspoonful ground rice. one cup cold milk, two eggs, ten drops vani"
sugar,1910,1,1137,927,7.3721,True,"2z111i1111111he1111111111111111i1111111111111!111111111111111111111111 food value of chocolate chocolate is made with cocoa and sugar and forms a palatable and convenient food, containing such essenti"
sugar,1910,1,1137,930,7.3821,True,"...aking for xmas children love sweets, and they are good for them in moderation, especiaitly if the ingredients are quite pure. in households where the sugar ration has been hoarded, or where it "
sugar,1910,1,1137,931,7.3868,True,"jam making. first the fruit -should be dry and not too ripe, always use the finest cube or crystallised sugar. for a.eid fruits, •cqual weights of sugar and fruit are required sweeter fruits only requ"
sugar,1910,1,1137,932,7.3974,True,"cocoanut gingerbread. half a pound flour, 2oz. sugar, 1 teaspoonfa: car. i3onare of soda, gill milk, 1 egg, lb. treacle, 2oz. butter, !lb. cocoanut, koz. of ginger. dissolve the butter and sugar and s"
sugar,1910,1,1137,933,7.3997,True,"adelines. ftmr ounces of butter, tkm. castor sugar, soz. flour, 3 eggs, & teaspoonful essence of vanilla, some jam (syrup, dessicated coooanut (small tea- spoonful), baking powder. kub the butter and "
sugar,1910,1,1137,934,7.4012,True,"2z111i1111111he1111111111111111i1111111111111!111111111111111111111111 food value of chocolate chocolate is made with cocoa and sugar and forms a palatable and convenient food, containing such essenti"
sugar,1910,1,1137,935,7.4101,True,"green tomato jam. cut the tomatoes small., and put in. preserving pan, bringing slowly to the boil. allowing to boil 20 to 30 minutes. then add the sugar (lib. of sugar to lib. of tomatoes), the juice"
sugar,1910,1,1137,936,7.4112,True,"paisley diamonds. (me ounce of paisley flour, 6ozs. ordinary flour. 3ozs. butter, 2ozs. ground rice. liozs. sugar, 1 egg, pinch of salt, 2 tablespoonfuls of milk. mix the flours add the sugar and salt"
sugar,1910,1,1137,938,7.4159,True,"victory biscuits. beat together 807.. of margarine and 4oz, sugar to a cream. add one well-beaten egg. sift together bft. custard powder. boz. flour. and small teaspoon- ful of baking powder. stir int"
sugar,1910,1,1137,939,7.418,True,"rhubarb marmalade. to eaeh pound of rhuba.rb put thf rind of one loz.of a:nionds. and vb. of lump sugar. :.1.1.113i, he boilod for otif hour be fore tho sugar is put :n. and half aa hour afterwards.—m"
sugar,1910,1,1137,940,7.4199,True,"red currant jelly. three pounds of red currants, 31bs. of loaf sugar, ani; one breakfastcupful of ia-ater. put the sugar and water into a pan, and let it boil two minutes, then add the fruit. shake th"
sugar,1910,1,1137,941,7.4221,True,"...arh-, wash and dry well, „,,ut urf the ends, aud take every piece of peel ott. it v y thinly. then to e cry poupird of fruit allow lib. of preserving sugar. lay a la"
sugar,1910,1,1137,942,7.4249,True,"miingialliiimi.o. t ginger queens. take 4oz. of oiled butter, loz. of ginger, 2 eggs, a little milk, 6oz. of easter sugar, 6oz. of flow, a tea- spoonful of baking powder. beat 1,11,2 butter, ginger, a"
sugar,1910,1,1137,944,7.4364,True,"to exterminate ants. damp a sponge in a solution of sugar and water, ar....1 put. on a plate in the cupboard infested with them. and place within a deep dish with water. very soon the sponge will be f"
sugar,1910,1,1137,945,7.4394,True,"apricot cake. half a pound of flour, &lb. buttar, ilb. sugar, 3 eggs, 3 teaspoonfuls baking powder, 4 tablespoon- fuls of apricot syrup, about 6ozs. apricots (cut into four). grease a suitable tin, cr"
sugar,1910,1,1137,947,7.4467,True,"round the kitchen fire. rock buns.-11b. flour, vb. dripping. 1 tea- podnful baking powder, a pinch of salt, fib. moist sugar ilk. currants, 1 egg. sufficient milk to bo to a stiff paste. put the flour"
sugar,1910,1,1137,948,7.4473,True,"store-room treasures. more than ever this ykar it is necessary that el garden produce should be utilised ""to the last leaf and pod."" though sugar is riot to be had, vinegar is still purchasable, if de"
sugar,1910,1,1137,949,7.4499,True,"nun's biscuits. take 6 eggs, leavo out 2 whites, bea,t them to a froth, as the froth rises take it off. and put it to 1113. of fine sugar (sifted). beat these weld together, take llb. of blanched almo"
sugar,1910,1,1137,950,7.4548,True,"to prevent burns. when taking hot potatoes from the oven pull over your hand one of those little bags that salt or sugar is sold in. keep a piece of fine sandpaper in the kitchen, and if your cake or "
sugar,1910,1,1137,956,7.4915,True,"mn s g. a. gull, barnaby moor, near guithro'. cheap lunch buns three ounces of butter, 4oz. of sugar, 6ozs. flour, 2 egos, flavouring of lemon, 1 teaspoonful of baking powder, a few currants. beat the"
sugar,1910,1,1137,957,7.4966,True,"... a pound of flour. 30g. utt. 2oz. star, 2 eggs. a teaspoonful baking powder, • .c.:tioe ol vanilla, a little red currant jelly. 8,-it the l'utte; and sugar to a cream, add "
sugar,1910,1,1137,958,7.5043,True,"fruit preserving without sugar saliimmim• airy-,se sound dry tiltitt plats in clean dry battles or plat)e these in slow ores and arwitially aree.e. heat until =astute in fruit is a..."
sugar,1910,1,1137,959,7.5068,True,"round the kitchen fire. queen cakes. hers. flour, 2ozs butter, lose. currants, 2 eggs, 4 teaspoonfuls baking po‘nder and a little milk, 3ozs. sugar. beat butter and sugar to a cream, add flour and egg"
sugar,1910,1,1137,962,7.5193,True,"iced orange. procure twelve orra.iages. to every pound of pounded sugar allow the whites of two eggs. whisk the whites of the eggs well, stir in the sugar, and beat this mixture for a quarter of an ho"
sugar,1910,1,1137,963,7.5266,True,"...bruise a gallon of white grapes into a gallon of water, to stand a week without stirring; pour off the liquor fine. to each gallon add 31bs. of lurnp sugar; after it ceases hissing stop it"
sugar,1910,1,1137,965,7.5327,True,"lemon diamonds. take vb. flour, 3oza. sugar, 1 egg, ilb. of butterr, 10 drops of lemon ear,ence, 41b. of icing sugar, some lemon juice, and a little candied peel. beat tipe butter to a cream, a..."
sugar,1910,1,1137,967,7.5436,True,"...t excellent recipe for ginger wine, and one which occasions very little trouble in making essence of ginger, ioz. of essence of capsicum, id of burnt sugar, oz. of tarta"
sugar,1910,1,1137,969,7.5513,True,"...inie,. take 6 drachms of eg-isence of cayenne, eight drachms of essence of ginger, an ounce and a half of tartaric acid, and twor,,n.nyworth of burnt sugar, and put them all together in a teac"
sugar,1910,1,1137,970,7.5596,True,"...ng obildrea; for the active growth of the bones and muscles and nerves five elements are needed, viz: (1) nw-agorae"" foods each se meat and flab; (2) sugar"
sugar,1910,1,1137,971,7.5625,True,"apple ginger. two pounds of sour cooking app!es. 21bs. los` sugar, ioz. extract of ginger, 1 p!rit of water. makf a syrup of the sugar and water as following: dis g-ylve the sugar in the water, bring "
sugar,1910,1,1137,975,7.5721,True,"mint drops. put one pound of sugar, half a saltapoonful of rtream of tartar,. and half a .eupfin of water over the fire. stir until the sugar is dissolved, and the mixture begins to bo..."
sugar,1910,1,1137,976,7.582,True,to make coat waterproof. take 11b. of sugar of .rad and ib. of alum. put both ingredient. into tub of soft water just. as mthn water as you w.ifl require. put the coat ir.to the tub. bert az &o...
sugar,1910,1,1137,979,7.5913,True,"tea kisses. three ounces of cornflour, liozs. of butter, 30za. of castor or brown sugar, one egg, and one tea- spoonful of baking powder. beat the butter and sugar to a oream, mix together the flour, "
sugar,1910,1,1137,980,7.5926,True,"gum-paste. take ilb. of coninitisu kuril • arahic arid. 2ux. of sugar candy; melt this mixture in a pot or jar of water, then 'strain it through a linen sieve, when it has become liquid, put pan of it"
sugar,1910,1,1137,982,7.5963,True,"...a short crust as follows:—sift ilb. of flour. place in basin, rub into it lb. of butter, stir in one large teaspoonful of baking powder, and a little sugar. mix well, then"
sugar,1910,1,1137,984,7.6008,True,"home hints. cures colds quickly. squeeze a lo.mon into a cup aud pour over it half a pint of boiling water; don't put any sugar in it, but drink it as hot ae you oan, then go to bed, wrap a blanket ro"
sugar,1910,1,1137,986,7.6132,True,"rhubarb and tapioca. fill. a pie-dish with pieces of cut rhubarb, sugar to taste, and to every pound of rhubarb two tabel. spoonfu,s of tapioca. three-quarters fill the pie. dish wlith water, and bake"
sugar,1910,1,1137,987,7.6147,True,"christmas wine. two drachms ee,,eno-s. of -cayeru'fc. four drachms essence of ginger, pennyworth of essence of lemon. *erne of burnt sugar, three-quarters of an ounce of tartaric acid, three pounds of"
sugar,1910,1,1137,988,7.6272,True,"cherry care. quarter of a pound of butter, 1 cupful of sugar, 2oz. of peel, 2oz. of glace cherries, lib. of self-raising flour, 2 eggs, gill of milk. beat butter and sugar to a cream, then add eggs we"
sugar,1910,1,1137,989,7.6282,True,"almond and c}.llltry cake. six ounces of flour, ib.butter, lib. castor sugar, 2oz. sweet ahuonds (grouhd), 41.1) preserved cherries, 1 tea-spoonful baking powder, pinch of salt, 3 eggs. beat butter an"
sugar,1910,1,1137,993,7.6405,True,"american ice. one pint of new milk, 2oz. of moist sugar, 2 eggs, 6 drops of essence of lemon, oz. or gelatine. boil the milk and geltatine for twenty minutes, then beat the sugar and yolks of eggs for"
sugar,1910,1,1137,994,7.6445,True,"home-made lemon curd. take 41b. best butter, one cupful of loaf sugar, the juice and rind of two lemons, two good eggs. put buttet and sugar into a two pound jar, squeeze the aemons, removing all pips"
sugar,1910,1,1137,995,7.6459,True,"to day's mips. sponcis puddino.—take two tablespoon. fuls of pun. too tablespoonfuls of castor sugar, four to sin handle= of self-raiting soar, one to two moon, of butter, one or two emit, sod sank. n"
sugar,1910,1,1137,996,7.6524,True,"lemon jelly. two lemons, 2 oranges, lib. of sugar, 4ozs. corn. flour. dissolve the sugar in three gills of water, add the juice of the oranges and lemons, boil about ten minutes, then mix the cornflo..."
sugar,1910,1,1137,997,7.6533,True,"a good apple wine. four quarts of apples, crushed a little; pour over four gallons of boiling water, cover, and leave 14 days; strain, allow ]lb. of sugar to each pint of juice, add a little boiling w"
sugar,1910,1,1137,999,7.6733,True,"almond and c}.llltry cake. six ounces of flour, ib.butter, lib. castor sugar, 2oz. sweet ahuonds (grouhd), 41.1) preserved cherries, 1 tea-spoonful baking powder, pinch of salt, 3 eggs. beat butter an"
sugar,1910,1,1137,1000,7.6742,True,"everton toffee. put 11b. of powdered sugar and one teacupful of cold water into a saucepan. when the sugar is dissolved, add vb. of butter beaten to a cream. keep stirring the mixture over the..."
sugar,1910,1,1137,1001,7.6743,True,"almond icing and white icing for two-tier cake. almond iciug:-41:b7s. of icing sugar, 31bs. of ground almonds, the juice of half a lemon, a few drops of orange flower water, and two eggs. roll the ici"
sugar,1910,1,1137,1002,7.6749,True,"honeymoon tart. pare and core as many apples ae, will be re. quired, and stew with very little water and sugar to taste. put into a basin 1 egg and 2 tablespoon- fuli of sugar. beat thoroughly togethe"
sugar,1910,1,1137,1003,7.6836,True,"useful hints. when making a fruit tart ni,tx a little cornflour with the sugar before adding it to the fruit. this will make the juice like syrup, and prevent it from boiling over stewed fru:.t will n"
sugar,1910,1,1137,1007,7.6959,True,"...nts. a cooking hint. to make beef steak tender, let it lay for an hour before cooking on a dish on which two tablespoon- fuls of salad oil mixed with sugar .have been poured. turn it over once "
sugar,1910,1,1137,1009,7.7008,True,"sponge cake. one polllld of sugar, lib. of eggs (in shell), 14-oz. of flour, lemon flavour. &at sugar and eggs for about 20 minutes, then add flavour, and beat for five, then add flou..."
sugar,1910,1,1137,1010,7.7044,True,"... you ever heard the word''metabol- ism""? it is,rather a mouthful, but it means all the chemical chanfes that take place in the body. i eat a piece of sugar (when i can get it); it is a"
sugar,1910,1,1137,1013,7.725,True,"birdk when sugar is liquefied in the cream like fluidity of bird's custard,_ the swe'ele-tiing power is greatly increased. if therefore you always serve bird's custar..."
sugar,1910,1,1137,1014,7.7263,True,"black currant jam. to each quart of black currant; add orhe pint of water and boil twenty minutes. then add 31bs. of sugar for each quart of fruit, and let boil for five inin,utes, stirring well all t"
sugar,1910,1,1137,1015,7.7372,True,"seft gingerbread. four cups flour; one cup each butter, sugar, syrup, and buttermilk; one tablespoonful each ginger and cinnamon; one teaspoonful soda; four eggs; a little salt. beat the butter and su"
sugar,1910,1,1137,1017,7.7374,True,"treacle sponge. take a piece of butter the size of a walnut, four tablesponfuls of sugar, 1 egg, four tablespoonfuls of flour, 1 teaspoonful of baking powder, a little milk if required. beat butter an"
sugar,1910,1,1137,1018,7.7445,True,"good ice cream. take a cupful of milk, and in it beat the yolk of an egg; add a spoonful of cornflour, sugar to taste, and flavouring of lemon or almonds. boil till it thickens into a kind of custard;"
sugar,1910,1,1137,1020,7.7566,True,"to bottle fruits. allow lb. of sugar to each lib. of fruit; put the sugar into peeserving pan with just enough water to .helip the sugar to melt. when melted, put in tho fruit, and boil ..."
sugar,1910,1,1137,1021,7.7587,True,"...ea is a fine summer beverage. it is not much trouble to make a supply of this simple cooling drink about twice a week, and it only costs the price of sugar"
sugar,1910,1,1137,1024,7.7729,True,"easter eggs. one pound of icing sugar, ans orange, one table- spoonful of cream, and a few drops of saffron colouring. pass the sugar through a sieve, squeeze and strain the juice from th..."
sugar,1910,1,1137,1025,7.7735,True,"greengage jam. remove stalks, and take out the stemes, and re- move the kernels. blanche them, and lay thorn aside. allow one pound of sugar to each pound of fruit, and to every six pounds of sugar al"
sugar,1910,1,1137,1026,7.7825,True,"round the kitchen fire. rock buns.-11b. flour, vb. dripping. 1 tea- podnful baking powder, a pinch of salt, fib. moist sugar ilk. currants, 1 egg. sufficient milk to bo to a stiff paste. put the flour"
sugar,1910,1,1137,1028,7.7913,True,"green gooseberry fool. take one pound and a half of gooseberries. half a pound of moist sugar, and one pint of custard. top and tail the gooseberries, put them in a sauce- pan ;,vith the sugar and a p"
sugar,1910,1,1137,1029,7.7977,True,"...e damsons. --- pick the fruit while dry, prick through with a fine needle, and pack the fruit :n a jar. to every pint of damsons take half a pound of sugar and a quarter of a pint of vinegar. "
sugar,1910,1,1137,1030,7.798,True,"icing hints. _ before putting icing on a christmas cake, let it be thick enough to cc.411 the back of a spoon. re- member to sieve your sugar before using it to get rid of the lumps. pour the icing on"
sugar,1910,1,1137,1031,7.809,True,sugar in surgery. dressing wounds with ordinary sugar is reported to have proved successful. sugar is sprinkled in a thick layer over a wound that has prev...
sugar,1910,1,1137,1032,7.8168,True,"...ke. ingredient. :—lb, butter, two eggs, one teaspoon- ful baking powder, one cupful of flour, 41b. shelled walnuts, a little osergt, cream butter and sugar together, add one egg-at a time, mi"
sugar,1910,1,1137,1034,7.824,True,"how to make elect-butta take half os. (two traspocmpls) botontree's elect cocoa, two on. margarine, two ozs. fine granulated sugar. beat the margarine until soft and creamy, gradually add ,he sugar an"
sugar,1910,1,1137,1035,7.8269,True,"...e damsons. --- pick the fruit while dry, prick through with a fine needle, and pack the fruit :n a jar. to every pint of damsons take half a pound of sugar and a quarter of a pint of vinegar. "
sugar,1910,1,1137,1038,7.8335,True,"economical cake.* two ounoes of butter, loz. lard, 4ozs. sugar, &as. ground rice, 2 eggs, 7ozs. sour, loz. baking powder, id milk. beat the butter, lard, and sugar to a cream, then add the eggs well b"
sugar,1910,1,1137,1040,7.8444,True,"household recipes. cream cornets. on4p, egg, its welglit in flour, butter, and sugar, a few drops of vanilla. beat the butter to a en:am, add the sugar and eggs weil-beaten., then the flow, spread ver"
sugar,1910,1,1137,1041,7.8454,True,"feather cake. one tablespoonful of butter or margarine, 1i cup fuls of flour, 1 cupful of sugar, haif a cupful of miik, 1 egg. 1 tahlevoonfill of baking powder. beat butter and sugar together and a li"
sugar,1910,1,1137,1042,7.8459,True,"rice biscuits. take one breakfa,etcupinl each of ground rice, flour, and sugar; beat two tggs well, and add 4ozs. of margarine well creamed, linen add sugar, ground rice, and flour, gradually beathing"
sugar,1910,1,1137,1043,7.8566,True,"...ring hints. a. very delicious flavour is imparied to a cup of chocolate if a tiny piece of cinnamon be added to it. if a vanilla bean is kept, in the sugar jar it will give it a delica.te flavou"
sugar,1910,1,1137,1045,7.8729,True,"aton cakes. i into thilee-quarters of a pound •of flour rub three ounee.9 each of lard and butter, add six ounces of castor sugar, the grated rind of one lemon, and a teaspoonful of baking powder. mix"
sugar,1910,1,1137,1046,7.8771,True,"meringue tartlets. four ounces of castor sugar. 2 whipped whites cf eggs, some short paste, some snitable jam, and a 'little pae...ry ciust.a.rd. line some tartlet tins thinly with the paste, half..."
sugar,1910,1,1137,1048,7.8985,True,"a good way of getting at it. tommy: ""eleven pounds of coffee at is a pound, eight pounds of tea at is 2d, nine pounds of sugar at 3d, and three penny eggs, how much will that be. please?"" rocer: ""one "
sugar,1910,1,1137,1051,7.9244,True,"• • sham poached eggs two ounces of cornflour,, one pinen of salt, one quart of milk, one tin of apricots, 2oz. of sugar, 1 teaspoonful of vanilla. put the milk on to boil, and put into a basin the co"
sugar,1910,1,1137,1053,7.9336,True,"to make a coat waterproof. take o pwdred arid sugar of lead each on* ounce. and stir them into a gallon of rain water, au.d witen the mixture is clear pour off the upper liquid. immerse the coat lt.i "
sugar,1910,1,1137,1054,7.9364,True,"easter eggs. one pound of icing sugar, ans orange, one table- spoonful of cream, and a few drops of saffron colouring. pass the sugar through a sieve, squeeze and strain the juice from th..."
sugar,1910,1,1137,1056,7.9499,True,"easter eggs. one pound of icing sugar, ans orange, one table- spoonful of cream, and a few drops of saffron colouring. pass the sugar through a sieve, squeeze and strain the juice from th..."
sugar,1910,1,1137,1057,7.9725,True,"... syllabubs.—reat, a pint of cream to a stiff froth, and divide into three portions on separate plates. to one part add two tableopoonfuls of powdered sugar °lod grated banana; "
sugar,1910,1,1137,1058,7.9727,True,"...ea is a fine summer beverage. it is not much trouble to make a supply of this simple cooling drink about twice a week, and it only costs the price tf sugar"
sugar,1910,1,1137,1061,8.0003,True,"sponge cake. one polllld of sugar, lib. of eggs (in shell), 14-oz. of flour, lemon flavour. &at sugar and eggs for about 20 minutes, then add flavour, and beat for five, then add flou..."
sugar,1910,1,1137,1062,8.0067,True,"swiss rolls. two tablespoonfuls of flour, two tablespoonfuls of sugar, two teaspoonfuls of baking powder, two eggs. beat the eggs and sugar for ten minutes, then add the flour, and, last, the powder. "
sugar,1910,1,1137,1063,8.0195,True,"...f _1;71 110.1111.111.1 how to make elect-butt,4: take half oz. (two teaspoonfuls) rotontree's elect cocoa, two om ntargarine, two oz. floe granulated sugar. beat the margarine until soft and cr"
sugar,1910,1,1137,1064,8.0319,True,"to bottle fruits. allow lb. of sugar to each lib. of fruit; put the sugar into peeserving pan with just enough water to .helip the sugar to melt. when melted, put in tho fruit, and boil ..."
sugar,1910,1,1137,1065,8.0329,True,sugar in surgery. dressing wounds with ordinary sugar is reported to have proved successful. sugar is sprinkled in a thick layer over a wound that has prev...
sugar,1910,1,1137,1066,8.0352,True,"red currant jelly. six pounds of red currants, 11b. of sugar to each pint of syrup. method: remove the stalks from the currants, and put the currants into a stew jar; c!osely cover and stand the jar i"
sugar,1910,1,1137,1067,8.0452,True,"adelines. ftmr ounces of butter, tkm. castor sugar, soz. flour, 3 eggs, & teaspoonful essence of vanilla, some jam (syrup, dessicated coooanut (small tea- spoonful), baking powder. kub the butter and "
sugar,1910,1,1137,1068,8.0573,True,"...entillo man, fond of experimenting. anomeded in taming an nat. he kept tribes of ante in nests which he had made -himself, and fed them with honey or sugar through a tube. one da"
sugar,1910,1,1137,1071,8.0758,True,"healers -moot how to make klect-butta. take half os. mvo var7)ootfo18) rowntree's elect cocoa, two on. margarine, two ozp. fine granulated sugar. beat the margarine until soft and creamy, gradually ad"
sugar,1910,1,1137,1072,8.0846,True,"honeymoon tart pure and core gs many apples as will be re. (mired, and stew with veizir little water and sugar to tte. put into a basin one egg and two tableslx)onfuls of sugar. beat thoroughly togeth"
sugar,1910,1,1137,1074,8.1052,True,"...f _1;71 110.1111.111.1 how to make elect-butt,4: take half oz. (two teaspoonfuls) rotontree's elect cocoa, two om ntargarine, two oz. floe granulated sugar. beat the margarine until soft and cr"
sugar,1910,1,1137,1075,8.1103,True,"well to know. when stewing fruit add the sugar after the fruit is cooked, but while it i 5 still hot. by doing this a smaller quantity of sugar is required.---yo take tea eita:ns out of flann.fls,..."
sugar,1910,1,1137,1076,8.127,True,"tasty custard pudding. take a pint of new milk, oz. of sugar (or else eight or nine lumps), 1 teaspoonful of flour, a piece of fresh butter (about the size of a walnut), and custard powder. inix in a "
sugar,1910,1,1137,1077,8.132,True,"a good apple wine. four quarts of apples, crushed a little; pour over four gallons of boiling water, cover, and leave 14 days; strain, allow ]lb. of sugar to each pint of juice, add a little boiling w"
sugar,1910,1,1137,1078,8.15,True,"home hints. [the prizes ate awarded w miss m. lloward, .mis bell. miss 11. sinclair, mnl murray.] a sugar saver. itinite a jug with hot water, then put in two or three tablespoonfuls of golden syrup. "
sugar,1910,1,1137,1079,8.1502,True,"..., spencer-st., middlesbrough. kummel. _ this popular gcrman liqueur is made thus:— put an ounce of oarnaway seeds into a bottle with half an ounce of sugar candy. fill up the bottle with"
sugar,1910,1,1137,1082,8.1782,True,"barley pudding. quarter pound of sooteh barley. wash, an.-1 mer it in water, pour off water, iiald milk, beat up with sugar and nutmeg, a little butter or marrow is a great improvement, put in buttere"
sugar,1910,1,1137,1083,8.1932,True,"marrow tart. mix the grated rind and juice of half a lemon and one cunce of honey sugar with the pulp oi half a small cooked marrow. pour the mixture on to a plate previously lined with pastry, decora"
sugar,1910,1,1137,1084,8.2002,True,moss's rolled bacon (sliced)_ moss's margarine per i' lbs ras an ever increasing sale. moss's fine white sugar moss's best table castor moss's moss's moss's moss's „ sparkling loaf „ cooking figs stew
sugar,1910,1,1137,1086,8.2224,True,"44004. the new budget tax on mineral waters came into force on monday. the tax is id.. ',gallon on table waters containing sugar or fermented and id. • gallon on other table waten, and prime have been"
sugar,1910,1,1137,1087,8.2246,True,"pickled plums. seven pounds- of ripe plums, of sugar, one pint of vinegar, cinnamon, elovee, and ginger. boil the spices with the sugar in the vinegar for a quarter of an hour. lay in the plums and si"
sugar,1910,1,1137,1088,8.2312,True,"sandrin giia m cake. ingre&ents; flour, kit ground rice, sugar (fine), butter, 2 eggs, al candied peel and chea-ries mixed of new milk, 1 teaspoonful of baking powdei- mixed with the flour. cream the "
sugar,1910,1,1137,1089,8.2391,True,"orange meringue three oranges, 2 eggs, ioz. of oornitouir., half i, pint of milk; sugar to taste. peel and such tala orange. and put them in s pledish. cook th rind in the milk, aod when boiling strac"
sugar,1910,1,1137,1090,8.2694,True,"cowslip wine. to two gallons of water put six pounds of fin( sugar, boil forty 'minas% and take off the sown a: it r.sts. pour into a bowl to cool, and add the rinds two lelllolla, when eoid add four "
sugar,1910,1,1137,1092,8.3513,True,"...ruits at our stand in the exhibition. chimers, marmalade. guaranteed pure guaranteed pure freshly gathered fruit selected seville oranges and refined sugar only. and refined sugar only. no preservati"
sugar,1910,1,1137,1093,8.3697,True,"greengage jam. remove stalks, and take out the stemes, and re- move the kernels. blanche them, and lay thorn aside. allow one pound of sugar to each pound of fruit, and to every six pounds of sugar al"
sugar,1910,1,1137,1094,8.3731,True,"made with milk. the milk and the sugar you take with the tea are valuable foodstuffs, but there is such a tiny drop of milk in the cup of tea. if you could make your cocoa with milk, that ..."
sugar,1910,1,1137,1095,8.378,True,a sugar saver. now that sugar is so (lear it may be of interest to some hotteewives to know that a teaspoonful of pure glycerine takee the place cl half the ...
sugar,1910,1,1137,1096,8.4046,True,"round the kitchen fire raisin pudding.—four cupfuls flour, 1 mip- ful dripping, cupful isugar, 1 teaspcanful baking powder, a teaapoonful salt, 1 cupful wilmnas, 1 egg, 1 teaspoonful mixed spice, a cu"
sugar,1910,1,1137,1097,8.4304,True,"'gooseberry cheese. al]ow one p..lutid vi sugar to each pound of goose. berrles. tp and tail the gooseberries, wash them, and put into a pan with a cupful of water. cook them until *rider, stirrjng..."
sugar,1910,1,1137,1098,8.4317,True,"...cheese cakes. make some sthort pastry with eight ounces of flour, two ounces of cornflour, three ounces of lard. pin4.,la of salt, one teaspoonful of sugar. crean together one ounce sugar wi"
sugar,1910,1,1137,1099,8.4676,True,"sponge cake. weight oi two eggs in sugar and flour. 2ozs. of butter, half a teaspoonful of baking powder, flavour. ing% beat the sugar and eggs together until thiclt and creamy over a pan of..."
sugar,1910,1,1137,1100,8.4766,True,"spice pudding one cup breadcrumbs, one cup flour, one tea- -spoonful baking powder, half a cupful of currants, rai sills, grated suet. sugar, a little nut- neg or spice. mix al i dry ingredients toget"
sugar,1910,1,1137,1101,8.4832,True,"healers -moot how to make klect-butta. take half os. mvo var7)ootfo18) rowntree's elect cocoa, two on. margarine, two ozp. fine granulated sugar. beat the margarine until soft and creamy, gradually ad"
sugar,1910,1,1137,1102,8.5075,True,"lemon diamonds. take vb. flour, 3oza. sugar, 1 egg, ilb. of butterr, 10 drops of lemon ear,ence, 41b. of icing sugar, some lemon juice, and a little candied peel. beat tipe butter to a cream, a..."
sugar,1910,1,1137,1103,8.5141,True,"for the voice. a remedy found very beneficial by singers is as follows :—mix 2ozs. linseed, 2ozs rock sugar candy, 2ozs. thick spanish. put in a saucepan with a quart of water, boil for 1 yours, strai"
sugar,1910,1,1137,1109,8.7469,True,"to clean stone exposed to the air. pius, .tbniove all dust with wash with lukewarm v.aver in whit± a quantity of sugar soap has 1-/een dissolved, and cleanse off with lear water. smooth surfaces may b"
sugar,1910,1,1137,1110,8.7746,True,"... ounces of butter, soz. of flour, 3oz. of caster sugvaz, 1 egg, soz. of currants, a small t.,l3..qpoonful of baking powder. cream the baiter, add the sugar and egg, sift in the "
sugar,1910,1,1137,1111,8.7768,True,"butterfly cakes. three-quarters-of-a-pound of flour, ilb margarine, ilb. of fine sugar, 1 egg, 1 heaped teaspoonful cream of tartar, 1 level teaspoonful carbonate of soda, in half a cupful of warm mil"
sugar,1910,1,1137,1112,8.7912,True,"birdk when sugar is liquefied in the cream like fluidity of bird's custard,_ the swe'ele-tiing power is greatly increased. if therefore you always serve bird's custar..."
sugar,1910,1,1137,1113,8.818,True,"how to make elect-butta take half os. (two traspocmpls) botontree's elect cocoa, two on. margarine, two ozs. fine granulated sugar. beat the margarine until soft and creamy, gradually add ,he sugar an"
sugar,1910,1,1137,1114,8.8307,True,"sandrin giia m cake. ingre&ents; flour, kit ground rice, sugar (fine), butter, 2 eggs, al candied peel and chea-ries mixed of new milk, 1 teaspoonful of baking powdei- mixed with the flour. cream the "
sugar,1910,1,1137,1115,8.8391,True,"notes on horses. fresh, w arm cow's milk, with a teaspoonful of sugar added to each quart, is the beet food for young colts that have to be raised by hand but the milk rhould not contain more than 4 p"
sugar,1910,1,1137,1116,8.9383,True,a sugar saver. now that sugar is so (lear it may be of interest to some hotteewives to know that a teaspoonful of pure glycerine takee the place cl half the ...
sugar,1910,1,1137,1117,8.9808,True,"currant soda cake. lb. currants, 1 lb. flour, lb. brown or moist sugar, lb. butter, 2 eggs, 2 teaspoonfuls treacle, 1 teaspoonful bi-carbonate of soda, pint milk. method: mix the flour and soda, rub i"
sugar,1910,1,1137,1118,9.0838,True,"sponge cake. weight oi two eggs in sugar and flour. 2ozs. of butter, half a teaspoonful of baking powder, flavour. ing% beat the sugar and eggs together until thiclt and creamy over a pan of..."
sugar,1910,1,1137,1123,9.2741,True,"yorkshire cake. one egg, its weight in flour, butter, ground rice and sugar, one teaspoonful of baking powder, and a very litt:e milk. mix butter and sugar to a cream, add egg well-beaten, tibtein flo"
sugar,1910,1,1137,1125,9.3109,True,"red currant jelly. six pounds of red currants, 11b. of sugar to each pint of syrup. method: remove the stalks from the currants, and put the currants into a stew jar; c!osely cover and stand the jar i"
sugar,1910,1,1137,1126,9.3522,True,".... two lemons., 1 doz. oranges. slice arid weigh, and to every pound c/ frail add 3 pints of cold water, let stand for 24 hours, end then boil without sugar for half a.n hour, or until tender;"
sugar,1910,1,1137,1127,9.3595,True,"household recipes, economical pies. (no sugar required). peel and grate ill). of apples hnd stone lb. ot tneit :ine some p'le plate witli good pastry, and pui a layer of grated apple into it, the..."
sugar,1910,1,1137,1128,9.4271,True,"_apple and bread pudding. take half a pound of bread crutii—b;4:4;ne and a half pounds of apples, a little sugar and butter. pare and cut the apples as for a p:e, put a litt:e butter in a pie.dish, th"
sugar,1910,1,1137,1129,9.4344,True,"amber pudding. one custard powder, one pint of new milk, sugar, and lemon peel 40 taste, and a portion of straw- berry jam. boil the milk with the sugar and lemon peel, beat the kgg up with the eustar"
sugar,1910,1,1137,1134,9.6696,True,"household recipes, economical pies. (no sugar required). peel and grate ill). of apples hnd stone lb. ot tneit :ine some p'le plate witli good pastry, and pui a layer of grated apple into it, the..."
sugar,1910,1,1137,1135,9.8562,True,"to waterproof cloth. take onr ounce. (;aeh of powdered alum and sugar of lead, stir them in a gallon of rain water, and when the mixture is clear pour off the upper liquid. chose a close-woven cloth o"
sugar,1910,1,1137,1136,9.887,True,...erfect is perfect in folly you cannot get white flour out of a coal- sack nor perfection out of human nature; he who looks for it had better look for sugar in the
sugar,1910,2,1719,28,3.8416,True,"tea table talk. es, a taw, oo the nturt failure. stir. vo,v. many housewives have sated or acquired sugar for preserving. but what with die failure of uilitiliof the fruit crop, and the limitations of"
sugar,1910,2,1719,122,4.2272,True,"jam for haslingdm sugar economy in -imtember eavesi, surplus of five tons. local food commtitee's excellent scheme. at thuraday aveniug'• meeting- ef himlorsgdso itutriotic ..."
sugar,1910,2,1719,155,4.3,True,"christmas cake. ow 2 pound or dour, lib. but-ter. ft astor sugar. .;ib. suitanas, lib. currants, four egg, ioz, of baking :""""""ler, 411). of mixed peel, milk to inin. bait 3 iea,poonttil of iinnanicon."
sugar,1910,2,1719,156,4.3001,True,"wording of an official order. at the blackburn cou,y police court on wed- oracle"", second reser were heanl again, richton people for acquiring sugar from the re val iiikeion for purpon, other than pro"
sugar,1910,2,1719,172,4.3358,True,"people are saying. that the sugar question has been the exciting event of the week. crowds of eager, excited, and weary housewives have stood, crushed and anxious, in some of thi, sho..."
sugar,1910,2,1719,175,4.3394,True,"fact 3.-tlie shortage of potatoes and sugar. the potsto crop-c:1-1-91-6 • fa 'au re. not enough 1104.001. were planed be,un.e he men who plant then, hahl goo° to the war. those wt.ah were phune..."
sugar,1910,2,1719,178,4.3471,True,"jam for haslingdm sugar economy in -imtember eavesi, surplus of five tons. local food commtitee's excellent scheme. at thuraday aveniug'• meeting- ef himlorsgdso itutriotic ..."
sugar,1910,2,1719,198,4.3917,True,"redcar's sugar system. a dishonest soldier. 11,634 people covered by the wore d.c.m. and life saving cards issued. ribbons which he had bought, a detailed report as..."
sugar,1910,2,1719,231,4.4672,True,"wax from 31'6.%12-cane. -- vii ix. for some timeformed min of the hr (yr.:lints of the sugar industry in natal, and its manufacture is now making very active pro,rmse the worms tellich is patented( so"
sugar,1910,2,1719,235,4.4761,True,"jam for haslingdm sugar economy in -imtember eavesi, surplus of five tons. local food commtitee's excellent scheme. at thuraday aveniug'• meeting- ef himlorsgdso itutriotic ..."
sugar,1910,2,1719,250,4.503,True,"rationing next monday. birken,f.e id whim ready. sugar card f laws—startling figures. we here authority for •staling that the' rationing scheme for birkenhead will come into 'operation on hioaciay nes"
sugar,1910,2,1719,251,4.5047,True,"to-day% ricipil goossisist czarlottr.—about half-cool the gooseberries with sugar to taste, sod on. or two tabhispoonfuls of water, in • covered jar or baain in a dow oven, or on she move well away fr"
sugar,1910,2,1719,284,4.561,True,"food time table. sur 2t teeal summit twe are u; ,;st u; the ntuustrt ruturus it; etotottx•tuon wall the sugar fur-jam lltstrt- • bution salem, 29—margsrine: prima order rn.. force seonand in sepia] ma"
sugar,1910,2,1719,288,4.5664,True,"jottings by an old journalist. -""that very precarious product."" the special reference to sugar in last week's lymm notes reminded me of two or three cases of hoarding that have come my way of late. ou"
sugar,1910,2,1719,300,4.5861,True,"agorington groosi-w and sugar. at • of thai ae•••nrtiin and dinriet f :mem' anionatein on monday ni•rhi, whoa m. t. p. dawson t....tided over a apiendid attendance.. nrmaideving o..."
sugar,1910,2,1719,301,4.5868,True,"birkenhead's sugar supplies. alderman russell's hopeful anticipations. on thursday night a large compare of ladiee—including the mayoress (mrs, j. merritt)—assembled in..."
sugar,1910,2,1719,311,4.605,True,"sugar forma and lards. tee berkenbead wore. townspeople are reminded of tire need of doing all they can, by carefulness and promptitude. to assist the loca..."
sugar,1910,2,1719,325,4.6177,True,"sugar shortage for tea, coffee, cocoa, &c.. use d29„t.i„i saccharin tablets tiiritisii midi) in packets of 100: full strength hai st-ength ararrsr income t..."
sugar,1910,2,1719,340,4.6356,True,"cuba as an ally. contributea). though cuba joined the allies in april, 1917, her notable work for the cause isaa been generally over- looked sugar 0 a war-necessity- rmerves every- where were depleted"
sugar,1910,2,1719,350,4.6653,True,"jottings by an old journalist. ""that very precarious product."" the special reference to sugar in last week's lymm notes reminded me of two or three cases of hoarding that have come my way of late. out"
sugar,1910,2,1719,358,4.6781,True,"sugar ff!r,ro_,m.spc fruit the royal commission on de sugar supely desires to notify that it is prepared during the mond& june and july to meeker,t the ord..."
sugar,1910,2,1719,365,4.6893,True,the sugar and potato scandal. lb e aould be a bold man who would drum that food control.' had been a success under lonl desimporns administration. regulations ...
sugar,1910,2,1719,372,4.6946,True,"sugar forma and lards. tee berkenbead wore. townspeople are reminded of tire need of doing all they can, by carefulness and promptitude. to assist the loca..."
sugar,1910,2,1719,376,4.7074,True,"ships sugar stour. charge against • fleetwood man. at meetwood, on tuesday, james cross, a leder ender, was charged with stealing sibs. 'value 3a., the property ..."
sugar,1910,2,1719,407,4.7615,True,"food time table. sur 2t teeal summit twe are u; ,;st u; the ntuustrt ruturus it; etotottx•tuon wall the sugar fur-jam lltstrt- • bution salem, 29—margsrine: prima order rn.. force seonand in sepia] ma"
sugar,1910,2,1719,413,4.7702,True,"...tish industry. al the public, meeting bald -n the cazummeareet hotel to consider the qtea- tion of the growing of beet and the virtu- facture at beet sugar, th"
sugar,1910,2,1719,420,4.7811,True,"sugar vor jam the forms of application. an annottl2eemant i_ is ei 14verpool con- ""the ship is ten times larger than atil tiittt temporary' thurtedey' next..."
sugar,1910,2,1719,422,4.7826,True,the egyptian sweetmeat. egypt is more commonly associated with corti than with sugar; but the latter forms in certain parts of the country an important industry. in middle and upper egypt the travelle
sugar,1910,2,1719,433,4.797,True,"sugar tickets. explanation of the new system. meaning of the change. it has not yet been folly realised that the sy,tern of distributing wager on the basis..."
sugar,1910,2,1719,440,4.8077,True,"to check profiteerinc. --- appointment of local food control committee. in connection with the food controller's scheme for the distribution of sugar and other articles of food, a special meeting of m"
sugar,1910,2,1719,444,4.8097,True,"corresfondence. iwo& i;uggestionl to tit mvos 01 tho lorkwitad news. sir,—lt is nighltitee,something was done in the .equal distritutaon of sugar: i em ins position where ..a4y business brings me in t"
sugar,1910,2,1719,483,4.862,True,"fact 3.-tlie shortage of potatoes and sugar. the potsto crop-c:1-1-91-6 • fa 'au re. not enough 1104.001. were planed be,un.e he men who plant then, hahl goo° to the war. those wt.ah were phune..."
sugar,1910,2,1719,485,4.8655,True,"air cl_if a.\ 0_ the sugar shortage. co-operators hope for more equitable distribution. the quarterly meeting of the middles- brough co-operative society, ltd., was held on sat..."
sugar,1910,2,1719,488,4.8672,True,"...ubborn fighting with the turks for 48 hours in the judean hills. our determined progress. redcar allotments. --- 'council urged to acquire more land. sugar ""scenes"" at redcar. for some' time past th"
sugar,1910,2,1719,503,4.8833,True,the sugar ration. quantity per head to depend upon available supplies. the royal commisninn on ngar supply learne that an the result of adyertinements which ha...
sugar,1910,2,1719,507,4.8878,True,"-bcgaii notice. ilb pp head weekly to each per•-uu lbe tautly is items allowed by us te all else being um. sugar carets to u• hum tba week *swards _ prerto:4 & co., bloomfield road sod 7 lp. st. aeon "
sugar,1910,2,1719,509,4.8889,True,"air cl_if a.\ 0_ the sugar shortage. co-operators hope for more equitable distribution. the quarterly meeting of the middles- brough co-operative society, ltd., was held on sat..."
sugar,1910,2,1719,518,4.9006,True,sugar beet industry. predictit )n of extensive industry after the war. mr a e barton preeided at the annua general meeting of the nitrogen products and oar...
sugar,1910,2,1719,523,4.9136,True,"household hints. 1 ____.... flowers will keep fresh for a longer time if a i prevert fruit from smastung up whilst cook. little sugar iaadded to the water,/ ing, place the raw fruit into a fair sired "
sugar,1910,2,1719,540,4.9462,True,the sugar ration. quantity per head to depend upon available supplies. the royal commisninn on ngar supply learne that an the result of adyertinements which ha...
sugar,1910,2,1719,544,4.9523,True,"each for all and all for each. by ""testa."" sugar rations how do yiei manage about sugar? one house- wife of my aequair.-•ance gives out u half • pond of sugar each week tfteacli member of her househ..."
sugar,1910,2,1719,546,4.9541,True,"corresfondence. iwo& i;uggestionl to tit mvos 01 tho lorkwitad news. sir,—lt is nighltitee,something was done in the .equal distritutaon of sugar: i em ins position where ..a4y business brings me in t"
sugar,1910,2,1719,558,4.9804,True,"sugar ff!r,ro_,m.spc fruit the royal commission on de sugar supely desires to notify that it is prepared during the mond& june and july to meeker,t the ord..."
sugar,1910,2,1719,566,4.9965,True,"tea cakes. a quarter of 13 tone of flour, 6oz. lard. 6oz. rants. 6oz. sugar, 4oz. of yea.4t; allow 3oz. to eaeh teacake. method: bub lard into the ticur, add a little salt, make a well in the eentrc, "
sugar,1910,2,1719,568,5.0002,True,"an 17npleasan't surptuse a little hoy whose ntame was tomuty. was very fond of stealing the sugar. ore day he \lra:, in lhe (4'7+llg-room ju4 before tea, and while his father's baek was turned be seiz"
sugar,1910,2,1719,572,5.009,True,"ontario sugar. 4,pe.u.aion of imports of lea sugar from iierman) and anti-stria, -fruit,. which istuntits great broacii rigieives a groat deal of her supplies, wil..."
sugar,1910,2,1719,575,5.0129,True,"-sugar itt)tic6-. stb. we bead angle to each won hi su family is w. aled be to all tho. brims its. b0,•z cords to from o. weak wo eardo. 13 preston & co.. b..."
sugar,1910,2,1719,586,5.03,True,"corresfondence. iwo& i;uggestionl to tit mvos 01 tho lorkwitad news. sir,—lt is nighltitee,something was done in the .equal distritutaon of sugar: i em ins position where ..a4y business brings me in t"
sugar,1910,2,1719,598,5.0403,True,"ripon and wath food control gommittee. --- permits fr the purchase of seg., under the sugar (domestic presses. mg) order 1918 have 'thc,. as from hattie. day, bth inst. in view of the fact that the re"
sugar,1910,2,1719,605,5.0481,True,"sugar shortage middlesbrough co operators' strong protest. the quarterly meeting of the lliddlea• brough.co-operative society. ltd., was held in the vietor..."
sugar,1910,2,1719,608,5.0507,True,"letters to the f.itor. assooiation and lfn sugar."" to t. el.o. one. sir.—at • moo., of the above aesireation held an monday night team instructed to ask ,rou to cell public atacition to the scare., ..."
sugar,1910,2,1719,614,5.06,True,"ripon & wath (joint) food control coumittre. sugar for dom es tic fruit preserving. toe royal commission on the sugar supply desires to notify that it is prepared atirlbg na.ev til of june july to ,up"
sugar,1910,2,1719,652,5.1105,True,"i moroirmbridge farmers and sugar beet. •uicstion of competition witii germany interesting discussion at boroug ,4 bridge agricultural society's dinner. the quarterly meeting abet din..."
sugar,1910,2,1719,659,5.1205,True,"sugar beet and allotments. the chairman of the incorporated english beet sugar pioneer association (mr. e. russell taylor, j.p.) intimates that in order to..."
sugar,1910,2,1719,669,5.1328,True,"the sugar supply. co-op congress's deputation to lord devonport. a .• • ileputitt,,,,, patlian, e ntary c‘orittri i_r tire couto:, :cu, i\ air eatiirgeni wce n..."
sugar,1910,2,1719,679,5.1464,True,"birkenhead's sugar supplies. alderman russell's hopeful anticipations. on thursday night a large compare of ladiee—including the mayoress (mrs, j. merritt)—assembled in..."
sugar,1910,2,1719,684,5.1526,True,"wesee's co-operative gild. the manager explains sugar shortage. # difficult posmon. doing his best for the society. ithere wea • large ;atha.. the r. okk-otrene, on saturday lae, on the oe. mon of the"
sugar,1910,2,1719,692,5.1689,True,case of munition workers. further supplies needed by increased population. no extra sugar is to be allowed to seaside resorts during the summer months. this was announced in correspondence sub- mitted
sugar,1910,2,1719,695,5.172,True,"no more cube sugar. is granulated mor wholesome? guiojorough cuardians at her tuusday had before them a from the loeal (iovernment bord ul, tlait xiew of the ,ugar the ..."
sugar,1910,2,1719,701,5.1781,True,"pure cane sugar nibs, for preserving, per 2/7 stone. at william parker's 11, market place. est. 1815 agent for w. & a. glibly grandidges (the old established (1865) ..."
sugar,1910,2,1719,704,5.1812,True,"...itings, 2.111111111114111111111111111111111111111111111111111111111111111 11111111111111111111111111111111111111111111111111111111111111le = _ = e_ = sugar for jam! = e.=-"
sugar,1910,2,1719,709,5.186,True,"wedding cake. cream rogethar in. a large bov.l lib. o but an 11b. caaoir sugar. next add fix ,wneilbeateri eggs 141 to. of flour (add thif by .degrees•, otie fttl of brandy, fame of now arid lib. otn."
sugar,1910,2,1719,727,5.2024,True,"how to obtain sow. it is imp tact to remember (1) that after december 31st, eso only obtain sugar by one the following ',stems. (2) that you can only use the system which applies ip your particular ca"
sugar,1910,2,1719,730,5.2059,True,"local creters as* sugar hcar:ers. (to tail editor.) sir, -no doubt a goal deal es' inisunder. stamina, will ae.e in the in oils of the 'oldie with regard to the new sugar or..."
sugar,1910,2,1719,732,5.2088,True,"pure cane sugar nibs, for preserving, per 2/7 stone. at william parker's ii, market place. 10. 1815. agent for w. & a. gllbey grandidges (the old established (1865) ..."
sugar,1910,2,1719,733,5.2104,True,cleveland breezes. it is gratifying to thl sugar from representation. thr 6cfyli. redcar urban uunci.leoct control committee are making to the new controller that they will leave nothing undone to p...
sugar,1910,2,1719,742,5.2235,True,"the warrington equitable industrial cooperative societg limited. sugar prices. to our members,— 205th year of the sunfire office founded 1710. in the world iciest i copied from policy dated 1728 insur"
sugar,1910,2,1719,759,5.2494,True,"...itings, 2.111111111114111111111111111111111111111111111111111111111111111 11111111111111111111111111111111111111111111111111111111111111le = _ = e_ = sugar for jam! = e.=-"
sugar,1910,2,1719,760,5.2521,True,"the sugar supply. co-op congress's deputation to lord devonport. a .• • ileputitt,,,,, patlian, e ntary c‘orittri i_r tire couto:, :cu, i\ air eatiirgeni wce n..."
sugar,1910,2,1719,762,5.2531,True,"ha warrington equitable industrial co-operative societe limited. sugar prices. to our members,— 205th year of the sunfire office founded 1710. coxiii from policy dated mt insurances effected on the fo"
sugar,1910,2,1719,763,5.2537,True,"motto: k.p troth. my dear nieces and nephews—when i was a child i used to know a jinging rhyme which com- menced with, ""sugar and spice, and au that's nice."" what followed immediately after, or what w"
sugar,1910,2,1719,781,5.2757,True,bacon and sugar. results of lord rhondda's personal inquiries. the press bureau issued the follow. ing lord rhondda has been making personal inquiry into the matters...
sugar,1910,2,1719,786,5.2863,True,"sugar tickets. explanation of the new system. meaning of the change. it has not yet been folly realised that the sy,tern of distributing wager on the basis..."
sugar,1910,2,1719,798,5.3072,True,"ice.dnesday, september 20.196. the report, cog, sugar and the state. which up to the • is neither confirmed not ted that the government is ifa_i„,,t to nestme control of the national 6'""""1-;npoly, is "
sugar,1910,2,1719,805,5.3147,True,"sugar ifor jam. lord rhondda on the penheth summonses. ""not in public interests."" mr. j. c. sutton, the clerk.- to the warrington rural district council, a..."
sugar,1910,2,1719,811,5.3209,True,"holiday cake. take 6oz. of flour. 7,0 z. cf* butter, 3oz. zu:lgar, 3oz. oi eurrant4. and two egg. cream the bur..l and sugar; then beat wll. .dd the tlour and togs gradually. beat all well and 4thi. c"
sugar,1910,2,1719,824,5.3426,True,"more sugar and meat. :0 :- new ration- • scheme in operation. _ _ the sugar ration for the present week gow• up again from (loz. to soz, per bead. the qstrike"" ..."
sugar,1910,2,1719,834,5.3607,True,sugar supply at haslingden. food control 09ilmitters strong atiitud hasling•lth lotatithasdi-lit;o1 ectomittee have taken up a arcing &offside with regard ...
sugar,1910,2,1719,835,5.3609,True,sugar supply at haslingden. food control 09ilmitters strong atiitud hasling•lth lotatithasdi-lit;o1 ectomittee have taken up a arcing &offside with regard ...
sugar,1910,2,1719,839,5.3673,True,"the sugar card system. the fool controller's new sugar re.lon tchenas for tb• country began to operate, says the ""ii orksliiret post,"" oo lushly. for each pers..."
sugar,1910,2,1719,847,5.3739,True,"....0.,..----_ pure cane sugar nibs, for preserv ing, per 2/7 stone. at william parker's il, market place. moss, _ agent for w. & a. &libel grandidges ate old established 11865) pa..."
sugar,1910,2,1719,850,5.3749,True,"how to obtain sow. it is imp tact to remember (1) that after december 31st, eso only obtain sugar by one the following ',stems. (2) that you can only use the system which applies ip your particular ca"
sugar,1910,2,1719,852,5.3758,True,"sugar for feeding. sugar beets are highly recommended by some cowers for replacing maniple in feeding stock, on the ground that illey contain a much maher ..."
sugar,1910,2,1719,853,5.3761,True,"the sugar card system. the fool controller's new sugar re.lon tchenas for tb• country began to operate, says the ""ii orksliiret post,"" oo lushly. for each pers..."
sugar,1910,2,1719,861,5.3875,True,"...tish industry. al the public, meeting bald -n the cazummeareet hotel to consider the qtea- tion of the growing of beet and the virtu- facture at beet sugar, th"
sugar,1910,2,1719,864,5.3972,True,"no more cube sugar. is granulated mor wholesome? guiojorough cuardians at her tuusday had before them a from the loeal (iovernment bord ul, tlait xiew of the ,ugar the ..."
sugar,1910,2,1719,866,5.4001,True,"pure cane sugar nibs, for preserving, per 2/7 stone. at william parker's ii market place. to. igo _ agent for w. & a. gllbey o},}l( e old mahnht place. telephone no ..."
sugar,1910,2,1719,869,5.4038,True,"many hundreds of ladies now make the ideal sugar—iubltitute at home, and no wonder, it ig so easy and economical—you simply follow the directions (oven with thw recipe, prepare and mix over night, b..."
sugar,1910,2,1719,871,5.406,True,"railway porter's thefts. man with £4 a week steals three sacks of sugar. at stratford police court. frederick hopgood 434, a goods 'porter, of (liturgh loughton. war ~eutegioeid to six nointhe- luipr,"
sugar,1910,2,1719,886,5.4249,True,"dear sugar. the the liemiiiiy isperial artiote from the tariff ""worm loagirel. the preersit high price of sugar conetitutor eerious burden upon the ,loorer ehir..."
sugar,1910,2,1719,889,5.4319,True,"...itings, 2.111111111114111111111111111111111111111111111111111111111111111 11111111111111111111111111111111111111111111111111111111111111le = _ = e_ = sugar for jam! = e.=-"
sugar,1910,2,1719,895,5.4367,True,more sugar this month. birelnuead national liestal itant tggitton. the birkenhead food cootre.i toinufetce. their report to be preemted at the town meeting to-d...
sugar,1910,2,1719,896,5.4371,True,"dear sugar. the the liemiiiiy isperial artiote from the tariff ""worm loagirel. the preersit high price of sugar conetitutor eerious burden upon the ,loorer ehir..."
sugar,1910,2,1719,901,5.4396,True,sugar shortage. local grocers and the commission sugar beet crowth in lancashiri a meeting of the blackpool and district grocers association wee held at th...
sugar,1910,2,1719,904,5.4542,True,tile sugar problem. canada preparing.to grow lier own. the iatelalishnient of • large factory for dile inanufacture of auger frontiteet in the rad river valley....
sugar,1910,2,1719,908,5.4578,True,"erry cakes 4.. then add 41-b. of sugar the% chop 3oz. of pi- li the mixture.. beat ai] of vanilla, r.ssence and a nit.e smooth batter witi ti-aspoonfuls of baking tt mixture into patty tin..."
sugar,1910,2,1719,911,5.4639,True,"dear sugar. the the liemiiiiy isperial artiote from the tariff ""worm loagirel. the preersit high price of sugar conetitutor eerious burden upon the ,loorer ehir..."
sugar,1910,2,1719,926,5.491,True,"the new sugar order. middlesbrough traditics' appeal for postponemeni refused. the new sugar order, which imposes the condition that each individual consumer must ..."
sugar,1910,2,1719,927,5.4926,True,"for afternoon tea. t:e.rdelioi i:te cakes for .tea. take the wr.:ght of an egg in butter or margarine, sugar, .lnd flour. cream thc butter and sugar togelber, add the ,h.a.c!,n of the egg and any flav"
sugar,1910,2,1719,938,5.5066,True,"sagar cud system time-table of steps to be taken by although the sugar said system, en far as the domestic supply 1/1 concerned. vitil not come into force until december 30ab. there are several the de"
sugar,1910,2,1719,939,5.5079,True,bacon and sugar. results of lord rhondda's personal inquiries. the press bureau issued the follow. ing lord rhondda has been making personal inquiry into the matters...
sugar,1910,2,1719,950,5.5298,True,"coughs are ;dangerous. use tar and'sugar to get quick relief. coughs and colds' are dangerous becaue, if neglected; they so frequently lead to more serious complaints. pneumonia, bronchitis ..."
sugar,1910,2,1719,951,5.531,True,"ice.dnesday, september 20.196. the report, cog, sugar and the state. which up to the • is neither confirmed not ted that the government is ifa_i„,,t to nestme control of the national 6'""""1-;npoly, is "
sugar,1910,2,1719,957,5.537,True,"grocers and sugar. a reply to mr. harold smith, mp. to the editor of the examiner."" sir,—may i be permitted, through the mgdium of your widely-circulated paper, to rep..."
sugar,1910,2,1719,960,5.5381,True,"... ration cards. specimen copies of the new ration cards to be issued to the public next month, when there is to be re.registratn for meat, butter, and sugar, have been issuel to local food contr"
sugar,1910,2,1719,965,5.5451,True,cleveland breezes. it is gratifying to thl sugar from representation. thr 6cfyli. redcar urban uunci.leoct control committee are making to the new controller that they will leave nothing undone to p...
sugar,1910,2,1719,973,5.5716,True,"the absolute limit. vyes, lads, you may talk of your sugar cards, tour jam, butter, and margarine rations, and your meatless days, hut the 'absolute limit' is mangled bacon,"" said jim wilson the other"
sugar,1910,2,1719,976,5.5794,True,"each for all and all for each. by ""testa."" sugar rations how do yiei manage about sugar? one house- wife of my aequair.-•ance gives out u half • pond of sugar each week tfteacli member of her househ..."
sugar,1910,2,1719,977,5.5796,True,"pure cane sugar nibs, for preserving, per 2/7 stone. at william parker's market place. dd. isis agent for w. & a. gllbey grandidges (the old established (1865) pawnb..."
sugar,1910,2,1719,979,5.5831,True,estab. 1855. if a teaspoonful of sugar is put into the teapot the tea will infuse in one-half the time. -: 0 a. woman's hus- band sometimes causes her almost as much work as her dressmaker...
sugar,1910,2,1719,980,5.5844,True,"grocers and sugar. a reply. to mr. harold smith, pa .p to the elinor oil"" the examiner."" sir,—may i be permitted, through the medium of your widely-circulated paper, t..."
sugar,1910,2,1719,986,5.5963,True,"motto: k.p troth. my dear nieces and nephews—when i was a child i used to know a jinging rhyme which com- menced with, ""sugar and spice, and au that's nice."" what followed immediately after, or what w"
sugar,1910,2,1719,993,5.6044,True,"searching for sugar the workers' novel...per f vienna, in a re. oent issue, maim* rho tollowmg ,tetoment. rolarive to rho fat famine."" yesterday, in the great mark3tt ha..."
sugar,1910,2,1719,997,5.6114,True,"pure cane sugar nibs, for preserving, per 2/7 stone. at william parker's 11, market place. coi. ism agent fer w. & a. glibey 1 grandidge s ,the old estahlisbed (1865..."
sugar,1910,2,1719,1003,5.6177,True,"girls who eat sweets. often a sign of ""green- sickness."" the shortage of sugar in the household 1.-dds many girla to cat • quantities • of but it is not the only cause. an appetite that turns from sub"
sugar,1910,2,1719,1004,5.6188,True,"railway porter's thefts. man with £4 a week steals three sacks of sugar. at stratford police court. frederick hopgood 434, a goods 'porter, of (liturgh loughton. war ~eutegioeid to six nointhe- luipr,"
sugar,1910,2,1719,1005,5.6211,True,"coughs are dangerous. use tar and sugar to get quick relief. coughs and colds are dangerous because, if neglected, they so frequently lead to iore serious complaints.. •pneumonia, bronchiti..."
sugar,1910,2,1719,1009,5.6269,True,"sugar peet fnr cattle. the british sugor beet growers' society have ”nnoived from america reports of the feeding yol of stagor beet ""slices"" or ""cnssettes,..."
sugar,1910,2,1719,1024,5.6525,True,"grocers and sugar. a reply to mr. harold smith, m.p. to the editor of the examiner."" sir,—may i be permitted, through the medium of your widely-circulated paper, to re..."
sugar,1910,2,1719,1027,5.6562,True,"sugar shortage middlesbrough co operators' strong protest. the quarterly meeting of the lliddlea• brough.co-operative society. ltd., was held in the vietor..."
sugar,1910,2,1719,1028,5.6628,True,sugar beets in germany. an interesting piece of news came from ger- many the other day to the effect that the im- perial governnacut was taking measures to...
sugar,1910,2,1719,1032,5.6709,True,"sugar shortage middlesbrough co operators' strong protest. the quarterly meeting of the lliddlea• brough.co-operative society. ltd., was held in the vietor..."
sugar,1910,2,1719,1035,5.6747,True,"sugar and spice. panindal cook iodation cl•iri mon•in1 saar sow irinenlebow mania gain., wog. cmaiiibiiiiss. gilbbiet childs. asd tb• ''sinurnzawiztts"" cao..."
sugar,1910,2,1719,1038,5.6905,True,"sugar ff!r,ro_,m.spc fruit the royal commission on de sugar supely desires to notify that it is prepared during the mond& june and july to meeker,t the ord..."
sugar,1910,2,1719,1041,5.692,True,"chocolate junket. melt two ot-- chocolate evf-r water. in the meantime heat a quart of milk sufficiently to diszolve sugar to svveter.. pour the melted chocolate very gradualiv, etirrthg all the time."
sugar,1910,2,1719,1043,5.695,True,huge sugar deal government ensures nation's supply. the %%einem mail publishes this follow ing in cruet. 10 avoid asugar laiine 1:i oft- feiiumilcv ut the ceese...
sugar,1910,2,1719,1046,5.6971,True,"sugar card questions. school children and unexpected visitors. mr. l. b. wrightson, who recently drew lord ithondda's attention to the aithcult povition of..."
sugar,1910,2,1719,1052,5.7219,True,"sugar problem. considiration promised for blackpool grocer& diturseal meeting of me. witimarizeolm tat! county and lana ends hotel, blackpool, on %delay wa..."
sugar,1910,2,1719,1053,5.7223,True,"eckington sessions. monday. before colonel j. f. butler bowdon and other magistratee. dear st-9 ar. the first ea.ses under the sugar (domestic) prv,erving order, 1817. in the eckingtoa division were h"
sugar,1910,2,1719,1061,5.741,True,"ships sugar stour. charge against • fleetwood man. at meetwood, on tuesday, james cross, a leder ender, was charged with stealing sibs. 'value 3a., the property ..."
sugar,1910,2,1719,1063,5.7445,True,"list of presents. bridegroom to bride, .titted suit cam; bride to bridegroom, cuff links and ring; the rev. r. pierpoins, sugar basin and sifter: countese louise jenisori, black forests, clock miss fr"
sugar,1910,2,1719,1066,5.7483,True,"gravy salt. take two tithiet9-xyarltu:z• of sugar anti put iu a f,oiall bowl. arid pace ill a hot twien unti: it bum,. h will tihan be i a dark brown rup. add ihitt)* waz.f...r to this, and putcuflii..."
sugar,1910,2,1719,1075,5.7702,True,"the warrington equitable industrial co-operative societu limited i sugar prices. to our members,— 205th year of the s [in fire founded office oldest insurance office in the world. insurances effected "
sugar,1910,2,1719,1083,5.7852,True,... dug. cards ahould lave leen deprited with the grocers by nov. 511.. during are ark grocers in haidingthin and in otilscr wwi. rye re. hind to supply sugar °aria on the production tit
sugar,1910,2,1719,1088,5.7935,True,"am, silver sugar sifter; miss celia lyell, purple satin cush.on; lin davy, four silver tumbler stands; mr and the misses prior, wanclesford silver sugar dredger; dr. ..."
sugar,1910,2,1719,1092,5.7977,True,"sugar ifor jam. lord rhondda on the penheth summonses. ""not in public interests."" mr. j. c. sutton, the clerk.- to the warrington rural district council, a..."
sugar,1910,2,1719,1096,5.8105,True,"jam for haslingdm sugar economy in -imtember eavesi, surplus of five tons. local food commtitee's excellent scheme. at thuraday aveniug'• meeting- ef himlorsgdso itutriotic ..."
sugar,1910,2,1719,1106,5.8351,True,"accrington grocers and sugar supplies. resolution bei,re the ge•eral purposni coiisiittee eirietiom had obly reoend, been announced. the important peoe ina the tieaunderatandi% t..."
sugar,1910,2,1719,1109,5.8423,True,"...-tce .;:ecri.dite number of meals and the right amount of food, will starve if fed on cheap brands of condensed separated milk. they contain too much sugar and"
sugar,1910,2,1719,1113,5.8457,True,"what th that cou and the di licence frot it was fou: had been g informatim sugar were allocated ti reabonable business, ui any in the up till jum ending apr mitted by sugar, and- edly gone found on se"
sugar,1910,2,1719,1116,5.8501,True,"ice.dnesday, september 20.196. the report, cog, sugar and the state. which up to the • is neither confirmed not ted that the government is ifa_i„,,t to nestme control of the national 6'""""1-;npoly, is "
sugar,1910,2,1719,1130,5.8846,True,"sugar shortage middlesbrough co operators' strong protest. the quarterly meeting of the lliddlea• brough.co-operative society. ltd., was held in the vietor..."
sugar,1910,2,1719,1131,5.885,True,"sugar cards. saturday.—befors colonel i het ea fobrirmanh mr w f powell, mr h p wandeefotde, mr 0 hammond and mr j hargrave. overseer's fine remitted. wm g..."
sugar,1910,2,1719,1134,5.8893,True,"the sugar supply. three-quarters of lb. per head per week sufficient. the royal commiasiun on the sugar sup- ply, in a ttport isetted on thursday, remarks the,..."
sugar,1910,2,1719,1144,5.8997,True,"the sugar supply. co-op congress's deputation to lord devonport. a .• • ileputitt,,,,, patlian, e ntary c‘orittri i_r tire couto:, :cu, i\ air eatiirgeni wce n..."
sugar,1910,2,1719,1149,5.9063,True,"st-gar from old rag:. sugar is now manufactured in germany fret* old rags. the raga are treated with sulphuric, acid, and converted into dextrine. this ia treated with a milk of..."
sugar,1910,2,1719,1151,5.9117,True,"ripon liberty court. friday (sept 27).—hohne admiral oxley (distrusts), ceps onto', simms t b p amnia, sod j eipenn. breach of the sugar order. jobs pongee josiah,. el north hensley. fareser, was summ"
sugar,1910,2,1719,1162,5.9344,True,"-bcgaii notice. ilb pp head weekly to each per•-uu lbe tautly is items allowed by us te all else being um. sugar carets to u• hum tba week *swards _ prerto:4 & co., bloomfield road sod 7 lp. st. aeon "
sugar,1910,2,1719,1164,5.9385,True,"sugar shortage. penaltiesfor"" hoarders."" the food controller has made an order that in the sale or proposed sale of any article of food no person may impos..."
sugar,1910,2,1719,1168,5.946,True,"16, no food no work. one customer invoked eternal wrath on all and sundry because, having no sugar card he failed to secure supplies. another woman said her um. dodgers would not go to work the next d"
sugar,1910,2,1719,1171,5.9525,True,curious sugar anomaly. explaining the new 4.ltgar distribution soheme at a neetilg of retailers at ports- niciatii on friday. the mayor pointed out. that soldiers ...
sugar,1910,2,1719,1172,5.9588,True,"household recipes. raspberry buns. riirre•a-quaxtexs of pound at flow, b. v butber *lb. of sugar 2 4-ggt:, 4 or 5 teaspoonful; tki and a ansalo. quantity 4a ravharr.t. jaw. 1 teaspoooftii eneam of tar"
sugar,1910,2,1719,1173,5.9613,True,"fine white sugar table castor messrs b ,bl md, w render, and f e souihwell, all of ripon, were chosen to play fr yorkshire in the hockey match against lancashire at i..."
sugar,1910,2,1719,1186,5.9984,True,"wrong deciarations. a misapprehenion. twelve more defendants, summoned„ for con- l-avention of the sugar domestic preserving .c+rder, appeared before the magistrates at the county ses,:ons on wednesda"
sugar,1910,2,1719,1189,6.0146,True,"stewed figs. li..=b,lve four ounces of loaf sugar in a pint of water ot-er the fire, and lay into it one pound of good figs and some thinly-pared lemon rind, and let it all stew very gently. for abou..."
sugar,1910,2,1719,1192,6.0182,True,"mac ilbeima jam. 211, war-ma:rises, 11 lb sugar. or i la -l.,. .tott or glom.. _ the [run arm' tint a c'ean.l.a u.. fruit uud was, iwo • p••• tog.tin.r aauj bring oh.. ly to the airr,ing tt presen...."
sugar,1910,2,1719,1195,6.0332,True,"what ice c an inti food hof police co 104, willi moned fo out havin acquired session el ordinary meat. t 1 sugar or 7th of cer ness with control authorisil s. steel r the su] with, and the a said that"
sugar,1910,2,1719,1197,6.0356,True,"our soul one of the earliest records of the price of sugar in great britain appears ia the sp- ooned of the chamberlain of scotland is 1319, in which it is set down at lc aid. per pound. in 1450 sugar"
sugar,1910,2,1719,1198,6.0407,True,sugar for the camp. ice crum is lisapseted dana. venik/r and canteen manager in trocble. il x 0. liffle l 14.. kr illemilisld &oft ma that onsislestee _ad ...
sugar,1910,2,1719,1200,6.0487,True,"coughs are dangerous. use tar and sugar to get quick relief. coughs and colds are dangerous because, if neglected, they so frequently lead to iore serious complaints.. •pneumonia, bronchiti..."
sugar,1910,2,1719,1204,6.0671,True,"the market. sugar cards. new food control committee formed at a special meeting of the lymm -urban district council held on august 20th, the clerk reported on the duti..."
sugar,1910,2,1719,1207,6.0735,True,"air cl_if a.\ 0_ the sugar shortage. co-operators hope for more equitable distribution. the quarterly meeting of the middles- brough co-operative society, ltd., was held on sat..."
sugar,1910,2,1719,1208,6.0799,True,"1 home hints. hint un sugar saving. one quart of gooseberries or one good 'bunch of rhubarb put one witspoodful of bi-carbonate of soda d.nd one desiertvoonful of 5,1124 f :3 en..."
sugar,1910,2,1719,1210,6.0836,True,"sugar for jam making. to till editos or ton disicenisid kiwil sir,—.-""spade workers"" in his article of wednesday last, quotes amofficial ap- peal to allotm..."
sugar,1910,2,1719,1214,6.0938,True,"with great oare dropped three lumps of sugar one after another into the tiny cups. ""i think you are quite a little barn tea-maker,' he said; ""but. do you know, you have never told me your name y..."
sugar,1910,2,1719,1222,6.1211,True,"accrington & church co-operative large attendance. tribute to the victoria hospital. sugar problem. there we.a we-oral humlreds present at the quar• dd., meeting of the members of that accrington and "
sugar,1910,2,1719,1223,6.1215,True,"small ginger sponge cakes. heat ;ilk margarine, and ~1)1). of sugar lc a rirea.lii, add 2 weil-beaten eggs, ;lb. ot treacle twarrie.d.o. lib. hour, zo whieli has been added tetspuk,•utul of carbonate "
sugar,1910,2,1719,1224,6.1224,True,"saved by sugar cask. n awe survivor's letter to blackpool sister. the ""crust's- grand fic,ht. eaocb gibe= lien ton, a ir.:ghat of 3lro. potter, wits of coon. mo. po..."
sugar,1910,2,1719,1225,6.1275,True,"... fruit. the ilitustry of food hair officially ad- vised the liverpool corporation that veget- able marrows; ate nut fruit within the mean. iug of the sugar domestic preserving order 41917),"
sugar,1910,2,1719,1229,6.1348,True,sugar tickets. warrington grocers decide on rationing from monday. on the invitation of the local food cmitrol committee a meeting of grocers was held at t...
sugar,1910,2,1719,1232,6.137,True,"margarine without sugar i i ,ip• sonie things nom punch.""--4o mr. watt's enquiry in the house as to how many cierman submarines hail been destroyed, mr. churchill replied. ""..."
sugar,1910,2,1719,1233,6.14,True,"t.:everal mackiraoshee to be clemd cheap. cahndidge, skellgate, ripon. ca se of silver teaspoons and sugar tongv. special value, unl) 27j6.—grandidge's, 11, high skellgate ripon. plendid half hoop rub"
sugar,1910,2,1719,1235,6.1436,True,huge sugar deal government ensures nation's supply. the %%einem mail publishes this follow ing in cruet. 10 avoid asugar laiine 1:i oft- feiiumilcv ut the ceese...
sugar,1910,2,1719,1237,6.1448,True,"cuba as an ally. contributea). though cuba joined the allies in april, 1917, her notable work for the cause isaa been generally over- looked sugar 0 a war-necessity- rmerves every- where were depleted"
sugar,1910,2,1719,1239,6.1497,True,".... the housing difficulty ibirkenhead gitaildians. argyle conservative club. ---....=, in birkenhead, deaths and sugar cards. ..11ean3prb' ainmial *ewa"". ......--....---,. ..- on thu:lay night hsat "
sugar,1910,2,1719,1243,6.1542,True,"jmuch sugar no sweetness. at onlat bank on thursday. ih:\tki murphy, 54. napier-street, was charged with wilfully 440faang fire to his chimney. sergt. 4'ooper sa..."
sugar,1910,2,1719,1247,6.1693,True,"3lbs. sugar at i,d, will sell tastetully decorated and special ity was gioand anthems were excellently rendered the opening night of the literary and by the choi..."
sugar,1910,2,1719,1251,6.1769,True,"how to obtain sow. it is imp tact to remember (1) that after december 31st, eso only obtain sugar by one the following ',stems. (2) that you can only use the system which applies ip your particular ca"
sugar,1910,2,1719,1252,6.1799,True,"the sugar problem in war-time the bnportanee el the new plobiem dur ins the war is marsiors blisr april num. 'bee el the ""windbagmav by c. de with imartnia ill..."
sugar,1910,2,1719,1253,6.1801,True,food control copamittel sugar for preserving fruit. a ny resident who has fruit to pr.ouvo and v&4 too late to catkin their tipplioatlota for seger for this purpose should apply a...
sugar,1910,2,1719,1255,6.1935,True,"household hints, when chopping mint for fa licp, if the sugar ie to sweeten it is added it will be found to half the time., if you wish to bring out the flavour of vegew, to perfection, add a teaspoon"
sugar,1910,2,1719,1257,6.1969,True,"sugar, butter and dividends. the president, in moving the adoption of the report, said the sales for the three months had been £138,179, an increase of £15..."
sugar,1910,2,1719,1259,6.1992,True,"county borough of 'warrington.' rural district council of war-' ""ington, and urban district council! of.lymm. • • food control committees. sugar for .d.qmfstic fruit • j ..usnr.srsta, all ifitf4ons wh"
sugar,1910,2,1719,1265,6.2086,True,"a iviisapprehenqion. twelve ""yaore defendants, summoned for con- l-avention of.' the sugar domestic preserving order, appeared before the magistrates at the county sessions on wednesday. sir, dudley s"
sugar,1910,2,1719,1267,6.219,True,"the sugar problem in war-time the bnportanee el the new plobiem dur ins the war is marsiors blisr april num. 'bee el the ""windbagmav by c. de with imartnia ill..."
sugar,1910,2,1719,1270,6.2277,True,"thornaby prosecutions. stockton sugar cases. interesting cases under the several prosecutions, but no cake and pastry order. convictions, a qase under the. food controller's cake and past..."
sugar,1910,2,1719,1272,6.2294,True,"sugar substitute. the contrast. the time faddist. still another old emirthito"" awn& preetinwa i e,,,m ..t. ii,it.,,l to wad in 11111111(roos pst. 1 from fr..."
sugar,1910,2,1719,1274,6.2375,True,"with great oare 'dropped three lumps of sugar one after another into the tiny cups. ""i think you are quite a little born tea-maker,' he said; ""but. do you know, you have never told me your name y..."
sugar,1910,2,1719,1275,6.2581,True,"notes on passing events. it seems a long time ago—certainly longer than eight or nine weeks—since people were buying up all the flour and sugar and other stores they oould get hold of, because of the "
sugar,1910,2,1719,1276,6.259,True,sugar for old-age pensioners sugar tickets for old-age pensioners woes suggested at a. meeting of the darl:ngton trades council. is was pointed out in a le...
sugar,1910,2,1719,1280,6.2716,True,"sugar sold att. ss. a pound, the purchasers being colonel lyon, mrs. harold smith, mrs. par- ker and mr. rylands. entertainment at parr hall. there was a v..."
sugar,1910,2,1719,1281,6.2773,True,"restaurant rations. * less meat anl) no sugar for diners in town. ed.s in hotels., boarding-holm. and clubs ia with theontiog tot ore,! of the meals orrler. the ebief provision:, o: the otdcrnre ..."
sugar,1910,2,1719,1282,6.2816,True,"sui.ar supply normal the ito 3at couii/lin2vion lin tilt sugar supply ,1•1' ,••a 1.1 make it known that the quantities of relined and allite -star now miming forward rem der it. unneettssary to mainta"
sugar,1910,2,1719,1283,6.2874,True,"iminimiminiiironiimixiiimiiniaiaiit 113 31b.best sugar lb margarine 1/2 .overweight officers and men sympathise with them. believe in them, and play- up to them in every way. you, wearers of the red c"
sugar,1910,2,1719,1284,6.2982,True,"sugar liptons quality. lipton ltd. po you require cash? art prepared to towed rw‘l !run £lo to £l.ooo it. a:, par: thit ellirdool, 4dam,i2t4q. ""0 .mt 143.7..."
sugar,1910,2,1719,1285,6.2997,True,"a white (wash) lie. sugary subject. two little pincers at one of the mills in this district, whom we will call tom and billy, had just sit deavvn to ther breakfast t' other mo..."
sugar,1910,2,1719,1286,6.3009,True,"_fit i, i complete story _ how aunt susan changed [1 with fret grimy, incriminating lumps of sugar 1 the long hours seead-houts of heat and hunger in her oetstretched hand, gaunt miss susan steed wand"
sugar,1910,2,1719,1287,6.3019,True,"grocers' topics fylde sugar beet industry. question of annual holiday. a general meeting of the blackpool grocers association was held at the central library, blackpool, last th..."
sugar,1910,2,1719,1293,6.3163,True,tne sugar supply. food controller's reply to darlington complaints. rite supply of auger to the town hae leoentl okieupted the attention of the lnuotltort food...
sugar,1910,2,1719,1297,6.3313,True,"food notes. sugar cards.—the declaration forms for the ""'heating population"" can only be ob- tained from three places in the borough. viz., the general post office and..."
sugar,1910,2,1719,1301,6.3514,True,sugar and sweets. tealerc to rejitrict display. • last night a largely attended meeting of ritinfectioners and sweet dealers in black- e4lllw•fletl si a re...
sugar,1910,2,1719,1302,6.352,True,"... • • • • • • • ll_ the birilensead sews, wednesday, illy 15, 1918. -- --- _____. _______ _ ___ _ found that it had been obtained atibirkenhead police sugar for jam. the fatal tram • another shop than"
sugar,1910,2,1719,1307,6.3652,True,rwie-liildb sugar. if you have plenty of sops beak you ma make ale of it for swestening porpoise. toots are embus household methods of eriusetiog seitiut !rem sugar it...
sugar,1910,2,1719,1309,6.3716,True,tile sugar problem. canada preparing.to grow lier own. the iatelalishnient of • large factory for dile inanufacture of auger frontiteet in the rad river valley....
sugar,1910,2,1719,1310,6.372,True,"eckington sessions. monday. before colonel j. f. butler bowdon and other magistratee. dear st-9 ar. the first ea.ses under the sugar (domestic) prv,erving order, 1817. in the eckingtoa division were h"
sugar,1910,2,1719,1313,6.3894,True,"maxims to apply. when tooling potatoes add a litt.:e sugar as wel: as salt. it in.a.kes til,e potatoes- so much more floury, and doesn't cause them .to taste sweet.—to mak.. bolied rice look rtics add"
sugar,1910,2,1719,1315,6.4048,True,sugar bee:*. there is an inclination to take a favourable view of the sugar beet prospects in the coming season in consequence of the statement made by the...
sugar,1910,2,1719,1316,6.408,True,sugar for old-age pensioners sugar tickets for old-age pensioners woes suggested at a. meeting of the darl:ngton trades council. is was pointed out in a le...
sugar,1910,2,1719,1317,6.4083,True,"the world's sweei tooth. britons have the sweetest tooth, and americans come next, if the statisties for 1•010, 111 option of sugar mean anything. an englishman eats annually 92.4 pounds, an american "
sugar,1910,2,1719,1318,6.4084,True,"sugar cards. new food •congol committee formed at a special meeting of the lymm urban district council held on august 20th., the clerk reported on the duti..."
sugar,1910,2,1719,1321,6.4266,True,condensed milk. but no economy in sugar con- sumption at workhouse. supplementing the milk supply by procuring condensed milk in 281 b. tins was considered by the warrington board of cituir...
sugar,1910,2,1719,1322,6.4266,True,"ontario sugar. 4,pe.u.aion of imports of lea sugar from iierman) and anti-stria, -fruit,. which istuntits great broacii rigieives a groat deal of her supplies, wil..."
sugar,1910,2,1719,1324,6.4468,True,glucose may poison. the proposal to um glucose as • partial stabatitute for sugar is jaini•wankiug hag been 000demsed by the britian lead /venial aa objectionable and dangerous. apart from the fact th
sugar,1910,2,1719,1325,6.4471,True,unnecessary motoring. petrol supply limited new motor taxes dropped. sugar to be dearer. the necessity of conserving our energies and resources was emphasised in the flouse of commons last night durin
sugar,1910,2,1719,1330,6.4774,True,...nestr oum. ikso irxen/0211) eoma next batch you will illingly go the old- i way of hem. equally satis- ir puddings. contains all redients—in- re cane sugar ry cake and clings
sugar,1910,2,1719,1334,6.5095,True,"sugar hidden under coke. the defendant was interviewed by himself (the chief constable), and w,as told. they had reason to believe he had purchased half a...."
sugar,1910,2,1719,1335,6.522,True,"...hold recipes. [the prises 'sze awarded zo m b. hop, mr 3 latugbas, mrs jack.ron, and lilts :t. wells.] —*— cheap spice loaf. one pouud of flour, elb. sugar, ilb. buiter, currants, ilb. aultanaa, "
sugar,1910,2,1719,1336,6.525,True,"items for agriculturists. notes on suoar beet. t,ctd bred is a primary importance, eines modern sugar beet bee been so carefully bred t bat it is quite an art,ticial product, bud rapidly detrrioratte "
sugar,1910,2,1719,1337,6.5312,True,money. sugar tickets. warrington grocers decide on rationing from monday. on the invitation of the local food coptrol committee a meeting of grocers was held at t...
sugar,1910,2,1719,1343,6.5522,True,"l.c.2i=ifs corner i rules. bullocks. thee ceylon sent tea; barbed."" mau- i britivh guiana sugar .• i had nearly for• 4—are new wailers moat become etanthem gotten that besidee the •eit, british guia v"
sugar,1910,2,1719,1345,6.5528,True,"home hints: always put the sugar used in a tartin the centre di the fruit, not on the top, as it makes the crust sodden. to make a wood floor look like new, die. solve in water equal..."
sugar,1910,2,1719,1346,6.5537,True,huge sugar deal government ensures nation's supply. the %%einem mail publishes this follow ing in cruet. 10 avoid asugar laiine 1:i oft- feiiumilcv ut the ceese...
sugar,1910,2,1719,1347,6.5654,True,"household recipes, light pudding for invalid one penny sponge cake erumbled fine), alta' g cupful of trkilk, 1 flesh egg, a ihtle sugar raid ,anoi,, flavouring. beat the egg well, and mix with calc,:,"
sugar,1910,2,1719,1349,6.5728,True,condensed milk. but no economy in sugar con- sumption at workhouse. supplementing the milk supply by procuring condensed milk in 281 b. tins was considered by the warrington board of guardi...
sugar,1910,2,1719,1352,6.5861,True,"sugar cards will be issued to all our members at the offices, during office hours, from monday, march 25th, to saturday, march 31st, both dates inclusive. ..."
sugar,1910,2,1719,1362,6.6224,True,"1- r average rnnual earnings of manual workers (men, women and children consumption of imported food per head (a) wheat per bead lbs. (b) sugar „ lbs. paupers (england and wales) jan. 1. repcsits in p"
sugar,1910,2,1719,1363,6.6336,True,"... fruit. the ilitustry of food hair officially ad- vised the liverpool corporation that veget- able marrows; ate nut fruit within the mean. iug of the sugar domestic preserving order 41917),"
sugar,1910,2,1719,1365,6.65,True,"tea table talk. es, a taw, oo the nturt failure. stir. vo,v. many housewives have sated or acquired sugar for preserving. but what with die failure of uilitiliof the fruit crop, and the limitations of"
sugar,1910,2,1719,1367,6.658,True,"a • 100 p 4. the year. the entire abeam, of currants and the scarcity of sugar has greatly restricted cake baking, and lists aze mmay homer where the tiam boomed christmas cake will fad to take its mo"
sugar,1910,2,1719,1368,6.6602,True,one half-pound tin of robinson's.? barley makes about 16 quarts of delicious satlsfying barley water. total cost (including sugar and flavouring) about on= ipepitinuir .7= re qiltalict how's that for 
sugar,1910,2,1719,1369,6.6611,True,mangles. during the !set 41) years the quantity of sugar that co.li be obtained from a ton of sugar beet has been increased over 100 per cent. this is inter- esting at showing the improvement to be ex
sugar,1910,2,1719,1370,6.6654,True,"girls who eat sweets. often a sign of ""green sickness."" the shortage of sugar in the household leads many girls to eat quantities of sweets; but it is not the only eause. an unhealthy appetite that tu"
sugar,1910,2,1719,1371,6.6692,True,"mason's ginger wine essence which makes----•- one gallon ginger wine with the addition of lump sugar all who apply before december 31st will receive a neat money box, which makes a useful gift for the"
sugar,1910,2,1719,1374,6.6827,True,"average annual earnings of manual workers (men, women and children consumption ot imported food per head (a). w heat per head lbs. (h) sugar ~lbs. paupers (england arid wales) jan. 1. deposits in post"
sugar,1910,2,1719,1376,6.7014,True,from sugar to steal. abandoning a euccessful grocery businewm in 1311. frederick krupp founded what has long wince been famous as the great cannon works at esse...
sugar,1910,2,1719,1377,6.703,True,sugar by ticket. bread and meat control to come later. details of scheme. lord rhondda has issued details of his scheme for the distribution of sugar to lo...
sugar,1910,2,1719,1378,6.7125,True,"b. prestos it co. if los vraat row sugar cheap 1.12.1 no n.. bow c.ard brats comm ilk. musical instruments. .d.sa aro tor two comocialv• luau taom-- two limos wamehraiiuzi4 igr4tria..l4l2, s..."
sugar,1910,2,1719,1382,6.7184,True,co-operative 'warehouse on fire. noun .and sugar alilwed. shortly atter nine o'clock on hionlar night (bank holiday) are was discovered .to have broken out at the store or v*44l- in priosatreet belo...
sugar,1910,2,1719,1385,6.7346,True,...ality that was supplied to all the people of this town during the rationed period. cannot be obtained elsewhere. it will pay you to register here for sugar and butter. e-
sugar,1910,2,1719,1387,6.7407,True,"is. 6d. is. sd. is. 4d. is. 6d. best table castor sugar 2d. per lb. pine oranulated sugar v:d. per lb. good stewing prunes -id. per lb. siwaya a very small one. she thought it progressed, but it did n"
sugar,1910,2,1719,1389,6.7545,True,"b. preston & co. if you oant your sugar emal, ms tilm na• omar card bm.* warn la. let new and &mod-hand jearllery at reasonable pelee. try r. holt. pawebreker sad jeweller, behind the palac..."
sugar,1910,2,1719,1390,6.7625,True,"jottings by an old journalist. sugar for preserving. • last week's item under rations"" suggests a 'note by way of supplement to the incident i gave in that issue. i know of few ap- plica..."
sugar,1910,2,1719,1394,6.7775,True,"growing their own seed. enterprising scgar-ref.t refiners. the domn sugar oompany have embarked on s scheme which, in the course of s year or two will, a ia evoneted, provide the onmpany with all i2b "
sugar,1910,2,1719,1396,6.7915,True,sugar registration. a matter much under—consideration at present is that of the sugar registration scheme'. already a great number of application forms hav...
sugar,1910,2,1719,1397,6.7978,True,"the german claims. ‘l:•tet< i.).1 i.t.ursday. the cuumittilittur piniitsed it. 13451 evetting :-• una night, anolhm! hand grenade attio..k hear the sugar reline' y at soto..hez wa4 1-.1.1.11to•d. thf,"
sugar,1910,2,1719,1398,6.7979,True,"aleo to purchasers of one pound of above we w'll sell d per 31bs sugar at lb. liptons for quality. high street, bar we sr broth contioued from page 1. this is of course businesslike on his part, but i"
sugar,1910,2,1719,1400,6.8016,True,"breach of sugar order. mcnday mrs e. hills, of iturworth- place, was ordered by the darlington county magistrates. to pay id 2s 6d costs for a breach of the sugar pr..."
sugar,1910,2,1719,1401,6.8031,True,"tea 7d, lb coffee or cocoa aid, 31bs. sugar is, currants 3d, 11b. rice 3d-6d; eggs 6d, ilb. cheese sd--11d; lb. fresh butter 10d, 11b. nut butter 6d, 11b. bacon is id, /lb. lard 6d. salt and ba..."
sugar,1910,2,1719,1405,6.825,True,"_*_ taysicle.""—see footnote. • septuagenarian.--five drops friar's balsam on lump sugar thrice daily. ""bell"" iplymouth).—threatenecl neuritis. see article on nerves three weaks ago. take easton's syru"
sugar,1910,2,1719,1408,6.8388,True,"am, silver sugar sifter; miss celia lyell, purple satin cush.on; lin davy, four silver tumbler stands; mr and the misses prior, wanclesford silver sugar dredger; dr. ..."
sugar,1910,2,1719,1409,6.8414,True,"christmas rice cake. cream 11b. butte:, add bib. castor sugar sugarr, 1 teto-:poonful of es.yenoe of lemon, four eggs leu- beatn, ill,. snow flour, ib. ground rice, alb. flour ono teafpoontui of bakin"
sugar,1910,2,1719,1414,6.8807,True,"items for agricui; abou r m angels. value. average crop, 20 to 30 wwi i.er acre. 44 5a4y.,9. titi per cent sate and 10piti sugar and fibry matters (1 pr cent chili, .leroj. woitie average aualyea li r"
sugar,1910,2,1719,1425,6.91,True,sugar cards. food controller's war ninc. hoari;ing to be stopped. use of luxuries must be abateit
sugar,1910,2,1719,1427,6.9241,True,condensed milk. but no economy in sugar con- sumption at workhouse. supplementing the milk supply by procuring condensed milk in 28th. tins was considered by the warrington board of guardia...
sugar,1910,2,1719,1428,6.9286,True,"i_ !tiers to the editor -•-- tm.: wi liimawal fklm '11if: sugar (yon rini- jan t• i ennni the gasarre.' sir,—ltv u.tm or,t, nrintonnii! it *aa', toile guvoitii.i,it suga, om- ir ..o•f re ti.:, !..,'li"
sugar,1910,2,1719,1429,6.9313,True,"aitgyle. al or argyle theatre during the 11- 01:1111/dra week mr. d. j. olarke w apart peiresage with the new and anameaful rem.. sugar and spice,"" to be presented by a company oripuneed and toured by"
sugar,1910,2,1719,1431,6.9498,True,lard and butter are dearer.—advt. bacon and sugar are dearer.—advt. board of guardians contracts. at a meeting yesterday afternoon the board of guardians accepted the following contracts for the ensu...
sugar,1910,2,1719,1436,6.9848,True,"food gardening. by ""spade seasonable advice. many allotment holders have grown sugar beet, and do not 'know what to do with, it. i have already pointed out the chief uses to which it can he put, but a"
sugar,1910,2,1719,1437,6.9876,True,"admiral and mine oxley. silver sugar basin and tongs mae violet and lieutenant oxley, eoppet pot mr richmond powell, old ise, sir richard douglas powell, china dessert service mise eliza..."
sugar,1910,2,1719,1438,6.988,True,"empire theatre, liverpool. sugar is an all-absorbing topic juetnow, and therefore most tinielvctand attractive the title ""the sugar beitpy"" of the merry neyranusical piece which -mos..."
sugar,1910,2,1719,1440,6.9901,True,"cocoanut ice. two yx- aknalt; ot 1 ost; siagar. half a pound of tbew.,l- oleo:mitt, one teacttpful of milk. put .he milk awl sugar inzo a alocepan and stir •oeca- bionally tiil it boils, then keen boi"
sugar,1910,2,1719,1448,7.0567,True,"...n inns, of stevenage, has jpst pur- chased the whole parish of caidecote, herts; ,but the,report that he had to do this in order to obtain a pound of sugar proves; incorrect: —"" pu"
sugar,1910,2,1719,1450,7.0614,True,sugar supply at haslingden. food control 09ilmitters strong atiitud hasling•lth lotatithasdi-lit;o1 ectomittee have taken up a arcing &offside with regard ...
sugar,1910,2,1719,1451,7.0621,True,"g ilt f %wine iverted. the threatened serious sugar short- age at blackpool, to which reference was made in last friday's issue, has been averted by the arrival of specially- released supplies. good s"
sugar,1910,2,1719,1452,7.0636,True,"household hints. c„d sugar when handled. should not fe.i sticky, but perfectly dry. bathbrick mixed with paraffin will ten... my stains from steel, brass, and copper. when choo..."
sugar,1910,2,1719,1454,7.079,True,"weekly food bulletin foe dicommio;r, cat this set, h may be email i.e refereocie. rations next week. sugar 8 cz. batter or margarine (but out more *ban 1 ca of batter to soy pone). lard 2 czt. jars 4 "
sugar,1910,2,1719,1455,7.0906,True,"sugar notice. elb, pot lad wool.ly to *oat porton in tho toady et beim olkmod by so to all thoto oho way their swot cords to ito hen um week coward& iteiit..."
sugar,1910,2,1719,1456,7.1042,True,"...faith."" charge against a cleveland r_ dy dismissed. at guisborough on tuesday mrs marv. e. thownson. daithy muii. was accused ot having obtained more sugar than she re- quited for diski"
sugar,1910,2,1719,1461,7.128,True,"/po sugar boiler., str ell manufacturers, confection- "". era. bosirteset for dispoeal. good retail trade, main street, neer foundry. receiving office for laund..."
sugar,1910,2,1719,1462,7.1374,True,"sugar just now being very attractive in their 3isollay of rhodolendrona, roses and ocher summer fhwere. in the evening there wa@ dsocing in the servants' h..."
sugar,1910,2,1719,1463,7.1391,True,"accrington & church co-operative business at the quarterly meeting. air. j. hargreaves critii'ises the sugar supply. wiriles.ii,e defended by tiie president. 'rhe quarterly meeting of the members of t"
sugar,1910,2,1719,1464,7.1448,True,"a coal saving hint. collect two-pound sugar bags and slightly wet them, then fill with ooel dust and cinders also damped, and tie rs.,t top. place one or two pieces of cioal on the front of the..."
sugar,1910,2,1719,1466,7.1499,True,"saocharine fob sugaii dr. h. c. ro, of 61a. curren-street. londe., •• feecharnie ,• not • genuine. •uletionie for iced, sugar vahiable food. saccharine ie ince.l. a coal tar derivative which ham no p_"
sugar,1910,2,1719,1474,7.2202,True,"sugar vor jam the forms of application. an annottl2eemant i_ is ei 14verpool con- ""the ship is ten times larger than atil tiittt temporary' thurtedey' next..."
sugar,1910,2,1719,1476,7.2362,True,"... and dance, wfj/nesd.iy. november elth, 1918, h the town hall, accrington, 1 t 7 p.m prompt. iraghte out at 1038 ll,lr—lunente at moderato eharree no sugar r p 1 mr. ,/ d trbysiiire's orche"
sugar,1910,2,1719,1478,7.246,True,"...inns, of stevenage, has 'just pur- chased the whole parish of caldecote, • hefts; but the report that he had to do this in order to obtain a pound of sugar proves incorrect,. —""p"
sugar,1910,2,1719,1479,7.2468,True,"admiral and mine oxley. silver sugar basin and tongs mae violet and lieutenant oxley, eoppet pot mr richmond powell, old ise, sir richard douglas powell, china dessert service mise eliza..."
sugar,1910,2,1719,1482,7.2613,True,"...it upon which cotton futures, etc.. are bawd may have given way. but the real oredit of old england vidl sufficient to buy the largest consignment of sugar on m"
sugar,1910,2,1719,1484,7.2768,True,birkenheld sugar...) ....... lb. per person per week. tea 1 oza. rutter or ll i 1 margarine 4 ozs. „ „ „ „ meat lb.. for every child under six years. wallasey. sugar ...
sugar,1910,2,1719,1485,7.2818,True,heroes of the war. one half-pound tin of robinson's./ barley makes itbout 16 quarts of deliciou% s:ttisiying barley water. total cost (mcludmg sugar and eavouring) about cox= penny p.eft qualric: how'
sugar,1910,2,1719,1492,7.2985,True,"what ice c an inti food hof police co 104, willi moned fo out havin acquired session el ordinary meat. t 1 sugar or 7th of cer ness with control authorisil s. steel r the su] with, and the a said that"
sugar,1910,2,1719,1494,7.3054,True,"...l 8c mason, nottingham, and they will send you a bottle of mason's ginger wine essence which makes-- one gallon ginger wine with the addition of lump sugar all who "
sugar,1910,2,1719,1502,7.3551,True,"as a- t quickly, anc the sugar ot his wife g( left the row what the ca did not se absence he waiting to] after a whil hand, and looked with it was plaii hand that would hay( in a q..."
sugar,1910,2,1719,1503,7.3581,True,"livingstone road, blackpool. the contents of each bottle is guaranteed to contain 40 grains of health-giving sugar obtained solely from pure dairy milk. sold in half-pint bottles by all refreshment ca"
sugar,1910,2,1719,1507,7.4003,True,"... medal has been awarded to tho following warrington men :-430168 sapper (acting-sergeant) w. amos, re.; 14784 private s. e. harrison, border regiment sugar for fid"
sugar,1910,2,1719,1509,7.4045,True,railway eare allowed. orasiic new i.ood orders. still coarser flour. pria unit; toe sweets and piuslifts sugar for siciir•iilailino rekted hyk half. nix new food orden were issued by the fond controll
sugar,1910,2,1719,1510,7.4072,True,"wives and maidens: drops in for tea and elk. • liberal helping sugar. don't think toe mean, but ren a tweet tenth, too, and she never. never asks me had, so i've no opportunity of getting my nen bad, "
sugar,1910,2,1719,1512,7.4205,True,"accrigtou & church co-operative sizi:mt shortage, the wholesale mxiofy and sugar the question of proitrition mosthly tneross a! qs aarlington asal (suds i suri.ay wads boil on monday mph, mr... j e., "
sugar,1910,2,1719,1518,7.4388,True,"k jib sugar gardann log tobdoco n. 4 piz.c.. i tin coen. os. tobacco. 1 'ici coluvi haw. beef. tut mecca cu veal. tabiet soup. alb. choose tie paid./ jib. ,slare..."
sugar,1910,2,1719,1519,7.4481,True,"...all 8c mason, nottingham, and they will send you a bottle of mason's ginger wine essence which makes one gallon ginger wine with the addition of lump sugar all who"
sugar,1910,2,1719,1521,7.4663,True,"iillllllllllll‘ kdoosloo sot!.oriti•••• if unable to ye, sugar fr ohtldron'a im.sle it: schools. !dieted apply o:toct t. the xj604,101, at b.dtord. en s e a•clq, jam e wilklei.aa. firmer. 1 wybqater, "
sugar,1910,2,1719,1522,7.476,True,"b. preston & co. h rnu want row sugar own, arban i. nay sugar card 67•irm comes m. horses and carriages. taicll,7.t (13,1!i,i1,3 tat itrlt-ittr; for b.lc horse 1$ heads, reed iu po worker..."
sugar,1910,2,1719,1527,7.5047,True,"cocoanut fingers. cream together ;lb. of caater sugar and the quantit,v of butter. beat into the mixture two mix together oz. of -baking powder, oz. of cated cocoanut, and 41u, oi flour. all togethe.,"
sugar,1910,2,1719,1528,7.5119,True,"... :le house fr repairs old watches, jewellery & silver mr and mre a welk+, esee etiver after. 119011 tee knives mr and mrs f d wise, silver cream jog, sugar basin and tongs can"
sugar,1910,2,1719,1531,7.5213,True,"the crops in picardy. sugar beet, beans, peas, and cereals formerly constituted the chief crops of the area of france which is now being iecovered by british and il jac,son moss..."
sugar,1910,2,1719,1532,7.522,True,sugar an' what not. • • • • • • • • mirth in the mill
sugar,1910,2,1719,1535,7.5379,True,false sugar return. .%t tenth. mart gaskelt. confectioner. isacton. ess tined ard 'ordered to pay the adyorute'r lee for making a false return of her stock of au...
sugar,1910,2,1719,1537,7.5429,True,"e.nr i a 41d. bottle makes 2 gallons of delicious home-made lemonade. produced solely from lemons and it. try sugar ower l.in"" __ onade education committee. criticism of the local government board. ""p"
sugar,1910,2,1719,1540,7.5534,True,"... how to make up the wanly e i. sprig(;b, m d ,wraten the opueat of the fond ronthdlrol the rook!, allthr.ohe of hf. of 001.1 t. 2411. meat thd ilk of sugar rve• arlerth 1.350 c"
sugar,1910,2,1719,1542,7.5749,True,"iilt iil c suomi cards. ave now di tv. wit have spe&i.i4 arrano e- ments for filin‘ • cards pistribution of sugar geo. knowles, 22 westgate, ripol,,"
sugar,1910,2,1719,1544,7.588,True,"householq remes, tabloid cocoa boil one gill of tr.:lk and an 0',.1!e 0: gelatthe mote ad a quantity of sugar .as des'.led until d-.s. solved, then add five teaspoonfuls of ea..cil i good cocoa and %a"
sugar,1910,2,1719,1545,7.5946,True,"b. preston & co. h rnu want row sugar own, arban i. nay sugar card 67•irm comes m. horses and carriages. taicll,7.t (13,1!i,i1,3 tat itrlt-ittr; for b.lc horse 1$ heads, reed iu po worker..."
sugar,1910,2,1719,1549,7.6362,True,"cobdenism and sugar a remarkable illustration of the way in which ""free trade"" discourages british and encour- ages foreign industry is shown in the attitude of the gove..."
sugar,1910,2,1719,1550,7.6397,True,"black ci made from piaest sugar ingre other wycliwwesetj to-roßßow, (sun' rev. t. 1,-)rning 10.30 ""1 ...„....__tvening 630 • ""'t p.s .a. pc to- morrow preacher r almontuno and r. to..."
sugar,1910,2,1719,1556,7.6642,True,"answers to correspondents. reohab.—you mast have your teeth put in order. eat very slowly, and stop taking tea. reduce thf sugar in your diet. if you do not improve you must see a doctor. g. g.—drink "
sugar,1910,2,1719,1557,7.665,True,"1101e8 of the week. sugar puts are the burning ques- tion ot the moment, or, at any rate, one of the commonest topic. a con- versation. criticise' centres around the fact that..."
sugar,1910,2,1719,1563,7.7029,True,"a good cake &ilaipett ,eal:}/ lit.attl.. tri flour. eorratlour, 1 teatpoontui eaf.:h ol p.p.voer and ml i kli 1 egg. beat the butter •-' sugar to. 3 orearn. then add thr egg iweil ar_d beet well ior t"
sugar,1910,2,1719,1568,7.7241,True,"easly-made hearthrugt. open a sugar sack and cut it the size required for rug. put a tacking-thread across the centre of it. now have some pieces of cloth of all colours, out about two ..."
sugar,1910,2,1719,1569,7.7279,True,"belts, cardigan jackets, handkerchiefs. •sr° sugar birkenhead hostels, limited. meeting of shareholders. on wednesday afternoon a statutory meeting of shareholders of the birkenhead hostels, ltd., was"
sugar,1910,2,1719,1570,7.7306,True,"... low good welco is—and it's better if made by placing half a teaspoonful of wel(x) into a breakfast cup, fill up with boiling water, stir brisky, add sugar and milk to taste, then pour th"
sugar,1910,2,1719,1572,7.7687,True,"nllll c 0.., t.l view walk • box with ellbe sugar '' in black lettering on one end of it. when the lid was lifted it seemed full of hay. the lavenderlady giottly moved wide the hay, and there, restin..."
sugar,1910,2,1719,1573,7.7749,True,"get it at r. 11. 0. rills ltd. herbert burrell. the head sugar boiler at ileum dover's toffee works, shemehl, was on thursday found dead in the works with kis throat cut and • knife by his side. fin a"
sugar,1910,2,1719,1575,7.7901,True,goviniiiimit st sugar beet this. hatmesled la noel problems are aweilleg whh theft women the ethos which the clegeounent all win be the entourage- meat el the pnieetime se...
sugar,1910,2,1719,1577,7.8261,True,"...l & mason, nottingham, and they will send you a bottle of— mason's ginger wine essence which makes — one gallon ginger wine with the addition of lump sugar au who apply"
sugar,1910,2,1719,1583,7.8743,True,"to buyers of one pound of above, we sell en% d ,lbsi best oran. sugar for cart in heeling on sunday. at lilaushard's house enquiring for a joseph /awards or a joseph davies. blaushard told the constab"
sugar,1910,2,1719,1584,7.8749,True,"i i mr. and mrs. walter illingworth, silver later' cheese and biscuit dish. mr. and mrs. h. randle kay, ease of silver spoons and sugar tongs. •mr. and mrs. william kay, .wilver sauce boat-, et mr. an"
sugar,1910,2,1719,1585,7.8771,True,"food gardening. by ""spade seasonable advice. many allotment holders have grown sugar beo, and do not know what to do with it. i have already pointed out the chief uses to which it can be put, but as e"
sugar,1910,2,1719,1588,7.8806,True,"... progra.mme is being submitted this week at this popular limestreet.house, and on monday sit both performances huge audiences enjoyed the fare.: ""the sugar ba"
sugar,1910,2,1719,1591,7.8874,True,"'write at once. • our chemist has devised a simple method whereby any housewife can easily prepare large quantities of real old-fashioned sweet sugar suitable for all purpose,., not a substitute—from "
sugar,1910,2,1719,1592,7.8917,True,"round the kitchen fire. sultana ca.k.e.--quarier lb. hatter. in. sugar. 41b. flour. 4re miliaria, 2 egg, 2 table. sponntule warm milk 2nr. weepevrifitle bajcing rsavder. beat wt... and yolks et eggs i"
sugar,1910,2,1719,1593,7.8962,True,"inumisis vacant. smart sot. re aare= wake =7 weelt,'""=- window cimalaa—tos sugar lads waste& 'lard wages. easy amu.— ssw. is mow omsk lystam soot eilarnsias, bt4kmon- ames vimintiiid. teas gulls ler v"
sugar,1910,2,1719,1595,7.9002,True,"...lar tz-adfr.""--il,i quite possible. but not common. i2l cold tub: no supper. eat less bute're, meat. ""3. t. o.""—take live drops friar's balsam 6 lump sugar three times dail"
sugar,1910,2,1719,1597,7.9042,True,"admiral and mine oxley. silver sugar basin and tongs mae violet and lieutenant oxley, eoppet pot mr richmond powell, old ise, sir richard douglas powell, china dessert service mise eliza..."
sugar,1910,2,1719,1603,7.9721,True,"sugar, butter and dividends. the president, in moving the adoption of the report, said the sales for the three months had been £138,179, an increase of £15..."
sugar,1910,2,1719,1606,8.0104,True,"sugar sept. 24th. -• • • • louvilt- 0y; .f. ,• i :..! ;.... • .. .. • .. .4 • .. na ifamerartsa ~ •' 3 • .: --..t:1ik,,,, -zeloctr, ~. :.., ..-, oa. a.• 1(..."
sugar,1910,2,1719,1608,8.0148,True,"africa mos.,. i). fliv. i.lttliteol. as .olling n.ialshgar rciiricries. e offe-rmir i he, in. font, a itj,,,r.tt'c tin lo;l, of natal sugar of. luiirp, is hich has b. 4 it ith ;was. 040 a tin author i"
sugar,1910,2,1719,1610,8.0165,True,"...ert and plate, 01.1 consisting of 6 table knives and forks, 6 dessert knive; and forks, 2 table spoons, 6 dessert spoons, 6 tea spoons, 6 egg spoons, sugar"
sugar,1910,2,1719,1611,8.0395,True,"best granulated 3-ths. sugar will give you your money back. mean g of the usual ball? the toast of the ""titatore"" wee proposed by mr. w. p:tetenim, and responded to by mr. arruut..."
sugar,1910,2,1719,1613,8.0445,True,"pasties wig among ow vries line tilma pin r"" oho. °°'-''-. mai -- 4. ha is asw_as sad is slisisied mora um& 'vs ais mir • ddiglaut sugar wieser gardens • cwssls at we "":""v ia,--- .. ~,.....,.., i, et "
sugar,1910,2,1719,1614,8.0564,True,"...laneous on sale. be vigorous, trong and successful. par- ticulars free.—ames, ltd. (f.). cromwell house. holborn, london. tioottle your fruit without sugar in ordinary jam jars or bottles with t"
sugar,1910,2,1719,1619,8.1124,True,"new director of lever bros. mr, gilbert wheaton fog, of messrs. edward grey and co.. liverpool and lon_ doa, sugar merchants and brokers, goo chairman of the wiliam marine insar- am* company, has been"
sugar,1910,2,1719,1623,8.1637,True,"sugar man's protest. i why was case heard at loftus and not at redcar bench's curt attitude. at lof tlts on. itrtay mu \tauil fawcett, of coat,ham, oradea ..."
sugar,1910,2,1719,1625,8.1952,True,scott & whaley the sugar baby. cast includes- jean allistone: dick webb. penn hamilton. mollie rivers. dan 0. scott. full company of 40 artistes. varieties by edith noble. br...
sugar,1910,2,1719,1626,8.2009,True,"letters to the f.itor. assooiation and lfn sugar."" to t. el.o. one. sir.—at • moo., of the above aesireation held an monday night team instructed to ask ,rou to cell public atacition to the scare., ..."
sugar,1910,2,1719,1628,8.2335,True,"july e 3, jgra. shingle is hung a tiny bucket, into which the turpentine drips. the tapping proems is like that used on the american sugar maple. young pine trees are tapped low, but with each year pa"
sugar,1910,2,1719,1629,8.2411,True,"pouine te, fiase of solid s sugar tongs ti. grandic we still le. vi psnts, paiute' bice jackets, and ovt hid children's stcckit ur 11icthanic's t-hitt wii r mud outfitter, 1 08t nivel"
sugar,1910,2,1719,1630,8.2484,True,"...ewban & mason, nottingham, and will send you a bottle mason's ginger wine esseuce —which makes--____ one gallon ginger wine with the addition of lump sugar all who apply bef"
sugar,1910,2,1719,1631,8.2497,True,"another kind of trust. snail boy: ""please, ruuvver wants to know if there's a sugar trust ?"" grocer: ""yes, my lad."" small boy: well, will yer trust 'er wiv a couple o' pounds.""—w. anderson, 16, brooms"
sugar,1910,2,1719,1633,8.2634,True,"...inolpal kind of root grown for dairy cows in this country and some experi- ments dtmonstrate that, wetght for weight, they give as good results as do sugar beet"
sugar,1910,2,1719,1638,8.3508,True,"am, silver sugar sifter; miss celia lyell, purple satin cush.on; lin davy, four silver tumbler stands; mr and the misses prior, wanclesford silver sugar dredger; dr. ..."
sugar,1910,2,1719,1640,8.3732,True,"...n, nottingham, and they mason's send you a bottle of--- _ mason's ginger wine essence _ —which makes one gallon ginger wine with the addition of lump sugar"
sugar,1910,2,1719,1649,8.5167,True,"food notes. it may be necessary shortly to reduce sugar ration. the mexboro' food control committee are making excellent headway with the prepara- tion of the meat ration system, and are busily at wor"
sugar,1910,2,1719,1650,8.5269,True,"••,,,. .. '1 '''!: • ,v. dit, •;t!.."". • 3 s world• 0 _ giving them the lead in dye manufactures, sugar production, poultry raising, and other indus- tries. among other things there is the drying of v"
sugar,1910,2,1719,1652,8.6044,True,"concert at marton. sugar date extension. the ditticult of householders returning te suer dec;strauion fornv, duly filled up, o thar groeers by saturday next, has ev:denzly be..."
sugar,1910,2,1719,1654,8.6273,True,"...all & mason, nottingham, and they will send you a bottle of— mason's ginger wine essence which makes one gallon ginger wine with the addition of lump sugar all who apply "
sugar,1910,2,1719,1656,8.6733,True,"...mason, nottingham, and they will send you a bottle of— mason's ginger wine essence ----which makes-- one gallon ginger wine with the addition of lump sugar all "
sugar,1910,2,1719,1657,8.7067,True,"a rich cake. quarter of a ptiii-cifyof butter, egg, ib. ground rxt, 6oke of erushod lump sugar d.isfolved in lemon itee. beat the butt:ar an4l sugar to a cream, stir in the beat on ..ggs, beat ail tog"
sugar,1910,2,1719,1658,8.7155,True,"from ""london opinion."" tha sugar card is lord rhondda's 4:14. card. • • • • an iron gross seems to hare faalen front a gotha in kent. it is not known oa gonsoientioua objector it was..."
sugar,1910,2,1719,1659,8.7209,True,"list of presents. bridegroom to bride, .titted suit cam; bride to bridegroom, cuff links and ring; the rev. r. pierpoins, sugar basin and sifter: countese louise jenisori, black forests, clock miss fr"
sugar,1910,2,1719,1661,8.736,True,"...oaa tate sum of .-el9 19s 114 b patd out of oil es:,a.te worth £20,000i rnuetil ekteb, will 25 other porang reocive from wtot is left ,? 2. if i bu.y sugar 4 21d lb. a"
sugar,1910,2,1719,1665,8.797,True,"limit of consumption. br eactl ""titna other flour foed) per week. sugar meat 211bs. per week. your bread, your puddings and your cakes must not contain more than albs. of flour per person per week. th"
sugar,1910,2,1719,1666,8.8112,True,"...ball & mason, nottingham, and they will send you a bottle of mason's ginger wine essence which makes one gallon ginger wine with the addition of lump sugar all who apply b"
sugar,1910,2,1719,1668,8.8365,True,sugar south-end notes. rock-ierr f. the rock ferry congreptionaimo have held a series of very successful spe- cial services during the past week. on sunday...
sugar,1910,2,1719,1669,8.8453,True,"...& mason, nottingham, and they will send you a bottle of-- mason's ginger wine essence ---which makes one gallon ginger wine with the addition of lump sugar all who ap"
sugar,1910,2,1719,1672,8.9094,True,"othee food (for all adullt). ;b. oz. cereals other than bread meat butter, margarine, lard, oils, and faits sugar children. children to receive ""reasonable"" rations: no -definite scale is laid .lown. "
sugar,1910,2,1719,1680,9.0628,True,"queensland sugar and jam. eal,a rn....• of tlbe ,kluets.o ant& pa... x..re tureuxl into f0..1 tor moak. ..••••• mb* nuntro..n.l oroneoling i! fl s .5., 5..,. q,!..,.5..."
sugar,1910,2,1719,1681,9.088,True,"...trong, a ten minutes' talk with that old man, and the romantic stories i had heard in my youth of a wonderful ""ghost,' fell away like a piece of lump sugar in a cu"
sugar,1910,2,1719,1683,9.135,True,"...ball & mason, nottingham, and they will send you a bottle of mason's ginger wine essence which makes one gallon ginger wine with the addition of lump sugar all who apply b"
sugar,1910,2,1719,1687,9.2396,True,"preserved currant-j u ice. the following is the way currant-juice can be kept without the expense of, sugar pick any quantity of red or white currants from the stalk. place them in open jars, and put "
sugar,1910,2,1719,1689,9.3672,True,"31b begitalaish sugar 2 11, margarine i 0 .1.1111/ overweight 1 all for 112 „.............._,..,_.... ________ i lir ..., _ ,y, ~., pi. • 4 t h li. 70' k4' 4 t... llr i oi..."
sugar,1910,2,1719,1694,9.8986,True,"...soner's story was that she was standing peaceably at her front door showing phi:4os to a friend when the complainant threw plates, knives and a glass sugar basin at he"
sugar,1910,2,1719,1698,10.0616,True,"the examiner, saturday, december 1, 1917. co-operative society. representation in national and local government. sugar for members. at the quarterly meeting of the warrington equitable industrial co-o"
sugar,1910,2,1719,1699,10.0942,True,"...isoner's story was that she was standing peaceably at her front door showing photos to a friend when the complainant threw plates, knives and a glass sugar basin at her"
sugar,1910,2,1719,1701,10.6052,True,"st. austin's. councillor sugar owen (1917), ke.lmscott,"" appleton, architect. mr. geo. shaw, a nominee of the co-operative society, and a member of the society's board of managemen..."
sugar,1910,2,1719,1708,19.2736,True,"no butter cake ""iwo oi ground a.linands, kz. of ex,rer ugar. 4oz. of flour. and white of two s'!ft bi-j(.: flour: add to it the wound ahnonds and :sugar. 11,x then form paste whipred ‘lll'te of eggs. "
sugar,1910,2,1719,1711,19.8,True,huge sugar deal government ensures nation's supply. the %%einem mail publishes this follow ing in cruet. 10 avoid asugar laiine 1:i oft- feiiumilcv ut the ceese...
sugar,1910,2,1719,1713,20.3761,True,"energy from sugar. a number of people have been very surprised at the fact that our soldiers at the front ap- pear to have such a craving for sweet things. those, howe..."
sugar,1910,2,1719,1714,20.5094,True,"sugar used in enwing. i. ""an ex-operative brewer,"" writing from bury st. edmunds, says :—"" the brewing trade and their friends have more than once stated i..."
