word,decade,cluster,cluster_size,rank_in_cluster,distance_to_centroid,target_word_visible,snippet
sugar,1870,0,1263,182,4.3204,True,"pr( duce. altrinchax maim""; tuesday.— fresh butter is. 4d. to is. ni. per lb eggs from mt to 7 for is. i.,frpool, teranay.—sugar the market rontinnea quiet, and the sales are limited to itti hags date"
sugar,1870,0,1263,251,4.4948,True,„.. &ilia natural wines are now scarcely to be met with in the moselle district. and the addl. clan of sugar goes hand in hand with liberal dilutions of water and the anvil ingredients of spirits. thi
sugar,1870,0,1263,333,4.6845,True,"produce. livieppoot., wimnerdat. sugar continues in fair 10- queßt, and realizes full prices. the siiks are—foreign weat india: 20 hogshead indirect guadaloupe at 31n. cd. per cwt., duty p..."
sugar,1870,0,1263,372,4.755,True,"to gowns= or scoal finzel's new crystal sug.ut but ros preserving. rtszsys pure crystal sugar befogadds entirely from the roast casa is therefor, bat for i when men for tab; and other purposes, it oda"
sugar,1870,0,1263,411,4.8364,True,"the embezzi,ement. by a., clerk at the sankky sugar i•pik7 ...... george henry atkinson leas brought up on remond from friday, before colonel m'corquodale and mr. houghton, ,wttbo newton town hall, on"
sugar,1870,0,1263,446,4.9257,True,"the beet for hand and machine we& clyde thread liiiie, glasgow. finzeliii sugar crystals ark pure. fruit preserved with thaw keeps keit years. may be bad of grocers. [refinery, briml tir. scotts bilio"
sugar,1870,0,1263,453,4.9475,True,sugar maximo in the west indies. (prom land and wain let tie follow ‘a thine of cane. is • field close by are forty men cutting canes. while forty rumen lo...
sugar,1870,0,1263,468,4.9793,True,"provisions mincing lane, friday.—(by telegraph.)— sugar steady at auction; bengal realised full value; other sorts firm; refined not quite so active; trade quiet. coffee very firm, but quota- tions un"
sugar,1870,0,1263,477,5.0007,True,"to coniiiiiltith of suclil fine el's new crystal sugar is but tor prenerylno. mows puri crystal sugar bsl,nods nab= train tin men osas, is thsrelon ben 1101. whin meg for ws sod titbit parson., it nai"
sugar,1870,0,1263,486,5.0202,True,"...i 0 n. to bakers, grocers, and others. persons deeinoun a contracting for the supply of bread k made in 1113. wares) at per loaf, tea at per oz., and sugar u pes lb, for the use of the o"
sugar,1870,0,1263,493,5.0294,True,"to 001fiumus of suoal f int el's new crystal sugar is beet ros prigierving. fenzel% pure crystal sugar nada eetb= hem the mart, cesa, i mindoro bed foe when used for mi. aod other puromm it makes no i"
sugar,1870,0,1263,511,5.0709,True,"thursday. london pi:our:cr.—sugar there have been no public sales to.day, and privately very httle business transacted at late rates. coffee the demand continues dull, and priceu :is ..."
sugar,1870,0,1263,527,5.1134,True,"latest mare ets ~ glasgow sugar, nov. 15. a small business was done, and prices unchanged. london hay, nov. 15.—a fair supply, and trade quiet. prime clover.. inferior do. .. good n..."
sugar,1870,0,1263,541,5.1419,True,"latest iklatt:-, glasgow sugar, april 18.—market steady. a good business was done in mediums and yellews, at steady prices. london hay, april 18.—a fair supply, and trade dull. pri..."
sugar,1870,0,1263,554,5.1808,True,"produce. lie axe., wild/imiday.- sugar quiet on the spot, and prie.a lac hardly i.ut i full price has i,en paid. the wiled are— brazil 1,54 0 age maranhasu, at tea ed., aud 1, masai, at a...."
sugar,1870,0,1263,557,5.1853,True,"to consumers of scoal finzel 'a mew crystal sugar la but for preserving. merle pure crystal sugar bmng mods intim!, from the finest ouse, is tame:ore beat for preesroth,• whoa used for ow nod other p..."
sugar,1870,0,1263,569,5.2095,True,"produce market. there has been more animation hi the colonial produce markets this week. sugar ma improved in value, sad 1:10.m firmly at the advance. relined goods arc ales steady. colley has come fo"
sugar,1870,0,1263,577,5.2225,True,"...t failure of liverpool merchiints. at greenock on wednesday an examination in bankruptcy was held in the case of messrs. wil- liam anderson and sons, sugar brokers and pro- duce merchants, of "
sugar,1870,0,1263,583,5.2324,True,"draiiee sugar powderb.—the neo, extraordinary, jll and tome remedy for riiiluiutisii, neuralgia, sciatica, lumbago; also for toothache, earache, coughs, and mi aff..."
sugar,1870,0,1263,593,5.2444,True,"sugar and grape glucose, for the use of confectioners, brewers, preservers of fruits, wine-makers, bm. unequalled for purity and excellence. furnished in q..."
sugar,1870,0,1263,598,5.2509,True,"latest markets glaeipow sugar, july 13.—a good business was done, at yesterday's prices. demand for yellow improving. london potato, july 13.—moderate suppiy, and trade steady. ne..."
sugar,1870,0,1263,627,5.3226,True,"markets. london produce.—raw sugar firmly held, more demand refined goods steady; coffee dull at yester- day's decline of is. to n. rice dull, jute neglected fair demand for saltpetre ..."
sugar,1870,0,1263,633,5.3381,True,"to baas, omen, awl *um diersons deeirone of contractlyg for the supply of bread (made rn 41b. loaves. at 8... k per loaf, tea at per oz., and sugar at per lb for the aeo of the outdoor poor in the swa"
sugar,1870,0,1263,669,5.3972,True,"prodltce. arrarecriam lifaairer. tcfsday.—fresh butter, la. m. per lb. eggs, 11 to 14 for to, mipooi. sugar continues very quiet on thert, and the small buainou rep.rted 0 to an outport. egy ian. 301 "
sugar,1870,0,1263,687,5.4278,True,"latest markets glasgow sugar, june 29. market very dull, buyers pressing for a reduction, and sellers holding out for firm prices. very few lots were sold, and the pirces paid we..."
sugar,1870,0,1263,693,5.4411,True,"finzel's sugar crystals are pure. fruit preserved pith them keeps for years. may be had 01 ph grocers. irefinery, bristol j • • t 1 r. km fit 8 bili, .nd liver pill..."
sugar,1870,0,1263,697,5.4452,True,"to be sold. 910 manure manufacturers. merchants, and general dealers. —a large quantity of sugar bags for sale.— apply to mr. stephen machin, sen., midland-road, batch, bristol. wanted. wanted, a good"
sugar,1870,0,1263,705,5.4652,True,"to 001fiunims of 81.70a1l finizzl'ii rim crystal sugar is rest for prizirying. yinzilli puss crystal sugar b.4n5 made satlnsly from the einem gime, le therefore beet for pmirtag and who. fled f""e ..d "
sugar,1870,0,1263,713,5.477,True,"scotch sugar agency. wanted, aparty to sell on commission in leicester an district.— address, box 215, general post-office, glasgow. c*tliolastic. j. speigiit's c..."
sugar,1870,0,1263,727,5.5114,True,the sugar question. the daily news says that mr. crawford's plea on behalf of those who manipulate sugar on a large scale has had the effect which we anticipat...
sugar,1870,0,1263,730,5.5134,True,"sugar markel for sugar the enquiry has become rather brisk, and bala of 4ki naafi' are 1113.10 at better price.. tbis latest advice' lnnu cubs show • defic..."
sugar,1870,0,1263,752,5.5511,True,"produce. lir/facie., wrd‘iliiiiat.-- sugar there ii no variation in the market, and the business is limited to 4,287 beg. of reruvton, 260. 3d. to 84. per rot. coffee inn bag. st. domingo at 5..."
sugar,1870,0,1263,759,5.568,True,"to 001fiunims of 81.70a1l finizzl'ii rim crystal sugar is rest for prizirying. yinzilli puss crystal sugar b.4n5 made satlnsly from the einem gime, le therefore beet for pmirtag and who. fled f""e ..d "
sugar,1870,0,1263,764,5.5802,True,"sugar maiike.i. the rapidly declining value of refined has caused our refiners to altogether abstain from purchasing, and the market in con- sequence hoi r..."
sugar,1870,0,1263,766,5.5842,True,"...rious colliers. bill, whaen that ertufr' taid..ne pitman ,annther. pointing, to a bridecake in a 0.11f4,11..11,.. wi116.. kn..w, lad ;i kind, cnver'd sugar and thine. •• haat iv, taaetni r what in"
sugar,1870,0,1263,769,5.5857,True,"...e. an inquest has been held in london, at the arnie tavern, city•road, touching the death of an- thony scott, aged 37 years, &labourer, employed at a sugar manufactory, who destroyed his l"
sugar,1870,0,1263,777,5.6046,True,"...embezzlement of £13,000. at the police court, yesterday, before mr. raffles, walter w. robinson was brought up on remand, charged by mr. e. p. parry, sugar broker, of this lo"
sugar,1870,0,1263,791,5.6498,True,"forriun and colonial produce london, furor t—the sugar market continue very active, enplane. me below the requirement.. of the trade. wbo have again been ready buyers, and with snug dem tad from sperm"
sugar,1870,0,1263,814,5.7,True,"...sea to laws, armors, and others. 13ersons deeirona of ointracting for the .1 supply or bilead treacle tri 41b lucre.) et pu loaf, ice at per or.. and sugar et per 1t... f..r the tee of toe osseo.r"
sugar,1870,0,1263,821,5.7155,True,"latest ma fikets glasgow sugar, april 25.—market active. any business that was done was done at a fall of ad on fine and 6d on mediums. london hay, april 25.—a fair supply, and tra..."
sugar,1870,0,1263,835,5.7446,True,"riszeus sugar cliktals are pure. fruit preserver oltb thaw keeps tot tf.ars. may b. bad 01 all grocers. refinery, bristol bilious and liver pills, whims% / mercury..."
sugar,1870,0,1263,844,5.7721,True,"the embezzlement by a clerk at the sankey sugar works. george henry atkinson was brought up on remand from friday, before colonel m`corquodale and mr. houghton, at the newton town hall, on tuesday ..."
sugar,1870,0,1263,846,5.777,True,"finzel's sugar crystals are pure. fruit preserved with them keeps for years. may he had of ell grocers. [refinery, bristol f scotts bilious and—liver—pie-ls, withou..."
sugar,1870,0,1263,850,5.7917,True,"latest markets lt glasgow sugar, may 4.—the market con- tinues active. a large business was done to-day, at a further advance of from 8d to 6d on yesterday's prices. london potato, ..."
sugar,1870,0,1263,903,5.9607,True,"to-day's markets london produce, september 4.—the sugar market remains dull and inactive. coffee steady et late rates. tea quiet rioe, floating cargoes con- tinue in demand at advanzed rates. pepper d"
sugar,1870,0,1263,904,5.9614,True,"scraps. a grocer had a pound of sugar returned, with • nobs stating •' too muck sand for table use and at enough far building purpotiee. ""ito told, mr. psirge, that your are becoming • te..."
sugar,1870,0,1263,913,6.0053,True,"produce market. there has been little animation in the colonial produce inarkets tins neck. sugar has .old slowly, mid the tendency of the quotations for both raw and relined goods has been in favour "
sugar,1870,0,1263,915,6.0133,True,"country notes. god made thz country, ad man made the tovni.""— sugar for brevt=g.—by a return just issued it is shown that the consumption of sugar in breweries in the year ended thq 30th of september "
sugar,1870,0,1263,919,6.0186,True,"...est markets glasgow iron, oct. 4.—brudikess done at 548 od fourteen days and 53s 10,}d cash. buyesa under the fatter pdice, sellers 538 100.. glasgow sugar, oct. 4. this being greenock autumnal fas"
sugar,1870,0,1263,923,6.0225,True,"the barrow bonded store company are now ^selling the best australian flour, at 2.5. 7d. per st. tcapital at is. 6d. per lb. splendid sugar at 21d per lb. rattling cheese at 6d. per lb. splendid soap 2"
sugar,1870,0,1263,930,6.0403,True,"wer of presents given with from }lb. to 501 be. of tea china cups and sn,ra. sugar bardn, and cream lux,. salt cellars. mustard popi, butter 'coolers, celery tumblers, wine lila., lined besketo, tea t"
sugar,1870,0,1263,932,6.0493,True,"to coniiiiiltith of suclil fine el's new crystal sugar is but tor prenerylno. mows puri crystal sugar bsl,nods nab= train tin men osas, is thsrelon ben 1101. whin meg for ws sod titbit parson., it nai"
sugar,1870,0,1263,940,6.0903,True,"markets. london produce. sugar unchanged for week, no demand for floating, cargoes refined steady, business in pieces at previous prices. coffee colony sorts, also about 2s. dearer..."
sugar,1870,0,1263,948,6.1215,True,"the sugar supplies. in consequence of the meagre and inaccurate accounts which formerly reaehed this country of the yield of sugar in the west indies, it was d..."
sugar,1870,0,1263,951,6.1274,True,"markets. loignorr proditce.—raw sugar steady. refined firm, prices 6d dearer on the we.:3le. foreign loaves 28s ad to 29s cal. no coffee auctions, plantation very low, unaltered, east ind..."
sugar,1870,0,1263,960,6.1553,True,"a boon to the million tax a to stye to b, c, otaxed sugar ditto tea. that's year breakfast table agee: fairer what demand cau be ""qualis ab incepto."" a correspondent, rightly thinking that anything ab"
sugar,1870,0,1263,990,6.281,True,"t'-day's maitkets. cork corn, march 21. white wheat, 12s; black oats, 6s 2d to 6s 81; white oats, 8s 10d to 9s. london produce, march 21. sugar firm, at late advance. coffee very dull. rice quiet. tea"
sugar,1870,0,1263,991,6.2899,True,"to be bold. rp 0 manure manufacti7b,ers, 1. mercrants, and general dealers. —alarge quantity of sugar bags for sale.— tattrit2tap4hitehin” &oaf ptilpind-road, ,ov •a44iooi:4oard-ilection. parish of bu"
sugar,1870,0,1263,995,6.3017,True,"the scgar dclies. at a conference of sugar operative* in london to-day sant.' morley preaiding, resoluti,na ~--r-pamed pamed a., haring that foreign bounuee a-ere oi4u-t in conee,dion and immo..."
sugar,1870,0,1263,998,6.3149,True,"prices lowest! tea. best and cheapest in the district, 3s. the tea of the people, 2s 6d. try it. c 0 ffee-ls-s plen did! sugar s. a. lump finest refined 0 4 fine pale soaps, 30, or 3s 10d per stone. f"
sugar,1870,0,1263,1001,6.3207,True,"scraps. a grocer had a pound of sugar returned, with a note stating ""to, much sand for table use and not enough ter building purposes."" ""liii told, mr. paine, that your are becoming a tor..."
sugar,1870,0,1263,1005,6.3308,True,"a monster sugar mill. om of the larmet mem mini in ms world is moo i. be =med la st. cherim paoli, leafier. tm wy soiree thla selll„ 37=0"" s armer!'"" wim m ewl. tm i..."
sugar,1870,0,1263,1009,6.3485,True,"snuff jars sugar -.hoppers cl, ease tasters butter triers butter stands butter knives bacon knives tea scoops, flour scoop 7 tea funnels vine w funnels salt saws itac..."
sugar,1870,0,1263,1016,6.388,True,"to coniiiiiltith of suclil fine el's new crystal sugar is but tor prenerylno. mows puri crystal sugar bsl,nods nab= train tin men osas, is thsrelon ben 1101. whin meg for ws sod titbit parson., it nai"
sugar,1870,0,1263,1017,6.413,True,"p'orniun and colonial produce. london. fiudat. —fur sugar there hae been only a limited enquiry um week • there meters n•.er to be • uisiswitsoll awalt further •rriv.ls, in the expectation that nam re"
sugar,1870,0,1263,1018,6.4196,True,...rehourz-ownee. joimbon v. bauliiooom ahd l/talleall.-11.lie was la mason brought to recover the mull of £ol7. m. ltd. let damage dem to • quantity of sugar whisk wa
sugar,1870,0,1263,1027,6.4684,True,"prodtice. t.i•fhp...t.. sugar hay been in r,glie.t awl a fair aiwankt ,d• mt,.a.ly !mee, —mitnin,• u,,,lay 4 {uh, •it 1.4 awl "". lona dittn at r ,in bond, boll' to arm 73 ca.ea 4,..."
sugar,1870,0,1263,1029,6.4736,True,"to 001fiumus of suoal f int el's new crystal sugar is beet ros prigierving. fenzel% pure crystal sugar nada eetb= hem the mart, cesa, i mindoro bed foe when used for mi. aod other puromm it makes no i"
sugar,1870,0,1263,1036,6.5007,True,"to gowns= or scoal finzel's new crystal sug.ut but ros preserving. rtszsys pure crystal sugar befogadds entirely from the roast casa is therefor, bat for i when men for tab; and other purposes, it oda"
sugar,1870,0,1263,1039,6.5059,True,finszl's sugar crystals are purl fruit preserved witk them xzep lee tear& • nay be leul et all 011ocirs. (i[7i:tiley. pistol) gliasrenhouszsand—ktia-a to ft. by sft...
sugar,1870,0,1263,1046,6.5314,True,"...dious swai.des to %kora, trocoro, sod elm. ersons darn... of contracting for the ouittet of bread (notde a 411). ire.) at per krt. it, at per or am.] sugar at pa is.. for tie or of the outdoor p."
sugar,1870,0,1263,1047,6.5374,True,"provisions at whor.r.rat.r, prioefi hinton's crown brand) ka bacon (sides) ....j hinton's crown brand) 4d & bacon (cut)... ...j 6d hinton's sugar cured! „ hams... i""u for flavom.,mildness, regularity,"
sugar,1870,0,1263,1048,6.5402,True,"a monster sugar mill. one of the largest sugar mills in the world is soon to be erected in st. charism parish, louisiana. the total weight of this mill, including en..."
sugar,1870,0,1263,1051,6.5558,True,"varieties, a grocer had a pound of sugar returned with a note, laying,"" l'oo much sand for table use, and not enough t for bolding purposes. a three-year.ohl little girl at roithester, n.y.,..."
sugar,1870,0,1263,1057,6.5863,True,"sugars i. .l'er lb. good moist sugar cryst sugar lump raisins. best valencias, 4d. and sd. per lb. soaps. he is supplied with this indispensable' article o..."
sugar,1870,0,1263,1064,6.6171,True,"...ce market. the produce martens hare again wwi 1.15114t15.1c54,4;th principle article, eintinue, hetet% or. to meet • mai) emus,. lind delialliti--fur sugar tho demand hes been brim. .4 prime has°"
sugar,1870,0,1263,1067,6.6273,True,"lime known dainties. grew( maize—it te strange that while green, or sugar corn,"" hits been for years one of the matest dainties of the transatlantic i linuer-tale, mol is much appreciated by many euro"
sugar,1870,0,1263,1068,6.64,True,"7111211 l's sugar crystals an furl fritit preserved with as= keep bar team may ni bad of ea °roo eel herbert. suratot.) ""ii abuses and glass 10 ft. by s-fi. le. ""t-om ..."
sugar,1870,0,1263,1069,6.6493,True,"snuff jars sugar hoppers cb eese tasters batter triers butter stands butter knives bacon knives tea scoops, flour scoops, tea funnels vinegar funnels salt saws bacon ..."
sugar,1870,0,1263,1071,6.6546,True,"...rman's ""very best"" .fiondensed mllk.—prepareti in the richest auticultnral district in the world, by the con- -. 1,-iitaat.ol f p.-11.ilk and relined sugar c'rystals; k ore "
sugar,1870,0,1263,1072,6.6553,True,"to consuiliis or 81.10 ail ffl ine el's new crystal sugar is brit pon preserving. piszkls pure crystal sugar bsénmade act= from the flout cur, la therefore best for when twed for thls and other porpod"
sugar,1870,0,1263,1082,6.7444,True,"snuff jars sugar hoppers cb eese tasters butter triers butter stands butter knives bacon knives tea scoops, flour scoops, tea funnels vinegar funnels salt saws bacon ..."
sugar,1870,0,1263,1087,6.7842,True,"harbour accident: eigiit mix injured. on tuesday, while eight men were employed placing a sugar roller, weighing five tone, on board of tl.e steamer portland, in glasgow harbour, the machinery broke, "
sugar,1870,0,1263,1088,6.7861,True,"... k errs. cork corn, san. 7.—white wheat, los 61 to 12s 3d; red, 108 6d to lle 3d; black oats 6s to 6s 91 tawny, 6s to 6s bd. london produce, seer. 6. sugar dull prices barely maintained both"
sugar,1870,0,1263,1090,6.7945,True,"the markets. london produce markets, friday.—raw sugar has been firm in value, but the demand has not been active. coffee has been dull. fine qualities have been steady in price, but othsr sorts have "
sugar,1870,0,1263,1091,6.7992,True,"finzel's crystal sugar for purity aid economy. aril,- to u. growl2,ii. maw.. itrnwrin.! antene(offilts and gia.s-piti7by 5 ft. a melon re.a111.4 semls's...o ft. 141111 t.. ..."
sugar,1870,0,1263,1092,6.805,True,"to consumers of scoal finzel 'a mew crystal sugar la but for preserving. merle pure crystal sugar bmng mods intim!, from the finest ouse, is tame:ore beat for preesroth,• whoa used for ow nod other p..."
sugar,1870,0,1263,1096,6.8333,True,"produce. va 11.01., wr.l, **** sugar the market in eteady, at late rates. the miro are--yi 0 bags grainy demerara, at 80s. d per ewt. peruvian 2tin lug. concrete, at 2... 4. per oat. lit..."
sugar,1870,0,1263,1099,6.8591,True,"....'s tea and coffee establishment, 22 and 24, cornwallis-street, b arrow-i n-furn es s. tea dealers and shopkeepers supplied at wholesale prices. pure sugar kept for the convenience of cus"
sugar,1870,0,1263,1101,6.867,True,the sugar i) uties. lord derby is seeking to obtain the opinion of the various associations concerned as to which of several courses regarding the sugar questi...
sugar,1870,0,1263,1102,6.881,True,"to consuiliis or 81.10 ail ffl ine el's new crystal sugar is brit pon preserving. piszkls pure crystal sugar bsénmade act= from the flout cur, la therefore best for when twed for thls and other porpod"
sugar,1870,0,1263,1104,6.9041,True,"pr( iduce. t.. 0 fri ih., wynnl-,i,ay. sugar is without cliarge, and tui :1..: i,llldt amt i.l.mr.iar,i, at 2'3s. :'d. to r:b. 1 f, syrups up to a cid. li( r wi, for grainy, duty it • middling b..."
sugar,1870,0,1263,1105,6.9056,True,"lire bags. ses.l bags, ponder bags, i.anip sugar bags. moist sugar 13. k ,et, coffee nags. t. hsu,. confectioner flags. biscuit bags. cup bags, brown flora bags, tin• foil bass. cauze.l dupiss i'. a..."
sugar,1870,0,1263,1106,6.9228,True,"...sea to laws, armors, and others. 13ersons deeirona of ointracting for the .1 supply or bilead treacle tri 41b lucre.) et pu loaf, ice at per or.. and sugar et per 1t... f..r the tee of toe osseo.r"
sugar,1870,0,1263,1109,6.9455,True,"the embezzi,ement. by a., clerk at the sankky sugar i•pik7 ...... george henry atkinson leas brought up on remond from friday, before colonel m'corquodale and mr. houghton, ,wttbo newton town hall, on"
sugar,1870,0,1263,1113,6.9798,True,"...& co.'s tea and coffee establishment, 22 and 24, cornwallis-street, barrow-in-furness. tea dealers and shopkeepers supplied at wholesale prices. pure sugar kept for the convenience of custome"
sugar,1870,0,1263,1116,6.9922,True,"...nsea c1.t1017. to eska% orman, and inhale 'der-sons &einem of contracting for the supply of bread teaade a 414 bars) at per leaf, tea at per us-, sad sugar at par lb. for au tier of dm outdoor pair"
sugar,1870,0,1263,1121,7.0311,True,"fall of a liverpool warehouse. a tali chimney attached to the sugar warehouse of messrs. tate and sons. mauesty.lane, which was in curse of being pulled down, has fallen suddenly, and with a tremendou"
sugar,1870,0,1263,1122,7.0325,True,"carriage ireland. finzel's crystal sugar for purity and economy. apply to the principal grocers. 'hous 'lass 10 ft. b eminicey.] 'es and giab. 4)3, melon frames and glass, 8 ft. by 6 ft., £2..."
sugar,1870,0,1263,1125,7.0782,True,"to-day's m it london produce, fee. b.—raw sugar dull: refined heavy at lower rates. coffee quiet, but steady. tea inactive. rice steady. tallow, 50s 3d on the spot; 50s 9d march. london cattle, feb..."
sugar,1870,0,1263,1126,7.0788,True,"a akron grecers,-- and others. thairour of contracting for the irip11:= inf bread ,inadeietlb loave.) at pot itellift p= 01, and sugar at per lb.. hg the ind a/ outdoor rpm ia the steams distal,. ha t"
sugar,1870,0,1263,1127,7.083,True,"...eries provisions at wholesale prioes. •••/:,mi...,, hinton's crown brand} 5d bacon (sides) hinton's crown brandt 4d & bacon (out)... ...j 6d hinton's sugar cured 1 6d hams... i for"
sugar,1870,0,1263,1129,7.1198,True,"sugar crystals are pure. fruit preserved %kit them keeps for years. may he had of nll grocers. [refinery, biustut. fl h. scow bilious • nel liver pill% wit..."
sugar,1870,0,1263,1130,7.1229,True,"markets-yesterday. london produce markets, thursday.—the market fd: raw sugar has been in a most inactive state to-day, and sale' have been difficult except at further reduced rates. yellow natal, 325"
sugar,1870,0,1263,1131,7.1521,True,"latest markets. stree cork corn, june 29.—black oats, 9s to os od white, 9s 3d. london produce, joni 29. sugar fair in- quiry, particularly for west indian descriptions; refined quiet. coffee steady. "
sugar,1870,0,1263,1134,7.1781,True,... imperial have returned to chleelhorst from the confine t. telegraphio communication between p /adc° and spain ointerrapted owing to mamma. the first sugar 
sugar,1870,0,1263,1135,7.1804,True,"sugar papers. purple, blue, fine blue, light blue, salmon (new colour) glazed purple, in royal, four, and six pound sizes"
sugar,1870,0,1263,1138,7.2416,True,"to 001fiumus of suoal f int el's new crystal sugar is beet ros prigierving. fenzel% pure crystal sugar nada eetb= hem the mart, cesa, i mindoro bed foe when used for mi. aod other puromm it makes no i"
sugar,1870,0,1263,1143,7.269,True,"7: gakers, grocers, ;ad :eters. iiteiisons de-irons of contraci7nii for tbe l'ifply of b.u.e.yii t made oco. ioavea) pt loaf, t zit:a per or.. and sugar et per it.. for the uee of the tiutdoer poor iu"
sugar,1870,0,1263,1146,7.2952,True,"consumption of sugar in riallen. is m mich spas mt amompthis el mem. 1m lognemarg ifflonpo4•••• thst mt on mil=c mem erb h ho,osil lopm2nl isst al ito mot 4•12 wj •=3 slh..."
sugar,1870,0,1263,1148,7.3111,True,"...rge pic-nic van. as good as 'ipa% to be sold cheap.—apply to j. marshall, station- atreet. middlesbrough. 459 a _ _ wwi sale. cheap. a confectioner's sugar _r mill"
sugar,1870,0,1263,1149,7.3144,True,"four ran. members' plate. saccharine cowslip c law lord three ran. wednesday. / worcester, handi ap. miss fanny a .-, sugar cane xanthus four ran. badminton stakes. belle mystery vivette 3 five ran. s"
sugar,1870,0,1263,1151,7.315,True,"a eorresponclent of the"" :..19whi1dffe:.; asks :-4"" vidr you ever try the use 'off!ttni non sugar iu the eases of sore eyes?, tkuava that i s.tahouts always put sugar iuto elepholite. eyes when they4r"
sugar,1870,0,1263,1153,7.3166,True,"... hints. omelet a la orliastine. mix two eggs very smoothly with two ounces of dried flour. add a small pinch of salt, two table-spoonfuls of powdered sugar, and half a pint of good milk. dissolv"
sugar,1870,0,1263,1155,7.3518,True,"iiminei•11 the stourbridge observer, vomits. its presence is attended with fermentative changes i a mile back of sugar loaf, the sudden appearance 7:teitilting in vomiting;-ard-whirt-are-poputszty kno"
sugar,1870,0,1263,1160,7.3965,True,"country notes. god made tue country, alfro 31. kg slung tun' tows.""— sugar for brewing.—by a return just issued it is shown that the cousumption of sugar in breweries in the year-ended 30th of septemb"
sugar,1870,0,1263,1163,7.4458,True,"markets—saturday. beef london produce market, saturday.—there !laitie"". very little inquiry for tea, nevertheless prices have been ruso3,4vil sugar has been dull, but without alteration in value, sale"
sugar,1870,0,1263,1169,7.4867,True,"waitkis(*ton. hlr. sugar applied, under r old act of l'arhtmtnt, set wi behalf l'amr ttohtreeote, of warrkatou, tor a 11... i,r a alaugater imo. at arpley ft, 1., in toe c.o...."
sugar,1870,0,1263,1170,7.4878,True,"... hints. omelet a la orliastine. mix two eggs very smoothly with two ounces of dried flour. add a small pinch of salt, two table-spoonfuls of powdered sugar, and half a pint of good milk. dissolv"
sugar,1870,0,1263,1171,7.4963,True,"serious accident at glasgow. eight men injured. on tuesday, while eight men were employed placing a sugar roller, weighing five tons, on board the steamer portland, in glasgow harbour, the machinery b"
sugar,1870,0,1263,1174,7.5413,True,"swansea • to rakers, thaws, sal others. n i un. iitersons &am. of contracting mt dr i supply at iu lb rains) sa pas mal, law at par a, sad sugar at per lb.. be ila• a ail ta• osadime roar ri oat samar"
sugar,1870,0,1263,1178,7.5622,True,"sugar markel nok del .lue of rrtliked esumed our refloen xiwgether gnat ,111,11.1 yid the mast t••n• either umat. uk.“ tur aptals &wt.*. nisa.a.unro ia •••..."
sugar,1870,0,1263,1179,7.5708,True,"...rious colliers. bill, whaen that ertufr' taid..ne pitman ,annther. pointing, to a bridecake in a 0.11f4,11..11,.. wi116.. kn..w, lad ;i kind, cnver'd sugar and thine. •• haat iv, taaetni r what in"
sugar,1870,0,1263,1181,7.5925,True,"...or tallerman's very best condensed milk, prepared in the richest agricultural district in the world, by the concentration of pure milk 11114 ;nfillqd sugar crystals. atori3 fkonontica"
sugar,1870,0,1263,1182,7.6032,True,"...d a fieh less, by dressing. ts. occupant of a villa is not necessarily a villain. 'rem proper implement for flooring • ghost—a spirit, level. when is sugar like a pi"
sugar,1870,0,1263,1183,7.6076,True,"...st, flour 1 udaugs with fewer eggs, and paetiy with less butter. recommended by the faculty as a preventive of indi. gestion, and (not destroying the sugar •in the flour)"
sugar,1870,0,1263,1188,7.6544,True,"...l hints. omelet a la celestinn. mix two eggs very smoothly with two ounces of dried flour. add a small pinch of salt, two table-spoonfuls of powdered sugar, and half a pint of good milk. dissolve"
sugar,1870,0,1263,1193,7.704,True,"...n gow & tea and coffee establishment, 22 and 24, cornwallis-street, barrow-in-furness. tea dealers and shopkeepers supplied at wholesale prices. pure sugar kept for the convenience of cus"
sugar,1870,0,1263,1194,7.7183,True,"latest markets. cork corn, auotrar 17.—black oats, 78 6d tawney oats, 7s 2d to 7s 93. london produce, ana. 17. sugar steady, but the demand continues very moderate for all des- criptions. coffee firm,"
sugar,1870,0,1263,1197,7.7837,True,"4t is rstked iho sugar goostion r—"" ono or swo our' themes coo molasohely fast shoat • (wonder, there's so time when the dila are sat numbered. it is volger to oral • man b..."
sugar,1870,0,1263,1199,7.8192,True,"the instincts of ants. if some moistened sugar be placed near the nest of the email black garden-anti, a solitary straggler will soon accidentally disoover it; he imbibes his owd load, and finds h..."
sugar,1870,0,1263,1203,7.87,True,"...l hints. omelet a la celestinn. mix two eggs very smoothly with two ounces of dried flour. add a small pinch of salt, two table-spoonfuls of powdered sugar, and half a pint of good milk. dissolve"
sugar,1870,0,1263,1207,7.96,True,"... rsupecr. frid4t.—the consumptive droned lw m et everlptlitosl proiluee continues staeity, and to me prindp.l rark,..t.ir 1,1141. c. hat luea limo. 1 sugar a very even. buiniess 1"
sugar,1870,0,1263,1208,7.9898,True,"'second edition i nine ran. two-yeap-old plate. mr winkle • brown sugar hurlingham • five ran. roodee stakes declared vl4. sad case of suicide. south shields, thursday.— the se. john stra- ker arrived"
sugar,1870,0,1263,1213,8.0597,True,"swansea to saar% gram, ill othora diersoiits desirous of —contracting for the 11 supply of bread doodle 41b. loaves) at perkz, lea at per oa, sad sugar at per lb., fur the the of tho oatdoor poor in t"
sugar,1870,0,1263,1215,8.0604,True,"from ""fun."" not too mud !—grandmotherly government: now, johnnie, you've been a good boy, so there's a penny and a lump of sugar for you. stone blind. shoeblack that swell giv' me a tanner for the job"
sugar,1870,0,1263,1217,8.1277,True,"...l hints. omelet a la celestinn. mix two eggs very smoothly with two ounces of dried flour. add a small pinch of salt, two table-spoonfuls of powdered sugar, and half a pint of good milk. dissolve"
sugar,1870,0,1263,1220,8.2195,True,"sa- rk• toi kton.—apkrtments at 1, shaftesbury-at., lane. 639 a r. rm-1 to be sold, let, &a iiosale. chrap. a confectioner's sugar 4 mill awl feeder, in working order.—apply to j. jtcaaov and co., sio"
sugar,1870,0,1263,1221,8.2394,True,"groceries provisions at wholesale prioeb. hinton's crown brand} 51d bacon (sides) hinton's crown brandt4ld& bacon (cut)... ...i 6id hinton's sugar cured 64d hams... for flavonr, mildness, regularity, "
sugar,1870,0,1263,1225,8.3406,True,"lb salters, omen, sad utters. 13er.sons &mime, of contracting for the supply a bread (eagle 41b. loaves) at per loaf, lea at per a., end sugar at per 113.. fur the um of (sr oarless puur in the swanse"
sugar,1870,0,1263,1226,8.3594,True,the sugar i) uties. lord derby is seeking to obtain the opinion of the various associations concerned as to which of several courses regarding the sugar questi...
sugar,1870,0,1263,1229,8.4422,True,"snuff jars sugar ..hoppers cb eese tasters butter triers butter stands butter knives bacon knives tea scoops, flour scoops, tea funnels vinegar funnels salt saws baco..."
sugar,1870,0,1263,1230,8.4516,True,"groceries provisions at wholesale prioefi hinton's crown brand' bacon (sides) ...1 hinton's crown brand 4d & bacon (out).. ...j 6d hinton's sugar cured f 6d' hams ...i for flavom., mildness, regularit"
sugar,1870,0,1263,1233,8.5425,True,"...he rind of a lerrson to the yolks of weven eggs. and beat them. prat the whstes, of eve egg% to a sti froth, and mix wit s the yolks. poil 1 lb. lump sugar in &quarter ot a pin"
sugar,1870,0,1263,1234,8.5607,True,"malmo nail at maid= lin fel) william ormuz, 14, moulder, pleaded guilty to obtaining by fain prewnee, jib of mill sugar from george maly, of malden newton, on april 11. prisoner bad been in gaol no li"
sugar,1870,0,1263,1235,8.5759,True,"snuff jars sugar .loppers cb eese tasters butter triers butter stands butter knives bacon knives tea scoops, flour scoops, tea funnels vinegar funnels salt saws bacon..."
sugar,1870,0,1263,1241,8.9738,True,trial stakes. xanthus 1 clown burgoyne 0 ..... 3 five ran. leamington stares simon grey palmer. industrious four ran. welter handicap. rattle sugar cane agnes peel six ran. woodcote handicap. dalbreak
sugar,1870,0,1263,1245,9.1781,True,"mth lt stab, 9 miss s thomas -- if iebden bridge i miss& thomas mr l ay cock manchester mrs laycock fam misses sugar n mrs brooks stockport master fist cher wakeless miss mete. ler mr gibson todmorden"
sugar,1870,0,1263,1246,9.2286,True,"a eorresponclent of the"" :..19whi1dffe:.; asks :-4"" vidr you ever try the use 'off!ttni non sugar iu the eases of sore eyes?, tkuava that i s.tahouts always put sugar iuto elepholite. eyes when they4r"
sugar,1870,0,1263,1249,9.5844,True,"serious boiler explosion. a serious boiler explosion occurred on saturday on the premises of messrs jager and co., sugar re- finers, black diamond street, liverpool. portions of the boiler were burled"
sugar,1870,0,1263,1253,10.3085,True,"sugar 31. apply pennnally or by latcr to aget,t-getlcral for queensland, 32, charitig cross, london. s.w.; or to a. w. beale, commercial s,le floon3s,. kid..."
sugar,1870,0,1263,1256,11.6543,True,"stick. winifred foy was charged with assaulting bridget griffin on saturday last. complainant said she lived in sugar house-yard and between nine and ten o'clock at night defen ant met her, pulled out"
sugar,1870,0,1263,1258,19.222,True,"to consuiliis or 81.10 ail ffl ine el's new crystal sugar is brit pon preserving. piszkls pure crystal sugar bsénmade act= from the flout cur, la therefore best for when twed for thls and other porpod"
sugar,1870,0,1263,1259,19.276,True,"to consumers of scoal finzel 'a mew crystal sugar la but for preserving. merle pure crystal sugar bmng mods intim!, from the finest ouse, is tame:ore beat for preesroth,• whoa used for ow nod other p..."
sugar,1870,1,386,14,4.8675,True,"snuff jars sugar choppers cb eese tasters bitter triers butter stands butter knives bacon knives tea scoops, flour scoops, tea funnels vinegar funnels salt saws bacon..."
sugar,1870,1,386,18,4.9716,True,"...of jugs, teapots, half-dozen china, half-dozen dinner plates, meat and vegetable dishes, half- dozen tumblers, goblets and wine glasses, de- canters, sugar basins"
sugar,1870,1,386,25,5.1113,True,"snuff jars sugar choppers oh eese tasters batter triers butter stands butter knives bacon knives • tea scoops, flour sco ps, tea funnels vinegar funnels salt saws bac..."
sugar,1870,1,386,27,5.1295,True,"...of jags, teapots, half-dozen china, half-dozen dinner plates, meat and vegetable dishes, halt- dozen tumblers, goblets and wine glasses. de- canters, sugar basins "
sugar,1870,1,386,29,5.1448,True,"snuff jars sugar choppers ch eese tasters butter triers butter stands butter knives bacon knives tea scoops, flour scoops, tea funnels vinegar funnels salt saws bacon..."
sugar,1870,1,386,38,5.28,True,"snuff jars sugar choppers cheese tasters butter triers butter stands butter knives bacon knives ea scoops, flour scoops, tea funnels vinegar funnels salt saws bacon s..."
sugar,1870,1,386,39,5.2825,True,"snuff jars sugar choppers cheese tasters • butter triers butter stands butter knives bacon knives ea scoops, flour scoops, tea funnels vinegar funnels salt saws bacon..."
sugar,1870,1,386,42,5.2898,True,"snuff jars sugar choppers cheese tasters butter triers butter stands butter knives bacon knives 6 ea scoops, flour scoops, tea funnels • vinegar funnels salt saws bac..."
sugar,1870,1,386,46,5.3278,True,"to 501bs, of tea china cups and saucer s. sugar basins, and cream bras, salt cellars, mustard pot, butter coolers, celery meese, tunable., wine masao, bread baskets. tea trays. teapot., tea and tab..."
sugar,1870,1,386,53,5.3573,True,"...of jugs, teapots, half-docen china, half-dozen dinner plates, meat and vegetable dishes, ball- dozen tumblers, goblets and wine glasses, de- canters. sugar basins"
sugar,1870,1,386,54,5.3692,True,"snuff jars sugar choppers cheese tasters butter triers butter stands butter knives bacon knives 1 ea scoops, flour scoops, tea funnels vinegar funnels salt saws bacon..."
sugar,1870,1,386,55,5.3759,True,"snuff jars sugar choppers cb eese tasters batter triers butter stands butter knives bacon knives tea scoops, flour scoups, tea funnels vinegar funnels salt saws bacon..."
sugar,1870,1,386,66,5.4543,True,"snuff jars sugar choppers cheese tasters butter triers butter stands butter knives bacon knives iea scoops, flour scoops, tea funnels vinegar funnels salt saws bacon ..."
sugar,1870,1,386,101,5.5039,True,"sugar choppers cheese tasters butter triers butter stands butter knives bacon knives i ea scoops, flour scoops, tea funnels vinegar funnels salt saws bacon..."
sugar,1870,1,386,104,5.514,True,"...of jugs, teapots, half-dozen china, half-dozen dinner plates, meat and vegetable dishes, half- dozen tumblers, goblets and wine glasses, de- canters. sugar basins "
sugar,1870,1,386,114,5.5588,True,"avery large and well-selected stock of canisters, scales, coffee boxes, tea mills, coffee mills, patent treacle taps, golden syrup vats, sugar choppers, show glasses, and every requisite for the outfi"
sugar,1870,1,386,124,5.6423,True,"snuff jars sugar choppers cheese tasters butter triers butter stands butter knives bacon knives ea scoops, flour sc oops, tea fiumela vinegar funnels salt saws bacon ..."
sugar,1870,1,386,125,5.6435,True,"... jul, teapots, half-dozen china, halt-dozen dinner p.ates, meat and vegetable dis;ies, har- dozen 'lnnabler4, g3blets aucl wine glasses, de- canters. sugar bas"
sugar,1870,1,386,133,5.6773,True,"to 501 b. of tea china cups and saucers. sugar damns, and cream jugs, salt cellars, klustard pots, butter cook's, celery glasses, tumblers, wine glasses, 'lnept baskets. tea trays. teapota, tea an..."
sugar,1870,1,386,136,5.7092,True,"snuff jars sugar choppers cheese tasters butter triers butter stands butter knives moon knives .f.a scoops, flour scoops, tea funnels vinegar funnels salt saws bacon ..."
sugar,1870,1,386,138,5.7148,True,"snuff jars sugar whoppers cb eese tasters butter triers butter stands butter knives bacon knives tea scoops, flour scoops, tea funnels vinegar funnels salt saws bacon..."
sugar,1870,1,386,139,5.7214,True,"list of presents _given with from pb. _ to 501bs. of tea china cups and saucer s, sugar basins, and cream jugs, salt cellars, mustard pots, butter cool,. a celery glasses, tumblers, wine glasses, brea"
sugar,1870,1,386,145,5.8058,True,"snuff jars sugar -,hoppers ci) eese tasters butter triers butter stands butter knives bacon knives tea scoops, flour scoops, tea funnels vinegar funnels salt saws bac..."
sugar,1870,1,386,160,5.8836,True,"beautiful silver-plated tea and coffee services. silver-plated biscuit caddies' toast racks, sugar basins, cruet stands, revolving t utter coolers, table, dessert, and tea spoons, table and dessert fo"
sugar,1870,1,386,161,5.9271,True,"list of presents given with from to 501bs! of tea china cups and saucers, plates and dishes, sugar basins, find cream jugs, salt cellars, mustard pots, butter coolers, celery glasces, tumblers, wine g"
sugar,1870,1,386,162,5.9352,True,"vinegar j nrs, tobacco jars, snuff jars sugar choppers cheese tattias utter pliers butter stands butter knives bacon knives"
sugar,1870,1,386,166,5.9625,True,"vinegar jars, tobacco jars, snuff jars sugar -hoppers ci) eese tasters butter triers butter stands butter knives bacon knives tea scoops, flour scoops, t 6 funnels vinegar funnels salt saws baco..."
sugar,1870,1,386,170,6.0248,True,"snuff jars sugar shoppers oh eese tasters butter triers butter stands butter knives bacon knives tea scoops, flour scoops, tea funnels vinegar funnels salt saws bacon..."
sugar,1870,1,386,172,6.0329,True,"snuff jars sugar choppers cheese tasters butter triers butter stands butter knives bacon knives ""ea scoops, flour scoops, tea funnels vinegar funnels salt saws bacon ..."
sugar,1870,1,386,174,6.0482,True,"snuff jars sugar -hoppers cb eese tasters batter triers butter stands butter knives bacon knives tea scoops, flour scoops, tea funnels vinegar funnels salt saws bacon..."
sugar,1870,1,386,175,6.0536,True,"to be given away, at r g,. con sum e tea company bpg, westgate, dewsbury, (lately occupied by c. h. ellis.) handsoiie sugar howls and cream jugs, celery glasses, decanters, but i'er coolers, bread kni"
sugar,1870,1,386,177,6.0703,True,"'snuff jars sugar -hoppers cl, eese tasters butter triers butter stands butter knives bacon knives ta b,9oqps, flour scoops, tea funnels vinegar funnels salt saws baco..."
sugar,1870,1,386,182,6.1328,True,"snuff jars sugar aoppers cb eese tasters butter triers butter stands butter knives bacon knives tea scoops, flour scoops, tea funnels vinegar funnels salt saws bacon ..."
sugar,1870,1,386,186,6.1722,True,"sugar papers. purple, blue, fine blue, light blue. salmon (new colour) glazed purple, in royal, petro and sin pound rises smith's sugar papers. royal purpl..."
sugar,1870,1,386,191,6.2183,True,"snuff jars sugar choppers cheese tasters butter triers butter stands butter knives bacon knives i ea scoops, flour scoops, tea funnels vinegar funnels salt saws bacon..."
sugar,1870,1,386,198,6.2549,True,"snuff jars sugar choppers cheese tasters buper triers butter stands butter knives bacon knives lea scoops, flour scoops, tea funnels vinegar funnels salt saws bacon s..."
sugar,1870,1,386,203,6.2899,True,"sugar papers. purple, blue, fine blue, light blue. salmon (new colour) glazed purple, in royal, petro and sin pound rises smith's sugar papers. royal purpl..."
sugar,1870,1,386,207,6.3185,True,snuff jars sugar choppers cheese tasters butter triers butte!. stands butter knives bacon knives
sugar,1870,1,386,208,6.3225,True,"snuff jars sugar -hoppers ch eese tasters butter triers butter stands butter knives bacon knives tea scoops, flour scoops, tea funnels vinegar funnels salt saws bacon..."
sugar,1870,1,386,209,6.3293,True,"snuff jars sugar -hoppers oh eese tasters butter triers butter stands butter knives bacon knives tea scoops, flour scoops, tea funnels vinegar funnels salt saws bacon..."
sugar,1870,1,386,211,6.3496,True,"business addresses. to be given away! 10,000 splendid butter dishes, 10,000 beautiful vases, 10,000 sugar bowls and cream jugs, 10,000 handsome celery glasses. the above valuable and useful articles w"
sugar,1870,1,386,212,6.3567,True,"snuff jars sugar -hoppers eh eese tasters batter triers butter stands butter knives bacon knives tea scoops, flour scoops, tea funnels vinegar funnels salt saws bacon..."
sugar,1870,1,386,216,6.3912,True,"snuff jars sugar -hoppers ch eese tasters butter triers butter stands butter knives bacon knives tea scoops, flour scoops, tea funnels vinegar funnels salt saws bacon..."
sugar,1870,1,386,218,6.4478,True,"snuff jars sugar -hoppers cb eese tasters batter triers butter stands butter knives bacon knives tea scoops, flour scoops, tea funnels vinegar funnels salt saws bacon..."
sugar,1870,1,386,220,6.4833,True,"sn uff jars sugar (""hoppers cheese tasters butter triers butter stands butter knives bacon knives ea scoops. flour sc 0 0 ps, tea funnels vinegar funnels salt saws bac..."
sugar,1870,1,386,225,6.5224,True,"...yellow cap, deny, royal, and double pot tobaceo_papers. blue, pink, buff, and white demy grocers' paper bags. rice bags, seed bags, powder bags, lump sugar bags moist sugar bag"
sugar,1870,1,386,226,6.5269,True,"snuff jars sugar -.hoppers eese tasters butter triers butter stands butter knives bacon knives tea scoops, flour scoops, tea funnels vinegar funnels salt saws bacon s..."
sugar,1870,1,386,228,6.55,True,snuff jabs sugar choppers cheese tasters butter triers butter stands butter knives bacon knives
sugar,1870,1,386,230,6.5686,True,"snuff jars sugar choppers cheese tasters butter triers butter stands butter knives bacon knives ea scoops, flour scoops, tea funnels vinegar funnels salt saws bacon s..."
sugar,1870,1,386,234,6.5844,True,"snuff jars sugar -hoppers cb eese tasters butter triers butter stands butter knives bacon knives tea scoops, flour scoops, tea funnels vinegar funnels salt saws bacon..."
sugar,1870,1,386,235,6.5883,True,"snuff jars sugar choppers cheese tasters butter triers butter stands butter knives bacon knives i ea scoops, flour scoops, tea funnels vinegar funnels salt saws bacon..."
sugar,1870,1,386,242,6.6495,True,sn uff jars sugar choppers cheese tasters butter triers butter stands butter knives bacon knives
sugar,1870,1,386,245,6.6685,True,snuff jars sugar choppers cheese tasters butter triers butter stands butter knives bacon knives
sugar,1870,1,386,246,6.6685,True,snuff jars sugar choppers cheese tasters butter triers butter stands butter knives bacon knives
sugar,1870,1,386,247,6.6685,True,snuff jars sugar choppers cheese tasters butter triers butter stands butter knives bacon knives
sugar,1870,1,386,248,6.6685,True,snuff jars sugar choppers cheese tasters butter triers butter stands butter knives bacon knives
sugar,1870,1,386,249,6.6685,True,snuff jars sugar choppers cheese tasters butter triers butter stands butter knives bacon knives
sugar,1870,1,386,250,6.6685,True,snuff jars sugar choppers cheese tasters butter triers butter stands butter knives bacon knives
sugar,1870,1,386,251,6.6685,True,snuff jars sugar choppers cheese tasters butter triers butter stands butter knives bacon knives
sugar,1870,1,386,252,6.6685,True,snuff jars sugar choppers cheese tasters butter triers butter stands butter knives bacon knives
sugar,1870,1,386,253,6.693,True,"christmas gift from friday', dec. 19th, to wednesday, dec. 318 x. wrra ilb. tea: sugar basin and cream jug, a gilt c hina mug. pair of heavy glass salts, threealh-pint tumblers, pair of oval glass dis"
sugar,1870,1,386,255,6.712,True,"snuff jars sugar ,hoppers cb eese tasters butter triers butter stands butter knives bacon knives tea scoops, plour scoops, tea funnels vinegar funnels salt saws bacon..."
sugar,1870,1,386,259,6.7319,True,"snuff jars sugar ,hoppers cb eese tasters butter triers butter stands butter knives bacon knives tea scoops, flour scoops, tea funnels vinegar funnels salt saws bacon..."
sugar,1870,1,386,266,6.7745,True,"...ent. on 'tuesday, before the langbaurgh east magietraten thomas heueook, alias grabham, was charged with stealing four silver teaspoons, two pairs of sugar tong., a cream jug, b"
sugar,1870,1,386,267,6.7777,True,"snuff jars sugar -hoppers oh eese tasters batter triers butter stands butter knives bacon knives tea scoops, flour scoops, tea funnels vinegar funnels salt saws bacon..."
sugar,1870,1,386,271,6.7899,True,"the giiisbrough elopement case. thomas hancock, alias grablaam (25), agent, was indicted for stealing four silver tea-spoons, two pair of sugar tongs, four glass salt cellars, one milk jug, a quantity"
sugar,1870,1,386,276,6.8292,True,"tobacco papers. blue, pink, buff, and white demy grocers paper bags. rice bags, seed bags, powder bags, lump sugar bags, moist sugar bags, coffee bags, tea bags, confectioner) bags, biscuit bags, cup "
sugar,1870,1,386,278,6.8549,True,"tobacco papers. blue, pink, buff, and white demy grocers' paper bags. rice bags, seed bags, powder bags, lump sugar bags, moist sugar bags, coffee bags, tea bags, confectionery bags, biscuit bags, cup"
sugar,1870,1,386,279,6.857,True,"sugar papers. purple, blue, fine blue, light blue. salmon (new colour) glazed purple, in royal, petro and sin pound rises smith's sugar papers. royal purpl..."
sugar,1870,1,386,280,6.8635,True,"sugar papers. purple, blue, fine blue, light blue, salmon (new colour) glazed purple, in royal, four, and sic pound sires smitfi's sugar papers. rnyal purp..."
sugar,1870,1,386,281,6.865,True,"...yellow cap, deny, royal, and double pot tobaceo_papers. blue, pink, buff, and white demy grocers' paper bags. rice bags, seed bags, powder bags, lump sugar bags moist sugar bag"
sugar,1870,1,386,284,6.8836,True,"... monday evening last, mr. david crossley, of bolton, and late a teacher at the congregational school, witton, was presented with a beautiful tea pot, sugar basin, and cream i"
sugar,1870,1,386,285,6.8876,True,"new marmalades. we have jest received a supply of beißees cele• brated new marmalade in jars; also a very fine quality in fancy glasses, goblets, sugar basio, dc?.. provisions. we are glad to announce"
sugar,1870,1,386,290,6.9194,True,"tobacco papers. blue, pink, buff, and white demy grocers paper bags. rice bags, seed bags, powder bags, lump sugar bags, moist sugar bags, coffee bags, tea bags, confectioner) bags, biscuit bags, cup "
sugar,1870,1,386,291,6.92,True,"new marmalades. we have jest received a supply of keiller's brated new marmalade in lure; also a very fine quality in fancy- gi isses, goblets, sugar basin. &j. provisions. wa are clad to announce the"
sugar,1870,1,386,292,6.9275,True,"sugar papers. purple, blue, fine blue, light blue, salmon (new colour) glazed purple, in royal, four, and sic pound sires smitfi's sugar papers. rnyal purp..."
sugar,1870,1,386,293,6.9303,True,"a glass sugar bowl and cream jug (in six patterns) for 6 a good washleather purse for 6 a butter cooler, boy's puzzle, or a spill vase for .. ""s half-dozen nickel ..."
sugar,1870,1,386,294,6.9368,True,"snuff jars sugar -hoppers oh eese tasters batter triers butter stands butter knives bacon knives tea scoops, flour scoop'-`, tea funnels vinegar funnels salt saws bac..."
sugar,1870,1,386,295,6.9427,True,"tobacco papers. blue, pink, buff, and white demy grocers' paper bags. rice bags, seed bags, powder bags, lump sugar bags, moist sugar bags, coffee bags, tea bap, confectionery bags, biscuit bags, cup "
sugar,1870,1,386,296,6.9436,True,"tobacco papers. blue, pink, buff, sod white demy grocers' paper bags. rice bags, seed bags, powder bags, lump sugar bags, moist sugar bags, coffee bags, tea bags, confectionery bags, biscuit bags, cup"
sugar,1870,1,386,297,6.947,True,"snuff jars sugar choppers cheese tasters butter triers butter stands butter knives bacon knives la scoops, flour scoops, • tea funnels vinegar funnels salt saws bacon..."
sugar,1870,1,386,299,6.9781,True,"spoons; knives and forks; britannia earthenware tea pots; tea trays, writing desks, copper kettles, sugar cream jugs, china tea cups and &maks, glasses, fancy vases, timepieces, &c. ••••1. /.•=1•• we "
sugar,1870,1,386,300,7.0012,True,sugar choppers cheese tasters butter triers butter stands butter knives bacon knives
sugar,1870,1,386,302,7.0284,True,snuff jars sugar choppers cheese tasters butter triers batter stands butter knives bawl& knives
sugar,1870,1,386,304,7.0422,True,"tobacco papers. blue, pink, buff, and white demy grocers' paper bags. rice bags, seed bags, powder bags, lump sugar bags, moist sugar bags, coffee bags, tea bags, confectionery bags, biscuit bags, cup"
sugar,1870,1,386,306,7.0514,True,"a glass sugar bowl and cream jug (in six patterns) for 6 a good washleather purse for .. 6 a butter cooler, boy's puzzle, or a spill vase for ""s half-dozen nickel ..."
sugar,1870,1,386,308,7.076,True,"...rmalades. -------- we have jag received a supply of keiller's cele- brated new marmalade in jars; also a very fine quality in fancy glasses, goblets, sugar bait, det. provisions. we are glad to "
sugar,1870,1,386,310,7.1029,True,"new marmalades. we have just received a supply of %oilier's oele ;mated new marmalade in jars; also a very tine quality in fancy glasses, goblets, sugar basin, do. provisions. we are pled to announce "
sugar,1870,1,386,311,7.1243,True,"lire bags. ses.l bags, ponder bags, i.anip sugar bags. moist sugar 13. k ,et, coffee nags. t. hsu,. confectioner flags. biscuit bags. cup bags, brown flora bags, tin• foil bass. cauze.l dupiss i'. a..."
sugar,1870,1,386,313,7.1258,True,"tobacco papers. blue, pink, buff, sod white demy grocers' paper bags. rice bags, seed bags, powder bags, lump sugar bags, moist sugar bags, coffee bags, tea bags, confectionery bags, biscuit bags, cup"
sugar,1870,1,386,314,7.1463,True,"tobacco papers. blue, pink, buff, and white demy grocers' paper bags. rice bags, seed bags, powder bags, lump sugar bags, moist sugar bags, coffee bags, tea bags, confectionery bags, biscuit bags, cup"
sugar,1870,1,386,320,7.1771,True,"tobacco papers. blue, pink, buff, and white demy grocers' paper bags. rice bags, seed bags, powder bags, lump sugar bags, moist sugar bags, coffee bags, tea bap, confectionery bags, biscuit bags, cup "
sugar,1870,1,386,321,7.1824,True,"tobacco papers. blue, pink, buff, and white demy grocers' paper bags. rice bags, seed bags, powder bags, lump sugar bags, moist sugar bags, coffee bags, tea bap, confectionery bags, biscuit bags, cup "
sugar,1870,1,386,322,7.2109,True,"... a large pic-nic van, as good as new. to be sold &esp.—apply to j. marsiiall, station- street, middlesbrough. 459 a for sale, cheap. a confectioner's sugar mill and fee"
sugar,1870,1,386,323,7.2178,True,"tobacco papers. blue, pink, buff, sod white demy grocers' paper bags. rice bags, seed bags, powder bags, lump sugar bags, moist sugar bags, coffee bags, tea bags, confectionery bags, biscuit bags, cup"
sugar,1870,1,386,324,7.2296,True,"sugar papers. purple, blue, fine blue, light blue, salmon (new colour) glazed purple, in royal, four, and sic pound sires smitfi's sugar papers. rnyal purp..."
sugar,1870,1,386,326,7.2544,True,"snuff jars sugar choppers cheese tasters butter triers butter stands butter knives bacon knives e,‘. scoops, flour scoops, tea funnels vinegar funnels salt saws bacon..."
sugar,1870,1,386,328,7.2619,True,"tobacco papers. blue, pink, buff, and white demy grocers paper bags. rice bags, seed bags, powder bags, lump sugar bags, moist sugar bags, coffee bags, tea bags, confectioner) bags, biscuit bags, cup "
sugar,1870,1,386,330,7.2807,True,"...alades. --------- we bave jest received a supply of keiller's cele- brated new marmalade in jars; also a very fine quality in fancy glasses, goblits, sugar basin, ct. provisions. we are glad t"
sugar,1870,1,386,332,7.3135,True,"a glass sugar bowl and cream jug (in six patterns) for .. 6 a good washleather purse for .. 6 a butter cooler, boy's puzzle, or a spill vase for ..8 half-dozen nic..."
sugar,1870,1,386,333,7.4006,True,"smitef's sugar papers. royal purple, four-pound purple. ditto glazed royal blue and four-pound blue, &e. fruit papers, royal white, blue, and chocolate. four-pound ..."
sugar,1870,1,386,334,7.4216,True,"...d yellow cap, demy, royal, and double pot tobacco papers. blue, pink, buff, and white demy grocers paper bags. rico bags, seed bap, powder bags, lamp sugar bags, moist sugar bags"
sugar,1870,1,386,335,7.4453,True,"new marmalades. we have jest received a supply of keillet's cele- brated new maiimalade in jars; also a very fine quality in fancy glasses, goblets, sugar basin, &a."
sugar,1870,1,386,336,7.4497,True,"smith's sugar papers. royal purple, four-pound purple. ditto glazed royal blue and four-pound blue, &e. fruit papers. royal white, blue, and chocolate, four-pound ..."
sugar,1870,1,386,337,7.4591,True,"christmas gift film friday, dec. 19th, to wednesday, dec. 31st. wl= ilb. txa sugar basin and cream jug, a gilt china mug. pair of heavy glass salts, three -pint tumblers, pair of oval glass dishes, br"
sugar,1870,1,386,343,7.5677,True,"sugar papers. purple, blue, fine blue, light blue, salmon (new colour) glazed purple, in royal, four, and sic pound sires smitfi's sugar papers. rnyal purp..."
sugar,1870,1,386,345,7.5906,True,"...d yellow cap, demy, royal, and double pot tobacco papers. blue, pink, buff, and white demy grocers paper bags. rico bags, seed bap, powder bags, lamp sugar bags, moist sugar bags"
sugar,1870,1,386,347,7.614,True,"new marmalades. we have just received a supply of reiner's cele- brated new marmalade in jars; also a very fine quality in fancy glasses, goblets, sugar basin, dm. provision. we are glad to announce t"
sugar,1870,1,386,348,7.6458,True,"...yellow cap, deny, royal, and double pot tobaceo_papers. blue, pink, buff, and white demy grocers' paper bags. rice bags, seed bags, powder bags, lump sugar bags moist sugar bag"
sugar,1870,1,386,351,7.7149,True,"new marmalades. we have just received a supply of keilier's cele- brated new marmalade in jars; also a very due quality in fancy glasses, goblete, sugar bush), dio. provisions. •. we are glad to arm m"
sugar,1870,1,386,352,7.7292,True,"tobacco papers. blue, pink, buff, and white demy grocers' paper bags. rice bags, seed bags, powder bags, lump sugar bags, moist sugar bags, coffee bags, tea bags, confectionery bags, biscuit bags, cup"
sugar,1870,1,386,353,7.7341,True,"sugar papers. purple, blue, fine blue, light blue. salmon (new colour) glazed purple, in royal, petro and sin pound rises smith's sugar papers. royal purpl..."
sugar,1870,1,386,354,7.932,True,"new marmalades. we have jest received a supply of keiller's eele• brated new marmalade in jars; also a very flue quality in fancy glasses, goblets, sugar basin; &?.. provisions. we are glad to announc"
sugar,1870,1,386,357,7.967,True,"tobacco papers. blue, pink, buff, and white demy grocers' paper bags. rice bags, seed bags, powder bags, lump sugar bags, moist sugar bags, coffee bags, tea bags, confectionery bags, biscuit bags, cup"
sugar,1870,1,386,362,8.101,True,"new drapery establishment. every purchaser of goods to the amount of five shillings and upwards will be presented with a hand- some glass sugar basin and cream jug, or a new fashionable straw hat. eve"
sugar,1870,1,386,372,8.4525,True,"...d yellow cap, demy, royal, and double pot tobacco papers. blue, pink, buff, and white demy grocers paper bags. rico bags, seed bap, powder bags, lamp sugar bags, moist sugar bags"
sugar,1870,1,386,373,8.6916,True,"sugar papers. purple, blue, fine blue, light blue, salmon (new colour) glazed purple, in royal, four, and six pound sizes mew's sugar papers. royal purple,..."
sugar,1870,1,386,374,8.8308,True,"extraordinary avalanche. ktl-ti""`'""'ater' at the foot of sugar loaf mountain, on the emit side 1 of the hudson, is the handsome summer residence of mrs. wade. the ground on which the mansion stands' i"
sugar,1870,1,386,375,8.8343,True,"sugar papers. purple, blue, fine blue, light blue, salmon (new colour) glazed purple, in royal, four, and sic pound sires smitfi's sugar papers. rnyal purp..."
sugar,1870,1,386,376,9.0803,True,"sugar papers. purple, blue, fine blue, light blue, salmon (new colour) glazed purple, in royal, four, and six pound sizes smith's sugar papers._ royal purp..."
sugar,1870,1,386,377,9.1176,True,"tobacco papers. blue, pink, buff, and white demy grocers' paper bags. rice bags, seed bags, powder bags, lump sugar bags, moist sugar bags, coffee bags, tea bags, confectionery bags, biscuit bags, cup"
sugar,1870,1,386,379,9.2134,True,"sugar papers. purple, blue, fine blue, light blue, salmon (new colour) glazed purple, i royal, four, and six pound sizes smith's sugar papers. royal purple..."
sugar,1870,1,386,380,9.2325,True,"new drapery establishment. every purchaser of goods to the amount of five shillings and upwards will be presented with a hand- some glass sugar basin and cream jug, or a new fashionable straw hat. eve"
sugar,1870,1,386,381,9.2853,True,"sugar papers. purple, blue, fine blue, light blue, salmon (new colour) glazed purple, in royal, four, and six pound sizes mew's sugar papers. royal purple,..."
sugar,1870,1,386,384,9.8861,True,"useful hints. itnensen taiimits.—make a short poste with one white and three yolks of egg, one tunee of sugar, one ounce of butter, a pinch of salt, and flour two. ,15.; work it lightly, roll it out t"
sugar,1870,1,386,385,10.0809,True,"sugar papers. purple, blue, fine blue, light blue, salmon (new colour) glazed purple, i royal, four, and six pound sizes smith's sugar papers. royal purple..."
sugar,1870,1,386,386,10.4608,True,"sugar papers. purple, blue, fine blue, light blue, salmon (new colour) glazed purple, in royal, four, and six pound sizes smith's sugar papers._ royal purp..."
sugar,1870,2,705,11,5.4399,True,"produce. liverpool, tuesday.—sugar: there is a fair inquiry for better descriptims. withciut change in value, but inferior gi ades remain neglected. west india: ,50 hogsheads barba- do..."
sugar,1870,2,705,15,5.4804,True,"to be bold. rp 0 manu b e manufacturers. -l merchants, end general dealers. —alarge quantity of sugar bags for sale.— apply to mr. stephen machin, sen., midland-road, batch, briatol. iv tama eau ater "
sugar,1870,2,705,16,5.5454,True,sugar in egypt. the khedive is about tilay down a sugar plantation on his daira estates; and is sanguine of being able to raise an annual crop of one milli...
sugar,1870,2,705,17,5.5506,True,"the liverpool sugar trade. i at the sitting of the select committee of the i house ofloorumons on this subject on monday, evi- dence was given by mr. easton, of the tinn..."
sugar,1870,2,705,18,5.5557,True,"immense fire at greenock. at greenock, on the 19th instant, a large sugar store belonging to the harbour corporation was consumed by fire. the store contained about two thousand tons of law sugar, whi"
sugar,1870,2,705,21,5.5744,True,"mr. macfie, m.p., on french protective policy,. on thursday the employes of messrs. made and boos, sugar refiners, held their annual soiree in moreliall. mr. svihiim macfie presided. and expressed the"
sugar,1870,2,705,22,5.575,True,"sugar poisoning. the adulteration of food has passed from the phase of offence which might be termed a social dere- liction, and reached the positively cri..."
sugar,1870,2,705,25,5.5938,True,"...begar duties. in the horn or commons, mr. grieve asked the chan- cellor of the exchequer whether he would consent to the abolition of duty on refined sugar taking effect on the 10th of dune instea"
sugar,1870,2,705,27,5.6285,True,the sugar bounties sy f 31711. deputation_ to the govern. mint. a deputation organised by the sugar refiners' esommittee waited upon the marquis of fiedisbury ...
sugar,1870,2,705,28,5.63,True,the sugar _duties. lord derby is seeking to obtain the opinion of the various associations concerned as to which of several courses regarding the sugar questio...
sugar,1870,2,705,29,5.6333,True,"duty on french sugar re fin erie s. the french national assembly held • lons and excited sitting on thursday. m. mesmilligny, minister of public works, opposed toe amendm..."
sugar,1870,2,705,30,5.6414,True,new material for sugar. mankind is always making failures the stepping- stones to success. one of the latest examples is to be found in the manufacture of sugar. the farmer...
sugar,1870,2,705,34,5.68,True,"to be sold. frl 0 manure manufacittrefls. 1 merchants, and general dealers. —a large quantity of sugar bags far sale.— apply to mr. stephen machin, sen., midland-road, batch, brietol. wanted. wa/g'red"
sugar,1870,2,705,36,5.6932,True,"sugar poisoning. the adulteration of food has passed from the phase of offence which might be termed a social dere- liction, and reached the positively cri..."
sugar,1870,2,705,37,5.7002,True,"sugar duties. some further correspondence on the sugar i question was issued 013 wednesday. i lord lyons, writing from paris on i april 23rd, zll3 s that n..."
sugar,1870,2,705,39,5.7257,True,"...t failure of liverpool merchiints. at greenock on wednesday an examination in bankruptcy was held in the case of messrs. wil- liam anderson and sons, sugar brokers and pro- duce merchants, of "
sugar,1870,2,705,40,5.7304,True,the french sugar bounties pari43. tuesday.—m. leon say received to-day a dt•putation of british working men connected with the sugar interests that are injured by the...
sugar,1870,2,705,42,5.7713,True,sugar in egypt. the khedive is about tilay down a sugar plantation on his daira estates; and is sanguine of being able to raise an annual crop of one milli...
sugar,1870,2,705,45,5.7825,True,"omr= on vim adtantagnoun teens. samples and price lists on application. .' a call when in town is lempositelly *allotted. sugar duty abolished may 1, 1874. fine sparkling, demaraba, 89. per lb. finest"
sugar,1870,2,705,46,5.7858,True,"'• 7 mg sugar trade and the midget.' 'the chancellor of the exchequer, in reply to 11:1'r samiida, said he did not'see how he conid meet the wishes of the sugar re..."
sugar,1870,2,705,48,5.8038,True,"the sugar duty. almost the last of the anti-tax deputations which sir stafford northeote has received is that of a body representing the sugar trade, urging th..."
sugar,1870,2,705,49,5.805,True,"sugar duties. some further correspondence on the sugar i question was issued 013 wednesday. i lord lyons, writing from paris on i april 23rd, zll3 s that n..."
sugar,1870,2,705,50,5.8067,True,"mr. macfie, m.p., on french protective policy,. on thursday the employes of messrs. made and boos, sugar refiners, held their annual soiree in moreliall. mr. svihiim macfie presided. and expressed the"
sugar,1870,2,705,51,5.8181,True,„.. &ilia natural wines are now scarcely to be met with in the moselle district. and the addl. clan of sugar goes hand in hand with liberal dilutions of water and the anvil ingredients of spirits. thi
sugar,1870,2,705,52,5.8224,True,the french sugar bounties pari43. tuesday.—m. leon say received to-day a dt•putation of british working men connected with the sugar interests that are injured by the...
sugar,1870,2,705,54,5.8612,True,the sugar question. the daily news says that mr. crawford's plea on behalf of those who manipulate sugar on a large scale has had the effect which we anticipat...
sugar,1870,2,705,55,5.8642,True,the increase in the price of sugar. (from the standard.) the first effect will be to increase largely the price to be paid to foreign countries for our sugar. we imported last year nea...
sugar,1870,2,705,57,5.881,True,"the cultivation of sugar-beet. a letter from the hon. l. agar-ellis, m.p., to an irish contemporary, refers to the cultivation of the sugar-beet in an interesting manner. the..."
sugar,1870,2,705,58,5.8835,True,"...ue liverpool ship. the british ship kents bank, captain williams,' sailed from manilla on the 30th of august last for new york, with 16,000 piculs of sugar and 3,000 bales of hemp. from the time "
sugar,1870,2,705,59,5.8843,True,lloyd jones. the remunerition of la.bour. with steady steps we are pressing surely on- ward towards better wages.. alrealy we hive the sugar duties totally repealed so that in the direction of obtaini
sugar,1870,2,705,60,5.8849,True,why loaf sugar is so cheap. (from the daily news.) of the thousands of british householders who rejoice in the low price of sugar are there many who have inquired i...
sugar,1870,2,705,61,5.8921,True,"mr. gladstone on the foreio sugar bounty system. the secretary of the committee on the ha bounty system has received the following in ur. gladstone str,—l write a line, under great pr..."
sugar,1870,2,705,62,5.8965,True,the sugar bounties sy f 31711. deputation_ to the govern. mint. a deputation organised by the sugar refiners' esommittee waited upon the marquis of fiedisbury ...
sugar,1870,2,705,63,5.8989,True,"a nuisance at a sugar refinery. at dele-street police court, onwednesday morn- ing, the liverpool saccharine company, 20 and 22, blackstock-street, were summoned before mr..."
sugar,1870,2,705,65,5.9084,True,"lord derby on the sugar bounty bybtbm. the london workmen engaged in the various branches of the sugar &,e& having written to lord derby, inviting him to attend their meetin..."
sugar,1870,2,705,68,5.9326,True,the increase in the price of sugar. (from the standard.) the first effect will be to increase largely the price to be paid to foreign countries for our sugar. we imported last year nea...
sugar,1870,2,705,69,5.9428,True,"sugar duties. some further correspondence on the sugar i question was issued 013 wednesday. i lord lyons, writing from paris on i april 23rd, zll3 s that n..."
sugar,1870,2,705,71,5.972,True,"the cultivation of sugar-beet. a letter from the hon. l. agar-ellis, m.p., to an irish contemporary, refers to the cultivation of the sugar-beet in an interesting manner. the..."
sugar,1870,2,705,78,6.0204,True,"sugar duties. some further correspondence on the sugar i question was issued 013 wednesday. i lord lyons, writing from paris on i april 23rd, zll3 s that n..."
sugar,1870,2,705,80,6.0329,True,...eller. there seems to be an epidemic amongst con- fidential employes. it wall only the other day we bad to record the defalcations of two clerks of a sugar refi
sugar,1870,2,705,86,6.0501,True,"awful impending (impossible) calamity! j{)uination and complete annihilation -11-•, are threatened us for breaking the teeth of the sugar traps, exposing the plate and carte tricks, and the juggling i"
sugar,1870,2,705,87,6.0547,True,"the cultivation of sugar-beet. a letter from the hon. l. agar-ellis, m.p., to an irish contemporary, refers to the cultivation of the sugar-beet in an interesting manner. the..."
sugar,1870,2,705,88,6.055,True,"...uest has been held in londo,,, at the king's arms tavern, city-road, touching the death of an- thony scott, aged 37 years, a labc,urer, employed at a sugar manufactory, who destro"
sugar,1870,2,705,89,6.0564,True,"great fire at greenock. at greenock, on sunday nftcrnoon, a large sugar store belonging to the harbour corporation, was consumed by are. the store contained about 2,000 tons of raw sugar, which was al"
sugar,1870,2,705,90,6.0766,True,"produce market. in the various produce marketa • fair businese has been transacted, nod former prime ham been fully sustained. for sugar there has bean • lem &nitrated demand, but prices continue to t"
sugar,1870,2,705,92,6.0844,True,"the sugar supplies. in consequence of the meagre and inaccurate accounts which formerly reaehed this country of the yield of sugar in the west indies, it was d..."
sugar,1870,2,705,93,6.0884,True,"more about adulteration. sugar and spice have a good nursery reputation, and we are not much shocked to learn that a large proportion of the substances advertised as pure cocoa"" is..."
sugar,1870,2,705,97,6.1033,True,"sugar market. the demand has motioned very steady, and firm prices have been obtained for an descriptions. the triumactions, however, i have been moderate,..."
sugar,1870,2,705,99,6.1102,True,"produce. liverpool monday.-sugar: the merkets is firm, and tbe. sales include 160 hhds. grainy demerara at 335. 6d. to 355. pt gist.; a sreall cargo martinique, 225 hhds. 138 barrels..."
sugar,1870,2,705,100,6.1128,True,"tile sugar convention. the anisterdaipsche c6urant is informed from paris that a correspondence is being mchanged between the english, french, and belgian gover..."
sugar,1870,2,705,101,6.1138,True,"more about adulteration. sugar and spice have a good nursery reputation, and we are not much shocked to learn that a large proportion of the substances advertised as pure cocoa"" is..."
sugar,1870,2,705,103,6.1427,True,"negro rising at santa cruz. .....enty plant apany's sugar factory siege has been .4 with a double in july last, was • order wao a telegram from kingston, jamaica, says a french frigate has arrived at "
sugar,1870,2,705,104,6.1429,True,"the foreign sugar bounties. the committee of the national workmen's imovement for the abolition of the foreign sugar bounties met at bristol on tuesday, and parsed a r..."
sugar,1870,2,705,105,6.1437,True,"produce. liverpool monday.-sugar: the merkets is firm, and tbe. sales include 160 hhds. grainy demerara at 335. 6d. to 355. pt gist.; a sreall cargo martinique, 225 hhds. 138 barrels..."
sugar,1870,2,705,106,6.1461,True,"english operatives and the sugar bounties. a conference of workmen engaged in the sugar refining trade was held at the westminster palace hotel on tuesday, to take measures to put a ..."
sugar,1870,2,705,109,6.1615,True,"the sugar duties. on tuesday afternoon, a deputation waited upon the chancellor of the exchequer to urge upon the gave nment the necessity of either abolishing..."
sugar,1870,2,705,110,6.1646,True,"produce. lien:poor, wednesday. sugar continues in fair re- quest,and realizes full prices. the sales are—foreign west india: 20 hogshead indirect (luadaloupe at 31s. ed. per cwt., duty p..."
sugar,1870,2,705,111,6.1647,True,"...rket. only • moderate btudome ha. been transacted in the produce markets this week, but values generally hare not undergone any important change. for sugar there is not any improvement in th"
sugar,1870,2,705,113,6.1673,True,"further commercial failures. the manchester sugar refining company (limited) have passed a resolution at a general meeting of the shareholders for the voluntary winding up of the concern. mr hales, o..."
sugar,1870,2,705,115,6.1717,True,the french sugar bounties pari43. tuesday.—m. leon say received to-day a dt•putation of british working men connected with the sugar interests that are injured by the...
sugar,1870,2,705,117,6.1952,True,the sugar question. the daily news says that mr. crawford's plea on behalf of those who manipulate sugar on a large scale has had the effect which we anticipat...
sugar,1870,2,705,118,6.1953,True,a request from the sugar operatives. mr. hunt (bristol) rose to move a suspension of standing orders. he said he represented a class of men that had suffered very much from t...
sugar,1870,2,705,120,6.2036,True,"bonded store company are now selling the best australian flour, at 2s. 7d. per st. capital tat is. gd. peril). splendid sugar at 21d per lb. rattling cheese at 6d. per lb. splendid soap 2d. per lb. pa"
sugar,1870,2,705,121,6.2037,True,"english operatives and the sugar bounties. a conference of workmen engaged in the sugar refining trade was held at the westminster palace hotel on tuesday, to take measures to put a ..."
sugar,1870,2,705,122,6.2089,True,"produce market. the colonial produce market* have been well attended throughout the .wk, end full price. have generally been realised. the stock of sugar in the four chief british ports now 1111,1001 "
sugar,1870,2,705,124,6.2116,True,"epitome of news. british and foreign. a great fire has occurred at amsterdam, a sugar refinery, which was insured for a million and a half of florins, having been entirely destroyed. -- • at one o'clo"
sugar,1870,2,705,125,6.2143,True,"the foreign sugar bounties. the committee of the national workmen's imovement for the abolition of the foreign sugar bounties met at bristol on tuesday, and parsed a r..."
sugar,1870,2,705,128,6.2263,True,"duty on french sugar re fin erie s. the french national assembly held • lons and excited sitting on thursday. m. mesmilligny, minister of public works, opposed toe amendm..."
sugar,1870,2,705,129,6.2354,True,"...uest has been held in londo,,, at the king's arms tavern, city-road, touching the death of an- thony scott, aged 37 years, a labc,urer, employed at a sugar manufactory, who destro"
sugar,1870,2,705,130,6.2383,True,"00-_oprativr tea, in chests, cads,•""&c., or mizeil, ready for use; co-operative coffee, raw or roasted sugar of all kinds forwarded from bull, london, liverpool, and manclaester er aye and titiaci,i, "
sugar,1870,2,705,132,6.2653,True,"sugar duties. some further correspondence on the sugar i question was issued 013 wednesday. i lord lyons, writing from paris on i april 23rd, zll3 s that n..."
sugar,1870,2,705,133,6.2707,True,"the barrow bonded store company are now selling the best australian flour, at 2s. 7d. per st. ""]''capital at is. 6d. peril). splendid sugar at 21d per lb. rattling cheese at 6d. per lb. splendid soap "
sugar,1870,2,705,135,6.272,True,"tile sugar convention. the anisterdaipsche c6urant is informed from paris that a correspondence is being mchanged between the english, french, and belgian gover..."
sugar,1870,2,705,138,6.2854,True,"lord derby on the sugar bounty bybtbm. the london workmen engaged in the various branches of the sugar &,e& having written to lord derby, inviting him to attend their meetin..."
sugar,1870,2,705,139,6.2858,True,"...for tallerma.n's very best condensed milk, prepared in the richest agricultural district in the -world, by the concentration of pure milk and refined sugar crystals. 761 e economical, "
sugar,1870,2,705,140,6.2878,True,"produce iimucrr. in sugar there has -b;;;litici; doing intnsw wee, however, have been nisde on ceder terms, but prices ere not generally cheaper. refined sold fully 2n cheaper..."
sugar,1870,2,705,142,6.3039,True,"...est markets glasgow iron, oct. 4.—brudikess done at 548 od fourteen days and 53s 10,}d cash. buyesa under the fatter pdice, sellers 538 100.. glasgow sugar, oct. 4. this being greenock autumnal fas"
sugar,1870,2,705,143,6.3057,True,"notice sugar and grape glucose, for the use of confectioners, brewers, preservers of fruits, wine-makers, &c. unequalled for purity and exeellecce. furnished in q..."
sugar,1870,2,705,145,6.3083,True,"the liverpool sugar trade. i at the sitting of the select committee of the i house ofloorumons on this subject on monday, evi- dence was given by mr. easton, of the tinn..."
sugar,1870,2,705,146,6.3093,True,"mr. gladstone on the foreio sugar bounty system. the secretary of the committee on the ha bounty system has received the following in ur. gladstone str,—l write a line, under great pr..."
sugar,1870,2,705,147,6.3166,True,"a monster sugar mill. one of the largest sugar mills in the world is soon to be erected in st. charles parish, louisiana. the total weight of this mill, including en..."
sugar,1870,2,705,150,6.3259,True,"sugar markel for sugar the enquiry has become rather brisk, and bala of 4ki naafi' are 1113.10 at better price.. tbis latest advice' lnnu cubs show • defic..."
sugar,1870,2,705,151,6.3271,True,"pure cane sugar kept for the convenience of tea and coffee purchasers. samples of our goods sent with pleasure, post free, when required."
sugar,1870,2,705,153,6.3316,True,"grocers and the reduction of the suga.r duty. considering that mr. lowe, with that appreciation of the zeneral utility of sugar which distinguishes him, has just reduced the duty, the public not unnat"
sugar,1870,2,705,154,6.3375,True,"rhe barrow bonded store company are now selling the best australian flour, at 2s. 7d. per st. tcapital at is. 6d. per lb. splendid sugar at 21d per lb. rattling cheese at 6d. per lb. splendid soap 2d."
sugar,1870,2,705,155,6.3379,True,"...r for tallerman's very best condensed milk, prepared in the richest agricultural district in the world, by the noncentration of pure milk and refined sugar crystals. more econ"
sugar,1870,2,705,156,6.3399,True,"la'lthl llthjl's. liverpool, pnonucz. sugar unchang -d little done. peruvian; 509 bags fine yellow syrups at 255. 6d) per cwt. in bond. coffee.—there has been a good de- mand, and rather higher..."
sugar,1870,2,705,157,6.343,True,the sugar duties. an influential deputation of gentlemen con- nected with the anger trade waited upon le chancellor of the exchequer on tuesday. idr. kirkman h...
sugar,1870,2,705,160,6.3475,True,"mr. cate this week visits the railways and sugar refineries in upper egypt. the roadstead and harbour of odessa are now free from ice, and navigation has been resumed. the duke of connaught has retu..."
sugar,1870,2,705,161,6.3546,True,"aligrellaucoug xicurgi anti ante goootp. the sugar duties will be discussed in the house of commons on monday. the proposed duty on refined sugar, to commence on may bth, is 3s. per cwt. mr. john lesl"
sugar,1870,2,705,162,6.3576,True,"the foreign sugar bounties. the committee of the national workmen's imovement for the abolition of the foreign sugar bounties met at bristol on tuesday, and parsed a r..."
sugar,1870,2,705,163,6.3627,True,"produci mabilvt. the colonial produce markets have been partially closed lbw week, but there la a fair inquiry for several articles. sugar ina been firm, owing topurehasers of reflood for france, sad "
sugar,1870,2,705,164,6.3629,True,"provision market. hamm scomt, friday. —there is no alteration to report value end demand being eteady and regular. no raw sugar on the spot is offering, end manors an working ft oui cargoes purchased "
sugar,1870,2,705,167,6.372,True,"foreign and colonial produce london, faumr.—the more quiet feeling which pro sailed in me produce markets lent week has continued knee. in sugar lea buntline than for essay weeks past lb. available st"
sugar,1870,2,705,168,6.3733,True,"...ave's report on egyptian finance. this report was issued to members on idonday. it reviews the peculiar ditlicsiltim attending the railway system and sugar cultivation in egypt, and proceeds to s"
sugar,1870,2,705,169,6.3737,True,beet sugar manufacture in england. the introduction of beet sugar into england and ireland has of late occupied the serious attention of our leading agriculturi...
sugar,1870,2,705,170,6.3764,True,"a monster sugar mill. one of the largest sugar mills in the world is soon to be erected in st. charism parish, louisiana. the total weight of this mill, including en..."
sugar,1870,2,705,171,6.3777,True,"the sugar duties. the produce markets review says the halving of the sugar duties has given universal satisfaction, and every one feels that mr. lowe has made ..."
sugar,1870,2,705,172,6.3931,True,"sugar. we regret that,.otning t—o the partial failure of the crop, the markets have an upward tendency, but beg to assure our friends that though we do not..."
sugar,1870,2,705,173,6.3965,True,the sugar bounties. on thursday the chancellor of the exchequer received a deputation with reference to the bounties allowed by continental nations to ex- port...
sugar,1870,2,705,174,6.398,True,"produce. litripooi., wid111181)1t. sugar :—with a fair demand, a moderate amount of manuel,' has been done at previous rates. 'i be osier comprise hogaheads jamaica at 31e. ltd to tc per ewt..."
sugar,1870,2,705,175,6.4035,True,"... the colonial produce markets have ruled dull throughout the *yeti, and the general tendency of value. have been in favour of buyers. tile demand fur sugar haa been inactive. an.. rae. "
sugar,1870,2,705,176,6.4265,True,the sugar duties. mr. graves asked whether in the event of the sugar duties being reduced or removed a draw- back on their raw stocks would be allowed to re- f...
sugar,1870,2,705,177,6.427,True,"sugar from beetroot. the annual value of the raw sugar made from beetroot in france now, according to the chamber of agriculture journal, exceeds five mill..."
sugar,1870,2,705,180,6.4336,True,"cheap beer warted. (from ""th. peoples blue book."" by charles tennant) the malt duty entails an excise duty on sugar used in brewing of 7s. 6cl. per cwt. over and above the cus- toms duty. the details "
sugar,1870,2,705,182,6.4455,True,"tiie sugar convention. the alserrdawnehe mutant is informed from paris that a correspondence is being exchanged between the english, french, and belgian governm..."
sugar,1870,2,705,183,6.4461,True,"the select committee on tag siigaii trade. -- a select committee to oonsider industries vat on thursday week, mr. ritchie presiding. mr. marlineaa, a sugar refiner, gave evklenet, and ttaind that niue"
sugar,1870,2,705,184,6.4472,True,"crew named john gah being -drowned. the imogene, bound from peruambuoo to liverpool, with 4,000 bags of sugar and 194 balm of cotton, has beau burned at sea. how the fire originated has not yet been a"
sugar,1870,2,705,185,6.4509,True,a request from the sugar operatives. mr. hunt (bristol) rose to move a suspension of standing orders. he said he represented a class of men that had suffered very much from t...
sugar,1870,2,705,186,6.4521,True,"the barrow bonded store company are now selling the best australian flour, at 2s. 7d. per st. ]""capital at is. 6d. per lb. splendid sugar at 21d per lb. rattling cheese at gd. per lb. splendid soap 2d"
sugar,1870,2,705,188,6.4626,True,"igspuce. liverpool, mondat.—sugar is steady, and the sales have been large at about late rates. london, monday.—there were no public sales of any im- portance in the market to-day, an..."
sugar,1870,2,705,189,6.4632,True,"english operatives and the sugar bounties. a conference of workmen engaged in the sugar refining trade was held at the westminster palace hotel on tuesday, to take measures to put a ..."
sugar,1870,2,705,190,6.4681,True,"markets-yesterday. london produce market, thiirsday.—the sugar market has been quiet, but prices have been firm. cuba muscovado, brown, and middling yellow refining bought in at 31s. to 365. tea has b"
sugar,1870,2,705,191,6.4703,True,"...the time* considers t:at vie revenue returns justify the eetint tes relied on by the cbsucellor of the ertche( aer. london produce market, january i. sugar inactive. coffee quiet a"
sugar,1870,2,705,192,6.4724,True,the sugar bounties. on thursday the chancellor of the exchequer received a deputation with reference to the bounties allowed by continental nations to ex- port...
sugar,1870,2,705,193,6.4741,True,the sugar bounties sy f 31711. deputation_ to the govern. mint. a deputation organised by the sugar refiners' esommittee waited upon the marquis of fiedisbury ...
sugar,1870,2,705,194,6.4779,True,"sugep!. sugar!! tn comequenee of the continued rise in sugar on the market, the grocers of this district are azaio compelled to advance the retail prices of sugar ..."
sugar,1870,2,705,195,6.4788,True,"mr. gladstone on the foreio sugar bounty system. the secretary of the committee on the ha bounty system has received the following in ur. gladstone str,—l write a line, under great pr..."
sugar,1870,2,705,198,6.4969,True,"grocers and the reduction of the suga.r duty. considering that mr. lowe, with that appreciation of the zeneral utility of sugar which distinguishes him, has just reduced the duty, the public not unnat"
sugar,1870,2,705,199,6.4972,True,"country notes. god made tue country, alfro 31. kg slung tun' tows.""— sugar for brewing.—by a return just issued it is shown that the cousumption of sugar in breweries in the year-ended 30th of septemb"
sugar,1870,2,705,200,6.4984,True,"country notes. god made thz country, ad man made the tovni.""— sugar for brevt=g.—by a return just issued it is shown that the consumption of sugar in breweries in the year ended thq 30th of september "
sugar,1870,2,705,202,6.5005,True,"...k corn, aram 13.—red wheat, lie; barley, sc 9d to 96 black oats, sc 9d to os 2d; tawney oats, sc 9d to 9s 4d; white, se 9d. london produce, april 13. sugar con- tinues firm, with a "
sugar,1870,2,705,205,6.5188,True,"the sugar convention. the a thsterda :hsche coerarst is informed front paris that a oorreepond.ace is being exchanged between the english, french, and belgian ..."
sugar,1870,2,705,206,6.5194,True,the sugar bounty system. (special telegram.) a special meeting of the bristol chamber of commerce war held yesterday to consider the question of foreign sugar ...
sugar,1870,2,705,212,6.5321,True,"holland. the hague, monday.—the finance minister stated he was not at present prepared to abolish the sugar duty. turkey. constantinople, sllll,lfty. the turkish government announces that all obligati"
sugar,1870,2,705,214,6.536,True,"markets. london trade report, thursday. —the market is quiet. y.c., spot, and month, 455. 9d. per cwt. london produce markets, thursday.—for sugar there has been very litte inquiry, and the value of l"
sugar,1870,2,705,216,6.5379,True,"sugar. we regret that,.owing, to the partial failure of the crop, the markets have an upward tenaency, but beg to nssnre our friends that though we u. not ..."
sugar,1870,2,705,217,6.5422,True,"buunties on foreign sugar. lord derby and the chancellor of the emhogner received oo satiuday • largo and infthential deputatioo of sugar importer, who urged the cabinet to on..."
sugar,1870,2,705,218,6.5438,True,"produce market. only a limited business has been paring in colonial te produce, but we no no important change in value. sugar has sold slowly, on former tenni, the inquiry having been chiefly for brit"
sugar,1870,2,705,219,6.5503,True,"heavy yarlrre at bristol. memel% finset, sugar refiners brutol, have faftstl in consequence of the french bousty system. la. liabilities are estimated at half • the rev. mr. tooth and the pope. th..."
sugar,1870,2,705,220,6.554,True,th sitgar duty. a deputation of dealers in sugar waited on the chancellor of the exchequer on tuesday to urg2 the total abolition of the duty. it was pointed out that refiners are compelled to stop ...
sugar,1870,2,705,222,6.5545,True,"sugep!. sugar!! tn comequenee of the continued rise in sugar on the market, the grocers of this district are azaio compelled to advance the retail prices of sugar ..."
sugar,1870,2,705,224,6.5576,True,"...h street kenilworth !ablismisnt tei largest and cheapest furniture w )land in thz all the above especially adapted foe wpm uszoo. 117- • fred. poole, sugar duty abolished may i, 1874. fine sparkling "
sugar,1870,2,705,225,6.5577,True,"eieavy failu re at bristol. messrs. finzel, sugar refiners, ilrietol, have failed in oollooquenon of the french bonier ',stem. :eh, liabilities are estimated at half a nalliou. tde rev. mr. tooth and..."
sugar,1870,2,705,228,6.5731,True,the sugar bounty system. (special telegram.) a special meeting of the bristol chamber of commerce war held yesterday to consider the question of foreign sugar ...
sugar,1870,2,705,230,6.5754,True,"to mvestors. swansea to sohn, tram, la others. to:mons deeiroue of contracting fog the 81.:pply .jf bread made in 1113, lets loaf, t. at per 07., and sugar at per lb.. for the use of tke outdo., iheor"
sugar,1870,2,705,231,6.5777,True,"serious fire at mile end, london. on sunday evening, shortly after seven o'clock, a fire broke out in the large sugar refinery, seven s'oreys high, situate in church.-street, new town, and belonging t"
sugar,1870,2,705,233,6.5784,True,"...inegar of uniform strength and flavour, in imperial pint and quart bottle tains, jellies and orange mama- * lade made from he& fruit and with refined sugar only. calves'-feet jelly in bott"
sugar,1870,2,705,235,6.5934,True,"the sugar duties. the time: understands that the chancellor of the exchequer, recognisiug the disadvantage of the position in which english sugar refiners wnul..."
sugar,1870,2,705,236,6.5944,True,"... sweets. at the ldt meeting of the newcastle town council mr. pattiuson, aualtical chymist, re- ported:—"" i have recently examined various samples of sugar confectionery sold in newcastle- up"
sugar,1870,2,705,237,6.5979,True,"sugar from beetroot. the annual value of the raw sugar made from beetroot in france now, according to the chamber of agriculture journal, exceeds five mill..."
sugar,1870,2,705,238,6.6002,True,edinburgh to russia-. the duke and duchess of edinburgh leave for st. petersburg next month. sugar duties in brussels. _ _ an international congress is sitting at brussels on the question of the aboli
sugar,1870,2,705,239,6.6046,True,edinburgh to russia-. the duke and duchess of edinburgh leave for st. petersburg next month. sugar duties in brussels. _ _ an international congress is sitting at brussels on the question of the aboli
sugar,1870,2,705,242,6.6095,True,the sugar duties. an influential deputation of gentlemen con- nected with the anger trade waited upon le chancellor of the exchequer on tuesday. idr. kirkman h...
sugar,1870,2,705,243,6.6098,True,the sugar duties. an influential deputation of gentlemen con- nected with the anger trade waited upon le chancellor of the exchequer on tuesday. idr. kirkman h...
sugar,1870,2,705,244,6.6117,True,the sugar _duties. lord derby is seeking to obtain the opinion of the various associations concerned as to which of several courses regarding the sugar questio...
sugar,1870,2,705,245,6.6149,True,"'od fitittp v liverpool, moyoev.--sugar the market opens quietly after the holidays, without change in prices from the close of last week. other colonials continue without animation, and th..."
sugar,1870,2,705,246,6.6224,True,"cuttings from american papers. an american ""soot"" was boasting to a grocer of the cheapness of ten pounds of sugar he had bought at a rival shop. ""let use weigh the package,"" said the grocer. the dark"
sugar,1870,2,705,247,6.6263,True,"...duce amuisr. in the produce mtrkela there has been a fair degree of activity, and trausactione in several important invite hare been of largo extent. sugar is somewhat firmer. coffee demand again g"
sugar,1870,2,705,248,6.627,True,"the budget resolution& the time at which the budget resolutions will take effect ices follow,: -with regard to sugar, the duties charged will be--on and after the 2nd of may, 1870- for candy, brown or"
sugar,1870,2,705,249,6.6313,True,"a monster sugar mill. one of the largest sugar mills in the world is soon to be erected in st. charles parish, louisiana. the total weight of this mill, including en..."
sugar,1870,2,705,250,6.6323,True,"rurther comhercial failures. the manchester sugar refining company (limited) have passed a resolution at a general meeting of the shareholders for the voluntary winding up of the concern. mr hales, o..."
sugar,1870,2,705,254,6.6491,True,"latest ma ii h...r1i.'..- glasgow sugar, june i.—a somewhat wavering and undecided tone about the market to- day. there was, however, a fair amount of business done, and at tile llo.s of th..."
sugar,1870,2,705,257,6.6566,True,"the markets. tea in limited request. raw sugar has been dull, and the demand for refined has been to a limited extent. coffee has been steady at late rates. iron quieter; tin four copper forty-fiv..."
sugar,1870,2,705,258,6.6606,True,the sugar trade. the _daily news monetary correspondent says that the sugar trade believe that unless something is done their interests will be injuriously aff...
sugar,1870,2,705,259,6.6661,True,"the sugar supplies. in consequence of the meagre and inaccurate accounts which formerly reaehed this country of the yield of sugar in the west indies, it was d..."
sugar,1870,2,705,261,6.6802,True,"colonial and foreign produce. returns just printed of `,7t3 quantities of sugar,coll,e, and other colonial and foreign produce imported into the united in °lbb9, toi"",;ethe, with the duties on, the pr"
sugar,1870,2,705,262,6.6816,True,new source of sugar supply. it is stated that the protracted troubles in cuba are stimulatingthe production of sugars in the ger- ms calientes of mexico. it is but a few...
sugar,1870,2,705,263,6.6817,True,"the sugar duties. on tuesday afternoon, a deputation waited upon the chancellor of the exchequer to urge upon the gave nment the necessity of either abolishing..."
sugar,1870,2,705,266,6.6864,True,the sugar bounties sy f 31711. deputation_ to the govern. mint. a deputation organised by the sugar refiners' esommittee waited upon the marquis of fiedisbury ...
sugar,1870,2,705,271,6.7099,True,"produce markets. the markets yesterday were quiet. tea dull at late decline. raw sugar in limited request, at about late sates; refined in good request coffee slow sale. iron in mode- rate demand tin "
sugar,1870,2,705,273,6.7231,True,...ue. a ninarny hood—childhood. an etpetsive hood—womanhood. tun end of a candle—to give light. a mete in the write place—an editor. the land of cane—a sugar plantation. ode to my washerwoman—seven
sugar,1870,2,705,275,6.7298,True,"...cave's report on egyptian finance. this repert was issued to members on monday. it reviews the peculiar difficulties attendinz the railway system and sugar cultivation in egypt, and proceeds to st"
sugar,1870,2,705,277,6.7402,True,why loaf sugar is so cheap. (from the daily news.) of the thousands of british householders who rejoice in the low price of sugar are there many who have inquired i...
sugar,1870,2,705,281,6.7569,True,"...iolent storms have pre. vailed in the eastern part of cuba. several towns have been flooded, and some of the in- habitants have perished. much of the sugar cane h"
sugar,1870,2,705,282,6.7585,True,"colonial and foreign produce. returns just printed of `,7t3 quantities of sugar,coll,e, and other colonial and foreign produce imported into the united in °lbb9, toi"",;ethe, with the duties on, the pr"
sugar,1870,2,705,283,6.76,True,"lamb' d. to d. per lb. ltvrapoot, wednesday.—sugar: the market is very steady but business is interrupted by the holidays, and the sales are confined to—brazil: 2,0 w bags pdaranham, at 268. 6d. per c"
sugar,1870,2,705,284,6.7633,True,"tea and coffee establishment, 22 and 24, cornwallis-street, barrow-i n-furn e ss. no dealers and shopkeepers supplied at wholesale prices. pure sugar kept for the convenience of customers. established"
sugar,1870,2,705,286,6.7644,True,"cheap beer warted. (from ""th. peoples blue book."" by charles tennant) the malt duty entails an excise duty on sugar used in brewing of 7s. 6cl. per cwt. over and above the cus- toms duty. the details "
sugar,1870,2,705,289,6.7709,True,"heavy failure. messrs finzel and sons, bristol, who own the largest sugar refinery in the world, but whose trade has been ruined by the french bounty system, have • placed their affairs in the hands o"
sugar,1870,2,705,290,6.7754,True,"...nsea i' n i 0 n. to bakers, grocer'. and *thy& ns deterous of --contractlsb for the )11mly of bread (made m elb. loaesa at per rat lea at per og, and sugar at per lb for the use of the mimeo.t peor"
sugar,1870,2,705,291,6.7782,True,"%ifiews. the aim telegraph states that one division of that county will be oontested by • tenant farnaer. messrs. wartmeen's sugar factory, wnit.. °lapel, london, was destroyed by fire on pz.kisy week"
sugar,1870,2,705,292,6.7794,True,"lord derby and free trade: a deputation of sugar refiners had an interview with lord derby and sir stafford northcote on satur- day, to ask the intervention of the government in reference to the pay..."
sugar,1870,2,705,293,6.7801,True,the sugar bounties. on thursday the chancellor of the exchequer received a deputation with reference to the bounties allowed by continental nations to ex- port...
sugar,1870,2,705,295,6.7856,True,"lord derby and free trade. a deputation of sugar refiners had an interview with lord derby and sir stafford northcote on satur- day, to ask the intervention of the g,ivernment in reference to the pa..."
sugar,1870,2,705,297,6.7887,True,"sugar. we regret that„owing to the partial failure of the crop, the markets have an upward tendency, but beg to assure our friends that though we do not be..."
sugar,1870,2,705,300,6.7988,True,"english operatives and the sugar bounties. a conference of workmen engaged in the sugar refining trade was held at the westminster palace hotel on tuesday, to take measures to put a ..."
sugar,1870,2,705,301,6.8124,True,"tile sugar convention. the anisterdaipsche c6urant is informed from paris that a correspondence is being mchanged between the english, french, and belgian gover..."
sugar,1870,2,705,303,6.815,True,the sugar duties. mr. graves asked whether in the event of the sugar duties being reduced or removed a draw- back on their raw stocks would be allowed to re- f...
sugar,1870,2,705,304,6.8152,True,"colonial and foreign produce. returns just printed of `,7t3 quantities of sugar,coll,e, and other colonial and foreign produce imported into the united in °lbb9, toi"",;ethe, with the duties on, the pr"
sugar,1870,2,705,305,6.8156,True,"prodltce. arrarecriam lifaairer. tcfsday.—fresh butter, la. m. per lb. eggs, 11 to 14 for to, mipooi. sugar continues very quiet on thert, and the small buainou rep.rted 0 to an outport. egy ian. 301 "
sugar,1870,2,705,310,6.8309,True,"marie rs-sat urday. london produce ➢iarkets,satuaray.—the demand for tea has been very quiet, and prices have been without change. raw sugar has been dull, and lower to sell, but refined has been been"
sugar,1870,2,705,311,6.8313,True,"produce market. tho sugar market has clo-od with steadiness. and a good malaita, has been douo in british weal india, at steady rake. g•esleoloury outfox' hare commanded forme..."
sugar,1870,2,705,313,6.8377,True,"produce. alyeis4citax, tuesday..-at this market eggs were 6 and 6 for a shilling, butter was is. 6d. to is. bd. per lb. liverpool. tufsday.—sugar the market is very inani- mate, and, with little or no"
sugar,1870,2,705,314,6.839,True,"more about adulteration. sugar and spice have a good nursery reputation, and we are not much shocked to learn that a large proportion of the substances advertised as pure cocoa"" is..."
sugar,1870,2,705,315,6.8441,True,"foreign and colonial intel. ligence. france. the delegates of the powers who are contracting parties to the convention of 1864, on the subject of the sugar duties, have arrived, and held a first fitti"
sugar,1870,2,705,320,6.8487,True,"to gowns= or scoal finzel's new crystal sug.ut but ros preserving. rtszsys pure crystal sugar befogadds entirely from the roast casa is therefor, bat for i when men for tab; and other purposes, it oda"
sugar,1870,2,705,321,6.8503,True,"fatal boiler explosion at liverpool. one of a set of four large boilers at the sugar refining works of messrs. g. jager and co., burlington-street, liverpool, exploded with terrific violence shortly b"
sugar,1870,2,705,322,6.8506,True,"sugar poisoning. the adulteration of food has passed from the phase of offence which might be termed a social dere- liction, and reached the positively cri..."
sugar,1870,2,705,323,6.8506,True,"...lour 'ltd.:lll2gs with fewer eggs, and pastry with less butter. recommended by the faculty as a prrylntive of in di- grstion, and (not destroying the sugar in the lour"
sugar,1870,2,705,330,6.8577,True,"...rket, wednesday. potatoes: scotch downs, gs. per load.; felarnes, 6a. 6d. to 7s. per load. eggs butter beef lamb, u. to d. per lb. liverpool, monday. sugar continues quiet, witho"
sugar,1870,2,705,331,6.8618,True,"more about adulteration. sugar and spice have a good nursery reputation, and we are not much shocked to learn that a large proportion of the substances advertised as pure cocoa"" is..."
sugar,1870,2,705,332,6.8654,True,"...r for tallerman's very best condensed milk, prepared in the richest agricultural district in the world, by the concentration of pure milk and refined sugar crystals. more economical, whol"
sugar,1870,2,705,333,6.8692,True,"reduce our prices vrtry materially, and we are now offering the finest sparkling lump svgar, 40. ready broke. pulverised lump sugar dust, 4d. superior in every respects to moist sugars. splendid cryst"
sugar,1870,2,705,334,6.8695,True,"colonial and foreign produce. returns just printed of `,7t3 quantities of sugar,coll,e, and other colonial and foreign produce imported into the united in °lbb9, toi"",;ethe, with the duties on, the pr"
sugar,1870,2,705,339,6.8866,True,"harbour aogident eight men injured. on tuesday, while eight men were employed placing a sugar roller, welshing five tons, on board of the steamer portland, in glasgow harbour, the machinery broke, and"
sugar,1870,2,705,342,6.899,True,"the sugar convention. the a thsterda :hsche coerarst is informed front paris that a oorreepond.ace is being exchanged between the english, french, and belgian ..."
sugar,1870,2,705,344,6.9021,True,"harbour accident: eigeit men injured. on tuesday, while eight men were employed placing a sugar roller, weighing five tone, on board of the steamer portland, in glasgow harbour, the machinery broke, a"
sugar,1870,2,705,347,6.9104,True,"latest markets. london produce, serrammsn 20. sugar market continues firm, both for raw and refined des- criptions, prices about 3d to 6d higher than last week. coffee steady. tea quiet. rice inactive"
sugar,1870,2,705,348,6.9132,True,"the sugar duty. almost the last of the anti-tax deputations which sir stafford northeote has received is that of a body representing the sugar trade, urging th..."
sugar,1870,2,705,349,6.9176,True,"... tallerman's ""very best"" ciondensed mllk.—prepared in the richest agricultural district in the world, by the con- centration of pure milk and refined sugar crystals. m"
sugar,1870,2,705,350,6.9346,True,the sugar _duties. lord derby is seeking to obtain the opinion of the various associations concerned as to which of several courses regarding the sugar questio...
sugar,1870,2,705,353,6.9432,True,"tiie sugar convention. the alserrdawnehe mutant is informed from paris that a correspondence is being exchanged between the english, french, and belgian governm..."
sugar,1870,2,705,355,6.9502,True,"markets-yesterday. london produce market, thiirsday.—there 11'1'3„ been a fair demand for tea, at late rates. fine sugar has bee:, firm. good middling and flue yellow porto rico, 3.15. 6,1.4 345. gd s"
sugar,1870,2,705,356,6.9533,True,the sugar bounty system. (special telegram.) a special meeting of the bristol chamber of commerce war held yesterday to consider the question of foreign sugar ...
sugar,1870,2,705,357,6.9563,True,"4f3:11.c. -- agents wanted to sell the barrow iftrald in districts where none are appointed. apply at the herald °face, barrow-in-furness. sugar agency.—wanted, by a clyde house, an efficient agent fo"
sugar,1870,2,705,360,6.9631,True,"great fire at greenock. the warehouse of a sugar refinery m greenock, (owned by messrs. blair and co., took fire on tuesday. the dainade to the stock is estinisted at ever £12,000; the injury to the..."
sugar,1870,2,705,362,6.9651,True,"reduction in sugar. finest sparkling lump sugar, 4n. ready broke. pulverised ilump sugar dust, 4. superior in every respectai""to moist sugars. itr the consumers' tea co..."
sugar,1870,2,705,363,6.9652,True,"the markets. the produce markets are unsettled. tea continues dull and lower to sell. raw sugar in limited request, and easier; refined quiet; coffee steady in value, but demand inactive. linseed-oil "
sugar,1870,2,705,365,6.9738,True,"sugar. we regret that,, owing to the partial failure of the crop, the markets have an upward tendency, but beg to assure our friends that though we d.) not..."
sugar,1870,2,705,367,6.9777,True,"cheap beer warted. (from ""th. peoples blue book."" by charles tennant) the malt duty entails an excise duty on sugar used in brewing of 7s. 6cl. per cwt. over and above the cus- toms duty. the details "
sugar,1870,2,705,368,6.9819,True,"two me 4i patt.l§he d 0,1.4 e a. t el. on tuesdiy twt men were7kllleent messrs. henry tate and sons'•sugar warehouse, liverpool. they were engaged in removing sugar from one to another by means of a h"
sugar,1870,2,705,369,6.9871,True,"790 qrs. .. 1100 „ 15210 „ • • 9550 • 1160 ~ • 14310 „ 11380 barrels. london produce, jeri. 13. sugar quieter, but late rates are fully maintaiced le,=4 doing in refined, but stored goods are win dear"
sugar,1870,2,705,370,6.9916,True,"coffee. cassell's coffee, in tins, la 4d, per lb. finest plantation coffee la. 6cl. „ choice east india ditto is. bcl. „ plneet mocha ditto 29. od. „ sugar. good lump sugar 4(1. per lb. raw sugar „ go"
sugar,1870,2,705,372,6.9929,True,"...i 0 n. to bakers, grocers, and others. persons deeinoun a contracting for the supply of bread k made in 1113. wares) at per loaf, tea at per oz., and sugar u pes lb, for the use of the o"
sugar,1870,2,705,373,6.9935,True,"... itselins. 1 r 151.6 ht fiondensed mlllc.—prepared in the richest agricultural district in the world. by the con- centration of pure milk and refined sugar cryctals. more economical,"
sugar,1870,2,705,374,6.9978,True,".... cave's report on egyptian -finance. this report was issued to members on monday. reviews the peculiar difficulties attending the railway system and sugar cultivation in egypt, and proceeds to stat"
sugar,1870,2,705,376,6.9993,True,"'• 7 mg sugar trade and the midget.' 'the chancellor of the exchequer, in reply to 11:1'r samiida, said he did not'see how he conid meet the wishes of the sugar re..."
sugar,1870,2,705,378,7.0115,True,"...e levelling action, as regards retail trades, of the co-operative stores, as well as by the recent reductions in the tea, and by the abolition of the sugar duties, the trade of g"
sugar,1870,2,705,381,7.0166,True,"...ork corn, may 11.—red wheat, os od barley, os od to os od black oats, 9s 2d to 9s 3d; tawney, fisa 4d to 9s 6d white, 9s 10d. london produce, may 11. sugar quiet, but steady, for "
sugar,1870,2,705,382,7.0186,True,"...n ba rba. does. a. telegram from the governor of the barbadoes et oes on! one wrsoli hal hen killed; military nit mitt ired tranquilli,y restored; no sugar houses destroyed."""
sugar,1870,2,705,385,7.0261,True,"glimpses of the last century. (from gore's liverpool general advertiser, june 21, ma..) plantation and sugar work for sale in the island of dominica, with a water mill and ell other necessary building"
sugar,1870,2,705,388,7.0376,True,"produce market. in the produoe market. contiaied rea, ity hut pievailed in many the leadin4 staples. in sugar a large husinew, and general tone extremely firm. prices arc 1/amorally out per cat. deare"
sugar,1870,2,705,389,7.0395,True,"...e. an inquest has been held in london, at the arnie tavern, city•road, touching the death of an- thony scott, aged 37 years, &labourer, employed at a sugar manufactory, who destroyed his l"
sugar,1870,2,705,391,7.0501,True,"...ohio river has is remarkably long face. it is twelve hundred miles from its head to its mouth. a dreadful out bachelor defines a dower as ""is lump of sugar intended to "
sugar,1870,2,705,395,7.0571,True,"p reserving season. sugars are tmusnally cheap. we supply the old-fashioned raw sugars, the produce of demerara, bar- badoes, porto rico, ac, and powdered sugar but particular..."
sugar,1870,2,705,396,7.0775,True,the sugar duties. an influential deputation of gentlemen con- nected with the anger trade waited upon le chancellor of the exchequer on tuesday. idr. kirkman h...
sugar,1870,2,705,397,7.087,True,"...r for tallerman's very best condensed milk, prepared in the richest agricultural district in the world, by the concentration of pure milk and refined sugar crystals. more economical, who"
sugar,1870,2,705,398,7.0874,True,"great fire in amsterdam. aiisterda3f, tuesday.—at 1.30 this morning fire broke out in en extensive sugar refinery in this pity. the fire was not got under until noon, when the building was entirely co"
sugar,1870,2,705,400,7.0903,True,"latest markets. cork corn, may 16.—white wheat, 13s 6:1; black oats, 65 8d to 7s bd. london produce, mat 16. sugar strong, at full prices. coffee very firm. tea dull. mee steady. dried fruit inactive."
sugar,1870,2,705,403,7.0981,True,"...ution which the chancellor of the exchequer submitted to the house of commons, when in committee of ways and means on monday night, re. ferred to the sugar "
sugar,1870,2,705,404,7.1012,True,"yesterdays markets liverpool cotton market, monday.—thcr&. is a fair demand at steady prices. glasgow sugar market, monda7.—a, moderat, demand and a limited amount of business dune. prices steady, exc"
sugar,1870,2,705,406,7.1044,True,"...or t a lt;erman's very best condensed milk, prepared in the richest agricultural district in the world, by the concentration of pure milk and refined sugar crystals. mor"
sugar,1870,2,705,407,7.1088,True,why loaf sugar is so cheap. (from the daily news.) of the thousands of british householders who rejoice in the low price of sugar are there many who have inquired i...
sugar,1870,2,705,408,7.118,True,the sugar duties. an influential deputation of gentlemen con- nected with the anger trade waited upon le chancellor of the exchequer on tuesday. idr. kirkman h...
sugar,1870,2,705,410,7.1204,True,"sugar poisoning. the adulteration of food has passed from the phase of offence which might be termed a social dere- liction, and reached the positively cri..."
sugar,1870,2,705,411,7.1216,True,"shipping disasters. from whitehaven we learn that the ship glenduror, from manilla for liverpool, with a cargo of sugar and hemp, is on shore at sea scale, near that place. crew landed by rocket appar"
sugar,1870,2,705,412,7.1254,True,"...rn, jan. 2. white wheat, ils 6d to 12s red wheat, lie 2d to lie 6d; black oats, 5s 10d to 6s scl; white oats, 8s 10d to 9s 23. london produce, jan 2. sugar market steady at la"
sugar,1870,2,705,413,7.1261,True,"latest markets. zicoric corn, jura 25. black eats, 78. london produce, jura 25. sugar market flat, at a reduction of about 6d on last week. coffee atoaly. tea very dull. rice inactive. cotton very dep"
sugar,1870,2,705,414,7.1263,True,"sugar from beetroot. the annual value of the raw sugar made from beetroot in france now, according to the chamber of agriculture journal, exceeds five mill..."
sugar,1870,2,705,415,7.1347,True,"english operatives and the sugar bounties. a conference of workmen engaged in the sugar refining trade was held at the westminster palace hotel on tuesday, to take measures to put a ..."
sugar,1870,2,705,417,7.1392,True,the sugar i) uties. lord derby is seeking to obtain the opinion of the various associations concerned as to which of several courses regarding the sugar questi...
sugar,1870,2,705,418,7.1396,True,sugar duty. mr. crawford asked the chancellor of the exchequer what steps he proposed to take with reference to applica- tions made for an allowance of dra...
sugar,1870,2,705,420,7.1435,True,the french sugar bounties pari43. tuesday.—m. leon say received to-day a dt•putation of british working men connected with the sugar interests that are injured by the...
sugar,1870,2,705,421,7.1462,True,"wednesday. tit err at the ducxs.—thomas parry, an idler about the docks, was charged on suspicion with stealing 141 b. of sugar from the nelson dock-quay on saturday afternoon. the magistrate sentence"
sugar,1870,2,705,422,7.1476,True,"w h 01 e 22, dudley bent moat reeve wednesbury 11.1.1 bop, by entrict at goias to merit 3 mg a large sto. give custamen sugar duty. ci loze on the premises. mi:erscr cigaii-11 0 i.: 0 a lar4e and well"
sugar,1870,2,705,423,7.1536,True,"...e levelling action, as regards retail trades, of the co-operative stores, as well as by the recent reductions in the tea, and by the abolition of the sugar duties, the trade of g"
sugar,1870,2,705,425,7.1552,True,"...nd suicide. mr. humphreys has held an inquest in london touching the death of anthony scott, aged if 7 years, a labourer, employed at mr. martinean's sugar works, who destroyed his his af"
sugar,1870,2,705,426,7.1579,True,why loaf sugar is so cheap. (from the daily news.) of the thousands of british householders who rejoice in the low price of sugar are there many who have inquired i...
sugar,1870,2,705,427,7.16,True,"sugars i. .l'er lb. good moist sugar cryst sugar lump raisins. best valencias, 4d. and sd. per lb. soaps. he is supplied with this indispensable' article o..."
sugar,1870,2,705,429,7.1627,True,"lamb d. to d. per lb. liverpool, wednesdat.—sugar • there is no change in the market, and the only sale to report is in brazil: 3,210 bags nazareth bahai, at 195. 6d. per cwt., ex quay. coffee: 191, ..."
sugar,1870,2,705,430,7.1674,True,"the sugar duties. the produce markets review says the halving of the sugar duties has given universal satisfaction, and every one feels that mr. lowe has made ..."
sugar,1870,2,705,431,7.1697,True,"(speclkl teltgraiii) at bilston, yesterday, james king, beerhouse- keeper, was charged with having used sugar in brewing without a licence, and also with having brewed -without notifying it on the exc"
sugar,1870,2,705,433,7.1761,True,"... flour tuddings with fewer eggs, and pasty with less butter. • recommended by the faculty as a preventive of i i\di- gestion, and (not destroying the sugar in "
sugar,1870,2,705,435,7.18,True,sugar duty. mr. crawford asked the chancellor of the exchequer what steps he proposed to take with reference to applica- tions made for an allowance of dra...
sugar,1870,2,705,437,7.1938,True,"english operatives and the sugar bounties, at a conference of sugar operatives in lowioii, on tuesday, mr. samuel morley presiding, resolu- tions were passed declaring that the forei..."
sugar,1870,2,705,438,7.2026,True,"...flour k udctiags with fewer eggs, and pasty with less butter. recommended by the faculty as a ivicstigntive of indi. gration, and (not destroying the sugar in the flour"
sugar,1870,2,705,439,7.2081,True,"great fire at gre4nock. the warehouse of a sugar refinery at greenock, owned by messrs. blair and co., took fire on tuesday. the damage to the stock is °etiolated at over el '25 51 the injury to the..."
sugar,1870,2,705,440,7.2151,True,"varieties—original aitb sciecteb. an observing men hg discovered a similarity between a young ladies' seminary and a sugar factory, as both refine what is already sweet. a wrrmess, in deseribing certa"
sugar,1870,2,705,441,7.2169,True,"licensing bill. in answer to sir wilfrid lawson, the hone secretary named mon lay week as the day for the introduction of the leer sing bill. sugar. dijty. the chancellir of tete exchequer. stated tha"
sugar,1870,2,705,442,7.223,True,"...ut yeast, flour puddings with fewer eggs, and pastry with less butter. recommended by the faculty as a preventive of gestion, and (not destroying the sugar in the flour) as rende"
sugar,1870,2,705,443,7.2267,True,"the select committee on tag siigaii trade. -- a select committee to oonsider industries vat on thursday week, mr. ritchie presiding. mr. marlineaa, a sugar refiner, gave evklenet, and ttaind that niue"
sugar,1870,2,705,445,7.2375,True,"the sugar convention. the a thsterda :hsche coerarst is informed front paris that a oorreepond.ace is being exchanged between the english, french, and belgian ..."
sugar,1870,2,705,446,7.2411,True,why loaf sugar is so cheap. (from the daily news.) of the thousands of british householders who rejoice in the low price of sugar are there many who have inquired i...
sugar,1870,2,705,448,7.2559,True,"...ution which the chancellor of the exchequer submitted to the house of commons, when in committee of ways and means on monday night, re. ferred to the sugar "
sugar,1870,2,705,450,7.2664,True,"to 001fiunims of 81.70a1l finizzl'ii rim crystal sugar is rest for prizirying. yinzilli puss crystal sugar b.4n5 made satlnsly from the einem gime, le therefore beet for pmirtag and who. fled f""e ..d "
sugar,1870,2,705,451,7.273,True,"produce. altb/ncham, i uesda.y.—at this market eggs were 8 to 10 for is., and butter is. 9d. per lb. liverpool, tuesday. sugar with a good demand there is a large business reported, at very steady pri"
sugar,1870,2,705,452,7.2737,True,"...aliterman's ""very best"" • condensed mllk.—prepared in the richest agricultural district in the world, by the con- centration of pure milk and refined sugar crystals. more economic"
sugar,1870,2,705,453,7.276,True,"the ba wr 0 w bonded store company are now selling the best aukralian flour, at 2s. 7d. per st. capital ]""at is. 6d. per lb. splendid sugar at 2(1 per lb. rattling cheese at gd. per lb. splendid soap "
sugar,1870,2,705,460,7.3133,True,"tiie sugar convention. the alserrdawnehe mutant is informed from paris that a correspondence is being exchanged between the english, french, and belgian governm..."
sugar,1870,2,705,461,7.3314,True,"the select committee on tag siigaii trade. -- a select committee to oonsider industries vat on thursday week, mr. ritchie presiding. mr. marlineaa, a sugar refiner, gave evklenet, and ttaind that niue"
sugar,1870,2,705,462,7.3434,True,"coffee. cassell's coffee, in tins, la 4d, per lb. finest plantation coffee la. 6cl. „ choice east india ditto is. bcl. „ plneet mocha ditto 29. od. „ sugar. good lump sugar 4(1. per lb. raw sugar „ go"
sugar,1870,2,705,465,7.3587,True,the markets. tea has been quiet. in raw and refined sugar business has been limited at about late rates. coffee has been quiet on former terms. 'allow quiet forty-five ninepence. spot linseed and rape
sugar,1870,2,705,467,7.3704,True,"to-day's mark ets, cork corn, mai 25.—81a43k oats, os od to 9s od""; tawney, 9s; white, os od to 9s 6d. london produce, lifer 25. sugar firm. refined quiet, but prices well supported. coffee quiet. coc"
sugar,1870,2,705,468,7.3729,True,"_general markets. london producr hl•rest.—sugar market continues dull and inactive. coffee steady. tea quiet. rice unaltered. saltpetre: little doing. cotton steady. jute dull. tallow, about 60s. a..."
sugar,1870,2,705,470,7.379,True,"colonial and foreign produce. london, friday.-sugar the market remains firm, and prices continued in an improved direction demerara crystalised 355. to 38s. 6d. dulloah date bengal, common and very lo"
sugar,1870,2,705,473,7.391,True,"the markets. the produce markets are very quiet. tea is dull, but without change, and the inquiry for both raw and refined sugar has been only to a moderate extent. coffee is steady; linseed oil, quie"
sugar,1870,2,705,475,7.3964,True,"...east, flour puddings with fewer eggs, and pastry with less butter. recommended by the faculty as a pri.7entive of r gestiodi, and (not destroying the sugar in the flour) as r"
sugar,1870,2,705,477,7.4031,True,"to consuiliis or 81.10 ail ffl ine el's new crystal sugar is brit pon preserving. piszkls pure crystal sugar bsénmade act= from the flout cur, la therefore best for when twed for thls and other porpod"
sugar,1870,2,705,480,7.4145,True,"...r for tallermays very best condensed milk, prepared in the richest agricultural district in the world, by the concentration of pure milk &lid refined sugar crystals. more economical, who"
sugar,1870,2,705,483,7.4252,True,"great fire at greenock. the warehouse of a sugar refinery at greenock, owned by messrs. blair and 00., took fire on tuesday. the damage to the stock is estimated at over £l2 the injury to the wareho..."
sugar,1870,2,705,487,7.4447,True,"heavy failure. messrs finzel and sons, bristol, who own the largest sugar refinery in the world, but whose trade has been ruined by the french bounty system, have • placed their affairs in the hands o"
sugar,1870,2,705,488,7.4468,True,new source of sugar supply. it is stated that the protracted troubles in cuba are stimulatingthe production of sugars in the ger- ms calientes of mexico. it is but a few...
sugar,1870,2,705,489,7.4495,True,"...' fleur r udauge with fewer eggs, and pasty with less butter. recommended by the faculty asl a pm' ventive of id t. gestion, and (not destroying' the sugar in the flour"
sugar,1870,2,705,490,7.4503,True,"the sugar duty. almost the last of the anti-tax deputations which sir stafford northeote has received is that of a body representing the sugar trade, urging th..."
sugar,1870,2,705,491,7.4505,True,"... business doing in the produee klarkete this work, awl in stone ease. price. have further riacti the detnand for etport to france still continues. in sugar we ha"
sugar,1870,2,705,492,7.4528,True,"...or tallerman's ""very best"" condensed mlll—prepared in the richest agricultural district in the world, by the con- centration of pure milk and refined sugar crystals. more economical, "
sugar,1870,2,705,496,7.4596,True,"...st, flour puddings with fewer eggs, and pastry with less butter. recommended by the faculty as a prevrntive of indi- geszczt, and (not destroying the sugar in the flour) as"
sugar,1870,2,705,498,7.4671,True,"...or tallerman's very best"" nondensed mllk.—prepared in the richest agricultural district in the world, by the con- centration of pure milk and refined sugar crystals. more economical, "
sugar,1870,2,705,499,7.4698,True,"... tallerman's ""very best"" ciondensed mllk.—prepared in the richest agricultural district in the world, by the con- centration of pure milk and refined sugar crystals. more economical"
sugar,1870,2,705,501,7.4842,True,"...arkets. the liverpool cotton market was quiet to-day; sales ten thousand bales. produce markets quiet. tea in limited request, but prices steady. raw sugar firm in improved request, and fine qual"
sugar,1870,2,705,502,7.4906,True,the sugar bounty system. (special telegram.) a special meeting of the bristol chamber of commerce war held yesterday to consider the question of foreign sugar ...
sugar,1870,2,705,504,7.4959,True,"...ic. tee barrow bonded store co., limited. ii ave opened their commodious stores hindpool-road, near the kendal bank, 'where they offer teas, coffees, sugars, and every other arti"
sugar,1870,2,705,505,7.506,True,"produce. a ltrincham tufsday.—at this market erzg's were 10 to 14 forte is.; buttar, s. 6d.. to is. 10c1. per lb. liverpool, trzsinv.--sugar with a fair demand, a good business has been done at steady"
sugar,1870,2,705,506,7.5064,True,"g roceries provisions at wholesale prices. hinton's crown brand} bacon (sides) juu hinton's crown brandl4d & bacon (cut).. ...j 6d hinton's sugar cured! gli hams... i for flavc-ir, mildness, regularit"
sugar,1870,2,705,509,7.518,True,"4f3:11.c. -- agents wanted to sell the barrow iftrald in districts where none are appointed. apply at the herald °face, barrow-in-furness. sugar agency.—wanted, by a clyde house, an efficient agent fo"
sugar,1870,2,705,512,7.5361,True,"...r for tallerman's very best condensed milk) prepared in the richest agricultural district in the world, by the concentration of pure milk and refined sugar crystals. moto economical, who"
sugar,1870,2,705,513,7.5535,True,sugar duty. mr. crawford asked the chancellor of the exchequer what steps he proposed to take with reference to applica- tions made for an allowance of dra...
sugar,1870,2,705,514,7.5539,True,"the sugar duties. the time: understands that the chancellor of the exchequer, recognisiug the disadvantage of the position in which english sugar refiners wnul..."
sugar,1870,2,705,515,7.5542,True,"...er for tallerman's very best condensed ilk, prepared in the richest agricultural district in the world, by the concentration of pure milk and refined sugar crystals. more economical, whol"
sugar,1870,2,705,523,7.58,True,"...embezzlement of £13,000. at the police court, yesterday, before mr. raffles, walter w. robinson was brought up on remand, charged by mr. e. p. parry, sugar broker, of this lo"
sugar,1870,2,705,525,7.5867,True,"markets. cl ""r creme!) sugar.—moderate amount of business done this morning. prices show a fall to :;d. from saturday's prices. the official report say, market less active but go..."
sugar,1870,2,705,526,7.6024,True,beet sugar manufacture in england. the introduction of beet sugar into england and ireland has of late occupied the serious attention of our leading agriculturi...
sugar,1870,2,705,527,7.6167,True,"low prices besides a fair choice of the best makers. sugars, the sugar market is again advancing, but i am able to quote low prices for present use. cheese., cheddars, truckle cheddars, gloucester, am"
sugar,1870,2,705,529,7.62,True,sugar duty. mr. crawford asked the chancellor of the exchequer what steps he proposed to take with reference to applica- tions made for an allowance of dra...
sugar,1870,2,705,530,7.6359,True,"... tallerailn's ""very best"" condensed mllk.—prepared in the richest agricultural district in the world, by the con- centration of pure milk and refined sugar crystals. more economical"
sugar,1870,2,705,533,7.6517,True,"...r for tallerman's very best condensed milk, prepared in the richest agricultural district in the world, by the concentration of pure milk and refined sugar crystals. "
sugar,1870,2,705,534,7.6541,True,the budget. the limes estimates the coming surplus at above three millions. the abolition of the sugar duties it would in truth will adopt it. b 3 muddling away the surplus to no purpose. would surren
sugar,1870,2,705,537,7.6659,True,"the sun, london, tuesday en, e ing june 21, 1870. law and police. shipwrecked sailors in japan. the british and foreign sugar company.—this company has been in compulsory liquidation for a long series"
sugar,1870,2,705,539,7.6742,True,"smith's sugar papers. royal purple, four-pound purple. ditto glazed royal blue and your-pound blue, ate."
sugar,1870,2,705,541,7.6844,True,"...st, flour puddings with fewer eggs, and pasty with less butter. recommended by the faculty as a preventive of 'indi- gestion, and (not destroying the sugar in the flour) as"
sugar,1870,2,705,544,7.6924,True,"...eport, thiirsday.—taiiow is dun. t c, spot, 445. 3d. • june, 445. 6d. last three months, 459. 6d. london produce market, thursday.—the market for raw sugar has been du"
sugar,1870,2,705,545,7.6954,True,"the embezzlement by a clerk at the sankey sugar works. george henry atkinson was brought up on remand from friday, before colonel m`corquodale and mr. houghton, at the newton town hall, on tuesday ..."
sugar,1870,2,705,546,7.7022,True,"the sugar duty. mr. grieve asked mr. chancellor of the exchequer whether, in the event of reducing or altogether removing the duty on sugar, an allowance of th..."
sugar,1870,2,705,547,7.7038,True,"...r tallerma_n's very best condensed milk, prepared in the richest apieultu.ral district in the world, by the concentration of pure milk ...and refined sugar crystals. 'acre econoznica"
sugar,1870,2,705,550,7.7146,True,"...r for tallerman's very best condensed milk/ prepared in the richest agricultural district in the world, by the concentration of pure milk and refined sugar crystals. more economical, who"
sugar,1870,2,705,551,7.7206,True,"...tice! the barrow bonded store co., limited, i'ave opened their commodious stores hindpool-road, near the kendal bank, where they offer teas, coffees, sugars"
sugar,1870,2,705,554,7.7253,True,"...allerman's ""very best"" condenseid, mllk.—prepared in the riched agricultural! distriet in the world, by the con- centration. of pure milk and refined sugar crystals. mork economic"
sugar,1870,2,705,555,7.726,True,"...st, flour puddings with fewer eggs, and pastry with less butter. recommended by the faculty as a preventive of indi- gestion, and (not destroying the sugar in the flour) as"
sugar,1870,2,705,556,7.7394,True,"...r for tallerman's very best condensed milk, prepared in the richest agricultural district in the world, by the concentration of pure milk and refined sugar crystals. more economical, who"
sugar,1870,2,705,557,7.7401,True,"...or tallerman's very best"" condensed mllk.—prepared in the richest agricultural district in the world, by the con- centration of pure milk and refined sugar crystals. more econo"
sugar,1870,2,705,558,7.7418,True,"tallttarg.rt best condensed ma, prepared in the richest agricultural district in the world, by the concentration of pure milk and relined sugar crystals. more economical, wholesome, and nutritious tha"
sugar,1870,2,705,559,7.7419,True,"tiera • ..872. intellhgesnoe. beast failure.—the suspension of moms william mansion llonse a plea for oatmeal. -- anderson and sons, sugar brokers, to say nothiag of experience, liebig, the grad 1 the"
sugar,1870,2,705,560,7.7432,True,"...east, flour fudjings with fewer eggs, and pastry with less butter. recommended by the faculty as a priv. vr.ntive of gestion, and (not destroying the sugar in the flour) as r"
sugar,1870,2,705,561,7.7576,True,"world-vamed tams, jellies and orange mania- *, lade made from fresh fruit and with refined sugar only. blood mixture, (tystic. mark —.blood mixture."") the great blom, purif!er and rertorer. ""dor clean"
sugar,1870,2,705,562,7.7657,True,"fall of a liverpool warehouse, and loss of life. about four on tuesday afternoon a tall chimney attached to the sugar warehouse of messrs. tate and sons, manesty lane, liverpool, which was in course o"
sugar,1870,2,705,563,7.7658,True,"the sugar duty. almost the last of the anti-tax deputations which sir stafford northeote has received is that of a body representing the sugar trade, urging th..."
sugar,1870,2,705,565,7.774,True,"...r for tallerman's very best condensed milk, prepared in the richest agricultural distriet in the world, by the noncentration of pure milk and refined sugar crystal"
sugar,1870,2,705,569,7.7929,True,the sugar duties. an influential deputation of gentlemen con- nected with the anger trade waited upon le chancellor of the exchequer on tuesday. idr. kirkman h...
sugar,1870,2,705,570,7.7982,True,"...ution which the chancellor of the exchequer submitted to the house of commons, when in committee of ways and means on monday night, re. ferred to the sugar "
sugar,1870,2,705,571,7.7993,True,"to 001fiunims of 81.70a1l finizzl'ii rim crystal sugar is rest for prizirying. yinzilli puss crystal sugar b.4n5 made satlnsly from the einem gime, le therefore beet for pmirtag and who. fled f""e ..d "
sugar,1870,2,705,574,7.8244,True,"...st, flour puddings with fewer eggs, and pastry with less butter. recommended by the faculty as a preventive of indi- gestion, and (not destroying the sugar in the flour) as"
sugar,1870,2,705,576,7.8289,True,"english operatives and the sugar bounties, at a conference of sugar operatives in lowioii, on tuesday, mr. samuel morley presiding, resolu- tions were passed declaring that the forei..."
sugar,1870,2,705,584,7.8759,True,...eekeepers. during this month tieekeepons should carefully examine their stocks. if any of them are weak *ay rhould be fed with syrup' made by boiling sugar at the rate of 31b. to a pint of 
sugar,1870,2,705,586,7.8929,True,yesterday's mar etets. clyde crt:sned sugar.—moderate amount of business done this morning. prices show a fall tl 3d. from saturday's prices. the official repo says market less active but good ...
sugar,1870,2,705,588,7.8981,True,"...y.—the journals state that of the new taxes sixty millions will be raised by stamp duties, ninety millions on intoxicating liquors, fifty millions on sugar and cof"
sugar,1870,2,705,589,7.9026,True,sugar bounties. an important meeting of the central executive committee of operative sugar refiners affected by the continental bounty system was held on s...
sugar,1870,2,705,590,7.9043,True,"...ts for provisions, &c., &c. new milk, per quart, imperial measure. soap and salt, each per cwt. dipped candles, per dozen lbs. black tea, per lb. rrw sugar and rice, each per cw"
sugar,1870,2,705,591,7.9057,True,new material for sugar. mankind is always making failures the stepping- stones to success. one of the latest examples is to be found in the manufacture of sugar. the farmer...
sugar,1870,2,705,592,7.9064,True,"the robbery_ of sugar. may aaa mason, a slatternly girl of 15, was brought up on remand charged with stealing some sugar from the shop of mr. james fudge, grocer, on the 2..."
sugar,1870,2,705,593,7.9141,True,"...r tallerman's ""very best"" condensed mllk.—prepared in the richest agricultural district in the world, by the con- centration of pure milk and refined sugar crystals. more economical,"
sugar,1870,2,705,594,7.9146,True,"to baas, omen, awl *um diersons deeirone of contractlyg for the supply of bread (made rn 41b. loaves. at 8... k per loaf, tea at per oz., and sugar at per lb for the aeo of the outdoor poor in the swa"
sugar,1870,2,705,597,7.9455,True,"...t, flour puddings with fewer eggs, and pastry with less butter. recommended by the faculty as a preventive of indic- g""qtion, and (not destroying the sugar in the flour) a"
sugar,1870,2,705,598,7.9467,True,"the sugar trade. with refernice to the depressed state of the sugar trade in the west of england, lord derby, replying to a resolution forwarded to him from a ..."
sugar,1870,2,705,600,7.975,True,"the sugar duty. mr. grieve asked mr. chancellor of the exchequer whether, in the event of reducing or altogether removing the duty on sugar, an allowance of th..."
sugar,1870,2,705,603,8.0031,True,the sugar bounty system. (special telegram.) a special meeting of the bristol chamber of commerce war held yesterday to consider the question of foreign sugar ...
sugar,1870,2,705,604,8.0077,True,"sugar from beetroot. the annual value of the raw sugar made from beetroot in france now, according to the chamber of agriculture journal, exceeds five mill..."
sugar,1870,2,705,605,8.0163,True,the sugar trade. the _daily news monetary correspondent says that the sugar trade believe that unless something is done their interests will be injuriously aff...
sugar,1870,2,705,606,8.029,True,"coffee. cassell's coffee, in tins, la 4d, per lb. finest plantation coffee la. 6cl. „ choice east india ditto is. bcl. „ plneet mocha ditto 29. od. „ sugar. good lump sugar 4(1. per lb. raw sugar „ go"
sugar,1870,2,705,607,8.0439,True,"law and police. the british and foreign sugar company.—this company has been in compulsory liquidation for a king series of years, under the old act of 1848, and its affairs were brought forward ..."
sugar,1870,2,705,608,8.0478,True,sugar in egypt. the khedive is about tilay down a sugar plantation on his daira estates; and is sanguine of being able to raise an annual crop of one milli...
sugar,1870,2,705,609,8.0494,True,"the sugar duties. the time: understands that the chancellor of the exchequer, recognisiug the disadvantage of the position in which english sugar refiners wnul..."
sugar,1870,2,705,611,8.07,True,"produce. liverpool, tursnly. sugar the market is flat, and previous prices are not obtainable, low sorts being particular difficult of sale. coffee: 12 bags rio, at, 868. per ewt being..."
sugar,1870,2,705,612,8.0758,True,"a-cwt. sugar 3d. a-lb. apply personally or by letter to agent-general for queensland, 32, charing cross, london, s.w.; or to a. w. beale, commercial sale rooms, k..."
sugar,1870,2,705,616,8.091,True,sugar bounties. au important meeting of the central executive committee of operative sugar refiners affected by the continental bounty system was held on s...
sugar,1870,2,705,617,8.0997,True,"the budget resolution& the time at which the budget resolutions will take effect ices follow,: -with regard to sugar, the duties charged will be--on and after the 2nd of may, 1870- for candy, brown or"
sugar,1870,2,705,618,8.1008,True,"... at iverley. a poaching affray occurred early on sunday morning on the estate of mr. foley, near steurbridge. som,- men were watching the game on the sugar loaf farm at iverley, when th"
sugar,1870,2,705,620,8.1233,True,"stealing sugar. lewis manahan, a dirty-looking fellow, was charged with stealing 61bs. of sugar, the property of thomas fitzgerald, of aberkenfig. the prosecutor's ..."
sugar,1870,2,705,621,8.1234,True,"...a.llersuic's ""very best"" conde'nsed mllk.—prepared in the richest agricultural district in the world, by the con- centration of pure milk and refined sugar crystali. more economic"
sugar,1870,2,705,622,8.1299,True,"a scene. mr. hunt (bristol) complained, tlrat he had been at great trouble to prepare a paper on the sugar question, and that he sent it in the usual way to the standing orders committee in london, an"
sugar,1870,2,705,623,8.1465,True,"sugar from beetroot. the annual value of the raw sugar made from beetroot in france now, according to the chamber of agriculture journal, exceeds five mill..."
sugar,1870,2,705,626,8.2094,True,"sugar from beetroot. the annual value of the raw sugar made from beetroot in france now, according to the chamber of agriculture journal, exceeds five mill..."
sugar,1870,2,705,627,8.2161,True,"the sugar duties. the time: understands that the chancellor of the exchequer, recognisiug the disadvantage of the position in which english sugar refiners wnul..."
sugar,1870,2,705,628,8.2216,True,"...ekeepers. during this month -i;;;lnspere should carefully eremites their mocks. if any of them are weak they mould be fed with syrup, made by boiling sugar at the rate of 31b. to a plat of"
sugar,1870,2,705,629,8.2223,True,"...al and local. no. viii.—the income tax. the war malt-tax was repealed in 1856, and the war income- tax and coffee duty in 1857, but the war duties on sugar and tea were continued at gra"
sugar,1870,2,705,630,8.226,True,beet sugar manufacture in england. the introduction of beet sugar into england and ireland has of late occupied the serious attention of our leading agriculturi...
sugar,1870,2,705,633,8.238,True,beet sugar manufacture in england. the introduction of beet sugar into england and ireland has of late occupied the serious attention of our leading agriculturi...
sugar,1870,2,705,636,8.2769,True,"london produce market. yesterday. sugar market remains dull and inactive. coffee firm, especially for best qualities. tea, 2,219 packages indian were offered for sale to-day. rice extremely..."
sugar,1870,2,705,638,8.2873,True,"...s. april. during this month -beekeepers should carefully examine their stocks. if any of them are weak they should be fed with syrup, made by boiling sugar at the rate of 3lb. to a "
sugar,1870,2,705,639,8.2934,True,"the liverpool sugar trade. i at the sitting of the select committee of the i house ofloorumons on this subject on monday, evi- dence was given by mr. easton, of the tinn..."
sugar,1870,2,705,640,8.3024,True,sugar bounties. an important meeting of the central executive committee of operative sugar refiners affected by the continental bounty system was held on s...
sugar,1870,2,705,642,8.3238,True,sugar duty. mr. crawford asked the chancellor of the exchequer what steps he proposed to take with reference to applica- tions made for an allowance of dra...
sugar,1870,2,705,643,8.3517,True,"the budget resolution& the time at which the budget resolutions will take effect ices follow,: -with regard to sugar, the duties charged will be--on and after the 2nd of may, 1870- for candy, brown or"
sugar,1870,2,705,644,8.3611,True,beet sugar manufacture in england. the introduction of beet sugar into england and ireland has of late occupied the serious attention of our leading agriculturi...
sugar,1870,2,705,645,8.3765,True,sugar duty. mr. crawford asked the chancellor of the exchequer what steps he proposed to take with reference to applica- tions made for an allowance of dra...
sugar,1870,2,705,647,8.39,True,"the embezzlement by a clerk at the sankey sugar works. george henry atkinson was brought up on remand from friday, before colonel m`corquodale and mr. houghton, at the newton town hall, on tuesday ..."
sugar,1870,2,705,648,8.4035,True,"the sugar trade. with refernice to the depressed state of the sugar trade in the west of england, lord derby, replying to a resolution forwarded to him from a ..."
sugar,1870,2,705,650,8.422,True,"xotal anb gistritt pius. destructive fire at iverley. a serious and destructive fire was discovered at the sugar loaf farm, situate near iverley, on thursday morning. mr. joseph round is the occupier "
sugar,1870,2,705,653,8.4539,True,"wanted wanted, by a london sugar and fruit house, a representa- tive f( r the stockton ground. no one need apply who has not first-class experience and connection. apply by letter, g..."
sugar,1870,2,705,654,8.4564,True,the sugar trade. the _daily news monetary correspondent says that the sugar trade believe that unless something is done their interests will be injuriously aff...
sugar,1870,2,705,656,8.4632,True,"more about adulteration. sugar and spice have a good nursery reputation, and we are not much shocked to learn that a large proportion of the substances advertised as pure cocoa"" is..."
sugar,1870,2,705,659,8.4911,True,"fine new hops, is. per lb. very choice worcester, is. 2d. per lb. strong brewing raw sugar 24d. per lb. bass's ale & guinness's extra stout, (in fine condition), in imperial pints. agent fob w. and a."
sugar,1870,2,705,662,8.5218,True,"more about adulteration. sugar and spice have a good nursery reputation, and we are not much shocked to learn that a large proportion of the substances advertised as pure cocoa"" is..."
sugar,1870,2,705,663,8.533,True,"extraordinary avalanche. ktl-ti""`'""'ater' at the foot of sugar loaf mountain, on the emit side 1 of the hudson, is the handsome summer residence of mrs. wade. the ground on which the mansion stands' i"
sugar,1870,2,705,664,8.5448,True,sugar bounties. an important meeting of the central executive committee of operative sugar refiners affected by the continental bounty system was held on s...
sugar,1870,2,705,665,8.5577,True,sugar bounties. au important meeting of the central executive committee of operative sugar refiners affected by the continental bounty system was held on s...
sugar,1870,2,705,667,8.5965,True,"newton and earlestown, _ embezzlement by and arrest of an earlestown caselier.—on saturday morning geerge h. atkinson, cashier to the sankey sugar company, earlestown, newton- le-willows, suddenly dis"
sugar,1870,2,705,669,8.6392,True,"the sugar trade. with refernice to the depressed state of the sugar trade in the west of england, lord derby, replying to a resolution forwarded to him from a ..."
sugar,1870,2,705,670,8.6484,True,"the budget. the limes estimates the coining surplus at above three millions. the abolition of the sugar duties would surrender over one million, and the balance might be absorbed by a redaction of h. "
sugar,1870,2,705,671,8.6597,True,"eight men injured at glasgow. on tuesday, while eight men were employed placing a sugar roller, weighing live tons, on board the steamer portland, in glasgow harbour, the machinery broke, and the roll"
sugar,1870,2,705,675,8.6969,True,"sugar refinery destroyed by fire. (by the cappielow stigar refinery, situated between port glasgow and greenock, was totally destroyed by fire yesterday mo..."
sugar,1870,2,705,676,8.7016,True,...a revenue return recently issued shows the effect of alterations in taxation in the last seven complete years. notwithstanding the re- duction of the sugar duty in that period a
sugar,1870,2,705,678,8.7374,True,sugar bounties. au important meeting of the central executive committee of operative sugar refiners affected by the continental bounty system was held on s...
sugar,1870,2,705,685,8.8124,True,"the sugar trade. with refernice to the depressed state of the sugar trade in the west of england, lord derby, replying to a resolution forwarded to him from a ..."
sugar,1870,2,705,686,8.8679,True,the gun-tax. two items in mr. lowe's budget—that relating to gun licences and that reducing the sugar duty— have not given the greatest sat sfaction to the agricultural classes. an essex farmer says t
sugar,1870,2,705,692,9.1543,True,"a hard fight for life. -- an inquest was held on saturday by mr. hum- phreys, at the sugar loaf tavern, church-street, mile-end, new town, london, respecting the death of anne hutchinson, aged 39 year"
sugar,1870,2,705,696,9.313,True,"two sailors suffocated. two senora belonging to the french schooner jesse roberts, from havre, discharging sugar at cork,were found dead enivednesday morning in their berths. the crew, consisting of f"
sugar,1870,2,705,698,9.6475,True,"produce. london, tuesday. sugar the market has con- tinued dull, and the transactions have t een on a limited scale, at drooping prices. coffee: the trade continues buoyant, and a g..."
sugar,1870,2,705,700,10.6587,True,"ueneral notices wanted immediately, a good, pushing tra- veller to represent a leading london sugar and fruit house in stockton and neighbour- hood. a respectable young man with some connec- tion pref"
sugar,1870,2,705,701,10.667,True,"ueneral notices wanted immediately, a good, pushing tra- veller to represent a leading london sugar and fruit house in stockton and neighbour- hood. a respectable young man with some connec- tion pref"
sugar,1870,2,705,703,10.908,True,"fatal boiler explosion at over-production and com- liverpool meroial pepression. one of a set of four large boilers at tize sugar refining works of messrs g. jager and co., burlington-street, liverpoo"
