word,decade,cluster,cluster_size,rank_in_cluster,distance_to_centroid,target_word_visible,snippet
coffee,1860,0,683,1,4.4666,True,"...t, wholesale stationer, printer, paper merchant, stc., 7, s/l ver street, stockton-on-tees. avery large and well-selected stock of canisters, scales, coffee boxes, tea mills, coffee mills, "
coffee,1860,0,683,2,4.6045,True,"... t wholesale stationer, printer, paper merchant, sze., 7, silver street, stock ton-oy-tees. avery large and well-selected stock of canisters, scales, coffee boxes, "
coffee,1860,0,683,4,4.6924,True,"...ht, wholesale stationer, printer, paper merchant, &c., 7, silver•i3treet, stochton.on-tees. avery large and well-selected stock of canisters, scales, coffee boxes, tea mills, coffee mills, p"
coffee,1860,0,683,5,4.7192,True,"...itt wholesale stationer, printer, paper merchant, &c., 7, silver-strekr, stochion-on-tebei. avery large and well-selected stock of canisters, scales, coffee boxes, tea mills, coffee mills, patent tr"
coffee,1860,0,683,6,4.7495,True,"...t, wholesale stationer, printer, paper merchant, ac., 7, silver street, stock7v2v-02v-tees. avery large and well-selected stock of canisters, scales, coffee boxes, tea mills, coffee mills, "
coffee,1860,0,683,7,4.7501,True,"...t, whole•;ale ""i'ationer, printer, paper merchant, &c., 7, silver street, stocetos-ar-tees. avery large and well•aeleeted stock of canisters, scales, coffee boxes, tea mills, coffee mills, "
coffee,1860,0,683,17,4.8271,True,"...ght, wholesale stationer, printer, paper merchant, &0., 7, silver-street, stockton•on-tees. avery large and well-selected stock of canisters, scales, coffee boxes tea mils, coffee mills, pate"
coffee,1860,0,683,19,4.8408,True,"..., wholes'ale stationer, printer, paper merchant, ace., 7, smver street, stockton-on-tees. a. very large and well-selected stock of canisters, scales, coffee boxes, tea mi"
coffee,1860,0,683,20,4.8596,True,"...ight, wholesale stationer, printer paper merchant, &c, 7, .silver street, stockton•on-tees. avery large and well-selected stock of canisters, scales, coffee boxes, tea mu., coffee mills, paten"
coffee,1860,0,683,22,4.8653,True,"...ht, wholesale stationer, printer, paper merchant, 4tc.. 7, silyer•stazzt, stockton.on.tezb. avery large and well-selected stock of canisters, scales, coffee boxes, tea mille, coffee mitis, "
coffee,1860,0,683,23,4.8865,True,"...ght, wholesale stationer, printer, paper merchant, &c., 7, silver street, stockton-on-tees. avery large and well-selected stock of canisters, scales, coffee boxes, tea mills, coffee mills, pa"
coffee,1860,0,683,24,4.8865,True,"...r.g. tile jewellery stock, is continually supplied with goods of the newest cjioicest designs, and in the greatest variety. silver and plated tea and coffee ser"
coffee,1860,0,683,25,4.8868,True,"...sburg. the jewellery stock, 15 continvally supplied with goods of the neweea choicest designs, and in the greatest variety. silver and plated tea and coffee services, d"
coffee,1860,0,683,26,4.9067,True,"...ight, wholesale stationer, printer, paper merchant, &c., 7, silver street, stocktox-on-tees. very large and well-selected stock of canisters, scales, coffee box"
coffee,1860,0,683,27,4.9256,True,"...t, wholesale stationer, printer, paper merchant, stc., 7, s/l ver street, stockton-on-tees. avery large and well-selected stock of canisters, scales, coffee boxes, tea mills, coffee mills, "
coffee,1860,0,683,32,4.9668,True,"...ight, wholesale stationer, printer paper merchant, &c, 7, .silver street, stockton•on-tees. avery large and well-selected stock of canisters, scales, coffee boxes, tea mu., coffee mills, paten"
coffee,1860,0,683,33,4.969,True,"...urg. the jewellery stock, is continually supplied wits goods -of thk newest choicest designs, m:ic in the greatest variety. silver and plated tea and coffee service"
coffee,1860,0,683,36,4.9849,True,"...ght, wholesale stationer, printer, paper merchant, &c., 7, silver street, stockton-on-tees. avery large and well-selected stock of canisters, scales, coffee boxes, tea mills, coffee mills, pa"
coffee,1860,0,683,37,4.9974,True,"...ght, wholesale stationer, printer, paper merchant, &c., 7, silver-street, stockton-on-teem. avery large and well-selected stock ol canistera, scales, coffee boxes, tea mi a, c,uree milts, pat"
coffee,1860,0,683,42,5.0168,True,"...sburg. the jewellery stock, is continually supplied with goods op the newest choicest designs, and in the greatest variety. silver and plated tea and coffee"
coffee,1860,0,683,45,5.0294,True,"... t wholesale stationer, printer, paper merchant, sze., 7, silver street, stock ton-oy-tees. avery large and well-selected stock of canisters, scales, coffee boxes, "
coffee,1860,0,683,48,5.044,True,"...ight, wholesale stationer, printer, paper merchant, u., 7, silver-street, stockton.on-tees. avery large and well-selected stock of canisters, scales, coffee boxes tea mills, coffee mills, pate"
coffee,1860,0,683,51,5.0558,True,"...nalysburg. jewellery stock, is continually supplied with goods of the newest choicest designs, and in the greatest variety. silver and plated tea and coffee services,"
coffee,1860,0,683,52,5.0577,True,"...sburg. the jewellery stock, is continually supplied with goods of the newest choicest designs, and in the greatest variety. silver and plated tea and coffee serv"
coffee,1860,0,683,54,5.0723,True,"wholesale stationer, printer, paper „ merchant, dm. 7, silver-strest, stockton-on-tees. avery large and well-selected stock of canisters, scales, coffee boxes, tea mills, ciitfee mills, patent treacle"
coffee,1860,0,683,56,5.0748,True,"...burg. the jewellery stock, is continually supplied with goods of the newest ciioicest designs, and in the greatest variety. silver and plated tea and coffee servic"
coffee,1860,0,683,57,5.0819,True,"...ght, wholesale stationer, printer, paper merchant, kc., 7, silver street, s7uckton-on-tees. avery large and well.aelected stock of canisters, scales, coffee boxes, tea m"
coffee,1860,0,683,58,5.0844,True,"...ght, wholesale stationer, printer, paper merchant, ke., 7, silver street, stockton-on-tees. alvery lame and well-selected stock of canisters, scales, coffee boxes, tea mills, "
coffee,1860,0,683,64,5.1281,True,"...sburg. the jewellery stock, is continually supplied with goods of the newest choicest designs, and in the greatest variety. silver and plated tea and coffee servic"
coffee,1860,0,683,66,5.1415,True,"...usburg the jewellery stock, is continually supplied with goods of the newest choicest designs, and in the greatest variety. silver and plated tea and coffee services, dessert stands (diner sla r"
coffee,1860,0,683,67,5.1502,True,"..., holesale stationer, printer, paper merchant, ike., 7, silver street, stookto.v-on-tees. a very large and well selected stock of caiiisters, scales, coffee boxes, tea mills, coffee mills,"
coffee,1860,0,683,68,5.1508,True,"...ht, wholesale stationer. printer, paper merciiant, &c., 7, silver-street, stockton-on-tees. avery large and well-selected stock of canisters, scales, coffee boxes, tea alips, coffee mills, p"
coffee,1860,0,683,69,5.1615,True,"wholesale stationer, printer, paper m erchant, &c.. 7, silver-street, stocktopi•on-tees. avery large and well-selected stock of canisters, scales, coffee boxes, tea mills, coffee mills, patent treacle"
coffee,1860,0,683,75,5.1747,True,"...ight, wholesale stationer, printer, paper merchant, &c 7, silver-streict, stockton•on-tres. avery large and well-selected stock of canisters, scales, coffee boxes, tea milts, coffee mills, pat"
coffee,1860,0,683,77,5.1884,True,"...ght, wholesale stationer, printer, paper merchant, &0., 7, silver-street, stockton•on-tees. avery large and well-selected stock of canisters, scales, coffee boxes tea mils, coffee mills, pate"
coffee,1860,0,683,80,5.202,True,"...t, wholesale stationer, printer, paper merchant, ac., 7, silver street, stock7v2v-02v-tees. avery large and well-selected stock of canisters, scales, coffee boxes, tea mills, coffee mills, "
coffee,1860,0,683,82,5.2035,True,"...: tll seivellert stock, is continuman supplief? wan good' of tile -nawhist choicest iiesions; 116 ia ti/e greatest variety. silver and elated tea and coffee s"
coffee,1860,0,683,83,5.2047,True,"... wholesale stationer, printer, paper merchant, aze.., 7, si l ver street, stockton-on-tees. avery large and well-selected stock of canisters, scales, coffee boxes, tea mills, coffee mills"
coffee,1860,0,683,88,5.2167,True,"...ight, wholesale stationer, printer, paper merchant, &c., 7 silver-street, stockton-on-tees, avery large and well-selected stock of canisters, scales, coffee boxes, tea mills, coffee mills, pat"
coffee,1860,0,683,89,5.226,True,"edicts to be bad at the mate prices. s eak to campestels the above, andsingly a relative somber of halves,cheat sm., lt 11e. tea and coffee sets, dub coven endwise, dubs, cruet end nem benne, de., at "
coffee,1860,0,683,90,5.2262,True,"higher tranmere. genuine household furniture, chilnnev glass in gilt frame, bracket timepiece, gilt china tea and coffee service, and effects of a gentleman declining housekeeping. 44essrs. f. and j. "
coffee,1860,0,683,92,5.2329,True,"...ght, wholesale stationer, printer, paper merchant, &c.. 7, silver street, stockton-on-tees. avery large and well-selected stock of canisters, scales, coffee boxes, tea mills,"
coffee,1860,0,683,94,5.2426,True,"...ationer, printer, paper meitchast, v styraa-sraier, stockton-on-tail avery large and srell-seleeted stock of canisters, scales, ooffee boxes tea wv', coffee mills, patent tre"
coffee,1860,0,683,96,5.2502,True,"...ight, wholesale stationer, printer, paper merchant, &c 7, silver-streict, stockton•on-tres. avery large and well-selected stock of canisters, scales, coffee boxes, tea milts, coffee mills, pat"
coffee,1860,0,683,97,5.2534,True,"...ght, wholesale stationer, printer, paper merchant, am., 7, silver street, stockton-on-tees. avery large and well-selected stock of canisters, scales, coffee boxes, tea mills, coffee mills, pa"
coffee,1860,0,683,98,5.2629,True,"...burg. the jewellery stock, is continually supplied with goods of the newest choicest designs, and in the greatest variety. silver and. plated tea and coffee servi"
coffee,1860,0,683,99,5.2687,True,"...itt wholesale stationer, printer, paper merchant, &c., 7, silver-strekr, stochion-on-tebei. avery large and well-selected stock of canisters, scales, coffee boxes, tea mills, coffee mills, patent tr"
coffee,1860,0,683,103,5.2892,True,"strand tea and coffee rooms. j. gash, confectioner, strand, barrow. funerals supplied. h. w. mackereth, wholesale and retail d rug gist, market-place, ttlverston. (ails, p..."
coffee,1860,0,683,108,5.3148,True,"... wholesale stationer, printer, paper merchant, krc., 7, s/l jr/cr street, stookto,v-on-tees. very large and well selected stock of canisters, scales, coffee boxes, tea mills. coffee mills"
coffee,1860,0,683,109,5.3155,True,"...right, wholesale stationer, printer, paper merchant, &c 7, silver•strest, stockton-on-tzei. avery large and well-selected stock of canisters, scales, coffee boxes, tea mill, coffee mills, paten"
coffee,1860,0,683,110,5.3178,True,"eracento-plated sac, comprising tea and coffee pot, cream ewer aad sugar basin elm:mec-plated or nickel silver tea spoons desert spoons and forks tabta ditto ditto london-bionztd tea 'urns oval tr..."
coffee,1860,0,683,113,5.3333,True,"...ght, wholesale stationer, printer, paper merchant, re., 7, silver street, stockton-on-tees. avery large and well-selected stock of canisters, scales, coffee boxes, tea"
coffee,1860,0,683,116,5.3488,True,"...o k e sucessog to f. l. hausb urg. the jewellery stock, ik tozurtriulart stabplird with goods of the newest tx tab greatest silver and plated tea and coffee servil; dessert stands (diner k la "
coffee,1860,0,683,117,5.3654,True,"...ght, wholesale stationer. hunter, per aierch ant, &e., 7, silver street, stockto.v-r ix-tem avery large and well selected stock of canisters, scales, coffee boxes, tea mills, coffee"
coffee,1860,0,683,118,5.373,True,"...burd. the jewellery stock, is continually supplied witii goods of the newest choicest designs, and in the greatest variety. silver and plated tea and coffee servi"
coffee,1860,0,683,119,5.3747,True,"...usburg. the jewellery stock, 5 continually supplied with goods of the newest choicest designs, and in the greatest variety. silver and plated tea and coffee services, d"
coffee,1860,0,683,122,5.3822,True,"...ht, wholesale stationer, printer, paper merchant, re., 7, silver street, sivcktoti-on-tees. avery large and well-selected stock of canisters, scales, coffee boxes, tea mills, coffee mills, p"
coffee,1860,0,683,124,5.4044,True,"...giit., wholesale stationer, printer, paper merchant, ac., i, silver-stray; stockton-on-tail avery large and well-selected stock of canisters, scales, coffee boxes tea mills, coffee mills, pat"
coffee,1860,0,683,125,5.4082,True,"...t, wholesale stationer, printer, paper merchant, sze., 7, silver street, stockton-on-tees. avery large arid well-selected stock of canisters, scales, coffee boxes, tea mills, cof"
coffee,1860,0,683,126,5.4157,True,"...ight, wholesale stationer, printer, paper merchant, &c., 7, silver-smelt, stockton.on-ters. avery large and well-selected stock of canisters, scales, coffee boxes, tea mills, coffee mills, pat"
coffee,1860,0,683,127,5.4165,True,"113 9 61417 3 thally article to be had singly at the same prices. an oak lest to contain the above, and a relative number of knives, and tea and coffee sets, dish covers and cornerdishes, ej._let liqu"
coffee,1860,0,683,128,5.4233,True,"...ght, wholesale stationer, printer, paper merchant, &c., 7, silver-street, stockton-on-tees. avery large and well-selected stock of canisters, scales, coffee boxes tea mills,"
coffee,1860,0,683,129,5.4234,True,"..., holesale stationer, printer, paper merchant, ike., 7, silver street, stookto.v-on-tees. a very large and well selected stock of caiiisters, scales, coffee boxes, tea mills, coffee mills,"
coffee,1860,0,683,130,5.4316,True,"tritann metal as-was our geoid in former daps we will devote. e.etu- sively one window for display of tea. and coffee pots; and tea.and.toddy kettles, urns, t(""'e. •• • ,liegister grates, .fenders, fi"
coffee,1860,0,683,131,5.446,True,"wool, thread, and fibre mats; a choice selection of broad and narrow floor cloths; electro-plated spoons and forks, fish carvers, tea and coffee sets, liquer stands, cruets, &c; hot water dishes and p"
coffee,1860,0,683,134,5.4557,True,"...ight, wholesale stationer, printer, paper merchant, &c., 7 silver-street, stockton-on-tees, avery large and well-selected stock of canisters, scales, coffee boxes, tea mills, coffee mills, pat"
coffee,1860,0,683,139,5.4734,True,"...ight, wholesale stationer, printer, paper merchant, &c., y, silver-511mb; stockton-on-till. avery large and well-selected stock of canisters, scales, coffee boxes tea mil!s, coffee mills, pate"
coffee,1860,0,683,141,5.4922,True,".... wholesale stationer, printer, paper merchant, ltc., 7, silver street, stockton-os-te,es, ivvery large and well-selected stock of canisters, scales, coffee bores, tea mills, coffee mills,"
coffee,1860,0,683,142,5.4961,True,"any article to be had singly at the same prices. an oak ,hest to contain the above, and a relative number of knives c., £2 15s. tea and coffee sets, dish covers and corner dishes: met and liqueur fram"
coffee,1860,0,683,148,5.5061,True,"...burg. the jewellery stock, :s continually supplied with goods of tile newes' choicest designs, and in the greatest variety. silver and plated tea and coffee serv"
coffee,1860,0,683,158,5.5657,True,"...right, wholesale stationer, printer, paper merchant, &c 7, silver•strest, stockton-on-tzei. avery large and well-selected stock of canisters, scales, coffee boxes, tea mill, coffee mills, paten"
coffee,1860,0,683,162,5.5694,True,"...burg. tie jewellery stock, is continually supplied with goods of the newest choicest designs, and in tile greatest variety. silver and plated tea and coffee se"
coffee,1860,0,683,166,5.5803,True,"...t, whole•;ale ""i'ationer, printer, paper merchant, &c., 7, silver street, stocetos-ar-tees. avery large and well•aeleeted stock of canisters, scales, coffee boxes, tea mills, coffee mills, "
coffee,1860,0,683,168,5.5841,True,"... 9 6'1417 3 any article to be had singly at the same prices. an oak chest to contain the above, and a relative number of knives, &c., £2 15s. tea and coffee sets, dish covers an"
coffee,1860,0,683,169,5.5853,True,"...ling tournament, open to all *noland. 14m, 15te, am) 16th instant, oh kr. thomas johnson's orern, stanley, near liverpool. pint prise, silver tea and coffee scalise, vahte c6b id pm."
coffee,1860,0,683,171,5.6065,True,"a great variety or welsh flannels edmund ward's, 41 high-street. stockt 0 n. transfer of business. tea and coffee warehouse. established 1836. g. b. twist 14aving taken the business lately carried on "
coffee,1860,0,683,178,5.657,True,"...ht, wholesale stationer, printer, paper merchant, &c., 7, silver•i3treet, stochton.on-tees. avery large and well-selected stock of canisters, scales, coffee boxes, tea mills, coffee mills, p"
coffee,1860,0,683,179,5.6576,True,"...ight, wholesale stationer, printer, paper merchant, &c., 7, silver street, stocktox-on-tees. very large and well-selected stock of canisters, scales, coffee box"
coffee,1860,0,683,181,5.6618,True,"... 10 0116 4 0 any article to be had singly at the same prices. an oak chest to contain the above, and a relative number of knives, &c., £2lss. tea and coffee sets, dish covers and"
coffee,1860,0,683,184,5.6716,True,"...ght, wholesale stationer, printer, paper merchant, am., 7, silver street, stockton-on-tees. avery large and well-selected stock of canisters, scales, coffee boxes, tea mills, coffee mills, pa"
coffee,1860,0,683,185,5.6796,True,"..., wholes'ale stationer, printer, paper merchant, ace., 7, smver street, stockton-on-tees. a. very large and well-selected stock of canisters, scales, coffee boxes, tea mi"
coffee,1860,0,683,186,5.6929,True,"celebrated cutlery, rodger's fenders and fire irons, coal vase, tea trays, tea and coffee pots, nickel silver spoons and forks, dish-covers, toilet-ware, dixon and son's unrivalled electro-plate and b"
coffee,1860,0,683,189,5.7094,True,"...ight, wholesale stationer, printer, paper merchant, ao., 7, silver-street, stockton-on-teel avery large and well-selected stock of canisters, scales, coffee boxes, tea mills, coffee mine, pate"
coffee,1860,0,683,193,5.7192,True,"... wholesale stationer, printer, paper merchant, aze.., 7, si l ver street, stockton-on-tees. avery large and well-selected stock of canisters, scales, coffee boxes, tea mills, coffee mills"
coffee,1860,0,683,201,5.7554,True,"coffee papers. buff and yellow cap, dexy, royal, and double pot tobacco papers. blue, pink, buff, and white demy grocers' paper bags. rice bags, seed bags, ..."
coffee,1860,0,683,204,5.7727,True,"...contain of knives, &c., £2lss. a second quality of fiddle pattern table spoons and forks x 1 2 per doz. desert... •-• ••• 0 16 tea spoons 010 tea and coffee s"
coffee,1860,0,683,205,5.7812,True,"...ht, wholesale stationer, printer, paper merchant, 4tc.. 7, silyer•stazzt, stockton.on.tezb. avery large and well-selected stock of canisters, scales, coffee boxes, tea mille, coffee mitis, "
coffee,1860,0,683,210,5.812,True,"...ght, wholesale stationer, printer, paper merchant, ke., 7, silver street, stockton-on-tees. alvery lame and well-selected stock of canisters, scales, coffee boxes, tea mills, "
coffee,1860,0,683,211,5.8122,True,"...t, wholesale stationer, printer, paper merchant, &c., 7, silver street, stockto-v-0-v-tees. avery large and well-selected stock of canisters, scales, coffee boxes, tea mills, coffee mills, "
coffee,1860,0,683,212,5.814,True,"in the sllop. shop counter, 71t, by 21t. 2n.; flour bin, coffee mill, tea canisters, pair counter scales, with copper ends window show glasses, nest of oak shop drawers, vinegar and treacle ca.ks, she"
coffee,1860,0,683,216,5.8283,True,"tea papers. white and coloured deity, foolscap, and double crown coffee papers. buff and yellow cap, desty, royal, and double pot tobacco papers. blue, pink, buff, and white demy grocers' paper bags. "
coffee,1860,0,683,217,5.8395,True,"9 19 11 any article to be had singly at the same prices. an oak chest to contain the above, and a relative number of knives, itc., £2 15e. tea and coffee sets, dish covers and corner dishes, cruet and"
coffee,1860,0,683,222,5.8592,True,"...ht, wholesale stationer. printer, paper merciiant, &c., 7, silver-street, stockton-on-tees. avery large and well-selected stock of canisters, scales, coffee boxes, tea alips, coffee mills, p"
coffee,1860,0,683,223,5.8595,True,"coffee papers. buff and yellow cap, deray, royal, and double pot tobacco papers. blue, pink, balt and white dem), grocers' paper bags. rice bags, seed bags,..."
coffee,1860,0,683,224,5.8619,True,"coffee papers. buff and yellow cap, decay, royal, and double pot tobacco papers. blue, pink, buff, and white deiny grocers' paper bags. rice bags, seed bags..."
coffee,1860,0,683,226,5.8645,True,"...0 61 116 4 0 any article to be had singly at the same prices. an oak chest to contain the above, and a relative number of knives, &c., £2lss. tea and coffee sets, dish cove"
coffee,1860,0,683,227,5.8653,True,"...ight, wholesale stationer, printer, paper merchant, u., 7, silver-street, stockton.on-tees. avery large and well-selected stock of canisters, scales, coffee boxes tea mills, coffee mills, pate"
coffee,1860,0,683,228,5.867,True,"...yal white, blue, and chocolate, four-pound white, blue, canary, blue shade, and grey wea papers. white and coloured deiny, foolscap, and double crown coffee papers. buff and yellow cap"
coffee,1860,0,683,229,5.87,True,"coffee papers. buff and yellow cap, delny. royal, and double pot tobacco papers. blue, pink, buff, and white demy grocers' paper bags. rice bags, seed bags,..."
coffee,1860,0,683,230,5.8725,True,"coffee papers. buff and yellow cap, day, royal, and double pot tobacco papers. blue, pink, buff, and white demy grocers' paper bags. rice bags, seed bags, p..."
coffee,1860,0,683,231,5.8736,True,"celebrated cutlery, rodger's fenders and fire irons, coal vase, tea trays, tea and coffee pots, nickel silver spoons and forks, dish-covers, toilet-ware, dixon and son's unrivalled elei goo joiner's a"
coffee,1860,0,683,233,5.882,True,"tobacco papers. blue, pink, buff, and white demy grocers' paper bags. rice bags, seed bags, powder bags, lump sugar bags, moist sugar bags, coffee bags, tea bags, confectioner) bags, biscuit bags, cup"
coffee,1860,0,683,234,5.8939,True,"...ight, wholesale stationer, printer, paper merchant, ao., 7, silver-street, stockton-on-teel avery large and well-selected stock of canisters, scales, coffee boxes, tea mills, coffee mine, pate"
coffee,1860,0,683,237,5.9109,True,"...ed table cutl*ry, every variety of styie and finish. brentnall's electro-plated spoons and forks, best manufacture. brentnall's electro-plate tea and coffee sets, liqueue stands, c"
coffee,1860,0,683,238,5.9117,True,"...t, wholesale stationer, printer, paper merchant, ac., 7, silver street, stiveton-u.v-tees. a_very large and well-selected stock of canisters, scales, coffee boxes' tea mills. coffee mills, "
coffee,1860,0,683,239,5.9144,True,"...ight, wholesale stationer, printer, paper merchant, &c., y, silver-511mb; stockton-on-till. avery large and well-selected stock of canisters, scales, coffee boxes tea mil!s, coffee mills, pate"
coffee,1860,0,683,243,5.9362,True,"...ght, wholesale stationer, printer, paper merchant, kc., 7, silver street, s7uckton-on-tees. avery large and well.aelected stock of canisters, scales, coffee boxes, tea m"
coffee,1860,0,683,244,5.9393,True,"...ight, wholesale stationer, printer, pap= merchant, &c., 7, silver-streit, stockton-on-till a very large and well-selected stock of canisters, scales, coffee boxes. tea mil*, •coffee mills, pat"
coffee,1860,0,683,247,5.9414,True,"...ed table cutlery, every variety of style and finish. brentnall's electro-plated spoons and forks, best manufacture. brentnall's electro-plate tea and coffee sets, liqueur stands, c"
coffee,1860,0,683,250,5.9608,True,"tobacco papers. blue, pink, buff, and white demy grocers' paper bags. rice bags, seed bags, powder bags, lump sugar bags, moist sugar bags, coffee bags, tea bags, confectionery bags, biscuit bags, cup"
coffee,1860,0,683,252,5.9665,True,"tobacco papers. blue, pink, buff, and white demy grocers' paper bags. rice bags, seed bags, powder bags, lamp sugar bags, moist sugar bags, coffee bags, tea bags, confectionery bags, biscuit bags, cup"
coffee,1860,0,683,256,5.9777,True,"...ed table cutlery, every variety of style and finish. brentnall's klectro-plated spoons and forks, best manufacture. brentnall's electro-plate tea and coffee sets, liqueub stands, cr"
coffee,1860,0,683,257,5.9805,True,"coffee papers. buff and yellow cap, deny, roya, and double pot tobacco papers. blue, pink, buff, and white demy grocers' paper bags. rice bags, seed bags, p..."
coffee,1860,0,683,261,5.9959,True,"...rinter. paper ni erchant, ac., 7, silver•street, stocieton•on-tees. avery large and welkselected stock of canisters, scales, cotrek boxes, tea mil,a, coffee mills, "
coffee,1860,0,683,263,6.0003,True,"...g, the jewellery .sto,ck, is continually supplied with 'goods of, the newest choicest designs, and in the greatest variety. silver and plated tea and coffee s"
coffee,1860,0,683,264,6.0006,True,"...ed table cutlery, every variety of style and finish. brentnall's electro-plated spoons and forks, best manufacture. brentnall's electro-plate tea and coffee sets, liqueur stands, c"
coffee,1860,0,683,265,6.0012,True,"coffee papers. buff and yellow cap, newly, royal, and double pot tobacco papers. blue, pink, bnff, and white demy grocers' paper bags. rice bags, seed bags,..."
coffee,1860,0,683,268,6.0061,True,"tobacco papers. blue, pink, bat and white dem), grocers' paper bags. rice bags, seed bags, powder bags, lump sugar bags, moist sugar bags; coffee bags, tea bags, confectionery bags, biscuit bags, cup "
coffee,1860,0,683,271,6.0134,True,"tobacco pap e 1:13. blue, pink, buff, and white demy grocers' paper bags. rice bags, seed bags, powder bags, lump sugar bags, moist sugar begs, coffee bags, tea begs, confectionery bags, biscuit bats,"
coffee,1860,0,683,272,6.0148,True,"...3 10 314 19 any article to be had singly at the same prices. an oak chest to contain the above, and a relative number of knives, &c., £2 15s. tea and coffee sets, dish covers and corner dishes, crue"
coffee,1860,0,683,273,6.0266,True,"wholesale stationer, printer, paper m erchant, &c.. 7, silver-street, stocktopi•on-tees. avery large and well-selected stock of canisters, scales, coffee boxes, tea mills, coffee mills, patent treacle"
coffee,1860,0,683,274,6.0354,True,"tobacco papers. blue, pink, daff, and white demy grocers paper bags. rice bags, seed bags, powder bags, lump swat bags, moist sugar bags, coffee bags, tea bags, confectionery bags, biscuit bags, cup b"
coffee,1860,0,683,276,6.0426,True,"britannia metal. as was our wont in former days we will devote exclu- sively one window for display of tea and coffee pots, • and tea and toddy kettles, urns, &c. register grates, fenders, fire irons,"
coffee,1860,0,683,279,6.0659,True,"...l white, blue, and chocolate. four-pound white, blue, canary, blue allude, and grey tea papers. white and coloured detr,y, foolscap, and double crown coffee papers. bull and yellow c"
coffee,1860,0,683,281,6.086,True,"dorset dining noons. a ll penons visiting southampton l-1 (either on business or pleasure) rhould also vi it the dorset dinner, tea, and coffee roore at 2, upper rut-street, 2 doors below au saints' c"
coffee,1860,0,683,283,6.0877,True,"tobacco papers. blue, pink, buff, and white demy grocers' paper bags. rice bags, seed bags, powder bags, lamp sugar bags, moist sugar bags, coffee bags, tea bags, confectionery bags, biscuit bags, cup"
coffee,1860,0,683,288,6.1018,True,"grocers' paper bags. rice bags, seed bags, powder bags, lump sugar bags, moist sugar bags, coffee bags, tea bags, confectionery bags, biscuit bags, cup bags, brown flour bags, tin- foil bags, glazed d"
coffee,1860,0,683,291,6.1136,True,"...entations. to hip editor of ,the central glamordan gazette. it is now a matter of certainty that the presentation of an electro-plated silver tea and coffee service, of the value of three guineas "
coffee,1860,0,683,296,6.143,True,"successor to l. 7iausburg. the jewellery stock, choicest designs, and ix the greatest variety. silver and plated tea and coffee services dessert stands (diner a la russe), centre pieces, flower vases,"
coffee,1860,0,683,297,6.1491,True,"...ed table cutlery, every variety of style and finish. brentnall's electro-plated spoons and forks, best manufacture. brentnall's electro-plate tea and coffee sets, li"
coffee,1860,0,683,300,6.1677,True,"coffee papers. buff and yellow cap, lle,ay, royal, and double pot tobacco papers. blue, pink, buff, and white demy grocers' paper bags. rice bags, seed bags..."
coffee,1860,0,683,304,6.1947,True,"wool, thread, and fibre mats; a choice selection of broad and narrow floor cloths; electro-plated spoons and forks, fish carvers, tea and coffee sets, liquer stands, cruets, &c; hot water dishes and p"
coffee,1860,0,683,306,6.2022,True,"local intelligence. pneserrion:-1--there is new on view at'mr. john f. quick's, masonic jeweller, 7, parker-street, a hand- some solid tea and coffee service of the etruscan pattern, engraved as follo"
coffee,1860,0,683,313,6.2191,True,"swansea. testimonial to a colliery manager.—on wednesday, a presentation was made of a highly chase& silver tea and coffee service and salver to edward rice daniel, esq. (the respected managing partne"
coffee,1860,0,683,314,6.2224,True,"tobacco papers. blue, pink, buff, and white demy grocers' paper bags. rice bags, seed bags, powder bags, lump sugar bags, moist sugar bags, coffee bags, tea bags, confectionery bags, biscuit bags, cup"
coffee,1860,0,683,315,6.2308,True,"... 61 116 4 0 any article to be had singly at the same prices. an oak chest to contain the above, and a relative number of knives, &c., £2 15s. tea and coffee sets, dish co"
coffee,1860,0,683,317,6.2545,True,"any article to be had singly at the same prices. an oak chest to contain the above, and a relative number of knives, &c., £2 15s. tea and coffee sets, dish covers and corner dishes, cruet and liqueur "
coffee,1860,0,683,321,6.2689,True,"just arrived a great variety of welsh flannels edmund ward's, 41 high-street. stockton. transfer of business. tea and coffee warehouse. established 1835. g. b. twist having taken the business lately c"
coffee,1860,0,683,323,6.3236,True,"33, williamson-street. to coffee-roasters, grocers, tea and coffee dealers, and the trade in general.—tenant's in- terest in the plant (as it now stands in working order) of that old..."
coffee,1860,0,683,325,6.3258,True,"tobacco papers. blue, pink, buff, and white demy grocers paper bags. rice bags, seed bags, powder bags, lump sugar bags, moist sugar bags, coffee bags, tea bags, confectionery bags, biscuit bags, cup "
coffee,1860,0,683,326,6.331,True,"wren & ca, tea and coffee merchants, 25, high street. teas of the finest quality; fine fit flavoured assam congou tea, 4s per pound: mocha and other coffees; huntley & palmer'..."
coffee,1860,0,683,329,6.3474,True,"...t, wholesale stationer, printer, paper merchant, &c., 7, silver street, stockto-v-0-v-tees. avery large and well-selected stock of canisters, scales, coffee boxes, tea mills, coffee mills, "
coffee,1860,0,683,330,6.3516,True,"neatii. worthy of imitation.—of late we often hear of public testimonials, but we have now before us a very elegant silver tea and coffee pot, presented in private as an acknowledgment in trade from m"
coffee,1860,0,683,335,6.3916,True,"...celebrated table cutlery, every variety of ee and finish. brentnall's electro-plated spoons and forks, best man=re. brentnall's electro-plate tea and coffee sets, liqu stan"
coffee,1860,0,683,339,6.4197,True,"coffee papers. buff and yellow cap, dewy, royal, and double pot tobacco papers. blue, pink, buff, and white demy grocers' paper bags. rice bags, seed bags, ..."
coffee,1860,0,683,341,6.4377,True,"...celebrated table cutlery, every variety of ee and finish. brentnall's electro-plated spoons and forks, best man=re. brentnall's electro-plate tea and coffee sets, liqu stan"
coffee,1860,0,683,342,6.4514,True,"tobacco papers. blue, pink, buff, and white dewy grocers' paper bags. rice bags, seed bags, powder bags, lump sugar bags, moist sugar bags, coffee bags, tea bags. confectionery bags, biscuit baca, cup"
coffee,1860,0,683,343,6.4533,True,".... wholesale stationer, printer, paper merchant, ltc., 7, silver street, stockton-os-te,es, ivvery large and well-selected stock of canisters, scales, coffee bores, tea mills, coffee mills,"
coffee,1860,0,683,346,6.4701,True,"coffee papers. buff and yellow cap, dexy, royal, and double pot tobacco papers. blue, pink, buff, and white demy grocers' paper bags. rice bags, seed bags, ..."
coffee,1860,0,683,349,6.4939,True,"...r of the central olamorgan gazarrz. sir, _ i reas a paragraph in your journal last week of the presentation of a chaste electro-plated silver tea and coffee service by the m"
coffee,1860,0,683,350,6.4971,True,"tobacco papers. blue, pink, buff, and white demy grocers' paper bags. rice bags, seed bags, powder bags, lump sugar bags, moist sugar bags, coffee bags, tea bags, confectionery bags, biscuit bags, cup"
coffee,1860,0,683,353,6.5088,True,"... wholesale stationer, printer, paper merchant, krc., 7, s/l jr/cr street, stookto,v-on-tees. very large and well selected stock of canisters, scales, coffee boxes, tea mills. coffee mills"
coffee,1860,0,683,354,6.51,True,"...t, wholesale stationer, printer, paper merchant, ac., 7, silver street, stiveton-u.v-tees. a_very large and well-selected stock of canisters, scales, coffee boxes' tea mills. coffee mills, "
coffee,1860,0,683,357,6.523,True,"...ght, wholesale stationer, printer, paper merchant, &c.. 7, silver street, stockton-on-tees. avery large and well-selected stock of canisters, scales, coffee boxes, tea mills,"
coffee,1860,0,683,358,6.5266,True,"any article to be had sing chest to contain the above, a &a, £2 15s. tea and coffee si cruet and liqueur frames, kinds of re-plating done by illustrated catalogues se] 39, oxford-street, v street; 4,5"
coffee,1860,0,683,359,6.529,True,"tobacco papers. blue, pink, buff, and white demy grocers' paper bags. rice bags, seed bags, powder bags, lump sugar bags, moist sugar bags, coffee bags, tea bags, confectionery bags. biscuit bags, cup"
coffee,1860,0,683,360,6.5295,True,"coffee papers. buff and yellow cap, deray, royal, and double pot tobacco papers. blue, pink, balt and white dem), grocers' paper bags. rice bags, seed bags,..."
coffee,1860,0,683,364,6.5393,True,china tea and coffee ervices. china dessert services. china breakfast services. china in ever`• description of ornamental and useful articles. table services in stone chi...
coffee,1860,0,683,365,6.544,True,"n.b. during the wm:aim' season the london dinner will he served daily irons two until nine o'clock, and masses in the coffee boom k la carte trout one until tea o'clock. open on sundays at font ',dock"
coffee,1860,0,683,367,6.5565,True,"coffee papers. buff and yellow cap, newly, royal, and double pot tobacco papers. blue, pink, bnff, and white demy grocers' paper bags. rice bags, seed bags,..."
coffee,1860,0,683,369,6.5723,True,"33, williamson-street. to coffee•roasters, grocers, tea and coffee dealers, and the trade in general.—tenant's in- terest in the plant (as it now stands in working order) of that old..."
coffee,1860,0,683,372,6.5948,True,"coffee papers. buff and yellow cap, dewy, royal, and double pot tobacco papers. blue, pink, buff, and white dem), grocers' paper bags. rice bags. seed bags...."
coffee,1860,0,683,373,6.5985,True,"... jones's announcements. ken fig hill, near pyle. to parties furnishing, grocers, and others. sale of valuable household furniture, smits and weights, coffee and other mills, canisters, sack "
coffee,1860,0,683,375,6.6096,True,"...ght, wholesale stationer. hunter, per aierch ant, &e., 7, silver street, stockto.v-r ix-tem avery large and well selected stock of canisters, scales, coffee boxes, tea mills, coffee"
coffee,1860,0,683,376,6.6168,True,china tea and coffee china desf4trt services. ci ina 13rrakvast services. faina in evotv dtbcriptioti of ornamental and useful articles. able fit rvfekis in atone ettlgas...
coffee,1860,0,683,377,6.6173,True,"...ght, wholesale stationer, printer, paper merchant, re., 7, silver street, stockton-on-tees. avery large and well-selected stock of canisters, scales, coffee boxes, tea"
coffee,1860,0,683,379,6.6203,True,"tobacco papers. blue, pink, buff, and white demy grocers' paper bags. rice bags, seed bags, powder bags, lump sugar bags, moist sugar bags, coffee bags, tea bags, confectionery rags, biscuit bags, cup"
coffee,1860,0,683,380,6.6228,True,"...ed table cutlery, every variety of style and finish. brentnall's electro-plated spoons and forks, best manufacture. brentnall's electro•plate tea and coffee sets, l"
coffee,1860,0,683,382,6.6301,True,"...ht, wholesale stationer, printer, paper merchant, re., 7, silver street, sivcktoti-on-tees. avery large and well-selected stock of canisters, scales, coffee boxes, tea mills, coffee mills, p"
coffee,1860,0,683,383,6.6302,True,"coffee papers. buff and yellow cap, day, royal, and double pot tobacco papers. blue, pink, buff, and white demy grocers' paper bags. rice bags, seed bags, p..."
coffee,1860,0,683,385,6.6313,True,"coffee papers. buff and yellow cap, decay, royal, and double pot tobacco papers. blue, pink, buff, and white deiny grocers' paper bags. rice bags, seed bags..."
coffee,1860,0,683,387,6.6473,True,"tobacco papers. blue, pink, buff, and white demy grocers' paper bags. rice bags, seed bags, powder bags, lump sugar bags, moist sugar bags, coffee bags, tea bags, confectionery bags, biscuit bags, cup"
coffee,1860,0,683,389,6.6533,True,"coffee papers. buff and yellow cap, delny. royal, and double pot tobacco papers. blue, pink, buff, and white demy grocers' paper bags. rice bags, seed bags,..."
coffee,1860,0,683,390,6.6675,True,"...ight, wholesale stationer, printer, paper merchant, &c., 7, silver-smelt, stockton.on-ters. avery large and well-selected stock of canisters, scales, coffee boxes, tea mills, coffee mills, pat"
coffee,1860,0,683,391,6.6706,True,"vitrzn & co., tea and coffee merchants, 25, high street. teas of the finest quality; fine full flavoured assam congou tea, as per pound; mocha and other coffees; iluntley & palme..."
coffee,1860,0,683,392,6.6733,True,"tobacco papers. blue, pink, buff, and white demy grocers' pa.per bags. rice bags, seed bags, powder bags, lump sugar bags, moist sugar bags, coffee bags, tea bags, confectionery bags, biscuit bags, cu"
coffee,1860,0,683,393,6.6831,True,"public notice. john oakley, tea. and coffee merchant, no. 2, st. james's-place, -legs to announce to his numerous friends and the public in general, that be intends closing his establishment on..."
coffee,1860,0,683,394,6.6896,True,"...giit., wholesale stationer, printer, paper merchant, ac., i, silver-stray; stockton-on-tail avery large and well-selected stock of canisters, scales, coffee boxes tea mills, coffee mills, pat"
coffee,1860,0,683,395,6.6949,True,"groceries. lump and soft sugar, teas, soap, cigars, tobacco, rice, soda, oils, vinegar, currants' treacle, mustard, starch, soda, coffee, pickles, preserves, baking powders, blacking, spanish, biscuit"
coffee,1860,0,683,396,6.7018,True,"coffee papers. buff and yellow cap, deny, roya, and double pot tobacco papers. blue, pink, buff, and white demy grocers' paper bags. rice bags, seed bags, p..."
coffee,1860,0,683,400,6.7462,True,"...ght, wholesale stationer, printer, paper merchant, &c., 7, silver-street, stockton-on-tees. avery large and well-selected stock of canisters, scales, coffee boxes tea mills,"
coffee,1860,0,683,402,6.7785,True,"strand tea and coffee rooms. j. gash, c onfectioner strand, barrow. funerals supplied. james walioer, slater & plasterer, ramsden-street, barrow. cionteacts and all kinds ..."
coffee,1860,0,683,406,6.7944,True,"...t, wholesale stationer, printer, paper merchant, sze., 7, silver street, stockton-on-tees. avery large arid well-selected stock of canisters, scales, coffee boxes, tea mills, cof"
coffee,1860,0,683,407,6.8057,True,"tea papers. white and coloured demy, foolscap, and double crown coffee papers. buff anl yellow cap, dea-.y, royal, and doable pot tobacco papers. blue, pia, buff, anti white demy grocers' paper bags. "
coffee,1860,0,683,408,6.8212,True,"tea papers. white and coloured demy, foolscap, and double crown coffee papers. buff and yellow cap, decay, royal, and double pot tobacco papers. blue, pink, buff', and white derny grocers' paper bags."
coffee,1860,0,683,409,6.8216,True,"james mayer, f resh coffee every day. _ david thomson, tea and coffee merchant, 69, buchanan street, glasgow, begs respectfully to intimate to families returning to town, or go..."
coffee,1860,0,683,412,6.8428,True,"...l white, blue, and chocolate. four-pound white, blue, canary, blue allude, and grey tea papers. white and coloured detr,y, foolscap, and double crown coffee papers. bull and yellow c"
coffee,1860,0,683,413,6.8447,True,"tea papers. white and coloured deity, foolscap, and double crown coffee papers. buff and yellow cap, desty, royal, and double pot tobacco papers. blue, pink, buff, and white demy grocers' paper bags. "
coffee,1860,0,683,414,6.8514,True,"...iorpe road. wool, thread, and fibre mats; a choice selection of broad and narrow floor cloths; electro-plated spoons and forks, fish carvers, tea and coffee sets, liquer stands, cruets, &c; h"
coffee,1860,0,683,415,6.8714,True,"...ed table cutlery, every variety of style and finish. brentnall's electro-plated spoons and forks, best manufacture. brentnall's electro•plate tea and coffee sets, l"
coffee,1860,0,683,416,6.872,True,"sat u rd tea and coffee ready at any hour. b e ti x. foreign&french wines. • fine barton and bithr ales, dalin stont,efe. smoke room at the:baek. 11.1). robinson, piioprinto..."
coffee,1860,0,683,417,6.8795,True,"...d table cutlery, every variety of style and finish. brentnall's electro-pta.ted spoons and forks, best manufacture. brentnall's electro-plateitka and coffee sets, liqueur stands, "
coffee,1860,0,683,418,6.8808,True,"...s beta in the independent chapel on wednesday, november 4th, fur the purpose of presenting to the rev. h. sturt, the minister of the place, a tea and coffee ser"
coffee,1860,0,683,420,6.8966,True,"coffee papers. buff and yellow cap, decay, royal, and double pot tobacco papers. blue, pink, buff, and white demy grocers' paper bags. rice bags, seed bags,..."
coffee,1860,0,683,421,6.9075,True,"...d table cutlery, every variety of style and finish. brentnall's electro-pta.ted spoons and forks, best manufacture. brentnall's electro-plateitka and coffee sets, liqueur stands, "
coffee,1860,0,683,422,6.9216,True,"serious fire in finsbury. an extensive fire took place late last night on the factory of messrs. barry and company, the coffee roasters and spice merchants, type-street, chiswell- street, and extendin"
coffee,1860,0,683,425,6.9421,True,"...street. an ungrateful thief.— ann smith was charged with stealing a pair of boots. the prosocutrix stated that last night the prisoner ap- plied at a coffee shop, in the neighbourhood, for a bed,"
coffee,1860,0,683,426,6.9476,True,"tobacco papers. blue, pink, buff, and white demy grocers' paper bags. rice bags, seed bags, powder bags, lump sugar bags, moist sugar bags, coffee bags, tea bags, confectionery bags, biscuit bags, cup"
coffee,1860,0,683,428,6.9579,True,"...ay evening, june 12, 1863. police intelligence—this day. :marlborough-street. a case for the divorce court.—cruelty to a wife.—mr. james wild, of the coffee and news-rooms, leices"
coffee,1860,0,683,429,6.9662,True,"i; _ wren & co, tea and coffee merchants, 25, high street.. teas of the finest quality; fine full flavoured assam congou tea, 4s per pound; mocha and other coffees; huntley & palme..."
coffee,1860,0,683,430,6.9767,True,"coffee papers. buff and yellow cap, lle,ay, royal, and double pot tobacco papers. blue, pink, buff, and white demy grocers' paper bags. rice bags, seed bags..."
coffee,1860,0,683,431,6.9811,True,"tea papers. white and coloured demy, foolscap, and double crown coffee papers. buff and yellow cap, decay, royal, and double pot tobacco papers. blue, pink, buff', and white derny grocers' paper bags."
coffee,1860,0,683,432,6.987,True,"...iorpe road. wool, thread, and fibre mats; a choice selection of broad and narrow floor cloths; electro-plated spoons and forks, fish carvers, tea and coffee sets, liquer stands, cruets, &c; h"
coffee,1860,0,683,433,6.9932,True,"police intelligence—this day. :marlborough-street. a case for the divorce court.— cruelty to a wife.—mr. james wild, of the coffee and news-rooms, leicest' r-square, appeared before mr. knox to answer"
coffee,1860,0,683,435,6.9954,True,"police intelligence—this day. :marlborough-street. a case for the divorce court.— cruelty to a wife.—mr. james wild, of the coffee and news-rooms, leicester-square, appeared before mr. knox to answer "
coffee,1860,0,683,436,7.0088,True,"tea papers. white and coloured demy, foolscap, and double crown coffee papers. buff anl yellow cap, dea-.y, royal, and doable pot tobacco papers. blue, pia, buff, anti white demy grocers' paper bags. "
coffee,1860,0,683,437,7.0161,True,"...ive consignment, direct from the potteries, of patent ironstone and transparent china, dinner services, breakfast services, dessert services, tea and coffee services, "
coffee,1860,0,683,442,7.051,True,"...al white, blue, and chocolate, four-pound white, blue, canary, blue shade, and grey tea papers. white and colour( d deity, foolscap, and double crown coffee papers. buff and yellow ca"
coffee,1860,0,683,444,7.0823,True,"...yal white, blue, and chocolate, four-pound white, blue, canary, blue shade, and grey tea papers. white and coloured detty, foolscap, and double crown coffee papers. buff and yellow cap"
coffee,1860,0,683,446,7.103,True,"...d table cutlery, every variety of style and finish. bren"" 'all's electro-plated spoons and forks, best manufacture. brentnall's electro-plate tea and coffee sets, liqueur stands, "
coffee,1860,0,683,447,7.1036,True,"shocking outrage 35y a youth- __ _i a woman, whose name is grossmith, aged a',out 45, and her husgand keeps a coffee and eating-house at 11, artillery-passage, old artillery-ground, norton fol- gate. "
coffee,1860,0,683,449,7.1218,True,"...yal white, blue, and chocolate, four-pound white, blue, canary, blue shade, and grey wea papers. white and coloured deiny, foolscap, and double crown coffee papers. buff and yellow cap"
coffee,1860,0,683,450,7.1491,True,"coffee papers. buff and yellow cap, dewy, royal, and double pot tobacco papers. blue, pink, buff, and white dem), grocers' paper bags. rice bags. seed bags...."
coffee,1860,0,683,454,7.1849,True,"...yal white, blue, and chocolate. four-pound white, blue, canary, blue shade, and grey tea papers. white and colour.d deity, foolscap, and double crown coffee papers. buff luid yellow ca"
coffee,1860,0,683,455,7.2073,True,"coffee papers. buff and yellow cap, dusty, royal, and double pot"
coffee,1860,0,683,457,7.2129,True,i _mule hydrostatic tea and coffee ics.. piiiiooi4towilow —1 is moo aft mimi om bright. i• • k=eriekess.—j: ovum ml *mt nw. nue is. iverywhe awl. amiosseelik
coffee,1860,0,683,461,7.2471,True,"public notice• torn oakley, tea and coffee merchant, no. 2, st. jameys-mage, legs to announce to his numerous friends and the tublic is general, that be intends closing his establishment on an..."
coffee,1860,0,683,462,7.274,True,"...ed table cutlery, every variety of style and finish. brentnall's electro-plated spoons and forks, best manufacture. brentnall's electro•plate tea and coffee sets, liqueur stands, "
coffee,1860,0,683,463,7.2837,True,"...ed table cutlery, every variety of style and finish. brentnall's electro-plated spoons and forks, best manufacture. brentnall's electro-plate tea and coffee sets, liqueur stands, c"
coffee,1860,0,683,464,7.2898,True,"cz"" print! and grocery out. fittings. sugar cutters fruit dressers tea canisters store canisters coffee boxes show tins wood bowls snuff jars show cards provision scales druggists' „ counter, cheese, "
coffee,1860,0,683,465,7.2996,True,tea and coffee warehouse bablislied 1835. g. b. twist having taken the business lately carried on by h. crosby & co. (of which he has been manager for nearly three ...
coffee,1860,0,683,467,7.3282,True,"public notice. john oakley, tea. and coffee merchant, no. 2, st. james's-place, begs to announce to his numerous friends and the public in ;reward, that he intends closing his establishment on ..."
coffee,1860,0,683,468,7.3359,True,"%min norfolk-square rotel is elm to al and in view of the arrival platform of the great western railway station, parldiogton. ladies' coffee room. hot and cold batim tara; on application. caiition.—th"
coffee,1860,0,683,469,7.3432,True,"...t, dudley, is now oi'es. refrebhments of the bea qualities, nod at mode- rate charges. 110 t joints, fish, poultly, a:c., daily, one o'clock. tea and coffee"
coffee,1860,0,683,472,7.3749,True,tea and coffee china china dessert services. china breakfast services. china in every description of ornamental and useful articles. table services in .stone china....
coffee,1860,0,683,473,7.4374,True,"coffee papers. buff and yellow cap, decay, royal, and double pot tobacco papers. blue, pink, buff, and white demy grocers' paper bags. rice bags, seed bags,..."
coffee,1860,0,683,478,7.5078,True,"...ry day, at 1 and 6 o'clock. n.b. daring tbellskibition beason the london dinner will be served daily trona two until nine o'clock, and dinners in the coffee room i la carte "
coffee,1860,0,683,479,7.5217,True,"coffee papers. buff and yellow cap, deny, royal, and double pet"
coffee,1860,0,683,480,7.5286,True,"...ed table cutlery, every variety of style and finish. brentnall's electro-plated spoons and forks, best manufacture. brentnall's electro-plate tea and coffee sets, liqueur stands, c"
coffee,1860,0,683,481,7.5292,True,...he beehive by becoming either subscribers or shareholders. working men may materially aid the circulation g the paper by asking for it in the various coffee and refreshment houses they are in the hab
coffee,1860,0,683,482,7.5445,True,"large reduction in price. warehouse 3-85, 87, and 89, both well street. mand...otom milbank foundry,b,ent road. the coffee trade. choice old mocha, jamaica plantation, and neillgery coffees. d a v id "
coffee,1860,0,683,483,7.5522,True,"caution to coffee -drinkers. v vhite, fairchild, and company's paten i' concentrated coffees are known throughout the three kingdoms se the best and the cheapest prepa..."
coffee,1860,0,683,484,7.5576,True,china tea and coffee china dessert services. china breakfast services. china in every description of ornamental and useful articles. table services in stone china. table ...
coffee,1860,0,683,486,7.5581,True,"...ed table cutlery, every variety of style and finish. brentnall's electro-plated spoons and forks, best manufacture. brentnall's electro-plate tea and coffee sets, liqueur stands, c"
coffee,1860,0,683,488,7.5644,True,"t _mil's hydrostatic tea and coffee moolatoil-1 to imam tom woos sad is a loom& goma swim. win boa iron fa. zoom, proopoetas trae—j • colla wog. comoliatrost. lc."
coffee,1860,0,683,490,7.5768,True,"...d table cutlery, every variety of style and finish. bren"" 'all's electro-plated spoons and forks, best manufacture. brentnall's electro-plate tea and coffee sets, liqueur stands, "
coffee,1860,0,683,493,7.5872,True,"iausages glliared:bra.vm, &c. good soup at ltd. per pint. tea and coffee at any hour of the day. gold and silver watches, clocks, jewellery, &c. • ir firbt-class make, and at .;ile lowest prices, at j"
coffee,1860,0,683,497,7.5987,True,".01szl's hydrostatic tea and coffee plicolatith —i to 100.0u0 rape, strew ina bright, is • meeseel greet saving et,ooo ..id frye ea. everywhere. ruspeeteseset welk wet. r eleereetreet. ..."
coffee,1860,0,683,499,7.6057,True,"itip bridge observer. xocal ant( istrict yestival.—a festival was held at the institut° on monday evening last, tea and coffee being served up. after tea dancing commenced, and was kept up till twelve"
coffee,1860,0,683,509,7.6541,True,"...tton supply association. at the usual meeting of the executive committee, held on tuesday, september 12, a letter was read from the tahiti cotton and coffee planta- tion company, reporting that the "
coffee,1860,0,683,510,7.6562,True,"...hes every day, ►t y o'eleak. n.h. during the rthlbition season the london dinner will be served daily from two until nine o'clock, and dinners in the coffee room k la carte from on"
coffee,1860,0,683,511,7.6715,True,"coffee papers. buff and yellow cap, dewy, royal, and double pot tobacco papers. blue, pink, buff, and white demy grocers' paper bags. rice bags, seed bags, ..."
coffee,1860,0,683,512,7.679,True,"westminster. robberies at coffee houses.—james knight, a tall young man, was placed at the bar charged with stealing a watch and appendages from the coffee-house of mr. william clark..."
coffee,1860,0,683,514,7.6835,True,china tea and coffee china dessert services. china breakfast services. china in every description of ornamental and useful articles. table services in sione china. table ...
coffee,1860,0,683,515,7.685,True,"caution to coffee -drinkers. white, fairchild, and company's patent concentrated coffees are known throughout the three kingdoms as the best and the cheapest premoniti..."
coffee,1860,0,683,516,7.6908,True,"...tton supply association. at the usual meeting of the executive committee, held on tuesday, september 12, a letter was read from the tahiti cotton and coffee planta- tion company, reporting that the "
coffee,1860,0,683,519,7.7152,True,"...ed table cutlery, every variety of style and finish. brentnall's electro-plated spoons and forks, best manufacture. brentnall's electro•plate tea and coffee sets, liqueur stands, "
coffee,1860,0,683,520,7.7155,True,"...ed table cutlery, every variety of style and finish. brentnall's electro-plated spoons and forks, best manufacture. brentnall's electro-plate tea and coffee sets, liqueur stands, c"
coffee,1860,0,683,523,7.758,True,china tea and coffee china dessert services. china breakfast services. china in every description of ornamental and useful articles. table services in stone china. table ...
coffee,1860,0,683,524,7.7621,True,"coffee papers. buff and yellow cap, decay, royal, and double pot"
coffee,1860,0,683,527,7.8182,True,"grocery out. fittings. sugar cutters flatit dressers tea canisters store canisters coffee boxes show tins wood bowls snuff jars show cards provision scales druggists' counter, cheese, tea, soap, and f"
coffee,1860,0,683,528,7.8198,True,"public notice. jo lin oak le y, tea and coffee merchant, ne. 2, st. james's-place, legs to announce to his numerous friends and the public in general, that be intends closing his establishment on ..."
coffee,1860,0,683,529,7.8208,True,...e beehive by becoming either subscribers or shareholders. working men may materially aid the circulation of the paper by asking fbr it in the various coffee and refreshment houses they are in the ha
coffee,1860,0,683,530,7.8244,True,"westminster. robberies at coffee houses. —james knight, a tall young man, was placed at the bar charged with stealing a watch and appendages from the coffee-house of mr. william clar..."
coffee,1860,0,683,538,7.8851,True,k3l al co.'s wed 1713 dress i grocery out- fittings. sugar cutters fruit dressers tea canisters store canisters coffee boxes show tins wood bowls _ _ _ snuff jars show cards provision scales druggists
coffee,1860,0,683,541,7.9031,True,china tea and coffee china dessert services. china breakfast services. china in every description of ornamental and useful articles. table services in stone china. table ...
coffee,1860,0,683,551,8.0327,True,"quality, and at moderate prices. all articles sold by dantet. ktt i are warranted genuine, and of the best quality. the london tea and coffee warehouse, 40, high niitnet, stockton-on-tees. december 14"
coffee,1860,0,683,552,8.0378,True,"...of the new tea establishment. the inhabitants of the banks of the tees and surrounding districts will rejoice to bear that robert robson, the tea and coffee merchant, in addition to his two es"
coffee,1860,0,683,556,8.0633,True,"...n. extensive consignment direct from the potteries, of patent won. stone and transparent china, dinner services, dessert services, breakfast 4 tea, & coffee services, toilet serv"
coffee,1860,0,683,562,8.1927,True,"a the coffee room stakes of (ton;s. each, for three-year- old colts sat. lb., and fillies sat. 41b. 4 subs. a.f. ranueou wt. v &mall 1"
coffee,1860,0,683,565,8.2239,True,"... and music seller, 3, finkle street, stockton-on-tees. or pianofortes taken in exchange, and lent on hire. • musical library. r. t. mellanby, tea and coffee merchan"
coffee,1860,0,683,573,8.2641,True,"...of the new tea establishment. the inhabitants of the banks of the tees and surrounding districts will rejoice to hear that robert robson, the tea and coffee merchant, in addition to his two es"
coffee,1860,0,683,576,8.2716,True,"the coffee trade choice old mocha, jamaica plantation, a.nd neillgery coffees. avid tfiomson, .7 tea and coffee merchant, 132 buchanan street, (opposite the wes..."
coffee,1860,0,683,578,8.2976,True,"...in the season. hot and cold dinne.hb provided in the restaurant, zetland vaults, from 8d upwards. the hotel contains about 120 rooms, embracing large coffee and dining rooms, drawin"
coffee,1860,0,683,579,8.3376,True,"david thomson, tea and coffee merchant, 69, buchanan street, (nom union corner), begs respectfully to intimate to the inhabitants of glasgow and surrounding district that he has m..."
coffee,1860,0,683,584,8.3788,True,"... the new tea establishment. '[""he inhabitants of the banks of the tees and surrounding districts will rejoice to hear that robert robson, the tea and coffee merchant, in addition to his two "
coffee,1860,0,683,587,8.4068,True,...seful strong tea excellent breakfast tea really fine tea very choice tea .. fine scented orange pekoe gunpowder tea .. fine ping limey tea good mixed coffee .. fine east india coffe
coffee,1860,0,683,588,8.4192,True,"tise sun.—latest edition to be seen in the coffee room, at the ""southampton arms,"" mo street, camden-town, where all sporting and rolitical events are freely discussed. the latest or special edition ..."
coffee,1860,0,683,590,8.4334,True,"...eant-major newnan, by the officers, comrades, and friends of the 3rd dorset bide volunteer corp., on the occasion of his marriage, oat bth, 1881. the coffee pot was added by lient. co"
coffee,1860,0,683,591,8.4466,True,"p et% ham ityv.—snunfi inv./4=w. s elliott elliott is instructed to sell by 41. i 9111. at the coffee house, grasharnatreet, 'if] ftolbl y, jihni 4, at i'2. for 1, a superior simi- ••• i ilfiliplst•i:"
coffee,1860,0,683,594,8.4688,True,"...d stewart was placed at the bar, charged at the southwark police-court, on monday, with stealing a pair of sheets from the kent and .sussex hotel and coffee"
coffee,1860,0,683,596,8.5043,True,"public notice. john oakl e y, tea and coffee merchant, no. st. james's-place, cgs to announce to his numerous friends and the public in general, that be intends closing his establishment on and ..."
coffee,1860,0,683,599,8.6574,True,"loysel's hydrostatic tea and coffee ipliocolati'il woo) cups, virees wed brig'''. is • ihiggiol owed swag. yaw sill. yr,,. m. 'everywhere. ilyeepeehowsowskee.—jl ~at, pi. il7mwsweeitive..."
coffee,1860,0,683,600,8.6587,True,"the coffee trade. choice old mocha, jamaica plantation, and neillgery coffees. d a vid thomson, tea and coffee merchant, 132 buchanan street, (opposite the west..."
coffee,1860,0,683,601,8.6658,True,"interests frightful tragedy in holborn. mysterious murder of three children. on saturday last a respectably dressed man called at the star coffee house and hotel, in red lion street, holborn, and inqu"
coffee,1860,0,683,603,8.7335,True,"...ers. the &mourned inquiry into the cause of the deaths of henry white, thomas white, and andrew white, the three children who were murdered at stan's coffee house, red lionetrest, holb"
coffee,1860,0,683,604,8.7647,True,"milbmb._ 44, lord-greet, liverpool, august 3rd, 1861. ibeg respectfully to inform my numerous friends and large consumers of tea and coffee throughout the three kingdoms that a dissolution op partners"
coffee,1860,0,683,606,8.773,True,"rin-ie sun.—latest emtion to he seen in the coffee room, at the ""southampton arms."" high- street, camden-town, where all sporting and political events are freely discussed. the late edition of ""tile s"
coffee,1860,0,683,607,8.7816,True,"deform coffee house, 21, dean street n holborn, w.c. (proprietor, w. c. worley, member o the council of the reform league.) meeting of p a rlia ment. tem struggle ..."
coffee,1860,0,683,609,8.8166,True,"the sun.—latest edition to be seen in the coffee room, at the ""southampton arms,"" high- street., camden-town, where all sporting and po,: cal events are freely discussed. the latest or special editi..."
coffee,1860,0,683,610,8.8199,True,"iiiie sun.—latest edition to be seen in the coffee room, at the ""southampton arms,"" high street, camden-town, where all sporting and i'olitical events aro freely discussed."
coffee,1860,0,683,614,8.9307,True,crystal palace.—boxing day.—tariff of charges to suit all classes. the third class ilefresiinient and tea and coffee rooms are situate in the railway corridor and machinery de- partment. plate of meat
coffee,1860,0,683,615,8.9382,True,"public notices. -- a programme of malik baa 1,443 arranged by moen. iddard and e‘era. tea and coffee at 6.30 praeisalv. the chair to be taken at 7.30.. tickets to be lisei from c. is.vers, and j. i.ft"
coffee,1860,0,683,616,8.9678,True,"....._.‘• ,_.,...... 15.""=,...0.1.111.,,,..........m.m..r. •••=,.....m.. i, the app:irel oft proclaims the rrhe sun—latest edition to be seen in a., the coffee room, a"
coffee,1860,0,683,618,8.9823,True,"en& guldrcoo. .. bruster's london coffee house, 1.5, st. m•ltt streit, cartilii sql'alta, s w ansea. ilw ay travellers and visitors to swansea will find the rafrestiment rooms of this establ..."
coffee,1860,0,683,619,8.9836,True,"the reform minstrels will meet on saturday and every succeeding evening till after the demonstration, at the reformers' coffee house, 80, wiiitecross street, when they will be happy to have the assist"
coffee,1860,0,683,620,8.991,True,"the sun.—latest edition to be seen in the coffee room, at the ""southampton arms,"" hligh- street, camden-town, where all sporting and i', deal events are freely discussed. rr 11 e latest or special e..."
coffee,1860,0,683,621,9.0047,True,"the sun.—latest edition to be seen in the coffee room, at the ""southampton arms,"" high- street, camden-town, where all sporting and political events are freely discussed."
coffee,1860,0,683,622,9.0047,True,"the sun.—latest edition to be seen in the coffee room, at the ""southampton arms,"" high- street, camden-town, where all sporting and political events are freely discussed."
coffee,1860,0,683,623,9.0047,True,"the sun.—latest edition to be seen in the coffee room, at the ""southampton arms,"" high- street, camden-town, where all sporting and political events are freely discussed."
coffee,1860,0,683,624,9.0047,True,"the sun.—latest edition to be seen in the coffee room, at the ""southampton arms,"" high- street, camden-town, where all sporting and political events are freely discussed."
coffee,1860,0,683,626,9.0262,True,"meeting of brancties. newington branch.—a meeting was held on thursday evening, the 14th inst., -at wood's coffee house, newington butts, for the purpose of forming a branch of the reform league in ne"
coffee,1860,0,683,630,9.0694,True,"the reform minstrels will meet on saturday and sunday evening, till further notice, at the reformers' coffee house, 80, whitecrosb street. notice.—it has been suggested ba connection with the above to"
coffee,1860,0,683,631,9.0765,True,"international working men's association. the council met on tuesday evening last, at the cleveland coffee room, citizen jung in the chair. in consequence of the meeting at st. james's hall, only the m"
coffee,1860,0,683,633,9.1409,True,"the sun.---latest edition to be seen in the coffee room, at the ""southampton arms,"" nigh street, camden-town, where all sporting and political events are freely discussed. the latest or special editio"
coffee,1860,0,683,634,9.142,True,"the sun.—latest edition to be seen in the coffee room, at the ""southampton arms."" hligh- street, camden-town, where al-1 sporting and p 1 events are freely discussed. the latest or special edition o..."
coffee,1860,0,683,635,9.1431,True,"the sun, london, monday evening, inovember 29, 1869 the sun.—latest edition to be seen in the coffee room, at the ""southampton arms,"" high- street, camden-town, where all sporting and political events"
coffee,1860,0,683,638,9.1559,True,"the sun.—latest edition to be seen in the coffee room, at the ""southampton arms,"" high- street, camden-town, where all f porting and pqiiiical ectrta are freely discussed. the latest or special edit..."
coffee,1860,0,683,640,9.1841,True,"cz"" print! and grocery out. fittings. sugar cutters fruit dressers tea canisters store canisters coffee boxes show tins wood bowls snuff jars show cards provision scales druggists' „ counter, cheese, "
coffee,1860,0,683,642,9.2183,True,")reform coffee house, 21, dean street, it holborn, w.c. (proprietor, w. c. worley, member of the council of the reform league). well aired bads and every accommodat..."
coffee,1860,0,683,643,9.2203,True,"the sun.—latest edition to be seen in the coffee room, at the ""southampton arms,"" hig h- street, camden-town, where all porting and political events are freely discussed. the latest edition of ""the ..."
coffee,1860,0,683,644,9.2521,True,"grocery out. fittings. sugar cutters flatit dressers tea canisters store canisters coffee boxes show tins wood bowls snuff jars show cards provision scales druggists' counter, cheese, tea, soap, and f"
coffee,1860,0,683,647,9.2991,True,"the sun.—latest edition to be seen in the coffee room, at the ""southampton arms,"" high- street, camden-town, where all sporting and political events are freely discussed. the latest edition of ""the ..."
coffee,1860,0,683,650,9.3214,True,"the sun.—latest edition to be seen in the coffee room, at the ""southampton arnr,"" high street, camden-town, where all :.portingand p alticvl events are freely discussed. the latest or special editio..."
coffee,1860,0,683,651,9.359,True,"the robbery in a london coffee house. at the middlesex session; on monday, robert heath, coffee-house keeper, king's cross, was indicted for steal- ing £llo, the monies of mr. f. f..."
coffee,1860,0,683,652,9.3647,True,k3l al co.'s wed 1713 dress i grocery out- fittings. sugar cutters fruit dressers tea canisters store canisters coffee boxes show tins wood bowls _ _ _ snuff jars show cards provision scales druggists
coffee,1860,0,683,653,9.3831,True,"by messrs. byford and son, on tuesday, the 22nd instant, at seven for half-past seven o'clock in the evening precisely, at mr. marshall's edge-hill coffee house, ',subject to the conditions of sale to"
coffee,1860,0,683,655,9.473,True,"the sun.—latest edition to be seen in the coffee room, at the ""southampton arms,"" high- street, camden-town, where all sporting and political events are freely discussed. the latest or special editi..."
coffee,1860,0,683,656,9.4796,True,"...evening edition of the official weiner 2ei4ung publishes the following telegram pesth, 21st jul.—last evening a large crowd gathered before the zrung coffee h"
coffee,1860,0,683,657,9.5207,True,"♦ coffee nom kim& bo6ert beath, aged iti;proprleto7 of the express coffee house, weston•place, king's-orose, was cbezged before mr. cooke with stealing a cash..."
coffee,1860,0,683,660,9.5672,True,"... and music seller, 3, finkle street, stockton-on-tees. or pianofortes taken in exchange, and lent on hire. • musical library. r. t. mellanby, tea and coffee merchan"
coffee,1860,0,683,661,9.6221,True,"by messrs. byford and son, on tuesday, the 22nd instant, at seven for half-past seven o'clock in the evening precisely, at mr. marshall's edge-hill coffee house, subject to the conditions of sale to b"
coffee,1860,0,683,662,9.6651,True,"david thomson, tea and coffee merchant, 69, buchanan street, (nom union corner), begs respectfully to intimate to the inhabitants of glasgow and surrounding district that he has m..."
coffee,1860,0,683,663,9.7241,True,"er.he sun, london, friday evening, i december 10, 1869 the sun.—latest edition to be seen in the coffee room, at the ""southampton arms,"" nigh street, camden-town, where all eporting and political even"
coffee,1860,0,683,665,9.8031,True,"london consolidated lodge of bookbinders, at a complimentary dinner held at the london coffee house, march 2, 1869. by numerous friends. who have witnessed with admira- tion his integrity, ability, an"
coffee,1860,0,683,666,9.8547,True,"...l estate, near diss, extending over nearly 1,200 acres. messrs norton, hoggart & trist have received instructions to offer for sale, at the guildhall coffee house, near the g"
coffee,1860,0,683,667,9.8571,True,"...evolent association. the seventh anniversary meeting of the friends and subscribers of the above institution was held on mon- day night at the london coffee house, ludga"
coffee,1860,0,683,669,9.9179,True,"the sun.—latest edition to be seem in the coffee room, at the ""southampton arms,"" ii igh- street, camden-town, where all :porting and political events are freely discussed. the latest or special edi..."
coffee,1860,0,683,671,9.9581,True,"david thomson, tea and coffee merchant, 69, buchanan street, (nom union corner), begs respectfully to intimate to the inhabitants of glasgow and surrounding district that he has m..."
coffee,1860,0,683,673,10.0278,True,"...onference. a conference of ministers of religion of all deno- minations, convened by the national temperance league, was held yesterday at the london coffee house, ludgate- hil"
coffee,1860,0,683,674,10.1149,True,"...y messrs. byford and son, to-morrow (tuesday), 22nd inst., at seven for half-past seven o'clock in the evening precisely, at mr. marshall's edge-hill coffee house, ,subject to the conditions of sale "
coffee,1860,0,683,675,10.1194,True,crystal palace.—boxing day.—tariff of charges to suit all classes. the third class ilefresiinient and tea and coffee rooms are situate in the railway corridor and machinery de- partment. plate of meat
coffee,1860,0,683,676,10.4255,True,"by messrs. byword and son, on ttiescitiy,—thel2lcli;tant, at seven for half-past seven o'clock in the evening precisely, at mr. marshall's edge-bill coffee house, subject to. the conditions of sale to"
coffee,1860,0,683,678,10.7493,True,"the barrow herald and furness advertiser. beneficial influence of tea.—the beneficial results of tea and coffee have been strangely overlooked or under-rated. it has been, however, well described as l"
coffee,1860,0,683,679,10.7856,True,"the barrow herald and furness advertiser. beneficial influence of tea.—the beneficial results of tea and coffee have been strangely overlooked or under-rated. it has been, however, well described as l"
coffee,1860,0,683,680,10.9393,True,"...upera.nce permanent land and building society. the thirteenth annual meeting of the members of this society was held on wednesday night at the london coffee house, mr. w. tweedie in the chair. the r"
coffee,1860,0,683,681,11.3381,True,"...ourned meeting of deputations from vestries district boards boards of guardians of the metropolis, and parochial' officers was helti at the guildhall coffee house on s"
coffee,1860,0,683,682,11.676,True,"...y.- notice is hereby given, that the next ordinary half-yearly meeting of the proprie- tors of the rhymney railway company will be held at gray's inn coffee house, h"
coffee,1860,1,845,24,4.4955,True,"... london colonial produon maseru!. colonial produce markets have during the week been rather fairly supplied, but prices generally show little change. coffee fully maintains its former"
coffee,1860,1,845,51,4.6842,True,"...ed in the purchase of sugars, yet the stock is 26,000 tons under that of 1867 at date, with no prospect of increase and no change of price this week. coffee "
coffee,1860,1,845,65,4.7547,True,"...ent, and trace steady, without quotable change in prices. colonial and foreign produce. sugar—the market is very quiet, with less firmness in prices. coffee is i"
coffee,1860,1,845,71,4.7655,True,"...is day's markets. london produce.—sugar— prices fully as high, with several transactions; clayed manilla 29s 6d to 30s; re- fined firm; supply small. coffee —demand favourable; rates again rather hi"
coffee,1860,1,845,84,4.8423,True,"mincing lane.-(this day.) the following public sake are advertised fur to-morrow sugar: mids. wed india, 1,500 bags mauritius, 2,300 hags madras. coffee 300 casks ceylon, and 3,000 packets mysore. bic"
coffee,1860,1,845,95,4.8788,True,to-day's markets. london pro-di.7cic raw not much required; prices unaltered; refined wanted. coffee very firm; fair business. tea—moderate; demand rates fully as high. rib* —demand much better; rathe
coffee,1860,1,845,151,5.056,True,"tlllb day's markets. london produce. sugar good, business and full prices obtained. refined wanted-49s 6d paid for low lumps. coffee wanted and brings extreme rates. tea sales went off very quietly in"
coffee,1860,1,845,191,5.1538,True,"...ar.—on the spot the market is firm, but without activity. floating cargoes are in request, and still tend upwards in value. havannah, 25s 9d per cwt. coffee is inactiv"
coffee,1860,1,845,194,5.1693,True,"tropical produce. teas are very dull, with little or no business doing nllur consumption by grocers. coffee has slightly de_ gilled) and sells for bd. to 10d. per lb. of fair quality. ugar continues v"
coffee,1860,1,845,205,5.2026,True,"...markets are steady this morning. the transactions in sugar on the spot are still limited, but there is a continued good inquiry for floating cargoes. coffee is quiet, but firm. "
coffee,1860,1,845,230,5.2725,True,"tropical produce. no change is reported on sugars, but a fair sale at former prices. coffee is steady at former rates, or for fair plantation, 755. to 765. 6d. for indian teas rather lower prices have"
coffee,1860,1,845,247,5.3408,True,"...e. the following public sales are declared for to-morrow (tuesday) :--,--sugar 700 casks west india, 5,090 bags mauritius, and 2,000 bags east india. coffee 200 bars native ceylon, and 13"
coffee,1860,1,845,250,5.3463,True,"...gn produce. sugar.— th,) market is quiet, and rates ruling firm, al- though supplies are not pressed. imports of west indian are at the moment large. coffee "
coffee,1860,1,845,268,5.3906,True,"everybody should try 11 his 3s. and 3s. m. tea still maintain their high repute and abundantly speak for themselves. coffee of choice quality. british wine at is. per bottle. agent for w. & a. gilbey,"
coffee,1860,1,845,281,5.4209,True,"...lock. _ _ business in the foreign and colonial r;roduce markets during the last few days has been more animated. sugars have slightly advanced, while coffee has"
coffee,1860,1,845,295,5.4729,True,"...duo market.-jan. 23. melo-lifting public sales are alvertised for to-nion: row.:—sugar 450 hhds. west india, aooo bags bengal, and 7,000 bags madras. coffee 800 cask's' plantation ceylon, an"
coffee,1860,1,845,300,5.493,True,"latest markets. london produce market, friday. —sugar brisk. rates firm. supply more plentifith refined a fair business; value un- changed. coffee not easily obtainable at former rates, but few buyers"
coffee,1860,1,845,305,5.5007,True,"tropical proditce. no change is reported on sugars, but a fair sale at former prices. coffee is steady at former rates, or for fair plantation, 755. to 765. 6d. for indian teas rather lower prices hav"
coffee,1860,1,845,316,5.5234,True,"...al. sugar business has been moderately active, and prices generally are a shade firmer. refined goods are in more request at slightly enhanced rates. coffee —the dealings have been limited, but "
coffee,1860,1,845,323,5.5323,True,everybody should try it his 3.9. and 38. 6d. tea still maintain their high repute and abundantly speak for themselves. coffee of choice quality. british wine at is. per bottle. agent for w. & a. gilbe
coffee,1860,1,845,334,5.5582,True,"... very limited. english and foreign wheat sloe sale at monday's prices. spring corn quiet. lotinotr rodite. --sugar flat, in some eases a shade lower. coffee"
coffee,1860,1,845,337,5.5626,True,...onial produce markets during the last few days there has been rather more animation. sugars have changed hands to a moderate extent at steady prices. coffee has been in
coffee,1860,1,845,363,5.6335,True,...aiseau tiara six ran. two thousand guineas. diophantus kettledrum klarikoff imaus sixteen ran. won by three lengths. sweepstakes of 10 sops. no race. coffee-room stakes. 
coffee,1860,1,845,380,5.6801,True,"latest intellig-enoe. (reuter's telegram.) the brazils. rio de janeiro, feb. 8. (by telegraph from lisbon.) exchange on london, 25.1 26. coffee good, first 6,500 to 6,700 reis. shipments since the dep"
coffee,1860,1,845,383,5.6848,True,"...on colonial producr, yriday.—th. colonial produce matte. during the week have been quiet, mi usual at this sawn from the abeence of say public sales. coffee is firmer. the partic"
coffee,1860,1,845,385,5.6961,True,"coffee was firm, and is dearer for the week. tea more business done, at rather higher prices in some cases. rice steady, but firm. saltpetre 250 bags bengal..."
coffee,1860,1,845,390,5.7187,True,"colonial and foreign produce. sugar—there is still a very quiet market, and the rates paid in some cases tend in favour of buyers. coffee —this market is not brisk, but there appears to be rather more"
coffee,1860,1,845,397,5.7372,True,"remained in much the same state as reported last mail. coffee was scarce; lard, 70. per lb.; irish butter, 131 d,; pimento, 13., given freely; rum, 2s. bd. for proof 18 in bond; sugar, fair quality, 1"
coffee,1860,1,845,420,5.7991,True,"colonial. sugar—owing to the cldie of tee year the transactions are limited to a hew purchases for immediate wants. prices are, however, very firm. coffee is steady without much doing. oils are withou"
coffee,1860,1,845,422,5.8084,True,"...n produce. • sugar.— the market is quiet, and rates ruling firm, al- though supplies are not pressed. imports of west indian are at the moment large. coffee is"
coffee,1860,1,845,423,5.8086,True,"colonial and foreign produce. sugar.—the market is steady, with a moderate demand. coffee is unaltered. good qualities firm inferior weak in price. tea. —a steady, moderate inquiry, and prices unalter"
coffee,1860,1,845,437,5.8377,True,"[stamped, ld. additional.] which 42,000 were for the channel the sales of coffee amount to 124,400 bags stock of coffee, 130,000. freights, 45e. at bahia exchange on london was quoted 273, 2& sugar, 2"
coffee,1860,1,845,450,5.8572,True,everybody should try 11. his as. and 3.5. 6d. tea still maintain their high repute and abundantly speak for themselves. coffee of choice quality. british wine at is. per bottle. agent for w. & a. gilb
coffee,1860,1,845,451,5.87,True,"...lligence. now york, october 8 (evening).- flour heavy at 10e. lower. wheat depressed 2c. lower. corn prices de- clining lc. lower. l'rovisions quiet. coffee steady. sugar (lull. molasse"
coffee,1860,1,845,452,5.8702,True,"zd..e probuct btarket. in the liverpool colonial produce market to- .tiay sugar continued much depressed, and molasses, itum, and coffee remained neglected in rice nothing farther was done. sugar: the"
coffee,1860,1,845,470,5.9209,True,"latest intelligence. (reuter's telegram.) -- the brazils. rio de janeiro, feb. 8. (by telegraph from lisbon.) exchange on london, 25:1 26. coffee good, first 6,500 to 6,700 rein. shipments since the d"
coffee,1860,1,845,479,5.9423,True,"business at jamaica was exceedingly du' the supplies were excessive, and the demand was limited for immediate consumption. coffee limited. sugar market plentifully supplied, and prices had declined. p"
coffee,1860,1,845,494,5.9789,True,"...he following public sales are advertised for to-mor- row :—sugar -400 hhds. west india. 8,00 bags mau- ritius, 3,000 bags bengal, 2,000 bags madra's. coffee 250 casks plantation ceylo"
coffee,1860,1,845,496,5.9828,True,"...e. the following public sales are declared for to-morrow (tuesday) :--,--sugar 700 casks west india, 5,090 bags mauritius, and 2,000 bags east india. coffee 200 bars native ceylon, and 13"
coffee,1860,1,845,505,6.0088,True,"business at jamaica was exceedingly du' the supplies were excessive, and the demand was limited for immediate consumption. coffee limited. sugar market plentifully supplied, and prices had declined. p"
coffee,1860,1,845,508,6.0143,True,everybody should try 11 his 3s. and 3s. 6d. tea still maintain their high repute and abundantly speak for themselves. coffee of choice quality. british wine at is. per bottle. agent for w. & a. gilbey
coffee,1860,1,845,509,6.016,True,"... (lt.;lted the ably company who import their own tub ll=the pub& dtreet,--e clear eating of 16 per cent. the lib. beg of tea trove h, ed. per lb.. of coffee is the r, bora is"
coffee,1860,1,845,511,6.0254,True,"... produce markets. tuesday. in the foreign and colonial produce markets to-day there was not much animaticn. sugar, how- ever, sustained former rates. coffee was dull, and in some instauces a sha"
coffee,1860,1,845,513,6.032,True,"...mercial. stocks firm; ashes steady; flour quiet and unchanged; sales 4,000 brls. corn active, but no change rice and sugars 1c lower, sales 196 hhds. coffee quiet and firm freights. to liver- pool "
coffee,1860,1,845,520,6.0477,True,"the brazils. rio, june 9.—exchange 27g. coffee, good firsts 727,200 rms. the shipments of coffee since the de- parture of the last mail amount to 60,700 bags, of which 4797 were for the channel. t..."
coffee,1860,1,845,523,6.0556,True,everybody should try it. his 3s. and 3s. 6d. tea still maintain their high repute end alitualaway speak for tlwinselves. coffee of ciioicie quality. british wine at is. per bottle. agent for w. & a. g
coffee,1860,1,845,529,6.0604,True,"steady; coffee advancing. freights firm cotton to liverpool, 5-16. montreal, march 17. flour sc. to 10c. lower. liverpool, thursday. the screw steamer north america..."
coffee,1860,1,845,531,6.0655,True,mincing lane.--(this day.) suoal—the market has been inactive to-day general quotations are unaltered. corrcs—the public sales of plantation coffee concluded yesterday at full prices to 6d. advance mi
coffee,1860,1,845,532,6.0687,True,"limited. saks of coffee had been made at 48s. to 545. sugar, 16s. to 18s. freights dull. exchange 90 days, per cent. pm. the tasmanian was detained 21 hours by fog. the braz..."
coffee,1860,1,845,549,6.1265,True,"limited. sales of coffee had been made at 48s. to 545. sugar, 16s. to 18s. freights dull. exchange 90 days, per cent. pm. the tasmanian was detained 21 hours by fog. the braz..."
coffee,1860,1,845,551,6.1291,True,"... zil mail 30.—the steamship _ mail, has arrived. she for southampton with 214 specie. has been elected r at 1. on. these the last mail wall 386 mares coffee to 64,, -^e the united for th"
coffee,1860,1,845,560,6.1688,True,everybody should try ii l his as. and 3s. 6d. tea still maintain their high repute and abundantly speak for themselves. coffee of choice quality. british wine at is. per bottle. agent for w. & a. gilb
coffee,1860,1,845,596,6.298,True,"... was ..-etarce, and the rates bad declined to 21d. for london, and 2s. for liverpool. (reuter's telegrams) business w.s very dull at jamaica, and the coffee and pi"
coffee,1860,1,845,597,6.3006,True,"middling upland, 56c. to 58c. flour heavy. wheat declining. corn—good inquiry. coffee quiet. sugar declining. provisions firmer. molasses quiet. petroleum steady—crude, 37f refined, 62i. mexico. new y"
coffee,1860,1,845,599,6.3123,True,"9k. 341 to 48 to 48. the london colonial produce market to-day remained unaltered. sugar the. market was steady. coffee by -auction only 56 bales long berry mocha were offered, which were taken in at "
coffee,1860,1,845,600,6.3159,True,"...duo market.-jan. 23. melo-lifting public sales are alvertised for to-nion: row.:—sugar 450 hhds. west india, aooo bags bengal, and 7,000 bags madras. coffee 800 cask's' plantation ceylon, an"
coffee,1860,1,845,604,6.3183,True,... atrato brings the following intelligence from central america in nicaragua a scarcity of rain is complained of. both the pastures and plantations of coffee a
coffee,1860,1,845,606,6.3356,True,"..., 38 four shilling 12ib and upwards 1.4 boxes of a4or.- allowed 7 1,1 useful- tea,.. as fid per lb; tea. purchasers of a deduction from these prices. coffee keeps firmer in price than either"
coffee,1860,1,845,607,6.3437,True,"the brazils. (by telegraph from lisbon.) rio de janeiro, july 25. exchange on london, 23+ to 23i on paris, 400 to 405. coffee, good first, 7,500 to 7,600 reis. shipments.pf coffee since the departure "
coffee,1860,1,845,609,6.3506,True,"colonial. and foreign produce. sugar—there was a very limited inquiry, but the few passing transactions aro at steady rates. coffee is firm, with some inquiry for plautation goy tea —penditig the talc"
coffee,1860,1,845,617,6.39,True,"latest markets. london produce, yesterday.—sugar a fair business in raw and refined, at former rates. coffee firm. a fair demand for ceylon. tea demand limited. prices unchanged. rice active and firm."
coffee,1860,1,845,624,6.4133,True,"the brazils. (by telegraph from lisbon.) rio de janeiro, july 25. exchange on london, 23i to 23.1 on paris, 400 to 405. coffee, good first, 7,500 to 7,600 reis. shipments of coffee since the departure"
coffee,1860,1,845,638,6.4699,True,"colonial. sugar—there is a good general demand, and prices have still an upward tendency. coffee —there is a good inquiry at the full valuations. plantation ceylon sold at 60s to 738. tea—congous for "
coffee,1860,1,845,639,6.4731,True,"..., the may oefraprey who import their own tsar sad supply the pubis dieee4,--et deer melee at lb per cent. tbe celehe ob. beg of tee hose la a per :of coffee in the b"
coffee,1860,1,845,640,6.4742,True,"...ere received at mr. reuter's office paris, may 8. the 11ioniteur of to-day announces that a decree modifying the project of law concerning sugars and coffee has"
coffee,1860,1,845,645,6.4937,True,"ztt goiniat varbuct waritd. the liverpool colonial produce market to-day was very inactive. _ _ sugar, molasses,_ rum,_ and coffee trans-, actions took place. cocba 240 bags guayaquil realised 64s per"
coffee,1860,1,845,650,6.5215,True,"the brazils. rio, june 9.—exchange 27g. coffee, good firsts 727,200 rms. the shipments of coffee since the de- parture of the last mail amount to 60,700 bags, of which 4797 were for the channel. t..."
coffee,1860,1,845,657,6.5415,True,"central america. at salvadore the cotton crop has been destroyed by worms and rains. coffee, sugar, and rice, were being largely cultivated in several parts of the state, and the republic was represen"
coffee,1860,1,845,661,6.5848,True,...y (molted the only company who import their own teas risi=the pelels illinek—• clear laving of 1$ per cent. the mb. ims of in from ft& mi. per lb. of coffee in the m from pm. 
coffee,1860,1,845,672,6.6358,True,ziu gobnittli pffkrittt °sarket. the liverpool colonial produce market to-day was unchanged. sugar and molasses nothing worthy of notice occurred: coffee 50 bags malabar found buyers at 71s 6d per cwt
coffee,1860,1,845,677,6.6629,True,everybody should try it his 3s. and 38.6 d. tea still maintain their high repute and abundantly speak for themselves. coffee of choice quality. british wine at is. per bottle. agent for w. & a. crilbe
coffee,1860,1,845,678,6.6667,True,"...amsws.) the brazils. arrival of the havane. (by telegraph from lisbon.) rio de janeiro, jan. 30. exchange on london, 23 to 23ff on paris, 397 to 400. coffee, 6.300 to 6.500"
coffee,1860,1,845,690,6.7313,True,"mincing lane.-(this day.) the following public sake are advertised fur to-morrow sugar: mids. wed india, 1,500 bags mauritius, 2,300 hags madras. coffee 300 casks ceylon, and 3,000 packets mysore. bic"
coffee,1860,1,845,697,6.7746,True,"produce market. liverpool, friday.—tbe sugar market keeps steady, and the business reported 113 at full prices. coffee and rice are quiet, and no sales reported. lard unaltered. palm oil very steady. "
coffee,1860,1,845,699,6.8015,True,"mincing-lane.-(this day.). soda—the market ham been inactive einoe friday for both raw and refined. coffee end rice.— no sales worth reporting. gm:mt.-130 cases of cochis, recently bought in at public"
coffee,1860,1,845,703,6.8309,True,... atrato brings the following intelligence from central america in nicaragua a scarcity of rain is complained of. both the pastures and plantations of coffee a
coffee,1860,1,845,708,6.871,True,"...(reuter's telegrams.) the brazils. arrival of 'the seine. (via lisbon.) rio de janeiro, dec. 9. exchange on london, 20i- to 20i on paris, 460 to 476. coffee has advanced 200 reis"
coffee,1860,1,845,710,6.8926,True,"cokkercial intelligence. rio exchange on london, 26k to 26; on paris, 386; and on hamburg, 730. exportation of coffee since the departure of the lut mail: -,for the united states, 116,629; for the cba"
coffee,1860,1,845,711,6.903,True,"established 1847 gilbe—rt brothers family grocers, 41, lime-street (opr ()sire ewor-street, are selling much better 4s. tea & is. 41). coffee than can be had at other establishments in liverpool, exce"
coffee,1860,1,845,712,6.9042,True,"a bin= steamer seized at salsawa—rai- nave has seised theßritish schoonerootrott, from saint marc, with a cargo of coffee and cotton, and carried her into port-au.l'rnce •j • prise, twa. reported that"
coffee,1860,1,845,714,6.918,True,"france paris, &tummy holism. the morsiteur announoes that in yesterday's altr ting of the legislative body the report on the new tariff for sugar and coffee was made to the chamber by the committee wh"
coffee,1860,1,845,715,6.9242,True,... atrato brings the following intelligence 'rem central america in nicaragua a scarcity of rain is complained of. both the pastures and plantations of coffee a
coffee,1860,1,845,724,6.989,True,"france. the mostigeur of to-day announces that a decree modifying the project of law concerning sugars and coffee has been submitted to the legislative body, rome. rome, m 5 (vu malanuis). one thousan"
coffee,1860,1,845,728,7.0285,True,"commercial intelligence. exchange an london, 251t0 a ditto on ham- burg, 705 to 710; ditto oil paris, 370 to 375. exportation of coffee since the departure of the last steamer, to the united states, 5"
coffee,1860,1,845,733,7.0834,True,"...(reuter's telegrams.) the brazils. arrival of 'the seine. (via lisbon.) rio de janeiro, dec. 9. exchange on london, 20i- to 20i on paris, 460 to 476. coffee has advanced 200 reis"
coffee,1860,1,845,741,7.1603,True,colonial. sugar—the market coniinuetfirm at fully previous rates. coffee the parcels brought to public sales wont off with less spirit at the previous value. tea—the market is steady at the currency e
coffee,1860,1,845,746,7.2162,True,"coffees. w. h. c. has given the nature and quality of the various growths of coffee his most careful conside- ration, and has selected a variety of qualitie..."
coffee,1860,1,845,747,7.2353,True,"'ausages. rime home-made collared brawn, sze. good soup at lid. per pint. tea and coffee at any hour of the day. best white bread, four pound loaf for sixpence, at j. waddington's, grocer and provisio"
coffee,1860,1,845,753,7.2728,True,...nd (a portion of it probably in transit to belgium and germany) australia is an increasing consumer the united states take a yearly supply singhalese coffee
coffee,1860,1,845,759,7.324,True,"..., begs respectfully to announce that he has re-opened the capacious premises, 25. high street, stockton on- t f.es. with an entire new stock of teas, coffees, and colonial produce, and "
coffee,1860,1,845,762,7.3723,True,"the expre is t lies i) a y by patting an end to all trim on the nsualateng raw materials of indents, and the duties on articles of genera oo sushi ee coffee and sugar. )4m-eim pro sup: press all restr"
coffee,1860,1,845,765,7.3988,True,"the finest coffee grown. that celebrated mark, ca jamaica, m l to be had, pric is. 5d., raw, is. 6d. roasted, at any of henry tate and co.'s stores, in liverpool and b..."
coffee,1860,1,845,767,7.4117,True,"natal. july, 1865.—agricultural prospects good; exporta- tion of wool on the increase; cultivation of sugar and coffee extending. money commands high interest and capital might come here with advantag"
coffee,1860,1,845,780,7.64,True,"w. h. cossar, 25, high-street, stockton-on-tees, now has an entire new stock of teas, coffees, and colonial produce and it is his privilege to state that, from a lone experience and connection with th"
coffee,1860,1,845,783,7.6751,True,"gilbe—rt brothers family grocers, 41, lime-street (opposite elliot-street, are selling much better 4s. tea & is. 4d. coffee than can he had at other establishments in lirerpocl, excepting their branch"
coffee,1860,1,845,785,7.7008,True,"established 1847. gilber t brothers family grocers, 41, lime-street (opposite ellior-street, are selling much better 4s. tea & is. 4n. coffee than can be had at other establishments in liverpool, exce"
coffee,1860,1,845,804,7.9594,True,chicory and coffee. mr. crawford (for mr. moffatt) asked the chan- cellor of the exchequer whether the restrictions which at present existed in regard to the sale of ch...
coffee,1860,1,845,807,7.999,True,"thames. john grady, of wellington barracks, a soldier, charged iwith robbing him of a china medal, at a coffee-house sweeney-housea t the corner of spectacle-alley, ""n hitechapol. the ovidence proved "
coffee,1860,1,845,808,8.0109,True,"thames. stealing coffee in the st. katherine dock.—thos hunt, a labourer, who appeared to be in very good condi- tion, was brought before mr. paget, charged with stealing 19..."
coffee,1860,1,845,809,8.0192,True,"thames. john grady, of wellington barracks, a soldier, charged iwith robbing him of a china medal, at a coffee-house sweeney-housea t the corner of spectacle-alley, ""n hitechapol. the ovidence proved "
coffee,1860,1,845,811,8.0467,True,"estaplished 1847. gilbert brothers family grocers, 41, lime-street (opposite ellior-street, are selling much better 45.. tea & ls. 4d. coffee than can be had at other establishments in liverpool, exce"
coffee,1860,1,845,815,8.0888,True,"thames. john grady, of wellington barracks, a soldier, charged roger sweeney with robbing him of a china medal, at a coffee-house at the corner of spectacle-alley, ni"" hitechapel. the cyidence proved "
coffee,1860,1,845,816,8.0913,True,"established 1847. gilde. rt .brothers, family grocers, 41, lime-street (orr,osite elmot-wriletr,- are selling much better 4s. tea st: ls. 4d. coffee than cmi be had at other eatablishments in liverpoo"
coffee,1860,1,845,817,8.1297,True,"inactive. new york centrals 1161. illinois 90. erie 76k. cotton depressed. middling upland 81. flour, wheat, and corn depressed. provisions quiet. coffee and sugar heavy. new york, march 7 (evening). "
coffee,1860,1,845,818,8.1482,True,"he is in an enemy's land. the officers, who are principally billeted upon the hotels, are entitled to breakfast, dinner with a bottle of wine, coffee in the afternoon, and supper with beer, for which "
coffee,1860,1,845,819,8.1593,True,"puroliaseri reduction from coffee be no loner luxuries rich and poor, and articles, especially =calor will make a iat within the last twopence per lb., is fortunate chancellor subscri..."
coffee,1860,1,845,823,8.2206,True,"be is in an enemy's land. the officers, who are principally billeted upon the hotels, are entitled to breakfast, dinner with a bottle of wine, coffee in the afternoon, and supper with beer, for which "
coffee,1860,1,845,826,8.2531,True,"thames. john grady, of wellington barracks, a soldier, charged roger sweeney with robbing him of a china medal, at a coffee-house at the corner of spectacle-alley, ni"" hitechapel. the cyidence proved "
coffee,1860,1,845,834,8.7478,True,"establisiied 1847. gilbert brothers, family grocers, • 41, lime-street (opposite elliot-street, • are selling much better 4s. tea 4d. coffee than can he had at other establishments in liverpool, excep"
coffee,1860,1,845,843,9.1992,True,"inactive. new york centrals 1161. illinois 90. erie 76k. cotton depressed. middling upland 81. flour, wheat, and corn depressed. provisions quiet. coffee and sugar heavy. new york, march 7 (evening). "
coffee,1860,2,2075,476,4.5964,True,"\cass l2' coffees\ •, voh. a long marks of years thaw truly eels- braked c..ffeee have been held is the highest estimation throughout the united kilagdoet by the many..."
coffee,1860,2,2075,489,4.6145,True,"\cass l2' coffees\ •, voh. a long marks of years thaw truly eels- braked c..ffeee have been held is the highest estimation throughout the united kilagdoet by the many..."
coffee,1860,2,2075,543,4.6648,True,"an early call is solicited. f. and t. bentley's pure coffee, s. 6a., is4ull ofthatrvie&eft.zrarrottaten-ratori *liansic.-- coffees. at is. 6d., f. and t. bentley's ss. (three shilling) tel is still th"
coffee,1860,2,2075,615,4.7478,True,and coffee china tea cra desgttu sfatviegg: c tta iistakfast gtßttcts. c psta eteft odriffiad ogptagental and mimi. articles. table seryies stioine table servic...
coffee,1860,2,2075,762,4.9088,True,"caution to coffee drinkers. white, fairchild, and company's patent concenteated comiliin u. known throughout the three kingdom is din bed and cheapest preparations eve..."
coffee,1860,2,2075,774,4.916,True,"and easier. wheat hear:y^. corn lower. coffee firm. sugar steady. new oleans, fute 15.—cotton quiet ,ales 1,100, at irregular rates; middling ile to 11jc sales of the week 6,000 bales; total expo..."
coffee,1860,2,2075,804,4.942,True,"caution to coff'r:i,7. drinkers. ia 7 i 11te, fai i tchild, and company's fa i'en f concentrated coffees are known tbroup.inatt foe three kin:rdoms as the best and the cheapest preparations ever sulun"
coffee,1860,2,2075,864,5.0154,True,"comiebrcl&l intelligence. basilan* en looks, 251, 26i. coffee flat, at 5,800 to 5,900 nis. barportation dam the departure of the lest to the trotted states, 49,665 begs; to the cluanal, 14,616 to ram,"
coffee,1860,2,2075,973,5.1408,True,"vitrzn & co., tea and coffee merchants, 25, high street. teas of the finest quality; fine full flavoured assam congou tea, as per pound; mocha and other coffees; iluntley & palme..."
coffee,1860,2,2075,980,5.1501,True,"♦ coffee nom kim& bo6ert beath, aged iti;proprleto7 of the express coffee house, weston•place, king's-orose, was cbezged before mr. cooke with stealing a cash..."
coffee,1860,2,2075,1014,5.1869,True,"caution to 'coffee drinkers. iv rite, fa irc 11 ld, and company's paten r concentrated coffees are knoull throughout the three kinedomsas ow best and the cheapest prepa..."
coffee,1860,2,2075,1029,5.2133,True,"higher tranmere. genuine household furniture, chilnnev glass in gilt frame, bracket timepiece, gilt china tea and coffee service, and effects of a gentleman declining housekeeping. 44essrs. f. and j. "
coffee,1860,2,2075,1062,5.259,True,and coffee chlna tea china dessert services. china breakfast services. china in every description of ornamental and useful articles. table 'services in stone ch...
coffee,1860,2,2075,1066,5.2626,True,"and coffee china t. e a china dessert services. china breaxpast services. ttoaibllleetserernsiecrfivesstionngereivta,rariee.tcyfa.mmencing at al 7s. & tablechin..."
coffee,1860,2,2075,1070,5.2691,True,"teas of the finest quality fine full flavoured assam congou tea, 4s per pound; mocha and other coffees; iluutley & palmer's, carr & co's., and haylock & co's. biscuits; british wines; good preserving "
coffee,1860,2,2075,1089,5.2892,True,"caution to f i.; i.: drinkers. hite, fa-it:child, send company's en i concentrated coffees are ieiio. n thrno!,!..olit the three kingdoins as the best and the cheapest pri2l,ara toms ever submitted to"
coffee,1860,2,2075,1106,5.3191,True,"teas of the finest quality fine full flavoured assam congou tea, 4s per pound; mocha and other coffees; iluutley & palmer's, carr & co's., and haylock & co's. biscuits; british wines; good preserving "
coffee,1860,2,2075,1153,5.3811,True,"the finest coffee gii,own. that cblei3rated mark, ml jamaica, to be had, price is, 5d., raw, is. 6d. roasted, at ally or henry ta te and co.'s st ores, in lltertrool a..."
coffee,1860,2,2075,1170,5.3988,True,"the finest coffee grown. that celebrated, mark, aic' jamaica, l to be had, pric' is. 5d., raw, is. 6d. roasted, at any of henry tate and co.'s stores, in liverpool and..."
coffee,1860,2,2075,1184,5.4241,True,"the finest coffee grown. that celebrated mark, mlea jamaica, to be had; ptlee ls, 114, raw, is. 6d. roasted, at any of henry tate and co.'s stores, in literpool and bi..."
coffee,1860,2,2075,1240,5.5116,True,the only coffee machine to pro- duce the beal and bost pronfth ('a fp ismlrt coffee machines from 3s. 9d. to 1?s. 6d. in tin. 61. 7s. to 245. in bronze. 46 gi .£2 to...
coffee,1860,2,2075,1278,5.5764,True,"the finest coffee grown. that celebrated, mark, aic' jamaica, l to be had, pric' is. 5d., raw, is. 6d. roasted, at any of henry tate and co.'s stores, in liverpool and..."
coffee,1860,2,2075,1327,5.6593,True,"grocery list of prices:- excellent family congon 39 4d good f.mily coffee le 4d rich currants from 4d to 5d good sap .. from 3d &4dto 5d hudson's extract of• soap, greatly to per packet. admired .. • "
coffee,1860,2,2075,1363,5.7274,True,"... daring robbery in tiie london doms.—thomas crompton and john bayn, dock labourers, were brought before mr. partridge, charged with stealing 71bs. of coffee. george ellis, a constable in the lo"
coffee,1860,2,2075,1368,5.7367,True,casselvs coffees. tior a long aeries of years throe truly cele- brated ffees have been held in the highest estimation throughout the united kingdom by the many thous...
coffee,1860,2,2075,1371,5.7425,True,china tea and coffee china dessert services. • china breakfast services. cahbinlae isotegryiedkessoirinptstioonnofeoeßtinlanmaental and useful articles. table services in...
coffee,1860,2,2075,1381,5.7621,True,and coffee china tea china dessert services. china breakfast services. china in every description of ornamental and useful alticles. table services in stone chi...
coffee,1860,2,2075,1385,5.768,True,":ranspire. coffee prices were stead 3%. • .„. tea'i' thil market was flat 24,0q0. packages will be offered for sale on thursday. rice the inquiry nvis active. on satur..."
coffee,1860,2,2075,1387,5.7686,True,"t. & 11. male-es ea vssence of coffee gives instantly a -a-a delicious cup °moires with boding water o milk merely. la bottles at in. and is to be had of all grocers, chemist., sc. at t e..."
coffee,1860,2,2075,1391,5.7803,True,"commercial intelligenee. exchange is quoted—london, 27; paris, 352 to 356; hamburg, 670. coffee firm at 5,500 to 5,600 reis per antsba for good first. stock 50,000 bags. anniversary of the closing of "
coffee,1860,2,2075,1394,5.7888,True,"t._ & h. 4plith'b essence ii-i-c;firet.;—rves instantly a fit`licimlß clip of coffee nil h minty water or mint mei-ely. in boll-10 at is. and s. 'fa ha had of ka grocers, chemists, to. hi coletaamstre"
coffee,1860,2,2075,1400,5.8043,True,and coffee china tea china dessert services. china breakfast services china in every description of ornamental and 'useful articles. table services in stone chi...
coffee,1860,2,2075,1411,5.8229,True,casselvs coffees. tior a long aeries of years throe truly cele- brated ffees have been held in the highest estimation throughout the united kingdom by the many thous...
coffee,1860,2,2075,1412,5.8234,True,"coffees. good useful coffee ls od pee lb. finest plantation, do % ditto, east india, do.. ditto, pea berry, do ls lid do. epp's cocoa, nibs, rock, &c.; genu..."
coffee,1860,2,2075,1429,5.8634,True,"...rived at lisbon on thursday, with advices from. rio janeiro to september 25th. the course of exchange at rio had improved, being 27 to 27k on london. coffee mark"
coffee,1860,2,2075,1438,5.8911,True,"london produce the following sales are advertised for.-to-morror:— sugar-: 500 hhds. west india aud 1,600 bags mauritius. coffee • 300' casks and 700 bags ceylon coffee: ceecia 120 bags grenada. rice "
coffee,1860,2,2075,1447,5.9065,True,"and easier. wheat hear:y^. corn lower. coffee firm. sugar steady. new oleans, fute 15.—cotton quiet ,ales 1,100, at irregular rates; middling ile to 11jc sales of the week 6,000 bales; total expo..."
coffee,1860,2,2075,1458,5.9287,True,general notices. family mixture .• finest do. .. .. genuine ground .. whole coffee .. .• moist .. • • sparkling lump splendid currants .. • • fine do. .. .. finest valencia raisins .. soaps. pale .. •
coffee,1860,2,2075,1464,5.9387,True,"coffee papers. buff and yellow cap, de.ay, royal, and double pot register office for servants. good servants in constant request. none but those of good cha..."
coffee,1860,2,2075,1469,5.9547,True,"14•1.4--10-s-- coffees. good useful coffee ls od per lb. finest plantation, do ls 4d du. ditto, east india, do .l s 8d do. ditto, peaberry, do la 8d do. epp's cocoa, nibs,..."
coffee,1860,2,2075,1471,5.9559,True,"public notice. john o a k le y, tea. and coffee merchant, no. 2, st. james's-place, legs to announce to his numerous friends and the public in general, that he intends closing his establishment on ..."
coffee,1860,2,2075,1487,5.9858,True,"tie finest coffee grown. tii at celebrated mark,. c a jamaica, m l to be ,havrice is. 5d., raw, is. 6d. roasted, at any of henry tate and co,,s. stores, in liierpool a..."
coffee,1860,2,2075,1491,5.9954,True,"n -armalade for se a. t ___ the fineet t ;oh --the -cia-n-ceijor-of—the exchmui operate.""—north british daily mail, no ary, 1.63. tea' coffee, and strg are admitted on all hands to be no longer ii but"
coffee,1860,2,2075,1503,6.0162,True,"coffees. good useful coffee ls od per lb. finest plantation, do ls 4d do. ditto, east india, do ls 6d do. ditto, peaberry, do ls 8d do. epp's cocoa, nibs, r..."
coffee,1860,2,2075,1510,6.0236,True,"coffee and pipes. opicrivo diva/c. in our cumneß, no matter whether at yeevi', dorchester, weymouth,- brirlport, woodford 0 t'tabory—"" the chough and the cr..."
coffee,1860,2,2075,1516,6.0389,True,"coffees. good useful coffee ls od per lb. finest plantation, do ls 4d do. ditto, east india, do ls lid do. ditto, pea berry, d 0... ls 84 do. epp's cocoa, n..."
coffee,1860,2,2075,1522,6.0624,True,"coffees. good useful coffee i. od per lb. finest plantation, do la 4d do. ditto, east india, do ls (id do. ditto, peaberry, do epp's cocoa, nibs, rock, genu..."
coffee,1860,2,2075,1523,6.0633,True,"... ttl egs respectfully to announce that he has re-opened the capacious premises, 25: high' ntreitt,vrockton on-tees, with an entire new stock of teas, coffees. and colonial phoduce, and it i"
coffee,1860,2,2075,1526,6.0729,True,"'rodijce. to-day for. sugar. coffee activity, but prices well t, is. old. saltpetre quiet. london tallow. the • market continues firm, and prices are again slightly better, compared wit..."
coffee,1860,2,2075,1530,6.0789,True,"♦ coffee nom kim& bo6ert beath, aged iti;proprleto7 of the express coffee house, weston•place, king's-orose, was cbezged before mr. cooke with stealing a cash..."
coffee,1860,2,2075,1542,6.0998,True,"caution to coffee nvh ite, fairchild, and company's patent concetteatzd odfmr ere known throughout the three kingdoms as the best end the cheapest preparstiose ever su..."
coffee,1860,2,2075,1548,6.11,True,the only coffee machine to pro- duce the beal and bost pronfth ('a fp ismlrt coffee machines from 3s. 9d. to 1?s. 6d. in tin. 61. 7s. to 245. in bronze. 46 gi .£2 to...
coffee,1860,2,2075,1551,6.1111,True,"tiie only coffee machine to pro- duce the real and best french cafe noir. *toffee machines from 3e. 9d. to 12s. 6d. in tin. al' 4.; 7s. to 245. in bronze. 14,,, 14 £2..."
coffee,1860,2,2075,1573,6.1604,True,"... tuesday evening, february 12, 1861. hall was sodded, and le said he recollected haring the money in his pocket when he wee in the oath, sad when the coffee tame rowel he missed it. the pr"
coffee,1860,2,2075,1582,6.1864,True,"...eat, winter red, 1.18 dol. chicago spring, 1.00 dol. extra state flour, 4.55 dols. tallow, 91c. lard, 87,c. spirits of turpentine dull, at 1.571 dol. coffee firm at 201 c. freig"
coffee,1860,2,2075,1593,6.2152,True,"commercial intelligence. rio.—exehange on london, 251- to 25; on paris, 385 and on hamburg, 730. exportation of coffee since the depart ure of the last mail.--for the united states, 115,529 for the ch"
coffee,1860,2,2075,1602,6.2229,True,"[stamped, w. additional.] la. lower. provisions dull. coffee steady. sugar goodiuquiry. molassesquiet. crude petroleum, 24. mexico. new york, aran. 21. advioes received here vie san francisco from the"
coffee,1860,2,2075,1611,6.2373,True,"groceries. lump and soft sugar, teas, soap, cigars, tobacco, rice, soda, oils, vinegar, currants' treacle, mustard, starch, soda, coffee, pickles, preserves, baking powders, blacking, spanish, biscuit"
coffee,1860,2,2075,1612,6.2377,True,"pursuant to a decree of the high court of chancery, made in a cause of gibson v. shaw,"" the creditors of william gibson, late of baker's coffeehouse, lombard-street, in the city of london, tavern keep"
coffee,1860,2,2075,1613,6.2512,True,china tea ant) coffee china dessert services. china breakfast services. china in every description of ornamental and useful articles. table services in stone china. table ...
coffee,1860,2,2075,1617,6.2587,True,china tea and coffee er v i c e s. china dessert services. china breakfast services. china in every description of ornamental and useful articles. table services in stone...
coffee,1860,2,2075,1639,6.3118,True,'iihe london coffee and eating- novo: ee/:p/at' zenisvolent amikiation. the /mit 54.1 entii mau-yearly gk.% kral min- ini. .4 the %inhere ut the shave inetitntion will b...
coffee,1860,2,2075,1641,6.3176,True,andcoffee china tea ciiina. dessert services. china breakfast services. china in every description of ornamental and useful articles. table services in stone c...
coffee,1860,2,2075,1647,6.3289,True,"gimp, i live no vor a long series of years these traly celebrated coffees have been held ia the highest estimation throughout the united kingdom by the malty thousands of families to whom they have be"
coffee,1860,2,2075,1651,6.3439,True,"commercial intelligence. rio.—exchange on london, 251 to 25; on paris, 385 and on hamburg, 730. exportation of coffee since the depart ure of the last mail.—for the united states, 115,529 for the chan"
coffee,1860,2,2075,1679,6.423,True,napier's/patent glass coffee apparatus the.trade supplied. teas. thomson's teas are now near as well • known and popular as his coffees.- they are selecten with the same great ca...
coffee,1860,2,2075,1684,6.4408,True,tlle only coffee machine to pro- duce the real and best french cape noir. coffee machines from 3s. 9d. to 1?s. 6d. in tin. is. to 245. in bronze. £2 to /24 in electro...
coffee,1860,2,2075,1687,6.4466,True,coffees. vior a long aeries of year. these truly cele- -1: tinted cakes have been hcld in the highest eatimation throughout the united kingdom by the many t...
coffee,1860,2,2075,1699,6.5002,True,"caution to coffee drinkers. white, fairchild, and company's patent concenteated comiliin u. known throughout the three kingdom is din bed and cheapest preparations eve..."
coffee,1860,2,2075,1700,6.5002,True,"illiiimminionsmon he ifi 1-111-f, satuedat, my 14, 1864. t itai‘i es, serious garibaldian quarrel.—wiiiiam si fil mons, a coffee hou-e k eper, at limehouse, surrendered on bail to answer a cla.rge of "
coffee,1860,2,2075,1707,6.5264,True,ihm333lff coffees. for a long series of years these truly cele- brated c. frees have been held in the highest estimation throughout the united kingdom by the many tho...
coffee,1860,2,2075,1717,6.5495,True,"bt messrs. byford and son, on tuesday, the 22nd instant, at `even for half-pa=t seven o'clock in the evening p ceisely, at mr. marshaq't coffee housq, subject to the-,conditions of sale to be .theh pr"
coffee,1860,2,2075,1719,6.5511,True,cfe for a long series of years these truly celebrated coffees have been held in the highest estimation throughout the united kingdom by the many thousands of families to .hom they have become an aceui
coffee,1860,2,2075,1724,6.5672,True,"...oner, printer. paper miciiant, ttc., 7, sii.v1:11.-stio-:et, stockton-on-i'l.m l / vi•flly liirl.4-, and wed-seleeted stock of la. canieter-, scaies, coffee jinxes, tea mills, c"
coffee,1860,2,2075,1726,6.5721,True,"coffees. good useful coffee ls od per lb. finest plantation, do ls 4d do. ditto, east india, do ditto, peaberry, do ls ild do. epp's cocoa, nibs, rock, &c.;..."
coffee,1860,2,2075,1731,6.5972,True,"caution to coffee white, fairchild, aad company's patent concentrated coffees ere known throughout the three kingdoms ao the hest sag the cheapest preparations ever su..."
coffee,1860,2,2075,1732,6.598,True,"mincing-lank-(thu day.) the follel7laipuclicsian its decked iiwie-eaorrow auger 7(0 coals west indio, 4000 begs mauritius, sad 2,000 begs beat india. coffee 800 bags as ire ceylon, ea 1110 packages ww"
coffee,1860,2,2075,1734,6.6162,True,"no.a the during lower r tip al barely been a seriptio coffee rice, si raodera been n public s and a s value 01 been;; bp' _ing q per evil a fin took ph transmi lettvesi 13.0 e be changes witt consecit"
coffee,1860,2,2075,1735,6.6228,True,"established 1847 gvlbert brothers, family grocers, • 41, lime-street (opposite elliot-street, are selling much better 4s tea & is. ""4 d. coffee thturean be had at other establishments in liverpool, ex"
coffee,1860,2,2075,1739,6.6379,True,"stockton-on-tees. a truly important sale of silver-plated tea st coffee seivices, table and other cutlery in ivory se pearl, ornamlutal elega.ncies, beautifully designed and admirably executed by firs"
coffee,1860,2,2075,1740,6.6396,True,"provisi9ns steady. coffee and molasses quiet. sugar very firm. new youx, feb. 5, midnight. washington official despatches regard the encounter off charleston as greatly exagge..."
coffee,1860,2,2075,1742,6.65,True,"james mayer, f resh coffee every day. _ david thomson, tea and coffee merchant, 69, buchanan street, glasgow, begs respectfully to intimate to families returning to town, or go..."
coffee,1860,2,2075,1743,6.655,True,china tea and coffee e r vice s. china dessert services. ciiina breakfast services. china in ow* description of ornamental and useful articles. table services hi stone mi...
coffee,1860,2,2075,1745,6.6581,True,"...ets, friday.—the colonial produce markets during the week have not presented any material change, the transactions generally being cf moderate extent coffee conti"
coffee,1860,2,2075,1746,6.6611,True,"snig, feb ru, gert. fs deelinhig. midcubig li ti, 98. flour, whoa, wm, awl peovisio wing. coffee heavy. buser quiet. molama vy. petroleum very dull crude, 47 relined, 67. canada. openingpar of the can"
coffee,1860,2,2075,1747,6.6645,True,"[stamped, ld. additiomal] slightly firmer. provisions rising. coffee quiet. sugar steady molasses good inquiry. petroleum steady—crude, 31c. to 32c. refined, 46c. to 47c. leiricloo. new york, jar. it "
coffee,1860,2,2075,1748,6.6693,True,"caution to coffee white, fairchild, and company's patent concentrated coppein are known throughout the three kingdoms as the best misi the cheapest preparations ever s..."
coffee,1860,2,2075,1749,6.6725,True,"caution to coffee -drinkers. white, fairchild, and company's patent concentrated coffees are known throughout the three kingdoms as the best and the cheapest preparati..."
coffee,1860,2,2075,1750,6.6726,True,"...es. daring robbery z the london dom.—thomas crompton and john bayn, dock labourers, were brought before mr. partridge, charged with stealing 7lbs. of coffee. george ellis, a constable"
coffee,1860,2,2075,1764,6.7285,True,"gimp, i live no vor a long series of years these traly celebrated coffees have been held ia the highest estimation throughout the united kingdom by the malty thousands of families to whom they have be"
coffee,1860,2,2075,1766,6.732,True,"...gar there is only a small private contract business, and previous rates are supported. the demand is quiet for refined. common grocery lumps. cin 64. coffee firm. good to fine "
coffee,1860,2,2075,1773,6.7902,True,"delicious coffee. william and georoe law._ coffee merchants to tho. quern. m 4. new oxford...street. t"" horse and cattle keepers. iirtritioes coosa extract for homes ..."
coffee,1860,2,2075,1775,6.8004,True,"loymil'b hydrostatic tia and coffee peroolatoii.-1 to 100,000 cups, stew and bright. is • milli. groat wing. 341,030 ent4 from .s. erertwoors. prisportas test !roc—f. °collis, agent, p,..."
coffee,1860,2,2075,1776,6.8063,True,"-napier's celebrated coffee apparatus. bole agent :—joseph middleton, family find dispensing chemist, cleveland-terrace, middlesbrough."
coffee,1860,2,2075,1780,6.8244,True,"public notice. john oakley, tea and coffee merctiani,, \0.2, st. james's-place, legs to announce to his numerous friends and the public in general, that he intends closing his establishment on..."
coffee,1860,2,2075,1789,6.8721,True,"wanted, a coffee room waitress, who must ha,e filled a similar situation ptidou-ly. also a lalu' boy, as wai i'er in a billiard room. good character indispensable. ap..."
coffee,1860,2,2075,1794,6.8877,True,"...-a-, don produce market, friday. hte,""rigar in fair demand, at firm rates. refined ir low jumps, 425. 3d. tea several t,ll selling. prices unaltered. coffee 4„a.ie;""4,t"
coffee,1860,2,2075,1796,6.9043,True,"the finest coffee grown. that celebrated mark, ca jamaica, m l to be had, pric is. 5d., raw, is. 6d. roasted, at any of henry tate and co.'s stores, in liverpool and b..."
coffee,1860,2,2075,1798,6.9047,True,"adtrag- n into the of grocery • abort _...sed java -- crumbs, pate and rye chicory, burned sugar, and coffee es- sence. ground cinnamon was adulterated with tapioca, ground mace with pulverise i crack"
coffee,1860,2,2075,1800,6.9094,True,"harmonii73ib-new model.- =mull lull na c. fn. lievat•trigt. i _ovum's hydrostatic tea and coffee aa pucdlatoh.—i to im mo riigh strong sad bright, is • wassrst. great saving. win lioa mai errtrybrch p"
coffee,1860,2,2075,1802,6.9123,True,"...daring robehet in the london docits.—thomas crompton and john bayn, dock labourers, were brought before mr. partridge, charged with stealing 7lbs. of coffee. george ellis, a constable in the l"
coffee,1860,2,2075,1805,6.9235,True,"fine gunpowder, pekoe, caper, tfre. coffees. family mixture finest do. .. genuine ground whole coffee .. moist splendid lump fine currants finest do. fine valencia raisins sugars. fruits. soap..."
coffee,1860,2,2075,1807,6.9373,True,"...lligence. (itzurza's imicmum) the brazil mail. arrival of the navarre. rio de janeiro, arm, 24. exchange on london, 231 to 24}; on paris, 395 to 401. coffee 6.100 to 6.309 rein. total shipm"
coffee,1860,2,2075,1814,6.9757,True,"...e ivory day, at 9 o'clock. n.b. during the exhibit on sf-.-r<moon the london dinner will be served daily from two uum ulna &clock, and dimness in the coffee roan i la carte fres c"
coffee,1860,2,2075,1815,6.977,True,coffees. vior a long aeries of year. these truly cele- -1: tinted cakes have been hcld in the highest eatimation throughout the united kingdom by the many t...
coffee,1860,2,2075,1816,6.9807,True,"fine onnpowder, pekoe, caper, .stc. coffees. .. la od per lb. .. 14d „ •,d.io 34d, 44, and 4id per • 54 and sid „ fruits. 20 per rs. .. 34 and 4d „ 4id „ family mixture .. finest do. genuine g..."
coffee,1860,2,2075,1817,6.9831,True,"...lli3 pure tea. agents wanted ha all places not fully =palls& cabskiais pure tea. no. 1,2 s. 4d. per lb.; no. 2. is. 84. per lb. caf3sell'b celebrated coffee "
coffee,1860,2,2075,1819,6.9901,True,"...daring robehet in the london docits.—thomas crompton and john bayn, dock labourers, were brought before mr. partridge, charged with stealing 7lbs. of coffee. george ellis, a constable in the l"
coffee,1860,2,2075,1821,7.0072,True,"commercial intelligence. rio de janeiro, jolt 24. exchange on london, 18. coffee good first, 7.500 rein sales, 125,000 bags shipments since the last mail, 15,146 bags for the channel 6,632 for the nor"
coffee,1860,2,2075,1824,7.0116,True,"the express, monday eve: d elicioiib coffbil wiia.iam and oeonige llw. coffee liniwiianthretsto thittrllzen. am new oxfo john biwudkn'b 01.m810 jbwelby. imius—inusr-class sum= medal. tea. john b.roudk"
coffee,1860,2,2075,1825,7.0143,True,"...es. daring robbery z the london dom.—thomas crompton and john bayn, dock labourers, were brought before mr. partridge, charged with stealing 7lbs. of coffee. george ellis, a constable"
coffee,1860,2,2075,1834,7.0661,True,".oysile hydrostatic tea and coffee pilsooi.aiuit.-1 to mani oopo, arnow and toomot. wool ming. 01,6111 p o fps % of lc. qcond-hand pianofortzil k, cajun"" siuill& sad ca haw s kris sorr..."
coffee,1860,2,2075,1841,7.0856,True,"established 1847. gilbert brothers, family grocers, 41, lime-street (orrostrx elliot-biitxp,t, are selling much better 4s. tea• & is. 4d coffee thin can bchad at other establishments in liverpool, exc"
coffee,1860,2,2075,1843,7.1041,True,"established 184: gilber•t, bi family ,grocers, 41, lime-street (opposite elliqt-street, • arel3elling much hetter 46. tea coffee than o'an bp at other establishments in liverpool, excepting their bran"
coffee,1860,2,2075,1844,7.1065,True,and coffee china -tea china dessert services. china breakfast services. table services in stone china. china in every description of ornamental and useful artic...
coffee,1860,2,2075,1849,7.1145,True,"flour and wheat quiet. corn tending downwards. provisions heavy_ coffee very firm. sugar very dull: molasses quiet. petroleum heavy. crude, 26 261 refined, 42 to 44. the following telegram, although l"
coffee,1860,2,2075,1850,7.1147,True,"mincing lane.(thiday.) the following public salsa are advertised for tomorrow &gar 500 hogsheads west india 18,000 begs mauritius. coffee 230 casks plantation ceylon. the private contract markets have"
coffee,1860,2,2075,1854,7.1401,True,"and patentee. 22 and 31, west '- i. w. allcn. maw ii ind, laudon. w.c. i..oysel's hydrostatic tea and coffee piiloolatoil-1 to 100,000 cups, strong and bright, is • oninsimt, omni swim. 14000 sold. fr"
coffee,1860,2,2075,1855,7.145,True,china tea and coffee china dessert services. china breakfast services. china in every description of ornamental and useful articles. table services in stone china. table ...
coffee,1860,2,2075,1859,7.1713,True,"sporting intelligence. newmarket first spring meeting.— tuesday. the coffee room stakes of 50 sovs each, for three-yr-olds colts, bst 71b fillies, bst 41b. a.f. 1 mile 2 furlongs 73 yards. 4 subs. mr."
coffee,1860,2,2075,1861,7.1953,True,and coffee china -tea china dessert services. china breakfast services. table services in stone china. china in every description of ornamental and useful artic...
coffee,1860,2,2075,1863,7.2079,True,"16r 1863. 1166. .10. 110,1114.611 21,911tt siapkina coffee cocoa italslns pepper lb. 28799.3 4-1; -i:=!i:, cwt. -444;e11 .cwt. 84,796 47,1611 vms lb. 8,440,798 9,817,491 11,0113641 gay. 7466,478 13,98"
coffee,1860,2,2075,1865,7.2289,True,"interests frightful tragedy in holborn. mysterious murder of three children. on saturday last a respectably dressed man called at the star coffee house and hotel, in red lion street, holborn, and inqu"
coffee,1860,2,2075,1869,7.2415,True,"1110a71, the f during t] animation remain u owing to coffee the slightly r exhibited petre thei increased market, eonsumpt 60s. 6d., 1 there bank of the fo left melb the roxb. britain w the s notified"
coffee,1860,2,2075,1872,7.255,True,...owna ..1 .... 112 -i 1:::: 12. mincing-lams.—(tiiib day.) markets generally bays bean inactive since friday. 8t oar.—no sales of importance reported. coffee remains quiet. tel.—the pub
coffee,1860,2,2075,1878,7.3177,True,"napier's celebrated coffee apparatus.— sole agent :—joseph middleton, family and dispensing chemist, cleveland-terrace, middlesbrough."
coffee,1860,2,2075,1882,7.3344,True,"howie. ols. to 10 30 dole., 4 to 25 doilare. advance coffee sugar- !sae from ,hol from' 5 dole. to, o. 80c. to- )rk have [together fully as e trades. advance p-r cent. eyf york ncreased the war, adyan"
coffee,1860,2,2075,1883,7.3364,True,"cocoa. —lraports; consumption. lbs. lbs. feb 1861 „ 1862 1,101,305 341,905 „ 1863 254,148 397,164 coffee. feb. 1861 „ 1862 6 580,256 2,884 982 „ 1863 3 803,757 2,602,965 u gail. feb. 1861 „ 1862 580,0"
coffee,1860,2,2075,1891,7.368,True,ihm333lff coffees. for a long series of years these truly cele- brated c. frees have been held in the highest estimation throughout the united kingdom by the many tho...
coffee,1860,2,2075,1892,7.37,True,"artillery a“ the indian ^ coffee there fedorale confirma- germa ny. coburg, jan. 17.—the coburger zeitung of says pla'llie dukeshst n as txtreofrdih'e extraordinary to-day for u-n:su..."
coffee,1860,2,2075,1893,7.3776,True,"may' 22, 1868. family mixture finest do. .. genuine ground whole coffee .. splendid lump fine currants hiitidlesbro u (3 h. finest do. fine valencia raisins sugars. .. fruits. soaps. s stock of ""the t"
coffee,1860,2,2075,1894,7.3836,True,"...ney et ""hangs dull ipeculative lois, 661 cotton ia middling u flour ter: 11pap.y• pr illiet and i] 21/os.p, business markets d toderatel3 pllees, bu, coffee has tic*, fruit, sa"
coffee,1860,2,2075,1895,7.3839,True,"lo qtnff barbi, june 25. the coffee sales since the last steamer amounted to about 65,000 bags. 13,000 north of europe, \ at a decline 10,000 south, 3 of 300 r. 42,000 states, stock lef..."
coffee,1860,2,2075,1897,7.3967,True,".01.811:8 hydrostatic tea awl coffee piulcolatur —1 to 100.000 ma, areas wed bright. le a mansii. gnat eaviwg. 55.000 e. 4.1 ines es. everywhere. i•nweeetie end tree.—j. oullis, awns, te..."
coffee,1860,2,2075,1905,7.4629,True,wit and humour. when is coffee like the earth p—when it is ground. what throat is the best for a singer to to reach high notes with ?—a soar throat. thk richest dish in thfl world....
coffee,1860,2,2075,1908,7.4851,True,"the bra zils. (by telegraph from lisbon.) rio janeiro, jan. 24. exchange on london, 25f i. coffee good, first, 7,100; second, 7,200. shipments to the channel and north of europe, 8,000 bags to the bal"
coffee,1860,2,2075,1910,7.4945,True,"—stocks citu.. and cotton were also unchanged. sugars cent; sales small. coffee with only trifling gales. leather was dull and tallow wim quiet, at to liverpool a shade 2s. the sales bales; re- marria"
coffee,1860,2,2075,1913,7.5597,True,"... zil mail 30.—the steamship _ mail, has arrived. she for southampton with 214 specie. has been elected r at 1. on. these the last mail wall 386 mares coffee to 64,, -^e the united for th"
coffee,1860,2,2075,1914,7.5668,True,c.hina tea.and coffee china dessert services. • china breakfast services. china in every description of ornamental and useful articles. table services in stone china. tabl...
coffee,1860,2,2075,1917,7.5709,True,"t oysele hydrostatic tea and coffee pilicolatoir.-1 s• laws ewe. ""watt and= sessaist. great esylog. km molt hem 5a preapectime mat free.-4. ow"" wale. n. caasoa.sinet, lc. szoond-hand pi..."
coffee,1860,2,2075,1918,7.571,True,"coffee papers. buff and yellow cap, da.ny, royal, and double pot"
coffee,1860,2,2075,1919,7.5777,True,"...mm house keepieb. to tim editor or ter milisii._ sta,—ln reference to a report (publiabed on friday last in your valuable newspaper) of a ineethur of coffee and mating-house k"
coffee,1860,2,2075,1920,7.5802,True,"the finest coffee grown. that celebrated mark, mlea jamaica, to be had; ptlee ls, 114, raw, is. 6d. roasted, at any of henry tate and co.'s stores, in literpool and bi..."
coffee,1860,2,2075,1921,7.5884,True,"coffee papers. buff and yellow cap, dexny, royal, and double pot"
coffee,1860,2,2075,1922,7.5928,True,"playing cards from 10d. per pack, at the herald office, strand. just arrived at j. f. goddard's, tea coffee ant) general provision stores, 1, cnulten-street, barrow. -a choice selection of fine new ch"
coffee,1860,2,2075,1924,7.6163,True,"...while, bin., anti chocolate, four-pouud white, blue, cuuury, blue .had(', anti groy tea papels. white awl c0100r,..1 dowy, foolscap, and double crown coffee papeizs. bull awl iello"
coffee,1860,2,2075,1928,7.6831,True,"zazzciioice genuine coffee il dt pun pound. • rams cougar roar rags. atoaas at t paints. phillips i co send teas. coffees and spice, carriage (raw to may railway station or mar..."
coffee,1860,2,2075,1933,7.7071,True,"cassell's celebrated coffee no. 4. &l per lb.; no. 5,2 a. par lb cassell's celebrated comma additional assot• required."
coffee,1860,2,2075,1934,7.7137,True,"loysil's hydrostatic tea awl coffee rugeolvrist to 11111,1100 cups, strolls sad bright, in • mom& gm* wing. m,lllo wild prom to kim whirs. prolgertirt int tree.—j. tgillis. acrid, >r ti..."
coffee,1860,2,2075,1936,7.7233,True,"... this week aft.r alfred ziellon's promenade concerts. £l,ooo reward.—whereas, anted for the a rehension of sigmund dttriciisrein, late of the jamaica coffee rous"
coffee,1860,2,2075,1937,7.7233,True,"established 1847. gil,bert brothers family grocers, 41, lime-street (opposite eutor-trriterr, are selling much better 4s. tea & ls. 4d. coffee than can be had at other establishments in liverpool, exc"
coffee,1860,2,2075,1939,7.747,True,"caution to coffee .drinkers. iat it e, fairchild, and company's patent concentrated coffees are knom n throughout the three kingdoms as the best and the cheapest prepa..."
coffee,1860,2,2075,1940,7.7482,True,"the forbesaanoe a have of th'.- anti ivating difficulty, examine coffee were withdrawn from the glasgow courier, thursday, january 2, 1862. the grain trade. (from the circular of messrs ewing, angus &"
coffee,1860,2,2075,1942,7.7603,True,"cassell's. celebrated coffer na. i. le. per lb.; no. 3, le. m. per lb. carrells celebrated coffee no. 4. la bd. per lb.; no. 5. si. tor lb"
coffee,1860,2,2075,1943,7.7667,True,"... wholesale stationer, printer, paper mr.rchant. &c. 7, silver streit, stocrton•on• teas. • avery lurgu and weil-eeleeted stuck of enlister++. scales, coffee 13.4e5, tea milli. c.lfee "
coffee,1860,2,2075,1946,7.7869,True,"fine gunpowder, pekoe, caper, dm coffees. family mixture fine.t du. .. genuine ground whole coffee .. sugars. sparkling lump fr.u.its. splendid currants .. fine do finest valencia raisins p..."
coffee,1860,2,2075,1948,7.8067,True,)ffieials who i rule. pootana by naoratulated one of the ost his life le pollee. ylon coffee nov. 21. bated vigl- e suspected ssful
coffee,1860,2,2075,1949,7.8105,True,"d bliciour coffee. william and ondsoe coffee new mnizciian voss ts to tn,witignln. nc oi jokin =ogden's classic jiiwilzy. idailifi -kwi-c.lass silve icedal. 1867. t ob..."
coffee,1860,2,2075,1951,7.8499,True,"arrears accord dators assets t of june further of jun( the i eastern lisbon. this affi reliance luortuidge p t length r ""the i eastern ing to t a pet coffee vice-cl the e glasgov co., of coed £1 the b"
coffee,1860,2,2075,1954,7.8543,True,"mastrs and servant select committee. brittat coffee hon e, agar street, strand, w.c., june 2, 1866. we, the undersic°med, h,ve sr.en with great regret the action taken by the london trades' council in"
coffee,1860,2,2075,1957,7.8883,True,"ellis davies & company, tea and coffee salesmen, 44, lord street, liveyoo7i. shipping news. barrow.-arrived. nov. 12th.—bonny, iddon cumavon, penhor- wood margaret, needham; william and sa..."
coffee,1860,2,2075,1959,7.9112,True,"coffee papers. buff and yellow cap, dt.ay, royal, and double pot"
coffee,1860,2,2075,1963,7.9456,True,wit and humour. when is coffee like the soil ?—when it is ground. a man of no a( ot \ t.—a ready-moneyed man. coats of mail.—the postmen's new uniforms.— fus. _ _ _ short calls are...
coffee,1860,2,2075,1964,7.9574,True,"valuable agency agents wanicd for ca.sell's coffee and t. as in every place whore there is not one already or terms apply to jonn cas sei.r. ,nip ct.. so, f,.nehurell-stroet, london, or lonum i.con it"
coffee,1860,2,2075,1965,7.9769,True,"cabseli/8 celebrated coffee no. 4, li. bd. par lb.; no. 5,2 s. per lb"
coffee,1860,2,2075,1969,8.0187,True,".31 oar i durin less anirt markets, instance, sales of prices .s,v sugars ni holders, for prey coffee thi values b active re, 411(1 for 1 and spin, nesa has vi ""'•arket speeulati, the dental fallen of"
coffee,1860,2,2075,1970,8.044,True,"iqncing-lana-(th7i day.) the follow* public sake are idvertised for to-morrow: —sugar 200 !dila barbedose sad 500 bap biota coffee 50 °mks *nation ceylon and 50 cask, native ceylon. the tunnel:es is t"
coffee,1860,2,2075,1973,8.0849,True,"hio.l the during animat remain owing coffee slightl: exhibit petre increa. market eons= 60s. 6d ther sank c the left m the ro britain the notified debt ni for wh 1,209,1 the appoin settling com..."
coffee,1860,2,2075,1975,8.1095,True,"camelia celebrated coffee no. 4, is. bd. per lb.; no. 5,2 s. per lb"
coffee,1860,2,2075,1977,8.1417,True,"t oysel's hydrostatic tea awl coffee aa ?wax atoil-1 or 100.00 rep, *trim an bright, ht liimismt (kw mallow gi,ght sold. pram ithoryw proopechri hist greg.—j. collis. agrag cana0.4.40.1,..."
coffee,1860,2,2075,1984,8.2101,True,"steady coffee advancing. freights firm cotton to liverpool, 5-16. montreal, march 17. flour sc. to 10c. lower. liverpool, thursday. the screw steamer north america..."
coffee,1860,2,2075,1985,8.2179,True,"...ased ,outer neer, al farwirable clvemot a noes. at • largo ',ocoee& for cash, a rinantltv of the very cholneet eltooro-ylatod goods, lechotne to alld coffee fivrt"
coffee,1860,2,2075,1986,8.2222,True,"... °pira hotil, scosetrest, oorsetgarden. opposite the grand intrance of the royal raga& opera, where i can get a dinner, in an elegant and comfortable coffee reont f"
coffee,1860,2,2075,1988,8.2372,True,"the sun.—latest edition to be seen in the coffee boom, at the ""southampton arms,"" high stre3t, camden-town, where all sporting and po cal events are freely discussed. min; latest or special edition ..."
coffee,1860,2,2075,1991,8.2711,True,"kr ws disbolved. s. tykes and f. j. lamm. lends, ilse merchants—j. blaney and h. byrne, duo., seething-lane coffee thaders—w. minister and a. barclay, southport, lancashire, joiners—j. stoneman and j."
coffee,1860,2,2075,1992,8.2713,True,"t _oval's ii ydrobtatic tea aid coffee il/ pimp g. nla—l to im,im eepa wm. end bright, le a armee 0f..“ swims. /14011 mit rfels la beryabera promeetee wet leva—./. pm"" eepal. k ceamesetral..."
coffee,1860,2,2075,1994,8.3156,True,"..., dal aillitzab at mizoram's' pro/its. no 11mt suitcsiono. formised. sa• *i. lg. lb. 111.0111lis lad c. imilerliddip. j .0113e1:8 hydrostatic tra sad coffee pumi"
coffee,1860,2,2075,1998,8.3756,True,"the sun.—latest edition to be seen in the coffee boom, at the southampton arms,"" high- street, camden-town, where all e porting and political events are freely discussed. the latest or special editi..."
coffee,1860,2,2075,2000,8.3956,True,".oyibels ydrostat*i tea an 4 coffee piciwolatoil —i to luitooo edipa dross sad bright, la a isiiste at. great saying .0,0• w prom livaryobers. prospectus scut free.-j. collis, sprat, 11..."
coffee,1860,2,2075,2004,8.4162,True,"the brazils. (by telegraph !rasa lithos. pee french 'tamer beinunedsre.) wo janeiro, amos? m. _ _ _ exchange on london is quoted 27 to coffee 7.100 to 7.200 reis. shipments, 44,500 bagrvof which 31,00"
coffee,1860,2,2075,2005,8.417,True,"duce .1, procec coffee has be 41/10111 yaried spices much has n( of poll a larg, quotat spring the alinin su( z, austrf bland, of auk tons receipt count x 1,064 ber, 4,' 16..."
coffee,1860,2,2075,2006,8.4343,True,"c e. miteur of this morning tting of the corps legis- htive to sugar and coffee t three votes. that the emperor, eurron, presided yester. of faenza taken demanded ~.ae purpose aty upon the future of i"
coffee,1860,2,2075,2008,8.4505,True,"llanelly railway and doc n ()tice is hereby given, that a half- -11 yearly general meeting of the com- pany will be held at the london coffee rouse, ludgate rill, in the city of london, on witnneanay,"
coffee,1860,2,2075,2011,8.5182,True,"...ive consignment, direct from the potteries, of patent ironstone and transparent china, dinner services, breakfast services, dessert services, tea and coffee services, "
coffee,1860,2,2075,2015,8.5984,True,...ears 4ccord dators i assets t of june further of june the i eastern lisbon. this afrz reliance and de portugr length r ir'lie eastern lug to tl a pet coffee viee-ch the 8 g
coffee,1860,2,2075,2016,8.681,True,"the- patent gas ec9nomiser, to zx sad only at the _ _ offices for procuring patents go inventions, 4, clayton-square, untßrool. china te,a and coffee • mina dessert services: citina breakfast services"
coffee,1860,2,2075,2019,8.7116,True,family mixture finest do. .. genuine ground whole coffee .. noun splendid lump fine currants finest do. fine valencia raisins
coffee,1860,2,2075,2023,8.7832,True,ioyseli3 hydrostatic tea an.' coffee 1./ pgatimarim —i so ism* aim straw sad la • a.m.* of ao. anti has fla wpm rwrireguesisat troc—.l. soak n. orera4iessii. lc.
coffee,1860,2,2075,2027,8.9085,True,"...aim. imam mod 04 ham a wpm mirtairet el essia‘lird thimls444, by os awl wilionesi =oran. 14 _3 mired piss. 14.4140/44. t aoysil's hydrostatic tea and coffee .141.4 111,11c"
coffee,1860,2,2075,2028,8.9476,True,"swansea and glamorgan herald, wednesday. march 30, 1864. up with a peculiar mile,"" t. k. strong, but coffee are stroner."" seward smiled, but mile no reply. we don't see low he could eply alter so at.i"
coffee,1860,2,2075,2029,8.984,True,"easy. illinois ni stales 92c. t 4.. cora was &drone- tint-04, tieeing, coffee • wlle quiet f, gold, 51 ..r ake out 660, ill to cape race.) -4 on london new six 92c."
coffee,1860,2,2075,2030,8.9973,True,"on the 27th instant, price ono shilling, temple-bar magazine for september. i. steven lawrence. yeoman. by the author of ""archie lovell."" chap. xx. coffee on the terrace. xxi. the farm garden. • xxii."
coffee,1860,2,2075,2031,9.0186,True,"t oyszlii hydrostatic tea asd coffee herculatm •• mon eget elms and bright, in a farwrat tins; lavisig. 0.1.1. ils. liver) ow re. rmeedes arm by. pte. li. offasaitnet, lc."
coffee,1860,2,2075,2032,9.0263,True,"...et.. have been well euppliediluga the demand, hotli for burro conetonption and for export, good, full term are in met inetaeece obtained. the moak el coffee "
coffee,1860,2,2075,2035,9.0672,True,"t .oysel'ii hydrostatic tea an coffee pliwolatoi.-1 to 100,000 cups, strong and bright, to a aanoist. gnat asivlog. 01,000 sold noun st kverywhore. haw—. collis. monti tit, canoes street...."
coffee,1860,2,2075,2037,9.1825,True,"360. rtgage toney ,0 110. flour coffee 10. ge on eng- [ding- -1 last ;rem, and slated n e%- arden ,tforrn age of -► c3lll- bj ect, t was seuss. ed to nners aces s amid it with yment y ex- ..."
coffee,1860,2,2075,2038,9.1856,True,"...lily., eirl c. 4 haw • by ••••bissmob wcnn l bami i t.. by use matt yabrytnyd rabin, yxratly naked wk.& dui, itccest amt. loysel's ydrustatic tea awl coffee pl.llel/lat."
coffee,1860,2,2075,2041,9.2892,True,"... 10, at 2. cheshire, muter porter, /ohs haymow (or ins 011), taro' itslll33ert, cheshire, boatmen, dec. 10 at i tyas bummer, ilannhighatn, yorkshire, coffee roaster, dec. 10, at 9.06."
coffee,1860,2,2075,2042,9.291,True,"varittio. tun 1108 t curious tiling.-a woman that is not curious. incridiele as it may seem, many of the richest planters in jamaica live on coffee grounds. a leopard shouldn't be caged. it would be h"
coffee,1860,2,2075,2043,9.3027,True,"...7th, vith, nth, 3004 anti 310, im'., in the t 1 nha 1,1., middlesbrough, n quantity nf 1. 1: 1""r it t)i i. a t 1.: 1) tat) 1) r.inwistiog of tie atul coffee lier"
coffee,1860,2,2075,2044,9.3324,True,wit and humour. an exalted distiny.—born to be hanged. can a man with wooden legs be considered afoot passenger? sweetening one's coffee is generally the first stirring event of the day. when a man lo
coffee,1860,2,2075,2047,9.3912,True,"m on, the i have sh( few day active, a have bei prices 1 coffee h the bett rice, fru /less ha saltpet: clined, raand a congrum acco, market and bet at previ there w upward only vithdri then market tia"
coffee,1860,2,2075,2050,9.4311,True,".oyseli hydrostatic tka furl coffee reacotarua.—i is nnw nip. elms tali week is a uslifmg• orm 110 sail rem la laarywhaae. pragaren ma boa —i (vw*. spiel, w. cammaaireet. le."
coffee,1860,2,2075,2052,9.4475,True,"cassell' coffee no 3 is 4d. per lb. • camell'a coffee, no. 4, 14. bd, per lb. sold in car,istera of 2 lb., 1 lb., and 1 lb. each and in air-tight packets of 4 or,, 2..."
coffee,1860,2,2075,2053,9.4664,True,"...r eireu.,ntance.-b.nno short time shear it was raid that the two knights in armour,"" whirl) are arranged to strike the quarter- n 1' working mi. 11.8 coffee and "
coffee,1860,2,2075,2062,11.0119,True,"... tne nines mentions that sir john lawrence will, after the expiration of his term of office, which takes place this month, go to ceylon, where he has coffee estates"
coffee,1860,2,2075,2065,11.3433,True,"... tne tones mentions that sir john lawrence will, after the expiration of his term of office, which takes place this month, go to ceylon, where be has coffee estates"
coffee,1860,3,432,1,4.1144,True,"the only coffee machine to pro- -a- dnee the real and best french cafe notr. coffee machines from 3s. 9d. to us. (d. in 7s. to 'rs. in bronze. £2 t0.,£4 in etectro-p..."
coffee,1860,3,432,2,4.1405,True,the only coffee machine to pro- duce the real and best french cafe noir. coffee machines from 3s. 9d. to 12s. gd. in tin. 41. 4l 7s. to 245. in bronze .. .6 1. £2 to...
coffee,1860,3,432,3,4.2115,True,the only coffee machine to pro- duce the real and best french cafe noir. coffee machines from as. 9d. to 12s. gd. in tin. 7s. to 245. in bronze. .4 £2 to £4 in elect...
coffee,1860,3,432,4,4.2138,True,the only coffee machine to pro- duce the real and best french cafe noir. coffee machines from 3s. 9d. to its. ed. in tin. 7s. to 245. in bronze. 64 £2 to £4 in elect...
coffee,1860,3,432,5,4.2331,True,the only coffee machine to pro- duce the real and best french cafe noir. coffee machines from 3s. 9d. to 12s. 6d. in tin. 7s. to 245. in bronze 64 £2 to £4 in electr...
coffee,1860,3,432,6,4.2435,True,'the only coffee machine to pro- duce'. the real and best french cafe noir. coffee machines from as. 9d. to 12s. 6d. in tin. 6l 7s. to 245. in bronze.. .f 2 to .£4 in...
coffee,1860,3,432,7,4.2516,True,the only coffee machine to pro- duce the real and best french cafe noir. coffee machines from 3s. 9d. to 12s. 6d. in tin. 44 4. 7s. to 245. in bronze. • 4i £2 to £4 ...
coffee,1860,3,432,8,4.2709,True,the only coffee machine to pro duce the real and best french pafe noir. coffee machines from 3s. 9d. to 12s. 6d. in tin. 44 7s. to 245. in bronze. it 46 £2 to £4 in ...
coffee,1860,3,432,9,4.2905,True,"the only coffee machine to pro, duce the real and best french ca.fe noir. _. _ _ coffee machines from 3s. 9d. to 12s. 6d. in tin. 7s. to 245. in bronze. f 2 to £4 in..."
coffee,1860,3,432,10,4.3072,True,the only coffee machine to pro- duce the real and best french cafe noir. coffee machines from 3s. 9d. to 12s. gd. in tin. 41. 4l 7s. to 245. in bronze .. .6 1. £2 to...
coffee,1860,3,432,11,4.3102,True,the only coffee machine to pro- duce the real and best french cafe noir. coffee machines from 3s. 9d. to 12s. gd. in tin. 7s. to 245. in bronze. 46 at .‘ £2 to £4 in...
coffee,1860,3,432,12,4.346,True,the only coffee machine to pro- duce the real and best french cafe noir. coffee machines from as. 9d. to 12s. 6d. in tin. 7s. to 245. in bronze. 44 it £2 to £4 in el...
coffee,1860,3,432,13,4.351,True,the only coffee machine to pro- duce the real and best french cafe noir. coffee machines from 3s. 9d. to 12s. 6d. in tin. 44 4. 7s. to 245. in bronze. • 4i £2 to £4 ...
coffee,1860,3,432,14,4.3735,True,the only coffee machine to pro- duce the real and best french cafe noir. coffee machines from 3s. 9d. to 12s. 6d. in tin. 44 7s. to 245. in bronze. 44 £2 to £4 in el...
coffee,1860,3,432,15,4.3924,True,the only coffee machine to pro- duce the real and best french cafe noir. coffee machines from lls. 9d. to 1?s. 6d. in tin. 7s. to 245. in bronze 41 £2 to £4 in elect...
coffee,1860,3,432,16,4.3927,True,the only coffee machine to pro- duce the real and best french cafe noir. coffee machines from as. 9d. to 12s. 6d. in tin. 7s. to 245. in bronze. 44 it £2 to £4 in el...
coffee,1860,3,432,17,4.4061,True,the only coffee machine to pro- duce the real and best french cafe noir. coffee machines from 3s. 9d. to 12s. gd. in tin. fit 7s. to 245. in bronze tt it £2 to £4 in...
coffee,1860,3,432,18,4.4093,True,the only coffee machine to pro- duce the real and best french cafe noib. coffee machines from 3s. 9d. to 12s. gd. in tin. 7s. to 245. in bronze. 44 14 £2 to £4 in el...
coffee,1860,3,432,19,4.4128,True,"the only coffee machine to pro- 3.- duce the real and best french cafe noir. coffee machines from :is. 9d. to 12e. 6,1. in tin. • 7s. to 245. in bronze. ti gi s 2 to..."
coffee,1860,3,432,20,4.4178,True,the only coffee machine to pro- duce the real and best french cafe noir. coffee machines from 3e. 9d. to us. gd. in tin. 44 7s. to 245. in bronze. 4‘ i& £2 to .£4 in...
coffee,1860,3,432,21,4.4389,True,the only coffee machine to pro- duce the real and best french cafe noir. coffee machines from 3s. 9d. to 12s. gd. in tin. 7s. to 245. in bronze. 46 at .‘ £2 to £4 in...
coffee,1860,3,432,22,4.4417,True,the only coffee machine to pro- duce the real and best french cafe noir. coffee machines from 3s. 9d. to 12s. 6d. in tin. 46 7s. to 245. in bronze. el t& £2 to £4 in...
coffee,1860,3,432,23,4.4484,True,the only coffee machine to pro- duce the real and best french cafe noib. coffee machines from 3s. 9d. to 12s. gd. in tin. 7s. to 245. in bronze. 44 14 £2 to £4 in el...
coffee,1860,3,432,24,4.4556,True,the only coffee machine to pro- duce the real and best french cafe noir. coffee machines from as. 9d. to 12s. gd. in tin. 7s. to 245. in bronze. .4 £2 to £4 in elect...
coffee,1860,3,432,25,4.4647,True,the only coffee machine to pro- duce the real and best french cafe noir. coffee machines from 3s. 9d. to 1?s. 6d. in tin. l 6 7s. to 245. in bronze. 61 at £2 to £4 i...
coffee,1860,3,432,26,4.4678,True,the only coffee machine to pro- duce the real and best french cafe noir. coffee machines from 3s. 9d. to 12s. 6d. in tin. 46 7s. to 245. in bronze. el t& £2 to £4 in...
coffee,1860,3,432,27,4.4693,True,the only coffee machine to pro- duce the real and best french cafe noir. coffee machines from 3s. 9d. to 12s. 6d. in tin. 44 7s. to 245. in bronze. 44 £2 to £4 in el...
coffee,1860,3,432,28,4.4868,True,the only coffee machine to pro- duce the real and best french cafe noir. coffee machines from is. 9d. to 12s. 6d. in tin. 7s. to 245. in bronze. 44 £2 to £4 in elect...
coffee,1860,3,432,29,4.4893,True,riihe only coffee machine to pro- duce the real and best french cafe noir. coffee machines from 3s. 9d. to 12s. 6d. in tin. 78. to 245. in bronze gi .£2 to £4 in elect...
coffee,1860,3,432,30,4.4901,True,the only coffee machine to pro- duce the real and best french cafe noir. coffee machines from as. 9d. to 1?s. 6d. in tin. 44 7s. to 245. in bronze. .£2 to f 4 in ele...
coffee,1860,3,432,31,4.4916,True,the only coffee machine to pro- duce the real and best french cafe noir. coffee machines from 3s. 9d. to 12e. 6d. in tin. 7s. to 245. in bronze. gi £2 to £4 in elect...
coffee,1860,3,432,32,4.4998,True,he only coffee machine to pro- duce the real and best french cafe noir. coffee machines from 3s. 9d. to 12s. 6d. in tin. 7s. to 245. in bronze. 44 £2 to £4 in elect...
coffee,1860,3,432,33,4.503,True,the only coffee machine to pro- duce the real and bess french cafe noir. coffee machines from is. 9d. to 12s. 6d. in tin. 44 7s. to 245. in bronze. 41 41 £2 to £4 in...
coffee,1860,3,432,34,4.5047,True,the only coffee machine to pro- duce the real and best french cafe noir. coffee machines from 3s. 9d. to 12s. 6d. in tin. 78. to 245. in bronze. if .£2 to £4 in elec...
coffee,1860,3,432,35,4.5094,True,the only coffee machine to pro- duce the real and best french cafe noir. coffee machines from 3s. 9d. to 1?s. 6d. in tin. ~ 7s. to 245. in bronze. « ii gi £2 to £4 i...
coffee,1860,3,432,36,4.5107,True,the only coffee machine to pro- duce the real and best french cafe noir. coffee machines from 3s. 9d. to 12s. 6d. in tin. 7s. to 245. in bronze 64 £2 to £4 in electr...
coffee,1860,3,432,37,4.5168,True,the only coffee machine to pro- duce the real and best french cafe noir. coffee machines from 3s. 9d. to 12s. 6d. in tin. 41 7s. to 245. in bronze. £2 to .£4 in elec...
coffee,1860,3,432,38,4.5186,True,the only coffee machine to pro- duce the real and best french cafe note. coffee machines from 3s. bd. to 12s. 6d. in tin. 44 l 6 7s. to 245. in bronze 41 1111 £2 to ...
coffee,1860,3,432,39,4.5243,True,the only coffee machine to pro- -a- duce the real and best french cafe noir. i:offee machines from 3s. 9d. to 12s. 6d. in tin. 7s. to 245. in bronze. £2 to £4 in ele...
coffee,1860,3,432,40,4.5261,True,'the only coffee machine to pro- a_ duce the real and best french cafe noir. coffee machines from 3s. 9d. to 12s. 6d. in tin. 44 7s. to 245. in bronze. 44 st £2 to £4...
coffee,1860,3,432,41,4.5366,True,the only coffee machine to pro- duce the real and best french cafe noir. coffee machines from 3s. 9d. to 12s. 6d. in tin. 7s. to 245. in bronze. 6 6 £2 to £4 in elec...
coffee,1860,3,432,42,4.544,True,the only coffee machine to pro- duce the real and best french cafe noir. coffee machines from is. 9d. to 12s. 6d. in tin. 7s. to 245. in bronze. 44 £2 to £4 in elect...
coffee,1860,3,432,43,4.5452,True,the only coffee machine to pro- duce the real and best french cafe noir. coffee machines from 3s. 9d. to 12s. ed. in tin. 44 14 7s. to 245. in bronze. it £2 to £4 in...
coffee,1860,3,432,44,4.5497,True,the only coffee machine to pro- duce the real and best french cafe noir. coffee machines from 3s. 9d. to 128. 6d. in tin. 61 7s. to 245. in bronze. .12 to £4 in elec...
coffee,1860,3,432,45,4.5564,True,the only coffee machine to pio- duce the real and best french cafe noir. coffee machines from 3s. 9d. to 12s. ffd. in tin. 46 7s. to 245. in bronze. £2 to £4 in elec...
coffee,1860,3,432,46,4.5566,True,the only coffee machine to pro duce the real and best french pafe noir. coffee machines from 3s. 9d. to 12s. 6d. in tin. 44 7s. to 245. in bronze. it 46 £2 to £4 in ...
coffee,1860,3,432,47,4.5583,True,the only coffee machine to pro- duce the real and best french cafe noir. coffee machines from 3s. 9d. to 12s. 6d. in tin. 7s. to 245. in bronze. it it £2 to £4 in el...
coffee,1860,3,432,48,4.5607,True,"the only coffee machine to pro- -a- dnee the real and best french cafe notr. coffee machines from 3s. 9d. to us. (d. in 7s. to 'rs. in bronze. £2 t0.,£4 in etectro-p..."
coffee,1860,3,432,49,4.5627,True,the only coffee machine to pro- duce the real and best french cafe noir. coffee machines from 3s. 9d. to its. ed. in tin. 7s. to 245. in bronze. 64 £2 to £4 in elect...
coffee,1860,3,432,50,4.5704,True,the only coffee machine to pro- duce the real and best french cafe note. coffee machines from 3s. bd. to 12s. 6d. in tin. 44 l 6 7s. to 245. in bronze 41 1111 £2 to ...
coffee,1860,3,432,51,4.5751,True,the only coffee machine to pro- duce the real and best french cafe noir. coffee machines from as. 9d. to 12s. 6d. in tin. 7s. to 245. in bronze £2 to £4 in electro-p...
coffee,1860,3,432,52,4.5799,True,the only coffee machine to pro- a. duce the real and best french cafe noir. coffee machines from 3s. 9d. to 12s. 6d. in tin. 7s. to 245. in bronze £2 to £4 in electr...
coffee,1860,3,432,53,4.5838,True,the only coffee machine to pro- duce the real and best french cafe noir. coffee machines from 3e. 9d. to us. gd. in tin. 44 7s. to 245. in bronze. 4‘ i& £2 to .£4 in...
coffee,1860,3,432,54,4.586,True,rillle only coffee machine to pro- ducea. the real and best french cafe noir. coffee machines from 3s. 9d. to 12s. gd. in tin. 66 7s. to 245. in bronze 46 • £2 to £4 in...
coffee,1860,3,432,55,4.597,True,the only coffee machine to pro- duce the real and best french cafe noir. coffee machines from 3s. 9d. to 12s. ed. in tin. 44 14 7s. to 245. in bronze. it £2 to £4 in...
coffee,1860,3,432,56,4.6015,True,the only coffee machine to pro- duce the real and best french cafe noir. coffee machines from 3s. 9d. to 12s. gd. in tin. fit 7s. to 245. in bronze tt it £2 to £4 in...
coffee,1860,3,432,57,4.6068,True,'the only coffee machine to pro- duce'. the real and best french cafe noir. coffee machines from as. 9d. to 12s. 6d. in tin. 6l 7s. to 245. in bronze.. .f 2 to .£4 in...
coffee,1860,3,432,58,4.6073,True,the only coffee machine to pro- duce the real and best french cafe noir. coffee machines from 3s. 9d. to 12s. 6d. in tin. 78. to 245. in bronze. if .£2 to £4 in elec...
coffee,1860,3,432,59,4.6321,True,the only coffee machine to pro- duce the real and best french cafe noir. coffee machines from 3s. 9d. to 128. 6d. in tin. 61 7s. to 245. in bronze. .12 to £4 in elec...
coffee,1860,3,432,60,4.6336,True,the only coffee machine to pro- duce the real and best french cafe noir. coffee machines from 3s. 9d. to 12s. 6d. in tin. 7s. to 245. in bronze. at 66 £2 to £4 in el...
coffee,1860,3,432,61,4.6367,True,the only coffee machine to pro- duce the real and best french cafe noir. coffee machines from lls. 9d. to 1?s. 6d. in tin. 7s. to 245. in bronze 41 £2 to £4 in elect...
coffee,1860,3,432,62,4.642,True,the only coffee machine to pro- duce the real and beat french cafe noir. coffee machines from 3s. 9d. to 12s. gd. in tin. 66 7s. to 245. in bronze. 46 £2 to £4 in el...
coffee,1860,3,432,63,4.6426,True,the only coffee machine to pro- duce the. real and best french cafe noir. coffee machines from 3s. 9d. to 12s. cl. in tin. 7s. to 245. in bronze. £2 to £4 in electro...
coffee,1860,3,432,64,4.6791,True,the only coffee machine to pro- -il duce the real and best french cafe noir. coffee machines from 3s. 9d. to 12s. 6d. in tin. 7s. to 245. in bronze. li 44 £2 to £4 i...
coffee,1860,3,432,65,4.6894,True,"rpm only coffee machine to pro- duce the real and best french cafe noir. coffee machines from 3s. 9d. to ds. 6d. in tin. 44 {4 7s. to 245. in bronze. "". £2 to £4 in ..."
coffee,1860,3,432,66,4.708,True,the only coffee machine to pro- -a- duce the real and best french cafe nom. coffee machines from 3s. 9d. to 12s. 6d. in tin. is. to 245. in bronze. 14 £2 to £4 in el...
coffee,1860,3,432,67,4.7164,True,the only coffee machine to pro- duce the real and best french cafe noir. coffee machines from 3s. 9d. to 12s. 6d. in tin. 7s. to 245. in bronze. 6 6 £2 to £4 in elec...
coffee,1860,3,432,68,4.7226,True,mite only coffee machine to pro- duce the real and best french cafe noir. coffee machines from 3s. 9d. to 12s. gd. in tin. 7s. to 245. in bronze ila £2 to £4 in elect...
coffee,1860,3,432,69,4.7785,True,the only coffee machine to pro- duce the real and beat french cafe noir. coffee machines from 3s. 9d. to 12s. gd. in tin. 66 7s. to 245. in bronze. 46 £2 to £4 in el...
coffee,1860,3,432,70,4.8445,True,the only coffee machine to pro- duce the real and best french cafe noir. coffee machines from 3s. 9d. to 12s. 6d. in tin. 7s. to 245. in bronze. it it £2 to £4 in el...
coffee,1860,3,432,71,4.8607,True,rinie only coffee machine to pro- duce-5- the real and best french cafe noir. coffee machines from 3s. 9d. to 12s. 6d. in tin. 4: 46 7s. to 245. in bronze. 41 44 x 2 t...
coffee,1860,3,432,72,4.8767,True,the only coffee machine to pro- duce the real and best french cafe noir. coffee machines from as. 9d. to 1?s. 6d. in tin. 44 7s. to 245. in bronze. .£2 to f 4 in ele...
coffee,1860,3,432,73,4.8854,True,"the only coffee machine to pro- 3.- duce the real and best french cafe noir. coffee machines from :is. 9d. to 12e. 6,1. in tin. • 7s. to 245. in bronze. ti gi s 2 to..."
coffee,1860,3,432,74,4.8967,True,rinie only coffee machine to pro- duce-5- the real and best french cafe noir. coffee machines from 3s. 9d. to 12s. 6d. in tin. 4: 46 7s. to 245. in bronze. 41 44 x 2 t...
coffee,1860,3,432,75,4.9173,True,the only coffee machine to pro- duce the real and bess french cafe noir. coffee machines from is. 9d. to 12s. 6d. in tin. 44 7s. to 245. in bronze. 41 41 £2 to £4 in...
coffee,1860,3,432,76,4.9255,True,"caution to coffee drinkers. white, fairchild, and company's patent concentrated coffees are known throughout the three kingdoms as the best and the eheapest preparatio..."
coffee,1860,3,432,77,4.9346,True,"the only coffee machine to pro- -a- dnee the real and best french cafe notr. coffee machines from 3s. 9d. to us. (d. in 7s. to 'rs. in bronze. £2 t0.,£4 in etectro-p..."
coffee,1860,3,432,78,4.9375,True,riihe only coffee machine to pro- duce the real and best french cafe noir. coffee machines from 3s. 9d. to 12s. 6d. in tin. 78. to 245. in bronze gi .£2 to £4 in elect...
coffee,1860,3,432,79,4.9428,True,the only coffee machine to pro- duce the real and best french cafe noir. coffee machines from as. 9d. to 12s. 6d. in tin. 7s. to 245. in bronze £2 to £4 in electro-p...
coffee,1860,3,432,80,4.9429,True,the only coffee machine to pro- duce the real and best french cafe noir. coffee machines from 3e. 9d. to us. gd. in tin. 44 7s. to 245. in bronze. 4‘ i& £2 to .£4 in...
coffee,1860,3,432,81,4.9484,True,"the only coffee machine to pro- -a- dnee the real and best french cafe notr. coffee machines from 3s. 9d. to us. (d. in 7s. to 'rs. in bronze. £2 t0.,£4 in etectro-p..."
coffee,1860,3,432,82,4.9493,True,"the finest coffee grown. that celebrated mark, sl jamaica, to be, had, prie is. id., raw, ls. cd. roasted, at any of henry tate. and co.'s. stores, in liverpool and bi..."
coffee,1860,3,432,83,4.9496,True,the only coffee machine to pro- -a- duce the real and best french cafe noir. i:offee machines from 3s. 9d. to 12s. 6d. in tin. 7s. to 245. in bronze. £2 to £4 in ele...
coffee,1860,3,432,84,4.9729,True,the only coffee machine to pro- duce the real and best french cafe noir. coffee machines from 3s. 9d. to 12s. 6d. in tin. 41 7s. to 245. in bronze. £2 to .£4 in elec...
coffee,1860,3,432,85,4.9735,True,the only coffee machine to pro- duce the real and best french cafe noir. coffee machines from 3s. 9d. to 12e. 6d. in tin. 7s. to 245. in bronze. gi £2 to £4 in elect...
coffee,1860,3,432,86,4.9911,True,"the finest coffee grown. that celebrated mark, 3ci a jamaica, to be had, prie ls. 5d.. raw, is. 6d. roasted, at any of henry tate and co.'s stores, in liverpool and bi..."
coffee,1860,3,432,88,5.0333,True,the only coffee machine to pio- duce the real and best french cafe noir. coffee machines from 3s. 9d. to 12s. ffd. in tin. 46 7s. to 245. in bronze. £2 to £4 in elec...
coffee,1860,3,432,89,5.046,True,"the coffee trade. choice old mocha, jamaica plantation, and neillgery coffees. d avid thoiison, ma ail 1., uoffee merchant, 132 buchanan street, (opposite the w..."
coffee,1860,3,432,90,5.0851,True,the only coffee machine to pro- duce the real and best french cafe noir. coffee machines from 3s. 9d. to 12s. 6d. in tin. 44 4. 7s. to 245. in bronze. • 4i £2 to £4 ...
coffee,1860,3,432,91,5.1242,True,"rpm only coffee machine to pro- duce the real and best french cafe noir. coffee machines from 3s. 9d. to ds. 6d. in tin. 44 {4 7s. to 245. in bronze. "". £2 to £4 in ..."
coffee,1860,3,432,92,5.1427,True,"caution to coffee drinkers. aat rite, fairchild, and company's ""1 patent concentrated coffees are known throughout the three kingdoms as the best and the cheapest prep..."
coffee,1860,3,432,93,5.1539,True,the only coffee machine to pro- duce the real and best french cafe noir. coffee machines from 3s. 9d. to 1?s. 6d. in tin. l 6 7s. to 245. in bronze. 61 at £2 to £4 i...
coffee,1860,3,432,94,5.1589,True,the only coffee machine to pro- duce the real and best french cafe noir. coffee machines from 3s. 9d. to 12s. gd. in tin. 41. 4l 7s. to 245. in bronze .. .6 1. £2 to...
coffee,1860,3,432,95,5.162,True,"the only coffee machine to pro, duce the real and best french ca.fe noir. _. _ _ coffee machines from 3s. 9d. to 12s. 6d. in tin. 7s. to 245. in bronze. f 2 to £4 in..."
coffee,1860,3,432,96,5.164,True,'the only coffee machine to pro- duce'. the real and best french cafe noir. coffee machines from as. 9d. to 12s. 6d. in tin. 6l 7s. to 245. in bronze.. .f 2 to .£4 in...
coffee,1860,3,432,97,5.1662,True,the only coffee machine to pro- duce the real and best french cafe noir. coffee machines from 3s. 9d. to 12s. gd. in tin. 41. 4l 7s. to 245. in bronze .. .6 1. £2 to...
coffee,1860,3,432,98,5.1775,True,the only coffee machine to pro- duce the real and best french cafe noir. coffee machines from 3s. 9d. to 12s. 6d. in tin. 46 7s. to 245. in bronze. el t& £2 to £4 in...
coffee,1860,3,432,99,5.1842,True,the only coffee machine to pro- duce the real and best french cafe noir. coffee machines from as. 9d. to 12s. 6d. in tin. 7s. to 245. in bronze. 44 it £2 to £4 in el...
coffee,1860,3,432,100,5.1844,True,the only coffee machine to pro- duce the real and best french cafe noir. coffee machines from 3s. 9d. to 12s. 6d. in tin. 7s. to 245. in bronze. at 66 £2 to £4 in el...
coffee,1860,3,432,102,5.2012,True,he only coffee machine to- pro- duce the real and best french. cafe noir. coffee machines from 3s. 9d. to 128. 6d. in tin. 7s. to 248. in bronze £2 to £4 in electro...
coffee,1860,3,432,103,5.2151,True,"caution to coffee -drinkers. white, fairchild, and company's patent concentrated coffees are known throughout the three kingdoms as the best and the eheapest preparati..."
coffee,1860,3,432,104,5.2231,True,the only coffee machine to pro- duce the real and best french cafe noir. coffee machines from 3s. 9d. to 12s. gd. in tin. 7s. to 245. in bronze. 46 at .‘ £2 to £4 in...
coffee,1860,3,432,105,5.2376,True,he only coffee machine to pro- duce the real and best french cafe noir. coffee machines from 3s. 9d. to 12s. 6d. in tin. 7s. to 245. in bronze. 44 £2 to £4 in elect...
coffee,1860,3,432,106,5.2444,True,"caution to coffee drinkers. white, fairchild, and company's patent concentrated coffees are known throughout the three kingdoms at the best and the eheapest preparatio..."
coffee,1860,3,432,107,5.2537,True,the only coffee machine to pro- duce the real and best french cafe noir. coffee machines from 3s. 9d. to 12s. 6d. in tin. 7s. to 245. in bronze 64 £2 to £4 in electr...
coffee,1860,3,432,108,5.2596,True,the only coffee machine to pro- -a- duce the real and best french cafe noir. i:offee machines from 3s. 9d. to 12s. 6d. in tin. 7s. to 245. in bronze. £2 to £4 in ele...
coffee,1860,3,432,109,5.288,True,"caution to coffee drinkers. white, fairchild, and company's patent concentrated coffees are known throughout the three kingdoms as the best and the 'heaps: preparation..."
coffee,1860,3,432,110,5.2987,True,"the finest coffee grown. that celebrated mark, f,t jamaica, to be had, pric ls. 5d., raw, ls. 6d. roasted, at any of henry tate and co.'s stores, in liverpool and birk..."
coffee,1860,3,432,111,5.2994,True,"the coffee trade. choice old mocha, jamaica plantation, and neillgery coffees. d a vid thomson, tea and coffee merchant, 132 buchanan street, (opposite the west..."
coffee,1860,3,432,112,5.3114,True,riihe only coffee machine to pro- duce the real and best french cafe noir. coffee machines from 3s. 9d. to 12s. 6d. in tin. 78. to 245. in bronze gi .£2 to £4 in elect...
coffee,1860,3,432,113,5.3137,True,'the only coffee machine to pro- duce'. the real and best french cafe noir. coffee machines from as. 9d. to 12s. 6d. in tin. 6l 7s. to 245. in bronze.. .f 2 to .£4 in...
coffee,1860,3,432,114,5.322,True,rillle only coffee machine to pro- ducea. the real and best french cafe noir. coffee machines from 3s. 9d. to 12s. gd. in tin. 66 7s. to 245. in bronze 46 • £2 to £4 in...
coffee,1860,3,432,115,5.3418,True,"the only coffee machine to pro, duce the real and best french ca.fe noir. _. _ _ coffee machines from 3s. 9d. to 12s. 6d. in tin. 7s. to 245. in bronze. f 2 to £4 in..."
coffee,1860,3,432,116,5.3424,True,the only coffee machine to pro- duce the real and best french cafe noir. coffee machines from 3s. 9d. to 12s. 6d. in tin. 44 7s. to 245. in bronze. 44 £2 to £4 in el...
coffee,1860,3,432,117,5.3438,True,the only coffee machine to pro- duce the real and best french cafe noir. coffee machines from 3s. 9d. to 1?s. 6d. in tin. ~ 7s. to 245. in bronze. « ii gi £2 to £4 i...
coffee,1860,3,432,118,5.3444,True,the only coffee machine to pro- duce the real and best french cafe noir. coffee machines from is. 9d. to 12s. 6d. in tin. 7s. to 245. in bronze. 44 £2 to £4 in elect...
coffee,1860,3,432,119,5.3528,True,the only coffee machine to pro duce the real and best french pafe noir. coffee machines from 3s. 9d. to 12s. 6d. in tin. 44 7s. to 245. in bronze. it 46 £2 to £4 in ...
coffee,1860,3,432,120,5.3603,True,the only coffee machine to pro- duce the real and best french cafe noir. coffee machines from as. 9d. to 12s. gd. in tin. 7s. to 245. in bronze. .4 £2 to £4 in elect...
coffee,1860,3,432,121,5.3614,True,the only coffee machine to pro- duce the real and best french cafe noir. coffee machines from 3s. 9d. to 128. 6d. in tin. 61 7s. to 245. in bronze. .12 to £4 in elec...
coffee,1860,3,432,122,5.3614,True,the only coffee machine to pro- duce the real and best french cafe note. coffee machines from 3s. bd. to 12s. 6d. in tin. 44 l 6 7s. to 245. in bronze 41 1111 £2 to ...
coffee,1860,3,432,123,5.3643,True,he only coffee machine to- pro- duce the real and best french. cafe noir. coffee machines from 3s. 9d. to 128. 6d. in tin. 7s. to 248. in bronze £2 to £4 in electro...
coffee,1860,3,432,124,5.3745,True,"4>i> me -giasgow .c.o--erier the coffee trade. choice old mocha, jamaica plantation, and neillgery coffees. david thomson, tea and coffee mermant, 132 bucfian an street, (opposite the weste..."
coffee,1860,3,432,125,5.3771,True,the only coffee machine to pro- duce the real and best french cafe noir. coffee machines from 3s. 9d. to 1?s. 6d. in tin. ~ 7s. to 245. in bronze. « ii gi £2 to £4 i...
coffee,1860,3,432,126,5.3794,True,rillle only coffee machine to pro- ducea. the real and best french cafe noir. coffee machines from 3s. 9d. to 12s. gd. in tin. 66 7s. to 245. in bronze 46 • £2 to £4 in...
coffee,1860,3,432,127,5.3807,True,the only coffee machine to pro- duce the real and best french cafe noir. coffee machines from as. 9d. to 12s. gd. in tin. 7s. to 245. in bronze. .4 £2 to £4 in elect...
coffee,1860,3,432,128,5.3818,True,the only coffee machine to pro duce the real and best french pafe noir. coffee machines from 3s. 9d. to 12s. 6d. in tin. 44 7s. to 245. in bronze. it 46 £2 to £4 in ...
coffee,1860,3,432,129,5.3831,True,"the coffee trade choice old mocha, jamaica plantation, a.nd neillgery coffees. avid tfiomson, .7 tea and coffee merchant, 132 buchanan street, (opposite the wes..."
coffee,1860,3,432,130,5.3903,True,"vitrzn & co., tea and coffee merchants, 25, high street. teas of the finest quality; fine full flavoured assam congou tea, as per pound; mocha and other coffees; iluntley & palme..."
coffee,1860,3,432,131,5.3924,True,the only coffee machine to pro- duce the real and best french cafe noib. coffee machines from 3s. 9d. to 12s. gd. in tin. 7s. to 245. in bronze. 44 14 £2 to £4 in el...
coffee,1860,3,432,132,5.3929,True,'the only coffee machine to pro- a_ duce the real and best french cafe noir. coffee machines from 3s. 9d. to 12s. 6d. in tin. 44 7s. to 245. in bronze. 44 st £2 to £4...
coffee,1860,3,432,133,5.4013,True,the only coffee machine to pro- duce the. real and best french cafe noir. coffee machines from 3s. 9d. to 12s. cl. in tin. 7s. to 245. in bronze. £2 to £4 in electro...
coffee,1860,3,432,134,5.4117,True,the only coffee machine to pro- duce the real and best french cafe noir. coffee machines from 3s. 9d. to 12s. 6d. in tin. 7s. to 245. in bronze 64 £2 to £4 in electr...
coffee,1860,3,432,135,5.4148,True,"caution to coffee -drinkers. white, fairchild, and company's patent concentrated coffees are known throughout the three kingdoms as the best and the cheapest preparati..."
coffee,1860,3,432,136,5.4206,True,mite only coffee machine to pro- duce the real and best french cafe noir. coffee machines from 3s. 9d. to 12s. gd. in tin. 7s. to 245. in bronze ila £2 to £4 in elect...
coffee,1860,3,432,137,5.4311,True,the only coffee machine to pro- duce the real and best french cafe noir. coffee machines from 3s. 9d. to 12s. 6d. in tin. 7s. to 245. in bronze. it it £2 to £4 in el...
coffee,1860,3,432,138,5.4438,True,mite only coffee machine to pro- duce the real and best french cafe noir. coffee machines from 3s. 9d. to 12s. gd. in tin. 7s. to 245. in bronze ila £2 to £4 in elect...
coffee,1860,3,432,139,5.4579,True,the only coffee machine to pro- duce the real and best french cafe noir. coffee machines from lls. 9d. to 1?s. 6d. in tin. 7s. to 245. in bronze 41 £2 to £4 in elect...
coffee,1860,3,432,140,5.4653,True,the only coffee machine to pro- duce the real and best french cafe noir. coffee machines from as. 9d. to 12s. 6d. in tin. 7s. to 245. in bronze. 44 it £2 to £4 in el...
coffee,1860,3,432,141,5.4661,True,the only coffee machine to pro- duce the real and best french cafe noir. coffee machines from 3s. 9d. to 12s. 6d. in tin. 44 4. 7s. to 245. in bronze. • 4i £2 to £4 ...
coffee,1860,3,432,142,5.4992,True,the only coffee machine to pro- a. duce the real and best french cafe noir. coffee machines from 3s. 9d. to 12s. 6d. in tin. 7s. to 245. in bronze £2 to £4 in electr...
coffee,1860,3,432,143,5.5039,True,the only coffee machine to pro- duce the real and best french cafe noir. coffee machines from 3s. 9d. to its. ed. in tin. 7s. to 245. in bronze. 64 £2 to £4 in elect...
coffee,1860,3,432,144,5.5045,True,the only coffee machine to pro- duce the real and best french cafe noir. coffee machines from 3s. 9d. to its. ed. in tin. 7s. to 245. in bronze. 64 £2 to £4 in elect...
coffee,1860,3,432,145,5.5134,True,the only coffee machine to pro- duce the real and best french cafe noir. coffee machines from 3s. 9d. to 12s. gd. in tin. 7s. to 245. in bronze. 46 at .‘ £2 to £4 in...
coffee,1860,3,432,146,5.5136,True,the only coffee machine to pro- duce the real and best french cafe noir. coffee machines from 3s. 9d. to 12e. 6d. in tin. 7s. to 245. in bronze. gi £2 to £4 in elect...
coffee,1860,3,432,147,5.5163,True,"caution to coffillh- white, fairchild, and company's patent concentrated coffees are known throughout the three kingdoms as the best and the cheapest preparations ever submitted to public test. as a c"
coffee,1860,3,432,148,5.5285,True,"hence leh caution to coffee drinkers. white, fairchild & company's patent concentrated coffees are known throughout the three kingdoms as the best and the cheapest preparation e..."
coffee,1860,3,432,149,5.5367,True,the only coffee machine to pro- duce the real and best french cafe note. coffee machines from 3s. bd. to 12s. 6d. in tin. 44 l 6 7s. to 245. in bronze 41 1111 £2 to ...
coffee,1860,3,432,150,5.5401,True,the only coffee machine to pro- duce the real and best french cafe noir. coffee machines from 3s. 9d. to 1?s. 6d. in tin. l 6 7s. to 245. in bronze. 61 at £2 to £4 i...
coffee,1860,3,432,151,5.5414,True,'the only coffee machine to pro- a_ duce the real and best french cafe noir. coffee machines from 3s. 9d. to 12s. 6d. in tin. 44 7s. to 245. in bronze. 44 st £2 to £4...
coffee,1860,3,432,152,5.5425,True,the only coffee machine to pro- duce the real and best french cafe noir. coffee machines from as. 9d. to 1?s. 6d. in tin. 44 7s. to 245. in bronze. .£2 to f 4 in ele...
coffee,1860,3,432,154,5.5466,True,the only coffee machine to pro- duce the real and best french cafe noir. coffee machines from as. 9d. to 12s. 6d. in tin. 7s. to 245. in bronze £2 to £4 in electro-p...
coffee,1860,3,432,155,5.5517,True,the only coffee machine to pro- a. duce the real and best french cafe noir. coffee machines from 3s. 9d. to 12s. 6d. in tin. 7s. to 245. in bronze £2 to £4 in electr...
coffee,1860,3,432,156,5.5603,True,the only coffee machine to pro- duce the real and best french cafe noir. coffee machines from 3s. 9d. to 12s. 6d. in tin. 7s. to 245. in bronze. 6 6 £2 to £4 in elec...
coffee,1860,3,432,157,5.5603,True,"the only coffee machine to pro, duce the real and best french ca.fe noir. _. _ _ coffee machines from 3s. 9d. to 12s. 6d. in tin. 7s. to 245. in bronze. f 2 to £4 in..."
coffee,1860,3,432,158,5.5711,True,the only coffee machine to pro- duce the real and bess french cafe noir. coffee machines from is. 9d. to 12s. 6d. in tin. 44 7s. to 245. in bronze. 41 41 £2 to £4 in...
coffee,1860,3,432,159,5.5788,True,the only coffee machine to pro- duce the real and best french cafe noir. coffee machines from 3s. 9d. to 12s. gd. in tin. fit 7s. to 245. in bronze tt it £2 to £4 in...
coffee,1860,3,432,160,5.5913,True,the only coffee machine to pro- duce the real and best french cafe noir. coffee machines from 3s. 9d. to 12s. 6d. in tin. 46 7s. to 245. in bronze. el t& £2 to £4 in...
coffee,1860,3,432,161,5.6034,True,rillle only coffee machine to pro- ducea. the real and best french cafe noir. coffee machines from 3s. 9d. to 12s. gd. in tin. 66 7s. to 245. in bronze 46 • £2 to £4 in...
coffee,1860,3,432,162,5.6053,True,"the finest coffee grown. that celebrated mark, c a jamaica, l to be had, prier is. &d„ raw, is. 6d. roasted, at any of henry tate and co.'s stores, in liverpool and bi..."
coffee,1860,3,432,163,5.6195,True,"caution to coffeean-hite, fairchild, and company's i'atent concentrated coffees are known throughout the three kingdoms as the best and the cheapest preparations ever ..."
coffee,1860,3,432,164,5.6243,True,the only coffee machine to pro- duce the real and best french cafe noir. coffee machines from is. 9d. to 12s. 6d. in tin. 7s. to 245. in bronze. 44 £2 to £4 in elect...
coffee,1860,3,432,165,5.6281,True,he only coffee machine to pro- duce the real and best french cafe noir. coffee machines from 3s. 9d. to 12s. 6d. in tin. 7s. to 245. in bronze. 44 £2 to £4 in elect...
coffee,1860,3,432,166,5.6284,True,"the finest coffee grown. that celebrated mark, ea jamaica, m l to be had, price is. 5d., raw, is. 6d. roasted, at any of henry tate and co.'s stores, in liverpooi, and..."
coffee,1860,3,432,167,5.6296,True,"the finest coffee grown. t hat celebrated mark, l jamaica, to be had, price is. 6d., 'raw, is. 6d. roasted, at any of henry tate and co.'s stores, in liverpool and bir..."
coffee,1860,3,432,169,5.6375,True,the only coffee machine to pro- duce the real and best french cafe noir. coffee machines from 3s. 9d. to 12s. 6d. in tin. 41 7s. to 245. in bronze. £2 to .£4 in elec...
coffee,1860,3,432,170,5.6376,True,the only coffee machine to pro- -a- duce the real and best french cafe nom. coffee machines from 3s. 9d. to 12s. 6d. in tin. is. to 245. in bronze. 14 £2 to £4 in el...
coffee,1860,3,432,171,5.6437,True,"caution to coffee drinkers. white, fairchild, and company's patent concentrated coffees saw known throughout the three kingdoms as this beat and the cheapest preparati..."
coffee,1860,3,432,172,5.654,True,the only coffee machine to pro- duce the real and best french cafe noir. coffee machines from 3s. 9d. to 12s. ed. in tin. 44 14 7s. to 245. in bronze. it £2 to £4 in...
coffee,1860,3,432,173,5.6615,True,the only coffee machine to pro- -a- duce the real and best french cafe nom. coffee machines from 3s. 9d. to 12s. 6d. in tin. is. to 245. in bronze. 14 £2 to £4 in el...
coffee,1860,3,432,174,5.6625,True,the only coffee machine to pro- -il duce the real and best french cafe noir. coffee machines from 3s. 9d. to 12s. 6d. in tin. 7s. to 245. in bronze. li 44 £2 to £4 i...
coffee,1860,3,432,175,5.6631,True,"the only coffee machine to pro- 3.- duce the real and best french cafe noir. coffee machines from :is. 9d. to 12e. 6,1. in tin. • 7s. to 245. in bronze. ti gi s 2 to..."
coffee,1860,3,432,176,5.6652,True,"the finest coffee grown. that celebrated mark, c a jamaica, • m l to be had, price ls. 5d.. raw, is. 6d. roasted, at any of henry tate and co.'s stores, in liverpool a..."
coffee,1860,3,432,178,5.6957,True,"the finest coffee grown. that celebrated mark, c jamaica, l to be had, price is. 5d.. raw, is. 6d. roasted, at any of henry tate and co.'s stores, in liverpool and bir..."
coffee,1860,3,432,179,5.7047,True,"the finest coffee grown• that celebrated mark _ ca jamaica, m l to be had, price is. 5d., raw, is. dd. roasted, at any of henry tate and co,'b stores, in liverpool and..."
coffee,1860,3,432,180,5.7065,True,"the finest coffee grown• that celebrated mark mlc a jamaica, to be had, price is. 5d.. raw, is. 6d. roasted, at any of henry tate and co.'s stores, in liverpool and bi..."
coffee,1860,3,432,181,5.714,True,the only coffee machine to pro- duce the real and best french cafe noir. coffee machines from 3e. 9d. to us. gd. in tin. 44 7s. to 245. in bronze. 4‘ i& £2 to .£4 in...
coffee,1860,3,432,182,5.7187,True,he only coffee machine to- pro- duce the real and best french. cafe noir. coffee machines from 3s. 9d. to 128. 6d. in tin. 7s. to 248. in bronze £2 to £4 in electro...
coffee,1860,3,432,183,5.7189,True,the only coffee machine to pro- duce the real and best french cafe noir. coffee machines from 3s. 9d. to 1.25. gd. in tin. 7s. to 245. in bronze. il £2 to f 4 in ele...
coffee,1860,3,432,184,5.719,True,the only coffee machine to pro- duce the real and best french cafe noib. coffee machines from 3s. 9d. to 12s. gd. in tin. 7s. to 245. in bronze. 44 14 £2 to £4 in el...
coffee,1860,3,432,185,5.7241,True,"the finest coffee grown. tii a t celebrated mark, jamaica, m l to be had, pric ls. 5d., raw, is. 6d. roasted, at any of henry tate and co.'s stores, in liverpool and b..."
coffee,1860,3,432,186,5.7253,True,"the finest coffee grown. that celebrated mark, ml ca j•a maica, to be had, prie- is. 5d., raw, is. 6d. roasted, at any of henry tate and co.'s stores, in liverpooi4 an..."
coffee,1860,3,432,187,5.7256,True,"the finest coffee grown. tiiat celebrated mark, jamaica, m l to, be had, price is. 5d.. raw, is. 6d. roasted, at any of henry tate and co.'s stores, in liverpool and b..."
coffee,1860,3,432,189,5.7391,True,rinie only coffee machine to pro- duce-5- the real and best french cafe noir. coffee machines from 3s. 9d. to 12s. 6d. in tin. 4: 46 7s. to 245. in bronze. 41 44 x 2 t...
coffee,1860,3,432,190,5.7413,True,the only coffee machine to pro- duce the real and best french cafe noir. coffee machines from 3s. 9d. to 12s. 6d. in tin. 78. to 245. in bronze. if .£2 to £4 in elec...
coffee,1860,3,432,192,5.7486,True,"the finest coffee grown. that celebrated mark, ml jamaica, to be had, pric is. 5d., raw, ls. 6d. roasted, at any of henry tate and co.'s stores, in liverpool and birke..."
coffee,1860,3,432,194,5.7612,True,rinie only coffee machine to pro- duce-5- the real and best french cafe noir. coffee machines from 3s. 9d. to 12s. 6d. in tin. 4: 46 7s. to 245. in bronze. 41 44 x 2 t...
coffee,1860,3,432,196,5.7695,True,the only coffee machine to pro- duce the real and best french cafe noir. coffee machines from 3s. 9d. to 1.25. gd. in tin. 7s. to 245. in bronze. il £2 to f 4 in ele...
coffee,1860,3,432,197,5.7697,True,the only coffee machine to pro- duce the real and beat french cafe noir. coffee machines from 3s. 9d. to 12s. gd. in tin. 66 7s. to 245. in bronze. 46 £2 to £4 in el...
coffee,1860,3,432,198,5.7755,True,"the only coffee machine to pro- 3.- duce the real and best french cafe noir. coffee machines from :is. 9d. to 12e. 6,1. in tin. • 7s. to 245. in bronze. ti gi s 2 to..."
coffee,1860,3,432,199,5.7944,True,"the finest coffee grown. that celebrated mark, ea jamaica, l to be had, pric ls. 5d.. raw, is. 6d. roasted, at any of henry tate a'nd,co.'s! stores, in liverpool and b..."
coffee,1860,3,432,200,5.7965,True,the only coffee machine to pro- duce the real and best french cafe noir. coffee machines from 3s. 9d. to 1?s. 6d. in tin. l 6 7s. to 245. in bronze. 61 at £2 to £4 i...
coffee,1860,3,432,201,5.7996,True,the only coffee machine to pro- duce the real and best french cafe noir. coffee machines from 3s. 9d. to 12s. 6d. in tin. 44 7s. to 245. in bronze. 44 £2 to £4 in el...
coffee,1860,3,432,202,5.8033,True,"the finest coffee grown. that celebrated mark, ca jamaica, l to be had, prie' is. 5d., raw, is. 6d. roasted, at any of henry tate and co.'s stores, in liverpool and bi..."
coffee,1860,3,432,203,5.8057,True,the only coffee machine to pro- duce the real and best french cafe noir. coffee machines from 3s. 9d. to 12s. 6d. in tin. 7s. to 245. in bronze. at 66 £2 to £4 in el...
coffee,1860,3,432,204,5.8102,True,"the finest coffee grown. rf rat celebrated mark, m l jamaica, to be had, price is, 5a., raw, is. od. roasted, at any of 'henry tate and co.'s stores, in liverpool and ..."
coffee,1860,3,432,205,5.8133,True,the only coffee machine to pro- duce the real and best french cafe noir. coffee machines from 3s. 9d. to 1.25. gd. in tin. 7s. to 245. in bronze. il £2 to f 4 in ele...
coffee,1860,3,432,206,5.8136,True,"the finest coffee grown. that celebrated mark, ca jamaica, l to be had, pric • is. 5d., raw, is. 6d. roasted, at any of henry tate and co.'s stores, in liverpool and b..."
coffee,1860,3,432,207,5.8144,True,the only coffee machine to pro- duce the beal and bost pronfth ('a fp ismlrt coffee machines from 3s. 9d. to 1?s. 6d. in tin. 61. 7s. to 245. in bronze. 46 gi .£2 to...
coffee,1860,3,432,208,5.8155,True,"caution to coffee drinkers. lthite, fairchild & company's patent v concentrated coffees are known )ughout the three kingdoms as the best and the apest preparation ever..."
coffee,1860,3,432,209,5.8161,True,"the finest coffee grown. that celebrated mark, ca m l jamaica, to be had, pric. is. 5d., raw, is. 6d. roasted, at any of henry tate and co.'s stores, in liverpool and ..."
coffee,1860,3,432,210,5.8179,True,the only coffee machine to pro- duce the real and best french cafe noir. coffee machines from 3s. 9d. to 128. 6d. in tin. 61 7s. to 245. in bronze. .12 to £4 in elec...
coffee,1860,3,432,211,5.8236,True,the only coffee machine to pro- duce the real and best french cafe noir. coffee machines from 3s. 9d. to 12s. 6d. in tin. 78. to 245. in bronze. if .£2 to £4 in elec...
coffee,1860,3,432,213,5.83,True,"the finest coffee grown. that celebrated mark, ca jamaica, ml to be had, price is. 5d.. raw, is. 6d. roasted, at any of henry tate and co.'s stores, in liverpool and b..."
coffee,1860,3,432,215,5.8426,True,"the finest coffee grown. that celebrated mark, ca jamaica, m l to be had, price is. 5d.. raw, is. 6d. roasted, at any of henry tate and co.,s stores, in liverpool and ..."
coffee,1860,3,432,216,5.851,True,"the finest coffee grown. that celebrated mark, ca jamaica,! ml to be had, pric is. 5d., raw, ls. gd. roasted, at any of henry tate and co.'s stores, -• in liverpool an..."
coffee,1860,3,432,217,5.8534,True,'the only coffee machine to pro- a_ duce the real and best french cafe noir. coffee machines from 3s. 9d. to 12s. 6d. in tin. 44 7s. to 245. in bronze. 44 st £2 to £4...
coffee,1860,3,432,218,5.8537,True,"rpm only coffee machine to pro- duce the real and best french cafe noir. coffee machines from 3s. 9d. to ds. 6d. in tin. 44 {4 7s. to 245. in bronze. "". £2 to £4 in ..."
coffee,1860,3,432,219,5.8552,True,"the finest coffee grown. that celebrated mark, °a jamaica, 111 l to be had, pric: is. 5d., raw, is. 6d. roasted, at any, of henry tate and co.'s stores, in liverpool a..."
coffee,1860,3,432,220,5.8595,True,"caution to coffee .drinkers. iat it e, fairchild, and company's patent concentrated coffees are knom n throughout the three kingdoms as the best and the cheapest prepa..."
coffee,1860,3,432,221,5.8619,True,the only coffee machine to pro- duce the real and best french cafe noir. coffee machines from 3s. 9d. to 1?s. 6d. in tin. ~ 7s. to 245. in bronze. « ii gi £2 to £4 i...
coffee,1860,3,432,222,5.8695,True,"the finest coffee grown. that celebrated mark, al jamaica, to be had, prie- is. m., raw, is. 6d. roasted, at any of henry tat,e and co.'s stores, in liverpool and birk..."
coffee,1860,3,432,223,5.874,True,"the finest coffee ,grown. that celebrat'e.d •mark, ca jamaica, ml to be had, prio. is. 5d.. raw, is. gd. roasted, at any of henry tate and co.'s stores, in liverpool a..."
coffee,1860,3,432,224,5.8763,True,the only coffee machine to pro- -il duce the real and best french cafe noir. coffee machines from 3s. 9d. to 12s. 6d. in tin. 7s. to 245. in bronze. li 44 £2 to £4 i...
coffee,1860,3,432,226,5.8765,True,the only coffee machine to pro- duce the real and bess french cafe noir. coffee machines from is. 9d. to 12s. 6d. in tin. 44 7s. to 245. in bronze. 41 41 £2 to £4 in...
coffee,1860,3,432,227,5.8825,True,the only coffee machine to pio- duce the real and best french cafe noir. coffee machines from 3s. 9d. to 12s. ffd. in tin. 46 7s. to 245. in bronze. £2 to £4 in elec...
coffee,1860,3,432,228,5.8831,True,"the finest coffee grown. that celebrated mark, ca jamaica, 31 l to be had, pric"" is. 5d., raw, is. 6d. roasted, at any of henry tate and co.'s stores, in liverpool and..."
coffee,1860,3,432,229,5.8879,True,the only coffee machine to pro- duce the real and best french cafe noir. coffee machines from 3s. 9d. to 12e. 6d. in tin. 7s. to 245. in bronze. gi £2 to £4 in elect...
coffee,1860,3,432,230,5.8903,True,"the finest coffee grown. that celebrated mare, jamaica, m l to be had, price is. 5d.. raw, is. 6d. roasted, at any pf henry tate and co.'s stores, in liverpool and bir..."
coffee,1860,3,432,231,5.8969,True,"the finest coffee grown. that celebrated mark, al jamaica, to be had, prie- is. m., raw, is. 6d. roasted, at any of henry tat,e and co.'s stores, in liverpool and birk..."
coffee,1860,3,432,232,5.8979,True,the only coffee machine to pro- duce the real and best french cafe noir. coffee machines from 3s. 9d. to 12s. 6d. in tin. 7s. to 245. in bronze. it it £2 to £4 in el...
coffee,1860,3,432,234,5.9165,True,the only coffee machine to pro- duce the real and best french cafe noir. coffee machines from as. 9d. to 1?s. 6d. in tin. 44 7s. to 245. in bronze. .£2 to f 4 in ele...
coffee,1860,3,432,235,5.9386,True,the only coffee machine to pro- duce the real and best french cafe noir. coffee machines from 3s. 9d. to 12s. gd. in tin. fit 7s. to 245. in bronze tt it £2 to £4 in...
coffee,1860,3,432,236,5.9536,True,napier's/patent glass coffee apparatus the.trade supplied. teas. thomson's teas are now near as well • known and popular as his coffees.- they are selecten with the same great ca...
coffee,1860,3,432,238,5.9571,True,"cassell's celebrated coffee no. 4, 1&8d. per lb.; no. 5,2 s. per lb cassell's celebrated coffees. additional agents required."
coffee,1860,3,432,239,5.9592,True,"the finest coffee grown. that celebrated mark, ca jamaica, m l to be had, pric is. 5d.. raw. is. 6d. roasted, at any of henry tate and co.'s stores, in liverpool and b..."
coffee,1860,3,432,240,5.9729,True,the only coffee machine to pro- duce the real and best french cafe noir. coffee machines from 3s. 9d. to 12s. 6d. in tin. 7s. to 245. in bronze. 6 6 £2 to £4 in elec...
coffee,1860,3,432,242,5.9859,True,the only coffee machine to pro- duce the real and best french cafe noir. coffee machines from lls. 9d. to 1?s. 6d. in tin. 7s. to 245. in bronze 41 £2 to £4 in elect...
coffee,1860,3,432,243,5.9929,True,"the finest coffee grown. t hat celebrated mark, l jamaica, to be had, price is. 6d., 'raw, is. 6d. roasted, at any of henry tate and co.'s stores, in liverpool and bir..."
coffee,1860,3,432,244,5.9932,True,"the finest coffee grown. that celebrated mark, ca jamaica, m l to be had, pric is. 5d.. raw. is. 6d. roasted, at any of henry tate and co.'s stores, in liverpool and b..."
coffee,1860,3,432,245,5.9947,True,"the coffee trade choice old mocha, jamaica plantation, a.nd neillgery coffees. avid tfiomson, .7 tea and coffee merchant, 132 buchanan street, (opposite the wes..."
coffee,1860,3,432,246,5.9983,True,"tiie only coffee machine to pro- duce the real and best french cafe noir. *toffee machines from 3e. 9d. to 12s. 6d. in tin. al' 4.; 7s. to 245. in bronze. 14,,, 14 £2..."
coffee,1860,3,432,247,6.0005,True,"tiie only coffee machine to pro- duce the real and best french cafe noir. *toffee machines from 3e. 9d. to 12s. 6d. in tin. al' 4.; 7s. to 245. in bronze. 14,,, 14 £2..."
coffee,1860,3,432,248,6.0043,True,the only coffee machine to pro- duce the real and best french cafe noir. coffee machines from as. 9d. to 12s. 6d. in tin. 7s. to 245. in bronze £2 to £4 in electro-p...
coffee,1860,3,432,249,6.0057,True,"the finest coffee grown. that celebrated mark, ca jamaica, m l to be had, price ls. 5d., raw, is. 6d. roasted, at any of henry tate and co.'s stores, in liverpool and ..."
coffee,1860,3,432,250,6.0144,True,the only coffee machine to pro- duce the real and best french cafe noir. coffee machines from 3s. 9d. to 1.25. gd. in tin. 7s. to 245. in bronze. il £2 to f 4 in ele...
coffee,1860,3,432,251,6.0267,True,"the finest coffee grown. that celebrated mark, ca jamaica, mi. to be had, price le. 5d.. raw, is. 6d. roaked, at any of henry tate and co.'s stores, in liverpool and b..."
coffee,1860,3,432,252,6.0273,True,"the finest coffee grown. that celebrated mark, c a jamaica, l to be had, prier is. &d„ raw, is. 6d. roasted, at any of henry tate and co.'s stores, in liverpool and bi..."
coffee,1860,3,432,253,6.0439,True,"the finest coffee grown. that celebrated mark, c jamaica, l to be had, price is. 5d.. raw, is. 6d. roasted, at any of henry tate and co.'s stores, in liverpool and bir..."
coffee,1860,3,432,254,6.0444,True,"the finest coffee grown. that celebrated mark, ca jamaica, l to be had, prie' is. 5d., raw, is. 6d. roasted, at any of henry tate and co.'s stores, in liverpool and bi..."
coffee,1860,3,432,255,6.0446,True,"rpm only coffee machine to pro- duce the real and best french cafe noir. coffee machines from 3s. 9d. to ds. 6d. in tin. 44 {4 7s. to 245. in bronze. "". £2 to £4 in ..."
coffee,1860,3,432,256,6.0463,True,the only coffee machine to pro- duce the real and best french cafe noir. coffee machines from 3s. 9d. to 12s. 6d. in tin. 41 7s. to 245. in bronze. £2 to .£4 in elec...
coffee,1860,3,432,257,6.0531,True,"the finest coffee grown. tiiat celebrated mark, jamaica, m l to, be had, price is. 5d.. raw, is. 6d. roasted, at any of henry tate and co.'s stores, in liverpool and b..."
coffee,1860,3,432,258,6.0599,True,the only coffee machine to pro- -a- duce the real and best french cafe nom. coffee machines from 3s. 9d. to 12s. 6d. in tin. is. to 245. in bronze. 14 £2 to £4 in el...
coffee,1860,3,432,259,6.0754,True,"the finest coffee grown. that celebrated mark, ca jamaica, 31l to be had, i""rie is. 5d., raw, is. 6d. roasted, at any of henry tate and co.'s stores, in liverpool and ..."
coffee,1860,3,432,260,6.0764,True,"the finest coffee grown. that celebrated mark, ca jamaica, 31 l to be had, pric"" is. 5d., raw, is. 6d. roasted, at any of henry tate and co.'s stores, in liverpool and..."
coffee,1860,3,432,261,6.0824,True,"the finest coffee grown. that celebrated mark, ml jamaica, to be had, pric is. 5d., raw, ls. 6d. roasted, at any of henry tate and co.'s stores, in liverpool and birke..."
coffee,1860,3,432,262,6.0843,True,"the finest coffee grown. that celebrated mark, ca jamaica, ml to be had, price is. 5d.. raw, is. 6d. roasted, at any of henry tate and co.'s stores, in liverpool and b..."
coffee,1860,3,432,263,6.0863,True,"the finest coffee grown. that celebrated mare, jamaica, m l to be had, price is. 5d.. raw, is. 6d. roasted, at any pf henry tate and co.'s stores, in liverpool and bir..."
coffee,1860,3,432,264,6.089,True,"the finest coffee grown. that celebrated mark, 3ci a jamaica, to be had, prie ls. 5d.. raw, is. 6d. roasted, at any of henry tate and co.'s stores, in liverpool and bi..."
coffee,1860,3,432,265,6.0901,True,the only coffee machine to pro- a. duce the real and best french cafe noir. coffee machines from 3s. 9d. to 12s. 6d. in tin. 7s. to 245. in bronze £2 to £4 in electr...
coffee,1860,3,432,266,6.0948,True,"thames. robbery in st. katherine's dock.—geo. hoffman, a cooper, was brought before mr. woolrych, charged with stealing locz. of coffee, value gd., the property of the st. katherine dock company.' ale"
coffee,1860,3,432,267,6.1017,True,"the finest coffee grown. that celebrated mark, °a jamaica, 111 l to be had, pric: is. 5d., raw, is. 6d. roasted, at any, of henry tate and co.'s stores, in liverpool a..."
coffee,1860,3,432,268,6.103,True,the only coffee machine to pro- duce the. real and best french cafe noir. coffee machines from 3s. 9d. to 12s. cl. in tin. 7s. to 245. in bronze. £2 to £4 in electro...
coffee,1860,3,432,269,6.1034,True,"the finest coffee grown. tii a t celebrated mark, jamaica, m l to be had, pric ls. 5d., raw, is. 6d. roasted, at any of henry tate and co.'s stores, in liverpool and b..."
coffee,1860,3,432,270,6.1063,True,"caution to coffee white, fairchild, and company's patent concentrated coppein are known throughout the three kingdoms as the best misi the cheapest preparations ever s..."
coffee,1860,3,432,271,6.1172,True,the only coffee machine to pro- duce the beal and bost pronfth ('a fp ismlrt coffee machines from 3s. 9d. to 1?s. 6d. in tin. 61. 7s. to 245. in bronze. 46 gi .£2 to...
coffee,1860,3,432,272,6.1278,True,the only coffee machine to pro- duce the. real and best french cafe noir. coffee machines from 3s. 9d. to 12s. cl. in tin. 7s. to 245. in bronze. £2 to £4 in electro...
coffee,1860,3,432,273,6.1323,True,"coffees. w. h. c. has given the nature and quality of the various growths of coffee his most careful conside- ration, and has selected a variety of qualitie..."
coffee,1860,3,432,274,6.1348,True,"the finest coffee grown. that celebrated mark, ea jamaica, m l to be had, price is. 5d., raw, is. 6d. roasted, at any of henry tate and co.'s stores, in liverpooi, and..."
coffee,1860,3,432,276,6.14,True,"the finest coffee grown. that celebrated mark, mct jamaica, to be had, fric is. 5d., raw, ls. 6d. roasted, at any of henry tate and co.'s stores, in -liverpool and bir..."
coffee,1860,3,432,278,6.1464,True,"the finest coffee grown. that celebrated mark, c a jamaica, • m l to be had, price ls. 5d.. raw, is. 6d. roasted, at any of henry tate and co.'s stores, in liverpool a..."
coffee,1860,3,432,279,6.1534,True,"the coffee trade. choice old mocha, jamaica plantation, and neillgery coffees. d avid thoiison, ma ail 1., uoffee merchant, 132 buchanan street, (opposite the w..."
coffee,1860,3,432,281,6.1645,True,"the finest coffee grown. that celebrated mark, ca jamaica, l to be had, pric • is. 5d., raw, is. 6d. roasted, at any of henry tate and co.'s stores, in liverpool and b..."
coffee,1860,3,432,282,6.1645,True,"the finest coffee grown. that celebrated mark, ml ca j•a maica, to be had, prie- is. 5d., raw, is. 6d. roasted, at any of henry tate and co.'s stores, in liverpooi4 an..."
coffee,1860,3,432,283,6.1665,True,"the finest coffee grown• that celebrated mark mlc a jamaica, to be had, price is. 5d.. raw, is. 6d. roasted, at any of henry tate and co.'s stores, in liverpool and bi..."
coffee,1860,3,432,285,6.1876,True,"the finest coffee grown. that celebrated mark, ca m l jamaica, to be had, pric. is. 5d., raw, is. 6d. roasted, at any of henry tate and co.'s stores, in liverpool and ..."
coffee,1860,3,432,287,6.201,True,"caution to coffee drinkers. aat rite, fairchild, and company's ""1 patent concentrated coffees are known throughout the three kingdoms as the best and the cheapest prep..."
coffee,1860,3,432,288,6.212,True,"coffees. w. h. c. has given the nature and quality of the various growths of coffee his most careful conside- ration, and has selected a variety of qualitie..."
coffee,1860,3,432,289,6.2144,True,"caution to coff—e-1, drinkers. 11 ite, fai rc 111 ld, and company's patent concentrated coffees are known throughout the three kimidoms as the best and the cheapest preparations ever submitted to publ"
coffee,1860,3,432,291,6.2169,True,"the finest coffee grown. that celebrated mark, ea jamaica, l to be had, pric ls. 5d.. raw, is. 6d. roasted, at any of henry tate a'nd,co.'s! stores, in liverpool and b..."
coffee,1860,3,432,294,6.2459,True,tlle only coffee machine to pro- duce the real and best french cape noir. coffee machines from 3s. 9d. to 1?s. 6d. in tin. is. to 245. in bronze. £2 to /24 in electro...
coffee,1860,3,432,297,6.2615,True,"coffees. w. h. c. has given the nature and quality of the various growths of coffee his most careful conside- ration, and has selected a variety of qualitie..."
coffee,1860,3,432,298,6.2643,True,"thames. robbery in st. katherine's docx.—geo. hoffman, a cooper, was brought before mr. woolrych, charged with stealing 10oz. of coffee, value 6d., the property of the st. katherine dock. company. ale"
coffee,1860,3,432,300,6.2738,True,"the finest coffee grown. that celebrated mark, ca jamaica,! ml to be had, pric is. 5d., raw, ls. gd. roasted, at any of henry tate and co.'s stores, -• in liverpool an..."
coffee,1860,3,432,301,6.2855,True,tlle only coffee machine to pro- duce the real and best french cape noir. coffee machines from 3s. 9d. to 1?s. 6d. in tin. is. to 245. in bronze. £2 to /24 in electro...
coffee,1860,3,432,304,6.2964,True,"the finest coffee grown. that celebrated mark, f,t jamaica, to be had, pric ls. 5d., raw, ls. 6d. roasted, at any of henry tate and co.'s stores, in liverpool and birk..."
coffee,1860,3,432,305,6.3046,True,the only coffee machine to pro- duce the real and best french cafe noir. coffee machines from 3s. 9d. to 12s. ed. in tin. 44 14 7s. to 245. in bronze. it £2 to £4 in...
coffee,1860,3,432,306,6.3102,True,the only coffee machine to pro- duce the real and best french cafe noir. coffee machines from 3s. 9d. to 12s. 6d. in tin. 7s. to 245. in bronze. at 66 £2 to £4 in el...
coffee,1860,3,432,310,6.3577,True,"the finest coffee grown. that celebrated mark, ca jamaica, mi. to be had, price le. 5d.. raw, is. 6d. roaked, at any of henry tate and co.'s stores, in liverpool and b..."
coffee,1860,3,432,311,6.366,True,"the finest coffee grown. that celebrated mark, ca jamaica, m l to be had, price ls. 5d., raw, is. 6d. roasted, at any of henry tate and co.'s stores, in liverpool and ..."
coffee,1860,3,432,312,6.3691,True,"thames. robbery in st. katherine's docx.—geo. hoffman, a cooper, was brought before mr. woolrych, charged with stealing 10oz. of coffee, value 6d., the property of the st. katherine dock. company. ale"
coffee,1860,3,432,313,6.3724,True,"large reduction in price. warehouse 3-85, 87, and 89, both well street. mand...otom milbank foundry,b,ent road. the coffee trade. choice old mocha, jamaica plantation, and neillgery coffees. d a v id "
coffee,1860,3,432,314,6.3888,True,the only coffee machine to pro- duce the real and beat french cafe noir. coffee machines from 3s. 9d. to 12s. gd. in tin. 66 7s. to 245. in bronze. 46 £2 to £4 in el...
coffee,1860,3,432,316,6.407,True,the only coffee machine to pro- -il duce the real and best french cafe noir. coffee machines from 3s. 9d. to 12s. 6d. in tin. 7s. to 245. in bronze. li 44 £2 to £4 i...
coffee,1860,3,432,318,6.4235,True,"thames. robbery in st. katherine's docx.—geo. hoffman, a cooper, was brought before mr. woolrych, charged with stealing 10oz. of coffee, value 6d., the property of the st. katherine dock. company. ale"
coffee,1860,3,432,319,6.4261,True,"the finest coffee grown. that celebrated mark, ca jamaica, 31l to be had, i""rie is. 5d., raw, is. 6d. roasted, at any of henry tate and co.'s stores, in liverpool and ..."
coffee,1860,3,432,320,6.4318,True,"combining the three grand essentials clothing fon tex million, style, durability, cheapness. earp & co., proprietors. dunn's pure essence or coffee in u. and 2s. bottles. dunn tt hewett's diaizena coc"
coffee,1860,3,432,321,6.4338,True,tlle only coffee machine to pro- duce the real and best french cape noir. coffee machines from 3s. 9d. to 1?s. 6d. in tin. is. to 245. in bronze. £2 to /24 in electro...
coffee,1860,3,432,322,6.435,True,"thames. robbery in st. katherine's dock.—geo. hoffman, a cooper, was brought before mr. woolrych, charged with stealing locz. of coffee, value gd., the property of the st. katherine dock company.' ale"
coffee,1860,3,432,323,6.4404,True,"caution to coffee drinkers. white, fairchild, and company's patent concentrated coffees saw known throughout the three kingdoms as this beat and the cheapest preparati..."
coffee,1860,3,432,325,6.4472,True,"thames. robbery in st. katherine's dock.—geo. hoffman, a cooper, was brought before mr. woolrych, charged with stealing locz. of coffee, value gd., the property of the st. katherine dock company.' ale"
coffee,1860,3,432,326,6.4489,True,"4>i> me -giasgow .c.o--erier the coffee trade. choice old mocha, jamaica plantation, and neillgery coffees. david thomson, tea and coffee mermant, 132 bucfian an street, (opposite the weste..."
coffee,1860,3,432,327,6.4606,True,"the finest coffee grown. rf rat celebrated mark, m l jamaica, to be had, price is, 5a., raw, is. od. roasted, at any of 'henry tate and co.'s stores, in liverpool and ..."
coffee,1860,3,432,328,6.4616,True,"james mayer, f resh coffee every day. _ david thomson, tea and coffee merchant, 69, buchanan street, glasgow, begs respectfully to intimate to families returning to town, or go..."
coffee,1860,3,432,329,6.4631,True,"coffees. w. h. c. has given the nature and quality of the various growths of coffee his most careful conside, ration, and has selected a variety of qualitie..."
coffee,1860,3,432,330,6.467,True,"coffees. w. h. c. has given the nature and quality of the various growths of coffee his most careful conside- ration, and has selected a variety of qualitie..."
coffee,1860,3,432,331,6.4746,True,the only coffee machine to pio- duce the real and best french cafe noir. coffee machines from 3s. 9d. to 12s. ffd. in tin. 46 7s. to 245. in bronze. £2 to £4 in elec...
coffee,1860,3,432,333,6.492,True,he only coffee machine to- pro- duce the real and best french. cafe noir. coffee machines from 3s. 9d. to 128. 6d. in tin. 7s. to 248. in bronze £2 to £4 in electro...
coffee,1860,3,432,334,6.4937,True,"the finest coffee grown. that celebrated mark, mct jamaica, to be had, fric is. 5d., raw, ls. 6d. roasted, at any of henry tate and co.'s stores, in -liverpool and bir..."
coffee,1860,3,432,336,6.5481,True,riihe only coffee machine to pro- duce the real and best french cafe noir. coffee machines from 3s. 9d. to 12s. 6d. in tin. 78. to 245. in bronze gi .£2 to £4 in elect...
coffee,1860,3,432,337,6.562,True,"coffees. w. h. c. has given the nature and quality of the various growths of coffee his most careful conside- ration, and has selected a variety of qualitie..."
coffee,1860,3,432,339,6.5911,True,"e v kt 11 no. 601. we-1- w ci? coffees. w. h. c. has given the nature and quality of various growths of coffee his most careful consi ration, and has seldcted a variety of qualities, witl..."
coffee,1860,3,432,343,6.6266,True,"the finest coffee grown. that celebrated mark, ca jamaica, m l to be had, price is. 5d.. raw, is. 6d. roasted, at any of henry tate and co.,s stores, in liverpool and ..."
coffee,1860,3,432,344,6.6305,True,"the coffee trade. choice old mocha, jamaica plantation, and neillgery coffees. d a vid thomson, tea and coffee merchant, 132 buchanan street, (opposite the west..."
coffee,1860,3,432,346,6.6349,True,"coffees. s. d. assam dust 1 4 per lb. ti usrivatt24r. teal 2 0 „ recommended to large consumets, it being a very strong useful tea. strom/ kassow congoii 24..."
coffee,1860,3,432,347,6.6393,True,"the finest coffee grown• that celebrated mark _ ca jamaica, m l to be had, price is. 5d., raw, is. dd. roasted, at any of henry tate and co,'b stores, in liverpool and..."
coffee,1860,3,432,349,6.6451,True,he only coffee machine to pro- duce the real and best french cafe noir. coffee machines from 3s. 9d. to 12s. 6d. in tin. 7s. to 245. in bronze. 44 £2 to £4 in elect...
coffee,1860,3,432,352,6.6932,True,"caution to coffee drinkers. white, fairchild, and company's patent concentrated coffees are known throughout the three kingdoms at the best and the eheapest preparatio..."
coffee,1860,3,432,354,6.7314,True,"caution to coffee drinkers. white, fairchild, and company's patent concentrated coffees are known throughout the three kingdoms as the best and the eheapest preparatio..."
coffee,1860,3,432,356,6.7438,True,"coffees. w. h. c. has given the nature and quality of the various growths of coffee his most careful conside- ration, and has selected a variety of qualitie..."
coffee,1860,3,432,358,6.768,True,"coffees. use only the w. h. c. has given the nature and quality of the various growths of coffee his most careful conside- ration, and has selected a variet..."
coffee,1860,3,432,359,6.7707,True,"coffees. av. h. c. has given the nature and quality of the various growths of coffee his most careful conside- ration, and has selected a variety of qualiti..."
coffee,1860,3,432,364,6.8326,True,"tie finest coffee grown. tii at celebrated mark,. c a jamaica, m l to be ,havrice is. 5d., raw, is. 6d. roasted, at any of henry tate and co,,s. stores, in liierpool a..."
coffee,1860,3,432,365,6.8396,True,"hence leh caution to coffee drinkers. white, fairchild & company's patent concentrated coffees are known throughout the three kingdoms as the best and the cheapest preparation e..."
coffee,1860,3,432,366,6.8654,True,cfe for a long series of years these truly celebrated coffees have been held in the highest estimation throughout the united kingdom by the many thousands of families to .hom they have become an aceui
coffee,1860,3,432,370,6.9075,True,"coffees. w. h. c. has given the nature and quality of the various growths of coffee his most careful conside- ration, and has selected a variety of qualitie..."
coffee,1860,3,432,372,6.9121,True,"caution to coffee drinkers. white, fairchild, and company's patent concentrated coffees we known throughout the three kingdoms as the hest sad übe rheuptvt preparation..."
coffee,1860,3,432,374,6.9847,True,"thames. stealing coffee in the st. katherine dock.—thos hunt, a labourer, who appeared to be in very good condi- tion, was brought before mr. paget, charged with stealing 19..."
coffee,1860,3,432,375,6.9876,True,"coffees. w. h. c. has given the nature and quality of the various growths of coffee his most careful conside- ration, and has selected a variety of qualitie..."
coffee,1860,3,432,376,6.9928,True,"fine gunpowder, pekoe, caper, ate. coffees. family mixture .. fined do. .. .. genuine ground .. whole coffee .. .."
coffee,1860,3,432,377,7.0252,True,"the finest coffee ,grown. that celebrat'e.d •mark, ca jamaica, ml to be had, prio. is. 5d.. raw, is. gd. roasted, at any of henry tate and co.'s stores, in liverpool a..."
coffee,1860,3,432,378,7.0479,True,"thames. stealing coffee in the st. katherine dock.—thos hunt, a labourer, who appeared to be in very good condi- tion, was brought before mr. paget, charged with stealing 19..."
coffee,1860,3,432,379,7.0729,True,"thames. stealing coffee in the st. katherine dock.—thos hunt, a labourer, who appeared to be in very good condi- tion, was brought before mr. paget, charged with stealing 19..."
coffee,1860,3,432,380,7.0817,True,"sept. 4, 1868. make no mistake! the cheapest teas, the cheapest coffees, the cheapest sugars, the cheapest fruits, the cheapest soaps, the cheapest groceries of every description, are to be got at ""th"
coffee,1860,3,432,381,7.0819,True,"caution to coffee drinkers. lthite, fairchild & company's patent v concentrated coffees are known )ughout the three kingdoms as the best and the apest preparation ever..."
coffee,1860,3,432,382,7.1276,True,"with respect to the tariff for coffees, which is con- siderably reduced in all its parts, that the duty on coffee from all ports out of europe was regulated in the old tariff, according a..."
coffee,1860,3,432,383,7.1494,True,"cassell's celebrated coffee no. 4, 84. pot lb.; no. 5,2 a. per lb"
coffee,1860,3,432,384,7.1517,True,"..., raw, is. gcl. roasted, at any o 1 henry tate and co.'s stores, in liverpool and birkenhead. those who complain that they cannot get any really fine coffee should try this."
coffee,1860,3,432,385,7.2156,True,"finest coffee fine rich coffee good coffee mixed coffee is. od. „ meal, flour, cheese, bacon, butter, and lard."
coffee,1860,3,432,386,7.2237,True,"thames. stealing coffee in the st. katherine dock.—thos hunt, a labourer, who appeared to be in very good condi- tion, was brought before mr. paget, charged with stealing 19..."
coffee,1860,3,432,387,7.2582,True,"finest coffee fine rich coffee good coffee mixed coffee is. od. „ meal, flour, cheese, bacon, butter, and lard."
coffee,1860,3,432,388,7.2589,True,"the finest coffee gii,own. that cblei3rated mark, ml jamaica, to be had, price is, 5d., raw, is. 6d. roasted, at ally or henry ta te and co.'s st ores, in lltertrool a..."
coffee,1860,3,432,389,7.26,True,...a useful strong tea excellent breakfast tea fine black or mixed tea very choice tea young hymn tea gunpowser tea fine ping suey tea fine orange pekoe coffees. good mixed coffee fine coffe
coffee,1860,3,432,390,7.2791,True,"4>i> me -giasgow .c.o--erier the coffee trade. choice old mocha, jamaica plantation, and neillgery coffees. david thomson, tea and coffee mermant, 132 bucfian an street, (opposite the weste..."
coffee,1860,3,432,391,7.3352,True,"caution to coffee drinkers. white, fairchild, and company's patent concentrated coffees are known throughout the three kingdoms as the best and the 'heaps: preparation..."
coffee,1860,3,432,393,7.3876,True,"caution to coffee -drinkers. white, fairchild, and company's patent concentrated coffees are known throughout the three kingdoms as the best and the cheapest preparati..."
coffee,1860,3,432,394,7.3934,True,"the finest coffee grown. that celebrated mark el jamaica, \ill"
coffee,1860,3,432,395,7.4064,True,cassell's celebrated coffee no. 4. is. 84. per lb.; no 5. to. per lb
coffee,1860,3,432,398,7.5095,True,"adulteration of coffee. a singular, and we should say a useful, invention has just been published by professor draper, of new york. in order to discover whether coffee is a..."
coffee,1860,3,432,399,7.5361,True,"cassell% celebrated coffee no. 4, is. 84. pot lb.; no. 5,2 e. per lb"
coffee,1860,3,432,401,7.5782,True,"make no mistake! the cheapest teas, the cheapest coffees, the cheapest sugars. the cheapest fruits, the cheapest soaps, the cheapest efroceries of every description, are to be got at ""the tea shop,"" n"
coffee,1860,3,432,402,7.5859,True,"lotsel's hydrostatic tea and coffee eltittertatol —1 to etomo tope ttroolt tad telltht. to great eavloo. 14541010 wed. eros se everywhere. eht woe tree.—.l. collo'. wet. canouo.street, ..."
coffee,1860,3,432,403,7.6291,True,"caspiell's celebrated coffee no. 4, la ad. par lb.; no. 5, 20. per lb"
coffee,1860,3,432,404,7.633,True,"adulteration of coffee. a singular, and we should say a useful, invention has just been published by professor draper, of new york. in order to discover whether coffee is a..."
coffee,1860,3,432,406,7.6622,True,"thames. stealing coffee in the st. katherine dock.—thos hunt, a labourer, who appeared to be in very good condi- tion, was brought before mr. paget, charged with stealing 19..."
coffee,1860,3,432,407,7.6735,True,"eoybels hydrostatic tea and coffee plkoolaml-1 in 100.000 rape, strong and bright, in ememeril greek eseft. man sold. fres la everywhere. respect= sent ins.-1. 01)u.is, sect, 92, cenne..."
coffee,1860,3,432,408,7.7438,True,"fine gunpowder, pekoe, caper, itc. coffees. family mixture finest do. .. genuine ground whole coffee .. moist .. .. sparkling lamp fruits. splendid currants .. fine do. • finest valencia rais..."
coffee,1860,3,432,409,7.8124,True,"cassell's celebrated coffee no. 4, la. 8.1. per lb.; no. 5,2 a. per lb"
coffee,1860,3,432,411,7.8642,True,"cassell's celebrated coffee no. 4, ls. bd. per lb.; no. 5, 20. per lb"
coffee,1860,3,432,412,8.0475,True,"caution to coffee -drinkers. white, fairchild, and company's patent concentrated coffees are known throughout the three kingdoms as the best and the eheapest preparati..."
coffee,1860,3,432,413,8.0735,True,"teas! teas!! teas!! new tea, coffee, and general grocery establishment, paxton terrace, barrow. thomas ward, respectfully informs the inhabitants of barrow and its vicinity that he has ..."
coffee,1860,3,432,415,8.105,True,"caution to coffee -drinkers. white, fairchild, and company's patent concentrated coffees are known throughout the three kingdoms as the best and the cheapest preparati..."
coffee,1860,3,432,416,8.1124,True,"delicious coffee. william and george law coffee new merchantsiatiiar, ozfo"
coffee,1860,3,432,417,8.2795,True,"cassell's celebrated coffee no. 4, l. bd. par lb.; no. 5,2 s. par lb"
coffee,1860,3,432,418,8.2954,True,"teas! teas!! teas!! new tea, coffee, and general grocery establishment, paxton terrace, barrow. thomas ward, respectfully informs the inhabitants of barrow and its vicinity that he has ..."
coffee,1860,3,432,419,8.3123,True,"teas! teas!! teas!! new tea, coffee, and general grocery establishment, paxton terrace, barrow. thomas ward, respectfully informs the inhabitants of barrow and its vicinity that he has ..."
coffee,1860,3,432,420,8.3446,True,"the best and cheapest teas and coffees in england are at all times to be ob- tained of phillips and co., tea merchants, 8, king wil- liam-street, city, london.. good strong useful congou ..."
coffee,1860,3,432,421,8.37,True,...seful strong tea excellent breakfast tea really fine tea very choice tea .. fine scented orange pekoe gunpowder tea .. fine ping limey tea good mixed coffee .. fine east india coffe
coffee,1860,3,432,423,8.5166,True,...seful strong tea excellent breakfast tea really fine tea very choice tea .. fine scented orange pekoe gunpowder tea .. fine ping limey tea good mixed coffee .. fine east india coffe
coffee,1860,3,432,426,8.6964,True,"teas! teas!! teas!! new tea, coffee, and general grocery establishment, paxton terrace, barrow. thomas ward, respectfully informs the inhabitants of barrow and its vicinity that he has ..."
coffee,1860,3,432,427,8.9885,True,"cassell's pure tel no. 3,3..; bro. 4,3 a. 6d.; no. 5,4 e. per lb. c-lissell's—celebrated coffee. no. 1. ls. per lb.; no. 3. h. 44. per lb. cassell's celebrated coffee no. 4. la. 114. per lb.; no. 5,2 "
coffee,1860,3,432,428,9.0408,True,...a useful strong tea excellent breakfast tea fine black or mixed tea very choice tea young hymn tea gunpowser tea fine ping suey tea fine orange pekoe coffees. good mixed coffee fine coffe
coffee,1860,3,432,429,9.0517,True,"finest coffee fine rich coffee good coffee mixed coffee is. od. „ meal, flour, cheese, bacon, butter, and lard."
coffee,1860,3,432,430,9.1858,True,"finest coffee fine rich coffee good coffee mixed coffee is. od. „ meal, flour, cheese, bacon, butter, and lard."
coffee,1860,3,432,431,9.3906,True,...a useful strong tea excellent breakfast tea fine black or mixed tea very choice tea young hymn tea gunpowser tea fine ping suey tea fine orange pekoe coffees. good mixed coffee fine coffe
coffee,1860,3,432,432,9.4609,True,"milbmb._ 44, lord-greet, liverpool, august 3rd, 1861. ibeg respectfully to inform my numerous friends and large consumers of tea and coffee throughout the three kingdoms that a dissolution op partners"
