word,decade,cluster,cluster_size,rank_in_cluster,distance_to_centroid,target_word_visible,snippet
coffee,1890,0,1227,1,4.7297,True,"best place in burnley for good dinners and teas is thornton's restaurant and coffee tavern, 3, bridge-street, (close to tram cen- tre). visitors to town will find here every comfort. 195 g the new fir"
coffee,1890,0,1227,2,5.0845,True,"best place in burnley for good dinners and teas is thornton's restaurant and coffee tavern, 3, bridge-street, (close to tram cen- tre). visitors to town will find here every comfort. 867 g nelson libe"
coffee,1890,0,1227,4,5.1724,True,"sherborne. coffee tavern, low strsicz—visitoas every accommodatlon moderate ohorgee.-111. ottnne, proprietor, smith, oyele agent, &a. special attention given to cycle ..."
coffee,1890,0,1227,7,5.216,True,"hey wood. rfarry and pssartrrtriox.—on saturday the card- room operatives employed at the park-street spin- ning company, hopwood, assembled at the coffee tavern, and after partaking of tea, to which "
coffee,1890,0,1227,9,5.2672,True,...owder— 10 primp raatials parkirinna cowbird rowdvr is delicious. sm nonconformity—the noneonfomaist posters of the town held a private meeting in the coffee tavern on monday 
coffee,1890,0,1227,10,5.3036,True,"...oventry church sunday-school teachers' association was held at -- st. mary's-hall on tuesday. tea was served, by mr. t. smith, of the mayor's-parlour coffee tavern"
coffee,1890,0,1227,12,5.3738,True,"lancaster trades' council. the monthly meeting of the lancaster trades' i council was held on saturday in the market- street coffee tavern. there were present messrs. g. jones (president), quail (vice"
coffee,1890,0,1227,13,5.3781,True,"threatened strike of swansea bakers. increased pay and less hours the journeymen haler' of sesames met at the welcome coffee tavern, iligh-stmet,ome fsiday mening, to consider what eteps ahould be wre"
coffee,1890,0,1227,15,5.4322,True,"the telegram trade directory. sherbor ne. coffee tavern, long street.—visitors will find every accommodati moderate _chargee.—e. emu"" proprietor, smith, cycle agent, &e. special atte% •"""" given to c..."
coffee,1890,0,1227,16,5.4389,True,"best stores in erdington for fruits, cakes, pastry, etc. • barrows' tea and coffee warehouse, 93, bull street and barrows' stores 74, 76 & 78, ration street, barrow's stores new osoott and distriot—sa"
coffee,1890,0,1227,17,5.49,True,"store room. the clerk was directed to write to mr david major asking what his terms were for the old coffee tavern at tondu, which the board wished to purchase as a store room for the property of the "
coffee,1890,0,1227,20,5.5224,True,"formation of a cyclin club fur aberavon. a very large meeting of those interested in cycling was held at the coffee tavern (high-street) on tuesday evening. mr w. h. evans pegasus "") was voted to the "
coffee,1890,0,1227,22,5.5805,True,...techapel tragedy. the inquest on the body of frances coles was resumed at whitechapel on monday morning. witnesses iden4- fled sadler as visiting the coffee shop in whitechapel at 6.30 a.m. o
coffee,1890,0,1227,23,5.606,True,"the comet. the horned snake. one morning, while stationed at b--, i was taking my cup of tea and cheroot at the coffee shop, i.e., the verandah of bachelors' hall, a bungalow in which dwelt four jolly"
coffee,1890,0,1227,24,5.6074,True,"the telegram trade directory. sherbor ne. coffee tavern, long street.—visitors will end every accommodation u moderate oharges.—e. curing, propnelor, smith, ord' agent, &e. special attoi given to cy..."
coffee,1890,0,1227,25,5.6104,True,"mrs. dyson, of comae awl brierfiehl, invites attention to the borough coffee tavern, burnley. near the market hall, chancery street. with the coffee tavern is incorporated a commerciat. hotel. lirs. o"
coffee,1890,0,1227,27,5.6233,True,"...t. jots church, hafod. by the kindness of a few friends the choir of st. john's church, was treated to a sumptuous supper on thursday evening, at the coffee tavern, landore. with tho exception of the"
coffee,1890,0,1227,29,5.6473,True,...echapel tragedy. the inquest on the body of frances coles was resumed at whitechapel on monday morning. witnesses identl- fied sadler as visiting the coffee shop in whitechapel at 6.30 a.m. on
coffee,1890,0,1227,30,5.6537,True,"total anb ilistrict fielms. new coffin hooms.—mr. h. seim, of 82, argyle-street, will, next week, open his new coffee rooms, a special feature of which will be • lavatory for the use of visitors, with"
coffee,1890,0,1227,31,5.6712,True,"inglet()n. mn. jape. lulu, of the coffee tavern, has been azttridel-tr!vtas"":{lveetrihe'pvi'lt olp.lfine tar hun—many farmers in this district have corn- menced the buy harvest, but the rain..."
coffee,1890,0,1227,32,5.6752,True,...meeting. a succebi3fiil financial season. on monday night the annual general mecting of the nelson cricket and bowling club was held in the lomeshays coffee tavern. there was 
coffee,1890,0,1227,34,5.6802,True,...echapel tragedy. the inquest on the body of frances coles was resumed at whitechapel on monday morning. witnesses identi- fied sadler as visiting the coffee shop in whitechapel at 6.30 a.m. o
coffee,1890,0,1227,35,5.69,True,brampton cricket club. the annual general meeting of this club was held on friday last at the coffee tavern. there was a good attendance. the secretary's report showed that of 16 matches played during
coffee,1890,0,1227,36,5.6997,True,...unicipal elections. atkinson's candidature. valse statements exposed. last night a meeting of mr john atkinson's sup- rttrs was held in:the gladstone coffee palace. mr r john leahy (
coffee,1890,0,1227,40,5.7234,True,"utilwortel allotments ""asboo/ation. ann.ii t_l meeting. the annual mee—i,i-r7g of --this -ass-sonia-tio'n wsui held at the coffee tavern on friday evening, sth inst. the tea which usually precedes the"
coffee,1890,0,1227,41,5.734,True,"vii5;illf.!;5 'announcrnwits. mrs. dyson, of collie and itriertield, invites attention to the borough coffee tavern, 1n ley. near the market hall, chancery street. with the coffeo ta-rn is ineerlong,,"
coffee,1890,0,1227,42,5.7406,True,"...regulated and attended to. ur. isaac will attend on the last thursday in every month, between the hours of 10ieven and six o'clock, at mr. williams's coffee tavern, comsteßctst.-viser"
coffee,1890,0,1227,43,5.7469,True,"runcorn football cm. the annual dinner was held at riley's coffee cafe on thursday night. a good company assembled, and mr. p. speakman c.c., the president, occupied the chair. after justice had been "
coffee,1890,0,1227,44,5.7543,True,"runcorn football club the annual dinner was held at riley's coffee cafe on thursday night. a good company assembled, and mr. p. speakman c.c., the president, occupied the chair. after justice had been"
coffee,1890,0,1227,45,5.7571,True,"...aster rugby foot- ball club. annual meetimg. -- the annual meeting of the members of the lancaster brugliv fin thou club was held at tin, market hail coffee tavern on wednesday evening. there was "
coffee,1890,0,1227,46,5.7581,True,"...cal school nelson tradesmen's association. annual meeting. the annual meeting of the tradesmen's associa- tion was held on wednesday afternoon in the coffee tavern, leeds-road, and was "
coffee,1890,0,1227,47,5.7594,True,"lancaster trades' council. the monthly meeting of the lancaster trades' council was held in the market-street coffee tavern on saturday evening, under the chair- manship of mr. g. jones, president. th"
coffee,1890,0,1227,48,5.7603,True,...abeerkntio. a letter was read from mr howard stating that the north's navigation co. would accept the authority as their tenants in respect a the old coffee tavern at tondu from the 
coffee,1890,0,1227,49,5.7639,True,"and the the members of the blackpool tradesmen's association, in general meeting assembled at the british workman's coffee palace on tuesday evening, discussed a subject of vital importance to the eoc"
coffee,1890,0,1227,50,5.7701,True,"mrs. dyson, of comae awl brierfiehl, invites attention to the borough coffee tavern, burnley. near the market hall, chancery street. with the coffee tavern is incorporated a commerciat. hotel. lirs. o"
coffee,1890,0,1227,51,5.7718,True,"... the members of the amen wear- side branches of the amalgamated society of en- gineers wile held 011 woclllolldlty in the large room • of the central coffee tavern, higha"
coffee,1890,0,1227,54,5.7969,True,"west hartlepool municipal elections. south-east ward. meeting of mr. miller's supporters. last night, in the gladstone coffee tavern, west hartlepool, a meeting of ratepayers, convened for the purpose"
coffee,1890,0,1227,57,5.8041,True,"...party of reeler, winders, and beamers employed at brook mills, to- gether with a few friends, had a social gathering on thursday evening week, at the coffee tavern, wh"
coffee,1890,0,1227,58,5.8073,True,"bridport. a report of he sad case of suicide will be found on page 3. c fifss club opened itb meetings at the coffee tavern on tuesday. :41'60/al sehmon.—m she baptist chapel on sunday evening, the pa"
coffee,1890,0,1227,59,5.8092,True,"presentation to mr. george harris, merthyr. --o-- on thursday se'night an interesting presentation took place at the victoria-street coffee tavern, merthyr, the recepient being mr george harris, the l"
coffee,1890,0,1227,60,5.8211,True,"nelson. simms' assocurrox. —on saturday last the nelson and colne district tape sizers' pro- tective association held their annual meeting irl the coffee tavern, leeds-road, nelson. when the minutes o"
coffee,1890,0,1227,61,5.8318,True,... y. februaii y 4 1893 weston point reading room. speech by mr. brunner m.p. the opening ceremony in connection with the weston point reading room and coffee tavern was perfor
coffee,1890,0,1227,62,5.8331,True,"... regulated and attended to. mr. isaac will attend on the last thursday in every month, between the hours of eleven and six o'clock, at mr. williams's coffee tavern. commercial-street, "
coffee,1890,0,1227,64,5.8431,True,"i neath, swansea, and ll anelly association of miners. monthly meeting at landore. the monthly, meeting of the above ••40eintion wee held at the coffee tavern, landore, on satur- day. mr. james clemen"
coffee,1890,0,1227,66,5.8557,True,weston point reading room. speech by mr. brunner m.p. the opening ceremony in connection with the weston point reading room and coffee tavern was performed by mr. j. t. brunner m.p.. in the presence o
coffee,1890,0,1227,68,5.8581,True,"football viliage mth' fa----the annual meeting of de village boys' wee held at the faith coffee tavern. the following officers were unani- mously elected joseph hughm; vice-captain, wm. davies; treasu"
coffee,1890,0,1227,69,5.8596,True,"mr. g. h. petty's sales. blyne road, skiiitton. to be sold by auction; by mr. 0. h. plerfy, at the coffee tavern, 'ldarket-street, lancaster, on tuesday, the 15th febru- ary, 1899, at 640 in the eveni"
coffee,1890,0,1227,70,5.8622,True,"runcorn football club. the annual dinner was held at riley's coffee cafe on thursdav night. a good company assembled, and mr. p. speakman c.c., the president, occupied the chair. after justice had bee"
coffee,1890,0,1227,71,5.8644,True,"runcorn football club. annual meeting. the walla' meeting of the members of runcorn football club, was held at mr. riley's coffee cafe. mr. p. speakman, j.p,,c.c.,presided and there was a large attend"
coffee,1890,0,1227,75,5.8919,True,"golborne. the coffee rooms.—the coffee and cocoa rooms which were recently established at golborne by mrs. brown, mrs. rigg, and other ladies, are now under the superinte..."
coffee,1890,0,1227,78,5.9012,True,"friday, february 24. 189 s). highly important and valuable freehold business preimisbs for sale. to be sold by auction by mr. 0. it. putty, at the coffee tavern, market-strew. lancaster, on monday, th"
coffee,1890,0,1227,81,5.9115,True,"todmorden. presentation to a retiring tackler.— at the fielden coffee tavern, on saturday, mr. john craven, tackler at waterside mill was presented with a silver cruet stand by the weavers who had bee"
coffee,1890,0,1227,82,5.9145,True,...ed the competition this season for the coventry and district junior cricket challenge cup. a meeting of the delegates was held at the mayor's parlour coffee
coffee,1890,0,1227,83,5.9285,True,".... i) 1 son. of colue and licierfiviti, invit, • attention to tho borough c, .)ffe e tave gs, burnley, nun!. the 'market ira chancery street. with the coffee tavern i 4 ;neorpora"
coffee,1890,0,1227,84,5.9305,True,"blackpool tradesmen's associa lon. annual meeting of members. the blackpool trade= .en's association held their annual meeting, in mi r. heap's coffee palace, on tuesday evening. i !fr. councillor hea"
coffee,1890,0,1227,85,5.9328,True,"earby. coffee tavern 10111/%ie/wi al hotel, victoria-road. hot dinners daily. tea, coffee, and cccoa at any hour. refreshment and commercial llooms good se,commoda..."
coffee,1890,0,1227,90,5.9554,True,"xram pion 3nlelligence. business directory. day hotel & restaurant. the shepher7d coffee tavern, front street,— h. harding, proprietor. pic-nies and parties supplied. drapery, millinery & dressmaking,"
coffee,1890,0,1227,91,5.9557,True,"laimuatt g§erbanto, su. w anted young sfiel for shop.—vickcns, coffee tavern, sale. wantbd general servant; reference required.— apply sj, church-st.. bo.ton. wanted-,-goo-a-gvnbr-a-cage-is to 22, sma"
coffee,1890,0,1227,93,5.9676,True,"mrs. dyson, of (7015,• ond oi-ie.-field, invites aftentiiin to the orougei coffee tavern, ~.• it "":1 i ()i. c.... no. 51. vasincss announcements. furniture bought. avoid money lenders, and so called f"
coffee,1890,0,1227,94,5.9972,True,"_ corner coffee house subscaorlons 5s annually. 6d monthlyi reading room, open daily from 10 a.m. to 10 p.m. library (about 200 vols.) books ex- changed wednesday ev..."
coffee,1890,0,1227,97,6.0107,True,"a wordocao :a 0 oto busy men. tou can have a cheering and imagorafing (up sl delicious coffee made in a moment, at any time, by using symington's edinburgh coffee essence. * -di sold by all good groce"
coffee,1890,0,1227,100,6.0209,True,"brampton total abstinence society. the annual business meeting of this society was held on thursday week in the shepherd coffee tavern. mr hugh jackson presided, and there was a good atten- dance. the"
coffee,1890,0,1227,103,6.0343,True,"warrington. silver english lever watch, by harris and son, just forfeited ilectro-plated tea and coffee ser- vices, best quality, quite new ilver english ()entre seconds stop watch, with all the lates"
coffee,1890,0,1227,104,6.0413,True,"lancaster trades council. the monih'y meeting of this council was held at the markekstreet coffee tavern, on saturday evening, when the following delegatee were present: mr. w. knowles (president) in "
coffee,1890,0,1227,105,6.0474,True,"...uncil. the electric light as good as got. anniia report. the annual meeting of the members of the nelson tradesmen's association was held in latham's coffee tavern, leeds-road on"
coffee,1890,0,1227,106,6.0481,True,"...ion wi mil george harris, bridgend (late of merthyr). on thursday evening in lust week, an interesting presentation took place at the victoria-street coffee tavern, merthyr, the recipient bei"
coffee,1890,0,1227,109,6.0554,True,fair people at tea. on sunday last the members of the coventry christian women's temperance society gave a. tea at the alexandra coffee tavern to the travellers who were on a visit to the fair. about 
coffee,1890,0,1227,110,6.0558,True,"""sale of sales."" enormous reductions westminster"" coffee tavern, kt the bottom of clemiliis szaer"
coffee,1890,0,1227,113,6.0595,True,"national shop assistants' union. ashton branch. on wednesday evening last a general meeting of the above association was held in the ""tit bits"" coffee tavern, warrington-street, in response to a circu"
coffee,1890,0,1227,114,6.0596,True,alarming fire at nelson. a coffee tavern in flames. estimated damages i'4oo. between seven and eight o'clock on sunday night a fire of a serious nature broke out on the premises known...
coffee,1890,0,1227,116,6.062,True,"...teeth!!! dr. doherty. suroeon dentist, t, stow-hill (opposite weetgate hotelbl newport, mon. your,. 010.1 bave 50 to 75 per cent. of fuel. b.k• *e.e. coffee taverns, asylums instittat"
coffee,1890,0,1227,119,6.0781,True,"...a somewhat serious affray occurred just out- side the britannia theatre at buxton early yes- terdat morning. a nunaber of youths wcr: gathered near a coffee stall, when they"
coffee,1890,0,1227,120,6.0846,True,"...ill, refreshment room 21, iiroor street, ilkley. teas provided on rteeovable tem. large room attached for pantie. aooon-modation for eye hate. tlkley coffee tavern & wham:mists restau"
coffee,1890,0,1227,121,6.0877,True,"tonypandy. pharmacy.—we are glad te announce that mr emrys richards, son mr william richards. coffee tavern, tonypandy, has passed his final examiids. lion in pharmacentieal chemistry."
coffee,1890,0,1227,124,6.101,True,"...ional truialk of poor mill —ntioz—kell. quarterly meeting of bolton branch. the members of the above branch held their third quarterly meeting in the coffee tavern, bolton, on saturday, the bth ins"
coffee,1890,0,1227,125,6.1021,True,"loyal order of ancient shep- herds, warrington district. the quarterly meeting of this district was held at the shepherds-by-night lodge, coffee tavern,lymm on sat- urday. owing to the illness of bro."
coffee,1890,0,1227,128,6.1097,True,swansea recreation c.c. on friday evening the swansea recreation cricket club marked the close of the season with the usual dinner at the market coffee tavern. about forty eat down to table under the 
coffee,1890,0,1227,129,6.1108,True,"e4;i all omr 4t very much reduced prices •i'ar..ue. -tol% of fancy chinese & apane!e (mmy% tia and coffee sets. drn a myym. a l bmw', waiting cabfr desks. stationsav„ an i. booklets, brushim. comi3.q."
coffee,1890,0,1227,131,6.1127,True,"golborne. the coffee rooms.—the coffee and cocoa rooms which were recently established at golborne by mrs. brown, mrs. rigg, and other ladies, are now under the superinte..."
coffee,1890,0,1227,134,6.1148,True,"corner coffee house subscriptions 5s annually; 6d monthly reading room, open daily from 10 a.m. to 1 p.m. library (about 200 vols.) books ex- changed wednesday eve..."
coffee,1890,0,1227,135,6.1157,True,"...ncert at thelwall. the- annual concert in connection with the no.. 6 district (manchester ship canal) cricket club was held on tuesday evening in the coffee room, thelwall. there was a "
coffee,1890,0,1227,136,6.1232,True,"local news. (comtinued fron pnopirm baia. -mowers. compel.. and baines offered for sale on tuesday last at the market- street coffee tavern. lancaster, the following properties :—lot 1. the dwelling-h"
coffee,1890,0,1227,139,6.1327,True,"jubilee (facing pi er gates). hot joints from 12 to 3 roast beef, roast mutton. or roast lamb and vegetables is 3d each. coffees and teas. comfortable rooms and beds. terms strictly moderate frank ha "
coffee,1890,0,1227,140,6.1333,True,"james taylor, watchm k ripon. e je well eli a larue and choice selection of watches, clocks. and jewellery electro-plate, cuttlery. tea and coffee services, spoons, forks, tachauement. wedding, an sir"
coffee,1890,0,1227,141,6.1339,True,"lancaster coffee tavern company, limited. a visit to llncaster. a new method of treatment. t. eye e. their diseases successfully treated without operation. mr. thomas..."
coffee,1890,0,1227,142,6.1372,True,"young men's christian association. corner coffee house subscriptions 58 annually; 6d monthly reading room, open daily from 10 a.m. to 1 p.m. library (about 200 vols.) books ex- changed wednesday eve..."
coffee,1890,0,1227,143,6.1385,True,"oral and iji:itcitt ljttrs. c :inucd front 4th page. to let, a lock-i e-shop, 15, every-street; also large room to let for parties, ac., at lomeshaye coffee tavern. apply at baxioo's, 17, every- ,tree"
coffee,1890,0,1227,145,6.147,True,"la.rgest assortment of glassware in the midlands. birmingham coffee house go., i/11). hen and chickens hotel and cafe, new street (adjoining grammar school). visitors to the city, business men, and la"
coffee,1890,0,1227,146,6.1481,True,"the liquor traffic (local control) bill. • -- the debating society diacuseed the measure at their weekly meeting at the coffee tavern on pi iday even- ing. mr. harvey presided, and mr. a. mc l hanley "
coffee,1890,0,1227,149,6.1544,True,"...ety. important meeting last night. last evening, a crowded meeting of members of the blackpool industrial co-operative society was held in mr. heap's coffee palace, hounds hill. m"
coffee,1890,0,1227,153,6.1751,True,"golden bee hive, 69 & 71, church street, warrington. silver english lever watch, by harris and son just forfeited electro-plated tea and coffee ser- vices, best quality, quite new silver english ()ent"
coffee,1890,0,1227,155,6.1792,True,"...d aotion by the trades, men's association. a very representaike meeting of members of the blackpool tradesmen's association was held in the workman's coffee palace, south beach, on tuesday eve"
coffee,1890,0,1227,158,6.1873,True,"meetings of trades casuals. he y wood. the monthly meeting of this council took place at the coffee tavern on wednesday night week.— the president, mr. manock, was in the chair. the fire-beaters were "
coffee,1890,0,1227,159,6.1904,True,runcorn football club. annual meeting. the ar nu& meeting of the members of runcorn football club was held at riley's coffee cafe on tuesday night. there was a good attendance. in the absence of the p
coffee,1890,0,1227,160,6.1928,True,"st. jo fin ambulance briga.de. presentation to dr. adams. a coffee supper and smoking concert in connection with the warrington ambulance brigade, took place in the temperance hall, buttermarket-stree"
coffee,1890,0,1227,162,6.197,True,tile elections. __- choosing the candidates. the liberals of brunswick ward were invited by poster to a meeting held at the british workman's coffee palace on monday evening. a goodly number responded
coffee,1890,0,1227,163,6.1981,True,"...ayor's benevolence on new year's evening, some 250 widows of morriston sat down to a well-served tea of cold meat, cake etc., supplied by the swansea coffee tavern company, mr. owen evans, the ma"
coffee,1890,0,1227,164,6.1982,True,"othads. iticrzaiied sod elzgant accomodation is sow awed to visitons sad the imbue coascalty by cho skipton coffee tavern co., at tlto molar globe"" tavern (i_li ma wen so at do saceville-btrlwtttten. "
coffee,1890,0,1227,166,6.203,True,"clitasibt ,flotirts, *vies, tit. edca.r.—union jack coffee palace. spec:al ..l.v rates tor schools, de. licasocable tortes (or board lodgers, daily or week ends. edcar.—visitors will fled leneard's th"
coffee,1890,0,1227,168,6.2106,True,"...ktingbiai,ti ~.,4htailittesnidatlel4s.uoinat teas provided on reasonable terms. large room attached for parties. acccarmodation for eyehate. tlki.i4x coffee tavern & wrarncliffik rebtaiir"
coffee,1890,0,1227,169,6.2153,True,"...efeats intrlitit. the k. moreoantionlnocziflpeotic. administrators itiflss maud davies gives, pianoforte in lessons. for partioalars apply at station coffee t"
coffee,1890,0,1227,170,6.2203,True,"total abstinence society. the annual general meeting was held on wednes- day evening in the shepherd coffee tavern. the proceedings commenced with a substantial supper, provided by mrs harding, to whi"
coffee,1890,0,1227,173,6.2248,True,brampton and district. notes. the general committee of the liberal assoeia- tion met on friday night at the coffee tavern. mr p. burn presided. it was decided to hold the annual soiree about the end o
coffee,1890,0,1227,176,6.2293,True,"mrs. • dyson, of coble alai brier&l4l, invites attention to the borough coffee tavern, burnley, near the market ha chancery street. with the coffee taveni is incorporated a commercial hotel. nm dyson "
coffee,1890,0,1227,177,6.2395,True,"corner coffee house 1 applications sti)3scitirtions: 5s annually 6n monthlyi reading room, open daily from 10 a.m. to 10 p.m. library (about 200 vole.) books ex- c..."
coffee,1890,0,1227,181,6.2514,True,"... veget—ibles in beason. all orders promptly attended to. west kirby dee hotel. this hotel has been considerably enlarged, and con- tains dining room. coffee room, 4 sitting li001:111"
coffee,1890,0,1227,182,6.2529,True,"xrampton 3ntelligenee. brampton business directory day hotel & restaurant. the shepherd coffee tavern, front street,— h. hardin°, proprietor. pie-nice and parties supplied. general drapers, clothiers,"
coffee,1890,0,1227,183,6.2535,True,"colne tradesmen's association. holiday arrangements. a quarterly meeting of the above association took place at the coffee tavern, church-st., on tuesday evening. the attendance was poor. it was decid"
coffee,1890,0,1227,184,6.2593,True,"loyal order of ancient shep- herds, warrington district. the quarterly meeting of this district was held at the shepherds-by-night lodge, coffee tavern,lymm on sat- urday. owing to tbe illness of bro."
coffee,1890,0,1227,185,6.2597,True,"...artlepool municipal elections. south east ward. coun. abrahams before his constituents. enthusiastic vote of confidence. last night, in the gladstone coffee tavern, west hartlepool, a public mee"
coffee,1890,0,1227,187,6.2625,True,"apathy among temperanoe workers. mr. hoyle on the warpath. the annual conference of fylde temperance workers was held at the british workman's coffee palace, on saturday, under the presidency of mr. t"
coffee,1890,0,1227,188,6.2629,True,"...lal010.,;, ,rtiirrnm-pgrr,istl!licitlel.;:toome, teas provided on reaeonable tem, large roam attached for paroleo. accormodation for cyclieta. tlkley coffee tavern & wnesecuers ri"
coffee,1890,0,1227,189,6.2642,True,"abridged prospectus. this company has been formed for the purpose of carrying on the business of a coffee house and temperance hotel company, with subsidiary departments connected therewith, in bridli"
coffee,1890,0,1227,190,6.2713,True,"lluneaton an tl/9 olp zet,ciirmicksntre .. dale temperance commercial mobil coffee tavern company, limited, ii in boor, di,. end defroelonente. parties o.lodre ottending from °mende dm toren irovnlea "
coffee,1890,0,1227,191,6.2718,True,"...pool, the winter session of the help myself temperance society was brought to a close by a social evening, held in the temperance hall, last night. a coffee supper"
coffee,1890,0,1227,192,6.2738,True,"...i at(t ith4 bite 41 prescriptions carefully dis• pensed. with purest drugs. at moderate prices. old square, warwick. sale temperance commercial metal coffee tavern company, limited, now i.ni,eii"
coffee,1890,0,1227,194,6.2767,True,"charge against a friendly society secretary. at the west ham—faie-e-co- urt-- ,onmonday,george maynard gollop, 42, a coffee shop keeper, of the high street, stratford, was charged on remand with unlaw"
coffee,1890,0,1227,195,6.2786,True,trades inioni= in rochdale. speeches by councillor redfern and m.r. holden. on saturday evening a meeting was held at the yorkshire-street coffee tavern for the purpose of considering the advisability
coffee,1890,0,1227,197,6.2839,True,"...'s tsmp&rance association. dr. hate mitchell, from london, will give a lectors on the drink question: its social and medical aspest.,* at the atation coffee palace, way "
coffee,1890,0,1227,198,6.2851,True,"st. john ambula.n:ce brigade. presentation 10 dr. adams. a coffee supper and smoking concert in connection with the warrington ambulance brigade, took place in the temperance hall, buttermarket-street"
coffee,1890,0,1227,199,6.2856,True,"best stores in erdington for barrows) tea and coffee warehouse, 93, bull street and barrows, stores 74, 76 & 78, corporation street, birmingham. fruits, cakes, pastry, etc. barrow's stores new osoott "
coffee,1890,0,1227,201,6.288,True,"swansea.. notic6.—if you want a good chop, sent. or dinner try the market coffee tavern and cafe itestaursal. oaford-street. swansea (opposite the too ago. _pv.ivate !i?orne for ladies commercial • me"
coffee,1890,0,1227,202,6.2939,True,"another luxury ior urewe. -,e:- 01c""' 0 be had only of -nt 1/4 k*l<,. 8.1 ""it j. c. holmes & co., tea blenders & coffee roisters 33, high street, crewe. n.8.-we roast on the premises four tiles a week"
coffee,1890,0,1227,205,6.3035,True,"south vale wanderers football club. the annual dinner of the above club was held on friday, in the coffee room at the bush hotel. after an excellent dinner, mr bell, vice-president, took the chair, in"
coffee,1890,0,1227,206,6.3041,True,"...pure beef ettle., publio notices. important nc.411011 t a general meeting of a4sistants of .1-1- all branches in business, will be held in the boston coffee tavern, an tuesday next, at .3"
coffee,1890,0,1227,208,6.3053,True,"orand display of uixtures, (second handl.—shop or ofsce, counters, .12 showcases, shelving, desks, scales, weights, canisters. coffee mills, butchers' blocks, sates, copper urns. par- tioning, marbls "
coffee,1890,0,1227,211,6.3147,True,"a most powerful tea. bake and co., my3odb tea and coffee dealers, 108. chester street, birkenhead. telephone no. 42cd. john sanbom, timber merchant, central timber stores 101pposite oestral stationh b"
coffee,1890,0,1227,212,6.3173,True,"barrows, tea and coffee warehouse, w 3, bull street and darrow's worms barrows) stores 74, 76 & 78, corporation street, bllool4ealkli. supply the be iii of everything at the..."
coffee,1890,0,1227,213,6.3178,True,"brampton and district. notes. in connection with the temperance news. total abstinence society's band, a coffee supper was given in the tweed mill, on monday night, by the countess of carlisle. there "
coffee,1890,0,1227,216,6.3267,True,"...woman named emily middle- ton was charged with being drunk and disorderly, and further with &vaulting mr. john toothill, the manager of the kirligate coffee tavern. "
coffee,1890,0,1227,217,6.3286,True,"bath and bristol trade swana.ge. figure head coffee tavern, high street (near wesleyan unwell). liree minutes' walk from the railway station, and five from the pier. parties catered for on the bindles"
coffee,1890,0,1227,220,6.3424,True,"brampton garden allotments, the half-yearly meeting of the 'garden holders was held at the shepherd coffee tavern on saturday after- noon last, mr c. cheesebrough presiding. the financial statement fo"
coffee,1890,0,1227,222,6.3449,True,"... gathering. speeches by major ropner and mr, t. wrightson. i the members and friends of no. 3 lodge of the 'stockton british league held their annual coffee supper last "
coffee,1890,0,1227,225,6.353,True,"bilk. the meeting for bulk was held at the coffee tavern at the wagon %verks, on tuesday even- ing. there was a good attendance, which in- called mosso, f. chatfield. t. rowland. a. hoyle, w. dixon t..."
coffee,1890,0,1227,226,6.3552,True,"...ish er nt oom, fl i 21. snow( stkarr, ilkley. teas provided on reasonable terms. large room attached for parole«. accoormodation for cyclets. iliclfx coffee tavern & w iin"
coffee,1890,0,1227,227,6.3567,True,"...ebbe! prom 611. pzb day. apply to manager. vxcursionistb from blackpool to -la the isle of man will find special advantages by 1 visiting the douglas coffee palace, market pla"
coffee,1890,0,1227,229,6.3572,True,"leath bros ,a 6 and s. clemens st. and co. warwick street, leak: ;ton is. market plai doe street. warwick. sed the above coffee tavern, it 20,000 ,cles, tricycles. rattie, tendeme, ing machines. writs"
coffee,1890,0,1227,230,6.359,True,"wallasey jotting& the local ""british women are to be congratulated on their enterprise in opening the coffee stall at seacombe ferry. certainly the most practical and effective means of promoting temp"
coffee,1890,0,1227,231,6.3623,True,"concert at burlington hall, aston. on monday evening an excellent concert was held at burlington hall iu aid of funds for enlarging the coffee bar. there was a good attondanoe. part i. opened with the"
coffee,1890,0,1227,233,6.3655,True,"lusitlfss lunetuututtuts. mrs. dyson, of coins aud brier&ld, invites attention tai borough coffee tavern, burnley, near be market ha chancery street. with the coffee tavern is incorporated a ni nierci"
coffee,1890,0,1227,234,6.3656,True,"lancaster cycling club. ..... the annual general meeting of the members of the lancaster cycling chm was held in the market coffee tavern, on friday evening, when there was a large attendance. mr. s. "
coffee,1890,0,1227,235,6.3684,True,"mrs. dyson, of cohw and deerfield, invites attention to the borough coffee tavern, burnley, pear the market hall, chancery street. with the coffee tavern is incorporated a commercial hotel yrs. dyson "
coffee,1890,0,1227,236,6.3698,True,"...ains rooms es_ its sod a illiarti baths. -vxcursionists from blackpool tdr -12 a the isle of man will find special advantages by 'hitting the douglas coffee palace, market place, north quay. tea, "
coffee,1890,0,1227,237,6.3699,True,"iie old established tea and coffee warehouse. finest new season's teas from is. 4d. to 2s. bd. pee. lb. henry heath, wholhz:a fa4iily grocer high street, crewe. parcels delivered promp..."
coffee,1890,0,1227,238,6.3731,True,"swanage. total abstinence slate cli:b.—a meeting for the starting of the club and enrolment of members was held at the figure head coffee tavern on wednesday last, the chair being taken by mr. j. webb"
coffee,1890,0,1227,239,6.3731,True,"• tiielw- ill coffee tavern, manchester ship canal yard, thelwall. under new management. 'l--/-iis tavern is open to the public every day • except sunday. special terms t..."
coffee,1890,0,1227,243,6.3894,True,"...elarnoss. councilloi: martin in the south-east ward. last night, mr councillor r. martin opened ids minpaign by addressing a meeting at the gladstone coffee palace. mr t. elliott presided"
coffee,1890,0,1227,250,6.3987,True,"the ship canal. minstrel entertainment at thelwall. the warrington amateur minstrels gave a miscellane- ous entertainment in the coffee room at thelwall, on tuesday evening, in aid of the fund which i"
coffee,1890,0,1227,253,6.4028,True,"..., nu:uns, fa. ablett and foyl, restaiieatburs and caterers. 18, market-street. 7011 ths bebi an. dinners. 1, shore road, morprth dock dining, tel dad coffee rooms, strictly mode"
coffee,1890,0,1227,257,6.4119,True,henstridge. vestry meeting.—the annual easter vestry was held in the old coffee room on thursday morning. the rev. a. g. dowell presided over a small number of ratepayers. meesrs. j. pickford and j. c
coffee,1890,0,1227,258,6.4126,True,"!xcurbionistb from blackpool t• the 181,13 0? man will lind speeial advantages hy viattaw the douglas coffee palace, kamm(' placi2, north quay. tea, coffee, cocoa, confectionery, haws, cornadgeof dm, "
coffee,1890,0,1227,259,6.4148,True,"brighoetsi4i,. lane head chwein,—on new year 'el day a coffee upper was provided at the primitive method. ist sunday school, about 100 partaking of the good things provided. the evening wag afterwards"
coffee,1890,0,1227,260,6.4172,True,"valuable freehold dwelling house in thurnham-street, lan- caster, for bale. to be sold by auction, by mr. c. r. compston, at the coffee tavern, marrior-street, lancanter, on thom... the 8911. day of s"
coffee,1890,0,1227,267,6.4236,True,"the coffee tavern movement at mutton. opening of a new branch. on saturday afternoon, a new coffee tavern was opened in sztoltville-street, at the entrance to m..."
coffee,1890,0,1227,271,6.4279,True,"the coffee tavern movement at mutton. opening of a new branch. on saturday afternoon, a new coffee tavern was opened in sztoltville-street, at the entrance to m..."
coffee,1890,0,1227,272,6.4282,True,"lusitlfss lunetuututtuts. mrs. dyson, of coins aud brier&ld, invites attention tai borough coffee tavern, burnley, near be market ha chancery street. with the coffee tavern is incorporated a ni nierci"
coffee,1890,0,1227,273,6.4328,True,"mrs. dyson, of cohw and deerfield, invites attention to the borough coffee tavern, burnley, pear the market hall, chancery street. with the coffee tavern is incorporated a commercial hotel yrs. dyson "
coffee,1890,0,1227,275,6.4332,True,"annual meeting. the annual meeting of the members of runcorn football club, was held at mr. riley's coffee cafe. mr. p. speakman, j.p.,c.c.,presided and there was a large attendance. the secretary (mr"
coffee,1890,0,1227,276,6.4341,True,"in the ct.trrent ooln. two tramps going through newcastle went into a coffee palace and ordered two dinners. the waiter brought them, er.d went away to wait on other people. when the tramps bed eaten "
coffee,1890,0,1227,278,6.4355,True,...dependent order of rechabjes. there was a large gathering of delegates be- longing to the weet-gmorgisn district of the reaabite order at the landore coffee tavern on saturday evening. mr. t. jones-
coffee,1890,0,1227,280,6.4412,True,"up to date, published at 6e. £l.ooo worth of electro-plated goods of the newest designs in tea and coffee services, cruets fish ,eaters, dessert knives, jam speohs, bataan knives, &c, ecc. doidge's fi"
coffee,1890,0,1227,282,6.4426,True,"store room. it was decided, in view of a letter received from mr major, that £5 be paid to mr major for the' old coffee tavern, and that north's navigation com- pany be asked to accept the authority a"
coffee,1890,0,1227,284,6.4451,True,"...heart warrington. solemn opening, &inn)ay, october 6th. see bills. the queen's hotel. (late nag's head), w arrington. itestaurant, luncheons, tea and coffee rooms, billiards. "
coffee,1890,0,1227,285,6.4455,True,"annual meeting. the annual meeting of the members of runcorn football club, was held at mr. riley's coffee cafe. mr. p. speakman, j.p.,c.c.,presided and there was a large attendance. the secretary (mr"
coffee,1890,0,1227,288,6.4535,True,"...ball club. annual report. the annual meeting of the members of the. lancaster rugby football club, which was held on friday night, at the market hall coffee tavern, was one of the "
coffee,1890,0,1227,290,6.4548,True,"barrows' tea and coffee warehouse, 93, bull street ow barrows) stores 74, 76 & 78, corporation street, birmingham. barrow's stores deliver goods throughout the 'winston asi ..."
coffee,1890,0,1227,291,6.4616,True,"tile peojected- sliding-scale. disaorefaient between steel- .% oreers and ailtizans. r on saturday, at the coffee tavern, trodegar. a meeting of iron and steel workers representa- tives from illaenave"
coffee,1890,0,1227,292,6.4626,True,"valuable business premises for to be sold by auction, by r. c. warriner, at the mmuter-erneekr coffee tavern, lan. caster, on tratirea, the 17th day of april, 1894, at seven o'clock in the evening, al"
coffee,1890,0,1227,293,6.4657,True,"gower division. mr, c. h. glascodine at fforestfach. an enthusiastic meeting of conservativei was held at the ravenhill coffee tavern, fforestfach, kindly lent by mr. j. r. jenkins, on thursday evenin"
coffee,1890,0,1227,294,6.4664,True,"sturdiinster nejwton. wesley guild annual.—au entertainment, follow. d by a coffee supper, took place on thursday in the sunday-school. the chair was taken by mr. cressey. following wits the pro- grai"
coffee,1890,0,1227,295,6.4683,True,"corn= coffee house subscaiptions 51; annually; 6d monthly' reading room, open daily from 10 a.m. to 10 p.m. library (about 200 vols.) books ex- changed wednesday ..."
coffee,1890,0,1227,296,6.4722,True,"manselton. iten ()logical society. the manselton phrenological society held its fortnightly meeting at tlie belgrave coffee tavern, manselton. the meeting having been opened, mr. thos. williams read a"
coffee,1890,0,1227,297,6.4722,True,"new street, lancaster. nble busin—r-si-3 premises for • sale. old by auction, by mr. e. c. warriner, le maltzte-strlet coffee tavern, lan- on tuesday, the 17th day of april, 1894, ven o'clock in the e"
coffee,1890,0,1227,299,6.4763,True,"new wesleyan mission hall _ proposed coffee palace. two new weeleyan mission halls that are a credit to aston have been erected in lozells street. the buildings comprise • large hall, to seat o..."
coffee,1890,0,1227,303,6.4849,True,"...ction mart, limited. annual meeting. on saturday last the annual meeting of the lancaster farmers' auction mart co. ltd., was held at the market hall coffee tavern, mr, l. whittak"
coffee,1890,0,1227,305,6.4881,True,"... (hornsca) lodge of freemasons received a visit from the }lumber (hull) lodge. after the usual business had been transacted, a dinner was held in the coffee rooms "
coffee,1890,0,1227,306,6.4888,True,"list of the presents. mrs parry. piano clock and linen mrs w h perry, queen anne tea and coffee service mr and ms. owens, glassware and crockery captain and ars owens. fish slice and for mr and mrs a "
coffee,1890,0,1227,307,6.4949,True,"coffee tavern, emens st. leam: children, boots oes, leggings, clogs. tandem, don't miss this sale, eared out re and at • marllin, sleati 1 bros., 1111.ingii..."
coffee,1890,0,1227,310,6.4994,True,"woodfell-street new coffee tavern. the swansea cotf--ee 'revere company, limited, opened a spacious and commodious tavern at woodfield-street, on saturday. the bar is artistica..."
coffee,1890,0,1227,311,6.5004,True,a pleasant evening with blackpool tradesmen. con versazione at the coffee palace. councillor hampson moved the addition of the name of councillor taylor to the sub-committee appointed to purchase the 
coffee,1890,0,1227,313,6.5023,True,"dishforth. w esleya nciiap el sl' n da n"" sviiool. —on new year' day the children had their annual tea and prize-giving. this was followed by a coffee supper. dancing class.—on the last evening of the"
coffee,1890,0,1227,317,6.5122,True,"garden allotments. a committee meeting was held in the coffee tavern on thursday, and the eight vacant allotments, for which there were 27 applications were balloted for. mr robertshaw, mr r. davidson"
coffee,1890,0,1227,319,6.5163,True,"terrible tragedy in a coffee tavern. a young woman shot dead. about twenty 33111111i11a to one on wednesday a builder, named richard george harding, of haverstea hill, entered th..."
coffee,1890,0,1227,321,6.5227,True,".... a. davis, chemist. prescriptions carefully dia penscd, with purest drugs, at moderate prices. old square. warwick. das"" temperance commercial motel coffee tavern com"
coffee,1890,0,1227,327,6.5336,True,"barrows' tea and coffee warehouse, 93, bull street and barrows stores 74, 76 & 78, corporation street, birmingham, barrow's stores new osoott and district—saturday, monthly...."
coffee,1890,0,1227,329,6.5359,True,"best stores in erdington for fruits, cakes, pastry, etc. barrows' tea and coffee warehouse, wi, bull street and barrow's stores barrows' stores 74, 76 & 78, corporation street, birmingham. 3epply tia•"
coffee,1890,0,1227,330,6.5392,True,"new wesleyan mission hall _ proposed coffee palace. two new weeleyan mission halls that are a credit to aston have been erected in lozells street. the buildings comprise • large hall, to seat o..."
coffee,1890,0,1227,331,6.5397,True,"mrs. dyson, ix c0111(.1111,1 driedleld, invites attention to tho borough coffee tavern, burnley, near the market hall, chancery street. with tbo coffee taveni is incorporated a"
coffee,1890,0,1227,332,6.545,True,"corner coffee house subscriptions 5s annually gu monthly reading room, open daily from 10 a.m. to 1 p.m. library (about 200 vole,) books ex- changed wednesday even..."
coffee,1890,0,1227,336,6.5527,True,"store room. it was decided, in view of a letter received from mr major, that £5 be paid to mr major for the' old coffee tavern, and that north's navigation com- pany be asked to accept the authority a"
coffee,1890,0,1227,337,6.5539,True,"...s.—this was a claim for 16s. by the plaintiff, mary jones, a domestic servant, against the defendant, richard griffiths, manager of the great western coffee tavern. m"
coffee,1890,0,1227,339,6.5551,True,"capture of a badger in wa lveiidi-:!1 v, ood. on friday evening mr. t. thomas, of ths nelson coffee tavern, and mr. t. ashton were walking through clough head piantation, walverden., accompanied by a "
coffee,1890,0,1227,341,6.5603,True,"neath juvenile choir. an interesting gathering of the above choir was held at the anchor coffee tavern, n,atth, on th., 8- day week. our readers will remember the visit of the above choir to london in"
coffee,1890,0,1227,342,6.5641,True,"the baptists. the ,it recorded meeting of the papti,it bowil was beta on january 20, 1723. for a hood red ve,ira the members met in coffee tavern,; the cio,rg,-8 wen, four guineas per annum, with tips"
coffee,1890,0,1227,343,6.5652,True,lancaster rugby club. annual meeting.. the annuej...g-e-n—er—at meeting was held in the corn market-street coffee tavern on friday when there was a crowded attendance of mem- bers. mr. w. ritson presi
coffee,1890,0,1227,344,6.5658,True,"mrs. dyson. of coln,. :tog brit dield. int if es attention to iho borough coffee tavern. burnley. nenr the 3i arlo•t linli ottancery street. with the coif., tavern i. inctrporated n commercial rotel. "
coffee,1890,0,1227,345,6.5674,True,"young men's christian blandford association. corner coffee house subscriptions 5s annually; 6d monthly rlading room, open daily from 10 a.m. to 1 p.m. library (about 200 vols.) books ex- changed wedne"
coffee,1890,0,1227,351,6.5759,True,"warrington. silver english lever watch, by harris and son, just forfeited electro-plated tea and coffee ser- vices, beat quality, quite new silver english ()entre seconds stop watch, with all the late"
coffee,1890,0,1227,359,6.6001,True,"cycling. rune for the week lan..aster cycling club to-morrow, kirkby lonsdale. back by cowbrow, leaving green ayre coffee tavern at 20 p.m..--ladies run to morecambe, leaving headquartera at 5-30 p.m."
coffee,1890,0,1227,361,6.6018,True,"...861. james 'f/8,y1,011t watchmaker & jeweller ripon. a larue and choice selection of watches, clocks. and jewellery, electro-plate. cuttlery, tea and coffee services, spoons, forks, an. engage"
coffee,1890,0,1227,366,6.6073,True,"14: anteb—publit 419ffittat5. tontrar w. book for married women. the queen's hotel. (late nag's head), warrington. restaurant, luncheons, • tea and coffee rooms, billiards. chops and steaks at any hou"
coffee,1890,0,1227,369,6.6131,True,"corner coffee house subscriptions 58 annually 6d monthly reading room, open daily from 10 a.m. to 1 p.m. library (about 200 vols.) books ex- changed wednesday even..."
coffee,1890,0,1227,373,6.6183,True,"fancy chinese and japanhia goods, tea and coffee sets, ornamenti.4, albums, writing cases, drsks, station. eby, and bookietb, brushes, combs, baskets. wicker chairs and tabler. spong&s, wash leather..."
coffee,1890,0,1227,375,6.6215,True,"the earl of carlise on temper- ance successes. an entertainment and coffee supper, promoted by the brampton total abstinence society, was held in the tweed mill on monday evening, and proved a highly "
coffee,1890,0,1227,376,6.6215,True,"call at coffee house, barrow islam) amphitheatre buildinos, next door but two to ""s. a."" barracks and tummer hill, walney island, j. u. cameron, proprietor. [ts 384..."
coffee,1890,0,1227,378,6.6258,True,"op to date, published at 6s. £l.ooo worth of elaretßo-plated goods of the newest designs in tea and coffee services,'crnete, fish eaters, dessert knives, jam spoons, butlers' knives, etc are. doidge's"
coffee,1890,0,1227,379,6.631,True,"corner coffee house subscriptions 65 annually; 6d monthly reading room, open daily from 10 a.m. to 1 p.m. library (about 200 vols.) books ex. changed wednesday eve..."
coffee,1890,0,1227,381,6.6332,True,"thursday, ist september, 1898. nom mal. prices. {entered at stationers' hall. commerrial, iinbnotrial, sm. bradford coffee tavern company, limited henry briggs, son & company, limited'a' b' cash suppl"
coffee,1890,0,1227,382,6.6368,True,"lancaster trades' council. a meeting of the newly elected trades' council was held in the market-street coffee tavern on saturday evening, mr. g. joueg, the new pre,ident in the chair. there were also"
coffee,1890,0,1227,389,6.648,True,"electro-plated tea. and coffee ser- vices, best quality, quite new 6os. od. silver english ()entre seconds stop watch, with all the latest improvements 955. od. 9 carat gold albert..."
coffee,1890,0,1227,390,6.6487,True,"annual clearance salf ii !wm 0011141 oh mon february to february emi 111.1f/lijo stocil of fancy chinesr and japannio goods, tila and coffee sets. ornaments. albtms, writing ca. deses, station eby, an"
coffee,1890,0,1227,391,6.6516,True,"the ship canal. minstrel entertainment at thelwall, the warrington amateur minstrels p,•ave a miscellane- ous entertainment in the coffee room at thelwall, on tuesday evening, in aid of the fund which"
coffee,1890,0,1227,393,6.6533,True,"redcar.—union jack coffee palace. special rates for schools, /to. reaskusible terms for board lodgers, dady or week ends."
coffee,1890,0,1227,395,6.6558,True,"bra ndesburton. coffee si:pper.—a tea and coffee supper was given in mr. brown's yard and 'bus-house on wednesday evening last, the proceeds of which are to be devoted towa..."
coffee,1890,0,1227,397,6.6612,True,"...stiree_ ablett and foyl,- 111113taiinatbiir8 and catbrebb. ?diricrt-strrbt. 1011 the blenr en. hinnies. 1, beiore road, morpzth dock_ dialog. tea and coffee rooms. leirla"
coffee,1890,0,1227,398,6.6618,True,"holy trinity men's mutual improve- ment society. on new year's eve this society had a coffee supper and concert in their usual hall. about 100 sat down to supper at 8 o'clock, to which mr chance, of m"
coffee,1890,0,1227,400,6.6629,True,"...udson, 17, bridge street, burnley. ango64sd prin !usintss annouarttuents. mb s • d y s 0 n, of colne and brierfield, invites attention to the borough coffee ta"
coffee,1890,0,1227,402,6.6699,True,"...cs. the first lecture and debate of the session in connec- tion with the brampton liberal association took place on friday evening, in the shepherd's coffee tavern. mr peter burn "
coffee,1890,0,1227,403,6.6719,True,"early closing movement at pontypridd. on tuesday eyeing a largely attended meeting of shop sasistan r was held at coomt eb' coffee tavern, pontypzi-d, under the presi- dency of mr john. rine business "
coffee,1890,0,1227,406,6.6822,True,"0- mr and mrs westmorland—silver tea and coffee service mr and mrs parker—very handsome dinner &n ice, afternoon tea cloth, and silver tea service miss j. a. parker-011 painting miss robinson (hans..."
coffee,1890,0,1227,408,6.6905,True,"...ronzes in great variety. choice designs—dr-mil-lie-in all the principal and best known paris factories, at remark- ably low prices. tea urns, tea and coffee sets, centre- piec"
coffee,1890,0,1227,409,6.6913,True,"... gymnasium club. to ths editor. dam s sirt,—l notice in your last issue an official intimation to the effect that the tea and dance to be held in the coffee pehlke on monday, december 26th, has not"
coffee,1890,0,1227,413,6.7051,True,"football club. on friday a considerable number of the mom hero of the lancseter football club assembled at the market hall coffee tavern. alderman bell was voted to the chair, and amongst those 'prese"
coffee,1890,0,1227,415,6.7065,True,"quiuiline, fylde board of guardians imessrs. archer and co., birmingham, domes*, machinery, mincing machines, coffee mills, sausage machines, &c. mr. j. kemp, cookson-street, blackpool—% sewing and wa"
coffee,1890,0,1227,421,6.724,True,"wilkinson's tea, coffee and refreshment rooms. hot dinners mondays and wednesdays, from 1.2.-0 o'clock to 2-0 o'clock. funerals, weddings and pic:nics supplied on ti3e. shor..."
coffee,1890,0,1227,422,6.7279,True,"i xcursionists efrom blackpool to the mlr op sian will find special advantages hy visiting the douglas coffee palace, _ hamm place. north quay. _ _ _ --- tea, coffee, cocos., confectionery, limns, cor"
coffee,1890,0,1227,424,6.7317,True,"...udson, 17, bridge street, burnley. ango64sd prin !usintss annouarttuents. mb s • d y s 0 n, of colne and brierfield, invites attention to the borough coffee ta"
coffee,1890,0,1227,425,6.732,True,"...adjourned meeting of textile workers, to consider the ttd- visability of forming a local federation, was held on tuesday evening at mr. worthington's coffee •"
coffee,1890,0,1227,426,6.7323,True,"harpurhey and blackley. pnesentartox.—the weavers at the union mill presented henry greenwood with a grand silver tea and coffee service and a set of hand.painted jugs on friday, the 27th, on leaving "
coffee,1890,0,1227,427,6.7361,True,"i)edcar.—union jack coffee palace, special 11,1 hates for sohoole, ere. reasonable terms for board lodgers, da ly or week ends."
coffee,1890,0,1227,428,6.7364,True,".... mr. d. f. elegrime wee initiated on monday night, with ahem, aa a member of the loyal pre& of wales lodge, 1.0.0. p., xx., which meet at the oxford coffee timm, swansea, wai"
coffee,1890,0,1227,430,6.7435,True,"call at coffee house, barrow island; amphitheatre buildings, next door but two to ""s. a."" barracks; and tubbier hill, walney island. j. r. cameron, proprietor. rs 1..."
coffee,1890,0,1227,433,6.7472,True,"see windows for cheap dresses. the queen's hotel. (late sag's head), w arrington. restaurant, luncheons, _ tea and coffee rooms, billiards. chops and steaks at any hour. drinks unsurpassed. sch wepp's"
coffee,1890,0,1227,436,6.7529,True,"call at coffee house, barrow island; amphitheatre buildings, neat door but two to ""s. a."" barracks, and tummer hill, wainey island. .1. r. cameron, proprietor. [ta ..."
coffee,1890,0,1227,437,6.7537,True,"l servants, so., wanted. man and %l fe warrrgio (no enentubr.tnee) to manage temperance hotel and coffee house.—apply, with testimonials. to .1. 6. shift, ferdingbridre. [37663. nurse._iv•ntri), a goo"
coffee,1890,0,1227,438,6.7611,True,".... quarterly meeting of wf.avers. last night week the quarterly meeting of the members of the local branch of the weavers' association was held at the coffee house, wheat sheaf buildings. "
coffee,1890,0,1227,439,6.7631,True,"the lancaster cycling club. the annual meeting of the members of the limeaster cycling club was held lied night, at the hmdquarters, the market hall coffee tavern. mr. s. dar:l-tort lcaptain) presided"
coffee,1890,0,1227,440,6.7655,True,"garotting at a coffee stall. frederick bateman, a rough-looking young fellow, was charged at southwark with being eon- cerned, with other two men not in custody, with robb..."
coffee,1890,0,1227,441,6.7677,True,"...t.—the scholars attending the sunday school in connection with st. clement • church, newtown, kiad their annual christ- meg treat at the church house coffee tavern on wednes"
coffee,1890,0,1227,446,6.7741,True,"corner coffee house subschiptions 5s annually; 6d monthly reading room, open daily from 10 cm. to 1 p.m. library (about 200 vols.) books ex- changed wednesday even..."
coffee,1890,0,1227,447,6.7746,True,"ruffianism at a coffee supper to th.ii zdttor. daeu ik.—ons wednesday, oct. sth, the sunday school anniversary and temperanoe meeting was held in the primitive methodist ch..."
coffee,1890,0,1227,449,6.7756,True,"how the deadlock arose. the ninth annual meeting of the shareholders of the lancaster and district tramways co.. ltd.. was held at the coffee tavern, corn market-street. on saturday afternoon, and was"
coffee,1890,0,1227,451,6.7794,True,"go be jet, &r. lomeshaye coffee tavern, nelson. the whole premises are now to-let. apply john moorhouse & sons, corporate accountants, nelson. 839 f"
coffee,1890,0,1227,453,6.7814,True,"lomesraye coffee tavern, nelson. the whole premises are now to-let. apply john moorhouse & son, corporate accountants, nelson. 8391"
coffee,1890,0,1227,456,6.7846,True,"brampton. dance. —on tuesday night a coffee supper and dance, promoted by the brampton total abstinence society's brass band, was held in the tweed mill, and was attended by about 50 couples. t..."
coffee,1890,0,1227,458,6.7901,True,"win wi shall (wier at very much reduced price our murplus stock up fancy chins& japanebe goode!. tea and coffee sets. orsamen7s. album. writing cases. deyks, stationery, and di)oklei9, brushes. combs."
coffee,1890,0,1227,460,6.7923,True,"chapter iv. as the last stroke of the bell was clanging, i entered the room. seated at the head of the table, busily engaged with a coffee pot and spirit lamp, was a tall, angular lady, the arrangemen"
coffee,1890,0,1227,461,6.7927,True,"entertainment and coffee supper. last night, an entertainment and coffee supper was held in the athenamm, the proceeds of which are in aid of the st. james's mission-room fun..."
coffee,1890,0,1227,462,6.7957,True,the bishop of ripon on the coffee tavern movement the bradford coffee tavern company's 30th branch establishment was opened on saturday afternoon by tho bishop of ripen. it is in carl...
coffee,1890,0,1227,463,6.8006,True,"... court. fridky.-13efore alderman lisrrison (in the chair). alderman wriaht, and dr. gornall. occasion' am licest.e.—lfenry brown. landlord of the old coffee hous"
coffee,1890,0,1227,467,6.8068,True,25 for cent. electroplated tf.a & coffee pots 25 „ gas stoves
coffee,1890,0,1227,468,6.807,True,"tastimoay from es* ray. fataiii 11104.11, salk* c london, a:eempantes ole above, and eso event mr g. lonytbies' coffee tavern, 5, heatt-strea', londlea. mast tinniest i cotdd not bel eore it, and went"
coffee,1890,0,1227,469,6.8077,True,"street. perforatell euttrtaintucnti. tikciikkonifith trim blackpool to ili ch. ipln of man *ni and bp.saii advaug•nde w halting thn douglas coffee palace, mailskt place. north quay. twit. coffee. coer"
coffee,1890,0,1227,470,6.808,True,"corner coffee house subscriptions: 5s annually; 6d monthly reading room, open daily from 10 a.m. to 1 p.m. library (about 200 vole.) books ex- changed wednesday ev..."
coffee,1890,0,1227,471,6.809,True,"cricket. bryn-c. c. it meeting of the bryn cricket club was held at the landore coffee tavern, when the follow- lin officers were elected for the ensuing season ---daptain, john williams; vs.-captain,"
coffee,1890,0,1227,472,6.8103,True,"splendid meeting. speeches by the candidate, mr. w. noble, councillor martin, &c. last, night in the gladstone coffee tavern, west hartlep)ol, a public meeting of the supporters of alderman thomas ric"
coffee,1890,0,1227,474,6.8115,True,"mist stores in erdington for 'rrta aid barrows coffee warehouse, v 3, bull street and fruits, cakes, pastry, etc."
coffee,1890,0,1227,475,6.812,True,"business directory. day hotel & restaurant. the shepherb coffee tavern, front street, h. harding, proprietor. pic-nies and parties supplied. drapery, millinery & dressmaking. peter burn (wholesale & r"
coffee,1890,0,1227,477,6.8126,True,"...unipton business directory alloa yarns, scotch and fingering wools. thomas fairsairn, draper and clothier, frent day hotel & restaurant. the shepherd coffee tavern, front street,— h. harding, propri"
coffee,1890,0,1227,481,6.8188,True,"...er swimming club. an n l'a.l meeting. the ardlual general. meeting of the members of the lam-aster amateur swimming club was held in the (ireen .tyre coffee tavern on 'tuesday evening, when mr."
coffee,1890,0,1227,484,6.828,True,"..._:o:_____... to be had only or .41 s. 4 k) 33, nigh street, crewe, 1fi.8.-we 13.03.5 t on tile premtsf.s four timrs a week. noiimes & tea. blenders & coffee roasters -• vg s'o? ;v) ,'.e ~x 7 (5."
coffee,1890,0,1227,485,6.8319,True,"scene in a cocoa-room. at liverpool, on tuesday, ellen delaney (28) was charged with wilfully damaging a coffee urn and a quantity of crockery, the property of the british 'workmen's cocoa rooms compa"
coffee,1890,0,1227,486,6.8322,True,"...l,. 1881 -ames taylor, watchma.kreiiptot je weller a large and choice selection of watches, clocks. als11) jewellery electro-plate, cuttlery, tea awl coffee ser"
coffee,1890,0,1227,487,6.8341,True,"...on business directory a lloa yarns, scotch and fingering wools. thomas fairbairn, draper aid clothier, frent-st. day hotel & restaurant. the shepherd coffee tavern. front stree.,— h. hanning, p"
coffee,1890,0,1227,491,6.8423,True,"the comet. patronised by the rich, the witty, and the gay, a floating coffee house, adjacent to somerset house, of which an old engraving still survives. it was constructed on very similar lines to th"
coffee,1890,0,1227,497,6.8547,True,"corner coffee house subscriptions: 5s annually; 6d monthly reading room, open daily from 10 a.m. to 1 p.m. library (about 200 vols.) books ex- changed wednesday ev..."
coffee,1890,0,1227,501,6.8596,True,"...vis, chemist. -- prescriptions carefully dis- pensed. with purest drugs, at moderate prices. 01. d uare, war \ic k. saw • temperance commercial hotel coffee t"
coffee,1890,0,1227,503,6.8671,True,"call at coffee house, barrow island; amphitheatre buildings, next door but two to ""s. a."" barracks, and tummer dill, walney island. j. r. cameron, proprietor. [tbb4"
coffee,1890,0,1227,504,6.8673,True,"corner coffee house subncmptionn sei annually co monthly, reading room, open daily from 10 a.m. to 10 p.m. library (shoot 200 vols.) books ..x. changed wednesday e..."
coffee,1890,0,1227,505,6.8678,True,"football elub dinner. the annual diem r of the somereet ramblers football club took pl-ce on friday evening, at thcwelcome coffee tavern, swanees,where a splendid spread was served up by host roe. and"
coffee,1890,0,1227,509,6.8764,True,"coffee house. 51305 for documents to be read in future ages lyon,' bi.ne-black writing i n k. it never fades :4.378 december 20, 1890. scotch buns and short..."
coffee,1890,0,1227,510,6.8794,True,"now open laurel bank tehperance hotel, carr-road, nelson, ivith every accommodation for commercials. visitors. &c. first-class refreshment rooms, coffee room, smoke room, dining room, &e. c 0i c ciga "
coffee,1890,0,1227,511,6.8819,True,"entertainment and coffee supper. last night, an entertainment and coffee supper was held in the athenamm, the proceeds of which are in aid of the st. james's mission-room fun..."
coffee,1890,0,1227,512,6.8841,True,"thief. at manchester police con rt on tim today, arthur cctiain. formerly kitchen poner at the royal oak coffee tavern, desnwate, was charged with stealing s bicycle, valued at ell 10e.. the pro- pert"
coffee,1890,0,1227,516,6.889,True,"fancy chinfse and japanesh goods. tea and' coffee sets, 1/324ambnts, albums, writing cases, desks, station- ery, and booklets, brushes, combs, baskets, wicker chairs and tabus. sponges, wash leathers..."
coffee,1890,0,1227,518,6.8914,True,"dinner. the y ynne the vynne"" christmas dinner for the ber.efit of the aged poor of carlisle took place in the coffee house hotel. mr ani mrs pashley as usual catered in their usual ft y le, and the l"
coffee,1890,0,1227,522,6.8957,True,"best stores in erdington for fruits, cakes, pastry, etc. barrows' tea and coffee barrow's stores warehouse, us, bull street and barrows' stores 74, 70 & 78, corporation street, birmingham, supply the "
coffee,1890,0,1227,526,6.9023,True,"call at coffee house, barrow island; amphitheatre buildings, next door but two to ""s. a."" barracks; and tummer hill, walney island. j. r. cameron, proprietor. [us 8..."
coffee,1890,0,1227,528,6.9054,True,".3tdcur up auttuun. the queen's hotel, (late nag's head), warrington. restaurant, luncheons, tea and coffee rooms, billiards. chops and steaks at any hour. drinks unsurpassed. schwepp's, bass', guinne"
coffee,1890,0,1227,529,6.9054,True,"prescriptions carefully dis- pensed with purest drugs, at moderate prices. a. 13 square, warwick temporises commercial mel coffee tavern company, limited. %rt.- u) 4-, o 2 0 co o t i as i- 0- 6--= (1 "
coffee,1890,0,1227,531,6.9073,True,"iirtml4to, rt., til ra. accommod commercial ation to travellers and others to be had at lb. mieeteg coffee tavern. well.aired beds to l.l. private and sitting roorns.—t.i. graphic address,: mee., coff"
coffee,1890,0,1227,536,6.9103,True,"james ta watchmaker & jeweller ripon. a large and (7hotoe set ection of watches, clocks, an i) jew ellery, electro-plate, cutlery, tea and coffee services, spoons, forks, glaa. engagement, tv! dding, "
coffee,1890,0,1227,537,6.9156,True,"...o wiers cut daily 381/ f üblir setias. 55ituation5 vacant, and 'ro anted. tg ontracts. gabts bg atution. jlor *ltc or yr) auttd. go bt stt, lomeshaye coffee tavern, nelson. the whole premises"
coffee,1890,0,1227,538,6.9161,True,"...lkr: j. whittam _ 1 j. p. milner 2 w. j. winder time, lltsetss. one mile bicycle race handicap (open). first ptize, silver-plated tea urn and tea and coffee service; second, cigar cabinet; thi"
coffee,1890,0,1227,539,6.9163,True,padiham. clinteroti dispcte.—last week the twisters and intwers held a meeting at the coffee rooms to conaider the dispute at clitheroe. it was decided that ern+ member should pay a levy t 31: for the
coffee,1890,0,1227,540,6.917,True,"no dividend. the 14th annual report of the directors of the bradford coffee tavern company, limited, regrets that the working for the pmt year has been unsatis- factory, and that, for the first time i"
coffee,1890,0,1227,543,6.9197,True,"...d bronzes in great variety. choice designs drawn from all the principal and best known paris factories, at remark- ably low prices. tea urns, tea and coffee sets, centre- pieces,"
coffee,1890,0,1227,544,6.9214,True,the hartlepools election. alderman richardson at the gladstone coffee tavern.
coffee,1890,0,1227,545,6.9215,True,"fixturbs., (second handl.—shop or moe, counters, showcases, shelving, desks, scales, weights, canisters, coffee mills. butchers' blocks. safes, copper urns, par- tioning, maraw slabs. gasfittings, oil"
coffee,1890,0,1227,547,6.9235,True,"blandford young men's christian association. corner coffee house i subscriptions: 5s annually; 131. monthly reading room, open daily from 10 rm. to 10 p.m. library (about 200 vols.) books ex- changed "
coffee,1890,0,1227,549,6.9263,True,"blandford young men's ohristlin association. corner coffee house subscrotions: 5s annually; 6d monthly reading room, open daily from 10 a.m. to 1 p.m. library (about 200 vols.) books ex- changed wedne"
coffee,1890,0,1227,553,6.9341,True,"ablett and foyl, res t aur ateur s and caterers. 18, market-street, fob tb * belli 6p. dinners. 1, !more road, morpeth dock. moans, tim and coffee booms. strictly liodersie prices bakery-185, grange r"
coffee,1890,0,1227,558,6.9429,True,"...putes. me twisters and drawers in consultation. mass meeting last night. last night a mass meeting of the twisters and drawers was held at leeds road coffee tavern, nelson, "
coffee,1890,0,1227,559,6.9438,True,"call at coffee house, barrow island amphitheatre buildings, next door but two to ""s. a."" barracks and timmer hill, walney island. j. r.. cameron, proprietor. [ts ab..."
coffee,1890,0,1227,560,6.9443,True,"lost and found 'pound, botween laleston and red hill, a gold 1. bangle.—appiy, central coffee tavern, bridgend."
coffee,1890,0,1227,561,6.9461,True,"ilohbster. sad came of suicide. extraordinary letter. an inquest was held at the coffee tavern on monday, before the coroner (mr. w. midler), and a jury of whom the rev. w. d. h. armstrong was foreman"
coffee,1890,0,1227,563,6.9493,True,"annual public tea and meeting _ to-morrow (saturday), feb. et the station coffee palace. the ileeti-g will be addressed by mrs. emmett gem readinglev, near leeds). revs. j• 8. balmer, r. l. lewis. and"
coffee,1890,0,1227,564,6.9493,True,"the examtner, saturday, october 25,48(901. hotel, golborne, on the 9th inst., a metal coffee pot, valued 55., the property of richard dalton; also with stealing from a dwelling-house in school-lane, g"
coffee,1890,0,1227,566,6.9506,True,"corner coffee house suyiscrlptions 5s annually; gd monthly reading room, open dmly from 10 a.m. to 1 p.m. library (about 200 vols.) books ex- changed wednesday eve..."
coffee,1890,0,1227,567,6.952,True,"mrs. dyson, of collie awl iki,ikl,l invite attention to the borough coffee tavern. burnley, near the ""market hall, chancery writeet. with the coffee tavern is incorporated a commercial hotel: dirs. dy"
coffee,1890,0,1227,568,6.9527,True,"liollinwood. farewell ptt..—about forty weavers from the glebe mill met together at the bridgewater coffee palace on saturday last, to take farewell of a weaver named mrs. webb, who is going to bolton"
coffee,1890,0,1227,569,6.9527,True,"your old spoons, forks, cruets, tea and coffee sete replated with pore siker, and • written guarantre of wear for ten years, i. dr•tel.• fewalay. j. & f. brown, electro, silver, nickel, 14 gold pl..."
coffee,1890,0,1227,575,6.9604,True,"fruits, cakes, pastry, etc. barrows' teaand coffee warehouse, 93, bull street an) barrow's stores barrows' stores 74, 76 & 78, corporation street, i rmingh a supply the best of a, verythin at the lowe"
coffee,1890,0,1227,576,6.9607,True,"cornel coffee house subscriptions 5s annually 6d monthly reading room, open daily from 10 a.m. to 1 p.m. library (about 200 vols.) books ex- changed wednesday even..."
coffee,1890,0,1227,580,6.9741,True,"coffee tavern company, limited, omblnekl i,lre.lmente l.li —1 et cl) _ i- (i) ct- .-j cr) -- i- .. c.)"
coffee,1890,0,1227,581,6.9757,True,"brampton. brampton angling association. the annual meeting of this association was held on wednesday night at the shepherd coffee tavern, mr d. s. hetherington presiding. the balance showed receipts a"
coffee,1890,0,1227,582,6.9763,True,"corner coffee house subscriptions 5s annually; sd monthly reading room, open daily from 10 a.m. to 1 p.m. library (about 200 vols.) books ex- changed wednesday eve..."
coffee,1890,0,1227,583,6.9835,True,stock-taking) will matt special reduction of sto per cent. you cash. oas stoves electro-plated tea at coffee pots 25 do. spoons and forks-. 10 lawn mowers l5 cutlery 10 25 per cant. to huildeils.—bcdo
coffee,1890,0,1227,584,6.9842,True,"mrs. dyson, of (20)1ip not mt rfkl.l, invites attention to the borough coffee tavern, burnley. nenr the markil ball, chancery street. with the coffee tavern is incorporated a commercial hotel. mr& pys"
coffee,1890,0,1227,586,6.9864,True,"...taining 18 paint st.erling silver hall marked handles; handaome coign coat £:25 iicciept 1. —auslajiamk, church street. (20lid stealing silver ma and coffee service, "
coffee,1890,0,1227,587,6.9887,True,"padiha.m. presentation. on saturday afternoon the weavers lately employed under mr. john livsey, along with a few friend, met at the coffee booms, or the purpose of presenting to him a handsome chimne"
coffee,1890,0,1227,591,7.0033,True,"concert and coffee supper. a conce.t and coffee supper were held on saturday night in the congregational schoolroom, in aid of the choir fund, and proved a most gratify..."
coffee,1890,0,1227,592,7.0035,True,"... wanted.—apply golden ball, poulton. reference required. wanted, good general servant—apply, from four to live p.m., albion hotel, blackpool. qtation coffee palace.—wanted, a s"
coffee,1890,0,1227,593,7.0047,True,"no. 346 auctioneers & house agents trade announcements. blandyord young men's christian association. corner coffee house subbcriptionb 58 annually 6d monthly reading room, open daily from 10 cm. to 1 "
coffee,1890,0,1227,595,7.0101,True,"(70rner coffee house sudscriptiond 6n annually 6d monthly. reading room, open daily from 10 cm. to 10 p.m. library (about 200 vols.) books ex- changed wednesday eve..."
coffee,1890,0,1227,596,7.0104,True,...the committee appointed at the recent town's meeting to prepare a suitable wel- come to j. t. brown upon his return was held on monday evening at the coffee house. mr. harri
coffee,1890,0,1227,597,7.0107,True,"james ta clor, watchmaker & jewei,leb, r i pon. a large and iiioice selection of watches. clooks. and jewellery, elegi ro.plate, cutlery, tea and coffee services. spoons, forks, to. engagemen wi i.)di"
coffee,1890,0,1227,599,7.0128,True,"...minor. a meeting was held at the rectory house on monday loot, for the purpose of presenting mrs morgan, of bryncmh, with a beautiful set -of tea and coffee service, on the occasion of her "
coffee,1890,0,1227,600,7.014,True,"idedcad.--ijnion jack coffee palace. sgeoisl i.‘• bates for scheels, itc. resdonsble terms tor 13oard lodgers, drwly or week ends."
coffee,1890,0,1227,605,7.02,True,"a mass meeting will be held. f. w. chance, eq., president of the union, will preside. • refreshments on the ground by the carlisle cocoa and coffee house company. a good plain tea for 6d. for special "
coffee,1890,0,1227,607,7.021,True,"...rsmith, 14, market place, ripon. a large and choice selection of watches, clocks, and jewellery of every description. electro plate, cutlery, tea and coffee "
coffee,1890,0,1227,608,7.0235,True,"...art a profitably) market. the annual meeting of the shareholders of the lancaster farmers' auction mart company. limited, was held at the market hall coffee tavern, last satur"
coffee,1890,0,1227,609,7.0282,True,"r-k.venhill, eisteddfod. a competitive and literary meeting was held, under the presidency of dr. p. mcßitchie, on saturday evening, at the ravenhill coffee tavern, when prizes were given for singing,"
coffee,1890,0,1227,612,7.0341,True,"cottage hospital. the annual general meeting of the subscribers, donors, and friends of the blandford cottage hospital was held at the corner coffee house, blandford, on tuesday afternoon, the right h"
coffee,1890,0,1227,613,7.0343,True,"...orkpeople employed at victoria mill, eitubbins-lane, raw. bottom, have presented their manager, mr. henry tattersall, with a beautiful silver tea and coffee"
coffee,1890,0,1227,614,7.0361,True,"w. and c. slingsby. high class family grocers, celebrated tea blenders, coffee merchants, dec., 5, broadgate, coventry. established 1780. per lb. s. d. blend of choicest teas „ superior „ ~ fine speci"
coffee,1890,0,1227,617,7.0411,True,"swansea.. • nortcs.—lf you wain good chop, steak. or • dimif try the market coffee tavern and cafe restaurarp, onford-s, reel, swarm. (opposite the market). private rooms for lad',.; como:web,' • goom"
coffee,1890,0,1227,621,7.0438,True,"tap peoeserr maass,. -- last evening, mr, g. if. petty offered for sale. at the market street coffee tcvern, the hon..° no. 19, queen-street. until recently in the occupation of the late mr. i john ha"
coffee,1890,0,1227,625,7.0494,True,"3rooke, bond & co., ltd. the lancashire tea. warehouses 17,29 k piccadilly, 29. manchester marriage of dr. braide. a presentation of a silver tea and coffee service, which had been subscribed for by t"
coffee,1890,0,1227,626,7.0498,True,"geology. the members of the coffee room club, scotland-road, assembled on tuesday evening to accept from mr. a. wilmore, master of the wesleyan school, trawden, a most interesting and ..."
coffee,1890,0,1227,627,7.0501,True,...liwrovri.—at rich- mond on tuesday a soldier named matthew robson was charged with attempting to pass a counter- feit dorm at the countess .of &timid coffee palace on
coffee,1890,0,1227,629,7.0549,True,"corner coffee house subscriptions gs annually cd monties reading room, open daily from 10 a.m. to 1 p.m. library (about 200 vols.) books ex- changed wednesday even..."
coffee,1890,0,1227,633,7.0607,True,"brunswick ward. at a meeting of the liberal committee of this ward, held in the coffee palace, south beach, on friday evening last, mr. councillor joseph heap was again unanimously selected as the lib"
coffee,1890,0,1227,635,7.0645,True,temperance work in seacombe. the ferry coffee stall. about 18 months ago the wallasey branch of the british women's temperance association took upon themselves to open a coffee stall at seacombe ...
coffee,1890,0,1227,637,7.0677,True,"ruffianism at a coffee supper to th.ii zdttor. daeu ik.—ons wednesday, oct. sth, the sunday school anniversary and temperanoe meeting was held in the primitive methodist ch..."
coffee,1890,0,1227,638,7.0678,True,",ld square, warwick. dale temperance commercial imo coffee tavern company, limited, c') 4, c eo.) a) --h _e.— c_d '.t z as .-. 0. a) -.0 1 0 lli 0 d cz cn 2 w -1 4. g fl- lu ciyz cc c 4 x 5 z 5 .4 ral"
coffee,1890,0,1227,639,7.0735,True,"the swansea coffee public house com.. pan y, muted. the eleventh ordinary mania"" l general meet- ing wea held at the galardi/toffee tavern on fri- day evening, under th..."
coffee,1890,0,1227,641,7.076,True,"i the smsothness, delicacy and unifor- mity of favour have made symington's edinburgh coffee essence a table favourite with those who cannot take the ordinary caffee. 6 f,....i...,.,.‘,1"
coffee,1890,0,1227,643,7.0764,True,"prizes and certificates gained by the students of the above school on monday evening, december 18e, in the coffee palace, barrow island. the chair will be taken by councillor lee, at 7-30 p.m. the pub"
coffee,1890,0,1227,644,7.0795,True,"marriage of dr. braide. a presentation of a silver tea and coffee service, which had been subscribed for by the members and officials of the warrington board of guardians, was reade to dr. braide, at "
coffee,1890,0,1227,645,7.0847,True,"liberal ward meetings. whitefield ward. this ward meeting was held in the lomeshaye coffee tavern on wednesday night, when there was a good attendance, amongst whom were councillors h. dyson and w. wh"
coffee,1890,0,1227,646,7.0853,True,"call at coffee house, barrow island amphitheatre build ina next door but two to ""s. a."" barrack and tijabier hill,. walney island j. 'amer( /n, proprfit or. [ts 884..."
coffee,1890,0,1227,649,7.0908,True,"port talbot. regimental supper. —at the eagle coffee tavern, on wednesday evening, the aberavon company 2nd v. b. welsh regiment were enter- tained to a supper. dr. arnallt jones presided, and staff-s"
coffee,1890,0,1227,651,7.0972,True,"...ce. business directory alloa yarns, scotch and fingering woo!s. thomas fairbairn, draper and clothier, frent st. day hotel & restaurant. the shepherd coffee tavern, front street, "
coffee,1890,0,1227,653,7.1016,True,"best stores in erdington for barrows' tea and coffee warehouse, 93, bull street and barrows' stores 74, 76 & 78, corporation street, birmingham, fruits, cakes, pastry, etc."
coffee,1890,0,1227,654,7.1017,True,"nee coffee house is 5s _kr:7,l'll.l.y or montioily7 room, open daily from 10 a.m. to 10 library (about 200 vols.) books ex. inesday evenings from 8.15 to 9.16. ..."
coffee,1890,0,1227,655,7.1089,True,"...ians, the most desireble house in town for every description of silver &electro-plated specialities they are now showing a superb assortment of tea & coffee services, tea pots, coffee"
coffee,1890,0,1227,656,7.1091,True,"a. davis, chemist. prescriptions carefully dis. pensed. with purest drugs, al moderate prices. old square, warwick. dale temperance commercial hotel coffee tavern company, limited, now i nioniazz:zl,v"
coffee,1890,0,1227,657,7.1097,True,"jewellery, tea and coffee services, pickle, egg, liqueur, breakfast and table cruets; marmalade and butter cake and card saskeis, waiters, goblets and ‘,ups, toast decanters, ..."
coffee,1890,0,1227,658,7.1116,True,...sday night week an aggregate meeting of the seven branches of the amalgamated society of engineers in the sunderland district was held in the central coffee tav
coffee,1890,0,1227,659,7.112,True,"...h clubs now forming.—apply to caostra, practical watchmaker, 76, lynn street, west hart- lepool.—adrt. north ormesby temperance society. —the monthly coffee supper took pl"
coffee,1890,0,1227,660,7.1126,True,'people who cannot us h ordinary coffze can drink symington's edinburgh coffee essences with comfort and pleasure. thilp are sold in larue and small bottles by all wide awake. and up-to-date fits! fit
coffee,1890,0,1227,661,7.1155,True,"...nee. business directory alloa yarns, scotch and fingering wools. thomas fambairn, draper and clothier, freht-st. day hotel & restaurant. the shepherd coffee tavern, front street, h. "
coffee,1890,0,1227,664,7.1197,True,"... on thadei. on saturday night, in the raglan hotel, lir john bateman, foreman at the central marine engine works, was presented with a silver tea and coffee serv"
coffee,1890,0,1227,666,7.1226,True,"guardian"" boys' treat. last night, 'the northern guardian"" news- boys were, in accordance with the annual custom, entertained to a coffee supper at dalgleish's cafe. the proprietor, mr r. little, prov"
coffee,1890,0,1227,667,7.1231,True,".11:st tlie salt, or ashes for removing discolourations from coffee cups or other dishes? cleaning the lint from a clothes wringer with a cloth saturated in kerosene -f alcohol to remove grass stains "
coffee,1890,0,1227,669,7.1248,True,"a v.etimeay from the rev. ftrese hicki.ii% parkin& lonion. e3accopsuies tire ahqva, awl oases from mr 117. il lms thies' coffee tavern, 5, heath.str.mac, theadom. i roust cll,oblll i epald not believe"
coffee,1890,0,1227,672,7.1294,True,"...borough. weavers' meeting.—last night week councillor cryer presided at the quarterly meeting of the members of the weavers' association, held at the coffee house, wheatsheaf buildings. the repo"
coffee,1890,0,1227,675,7.1329,True,"the ship canal. minstrel entertainment at thelwall. the warrington amateur minstrels gave a miscellane- ous entertainment in the coffee room at thelwall, on tuesday evening, in aid of the fund which i"
coffee,1890,0,1227,676,7.1336,True,"electro silver plated breakfast _ _ _ jrubts (as drawn). 1/11, to 15/6. ditto dini-ce; cruets, 2/11 to £3. electro silver teapots from 3/11,. tea and coffee services from 9/9 the set of 4 pieces. ladi"
coffee,1890,0,1227,681,7.1448,True,"posters handbills tea dz; coffee papers biscuit bags business cards memorial cards, d&c.,"
coffee,1890,0,1227,682,7.1466,True,"blandyord young men's christian association. •;oene4r coffee house s,bscad""riono: 60 annually; 613 monthly beading room, open daily from 10 a.m. to 10 p.m. library (about 200 vols.) books ex- changed "
coffee,1890,0,1227,683,7.1523,True,"...failed, leaving watson first. watson afterwards made several good attempts at lift. 9in., but failed. sack race..—first prize, electro-plated tea and coffee service • second, e"
coffee,1890,0,1227,688,7.1537,True,"the london cab trade. at midnight on saturday, the meeting of cab- drivers, convened by the london cabdrivers' trade union, was held at the guardsman coffee tavern, buckingham palace road, to consider"
coffee,1890,0,1227,691,7.1562,True,"borough court. tuesday.—before the mayor (mr. barnes) and sir charles d'oyly. a fight near tiie coffee hogse.—williana pike-, labourer, blandford, and will iach welch, labourer, stourpane, were summon"
coffee,1890,0,1227,695,7.1608,True,a long-felt a coffee house in england. supply tiik finest and cheapest. teas coffees that the world froduces.
coffee,1890,0,1227,697,7.167,True,"home helps. to make use of empty cocoa and coffee tins. take any empty coffee tins and cover the out- side with glue. put some rice, tapioca, cork- -11;4, or anything suitable in a newspaper, and dis..."
coffee,1890,0,1227,699,7.1714,True,the new ma.rket hotel. farmers' objections. a. meeting of farmers was convened within the market hall coffee tavern on saturday afternoon. for the purpose of expressing dissent to the pro- possl of th
coffee,1890,0,1227,700,7.1716,True,"corner coffee house subscriptions: is annually; 6d monthly --- reading room, open daily from 10 a.m. to 1 p.m. library (about 200 vols.) books ex- changed wednesda..."
coffee,1890,0,1227,701,7.1752,True,"workingmen's gospel temperance mission hall. on saturday night the friends of the mission had a social evening and coffee supper, and. on the following evening agospel temperance meeting was held, mr."
coffee,1890,0,1227,703,7.1768,True,"walney ward. mr. w. h. fair weather's candidature. on wednesday evening a second meeting of m. fairweather' s supporter.; was held in the coffee house, barrow island, mr. j. d. cowper in the chair. in"
coffee,1890,0,1227,706,7.1784,True,"concert and coffee supper at blagill. a canoed and coffee supper was held at blagill in saturday, september sth, in aid of more efficient heat- ing and lighting of the ..."
coffee,1890,0,1227,708,7.1822,True,"...trnet. 11, albert-otani/t. 7, queen-wrabit. h. b. btjtcliffe, general manager. unitarian free church, dickson road blackpool. services in the central coffee palac"
coffee,1890,0,1227,711,7.1846,True,"eirca` ha rtit.i bros., stonebridge hotel, i now under alteration re-decorating, and grounds being nicely laid out. the aston coffee house, 113, aston road, birmingham open from 5 a.m. till 10 p.m tut"
coffee,1890,0,1227,713,7.1891,True,alarming fire at nelson. a coffee tavern in flames. estimated damages i'4oo. between seven and eight o'clock on sunday night a fire of a serious nature broke out on the premises known...
coffee,1890,0,1227,715,7.1892,True,"the n.e.r. band. last night, the n.e.r. band held a highly success- ful concert and coffee supper in the free trade hall, kindly lent ty the committee of the blue ribbon army. there was a numerous and"
coffee,1890,0,1227,716,7.1904,True,"...h appleyard. 21, albert-terrace, fined the costs i emily lowe, 3. stevenson-street, fined the costs. 1 a bill posrgn flned.—james smith. bill poster, coffee house, horsemarket-st., wa"
coffee,1890,0,1227,721,7.194,True,"county hotel, containing restaurant, dining rooms, coffee rooms, commercial, math rooms, etc., and 80 bedrooms. li'imams,—"
coffee,1890,0,1227,722,7.1951,True,also ran. 8 7 mr ledlies l'armer 47. w taylor 7 12 sir j b maples palmerston 4y 7 it mr percy's bitchy bitchy 4y madden 7 10 mr hibbert's coffee cooker 4y rawlinson 7 19 mr lancashire's aldboume chime
coffee,1890,0,1227,723,7.1974,True,"swanagr tiie figure head coffee taverii.-mr. chap- man, proprietor of this well known coffee tavern, in the high street, has just taken the house next door, which he is having alter..."
coffee,1890,0,1227,727,7.2051,True,"the ertablisl watch. :mak. er & jeweller, ripon. a large and choice selection of watches._ clocks. an) jewellery, electro-plate, cutlery, tea and coffee services, spoons, forks, ko. engagement, weddin"
coffee,1890,0,1227,728,7.2054,True,"coffee house, barrow island. the very drink fresh! sharp healthful! half and-half, 11d. per pint. cameron's botanic porter, id. per bottle. nothing like it ..."
coffee,1890,0,1227,730,7.2091,True,"alleged furious driving. at the warrington borough police court, on monday, mr. henry brown, landlord of the coffee house, horse- market-st., was summoned for furiously driving a horse and trap in tha"
coffee,1890,0,1227,731,7.2094,True,"lomeshaye coffee tavern, nelson. the whole premise' are now to-let. apply john moorhoose & sons, corporate accountants, nelson. 839 f to let, a portion of spring cott..."
coffee,1890,0,1227,733,7.2113,True,"mrs. dyson, of (20)1ip not mt rfkl.l, invites attention to the borough coffee tavern, burnley. nenr the markil ball, chancery street. with the coffee tavern is incorporated a commercial hotel. mr& pys"
coffee,1890,0,1227,734,7.2128,True,"hartlepool catholic club, a coffee supper and concert was held last night, in st. mary's hall, throston street, under the auspices of the young men's club, when about 100 people sat do..."
coffee,1890,0,1227,736,7.215,True,"-the examiner. saturday, october 25. 1890. hotel, golborne, on the 9th inst., a metal coffee pot, valued 55., the property of richard dalton; also with stealing from a dwelling-house in school-lane, g"
coffee,1890,0,1227,739,7.2233,True,"mrs. dyson, of collie awl iki,ikl,l invite attention to the borough coffee tavern. burnley, near the ""market hall, chancery writeet. with the coffee tavern is incorporated a commercial hotel: dirs. dy"
coffee,1890,0,1227,740,7.2267,True,"...ttep. ablett and foyl, restaurateurs and caterers. -- 18, market-street. 1,011 the /314e.i. 6d. dinneiib. 1, shore road, morpeth dock dialog. lea and coffee rooms. strictly moderate prices bakery-"
coffee,1890,0,1227,743,7.2338,True,"...bond & co., ltd. the lancashire tea warehouses 17. piccadilly, 29. mark street }manchester marriage of dr. braide. a presentation of a silver tea and coffee service, which had been subscribed "
coffee,1890,0,1227,746,7.2391,True,"best stores in erdington for barrows' tea and coffee warehouse, 93, bull street and barrows; stores 74, 76 & 78, corporation street, birmingham, fruits, cakes, pastry, etc."
coffee,1890,0,1227,747,7.2396,True,"len be saki. f 0 clubs and hotel keepers, &c.—lible it engines x pilleer pumps, coffee urns, bar funnels, cork-drawing machines. lemon presses, champagne stand,, spirit and lap ping cocks, beer piping"
coffee,1890,0,1227,752,7.249,True,"-/fis-6-6-6-61nnrb 6 inrrinr66 616-15 irra '° nothing steadies the nerves 1 and clears the brain lik,e, a strong cup of symington's edinburgh coffee essence. in bottles from all grocers."
coffee,1890,0,1227,754,7.2497,True,"brampton total ab stinence society. resignation of the vicar. the annual meeting took place in the shepherd coffee tavern last (wednesday) night, when there was a full attendance. in the absence of th"
coffee,1890,0,1227,755,7.2523,True,"lancaster rugby football club. large adverse balance. the annual meeting of the lancaster rugby football club was held in the market hall coffee tavern on %vedneaday evening, mr. w. kendal pr.iding. t"
coffee,1890,0,1227,756,7.2523,True,"in feresting meeting at neatii. presentation to the '• refuge"" superintendent. an interesting meeting took ?lam at the anchor coffee tavern, queen-street. neath, on saturday evening, when the refuge"" "
coffee,1890,0,1227,757,7.2545,True,"mrs. dyson, of collie anti bricrilel,l, invit attontion to in. borough coffee tavern, burnley, near the mark,t. hall, chancery street. with the coffee tavern ig ineorpomtea a commercial hotel. mrs. dt"
coffee,1890,0,1227,763,7.2632,True,"the bread prosecutions. councillor ward and the chief constable. a meeting of the blackpool tradesmen's association was held at the british workman coffee palace, south beach, on friday evening, to co"
coffee,1890,0,1227,765,7.2737,True,"call at coffee house, barrow island: amphitheatre buildings, next door but two to ""8. a."" barracks, and tummer hill, walney island. cameron, proprietor. [te 884 lie..."
coffee,1890,0,1227,766,7.2745,True,"laleston. esmi-wrioze.—recently mrs thomas, of the haregrove farm, near laleston, was presented with a beautiful tea and coffee service on the occasion of her marriage with mr jenkin henry, of newton."
coffee,1890,0,1227,767,7.2751,True,"cornee coffee house subscriptions: 5s axnu&lly; 6d monthly. reading room, open daily from 10 a.m. to 10 p.m. library (about 200 vols.) books ex- changed wednesday ..."
coffee,1890,0,1227,768,7.2773,True,"the trades* demonstration. to make arrangements for the above demonstra- tion a meeting was held in the coffee rooms, horsemarket-st., on saturday afternoon. the fol- lowing is a list of the trades-re"
coffee,1890,0,1227,771,7.2834,True,"james taylo maker, & jeweller ripon. a large and )owe retection of watch: w atches, clocks, ani) jewellerys eleu 14,i. plate, cutlery, tea and coffee services, spoons, forks. ha. enuauemen w ddino, an"
coffee,1890,0,1227,772,7.2846,True,"...tel, high street. cowes, isle of wight. under new management. two minutes' walk from boats and railwai bedroom and private apartments. commercial and coffee rooms. table d'hote from"" "
coffee,1890,0,1227,775,7.2913,True,ponty pridd ratepayers association. the annual meeting of the pontypridd rate- payers association was held en friday night at coombes coffee tavern under the presidency of mr james coombes. among othe
coffee,1890,0,1227,778,7.3078,True,"terrible fatality at avertree. the county eoroner,mr. s. prighourie,held an in- quest ontuesday at the coffee house hatel,waver. tree, regerding the death of john james ord, 11 years of age, the eon o"
coffee,1890,0,1227,784,7.3148,True,"mariners rest mission. on christmas eve an enjoyable evening was spent at the above mission. a coffee supper was given by mr and mrs davies and friends, the room bail-i,z prettily decorated with flags"
coffee,1890,0,1227,786,7.3176,True,"the church association. branch for lancaster. on friday last a meeting of the church as- sociation was heild in the market hall coffee tavern, with a view of electing a committee and officers of the l"
coffee,1890,0,1227,787,7.3186,True,"aki plibuss announmstato. the burnley coffee house co. have removed from the market-place, to 3, bridge st., burnley, -where dinners and teas can be had cheap and good. dinners, cd. to ls. plain..."
coffee,1890,0,1227,788,7.3248,True,"itochdale. melting of weaver9.—a meeting of weavers was held at the public coffee house, sudden, on thurs- day evening week, for the purpose of organising the weavers. mr. j. cryer, president of the r"
coffee,1890,0,1227,789,7.3262,True,"...n saturday, in the mayor's pirlour of the st. helens town hall, mr. d. m. f. gaskin was presented with a silver tea and coffe service, value £l5. the coffee pot bears the"
coffee,1890,0,1227,790,7.3266,True,"...directors of messrs d. davis and sous, limited, gave a sumptuous dinner t ii the poor of tl.e place on monday. the dinner as provided at the ferndale coffee tavern"
coffee,1890,0,1227,791,7.3271,True,"tribute to a yorkshire cricketer. the lovers of cricket at ilriffield on friday last week presented a solid silver tea and coffee service to the yorkshire cricketer, j. t. brown, in recognition of the"
coffee,1890,0,1227,793,7.3323,True,"manifold order rooks. memorandum books. pocket book& cv,i the bvenley coffee house co. have removed from the market-place. to bridge,: st., burnley, 'where dinners and teas can be had cheap and good. "
coffee,1890,0,1227,794,7.333,True,"speciality for connoisseurs barrowcliff's peabebry coffee, 21- 1 in the coffee room (through the shop), 65, high-street, from 10 a.m. to 7 p.m,, we serve delicious cups of coffee, with cream and biscu"
coffee,1890,0,1227,795,7.3344,True,"...ss he prefers to work in hp, cell, which he will be permitted to do. he will work at carpentry, bookbinding, making ty)ots or wooden shoes, sort- ing coffee grains, etc., et"
coffee,1890,0,1227,796,7.3365,True,"alleged fiiriolts drivlng. at the warrington borough police court, on monday, mr. henry brown, landlord of the coffee house, horse- market-st., was summoned for furiously driving a horse and trap in t"
coffee,1890,0,1227,797,7.3411,True,"attempted suicide at ripon sad ending to a love affair. a diatreming case of attempted suicide took place shortly after noon on monday at the coffee house, westgate, ripon, the name of the person bein"
coffee,1890,0,1227,798,7.3414,True,"meeting of placers at rochdale: a shop meeting of rochdale piecers and packers was held in the coffee house, hamer bottoms, on wednesday evening week. there was a large at- tendance of members and non"
coffee,1890,0,1227,801,7.3478,True,"bovril: from pure beef only. sale by auction valuable propertv.—chußch coppenhall, near oewe.—to be sold by vi r. taylor, at toe bie4)ti coffee tavern, earle. ivo street, crtwe, on wednesday, april 2n"
coffee,1890,0,1227,803,7.3697,True,"...a. davis, chemist. prescriptions carefully die pensed with purest drugs, at moderate prices. 01. d square, warwick. n owe temperance commercial hotel coffee tavern compa"
coffee,1890,0,1227,804,7.3707,True,"wanted, 2 strong boys about 16.—apply at coffee tavern, thelwall."
coffee,1890,0,1227,806,7.3733,True,"mrs. • dyson, of coble alai brier&l4l, invites attention to the borough coffee tavern, burnley, near the market ha chancery street. with the coffee taveni is incorporated a commercial hotel. nm dyson "
coffee,1890,0,1227,811,7.3914,True,"fro clubs and hotel keepers, &c.- 1. beer engines, pillar pumps, coffee urns, bar funnels, cork-drawing machines, lemon presses, champagne stands, spirit and tapping cocks, beer piping, spirit measure"
coffee,1890,0,1227,813,7.3931,True,posters handbills tea & coffee papers biscuit bags
coffee,1890,0,1227,814,7.3931,True,posters handbills tea & coffee papers biscuit bags
coffee,1890,0,1227,815,7.394,True,"presentation at cymmer. a meeting was held at the coffee tavern, cymmer, january 10th, for the purpose of pre- senting mr evan davies, minister of the church, with a purse of money for his untiring en"
coffee,1890,0,1227,817,7.4035,True,"posters handbills tea & coffee papers bisc uit bags memorial cards, &c.,"
coffee,1890,0,1227,818,7.4087,True,"brampton news and notes. on wednesday a garden allotment counnittce meeting was held in the shepherd coffee tavern when the eight allotments, which the committee had balloted to them at the last meeti"
coffee,1890,0,1227,819,7.4098,True,"...ians, the most desirable bonds in town for every description of silver &electro-plated specialities they are now showing a superb assortment of tea & coffee services, tea pots, coffee"
coffee,1890,0,1227,820,7.412,True,"jubilee (facing pier gates). 110 t joints from 12 to 3. roast beef, roast mutton, or roast lamb and vegetables la 3d each. coffees and teas. comfortable rooms and beds. terma strictly moderate frank h"
coffee,1890,0,1227,821,7.4137,True,"hazelbury bryan. property salf.—on tuesday, jantear) 13th, a sale took place at the antelope inn, of two lots of freehold property, tamely, the coffee tavern (the property of the late mr. william shep"
coffee,1890,0,1227,822,7.4172,True,"to clubs and hotel keepers, &c.— beer engines, pillar pumps, coffee urns, bar funnels, cork-drawing machines, lemon presses, champagne stands, spirit and tapping cocks, beer piping, spirit measures, p"
coffee,1890,0,1227,824,7.4195,True,"best stores in erdington for btim) tea and arra vt coffee warehouse, 93, bull street and barrows' stores 74, 76 & 78, corporation street, birmingham. fruits, cakes, pastry, etc."
coffee,1890,0,1227,825,7.4266,True,"wedding & birthday presents the silver and electro-plate is of a very superior description, includes— ci ake baskets, salvers, tea and coffee kj services, kettles, teapots, egg frames, toast racks, je"
coffee,1890,0,1227,827,7.4272,True,"...ibbler. blagill sunday school anniversary. the above anniversary was celebrated on satur- day and sunday, 25th and 26th june, by a public meeting and coffee supper on the saturday, and special serv"
coffee,1890,0,1227,835,7.4512,True,"restaurant, luncheons, tea and coffee rooms, billiards. chops and steaks at any hour.. drinks unsurpassed. schwepp's, bass', guinnes', and t. jameson's. bedrooms, baths, and‘ stabling. cy..."
coffee,1890,0,1227,837,7.4602,True,"liverpool, to clubs. and tiotrl rizbpers, sc.—beer engines. pillar pumps, coffee urns, bar punnets, cork-drawing machins, lemon presses. champagne stands, spirit and tapping cocks, beer piping. spirit"
coffee,1890,0,1227,841,7.472,True,"james taylor, watchmaker & jeweller it pon. a large and orokie selection op watches, clocks. and jewellery elegtro-plate, cutlery, tea soul coffee services. spoons, forks, ike. engagement, ivp ddino, "
coffee,1890,0,1227,842,7.4733,True,"int 0 nv 0 n. lipton's great tea, coffee and provision market, al 168, grange road, birkenhead."
coffee,1890,0,1227,851,7.4855,True,"fancy crlnese and japaniu good tea and coffee sets, ornaments, albrms, 'writing cases, of.ni{s, station ery, and booklets, brushes, combs, baskets. wicker' chairs and tabus sponges, wash leathess..."
coffee,1890,0,1227,852,7.4868,True,"pentre. the late mb gitcatax joneo, higher grade soncor..—on wednesday evening a meeting of tradesmen and others was held at the gwalia coffee tavern, ?entre, to receive an account of the subscription"
coffee,1890,0,1227,853,7.4878,True,"...ord__cottage hospital. the first annual general in-e-e-tr-ng of the subscribers to the hinds of the blandford cottage hospital was held at the corner coffee house on tuesday after- noon, viscoun"
coffee,1890,0,1227,859,7.4998,True,"... wall. over the holidays the canal in the thelwall district was visited by large numbers of people, and a thriving business was done at the excellent coffee rooms on the canal, the"
coffee,1890,0,1227,861,7.5037,True,"little borough. weavers' inleerixo.—on wednesday night a, meeting of weavers was held at the coffee house, wheat sheaf buildings, under the auspices of the rochdale weavers' association.—the chairman "
coffee,1890,0,1227,862,7.5046,True,"a'alrg bp auction. by messrs, branch 4. leete. lipto, in« in the coffee tmade. important notice. hitherto i have been selling in the ceylon and london markets thousands of bushels of coffee- of my own"
coffee,1890,0,1227,863,7.5058,True,"a'alrg bp auction. by messrs, branch 4. leete. lipto, in« in the coffee tmade. important notice. hitherto i have been selling in the ceylon and london markets thousands of bushels of coffee- of my own"
coffee,1890,0,1227,869,7.5145,True,temperance work in seacombe. the ferry coffee stall. about 18 months ago the wallasey branch of the british women's temperance association took upon themselves to open a coffee stall at seacombe ...
coffee,1890,0,1227,872,7.5187,True,the cotlee•drlnkers' jubilee. icoffee-drinkers should soon be celebrating the tercentenary of the introduction of the fragnsnt beverage into england. it is fenerally supposed that nano we...
coffee,1890,0,1227,873,7.5205,True,"...ians, the most desirable bonds in town for every description of silver &electro-plated specialities they are now showing a superb assortment of tea & coffee services, tea pots, coffee"
coffee,1890,0,1227,874,7.5242,True,"how to male coftel in making coffee we must obtain two things— strength and flavour. it is evident that to obtain thefirst it must be boiled, but by hard and long boil- ing the flavour ..."
coffee,1890,0,1227,875,7.5252,True,"working men's penny concerts the last of the season. there was a very crowded attendance, under the presidency of mr. c. c. grundy, at the station coffee palace, on monday evening, /v. lieu the workil"
coffee,1890,0,1227,877,7.5263,True,"the trades. demonstration. to make arrangements for the above demonstra- tion a meeting was held in the coffee rooms, horsemarket-st., on saturday afternoon. the fol- lowing is a list of the trades re"
coffee,1890,0,1227,878,7.5269,True,"hazelbury bryan. property salf.—on tuesday, jantear) 13th, a sale took place at the antelope inn, of two lots of freehold property, tamely, the coffee tavern (the property of the late mr. william shep"
coffee,1890,0,1227,879,7.5277,True,the reporters voted out. there was a very large attendance at the adjourned meeting of the blackpool trader- men's association at the british workman coffee palace on tuesday evening. the question of 
coffee,1890,0,1227,880,7.5279,True,"weston point. the reading and coffee room.—the annual meet- ing of the members took pl•ice on friday evening. there was a goodly number of the memt ers present. the accunts, which showed..."
coffee,1890,0,1227,881,7.5337,True,"a long-felt a coffee house want supplied! for acocks green! where tea, coffee, cocoa, cooked meats, pastilles and refreshments car be had in prime condition, and at moder..."
coffee,1890,0,1227,883,7.5366,True,"littleborough. wskyrits' marrnsu.—a meeting of weavers was hold in une public coffee house on tuesday evening, convened by the association. there was a good attendance. the president of the associatio"
coffee,1890,0,1227,887,7.5466,True,"...r's eve, the earlestown good templars held their annual party, when a fair number of members and friends met in the lodgeroom, bridge-st. at 9 p.m. a coffee suppe"
coffee,1890,0,1227,890,7.5595,True,"by shirley dare. wipe have two things to dread,"" awfrankly confessed a handsome woman across the coffee service in her pretty room in the prettiest hotel in the country— that is to say in philadelphia"
coffee,1890,0,1227,893,7.567,True,"smooth one.. it i smoother inn trend,"" se declared, slapping the coffee pot down no hard that the table cloth suffered."" ""what's he been doingit"" ""our w.iety,"" she said. ""is trying to i.elp a peor fsm"
coffee,1890,0,1227,896,7.5691,True,"the property market. there was quite a large attendance at the coffee house hotel, south shore, on monday afternoon, when mr. butcher offered for sale several lots of property situate on lytham- road,"
coffee,1890,0,1227,897,7.5697,True,"...cking horses. doar drandfathor.-1 thank you very much for the prize i received hat saturday. i wish to tell you a short story. no cart drivers met in coffee tavern, and the conversation naturally tu"
coffee,1890,0,1227,898,7.5706,True,"...tlebormigh. weavers' quarterly meetlyg.—last night week the quarterly meeting of the littleborough branch of the weavers' association was held at the coffee house, wheatsheaf buildings, councillor "
coffee,1890,0,1227,901,7.5812,True,"manchester clerks and trade unionism. a meeting was held on saturday in the royal oak coffee tavern, deansgate, dlanchester, to form a branch of the national clerks' association, whose headquarters ar"
coffee,1890,0,1227,902,7.5858,True,"...tuesday night,- 'sergeant-major hamilton. of the st. helens troop of the lancashire hussars yeomanry calvalry, was presented with a beautiful tea and coffee service, from the officers"
coffee,1890,0,1227,903,7.586,True,posters handbills tea & coffee papers biscuit bags pamphlets
coffee,1890,0,1227,907,7.5885,True,"two the 1 repty that hopedise respects- sad liquor frames, s toast racks, tea & coffee services. egg frames, oak., entree dishes, fish carvers, dish covers, candlebra, cups it tankards, fish fowls, sp"
coffee,1890,0,1227,910,7.6006,True,"the ship canal. thelwall institute. the mechanics' institute, in the hands of mr. g. manning, secretary, is a decided success. tlae coffee rooms are very highly appreciated by many of the inhabitants "
coffee,1890,0,1227,911,7.6021,True,"has lingden. presentation.—mrs. wowley, of the duckworth clough mill, has been preselted by her workpeople with a tea and coffee service and an oak tray with silver mounts, as a token of their esteem "
coffee,1890,0,1227,912,7.6029,True,"...ul. comforting. breakfast-supper. boiling water or milk. atirtioil. the queen's hotel. (late nag's head), w arrington. restaurant, luncheons, tea and coffee rooms, b"
coffee,1890,0,1227,916,7.6062,True,"constituents. last night, in the gladstone coffee tavern, west hartlepool, councillor martin reviewed his steward- ship before a small but representative gathering of ratepayers of the south-east war..."
coffee,1890,0,1227,921,7.6298,True,"...tle inn, ohurcit road, aston. prorawroa w cape well harmonic meetings, saturday & mondays. sick and dividend society, monday, at 8 p.m. to publicans, coffee house proprietors & others. go with the "
coffee,1890,0,1227,922,7.6326,True,"posters handbills tea & coffee papers biscuit bags business cards memorial cards, &c.,"
coffee,1890,0,1227,923,7.6326,True,"posters handbills tea & coffee papers biscuit bags business cards memorial cards, &c.,"
coffee,1890,0,1227,924,7.6326,True,"posters handbills tea & coffee papers biscuit bags business cards memorial cards, &c.,"
coffee,1890,0,1227,925,7.6326,True,"posters handbills tea & coffee papers biscuit bags business cards memorial cards, &c.,"
coffee,1890,0,1227,926,7.6326,True,"posters handbills tea & coffee papers biscuit bags business cards memorial cards, &c.,"
coffee,1890,0,1227,928,7.6376,True,"concert and coffee supper. a conce.t and coffee supper were held on saturday night in the congregational schoolroom, in aid of the choir fund, and proved a most gratify..."
coffee,1890,0,1227,929,7.6432,True,"lancaster trades council. the monthly meeting of this council over held at the market-street coffee tavern, on saturday evening, mr. w. knowles, president (in the chair.l there were also present meson"
coffee,1890,0,1227,931,7.6487,True,"shop assistants' itnion: a meeting of shop assiatants was held at the coffee tavern on tuesday evening, and it was resolved that an aasociation be formed under the name of ""the south wales and notunoo"
coffee,1890,0,1227,935,7.6577,True,"...stores. a. ann ual clearance salm le now golno on from us february to february istli iiiutplus otocil of fancy ciilxfse and japanese i goods, tea and coffee sets, ornaments, albums, wri"
coffee,1890,0,1227,936,7.6641,True,"-- the coffee cooler. • and his colleacrum, introducing for the first time an went hartlepxol the grand prim cake walk, and mr craig wall be any amateur or chamnim..."
coffee,1890,0,1227,937,7.6705,True,"charge of keeping a brothel in pontypridd. a batch of proatitutes. on wednesday, jethro davies, coffee house keeper, tramroad, pontypridd, was charged at the pontypridd police court with keeping a bro"
coffee,1890,0,1227,938,7.6719,True,"...r's eve, the earlestown good templars held their annual party, when a fair number of members and friends met in the lodgeroom, bridge-st. at 9 p.m. a coffee supper"
coffee,1890,0,1227,943,7.6839,True,"ripon juniors. a general meeting of the ripon juniors' foot- ball club was held at the coffee house, west- gate, on monday night, when there was a large number of players and supporters of the club pr"
coffee,1890,0,1227,944,7.6889,True,the bishop of ripon on the coffee tavern movement the bradford coffee tavern company's 30th branch establishment was opened on saturday afternoon by tho bishop of ripen. it is in carl...
coffee,1890,0,1227,945,7.6894,True,"james taylor, a large and choice selection of watches, clocks. an i) jew el ler y, electro-plate, cutlery, tea and coffee services. spoons, forks, ace. engagement, w. dding, and birthday presents in g"
coffee,1890,0,1227,950,7.7139,True,"how to hake coffee. in making coffee we must obtain two things— strength and flavour. it is evident that to obtain the first it must be boiled, but by hard and long boi..."
coffee,1890,0,1227,951,7.7142,True,"...place, 14, silversmith, ripon. a large and choice selection of watches, clocks, and jewellery on' every description]. electro plate, cutlery, tea and coffee "
coffee,1890,0,1227,958,7.7321,True,"brunswick ward. at a meeting of the liberal committee of this ward, held in the coffee palace, south beach, on friday evening last, mr. councillor joseph heap was again unanimously selected as the lib"
coffee,1890,0,1227,959,7.7383,True,"ilkley. ickr2iingbill,k sltizerrsenifiahooien. tess provided on r.aconable terms. large roma attached for partiee. aomirmodation for cyc tucley coffee tavern & we/mecum itistavrant, ilinine roouir & b"
coffee,1890,0,1227,962,7.744,True,"the queen's hotel (late nag's head), warrington. restaurant, luncheons, tea and coffee rooms, billiards. chops and steaks at any hour. drinks unsurpassed. schweprs, bass', guinnes', and t. jameson's. "
coffee,1890,0,1227,963,7.749,True,"women's guild. an entertainment and coffee supper was held last night, in the co-operative hall, to inaugurate the opening of the women's guild. mrs atkinson, of reed street, ably catered for ..."
coffee,1890,0,1227,965,7.7516,True,"king's arms hotel. lancaster. (situate in centre of town). telephone no. 3. private coffee and sitting rooms. large billiard, smoking, and commercial rooms. rooms for property sales. &e. table d'hote,"
coffee,1890,0,1227,966,7.7537,True,"tea and coffee drinking. dr. andrew wilson, lecturing on ""our fuels,"" mid the laws of nutrition were the firet and last active elements in human life. the feeding o..."
coffee,1890,0,1227,967,7.7564,True,"boscombe. sl 4.te clue.—the members of the ""argyll"" coffee tavern slate club met on monday, december 21st, when the accounts were read and passed. after eh demands being paid, the members, 37 in numbe"
coffee,1890,0,1227,970,7.7632,True,"labsorprion.j bibiongham coffee house co, rim hen and chickens hotkl and cafe, kw street (adjoining gramma* echo* visitors to the city, business men. and le"" shopping can obtain don..."
coffee,1890,0,1227,971,7.7646,True,"...res. the saturday night popular concerts. interference by the police. why a license is required. the series of saturday night concerts in the station coffee palace, if minds hill, w"
coffee,1890,0,1227,972,7.7666,True,"..., on monday, the prince and princess of wales, with captain h.r.h. the duke of york, royal navy, formally opened the missions to seamen institute and coffee bar for "
coffee,1890,0,1227,974,7.7736,True,"i the queen's hotel. (late nag's head), w arrington. restaurant, luncheons, tea and coffee rooms, billiards. chops and steaks at any hour. drinks unsurpassed. schweit's, bass', guinnes', ,and t. james"
coffee,1890,0,1227,975,7.774,True,"...le inn, church road, aston. paonurrou w capewell harmonic meetings, saturday & mondays. _ sick and dividend society,: monday, at 8 p.m. to publicans, coffee house proprietors & others. go with the"
coffee,1890,0,1227,976,7.7765,True,"...ccinators' union, alderman hudson on proposed ligislafion. the annual eaniessacis of the lancashire anti. vaccinator's union was held at the palatine coffee house, b/ackbool, on "
coffee,1890,0,1227,978,7.7797,True,"mrs. dyson, of collie anti bricrilel,l, invit attontion to in. borough coffee tavern, burnley, near the mark,t. hall, chancery street. with the coffee tavern ig ineorpomtea a commercial hotel. mrs. dt"
coffee,1890,0,1227,980,7.7836,True,"a mass meeting will be held. f. w. chance, esq., president of the union, will preside. refreshments on the ground by the carlisle cocoa and coffee house company. a good plain tea for gd. for special t"
coffee,1890,0,1227,981,7.7872,True,"plans passed. coffee-house, assembly hall, (tc., for earlsdon coffee house co., ltd.; alterations to premises, burges, comley and son; alterations and addi- tions, dun co..."
coffee,1890,0,1227,985,7.8145,True,"district intelligence. mountain ash. presentation,—on thursday evening at the coffee tavern, mountain ash, a presenta- tion of a purse and £.51 was made to ex- sergeant john in recognition of his long"
coffee,1890,0,1227,986,7.8279,True,"earlestown harriers. the annual general meeting of the earlestown harriers club, was held on thursday evening at the coffee palace. !dr. j. rylance presided. the accounts were presented by mr. j. h. l"
coffee,1890,0,1227,987,7.832,True,"a nsw mincing machin& sausage machines we know, and fruit and vege- table mincers, and coffee mills also, but the ""ideal"" food cutter is all of them in one, and can be used indifferently for all kinds"
coffee,1890,0,1227,988,7.833,True,"posters handbills tea & coffee papers biscuit bags business cards memorial cards, (tc.,"
coffee,1890,0,1227,990,7.8453,True,"copies of testimonials. coffee house, barrow islam) amphitheatre buildings, ncxt door but two to ""s. a."" barracks and ti;mmer hill, walney island .1. il cameron, proprietor. (to 88..."
coffee,1890,0,1227,991,7.8471,True,"pre-se:nta.-tio- n to organists, on monday evening after preaching service, `.`a coffee supper"" was held in the primitive methodist schoolroom, legh-street, warrington. after the tables had been clear"
coffee,1890,0,1227,994,7.8561,True,"weston point. the reading and coffee room.—the annual meet- ing of the members took place on friday evening. there was a goodly number of the members present. the accunts, which showed a..."
coffee,1890,0,1227,1000,7.8906,True,"... wesleyans. sir arthur blackwood, k.c.8., secretsry to the post office, has made over to the wesleyan methodists the village hall and british workman coffee palace, with all its "
coffee,1890,0,1227,1001,7.8922,True,"presented mrs jacob with the tea and coffee service in a few well chosen words. the chairman then called upon mr john stephens to present the address to mr jacob, which he did, addressing the m..."
coffee,1890,0,1227,1002,7.8964,True,"entertainment coffee supper, _ on behalf of sande), reboot, on friday. february 23rd. entertainment to commence at 7.30. collection. chairman mr. j. v. mainprize, c.c. co..."
coffee,1890,0,1227,1003,7.9002,True,"posters handbills tea & coffee papers biscuit bags business cards memorial :cards, &c.,"
coffee,1890,0,1227,1004,7.9011,True,brynmenin. a wedding gift—on christmas evening mr robert l collier and his wife were the recipients of a valuable tea and coffee service as an acknow- ledgement of past services to the church and sund
coffee,1890,0,1227,1005,7.9016,True,"total abstinence band. on mon lay night, a coffee supper was given in the shepherd tavern by mr j. nv. wilson, of brampton station, in aid of the funds of the total abstinence society's band, when a ..."
coffee,1890,0,1227,1006,7.9121,True,"pillpapxd only in coviiiitet by f. bird, m.p.s., chemist, spon street sent to all parts of the country. 1689 e birmingham coffee house co., inv. hen and chickens hotel and cafe, new street (adjoining "
coffee,1890,0,1227,1007,7.9163,True,"entertainment at hart. the choir, sunday school teachers, and church officials were on thursday night entertained to a coffee supper at the vicarage, after which the party, numbering 40 persons, spent"
coffee,1890,0,1227,1008,7.9177,True,"tea and coffee drinking. dr. andrew wilson, lecturing on ""our foods,"" said the laws of nutrition were the first and last active elements in human life. the feeding ..."
coffee,1890,0,1227,1010,7.929,True,"brooches, from is 6d; break- i fast cruets, from 4s 6d splendid dinner cruets, from 14s 6d electro-plated tea- pots, from ss 6d. tea and coffee services, cake baskets, fruit baskets, biscuit boxes, je"
coffee,1890,0,1227,1011,7.9297,True,"... the bridgend and neath chronicle, friday, december 16, 1892 neath juvenile choir. an interesting gathering of the above choir was held at the anchor coffee tavern on thursday, december let"
coffee,1890,0,1227,1012,7.9302,True,"lipton in trtp, coffee trade. important notice. • hitherto i have been selling in the ceylon and london markets thousands of bushels of coffee of my own growing. i have now..."
coffee,1890,0,1227,1014,7.9351,True,"household hints. especially in pies, irn: kept irea from me, ----- a tin kettle or coffee pot is easily cleaned i).being robbed with a woollen rag soaked in 'argil!: prossaanto• el salt added cloggede"
coffee,1890,0,1227,1016,7.939,True,"houses objected to. the following are the objection was made :—john allen, pelican inn, buttermarket-st. harry brown., old coffee house, horsernarket-st. wm. dutton, bowling green, liverpool-road; joh"
coffee,1890,0,1227,1018,7.9539,True,"extension of time. on the application of mr wannop, an extension of time for one hour was granted to mr pashley, of the coffee house, on the occasion of the lawn and tennis club dinner. epps's cocoa. "
coffee,1890,0,1227,1019,7.9579,True,"pontypridd trades' council. the fortnightly meeting of the above council was held at the coffee tavern in high stre,t on tueday evening last. the minutes of the previous meeting were read and confirme"
coffee,1890,0,1227,1020,7.9592,True,"the n.e.r. band. last night, the n.e.r. band held a highly success- ful concert and coffee supper in the free trade hall, kindly lent ty the committee of the blue ribbon army. there was a numerous and"
coffee,1890,0,1227,1022,7.9751,True,"barrow municipal elections. walney ward. mr. w. h. fairweather. a meeting in support of this candidate was held on tuesday evening in the coffee house, old bar- row. the chair was taken by mr. j. d. c"
coffee,1890,0,1227,1024,7.9866,True,"weston point. the reading and coffee room.—the annual meet- ing of the members took place on friday evening. there was a goodly number of the members present. the accunts, which showed a..."
coffee,1890,0,1227,1025,7.9896,True,"... the bridgend and neath chronicle, friday, december 16, 1892 neath juvenile choir. an interesting gathering of the above choir was held at the anchor coffee tavern on thursday, december let"
coffee,1890,0,1227,1032,8.0119,True,weston point. the reading and coffee roosr.—the annual meet- ing of the members took place on friday evening. there was a goodly number of the members present. the accunts• which showed ...
coffee,1890,0,1227,1034,8.0143,True,"the aston coffee house, 113, aston road, birmingham open prom:s a.m. till 10 p.m tea, cofis, land: cull kinds of refreshogad,. always ready."
coffee,1890,0,1227,1041,8.0466,True,"swanagr tiie figure head coffee taverii.-mr. chap- man, proprietor of this well known coffee tavern, in the high street, has just taken the house next door, which he is having alter..."
coffee,1890,0,1227,1042,8.0479,True,"mrs. dyson. of colne and brier&ld. invites attention t, the borough coffee tavern, burnley. near the market hall, chancery street. with the coffee tavern is incorporated a commercial hotel: xra. dyson"
coffee,1890,0,1227,1043,8.0648,True,"mrs. dyson. of colne and brier&ld. invites attention t, the borough coffee tavern, burnley. near the market hall, chancery street. with the coffee tavern is incorporated a commercial hotel: xra. dyson"
coffee,1890,0,1227,1044,8.0747,True,"john r h. gorst (late with boots & co., blackpool end brunton ,t co., manchester), tat and coffee merchant, and italian warehouseman, 27, station road, south shore (corner of church.otreet). specialit"
coffee,1890,0,1227,1046,8.0888,True,"... boy sent to prison. at the west hartlepool police court, this morning, a boy named william watson was charged with stealing money from the gladstone coffee palace, on the bth inst. e"
coffee,1890,0,1227,1047,8.0913,True,"brooches, from is 6d: break- fast cruets, from 4s 6d splendid dinner cruets, from is 6d electro-plated tea- pots, from 8s 6d. tea and coffee services, cake baskets, fruit baskets, biscuit boxes, jelly"
coffee,1890,0,1227,1048,8.0914,True,"presentation at cymmer. a meeting was held at the coffee tavern, cymmer, january 10th, for the purpose of pre- senting mr evan davies, minister of the church, with a purse of money for his untiring en"
coffee,1890,0,1227,1049,8.0957,True,"-- the coffee cooler. • and his colleacrum, introducing for the first time an went hartlepxol the grand prim cake walk, and mr craig wall be any amateur or chamnim..."
coffee,1890,0,1227,1057,8.162,True,"borough court. tuesday.—before the mayor (mr. barnes) and sir charles d'oyly. a fight near tiie coffee hogse.—williana pike-, labourer, blandford, and will iach welch, labourer, stourpane, were summon"
coffee,1890,0,1227,1058,8.1702,True,"a fatal fire. a fire occurred early this morning at a coffee house in wentworth street, whitechapel, and a male assistant who slept upstairs with three com- panions was suffocated."
coffee,1890,0,1227,1059,8.1784,True,"iirtml4to, rt., til ra. accommod commercial ation to travellers and others to be had at lb. mieeteg coffee tavern. well.aired beds to l.l. private and sitting roorns.—t.i. graphic address,: mee., coff"
coffee,1890,0,1227,1060,8.1785,True,"tterpress printing including ks, pamphlets, reports, balance sheets, legal forma, ov'erseers' lists, invoices, circulars, iters, handbills, tea and coffee papers, biscuit bags, business cards, memoria"
coffee,1890,0,1227,1061,8.1922,True,"...pute at paiik--- -46-3 i a settlement effected. -- • in connection with the dispute at padihatt another conference took place on thursday week et the coffee rooms, between the employer"
coffee,1890,0,1227,1067,8.226,True,"...n on the tyne and wear. on saturday afternoon a general mass meeting ,of the men engaged in the engineering trade of the wear was held in the central coffee tav"
coffee,1890,0,1227,1070,8.2442,True,"...ence at sunderland. an important point. at the instance of the hartlepools trade and labour council, a conference is being held to-day at the central coffee tavern, sunderland, to con- si"
coffee,1890,0,1227,1071,8.2576,True,"fist-clase 'relent. for the.beneflt of the south shore footbuji caub. the station coffee palace is now at liberty for meetings, private parties, balls, auction sales, 6.-c. the lower roolll has been r"
coffee,1890,0,1227,1072,8.2615,True,"... boy sent to prison. at the west hartlepool police court, this morning, a boy named william watson was charged with stealing money from the gladstone coffee palace, on the bth inst. e"
coffee,1890,0,1227,1076,8.3068,True,"stabbed in a coffee house. a stabbing affray occurred on tuesday morning in exeter-street, strand. two men were in a coffee- house, and in the course of an altercation a..."
coffee,1890,0,1227,1077,8.3092,True,"...erpress printing including books, pamphlets, reports, balance sheets, legal forms, overseers' lists, invoices, circulars, posters, handbills, tea and coffee papers, biscuit ba"
coffee,1890,0,1227,1078,8.329,True,"...4 .1 a(•k so n 1)u ki,- i‘t 44. f ashinn tan e 111 ditessmax eu. 1!:+ per pat ia alas or linings cut to measure. [4250 5, duke street. the very drink coffee house. 51305 stipiien"
coffee,1890,0,1227,1079,8.3322,True,"books, pamphlets, reports, overseers' lists, posters, handbills, tea and coffee papers, biscuit bags, business cards, memorial cards, &c., executed."
coffee,1890,0,1227,1081,8.3367,True,"milnrow and newhey. footnics.—the weavers employed at mr. jones's, newhey-road, celebrated a number of foo,tings on saturday at the milnrow coffee house. 'after a good tea the evening was spent in a s"
coffee,1890,0,1227,1082,8.3388,True,"to be sold. as a going concern, the business of the earlestown coffee palace co., market-place, earlestown.—apply, secretary, alpine-st., earlestown."
coffee,1890,0,1227,1083,8.3403,True,"lancaster coffee tavern company, limited. annual meeting. the annual meeting of the shareholders of the lancaster coffee tavern company. limited, was held on monday f..."
coffee,1890,0,1227,1084,8.3443,True,south-east ward. councillor martin is announced to address his con- stituents in the gladstone coffee palace to-morrow night at 7.30. councillor abrahams is to preside.
coffee,1890,0,1227,1086,8.3569,True,... universal list. meeting at littleborough. on thursday evening week a meeting of the little- borough card and blowing room operatives was held at the coffee house
coffee,1890,0,1227,1087,8.357,True,"liecond aston, witton, and perry ki barr perfect thrift building society. _ -- a branch office has been opened at the erding- ton coffee house, high street. subscriptions (6d. per week per £loo share)"
coffee,1890,0,1227,1089,8.3638,True,"alterations.- to the welcome coffee-- tavern, speech by sir john llewelyn. 'the swansea coffee public home oempany started a new departure in their holism on monday afternoon, when, the..."
coffee,1890,0,1227,1090,8.3687,True,"...ided over by the rev. t. r. steer, and at which several were present, including messrs. webber, harding, joyce, vas held on monday at the figure head coffee t"
coffee,1890,0,1227,1091,8.3756,True,"littleboroitgii. quarterly merting.—the quarterly meeting of members of the rochdale district weavers' asso- ciation was held in the coffee house, littleborough, on tuesday evening. the attendance was"
coffee,1890,0,1227,1092,8.3808,True,"houses objected to. the following are the houses to which objection was made :—john allen, pelican inn, buttermarket-st. harry brown, old coffee house, horsemarket-st. wm. dutton, bowling green, liver"
coffee,1890,0,1227,1093,8.3879,True,"...erpress printing including books, pamphlets, reports, balance sheets, legal forms, overseers' lists, invoices, circulars, posters, handbills, tea and coffee papers, biscuit ba"
coffee,1890,0,1227,1096,8.4036,True,"...erpress printing including books, pamphlets, reports, balance sheets, legal forms, overseers' lists, invoices, circulars, posters, handbills, tea and coffee papers, biscuit ba"
coffee,1890,0,1227,1099,8.4228,True,"...erpress printing including books, pamphlets, reports, balance sheets, legal forms, overseers' lists, invoices, circulars, posters, handbills, tea and coffee papers, bi"
coffee,1890,0,1227,1101,8.4282,True,"gas exhibition at the station coffee palace. during the present week there is on view at the station coffee palace, blackpcol, a most inter- esting gee exhibition, arranged by messrs. ri..."
coffee,1890,0,1227,1102,8.4351,True,"obstructing the footpath, two lads were summoned for obstructing the foot- path near the shepherd coffee tavern, brampton, on the 21st may.—p.c. stephenson stated that whilst on duty at 6-15 p.m. on s"
coffee,1890,0,1227,1104,8.4417,True,"...o seamen. a very successful concert was held at the 1 institute, victoria terrace, west hartlepool, on 1 1 saturday. mrs jacks very kindly provided a coffee supper to the seamen present."
coffee,1890,0,1227,1106,8.4661,True,"pontypridd coffee tavern company, limited, pontypridd."
coffee,1890,0,1227,1107,8.4697,True,"natioral union of paper mill workers. a very well attended meeting of the above branch was held in he meeting-room of the coffee house, drake-street, rochdale, on saturday night. mr. w. bradbury, pres"
coffee,1890,0,1227,1108,8.4698,True,"... description of letterpress printing including pamphlets, reports, balance sheets, overseers' lists, invoices, circulars, posters, handbills, tea and coffee papers, biscuit bags, business cards, "
coffee,1890,0,1227,1111,8.4774,True,"entertainment coffee supper, _ on behalf of sande), reboot, on friday. february 23rd. entertainment to commence at 7.30. collection. chairman mr. j. v. mainprize, c.c. co..."
coffee,1890,0,1227,1113,8.4851,True,the buffaloes' bill. the fourth anneal social dance of the royal antedeluvian order of buffaloes was given on monday evening at the station coffee palace. the festivities were under the auspices of th
coffee,1890,0,1227,1115,8.497,True,"fire in a ferndale coffee tavern. early oti thursday morning a fire hroli,i out in the coffee tavern of xir davies, ferndale, owing to a lamp (hanging from the ceiling) fallin..."
coffee,1890,0,1227,1116,8.5006,True,"have you tried the travancore tea? the finest mixture in the ilartlepools, is er:. and 28 per lb. george liall, coffee roaster, stockton street, west hartlefool. agent for royal cambridre sausage."
coffee,1890,0,1227,1117,8.5081,True,"...ool tradesmen's association idiportant resolutions. a meeting of the members of the blackpool tradesmen's association was held in the british workman coffee palace, south beach, on tuesday eveni"
coffee,1890,0,1227,1118,8.5157,True,"lancaster coffee tavern company, limited. annual meeting. the annual meeting of the shareholders of the lancaster coffee tavern company. limited, was held on monday f..."
coffee,1890,0,1227,1119,8.5284,True,"...rpress printing incli7dixo books, pamphlets, reports, balance sheets, legal forms, overseers' lists, invoices, circulars, posters, handbills, tea and coffee papers, biscuit bags, dic., business c"
coffee,1890,0,1227,1120,8.5308,True,"charge oe keeping a brothel in pontypridd. also of aiding and abetting. at the emitypridd police court, wed- nesday, je hro davies, coffee tavern keeper, tram road, was charged with keep- ing a brothe"
coffee,1890,0,1227,1121,8.5333,True,"muldoon's picnic. [ornb] blackpool.—mrs. alletson, 28, t-... near station and sea; late of rochdale, and also of shore coffee house, littleborough. apartments. wanted, all under-engineers and stokers "
coffee,1890,0,1227,1122,8.5349,True,"wedding & birthday presents the sll, ver and electro-plate is of a very superior description, includes— iake baskets, salvers, tea and coffee j services, kettles, teapots, egg frames, toast racks, jel"
coffee,1890,0,1227,1131,8.5983,True,"late district news. blandford. htsvour.—mr. james jackson gave the second or his series of lectures 011 english history in the corner coffee house on tuesday last. there was a good attendance, and the"
coffee,1890,0,1227,1133,8.6079,True,"etterpress printing including ks, pamphlets, reports, balance sheets, legal forms, overseers' lists, invoices, circulars, handbills, tea and coffee papers, biscuit bags, business cards, memorial cards"
coffee,1890,0,1227,1137,8.6672,True,"a awattee coffee mething new in the coffee pot. an absolutely pure coffee.trpitlta why has english coffee become ,so undrinkable in recent years? for the simple reaso..."
coffee,1890,0,1227,1139,8.701,True,"...ts."" to the editor of the northern guardtan. si,-mr. furness last night stated at seaton that at mr. richardson's splendid meeting at the glad- stone coffee palace there were only ab"
coffee,1890,0,1227,1141,8.7202,True,"have you tried the travancore tea? tho finn.• rp in on hartlepools, is 6c and 21 fr p.. george hall, coffee roaster, stockton street, west hartlefool agent for royal cambridge sausage. extra special l"
coffee,1890,0,1227,1142,8.7366,True,"...meeting.—on wedsesday evening the quarterly meeting of the members of the rochdale and district operative weavers' association was held at the public coffee house, l"
coffee,1890,0,1227,1146,8.7715,True,"official scratchings. chesterfield nursery, derby—coffee cooler. markeaton stakes, derby—st johann. friary nursery, derby—musley chief, nixe, coffee cooler. rangemore stakes, derby—crystal palace. doy"
coffee,1890,0,1227,1147,8.7745,True,"general railwas workers' un10n..... blacipool beascs.—a. meeting of the members of this branch was held last night at the station coffee palace. mr. j. kelly, of salford, and others addressed the meet"
coffee,1890,0,1227,1152,8.8455,True,"an indian divorce suit. £3,000 damages. in the divorce court, on friday, walter sandys sullivan, a coffee planter in india, obtained a dis- solution of his marriage on the ground of his wife's miscond"
coffee,1890,0,1227,1154,8.8758,True,"a long-felt want supplied! a coffee house for acocks green' where ilte, cofff.e, cocoa, cooked my.atm, pastries and re/garments can be had in prime condition, and at moderate crae.:es. ..."
coffee,1890,0,1227,1157,8.925,True,a pleasant evening with blackpool tradesmen. con versazione at the coffee palace. councillor hampson moved the addition of the name of councillor taylor to the sub-committee appointed to purchase the 
coffee,1890,0,1227,1159,8.9503,True,"gas exhibition at the station coffee palace. during the present week there is on view at the station coffee palace, blackpcol, a most inter- esting gee exhibition, arranged by messrs. ri..."
coffee,1890,0,1227,1160,8.952,True,"a long-felt a coffee house want supplied! for acocks green! where tea, coffee, cocoa, cooked meats, pastilles and refreshments car be had in prime condition, and at moder..."
coffee,1890,0,1227,1161,8.957,True,"sensational suicide of a comedian. considerable sensation was created this morn- ing at the bull street coffee tavern, birming- ham, a large establishment of which the birming- ham coffee house compan"
coffee,1890,0,1227,1164,9.0082,True,"...rechabite order. durham district. the annual meeting of the durham district conn.l cil of the independent order of rechabites was held in the central coffee palace, sunderland, on satur- day. brot"
coffee,1890,0,1227,1171,9.0797,True,"explosion at a coffee tavern. an outrage suspected. • the central news abercarn correspondent says: —an explosion took place at gloch gobaith coffee tavern, aberearn, on s..."
coffee,1890,0,1227,1173,9.1291,True,"...onservatism in hot lake the annual meeting of the hoylake section of the birkenhead and wirral conservative association, took place on tuesday in the coffee room of the stanley hotel, hoylake. there "
coffee,1890,0,1227,1176,9.1483,True,"neath juvenile choir. an interesting gathering of the above choir was held at the anchor coffee tavern on thursday, december ist. our readers will remember the visit of this choir to london in july la"
coffee,1890,0,1227,1177,9.1577,True,"...tion. the new blackpool railway: intelligence at list. on tuesday evening the annual meeting of the blackpool tradesmen's association was held in the coffee palace, south beach."
coffee,1890,0,1227,1178,9.1603,True,"...ing fatality is reported from redcar. on saturday morning, a young girl named catherine e. robinson, daughter of mr robinson, proprietor of the athol coffee palace, shot"
coffee,1890,0,1227,1182,9.195,True,"stabbed in a. coffee house. a stabbing affray ocourred on tuesday morning in exeter-street, strand. two met.i were in a coffee-house, and in the course of an altercation ..."
coffee,1890,0,1227,1184,9.2166,True,"...for classification. blandford. history clabb.—in bringing his historical lectures. to a close, mr. james jackson gave a special lecture at the corner coffee house on m"
coffee,1890,0,1227,1185,9.2207,True,"obstructing the footpath, two lads were summoned for obstructing the foot- path near the shepherd coffee tavern, brampton, on the 21st may.—p.c. stephenson stated that whilst on duty at 6-15 p.m. on s"
coffee,1890,0,1227,1187,9.2571,True,"mr. gladstone's birthday. liberal women's celebration. last night a conversazione and dance was held in the station coffee palace, under the auspices oi the blackpool women's liberal association, in c"
coffee,1890,0,1227,1190,9.2966,True,"blackpool, oct. 29th, 1892. labour amalgamation. to tim zditoi4 616,-a meeting was held at the central coffee palace the other evening, under the auspices of the lancashire and the adjacent counties' "
coffee,1890,0,1227,1191,9.3088,True,"neath juvenile choir. an interesting gathering of the above choir was held at the anchor coffee tavern on thursday, december ist. our readers will remember the visit of this choir to london in july la"
coffee,1890,0,1227,1192,9.3194,True,"fire in a ferndale coffee tavern. early oti thursday morning a fire hroli,i out in the coffee tavern of xir davies, ferndale, owing to a lamp (hanging from the ceiling) fallin..."
coffee,1890,0,1227,1194,9.3516,True,"suicide of a doctor. mr. robert william m‘kiustry, m.d., axed 31. has committed suicide by takit,g prussic acid, at read's coffee house, dale-end, birmingham, where he had lately been lodging. he was "
coffee,1890,0,1227,1195,9.3688,True,"explosion at a coffee tavern. an outrage suspected. • the central news abercarn correspondent says: —an explosion took place at gloch gobaith coffee tavern, aberearn, on s..."
coffee,1890,0,1227,1200,9.4439,True,"...nces by a, young girl at pentre, at the poltypridd police court on wednesday, elizabeth anne evans, a young girl, a domestic servant with mrs powell, coffee tav"
coffee,1890,0,1227,1202,9.5294,True,"a long-felt want supplied! a coffee house for acocks green' where ilte, cofff.e, cocoa, cooked my.atm, pastries and re/garments can be had in prime condition, and at moderate crae.:es. ..."
coffee,1890,0,1227,1203,9.5648,True,"...ting of blackpool tradesmen. a tradesmen's association formed. on wednesday afternoon a meeting of ;he tradesmen of blackpool was held in the station coffee palace, for the pu"
coffee,1890,0,1227,1205,9.6028,True,"coffee house. eptali"" tham pkintino w it 52. orurcii s'ibezt itatilto flil '!iteapyst _ayt, best housl i'o n"
coffee,1890,0,1227,1216,10.0061,True,"ea.rlestown harriers. the annual general meeting of the earlestown harriers club, was held on thursday evening at the coffee palace. mr. j. rylance presided. the accounts were presented- by mr. j. h. "
coffee,1890,0,1227,1217,10.0268,True,"the labour cause. in connection with the local branch of the independent labour party, miss enid stacey, ba., lectured in the station coffee palace on monday and tuesday evenings. mr. j. parr presided"
coffee,1890,0,1227,1220,10.4226,True,"alterations.- to the welcome coffee-- tavern, speech by sir john llewelyn. 'the swansea coffee public home oempany started a new departure in their holism on monday afternoon, when, the..."
coffee,1890,0,1227,1221,10.6906,True,"explosion at a coffee tavern. an outrage suspected. • the central news abercarn correspondent says: —an explosion took place at gloch gobaith coffee tavern, aberearn, on s..."
coffee,1890,0,1227,1222,10.7151,True,"...n at bla.ckpool. an important exhibition of gas cooking and beating stoves, and other gas appliances for domestic purposes, was opened in the station coffee palace, on monday. the exhibit"
coffee,1890,0,1227,1223,10.7409,True,"i the coffee cooler defeated i (reateep telegram.) tom r. of syracuse. defeated frank craig. the coffee cooler, in a fight at the tenth round ye.iierday. (neater'..."
coffee,1890,0,1227,1226,11.0793,True,"sensational suicide of a comedian. considerable sensation was created this morn- ing at the bull street coffee tavern, birming- ham, a large establishment of which the birming- ham coffee house compan"
coffee,1890,0,1227,1227,11.3532,True,"an observation. ""i have observed."" remarked the scientist to the landlady at the coffee end of the table. ""that the tongue of the whale has been known a. yield as much as a ton of oil."" ""h'ni,"" said t"
coffee,1890,1,876,1,4.2729,True,"the world can produce. tea and coffee planter, ceylon. the largest tea, coffee, and provision dealer in the world. sole proprietor of the following celebrated tea and coffee estates in ce..."
coffee,1890,1,876,2,4.2817,True,"no higher price. tea and coffee planter, ceylon. lipton, the largest tea, coffee, and provision dealer in the world. bole proprietor of the following celebrated tea and coffee estat..."
coffee,1890,1,876,3,4.3077,True,"enormous demand. pee 17 lb. no higher price. lipton, tea and coffee planter, ceylon. the largest tea, coffee, and provision dealer is me world. bole proprietor of the folloaing celebrated tea and coff"
coffee,1890,1,876,4,4.3634,True,"the world can produce. tea and coffee planter, ceylon. the largest tea, coffee, and provision dealer in the world. sole proprietor of the following celebrated tea and coffee estates in ce..."
coffee,1890,1,876,5,4.398,True,"lipton, tea and coffee planter, ceylon, the largest tea, coffee, and provision dealer in the world. sole froprutor of the following tca and coffee zama in ceylon, dombotenn..."
coffee,1890,1,876,6,4.4364,True,"no higher price lipton, tea and coffee planter, ceylon. the largest tea, coffee, and provision dealer im nix world. sole proprietor of the following oelebrated tea and coil& estates in cey..."
coffee,1890,1,876,7,4.4744,True,"lipton, tea and coffee planter, ceylon. the largest tea, coffee, and provision dealer in the world. bole proprietor of the following celebrated tea and coffee estatea in co..."
coffee,1890,1,876,8,4.5065,True,"lipton, tea and coffee planter, ceylon, the largest tea, coffee, and provision dealer in the world. sole proprietor of the following tea and coffee estates in ceylon, dantb..."
coffee,1890,1,876,11,4.5128,True,"lipton, tea and coffee planter, ceylon, the largest tea, coffee, and provision dealer in the world. sole froprutor of the following tca and coffee zama in ceylon, dombotenn..."
coffee,1890,1,876,13,4.551,True,"no higher price. lipton, tea and coffee planter, ceylon. the largest tea, coffee, and provision dealer in the world. bole proprietor of the following celebrated tea and coffee rotates in ce..."
coffee,1890,1,876,14,4.5524,True,"lipton, tea and coffee planter, ceylon, the largest tea, coffee, and provision dealer in the world. sole proprietor of the following tea and coffee estates in ceylon, damba..."
coffee,1890,1,876,18,4.5809,True,"lipton, tea and coffee planter, ceylon. the largest tea, coffee, and provision dealer in the world. bole proprietor of the following celebrated tea and coffee estatea in co..."
coffee,1890,1,876,19,4.5909,True,"lipton, tea and coffee planter, ceylon, the largest tea, coffee, and provision dealer in the world. sole proprietor of the following tea and coffee estates in ceylon, damba..."
coffee,1890,1,876,20,4.5936,True,"no higher price. lipton, tea and coffee planter, ceylon. the largest tea, coffee, and provision dealer in the world. ad. proprietor of the following celebrated ten and coffee itesies in cey..."
coffee,1890,1,876,21,4.6062,True,"lipton, tea and coffee planter, ceylon. the largest tea, coffee, and provision dealer in the world. 'sea and coffee shipp ng warehouses: maddema mills, cinnamon gardens, co..."
coffee,1890,1,876,22,4.6102,True,"lipton, tea and coffee planter, ceylon, the largest tea, coffee, and provision dealer in the world. qom proprietor of the tenoning tea and coffee estates in ceylon, dambate..."
coffee,1890,1,876,24,4.6255,True,"no higher price. tea and coffee planter, ceylon. lipton, the largest tea, coffee, and provision dealer in the world. bole proprietor of the following celebrated tea and coffee estat..."
coffee,1890,1,876,25,4.6309,True,"success. lipton's teas gained the highest & only award in the britigh section of the world's fair, chicago. lip'pon, tea am) coffee planter, ceylon. the largest tta, coffee, and provision dealer in th"
coffee,1890,1,876,26,4.6371,True,"no higher price. lipton, tea and coffee planter, ceylon. the largest tea, coffee, and provision dealer in the world. bole proprietor of the following celebrated tea and coffee rotates in ce..."
coffee,1890,1,876,27,4.6545,True,"lipton lipton tea and coffee planter, ceylon. lipton, the largest tea, coffee, and provision dealer in the world. bole pmprietor of the following celebrated tea and coffee estate..."
coffee,1890,1,876,28,4.676,True,"enormous demand. pee 17 lb. no higher price. lipton, tea and coffee planter, ceylon. the largest tea, coffee, and provision dealer is me world. bole proprietor of the folloaing celebrated tea and coff"
coffee,1890,1,876,30,4.6796,True,"tea and coffee planter, ceylon. the largest tea, coffee, and provision dealer in thi world. sole proprietor of the following celebrated tea and coffee estates in ce..."
coffee,1890,1,876,31,4.6807,True,"lipton lipton lipton lipton tea and coffee planter, ceylon. lipt on, the largest tea, coffee, and provision dealer in the world. sole proprietor of the following celebrated tea and coffee esta..."
coffee,1890,1,876,32,4.6838,True,"lipton, tea and coffee planter, ceylon, the largest tea, coffee, and provision dealer in the world. sole proprietor of the following tea and cope estcltes in ceylon, danone..."
coffee,1890,1,876,33,4.6898,True,"lipton, tea and coffee planter, ceylon, the largest tea, coffee, and provision dealer in the world. tea and coffee estates ja-ceylan. lambatenne, laymastotte, monerakande, ..."
coffee,1890,1,876,35,4.6914,True,"no higher price. lipto, tea and coffee planter, ceylon. the largest tea, coffee, and provision dealer in the world. sole proprietor a the following celebrated tea and coffee rstates in cey..."
coffee,1890,1,876,37,4.6977,True,"no higher price. tea and coffee planter, ceylon. lipton, the largest tea, coffee, and provision dealer in the world. bole proprietor of the following celebrated tea and coffee estat..."
coffee,1890,1,876,38,4.6988,True,"tea and coffee planter, ceylon. the largest tea, coffee, and provision dealer in thi world. sole proprietor of the following celebrated tea and coffee estates in ce..."
coffee,1890,1,876,40,4.706,True,"no liigher price. tea and coffee planter, ceylon. lipton, the largest tea, coffee, and provision dealer in the world. sule proprietor a the following celebrated tea and coffee estate..."
coffee,1890,1,876,44,4.7297,True,"enormous demand. tea the world can produce per vt lb. no higher price. tea and coffee planter, ceylon. liptoin, the largest tea, coffee, and provision dealer in the world. sole proprietor of the follo"
coffee,1890,1,876,45,4.733,True,"lipton lii""fon lipton lipton lipton lipton lipton lipton tea and coffee planter, ceylon. the largest tea, coffee, and provision dealer in the world: bole proprietor of the fallowing celebrated tea and"
coffee,1890,1,876,47,4.7393,True,"lipton, tea and coffee planter, c eylon, the largest tea, coffee, and provision dealer in the world. vole proprietor of the following tea and coffee estates in ceylon, eamb..."
coffee,1890,1,876,48,4.742,True,"lipton, tea and coffee planter, ceylon, • the largest tea, coffee, and provision dealer in the world. • solc proprietor of the following tea and coffee estates in ceylon, d..."
coffee,1890,1,876,50,4.75,True,"no liigher price. tea and coffee planter, ceylon. lipton, the largest tea, coffee, and provision dealer in the world. sule proprietor a the following celebrated tea and coffee estate..."
coffee,1890,1,876,51,4.7511,True,"lipton tea and coffee planter, ceylon. lipton, the largest tea, coffee, and provision dealer in the world. sole proprietor of the following celebrated tea and coffee estat..."
coffee,1890,1,876,53,4.7561,True,"lipton, tea and coffee planter, ceylon, the largest tea, coffee, and provision dealer in the world. sole proprietor of the following tea and coffee estates ia ce,y!on, dand..."
coffee,1890,1,876,55,4.759,True,"lipton lipton lipton tea and coffee planter, ceylon. lipton, the largest tea, coffee, and provision dealer in the world. sole proprietor of the following celebrated tea and coffee estat..."
coffee,1890,1,876,56,4.7615,True,"lipton, tea and coffee planter, ceylon, the largest tea, coffee, and provision dealer in the world. sole proprietor of the following tea and cope estcltes in ceylon, danone..."
coffee,1890,1,876,57,4.7648,True,"success. demand. the finest tea the world can produce per 1/7 lb. no higher price. no higher price. tea and coffee planter, ceylon. lipton, the largest tea, coffee, and provision dealer in the world. "
coffee,1890,1,876,58,4.7704,True,"success. lipton's teas gained the highest & only award in the britigh section of the world's fair, chicago. lip'pon, tea am) coffee planter, ceylon. the largest tta, coffee, and provision dealer in th"
coffee,1890,1,876,59,4.7731,True,"lipton lipton lipton lipton lipton tea and coffee planter, ceylon. lipton, tfie largest tea, coffee, and provision dealer in the world. s3le proprictrx of the followin"". celebrated t.% and coffee est..."
coffee,1890,1,876,63,4.802,True,"lipton, tea and coffee planter, ceylon, the largest tea, coffee, and provision dealer in the world. sole proprietor of the following tea and coffee estates in ceylon, dantb..."
coffee,1890,1,876,64,4.804,True,"lipton tea and coffee planter, ceylon. lipton, the largest tea, coffee, and provision dealer in the world. sole proprietor of the following celebrated tea and coffee estat..."
coffee,1890,1,876,65,4.8044,True,"lipton lipton lipton lipton lipton lipton lipton lipton tea and coffee planter. ceylon. the largest tea, coffee, and provision deal. 'n the world. sole proprietor cf the following celebrated tea and c"
coffee,1890,1,876,66,4.8243,True,"tea and coffee planter, ceylon. the largest tea, coffee, and provision dealer in thi world. sole proprietor of the following celebrated tea and coffee estates in ce..."
coffee,1890,1,876,67,4.8298,True,"no higher price. lipto, tea and coffee planter, ceylon. the largest tea, coffee, and provision dealer in the world. sole proprietor a the following celebrated tea and coffee rstates in cey..."
coffee,1890,1,876,68,4.8314,True,"lipton lipton lipton lipton tea and coffee planter, ceylon. 9 the largest tea, coffee, and provision dealer in the world. sole proprietor of the following celebrated tea and coffee estates in ..."
coffee,1890,1,876,70,4.8344,True,"lipton lipton lipton lipton lipton lipton tea and coffee planter, ceylon. lipton,, the largest tea, coffee, and provision dealer in the world. • sole proprietor of the following celebrated tea and cof"
coffee,1890,1,876,71,4.8348,True,"lipton lipton tea and coffee planter, ceylon. là ipton, the largest tea, coffee, and provision dealer in the world. • bole proprietor of the following celebrated tea and coffee e..."
coffee,1890,1,876,72,4.8349,True,"lipton, tea aim coffee planter, ceylon. the largest tea, coffee, and provision dealer tn the world. sole proprietor of the following eetebrated tea and coffee meat. in ceyl..."
coffee,1890,1,876,73,4.8359,True,"lipton, tea and coffee planter, ceylon, • the largest tea, coffee, and provision dealer in the world. • solc proprietor of the following tea and coffee estates in ceylon, d..."
coffee,1890,1,876,74,4.8391,True,"no higher price. lipto, tea and coffee planter, ceylon. the largest tea, coffee, and provision dealer in the world. sole proprietor a the following celebrated tea and coffee rstates in cey..."
coffee,1890,1,876,75,4.8394,True,"success. demand. the finest tea the world can produce per 1/7 lb. no higher price. no higher price. tea and coffee planter, ceylon. lipton, the largest tea, coffee, and provision dealer in the world. "
coffee,1890,1,876,78,4.8569,True,"the world can produce per 1/7 lb. no higher price. tea and coffee planter, ceylon. lipton, the largest tea, coffee, and provision dealer in the world. sole proprietor of the following celebrated tea a"
coffee,1890,1,876,80,4.8609,True,"enormous un paralleled success. the finest tea the world can produce per 1/7 lb. no higher price. no higher price. tea and coffee planter, ceylon. lipton, the largest tea, coffee, and provision dealer"
coffee,1890,1,876,81,4.8636,True,"lipton lipton lipton li pto n lipton orders by post may be addressed to the chief lipton offices, bath street, london, e.c. lipton ttea, and coffee planter, ceylon. 9 he largest tea, coffee, and povis"
coffee,1890,1,876,83,4.8648,True,"success. lipton's teas gained the highest & only award in the britigh section of the world's fair, chicago. lip'pon, tea am) coffee planter, ceylon. the largest tta, coffee, and provision dealer in th"
coffee,1890,1,876,84,4.8672,True,"lipton lipton lipton lipton tea and coffee planter, ceylon. lipt on, the largest tea, coffee, and provision dealer in the world. sole proprietor of the following celebrated tea and coffee esta..."
coffee,1890,1,876,85,4.8673,True,"enormous demand. per 1/7 lb. no higher price lipton, tea and coffee planter, ceylon. the largest tea, coffee, and provision dealer ni rns world. solo pe%rlotor of the following .lot...tad tee mad coff"
coffee,1890,1,876,86,4.868,True,"lipton, tea and coffee planter, ceylon, the largest tea, coffee, and provision dealer in the world. qom proprietor of the tenoning tea and coffee estates in ceylon, dambate..."
coffee,1890,1,876,88,4.8844,True,"lipton lipton tea and coffee planter, ceylon. lipton, the largest tea, coffee, and provision dealer in the world. bole pmprietor of the following celebrated tea and coffee estate..."
coffee,1890,1,876,89,4.8857,True,"tea, coffee, and cocoa planter, ceylon. lipton, = provision dealer in the world. oily lon tea and coffee smenng india tea shipping warehouses and warehouses—made..."
coffee,1890,1,876,91,4.8888,True,"lipton lipton a and coffee planter, ceylon. a ~. the largest tea, coffee, and provision dealtit.‘ .1e world. sole proprietor of the following celebrated tea an& coffee estates ..."
coffee,1890,1,876,93,4.9014,True,"piioduce. no higher 1/i'rqb.-y lb. no higher price. price. lipton tea and coffee planter, ceylon. 1 the largest tea, coffee, ani) provision dealer in 'the world. sole proprietor of the following celeb"
coffee,1890,1,876,94,4.9017,True,"lipton lipton tea and coffee planter, ceylon. là ipton, the largest tea, coffee, and provision dealer in the world. • bole proprietor of the following celebrated tea and coffee e..."
coffee,1890,1,876,95,4.9021,True,"no higher price lipton, tea and coffee planter, ceylon. the largest tea, coffee, and provision dealer im nix world. sole proprietor of the following oelebrated tea and coil& estates in cey..."
coffee,1890,1,876,96,4.9065,True,"...he prices. rich, pure, and fragrant, _ and 1/4- per lb. the finest tea the world can produce. /per ii ll 3. no higher price. no higher price. tea and coffee planter,"
coffee,1890,1,876,97,4.9085,True,"success. lipton's teas gained the highest & only award in the britigh section of the world's fair, chicago. lip'pon, tea am) coffee planter, ceylon. the largest tta, coffee, and provision dealer in th"
coffee,1890,1,876,98,4.909,True,"lipton, tea and coffee planter, ceylon, the largest tea, coffee, and provision dealer in the world. sole proprietor of the following tea and coffee estates in ceylon, damba..."
coffee,1890,1,876,100,4.9141,True,"now open luncheon sausages. upton, tea and coffee planter, ceylon the largest tea, coffee, and provision dealer in the world sole proprietor of the following tea and coffee eetates in ceylon, dambate..."
coffee,1890,1,876,102,4.9187,True,"piioduce. no higher 1/i'rqb.-y lb. no higher price. price. lipton tea and coffee planter, ceylon. 1 the largest tea, coffee, ani) provision dealer in 'the world. sole proprietor of the following celeb"
coffee,1890,1,876,103,4.925,True,"the world can produce per 1/7 lb. no higher price. tea and coffee planter, ceylon. lipton, the largest tea, coffee, and provision dealer in the world. sole proprietor of the following celebrated tea a"
coffee,1890,1,876,106,4.944,True,"lipton, tea and coffee planter, ceylon, • the largest tea, coffee, and provision dealer in the world. • solc proprietor of the following tea and coffee estates in ceylon, d..."
coffee,1890,1,876,107,4.95,True,"no liigher price. tea and coffee planter, ceylon. lipton, the largest tea, coffee, and provision dealer in the world. sule proprietor a the following celebrated tea and coffee estate..."
coffee,1890,1,876,108,4.9518,True,"lipton lipton lipton lipton tea and coffee planter, ceylon. 9 the largest tea, coffee, and provision dealer in the world. sole proprietor of the following celebrated tea and coffee estates in ..."
coffee,1890,1,876,110,4.9573,True,"enormous demand. tea the world can produce per vt lb. no higher price. tea and coffee planter, ceylon. liptoin, the largest tea, coffee, and provision dealer in the world. sole proprietor of the follo"
coffee,1890,1,876,111,4.9573,True,"lipton lipton lipton li pto n lipton orders by post may be addressed to the chief lipton offices, bath street, london, e.c. lipton ttea, and coffee planter, ceylon. 9 he largest tea, coffee, and povis"
coffee,1890,1,876,114,4.9615,True,"...he prices. rich, pure, and fragrant, _ and 1/4- per lb. the finest tea the world can produce. /per ii ll 3. no higher price. no higher price. tea and coffee planter,"
coffee,1890,1,876,116,4.9635,True,"enormous un paralleled success. the finest tea the world can produce per 1/7 lb. no higher price. no higher price. tea and coffee planter, ceylon. lipton, the largest tea, coffee, and provision dealer"
coffee,1890,1,876,117,4.966,True,"the finest tea the _world can produce per 1/7 lb. no higher price. no higher price. tea and coffee planter, ceylon. lipton, the largest tea, coffee, and provision dealer in the world. sole proprictur "
coffee,1890,1,876,118,4.9687,True,"the finest tea the world can produce per • 1/7 lb. no higher price. no higher price. tea and coffee planter, ceylon: lipton, the largest tea, coffee, and provision dealer in the world. sole proprietor"
coffee,1890,1,876,119,4.9689,True,"no higher price. lipton, tea and coffee planter, ceylon. the largest tea, coffee, and provision dealer in tuz world. hole proprietor of the following celebrated tea and coffee &wes in ceylo..."
coffee,1890,1,876,120,4.9709,True,"the finest tea the _world can produce per 1/7 lb. no higher price. no higher price. tea and coffee planter, ceylon. lipton, the largest tea, coffee, and provision dealer in the world. sole proprictur "
coffee,1890,1,876,121,4.9712,True,"lipton, tea and coffee planter, ceylon, the largest tea, coffee, and provision dealer in the world. tea and coffee estates ja-ceylan. lambatenne, laymastotte, monerakande, ..."
coffee,1890,1,876,123,4.9729,True,"lipton, tea and coffee planter, ceylon, the largest tea, coffee, and provision dealer in the world. sole proprietor of the following tea and coffee estates in ceylon, damba..."
coffee,1890,1,876,125,4.9781,True,"lipton, tea and coffee planter, ceylon. the largest tea, coffee, and provision dealer in the world. tea and coffee shming warehouses: max-drarie mills, cinnradon gardens, c..."
coffee,1890,1,876,127,4.9791,True,"...he prices. rich, pure, and fragrant, _ and 1/4- per lb. the finest tea the world can produce. /per ii ll 3. no higher price. no higher price. tea and coffee planter,"
coffee,1890,1,876,128,4.9839,True,"lipton lipton lipton tea and coffee planter, ceylon. lipton, the largest tea, coffee, and provision dealer in the world. sole proprietor of the following celebrated tea and coffee estat..."
coffee,1890,1,876,129,4.9863,True,"lipton lipton lipton lipton tea and coffee planter, ceylon. lipt on, the largest tea, coffee, and provision dealer in the world. sole proprietor of the following celebrated tea and coffee esta..."
coffee,1890,1,876,130,4.9877,True,"lipton's delicious teas. sunny ceylon. visitors to tbis beattiful island are cordially invited to call and see over lipton's tea and coffee warehouses, madeins mills, cinnamon gardens. colombo. those "
coffee,1890,1,876,132,5.0063,True,"lipton tea and coffee planter, ceylon. lipton, the largest tea, coffee, and provision dealer in the world. sole proprietor of the following celebrated tea and coffee estat..."
coffee,1890,1,876,133,5.0092,True,"enormous demand. tea the world can produce per vt lb. no higher price. tea and coffee planter, ceylon. liptoin, the largest tea, coffee, and provision dealer in the world. sole proprietor of the follo"
coffee,1890,1,876,134,5.0094,True,"lipton, tea and coffee planter, ceylon, the largest tea, coffee, and provision dealer in the world. sok proprietor of the following teaimil coerce estates in ceylon, datuba..."
coffee,1890,1,876,135,5.0112,True,"lipton's delicious teas. sunny ceylon. visitors to this beautiful island are cordially invited to call and see over lipton's tea and coffee warehouses, madero& mills, cinnamon gardens, colombo. those "
coffee,1890,1,876,137,5.016,True,"lipton lipton lipton li pto n lipton orders by post may be addressed to the chief lipton offices, bath street, london, e.c. lipton ttea, and coffee planter, ceylon. 9 he largest tea, coffee, and povis"
coffee,1890,1,876,138,5.0319,True,"lipton, tea and coffee planter, ceylon, the largest tea, coffee, and provision dealer in tiie world. sole proprietor of the following tea and coffee estates in ceylon, donb..."
coffee,1890,1,876,139,5.0364,True,"...o. note the prices. rich, pure, and fragrant. 11- and 1/4 per lb. unparalleled success. enormous demand. per 1/7 lb. no higher price. lipton, tea and coffee planter, ceylon."
coffee,1890,1,876,140,5.0364,True,"lipton lipton lipton li pto n lipton orders by post may be addressed to the chief lipton offices, bath street, london, e.c. lipton ttea, and coffee planter, ceylon. 9 he largest tea, coffee, and povis"
coffee,1890,1,876,141,5.0367,True,"lipton lipton a and coffee planter, ceylon. a ~. the largest tea, coffee, and provision dealtit.‘ .1e world. sole proprietor of the following celebrated tea an& coffee estates ..."
coffee,1890,1,876,144,5.0411,True,"now open luncheon sausages. upton, tea and coffee planter, ceylon the largest tea, coffee, and provision dealer in the world sole proprietor of the following tea and coffee eetates in ceylon, dambate..."
coffee,1890,1,876,145,5.0421,True,"piioduce. no higher 1/i'rqb.-y lb. no higher price. price. lipton tea and coffee planter, ceylon. 1 the largest tea, coffee, ani) provision dealer in 'the world. sole proprietor of the following celeb"
coffee,1890,1,876,146,5.0425,True,"lipton, tea and coffee planter, ceylon. the largest tea, coffee, and provision dealer in the world. tea and coffee shippng wareh,uses: maddema mills, cinnamon gardens. colo..."
coffee,1890,1,876,150,5.0438,True,"the world can produce. tea and coffee planter, ceylon. the largest tea, coffee, and provision dealer in the world. sole proprietor of the following celebrated tea and coffee estates in ce..."
coffee,1890,1,876,151,5.0451,True,"lipton lipton lipton lipton lipton tea and coffee planter, ceylon. lipton, tfie largest tea, coffee, and provision dealer in the world. s3le proprictrx of the followin"". celebrated t.% and coffee est..."
coffee,1890,1,876,152,5.0499,True,"enormous un paralleled success. the finest tea the world can produce per 1/7 lb. no higher price. no higher price. tea and coffee planter, ceylon. lipton, the largest tea, coffee, and provision dealer"
coffee,1890,1,876,153,5.0526,True,"lipton, tea aim coffee planter, ceylon. the largest tea, coffee, and provision dealer tn the world. sole proprietor of the following eetebrated tea and coffee meat. in ceyl..."
coffee,1890,1,876,154,5.0593,True,"lipton, tea and coffee planter, ceylon, the largest tea, coffee, and provision dealer in the world. sok proprietor of the following teaimil coerce estates in ceylon, datuba..."
coffee,1890,1,876,157,5.0735,True,"no higher price. lipton, tea and coffee planter, ceylon. the largest tea, coffee, and provision dealer in tuz world. hole proprietor of the following celebrated tea and coffee &wes in ceylo..."
coffee,1890,1,876,160,5.0798,True,"no higher price. lipton, tea and coffee planter, ceylon. the largest tea, coffee, and provision dealer in tuz world. hole proprietor of the following celebrated tea and coffee &wes in ceylo..."
coffee,1890,1,876,161,5.0799,True,"ii 6o per lb. no hum= pimp. lipton, tea and coffee planter, ceylon. tea and coffee shipp.ng warehouses: maddema mills, cinnamon gardens, ceylon office: upper crateiam-street, colohnia calc.utts: 5, ly"
coffee,1890,1,876,164,5.085,True,"lipton lipton lipton li pto n lipton orders by post may be addressed to the chief lipton offices, bath street, london, e.c. lipton ttea, and coffee planter, ceylon. 9 he largest tea, coffee, and povis"
coffee,1890,1,876,166,5.0853,True,"...o. note the prices. rich, pure, and fragrant. 11- and 1/4 per lb. unparalleled success. enormous demand. per 1/7 lb. no higher price. lipton, tea and coffee planter, ceylon."
coffee,1890,1,876,167,5.0868,True,"lipton, tea and coffee planter, ceylon, the largest tea, coffee, and provision dealer in the world. sole froprutor of the following tca and coffee zama in ceylon, dombotenn..."
coffee,1890,1,876,168,5.0869,True,"lipton, tea and coffee planter, ceylon. the largest tea, coffee, and provision dealer in the world. bole proprietor of the following celebrated tea and coffee estatea in co..."
coffee,1890,1,876,169,5.088,True,"no higher price. lipton, tea and coffee planter, ceylon. the largest tea, coffee, and provision dealer in the world. ad. proprietor of the following celebrated ten and coffee itesies in cey..."
coffee,1890,1,876,170,5.0883,True,"home hints. lipton, tea and coffee planter, ceylon, the largest tea, coffee, and provision dealer in the world. sole proprietor of the following tea and coffee estates in ceylon, dainb..."
coffee,1890,1,876,171,5.0922,True,"lipton lipton lipton lipton lipton tea and coffee planter, ceylon. the largest tea, coffee, and provision dealer in the world. si)le proprietor of the following celebrated tea and coffee estates in c..."
coffee,1890,1,876,172,5.0925,True,"the world can produce per 1/7 lb. no higher price. tea and coffee planter, ceylon. lipton, the largest tea, coffee, and provision dealer in the world. sole proprietor of the following celebrated tea a"
coffee,1890,1,876,173,5.0941,True,"lipton lipton a and coffee planter, ceylon. a ~. the largest tea, coffee, and provision dealtit.‘ .1e world. sole proprietor of the following celebrated tea an& coffee estates ..."
coffee,1890,1,876,174,5.1055,True,"home hints. lipton, tea and coffee planter, ceylon, the largest tea, coffee, and provision dealer in the world. sole proprietor of the following tea and coffee estates in ceylon, dainb..."
coffee,1890,1,876,175,5.1055,True,"enormous demand. lipton's teas gained the hi6uet & only award ii th,brjtji seetio 01 tha woriax! fair, chicago. ea and coffee planter, ceylon. lirro n t the largest tea, coffee, and provision dealer i"
coffee,1890,1,876,177,5.1109,True,"no higher price. lipto, tea and coffee planter, ceylon. the largest tea, coffee, and provision dealer in the world. sole proprietor a the following celebrated tea and coffee rstates in cey..."
coffee,1890,1,876,178,5.1164,True,"lipton lipton lipton lipton lipton tea and coffee planter, ceylon. the largest tea, coffee, and provision dealer in the world. si)le proprietor of the following celebrated tea and coffee estates in c..."
coffee,1890,1,876,180,5.1219,True,"lipton lipton lipton lipton tea and coffee planter, ceylon. 9 the largest tea, coffee, and provision dealer in the world. sole proprietor of the following celebrated tea and coffee estates in ..."
coffee,1890,1,876,181,5.1286,True,"lipton, tea and coffee planter, ceylon, the largest tea, coffee, and provision dealer in the world. tea and coffee estates ja-ceylan. lambatenne, laymastotte, monerakande, ..."
coffee,1890,1,876,182,5.1296,True,"lipton, tea and coffee planter, ceylon. the largest tea, coffee, and provision dealer in the world. tea and coffee shippng wareh,uses: maddema mills, cinnamon gardens. colo..."
coffee,1890,1,876,184,5.1417,True,"the finest tea the world can produce per • 1/7 lb. no higher price. no higher price. tea and coffee planter, ceylon: lipton, the largest tea, coffee, and provision dealer in the world. sole proprietor"
coffee,1890,1,876,185,5.1452,True,"lipton, tea and coffee planter, c eylon, the largest tea, coffee, and provision dealer in the world. vole proprietor of the following tea and coffee estates in ceylon, eamb..."
coffee,1890,1,876,188,5.151,True,"lipton, tea and coffee planter, ceylon, the largest tea, coffee, and provision dealer in tiie world. sole proprietor of the following tea and coffee estates in ceylon, donb..."
coffee,1890,1,876,189,5.1562,True,lipton lipton lipton _tvs and largestcoffee t ie: ap lcaonftfeei ceylon. an dp 9 the dealer in tiie world. sole proprietor of the following celebrated tea and coffee estates in ceylon: dambaten...
coffee,1890,1,876,190,5.1763,True,"enormous demand. lipton's teas gained the hi6uet & only award ii th,brjtji seetio 01 tha woriax! fair, chicago. ea and coffee planter, ceylon. lirro n t the largest tea, coffee, and provision dealer i"
coffee,1890,1,876,191,5.1777,True,"lipton, tea and coffee planter, c eylon, the largest tea, coffee, and provision dealer in the world. vole proprietor of the following tea and coffee estates in ceylon, eamb..."
coffee,1890,1,876,192,5.1782,True,"lipton lipton tea and coffee planter, ceylon. lipton, the largest tea, coffee, and provision dealer in the world. t3.-2e proprietor of the following celebrated tea and coffee est..."
coffee,1890,1,876,193,5.1784,True,"lipton, tea aim coffee planter, ceylon. the largest tea, coffee, and provision dealer tn the world. sole proprietor of the following eetebrated tea and coffee meat. in ceyl..."
coffee,1890,1,876,195,5.1847,True,"'r _tehae rd andtea, c) coffee 3 planter,(ffei andceylo lip t 0 n9provision dealer in the world. 3, sole proprietor of the following celebrated tea and coffee estates in ceylon: da..."
coffee,1890,1,876,196,5.1893,True,"enormous demand. the finest tea the world can produce per 1/7 1.13. no higher price. no higher price. ti4:a and coffee planter, ceylon. lipton, the largest tea, coffee, and provision dealer in the wor"
coffee,1890,1,876,198,5.1919,True,"...he prices. rich, pure, and fragrant, _ and 1/4- per lb. the finest tea the world can produce. /per ii ll 3. no higher price. no higher price. tea and coffee planter,"
coffee,1890,1,876,199,5.1929,True,"lipton lipton tea and coffee planter, ceylon. là ipton, the largest tea, coffee, and provision dealer in the world. • bole proprietor of the following celebrated tea and coffee e..."
coffee,1890,1,876,200,5.1975,True,"lipton, tea and coffee planter, ceylon, the largest tea, coffee, and provision dealer in the world. sole proprietor of the following tea and cope estcltes in ceylon, danone..."
coffee,1890,1,876,201,5.2031,True,"the finest tea the world can produce per • 1/7 lb. no higher price. no higher price. tea and coffee planter, ceylon: lipton, the largest tea, coffee, and provision dealer in the world. sole proprietor"
coffee,1890,1,876,203,5.2039,True,"lipton's delicious teas. sunny ceylon. visitors to tbis beattiful island are cordially invited to call and see over lipton's tea and coffee warehouses, madeins mills, cinnamon gardens. colombo. those "
coffee,1890,1,876,204,5.2056,True,lipton lipton lipton _tvs and largestcoffee t ie: ap lcaonftfeei ceylon. an dp 9 the dealer in tiie world. sole proprietor of the following celebrated tea and coffee estates in ceylon: dambaten...
coffee,1890,1,876,205,5.2073,True,"lipton lipton lipton lipton lipton lipton lipto, tea and coffee planter, ceylon. 11 9 the largest tea, coffee, and provision dealer in the world. sole proprietor of the following celebrated tea and co"
coffee,1890,1,876,206,5.2082,True,"lipton, tea and coffee planter, ceylon, the largest tea, coffee, and provision dealer in tiie world. sole proprietor of the following tea and coffee estates in ceylon, donb..."
coffee,1890,1,876,210,5.2174,True,"piioduce. no higher 1/i'rqb.-y lb. no higher price. price. lipton tea and coffee planter, ceylon. 1 the largest tea, coffee, ani) provision dealer in 'the world. sole proprietor of the following celeb"
coffee,1890,1,876,211,5.2212,True,"the finest the world can produce per 1/7 ls. no mew om urrow, tea and coffee planter, ceylon. oiglon tea and coffee shipping wm./mums: madder. ms* clinnamon goidena colombo. oeplem calms uppm weed, co"
coffee,1890,1,876,214,5.2276,True,"no higher price lipton, tea and coffee planter, ceylon. the largest tea, coffee, and provision dealer im nix world. sole proprietor of the following oelebrated tea and coil& estates in cey..."
coffee,1890,1,876,215,5.2291,True,"lipton lipton tea and coffee planter, ceylon. lipton, the largest tea, coffee, and provision dealer in the world. t3.-2e proprietor of the following celebrated tea and coffee est..."
coffee,1890,1,876,219,5.2419,True,"lipton lipton lipton lipton lipton lipton tea and coffee planter, ceylon. lipton, the largest tea, coffee, and provision dealer in the world. sole proprietor of the following celebrated tea and coffee"
coffee,1890,1,876,221,5.2474,True,"lipton, tea and coffee planter, ceylon, the largest tea, coffee, and provision dealer in the world. sole froprutor of the following tca and coffee zama in ceylon, dombotenn..."
coffee,1890,1,876,222,5.2521,True,"lipton's delicious teas. sunny ceylon. visitors to this beautiful island are cordially invited to call and see over lipton's tea and coffee warehouses, madero& mills, cinnamon gardens, colombo. those "
coffee,1890,1,876,223,5.2522,True,"'r _tehae rd andtea, c) coffee 3 planter,(ffei andceylo lip t 0 n9provision dealer in the world. 3, sole proprietor of the following celebrated tea and coffee estates in ceylon: da..."
coffee,1890,1,876,224,5.2543,True,"lipton, the largest tea, coffee, & provision dealer in the world. tea and coffee shipping warehouses maddema mills. cinnamon gardens, colombo. ceylon offtee upper chatham street, co..."
coffee,1890,1,876,225,5.2598,True,"lipton, the largest tea, coffee, & provision dealer in the world, tea and coffee shipping warehouses: maddema mills, cinnamon gardens, colombo, ceylon office: upper chatham street, ..."
coffee,1890,1,876,226,5.2623,True,"enormous demand. pee 17 lb. no higher price. lipton, tea and coffee planter, ceylon. the largest tea, coffee, and provision dealer is me world. bole proprietor of the folloaing celebrated tea and coff"
coffee,1890,1,876,227,5.2632,True,"lipton, tea and coffee planter:ceylon. the largest tea, coffee, and pktovision dealer in the world. tea and coffee shipp ng wareh gases: maddema mills, eiiinamon garden% co..."
coffee,1890,1,876,228,5.2646,True,"lipton lipton lipton tea and coffee planter, ceylon. lipton, the largest tea, coffee, and provision dealer in the world. sole proprietor of the following celebrated tea and coffee estat..."
coffee,1890,1,876,229,5.2664,True,"lipton lipton tea and coffee planter, ceylon. lipton, the largest tea, coffee, and provision dealer in the world. t3.-2e proprietor of the following celebrated tea and coffee est..."
coffee,1890,1,876,230,5.273,True,"lipton's delicious oriental blends. finest coffee and chicory, 101), 18, and 1% 2d per lb. p lire coffee!! richest and best. is 6n per lb. no monza pav:e. lipton, tea and coffee planter., ceylon. tea..."
coffee,1890,1,876,232,5.2764,True,"now open luncheon sausages. upton, tea and coffee planter, ceylon the largest tea, coffee, and provision dealer in the world sole proprietor of the following tea and coffee eetates in ceylon, dambate..."
coffee,1890,1,876,234,5.2808,True,"'r _tehae rd andtea, c) coffee 3 planter,(ffei andceylo lip t 0 n9provision dealer in the world. 3, sole proprietor of the following celebrated tea and coffee estates in ceylon: da..."
coffee,1890,1,876,235,5.2814,True,"lipton's delicious teas. sunny ceylon. visitors to this beautiful island are cordially invited to call and see over lipton's tea and coffee warehouses, madero& mills, cinnamon gardens, colombo. those "
coffee,1890,1,876,236,5.2828,True,"lipton lipton lipton tea and coffee planter, ceylon. lipton, the largest tea, coffee, and provision dealer in the world. sole proprietor of the following celebrated tea and coffee estat..."
coffee,1890,1,876,237,5.2836,True,"the finest tea the _world can produce per 1/7 lb. no higher price. no higher price. tea and coffee planter, ceylon. lipton, the largest tea, coffee, and provision dealer in the world. sole proprictur "
coffee,1890,1,876,238,5.2839,True,"lipton lipton lipton lipton lipton lipton lipto, tea and coffee planter, ceylon. 11 9 the largest tea, coffee, and provision dealer in the world. sole proprietor of the following celebrated tea and co"
coffee,1890,1,876,239,5.2857,True,"the finest the world can produce per 1/7 ls. no mew om urrow, tea and coffee planter, ceylon. oiglon tea and coffee shipping wm./mums: madder. ms* clinnamon goidena colombo. oeplem calms uppm weed, co"
coffee,1890,1,876,243,5.3014,True,"lipton, tel and coffee planter, ceylon. the larciest tea, coffee, and provision dealer in the world. tea aud coffee'shlip nag wareu.:uses: maddema mills, cinnamon gardens, ..."
coffee,1890,1,876,245,5.3109,True,"lipton lipton lipton lipton lipton lipton lipto, tea and coffee planter, ceylon. 11 9 the largest tea, coffee, and provision dealer in the world. sole proprietor of the following celebrated tea and co"
coffee,1890,1,876,246,5.3131,True,"lipton, tel and coffee planter, ceylon. the larciest tea, coffee, and provision dealer in the world. tea aud coffee'shlip nag wareu.:uses: maddema mills, cinnamon gardens, ..."
coffee,1890,1,876,247,5.3163,True,"enormous demand. pee 17 lb. no higher price. lipton, tea and coffee planter, ceylon. the largest tea, coffee, and provision dealer is me world. bole proprietor of the folloaing celebrated tea and coff"
coffee,1890,1,876,249,5.3301,True,"lipton lipton lipton lipton lipton lipton lipton lipton tea and coffee planter. ceylon. the largest tea, coffee, and provision deal. 'n the world. sole proprietor cf the following celebrated tea and c"
coffee,1890,1,876,250,5.3322,True,"me largest tea, coffee, & provision dealer in the world. ,gole proprietor of the following celebrated tea and coffee estates in ceylon, dambatenne, laymastotte, monershande..."
coffee,1890,1,876,251,5.3377,True,"enormous demand. lipton's teas gained the hi6uet & only award ii th,brjtji seetio 01 tha woriax! fair, chicago. ea and coffee planter, ceylon. lirro n t the largest tea, coffee, and provision dealer i"
coffee,1890,1,876,254,5.3508,True,"no higher price. lipton, ,lea andao coffee a planter.coff ee, and provision dealer in the world. bole proprietor of the following celebrated tea and coffee estates in ceylon dambatenne, laymas..."
coffee,1890,1,876,256,5.3571,True,"1 j .'"".....,,,- ceylon tea & coffee shipping warehouses, maddema mills, cinnamon gardens, colombo. ceylon offices, upper chatham street, colombo. indian tea shipping warehouses & export..."
coffee,1890,1,876,257,5.3647,True,"upton lipton lipton lipton tea and coffee planter, ceylon. 9 the largest tea, coffee, and provision dealer in the world. sole proprietor of the following celebrated tea and coffee estates in ..."
coffee,1890,1,876,258,5.3756,True,"lipton, tra and coffee planter, ceylon. the largest tea, coffee, and provision dealer in the world. mete p-ninictor of the following celebrated tea and coffee iktv,.4 in ce..."
coffee,1890,1,876,261,5.3811,True,"enormous demand. pee 17 lb. no higher price. lipton, tea and coffee planter, ceylon. the largest tea, coffee, and provision dealer is me world. bole proprietor of the folloaing celebrated tea and coff"
coffee,1890,1,876,262,5.3816,True,"enormous demand. the finest tea the world can produce per 1/7 1.13. no higher price. no higher price. ti4:a and coffee planter, ceylon. lipton, the largest tea, coffee, and provision dealer in the wor"
coffee,1890,1,876,263,5.3827,True,"enormous demand. tea the world can produce per vt lb. no higher price. tea and coffee planter, ceylon. liptoin, the largest tea, coffee, and provision dealer in the world. sole proprietor of the follo"
coffee,1890,1,876,266,5.3988,True,"lipton lipton a and coffee planter, ceylon. a ~. the largest tea, coffee, and provision dealtit.‘ .1e world. sole proprietor of the following celebrated tea an& coffee estates ..."
coffee,1890,1,876,267,5.405,True,"lipton, tea and coffee planter, ceylon. the largest tea, coffee, and provision dealer in the world. tea and coffee shming warehouses: max-drarie mills, cinnradon gardens, c..."
coffee,1890,1,876,269,5.408,True,"no higher price. lipton, tea and coffee planter, ceylon. the largest tea, coffee, and provision dealer in the world. ad. proprietor of the following celebrated ten and coffee itesies in cey..."
coffee,1890,1,876,270,5.4133,True,"upton lipton lipton lipton tea and coffee planter, ceylon. 9 the largest tea, coffee, and provision dealer in the world. sole proprietor of the following celebrated tea and coffee estates in ..."
coffee,1890,1,876,271,5.4192,True,"lipton lii""fon lipton lipton lipton lipton lipton lipton tea and coffee planter, ceylon. the largest tea, coffee, and provision dealer in the world: bole proprietor of the fallowing celebrated tea and"
coffee,1890,1,876,272,5.4211,True,"enormous demand. lipton's teas gained the hi6uet & only award ii th,brjtji seetio 01 tha woriax! fair, chicago. ea and coffee planter, ceylon. lirro n t the largest tea, coffee, and provision dealer i"
coffee,1890,1,876,274,5.4253,True,"lipton, tea and coffee planter, ceylon. the largest tea, come. and provision dealer in the world. tea sad coffee 913 pp ng ware. 'ages: maddema mills, cinnamon garden colom..."
coffee,1890,1,876,275,5.4265,True,"lipton, tea and coffee planter, ceylon, the largest tea, coffee, and provision dealer in the world. sole proprietor of the following tea and coffee estates in ceylon, damba..."
coffee,1890,1,876,276,5.4271,True,"lipton lipton lipton lipton lipton lipton lipton lipton tea and coffee planter. ceylon. the largest tea, coffee, and provision deal. 'n the world. sole proprietor cf the following celebrated tea and c"
coffee,1890,1,876,277,5.4277,True,"lipton lii""fon lipton lipton lipton lipton lipton lipton tea and coffee planter, ceylon. the largest tea, coffee, and provision dealer in the world: bole proprietor of the fallowing celebrated tea and"
coffee,1890,1,876,278,5.4292,True,"lipton's delicious oriental blends. finest coffee and chicory, 10d, is, amp 15 id per lb. pure coffee!! richest and best. is 6o per lb. no higher pori. lipton, tea and coffee planter, celyon. tea and..."
coffee,1890,1,876,279,5.4381,True,"lipton. the i.a.rgest tea and provision dealer in the world. tea and coffee shipping wareh.ouse.% madderua mills, cinnamon gardens, colombo. ceylon of/ice: upper chatham street, colombo. tea and coffe"
coffee,1890,1,876,281,5.4445,True,"l i p t_o n tea and coffee planter, ceylon. tea and coffee shipping warehouses: maddema mills, cinnamon gardens, coi,omfio. ceylon office: upper chatiiam-street, colombo 'tea a..."
coffee,1890,1,876,282,5.4476,True,"lipton, tea and coffee planter, ceylon, the largest tea, coffee, and provision dealer in the world. sole proprietor of the following tea and coffee estates in ceylon, damba..."
coffee,1890,1,876,283,5.4482,True,"home hints. lipton, tea and coffee planter, ceylon, the largest tea, coffee, and provision dealer in the world. sole proprietor of the following tea and coffee estates in ceylon, dainb..."
coffee,1890,1,876,284,5.4518,True,"lipton lipton a and coffee planter, ceylon. a ~. the largest tea, coffee, and provision dealtit.‘ .1e world. sole proprietor of the following celebrated tea an& coffee estates ..."
coffee,1890,1,876,286,5.4531,True,"lipton lipton lipton lipton lipton lipton tea and coffee planter, ceylon. lipton, the largest tea, coffee, and provision dealer in the world. sole proprietor of the following celebrated tea and coffee"
coffee,1890,1,876,287,5.4561,True,"lipton lipton lipton lipton lipton lipton tea and coffee planter, ceylon. lipton, the largest tea, coffee, and provision dealer in the world. sole proprietor of the following celebrated tea and coffee"
coffee,1890,1,876,288,5.4566,True,"no higher price. lipton, tea and coffee planter, ceylon. the largest tea, coffee, and provision dealer in tuz world. hole proprietor of the following celebrated tea and coffee &wes in ceylo..."
coffee,1890,1,876,292,5.4655,True,"enormous demand. tea the world can produce per vt lb. no higher price. tea and coffee planter, ceylon. liptoin, the largest tea, coffee, and provision dealer in the world. sole proprietor of the follo"
coffee,1890,1,876,293,5.467,True,"no higher price. tea and coffee planter, ceylon. lipton, the largest tea, coffee, and provision dealer in the world. bole proprietor of the following celebrated tea and coffee estat..."
coffee,1890,1,876,294,5.4688,True,"lipton lipton tea and coffee planter, ceylon. là ipton, the largest tea, coffee, and provision dealer in the world. • bole proprietor of the following celebrated tea and coffee e..."
coffee,1890,1,876,296,5.4769,True,"no higher price. tea and coffee planter, ceylon. lipton, the largest tea, coffee, and provision dealer in the world. bole proprietor of the following celebrated tea and coffee estat..."
coffee,1890,1,876,297,5.478,True,"no higher price. lipto, tea and coffee planter, ceylon. the largest tea, coffee, and provision dealer in the world. sole proprietor a the following celebrated tea and coffee rstates in cey..."
coffee,1890,1,876,300,5.4837,True,"lipton, tea and coffee planter, ceylon. the largest tea, coffee, and provision dealer in the world. tea and coffee shming warehouses: max-drarie mills, cinnradon gardens, c..."
coffee,1890,1,876,301,5.4931,True,"enormous demand. pee 17 lb. no higher price. lipton, tea and coffee planter, ceylon. the largest tea, coffee, and provision dealer is me world. bole proprietor of the folloaing celebrated tea and coff"
coffee,1890,1,876,302,5.4944,True,"lipton lipton lipton lipton tea and coffee planter, ceylon. 9 the largest tea, coffee, and provision dealer in the world. sole proprietor of the following celebrated tea and coffee estates in ..."
coffee,1890,1,876,303,5.4946,True,"note the prices. rich, pure, and fragrant. 1/- and 1/4 per lb. unparalleled success. enormous demand. per 1/7 lb. no higher price. lipton, tm and coffee planter, ceylon. the largest tea, coffee, and p"
coffee,1890,1,876,304,5.496,True,"lipton lipton lipton lipton lipton lipton lipton lipton tea and coffee planter. ceylon. the largest tea, coffee, and provision deal. 'n the world. sole proprietor cf the following celebrated tea and c"
coffee,1890,1,876,306,5.503,True,"lipton lipton lipton lipton lipton tea and coffee planter, ceylon. lipton, tfie largest tea, coffee, and provision dealer in the world. s3le proprictrx of the followin"". celebrated t.% and coffee est..."
coffee,1890,1,876,308,5.5043,True,"lipton, tea and coffee planter, ceylon. the largest tea, come. and provision dealer in the world. tea sad coffee 913 pp ng ware. 'ages: maddema mills, cinnamon garden colom..."
coffee,1890,1,876,310,5.5176,True,"lipton lipton lipton lipton lipton lipton tea and coffee planter, ceylon. lipton,, the largest tea, coffee, and provision dealer in the world. • sole proprietor of the following celebrated tea and cof"
coffee,1890,1,876,311,5.5194,True,"lipton's delicious teas. sunny ceylon. visitors to tbis beattiful island are cordially invited to call and see over lipton's tea and coffee warehouses, madeins mills, cinnamon gardens. colombo. those "
coffee,1890,1,876,315,5.5422,True,"ii 6o per lb. no hum= pimp. lipton, tea and coffee planter, ceylon. tea and coffee shipp.ng warehouses: maddema mills, cinnamon gardens, ceylon office: upper crateiam-street, colohnia calc.utts: 5, ly"
coffee,1890,1,876,316,5.544,True,"lipton, the largest tea, coffee, & provision dealer in the world. tea and coffee shipping warehouses: maddema mills. cinnamon gardens, colombo. ceylon of/ice: upper chatham street, ..."
coffee,1890,1,876,320,5.5519,True,"enormous demand. tea the world can produce per vt lb. no higher price. tea and coffee planter, ceylon. liptoin, the largest tea, coffee, and provision dealer in the world. sole proprietor of the follo"
coffee,1890,1,876,322,5.5556,True,"lipton lii""fon lipton lipton lipton lipton lipton lipton tea and coffee planter, ceylon. the largest tea, coffee, and provision dealer in the world: bole proprietor of the fallowing celebrated tea and"
coffee,1890,1,876,323,5.5591,True,"lipton, tea and coffee planter:ceylon. the largest tea, coffee, and pktovision dealer in the world. tea and coffee shipp ng wareh gases: maddema mills, eiiinamon garden% co..."
coffee,1890,1,876,324,5.5618,True,"ipton, tea and coffee pla.nter, ceylon. the largest tea, coffee, and provision dealer in the coylos tea and cages ripping warehouses madams. cinnamon gardens, colombo. cey..."
coffee,1890,1,876,326,5.5629,True,"no higher price. lipton, ,lea andao coffee a planter.coff ee, and provision dealer in the world. bole proprietor of the following celebrated tea and coffee estates in ceylon dambatenne, laymas..."
coffee,1890,1,876,327,5.5639,True,"lipton lipton tea and coffee planter, ceylon. lipton, the largest tea, coffee, and provision dealer in the world. bole pmprietor of the following celebrated tea and coffee estate..."
coffee,1890,1,876,328,5.5677,True,"ceylon. ril ilk 1\441% ceylon tea & coffee shipping warehouses, maddema mills, cinnamon gardens, colombo. ceylon offices, upper chatham street, colombo. indian tea shipping warehouses & export..."
coffee,1890,1,876,329,5.5706,True,"lipton, tea and coffee planter, ceylon, the largest tea, coffee, and provision dealer in tiie world. sole proprietor of the following tea and coffee estates in ceylon, donb..."
coffee,1890,1,876,330,5.5722,True,"1 j .'"".....,,,- ceylon tea & coffee shipping warehouses, maddema mills, cinnamon gardens, colombo. ceylon offices, upper chatham street, colombo. indian tea shipping warehouses & export..."
coffee,1890,1,876,332,5.5743,True,"lipton, tea and coffee planter, ceylon, the largest tea, coffer, and provision dealer in the world.. tea & coffee shipping warehouses •. maddema mills, cinnamon gardens, co..."
coffee,1890,1,876,334,5.581,True,"lipton, tea and coffee planter, ceylon. tete laroebt tea coffee, and provision deal ler n the world. tea and coffee shipping warehouses: maddeasa mills, cinnamon gardens, c..."
coffee,1890,1,876,335,5.5891,True,"no higher price. lipton, ,lea andao coffee a planter.coff ee, and provision dealer in the world. bole proprietor of the following celebrated tea and coffee estates in ceylon dambatenne, laymas..."
coffee,1890,1,876,338,5.5956,True,"lipton, tea and coffee planter, ceylon. the largest tea, coffee, and provision dealer is tits world. moie prillit 101. nf the followitc.: celebrated teei and coffee agates ..."
coffee,1890,1,876,339,5.6011,True,"ii 6o per lb. no hum= pimp. lipton, tea and coffee planter, ceylon. tea and coffee shipp.ng warehouses: maddema mills, cinnamon gardens, ceylon office: upper crateiam-street, colohnia calc.utts: 5, ly"
coffee,1890,1,876,340,5.6026,True,"no higher price. lipto, tea and coffee planter, ceylon. the largest tea, coffee, and provision dealer in the world. sole proprietor a the following celebrated tea and coffee rstates in cey..."
coffee,1890,1,876,341,5.6043,True,"• tea, coffee, and cocoa planter, ceylon. jipton_ the largest tea, 9 coffee, & provision dealer in the world. ceylon tea and coffee shipping i india tea shipping w..."
coffee,1890,1,876,343,5.6069,True,"lipton, tea and coffee planter, ceylon, ceylon tea and coffee shipping warelicuses... indian tea shipping warehouses and export stores ceylon office ••• ••• ••• indian offi..."
coffee,1890,1,876,344,5.6097,True,"no higher price. lipton, tea and (wee planter, ceylon. the largest tea, coffee, and pilovlsion dealer in trio world. bole proprietor of the following celebrated tea and coffee e.stoles in crcylnn :—da"
coffee,1890,1,876,345,5.6173,True,"lipton, tea and coffee planter, ceylon. the largest tea, coffee, and provision dealer in the world. 'sea and coffee shipp ng warehouses: maddema mills, cinnamon gardens, co..."
coffee,1890,1,876,346,5.6206,True,"l i p t_o n tea and coffee planter, ceylon. tea and coffee shipping warehouses: maddema mills, cinnamon gardens, coi,omfio. ceylon office: upper chatiiam-street, colombo 'tea a..."
coffee,1890,1,876,348,5.6261,True,"lipton. sole proprietor of several of the most famous tea and coffee estates in ceylon, including the celebrated estates of dambatenne, laymastotte. monerakande, makadambatenne, mousaakelle, poopraesi"
coffee,1890,1,876,349,5.6271,True,"lipton, tea and coffee planter, ceylon. the largest tea. coffee, and provision dealer in tkii world. sok proprietor of the follow's celebrated tee aod dem eases in ceylon :..."
coffee,1890,1,876,350,5.6307,True,"lipton lipton lipton lipton tea and coffee planter, ceylon. lipt on, the largest tea, coffee, and provision dealer in the world. sole proprietor of the following celebrated tea and coffee esta..."
coffee,1890,1,876,351,5.6312,True,"success. lipton's teas gained the highest & only award in the britigh section of the world's fair, chicago. lip'pon, tea am) coffee planter, ceylon. the largest tta, coffee, and provision dealer in th"
coffee,1890,1,876,352,5.6346,True,"...o. note the prices. rich, pure, and fragrant. 11- and 1/4 per lb. unparalleled success. enormous demand. per 1/7 lb. no higher price. lipton, tea and coffee planter, ceylon."
coffee,1890,1,876,353,5.6359,True,"lipton lipton lipton lipton lipton tea and coffee planter, ceylon. the largest tea, coffee, and provision dealer in the world. si)le proprietor of the following celebrated tea and coffee estates in c..."
coffee,1890,1,876,354,5.6398,True,"lipton, tra and coffee planter, ceylon. the largest tea, coffee, and provision dealer in the world. mete p-ninictor of the following celebrated tea and coffee iktv,.4 in ce..."
coffee,1890,1,876,355,5.6424,True,"lipton, ceylon. branches in all principal towns of the kingdom. sole proprietor of the following celebrated tea and coffee estates in ceylon :—dambatenne, laymastotte,monerakande,mahadambatenne, mousa"
coffee,1890,1,876,356,5.65,True,"success. lipton's teas gained the highest & only award in the britigh section of the world's fair, chicago. lip'pon, tea am) coffee planter, ceylon. the largest tta, coffee, and provision dealer in th"
coffee,1890,1,876,357,5.6513,True,"lipton, tea and coffee planter, ceylon. the lar3est tea, coffee, and provision dealer in vie world. tea and coffee shipp ng waroh.alse3: maddema mills, cinnamon gardens, co..."
coffee,1890,1,876,358,5.6546,True,"lipton, the largest tba, coffee, & provision dealer in the world. tea and coffee shipping warehouses: maddema mills. cinnamon gardens, colombo. ceylon office upper chatham street, c..."
coffee,1890,1,876,361,5.6678,True,"lipton, tea and coffee planter, ceylon, the largest tea, coffee, and provision dealer in the world. sole proprietor of the following tea and coffee estates in ceylon, dantb..."
coffee,1890,1,876,363,5.6701,True,"lipton, tea aim coffee planter, ceylon. the largest tea, coffee, and provision dealer tn the world. sole proprietor of the following eetebrated tea and coffee meat. in ceyl..."
coffee,1890,1,876,364,5.6702,True,"lipton, tea and coffee planter, ceylon. the largest tea, coffee, and provision dealer in the world. tea and coffee shming warehouses: max-drarie mills, cinnradon gardens, c..."
coffee,1890,1,876,368,5.683,True,"lipton, tra and coffee planter, ceylon. the largest tea, coffee, and provision dealer in the world. mete p-ninictor of the following celebrated tea and coffee iktv,.4 in ce..."
coffee,1890,1,876,369,5.6873,True,"tea coffee, and cocoa planter, ceylon. j11)ton the largest tea, 9 coffee, dc provision dealer in the world. cuylos tea and coffee shipping i india tea shipping ..."
coffee,1890,1,876,370,5.6879,True,"the finest tea the _world can produce per 1/7 lb. no higher price. no higher price. tea and coffee planter, ceylon. lipton, the largest tea, coffee, and provision dealer in the world. sole proprictur "
coffee,1890,1,876,371,5.6889,True,"lipton lipton lipton lipton lipton lipton lipto, tea and coffee planter, ceylon. 11 9 the largest tea, coffee, and provision dealer in the world. sole proprietor of the following celebrated tea and co"
coffee,1890,1,876,372,5.6927,True,"lipton lipton lipton lipton lipton lipton tea and coffee planter, ceylon. lipton,, the largest tea, coffee, and provision dealer in the world. • sole proprietor of the following celebrated tea and cof"
coffee,1890,1,876,374,5.7031,True,"lipton. the i.a.rgest tea and provision dealer in the world. tea and coffee shipping wareh.ouse.% madderua mills, cinnamon gardens, colombo. ceylon of/ice: upper chatham street, colombo. tea and coffe"
coffee,1890,1,876,375,5.7035,True,"lipton, tea and coffee planter, ceylon. the largest tea, copper, and provision dmalp.r in the world. tea and coffee shipp ng warehouses: maddema mills. cinnamon gaiadicn9, ..."
coffee,1890,1,876,376,5.7062,True,"enormous un paralleled success. the finest tea the world can produce per 1/7 lb. no higher price. no higher price. tea and coffee planter, ceylon. lipton, the largest tea, coffee, and provision dealer"
coffee,1890,1,876,377,5.7096,True,"..., cinnamon- gardens, colombo. ceylon otfloe:— upper chatham street, colombo. indian °moe and shipping warehouses:: 5, lyon's range, calcutta. lea and coffee sale room:— mincing lank, londo"
coffee,1890,1,876,378,5.7177,True,"lipton, tea and coffee planter, ceylon. the largest tea, coffee, and provision dealer in the world. bole proprietor of the following celebrated tea and coffee estatea in co..."
coffee,1890,1,876,380,5.7216,True,"no higher price. lipton, tea and coffee planter, ceylon. the largest tea, coffee, and provision dealer in tuz world. hole proprietor of the following celebrated tea and coffee &wes in ceylo..."
coffee,1890,1,876,383,5.7258,True,"lipton, the largest tea, coffee, and prawision dealer in the world. wholesale and export provaion storer: london, ulasuow. liverpool, dtblin, erb ifelfas p. tea and coffee shipp ng ..."
coffee,1890,1,876,384,5.7263,True,"lipton, tea and coffee planter, ceylon, the largest tea, coffee, & provision dealer in the world. bois proprietor of the following celebrated tea and coffee estates in ceyl..."
coffee,1890,1,876,386,5.7278,True,"lipton's delicious oriental blends. finest coffee and chicory, 10d, is, amp 15 id per lb. pure coffee!! richest and best. is 6o per lb. no higher pori. lipton, tea and coffee planter, celyon. tea and..."
coffee,1890,1,876,387,5.7295,True,"lipton lipton lipton lipton lipton lipton tea and coffee planter, ceylon. lipton,, the largest tea, coffee, and provision dealer in the world. • sole proprietor of the following celebrated tea and cof"
coffee,1890,1,876,388,5.7355,True,"success. demand. the finest tea the world can produce per 1/7 lb. no higher price. no higher price. tea and coffee planter, ceylon. lipton, the largest tea, coffee, and provision dealer in the world. "
coffee,1890,1,876,389,5.741,True,"lipton lipton lipton lipton lipton tea and coffee planter, ceylon. the largest tea, coffee, and provision dealer in the world. si)le proprietor of the following celebrated tea and coffee estates in c..."
coffee,1890,1,876,391,5.7496,True,"ii 6o per lb. no hum= pimp. lipton, tea and coffee planter, ceylon. tea and coffee shipp.ng warehouses: maddema mills, cinnamon gardens, ceylon office: upper crateiam-street, colohnia calc.utts: 5, ly"
coffee,1890,1,876,392,5.75,True,"dealer in the wohid. tea and coffee shipp ng warehouses: maddema mills, cinnamon garden% colombo. ceyl, n °mee: upper chatham-street, colombo. indian mee and shipping warehouses 5, lyon..."
coffee,1890,1,876,393,5.7516,True,"the finest tea the world can produce per • 1/7 lb. no higher price. no higher price. tea and coffee planter, ceylon: lipton, the largest tea, coffee, and provision dealer in the world. sole proprietor"
coffee,1890,1,876,404,5.7795,True,"lipton, tea and coffee planter, ceylon. the largest tea, come. and provision dealer in the world. tea sad coffee 913 pp ng ware. 'ages: maddema mills, cinnamon garden colom..."
coffee,1890,1,876,405,5.7804,True,"upton lipton lipton lipton tea and coffee planter, ceylon. 9 the largest tea, coffee, and provision dealer in the world. sole proprietor of the following celebrated tea and coffee estates in ..."
coffee,1890,1,876,406,5.7831,True,"no higher price. lipton, tea and coffee planter, ceylon. the largest tea, coffee, and provision dealer in the world. bole proprietor of the following celebrated tea and coffee rotates in ce..."
coffee,1890,1,876,407,5.7874,True,"l i p t_o n tea and coffee planter, ceylon. tea and coffee shipping warehouses: maddema mills, cinnamon gardens, coi,omfio. ceylon office: upper chatiiam-street, colombo 'tea a..."
coffee,1890,1,876,408,5.7993,True,"no higher price. lipton, tea and coffee planter, ceylon. the largest tea, coffee, and provision dealer in the world. ad. proprietor of the following celebrated ten and coffee itesies in cey..."
coffee,1890,1,876,411,5.8036,True,"no higher price. lipton, tea and (wee planter, ceylon. the largest tea, coffee, and pilovlsion dealer in trio world. bole proprietor of the following celebrated tea and coffee e.stoles in crcylnn :—da"
coffee,1890,1,876,412,5.8077,True,"enormous un paralleled success. the finest tea the world can produce per 1/7 lb. no higher price. no higher price. tea and coffee planter, ceylon. lipton, the largest tea, coffee, and provision dealer"
coffee,1890,1,876,413,5.8086,True,"lipton, tea and coffee planter, ceylon. the lar3est tea, coffee, and provision dealer in vie world. tea and coffee shipp ng waroh.alse3: maddema mills, cinnamon gardens, co..."
coffee,1890,1,876,414,5.8122,True,"lipton lipton tea and coffee planter, ceylon. lipton, the largest tea, coffee, and provision dealer in the world. bole pmprietor of the following celebrated tea and coffee estate..."
coffee,1890,1,876,417,5.8171,True,"lipton, tel and coffee planter, ceylon. the larciest tea, coffee, and provision dealer in the world. tea aud coffee'shlip nag wareu.:uses: maddema mills, cinnamon gardens, ..."
coffee,1890,1,876,419,5.8222,True,"lipton, tea and coffee planter, ceylon, the largest tea, coffee, and provision dealer in the world. tea and coffee estates ja-ceylan. lambatenne, laymastotte, monerakande, ..."
coffee,1890,1,876,421,5.8229,True,"enormous demand. per 1/7 lb. no higher price lipton, tea and coffee planter, ceylon. the largest tea, coffee, and provision dealer ni rns world. solo pe%rlotor of the following .lot...tad tee mad coff"
coffee,1890,1,876,423,5.8274,True,"lipton, tea and coffee planter, ceylon, the largest tea, coffee, and provision dealer in the world. sok proprietor of the following teaimil coerce estates in ceylon, datuba..."
coffee,1890,1,876,425,5.8317,True,"lipton, tea and coffee planter, ceylon, ceylon tea and coffee shipping warehouses... indian tea shipping warehouses and export stores indian offices ...maddema mills, cinna..."
coffee,1890,1,876,426,5.834,True,"lipton lii""fon lipton lipton lipton lipton lipton lipton tea and coffee planter, ceylon. the largest tea, coffee, and provision dealer in the world: bole proprietor of the fallowing celebrated tea and"
coffee,1890,1,876,427,5.8349,True,"lipton, tea and coffee planter, ceylon. the largest tea, coffee, and provision dealer in the world. tea and coffee shippng wareh,uses: maddema mills, cinnamon gardens. colo..."
coffee,1890,1,876,429,5.8374,True,"lipton, tea and coffee planter, ceylon, • the largest tea, coffee, and provision dealer in the world. • solc proprietor of the following tea and coffee estates in ceylon, d..."
coffee,1890,1,876,430,5.8413,True,"lipton, tea and coffee planter, ceylon, ceylon tea and coffee shipping warelicuses... indian tea shipping warehouses and export stores ceylon office ••• ••• ••• indian offi..."
coffee,1890,1,876,431,5.8419,True,"piioduce. no higher 1/i'rqb.-y lb. no higher price. price. lipton tea and coffee planter, ceylon. 1 the largest tea, coffee, ani) provision dealer in 'the world. sole proprietor of the following celeb"
coffee,1890,1,876,433,5.8498,True,"lipton, tea and coffee planter, ceylon. the lar3est tea, coffee, and provision dealer in vie world. tea and coffee shipp ng waroh.alse3: maddema mills, cinnamon gardens, co..."
coffee,1890,1,876,435,5.8535,True,"me largest tea, coffee, & provision dealer in the world. ,gole proprietor of the following celebrated tea and coffee estates in ceylon, dambatenne, laymastotte, monershande..."
coffee,1890,1,876,437,5.8627,True,"lipton, the largest tea, coffee, and prawision dealer in the world. wholesale and export provaion storer: london, ulasuow. liverpool, dtblin, erb ifelfas p. tea and coffee shipp ng ..."
coffee,1890,1,876,438,5.8633,True,"success far in excess no. 1. vol.. i. tea & coffee establishment, warren street, fleetwood. a. buchanan, begs to call the attention of histriends,and the public, to his present stock of teas and coffe"
coffee,1890,1,876,439,5.8737,True,"piioduce. no higher 1/i'rqb.-y lb. no higher price. price. lipton tea and coffee planter, ceylon. 1 the largest tea, coffee, ani) provision dealer in 'the world. sole proprietor of the following celeb"
coffee,1890,1,876,440,5.874,True,"lipton, tea and coffee planter:ceylon. the largest tea, coffee, and pktovision dealer in the world. tea and coffee shipp ng wareh gases: maddema mills, eiiinamon garden% co..."
coffee,1890,1,876,441,5.8741,True,"tea and coffee planter, ceylon. the largest tea, coffee, and provision dealer in thi world. sole proprietor of the following celebrated tea and coffee estates in ce..."
coffee,1890,1,876,442,5.8749,True,"no liigher price. tea and coffee planter, ceylon. lipton, the largest tea, coffee, and provision dealer in the world. sule proprietor a the following celebrated tea and coffee estate..."
coffee,1890,1,876,444,5.875,True,"the world can produce per 1/7 lb. no higher price. tea and coffee planter, ceylon. lipton, the largest tea, coffee, and provision dealer in the world. sole proprietor of the following celebrated tea a"
coffee,1890,1,876,446,5.8782,True,"tea and coffee planter, ceylon. the largest tea, coffee, and provision dealer in thi world. sole proprietor of the following celebrated tea and coffee estates in ce..."
coffee,1890,1,876,448,5.8911,True,"lipton, tea and coffee planter, ceylon, the largest tea, coffee, and provision dealer in the world. sole proprietor of the following tea and coffee estates ia ce,y!on, dand..."
coffee,1890,1,876,449,5.897,True,"lipton's delicious oriental blends. finest coffee and chicory, 10d, is, amp 15 id per lb. pure coffee!! richest and best. is 6o per lb. no higher pori. lipton, tea and coffee planter, celyon. tea and..."
coffee,1890,1,876,450,5.8979,True,"cey lon tea and coffee shipping wa rehouseb.—maderoms mills, cin- namon gardens, colombo. ceylon offices—prince street, colombo. wholesal f. tea blending and duty paid stor..."
coffee,1890,1,876,451,5.9022,True,"lipton, the largest tea, coffee, and prawision dealer in the world. wholesale and export provaion storer: london, ulasuow. liverpool, dtblin, erb ifelfas p. tea and coffee shipp ng ..."
coffee,1890,1,876,452,5.9032,True,"enormous demand. the finest tea the world can produce per 1/7 1.13. no higher price. no higher price. ti4:a and coffee planter, ceylon. lipton, the largest tea, coffee, and provision dealer in the wor"
coffee,1890,1,876,453,5.9032,True,";114] old ystablished tea and coffee warehouse. finitst season's teas frosi is. 4d. to 2s. 3d. per lb. t 1 vi 21 11a \v henry math, wiiol&,:za.-11! ""family grocer eigh st:eet, crewe. par..."
coffee,1890,1,876,454,5.9101,True,"lipton's delicious oriental blends. finest coffee and chicory, 101), 18, and 1% 2d per lb. p lire coffee!! richest and best. is 6n per lb. no monza pav:e. lipton, tea and coffee planter., ceylon. tea..."
coffee,1890,1,876,456,5.9273,True,"lipton, tea and coffee planter, ceylon, ceylon tea and coffee shipping warelicuses... indian tea shipping warehouses and export stores ceylon office ••• ••• ••• indian offi..."
coffee,1890,1,876,457,5.9326,True,"enormous demand. per 1/7 lb. no higher price lipton, tea and coffee planter, ceylon. the largest tea, coffee, and provision dealer ni rns world. solo pe%rlotor of the following .lot...tad tee mad coff"
coffee,1890,1,876,459,5.9373,True,"lipton, ta and coffee planter, ceylon. the largest tea, coffee, and provlsion dealer in tim world. sal, puler:lt:or of the following celebrated teo gall coffee odd'. in ce..."
coffee,1890,1,876,460,5.9394,True,"lipton's delicious teas. sunny ceylon. visitors to tbis beattiful island are cordially invited to call and see over lipton's tea and coffee warehouses, madeins mills, cinnamon gardens. colombo. those "
coffee,1890,1,876,461,5.9398,True,"lipton lipton tea and coffee planter, ceylon. lipton, the largest tea, coffee, and provision dealer in the world. t3.-2e proprietor of the following celebrated tea and coffee est..."
coffee,1890,1,876,469,5.958,True,"success. demand. the finest tea the world can produce per 1/7 lb. no higher price. no higher price. tea and coffee planter, ceylon. lipton, the largest tea, coffee, and provision dealer in the world. "
coffee,1890,1,876,470,5.9582,True,"ceylon. ril ilk 1\441% ceylon tea & coffee shipping warehouses, maddema mills, cinnamon gardens, colombo. ceylon offices, upper chatham street, colombo. indian tea shipping warehouses & export..."
coffee,1890,1,876,471,5.9587,True,".‘oz. a ter, • • r lec ,pf p ~:,. ~,,, on sole proprietor of the following celebrated tea and coffee estates in ceylon :--dambatenne, laymastotte, monerakande, mahadambate nne, mousakelle, poo prassie"
coffee,1890,1,876,472,5.9618,True,"note the prices. rich, pure, and fragrant. 1/- and 1/4 per lb. unparalleled success. enormous demand. per 1/7 lb. no higher price. lipton, tm and coffee planter, ceylon. the largest tea, coffee, and p"
coffee,1890,1,876,473,5.965,True,lipton lipton lipton _tvs and largestcoffee t ie: ap lcaonftfeei ceylon. an dp 9 the dealer in tiie world. sole proprietor of the following celebrated tea and coffee estates in ceylon: dambaten...
coffee,1890,1,876,474,5.9666,True,"lipton's delicious oriental blends. finest coffee and chicory, no, is, liu, is 2o per lb, pure coffee!! richest and best. lo so pzr lb. no rion= pill 11. lipton, tea and coffee planter, ceylon. tea a..."
coffee,1890,1,876,476,5.9702,True,"lipton lipton lipton lipton lipton tea and coffee planter, ceylon. lipton, tfie largest tea, coffee, and provision dealer in the world. s3le proprictrx of the followin"". celebrated t.% and coffee est..."
coffee,1890,1,876,478,5.9775,True,"note the prices. rich, pure, and fragrant. 1/- and 1/4 per lb. unparalleled success. enormous demand. per 1/7 lb. no higher price. lipton, tm and coffee planter, ceylon. the largest tea, coffee, and p"
coffee,1890,1,876,480,5.981,True,"only sd. and 9d. per bottle. lipton's essence of coffee and chicory. guaranteed finest ever made. most delicious and fragrant. /71 only d. and 2d. per bottle it is handy at all times, can be be made i"
coffee,1890,1,876,482,5.9845,True,"lipton lipton lipton lipton tea and coffee planter, ceylon. 9 the largest tea, coffee, and provision dealer in the world. sole proprietor of the following celebrated tea and coffee estates in ..."
coffee,1890,1,876,483,5.9864,True,"lipton, tea and coffee planter, ceylon, ceylon tea and coffee shipping warehouses... indian tea shipping warehouses and export stores indian offices ...maddema mills, cinna..."
coffee,1890,1,876,484,5.9871,True,"enormous un paralleled success. the finest tea the world can produce per 1/7 lb. no higher price. no higher price. tea and coffee planter, ceylon. lipton, the largest tea, coffee, and provision dealer"
coffee,1890,1,876,485,5.9935,True,"lipton, tea and coffee planter, ceylon. the largest tea, coffee, and provision dealer in the world. bole proprietor of the following celebrated tea and coffee estatea in co..."
coffee,1890,1,876,486,5.9935,True,"lipton tea and coffee planter, ceylon. lipton, the largest tea, coffee, and provision dealer in the world. sole proprietor of the following celebrated tea and coffee estat..."
coffee,1890,1,876,489,6.0001,True,"lipton, tea and coffee planter. ceylon. the barciebt_tea,..ooi,tee, and provision dbalerin the world. tea and coffee shipp ng warenc,uses: maddenia miias cinnamon iiaruens,..."
coffee,1890,1,876,490,6.0102,True,"lipton, tea and coffee planter, ceylon. the largest tea. coffee, and provision dealer in tkii world. sok proprietor of the follow's celebrated tee aod dem eases in ceylon :..."
coffee,1890,1,876,491,6.0141,True,"ii 6o per lb. no hum= pimp. lipton, tea and coffee planter, ceylon. tea and coffee shipp.ng warehouses: maddema mills, cinnamon gardens, ceylon office: upper crateiam-street, colohnia calc.utts: 5, ly"
coffee,1890,1,876,492,6.0188,True,"lipton lipton lipton tea and coffee planter, ceylon. lipton, the largest tea, coffee, and provision dealer in the world. sole proprietor of the following celebrated tea and coffee estat..."
coffee,1890,1,876,493,6.0273,True,"enormous demand. lipton's teas gained the hi6uet & only award ii th,brjtji seetio 01 tha woriax! fair, chicago. ea and coffee planter, ceylon. lirro n t the largest tea, coffee, and provision dealer i"
coffee,1890,1,876,494,6.0306,True,"...he prices. rich, pure, and fragrant, _ and 1/4- per lb. the finest tea the world can produce. /per ii ll 3. no higher price. no higher price. tea and coffee planter,"
coffee,1890,1,876,495,6.0311,True,"lipton lipton tea and coffee planter, ceylon. lipton, the largest tea, coffee, and provision dealer in the world. bole pmprietor of the following celebrated tea and coffee estate..."
coffee,1890,1,876,496,6.0356,True,"lipton lipton lipton lipton lipton lipton tea and coffee planter, ceylon. lipton, the largest tea, coffee, and provision dealer in the world. sole proprietor of the following celebrated tea and coffee"
coffee,1890,1,876,497,6.0453,True,"lipton, tea and coffee planter, ceylon. tete laroebt tea coffee, and provision deal ler n the world. tea and coffee shipping warehouses: maddeasa mills, cinnamon gardens, c..."
coffee,1890,1,876,498,6.0462,True,"lipton, tea and coffee planter, ceylon. the lar3est tea, coffee, and provision dealer in vie world. tea and coffee shipp ng waroh.alse3: maddema mills, cinnamon gardens, co..."
coffee,1890,1,876,500,6.0507,True,"only sd. and 9d. per bottle. lipton's essence of coffee and chicory. guaranteed finest ever made. most delicious and fragrant. /71 only d. and 2d. per bottle it is handy at all times, can be be made i"
coffee,1890,1,876,501,6.0514,True,"lipton lipton lipton li pto n lipton orders by post may be addressed to the chief lipton offices, bath street, london, e.c. lipton ttea, and coffee planter, ceylon. 9 he largest tea, coffee, and povis"
coffee,1890,1,876,505,6.0629,True,"dealer in the wohid. tea and coffee shipp ng warehouses: maddema mills, cinnamon garden% colombo. ceyl, n °mee: upper chatham-street, colombo. indian mee and shipping warehouses 5, lyon..."
coffee,1890,1,876,506,6.0641,True,"lipton lipton tea and coffee planter, ceylon. lipton, the largest tea, coffee, and provision dealer in the world. bole pmprietor of the following celebrated tea and coffee estate..."
coffee,1890,1,876,507,6.07,True,"lipton's essence of coffee and chicory. guaranteed finest ever made. most delicious, and fragrant. only 4d and 7.11) mtn i2,i)trie. it is handy at all times, can be male in a f..."
coffee,1890,1,876,509,6.0809,True,"lipton, ta and coffee planter, ceylon. the largest tea, coffee, and provlsion dealer in tim world. sal, puler:lt:or of the following celebrated teo gall coffee odd'. in ce..."
coffee,1890,1,876,511,6.0946,True,"lipton, ta and coffee planter, ceylon. the largest tea, coffee, and provlsion dealer in tim world. sal, puler:lt:or of the following celebrated teo gall coffee odd'. in ce..."
coffee,1890,1,876,512,6.0999,True,"only sd. and 9d. per bottle. lipton's essence of coffee and chicory. guaranteed finest ever made. most delicious and fragrant. /71 only d. and 2d. per bottle it is handy at all times, can be be made i"
coffee,1890,1,876,513,6.1044,True,"no higher price. lipton, tea and coffee planter, ceylon. the largest tea, coffee, and provision dealer in the world. ad. proprietor of the following celebrated ten and coffee itesies in cey..."
coffee,1890,1,876,514,6.1116,True,"lipton, tra and coffee planter, ceylon. the largest tea, coffee, and provision dealer in the world. mete p-ninictor of the following celebrated tea and coffee iktv,.4 in ce..."
coffee,1890,1,876,516,6.1149,True,"lipton, tea and coffee planter, ceylon. the largest tea, copper, and provision dmalp.r in the world. tea and coffee shipp ng warehouses: maddema mills. cinnamon gaiadicn9, ..."
coffee,1890,1,876,518,6.1199,True,"a rab i pasha,. ex-minister of war from egypt,. writing from ceylon, says.ahout litton's coffee having visited a number. of your estates, and having bad daily opportunities of tasting the coffee grown"
coffee,1890,1,876,520,6.1233,True,"lipton, tea and coffee planter, ceylon, ceylon tea and coffee shipping warehouses... indian tea shipping warehouses and export stores indian offices ...maddema mills, cinna..."
coffee,1890,1,876,521,6.1306,True,"lipton, the largest tea, coffee, & provision dealer in the world. tea and coffee shipping warehouses: maddema mills. cinnamon gardens, colombo. ceylon of/ice: upper chatham street, ..."
coffee,1890,1,876,522,6.1343,True,"lipton, tea and coffee planter, ceylon. the largest tea. coffee, and provision dealer in tkii world. sok proprietor of the follow's celebrated tee aod dem eases in ceylon :..."
coffee,1890,1,876,523,6.1407,True,"lipton's essence of coffee and chicory. guaranteed finest ever made. most delicious, and fragrant. only 4d and 7.11) mtn i2,i)trie. it is handy at all times, can be male in a f..."
coffee,1890,1,876,525,6.1418,True,"lipton lipton lipton lipton lipton tea and coffee planter, ceylon. lipton, tfie largest tea, coffee, and provision dealer in the world. s3le proprictrx of the followin"". celebrated t.% and coffee est..."
coffee,1890,1,876,526,6.1483,True,"lipton, the largest tea, coffee, and provision dealer in the world. bole proprietor of the followinfeelebrated tea and mae estates in ceylon: dainbatenne, laymastotte. ktonerakande,..."
coffee,1890,1,876,527,6.1519,True,"..., cinnamon- gardens, colombo. ceylon otfloe:— upper chatham street, colombo. indian °moe and shipping warehouses:: 5, lyon's range, calcutta. lea and coffee sale room:— mincing lank, londo"
coffee,1890,1,876,528,6.1561,True,"lipton lipton lipton lipton lipton lipton lipton lipton tea and coffee planter. ceylon. the largest tea, coffee, and provision deal. 'n the world. sole proprietor cf the following celebrated tea and c"
coffee,1890,1,876,529,6.1589,True,"lipton lipton lipton lipton lipton tea and coffee planter, ceylon. lipton, tfie largest tea, coffee, and provision dealer in the world. s3le proprictrx of the followin"". celebrated t.% and coffee est..."
coffee,1890,1,876,532,6.1783,True,"lipton, tea and coffee planter, ceylon, the largest tea, coffee, and provision dealer in the world. sole proprietor of the following tea and cope estcltes in ceylon, danone..."
coffee,1890,1,876,535,6.1849,True,"lipton, tea and coffee planter, ceylon. the largest tea, coffee, and provision dealer in the world. tea and coffee shippng wareh,uses: maddema mills, cinnamon gardens. colo..."
coffee,1890,1,876,536,6.1861,True,"lipton lipton lipton lipton lipton lipton tea and coffee planter, ceylon. lipton,, the largest tea, coffee, and provision dealer in the world. • sole proprietor of the following celebrated tea and cof"
coffee,1890,1,876,537,6.1946,True,"lipton's delicious oriental blends. finest coffee and chicory, 101), 18, and 1% 2d per lb. p lire coffee!! richest and best. is 6n per lb. no monza pav:e. lipton, tea and coffee planter., ceylon. tea..."
coffee,1890,1,876,538,6.1952,True,"lipton, ceylon. branches in all principal towns of the kingdom. sole proprietor of the following celebrated tea and coffee estates in ceylon :—dambatenne, laymastotte,monerakande,mahadambatenne, mousa"
coffee,1890,1,876,539,6.1997,True,"a rab i pasha,. ex-minister of war from egypt,. writing from ceylon, says.ahout litton's coffee having visited a number. of your estates, and having bad daily opportunities of tasting the coffee grown"
coffee,1890,1,876,541,6.2068,True,"...ieß price. 5, 7,10, and 2) its paoked in patent mr-tight can'aters, withrut extra charge. being sole proprietor of several of the most farams tea and coffee estate"
coffee,1890,1,876,542,6.2107,True,"no higher price. tea and coffee planter, ceylon. lipton, the largest tea, coffee, and provision dealer in the world. bole proprietor of the following celebrated tea and coffee estat..."
coffee,1890,1,876,543,6.2166,True,lipton lipton lipton _tvs and largestcoffee t ie: ap lcaonftfeei ceylon. an dp 9 the dealer in tiie world. sole proprietor of the following celebrated tea and coffee estates in ceylon: dambaten...
coffee,1890,1,876,544,6.23,True,"me largest tea, coffee, & provision dealer in the world. ,gole proprietor of the following celebrated tea and coffee estates in ceylon, dambatenne, laymastotte, monershande..."
coffee,1890,1,876,547,6.2348,True,"'r _tehae rd andtea, c) coffee 3 planter,(ffei andceylo lip t 0 n9provision dealer in the world. 3, sole proprietor of the following celebrated tea and coffee estates in ceylon: da..."
coffee,1890,1,876,548,6.2356,True,"lipton, tea and coffee planter, ceylon, the largest tea, coffee, and provision dealer in the world. qom proprietor of the tenoning tea and coffee estates in ceylon, dambate..."
coffee,1890,1,876,550,6.2432,True,"no higher price. lipton, tea and (wee planter, ceylon. the largest tea, coffee, and pilovlsion dealer in trio world. bole proprietor of the following celebrated tea and coffee e.stoles in crcylnn :—da"
coffee,1890,1,876,552,6.2454,True,"lipton lipton tea and coffee planter, ceylon. là ipton, the largest tea, coffee, and provision dealer in the world. • bole proprietor of the following celebrated tea and coffee e..."
coffee,1890,1,876,553,6.2458,True,"a rab i pasha,. ex-minister of war from egypt,. writing from ceylon, says.ahout litton's coffee having visited a number. of your estates, and having bad daily opportunities of tasting the coffee grown"
coffee,1890,1,876,554,6.2503,True,"only sd. and 9d. per bottle. lipton's essence of coffee and chicory. guaranteed finest ever made. most delicious and fragrant. /71 only d. and 2d. per bottle it is handy at all times, can be be made i"
coffee,1890,1,876,556,6.2584,True,lipton lipton lipton _tvs and largestcoffee t ie: ap lcaonftfeei ceylon. an dp 9 the dealer in tiie world. sole proprietor of the following celebrated tea and coffee estates in ceylon: dambaten...
coffee,1890,1,876,557,6.2585,True,"lipton, tea and coffee planter, ceylon, ceylon tea and coffee shipping warelicuses... indian tea shipping warehouses and export stores ceylon office ••• ••• ••• indian offi..."
coffee,1890,1,876,558,6.2616,True,"lipton, tea and coffee planter, ceylon, • the largest tea, coffee, and provision dealer in the world. • solc proprietor of the following tea and coffee estates in ceylon, d..."
coffee,1890,1,876,559,6.2622,True,"lipton, tea and coffee planter, ceylon. the largest tea. coffee, and provision dealer in tkii world. sok proprietor of the follow's celebrated tee aod dem eases in ceylon :..."
coffee,1890,1,876,561,6.2658,True,"lipton's delicious oriental blends. finest coffee and chicory, 10d, is, amp 15 id per lb. pure coffee!! richest and best. is 6o per lb. no higher pori. lipton, tea and coffee planter, celyon. tea and..."
coffee,1890,1,876,562,6.2684,True,"lipton, tea and coffee planter, ceylon. the largest tea, coffee, and provision dealer in the world. 'sea and coffee shipp ng warehouses: maddema mills, cinnamon gardens, co..."
coffee,1890,1,876,563,6.2696,True,"lipton, tra and coffee planter, ceylon. the largest tea, coffee, and provision dealer in the world. mete p-ninictor of the following celebrated tea and coffee iktv,.4 in ce..."
coffee,1890,1,876,564,6.2708,True,"the world can produce. tea and coffee planter, ceylon. the largest tea, coffee, and provision dealer in the world. sole proprietor of the following celebrated tea and coffee estates in ce..."
coffee,1890,1,876,565,6.2769,True,"lipton, tea aim coffee planter, ceylon. the largest tea, coffee, and provision dealer tn the world. sole proprietor of the following eetebrated tea and coffee meat. in ceyl..."
coffee,1890,1,876,566,6.2799,True,"lipton, tea and coffee planter, ceylon, the largest tea, coffer, and provision dealer in the world.. tea & coffee shipping warehouses •. maddema mills, cinnamon gardens, co..."
coffee,1890,1,876,567,6.2826,True,"lipton, tea and coffee planter, ceylon, the largest tea, coffee, and provision dealer in the world. sole proprietor of the following tea and coffee estates ia ce,y!on, dand..."
coffee,1890,1,876,568,6.289,True,"lipton, tea and coffee planter, ceylon. tete laroebt tea coffee, and provision deal ler n the world. tea and coffee shipping warehouses: maddeasa mills, cinnamon gardens, c..."
coffee,1890,1,876,569,6.29,True,"dealer in the wohid. tea and coffee shipp ng warehouses: maddema mills, cinnamon garden% colombo. ceyl, n °mee: upper chatham-street, colombo. indian mee and shipping warehouses 5, lyon..."
coffee,1890,1,876,570,6.2925,True,"umbrellas. !- umbrellas. ice osborn & co., coffee specialists, 10, corroration•road, middlesbro'. telephone, 5,123. i for ready choice coffee we stand unrhalled. we select mei the choiceut growths im..."
coffee,1890,1,876,572,6.3032,True,"lipton, tea and coffee planter, ceylon, ceylon tea and coffee shipping warehouses... indian tea shipping warehouses and export stores ceylon office indian offices west hart..."
coffee,1890,1,876,579,6.3435,True,"lipton lipton lipton lipton lipton lipton lipto, tea and coffee planter, ceylon. 11 9 the largest tea, coffee, and provision dealer in the world. sole proprietor of the following celebrated tea and co"
coffee,1890,1,876,581,6.3509,True,"lipton tea and coffee planter, ceylon. lipton, the largest tea, coffee, and provision dealer in the world. sole proprietor of the following celebrated tea and coffee estat..."
coffee,1890,1,876,582,6.3554,True,"lipton's delicious oriental blends. finest coffee and chicory, 101), 18, and 1% 2d per lb. p lire coffee!! richest and best. is 6n per lb. no monza pav:e. lipton, tea and coffee planter., ceylon. tea..."
coffee,1890,1,876,585,6.3628,True,"lipton, tea and coffee planter, ceylon. the lar3est tea, coffee, and provision dealer in vie world. tea and coffee shipp ng waroh.alse3: maddema mills, cinnamon gardens, co..."
coffee,1890,1,876,586,6.3636,True,"lipton, tea, and coffee planter. ceyion. largest tea, coffee, and provision dealer in the world. tea and coffee shipping ware/iouses maddema, mills, cinnamon gardens, colomb..."
coffee,1890,1,876,587,6.367,True,"enormous demand. the finest tea the world can produce per 1/7 1.13. no higher price. no higher price. ti4:a and coffee planter, ceylon. lipton, the largest tea, coffee, and provision dealer in the wor"
coffee,1890,1,876,588,6.375,True,"lipton, tea and coffee planter, ceylon, ceylon tea and coffee shipping warehouses... indian tea shipping warehouses and export stores ceylon office indian offices west hart..."
coffee,1890,1,876,589,6.3897,True,"lipton lipton lipton lipton tea and coffee planter, ceylon. lipt on, the largest tea, coffee, and provision dealer in the world. sole proprietor of the following celebrated tea and coffee esta..."
coffee,1890,1,876,591,6.3975,True,"lipton's teas. direct from the tea garden to the teapot. no middle3ien's pposits to pay. being bole propriet.r of several of the most fam:ms tea and coffee estates m loyltn, including the eele bested "
coffee,1890,1,876,593,6.4114,True,"best quality at lowest market delivered free in toww ow coiresil w. g. hutchence. tea and coffee merchant, 73, penny street, lancaster. important the most wonderful medicine to ever discovered for all"
coffee,1890,1,876,595,6.4253,True,"3picalgfic.eik.m'''es world's jeitialenft 3pitelm.) 1/- and the finest tea the 411.11111:1 1/4 per lb. world can produce per 1/7 lb. lipton, tea and coffee planter, rila higher price. no higher price."
coffee,1890,1,876,596,6.4254,True,"... delicious teas. lipton's delicious teas. sunny ceylon. visitors to this beautiful island are cordially invited to call and see over lipton's tea and coffee warehouses, madema mills, cinnamon "
coffee,1890,1,876,597,6.4263,True,"lipton, the largest tea, coffee, & provision dealer in the world, tea and coffee shipping warehouses: maddema mills, cinnamon gardens, colombo, ceylon office: upper chatham street, ..."
coffee,1890,1,876,598,6.4404,True,"rroistrbed fob transmission abroad barrow's tea & coffee warehouse, 93, bull street, and barrow's stores, 74, 76 & 78, corporation st., birmingham. broad street, supply tna finest and cheapest teas"
coffee,1890,1,876,600,6.4504,True,"lipton, tea, and coffee planter. ceyion. largest tea, coffee, and provision dealer in the world. tea and coffee shipping ware/iouses maddema, mills, cinnamon gardens, colomb..."
coffee,1890,1,876,601,6.4506,True,"lipton, tea and coffee planter, ceylon, • the largest tea, coffee, and provision dealer in the world. • solc proprietor of the following tea and coffee estates in ceylon, d..."
coffee,1890,1,876,602,6.4518,True,"lipton, the largest tea, coffee, & provision dealer in the world. tea and coffee shipping warehouses: maddema mills. cinnamon gardens, colombo. ceylon of/ice: upper chatham street, ..."
coffee,1890,1,876,603,6.4556,True,"lipton, tea and coffee planter. ceylon. the barciebt_tea,..ooi,tee, and provision dbalerin the world. tea and coffee shipp ng warenc,uses: maddenia miias cinnamon iiaruens,..."
coffee,1890,1,876,604,6.4613,True,"lipton, tea and coffee planter, ceylon. the largest tea, come. and provision dealer in the world. tea sad coffee 913 pp ng ware. 'ages: maddema mills, cinnamon garden colom..."
coffee,1890,1,876,605,6.4664,True,"lipton's delicious oriental blends. finest coffee and chicory, no, is, liu, is 2o per lb, pure coffee!! richest and best. lo so pzr lb. no rion= pill 11. lipton, tea and coffee planter, ceylon. tea a..."
coffee,1890,1,876,606,6.4687,True,"...rice. 5,7, 10, a,nl 20 lbs., ,packed in patent aix-tight canisters, without extra charge. being bole proprietor of several of the most lam as tea and coffee es"
coffee,1890,1,876,607,6.4722,True,"enormous demand. the finest tea the world can produce per 1/7 1.13. no higher price. no higher price. ti4:a and coffee planter, ceylon. lipton, the largest tea, coffee, and provision dealer in the wor"
coffee,1890,1,876,610,6.4775,True,"lipton, the largest tea, coffee, & provision dealer in the world, tea and coffee shipping warehouses: maddema mills, cinnamon gardens, colombo, ceylon office: upper chatham street, ..."
coffee,1890,1,876,611,6.4792,True,"lipton, tea and coffee planter, ceylon, ceylon tea and coffee shipping warehouses... indian tea shipping warehouses and export stores ceylon office indian offices west hart..."
coffee,1890,1,876,613,6.4872,True,"lipton, tea and coffee planter, ceylon. the largest tea, coffee, and provision dealer is tits world. moie prillit 101. nf the followitc.: celebrated teei and coffee agates ..."
coffee,1890,1,876,616,6.5018,True,"lipton, the largest tea, coffee, & provision dealer in the world. tea and coffee shipping warehouses maddema mills. cinnamon gardens, colombo. ceylon offtee upper chatham street, co..."
coffee,1890,1,876,617,6.5038,True,"and coffee planter, mal"" ft 0 iv; ceylon tea & coffee shipping warehouses, maddema mills, cinnamon gardens, colombo. ceylon offices, upper chatham street, colom..."
coffee,1890,1,876,618,6.5062,True,"lipton, tea and coffee planter, ceylon. the largest tea, coffee, and provision dealer in the world. 'sea and coffee shipp ng warehouses: maddema mills, cinnamon gardens, co..."
coffee,1890,1,876,619,6.507,True,"lipton, tea and coffee planter, ceylon, the largest tea, coffee, & provision dealer in the world. bois proprietor of the following celebrated tea and coffee estates in ceyl..."
coffee,1890,1,876,621,6.52,True,"lipton, tea and coffee planter, ceylon, the largest tea, coffee, and provision dealer in the world. sole froprutor of the following tca and coffee zama in ceylon, dombotenn..."
coffee,1890,1,876,622,6.5234,True,"the world can produce. tea and coffee planter, ceylon. the largest tea, coffee, and provision dealer in the world. sole proprietor of the following celebrated tea and coffee estates in ce..."
coffee,1890,1,876,624,6.5253,True,"lipton, tea, and coffee planter. ceyion. largest tea, coffee, and provision dealer in the world. tea and coffee shipping ware/iouses maddema, mills, cinnamon gardens, colomb..."
coffee,1890,1,876,625,6.5272,True,"lipton, ta and coffee planter, ceylon. the largest tea, coffee, and provlsion dealer in tim world. sal, puler:lt:or of the following celebrated teo gall coffee odd'. in ce..."
coffee,1890,1,876,626,6.5297,True,"...o. note the prices. rich, pure, and fragrant. 11- and 1/4 per lb. unparalleled success. enormous demand. per 1/7 lb. no higher price. lipton, tea and coffee planter, ceylon."
coffee,1890,1,876,627,6.5315,True,"success. demand. the finest tea the world can produce per 1/7 lb. no higher price. no higher price. tea and coffee planter, ceylon. lipton, the largest tea, coffee, and provision dealer in the world. "
coffee,1890,1,876,628,6.5329,True,"and midland dor transmission abroad the best two shilling tea in england. barrow's tea & coffee warehouse, 93, bull street, and teas. barrow's stores, 74, 76 & 78, corporation st., birmingham. suppiii"
coffee,1890,1,876,629,6.5389,True,"no higher price. lipton, tea and (wee planter, ceylon. the largest tea, coffee, and pilovlsion dealer in trio world. bole proprietor of the following celebrated tea and coffee e.stoles in crcylnn :—da"
coffee,1890,1,876,630,6.539,True,"'r _tehae rd andtea, c) coffee 3 planter,(ffei andceylo lip t 0 n9provision dealer in the world. 3, sole proprietor of the following celebrated tea and coffee estates in ceylon: da..."
coffee,1890,1,876,631,6.5455,True,"home hints. lipton, tea and coffee planter, ceylon, the largest tea, coffee, and provision dealer in the world. sole proprietor of the following tea and coffee estates in ceylon, dainb..."
coffee,1890,1,876,632,6.5473,True,"lipton, the largest tea, coffee, & provision dealer in this world. tea and coffee shipping warehouses maddema hills. cinnamon gardens, colombo. ceylon offiee upper chatham street, c..."
coffee,1890,1,876,633,6.5501,True,"i1re41416 pure ceylon, 2/-. 'tee perfection of tea. very refreshing. full aroma. bake and c 0 .. my3o.2s tea and coffee dealers, 108, chester street, berkenwead. ellis's ""crusader"" germ bread. ellis's"
coffee,1890,1,876,635,6.5539,True,"no higher price. lipton, tea and coffee planter, ceylon. the largest tea, coffee, and provision dealer in the world. bole proprietor of the following celebrated tea and coffee rotates in ce..."
coffee,1890,1,876,636,6.5644,True,"lipton, tea and coffee planter, ceylon, the largest tea, coffee, and provision dealer in tiie world. sole proprietor of the following tea and coffee estates in ceylon, donb..."
coffee,1890,1,876,637,6.5657,True,"lipton, the largest tea, coffee, & provision dealer in this world. tea and coffee shipping warehouses maddema hills. cinnamon gardens, colombo. ceylon offiee upper chatham street, c..."
coffee,1890,1,876,639,6.5727,True,"lipton lipton lipton lipton lipton lipton lipto, tea and coffee planter, ceylon. 11 9 the largest tea, coffee, and provision dealer in the world. sole proprietor of the following celebrated tea and co"
coffee,1890,1,876,641,6.5779,True,"lipton lipton lipton lipton lipton lipton lipton lipton tea and coffee planter. ceylon. the largest tea, coffee, and provision deal. 'n the world. sole proprietor cf the following celebrated tea and c"
coffee,1890,1,876,643,6.583,True,"lipton, tea and coffee planter, ceylon, the largest tea, coffee, and provision dealer in the world. sole proprietor of the following tea and coffee estates in ceylon, damba..."
coffee,1890,1,876,646,6.5926,True,"lipton, tea and coffee planter, ceylon. the largest tea, coffee, and provision dealer in the world. bole proprietor of the following celebrated tea and coffee estatea in co..."
coffee,1890,1,876,647,6.5927,True,"lipton, tea and coffee planter, ceylon, the largest tea, coffee, and provision dealer in the world. tea and coffee estates ja-ceylan. lambatenne, laymastotte, monerakande, ..."
coffee,1890,1,876,648,6.5934,True,"upton lipton lipton lipton tea and coffee planter, ceylon. 9 the largest tea, coffee, and provision dealer in the world. sole proprietor of the following celebrated tea and coffee estates in ..."
coffee,1890,1,876,649,6.5949,True,"lipton, the largest tba, coffee, & provision dealer in the world. tea and coffee shipping warehouses: maddema mills. cinnamon gardens, colombo. ceylon office upper chatham street, c..."
coffee,1890,1,876,650,6.5993,True,"lipton's teas. direct from the tea garden to the teapot, no middlemen's profits to pay. being sole proprietor of several of the most famous tea and coffee estates in ceylon, including the celebrated e"
coffee,1890,1,876,652,6.6005,True,"barrows' tea and coffee warehouse, 93, bull street. and barrow's stores barrows' stores 74, 76 & 78, corporation street, birmingham.' new oloott and district—saturday, month..."
coffee,1890,1,876,653,6.6007,True,"lipton lipton tea and coffee planter, ceylon. lipton, the largest tea, coffee, and provision dealer in the world. t3.-2e proprietor of the following celebrated tea and coffee est..."
coffee,1890,1,876,654,6.6023,True,"4 extra special. late advertisements. l 1 1)..-ien solid srerl mit it) iv eli, 1 l..ll tea and coffee service, for sale. each artie'e hall.dnarked. coffee pot can be used as liot water jog, accept .21"
coffee,1890,1,876,655,6.6139,True,"lipton lipton lipton lipton lipton tea and coffee planter, ceylon. the largest tea, coffee, and provision dealer in the world. si)le proprietor of the following celebrated tea and coffee estates in c..."
coffee,1890,1,876,657,6.6232,True,"lipton, tea and coffee planter, ceylon, the largest tea, coffer, and provision dealer in the world.. tea & coffee shipping warehouses •. maddema mills, cinnamon gardens, co..."
coffee,1890,1,876,658,6.6247,True,... all over india and the east is a further proof of their excellence over all others. special appointment. lipton has been specially appointed tea and coffee me
coffee,1890,1,876,659,6.6283,True,"lipton's teas. direct from the tea garden to the teapot, no middlemen's 'profits to pay. being sole proprietor of several of the most famous tea and coffee estates in ceylon, including the celebrated "
coffee,1890,1,876,660,6.6306,True,"lipton's delicious oriental blends. finest coffee and chicory, no, is, liu, is 2o per lb, pure coffee!! richest and best. lo so pzr lb. no rion= pill 11. lipton, tea and coffee planter, ceylon. tea a..."
coffee,1890,1,876,663,6.6435,True,"lipton's teas. direct from the tea garden to the teapot, no middlemen's profits to pay. being sole proprietor of several of the most famous tea and coffee estates in ceylon, including the celebrated e"
coffee,1890,1,876,664,6.6444,True,"now open luncheon sausages. upton, tea and coffee planter, ceylon the largest tea, coffee, and provision dealer in the world sole proprietor of the following tea and coffee eetates in ceylon, dambate..."
coffee,1890,1,876,666,6.6474,True,"dealer in the wohid. tea and coffee shipp ng warehouses: maddema mills, cinnamon garden% colombo. ceyl, n °mee: upper chatham-street, colombo. indian mee and shipping warehouses 5, lyon..."
coffee,1890,1,876,667,6.6481,True,"lipton's teas. direct from the tea garden to the teapot, no middlemen's 'profits to pay. being sole proprietor of several of the most famous tea and coffee estates in ceylon, including the celebrated "
coffee,1890,1,876,668,6.6565,True,"lipton, tea and coffee planter, ceylon, the largest tea, coffee, and provision dealer in the world. sole proprietor of the following tea and coffee estates in ceylon, dantb..."
coffee,1890,1,876,669,6.661,True,"lipton lii""fon lipton lipton lipton lipton lipton lipton tea and coffee planter, ceylon. the largest tea, coffee, and provision dealer in the world: bole proprietor of the fallowing celebrated tea and"
coffee,1890,1,876,670,6.6612,True,"lipton's teas. direct from the tea garden to the teapot, no middlemen's profits to pay. being sole proprietor of several of the most famous tea and coffee estates in ceylon, including the celebrated e"
coffee,1890,1,876,671,6.6713,True,"lipton's delicious oriental blends. finest coffee and chicory, no, is, liu, is 2o per lb, pure coffee!! richest and best. lo so pzr lb. no rion= pill 11. lipton, tea and coffee planter, ceylon. tea a..."
coffee,1890,1,876,673,6.6773,True,"lipton's teas. direct from the tea garden to the teapot, no middlemen's profits to pay. being sole proprietor of several of the most famous tea and coffee estates in ceylon, including the celebrated e"
coffee,1890,1,876,675,6.6908,True,"lipton's teas. direct from the tea garden to the teapot, no middlemen's profits to pay. being sole proprietor of several of the most famous tea and coffee estates in ceylon, including the celebrated e"
coffee,1890,1,876,676,6.6939,True,"lipton, tea and coffee planter, ceylon, ceylon tea and coffee shipping warehouses... indian tea shipping warehouses and export stores ceylon office indian offices west hart..."
coffee,1890,1,876,677,6.7017,True,"now open luncheon sausages. upton, tea and coffee planter, ceylon the largest tea, coffee, and provision dealer in the world sole proprietor of the following tea and coffee eetates in ceylon, dambate..."
coffee,1890,1,876,678,6.7026,True,"barrow's tea & coffee warehouse, 93, bull street, and barrow's stores, 74, 76 & 78, corporation st., birmingham. supply tue finest and cheapest teas"
coffee,1890,1,876,679,6.7059,True,"the world can produce per 1/7 lb. no higher price. tea and coffee planter, ceylon. lipton, the largest tea, coffee, and provision dealer in the world. sole proprietor of the following celebrated tea a"
coffee,1890,1,876,680,6.7069,True,"lipton, tea and coffee planter, ceylon, the largest tea, coffee, and provision dealer in the world. sole proprietor of the following tea and coffee estates in ceylon, damba..."
coffee,1890,1,876,681,6.7077,True,"lipton, the largest tba, coffee, & provision dealer in the world. tea and coffee shipping warehouses: maddema mills. cinnamon gardens, colombo. ceylon office upper chatham street, c..."
coffee,1890,1,876,682,6.7119,True,"lipton, tea and coffee planter, ceylon, the largest tea, coffee, and provision dealer in the world. sole proprietor of the following tea and cope estcltes in ceylon, danone..."
coffee,1890,1,876,684,6.7169,True,"and coffee planter, mal"" ft 0 iv; ceylon tea & coffee shipping warehouses, maddema mills, cinnamon gardens, colombo. ceylon offices, upper chatham street, colom..."
coffee,1890,1,876,685,6.717,True,"lipton, tea and coffee planter, c eylon, the largest tea, coffee, and provision dealer in the world. vole proprietor of the following tea and coffee estates in ceylon, eamb..."
coffee,1890,1,876,686,6.7211,True,... all over india and the east is a further proof of their excellence over all others. special appointment. lipton haa been specially appointed tea and coffee me
coffee,1890,1,876,687,6.7213,True,"lipton, tea and coffee planter, c eylon, the largest tea, coffee, and provision dealer in the world. vole proprietor of the following tea and coffee estates in ceylon, eamb..."
coffee,1890,1,876,688,6.7251,True,"...rlitnilath 7'l,:ctulai and wirral general advertiser afternoon tea, 2/6. very superb and refreshing fragrant full flavour. bake and c my3or2d tea and coffee dealers, ics, ohesteb street, birke"
coffee,1890,1,876,689,6.7263,True,"home hints. lipton, tea and coffee planter, ceylon, the largest tea, coffee, and provision dealer in the world. sole proprietor of the following tea and coffee estates in ceylon, dainb..."
coffee,1890,1,876,690,6.7332,True,"no higher price. lipton, tea and coffee planter, ceylon. the largest tea, coffee, and provision dealer in the world. bole proprietor of the following celebrated tea and coffee rotates in ce..."
coffee,1890,1,876,692,6.7385,True,"lipton, tea and coffee planter, ceylon, the largest tea, coffee, and provision dealer in tiie world. sole proprietor of the following tea and coffee estates in ceylon, donb..."
coffee,1890,1,876,693,6.7391,True,"lipton, tea and coffee planter. ceylon. the barciebt_tea,..ooi,tee, and provision dbalerin the world. tea and coffee shipp ng warenc,uses: maddenia miias cinnamon iiaruens,..."
coffee,1890,1,876,694,6.7401,True,"rroistrred for transmission abroad barrow's tea & coffee warehouse, 93, bull street, and barrow's stores, 74, 76 & 78, corporation st., birmingham. broad street, supply tan finest and cheapest teas"
coffee,1890,1,876,695,6.7401,True,"lipton lipton lipton lipton lipton lipton tea and coffee planter, ceylon. lipton, the largest tea, coffee, and provision dealer in the world. sole proprietor of the following celebrated tea and coffee"
coffee,1890,1,876,696,6.741,True,"lipton, tea and coffee planter, ceylon, the largest tea, coffee, and provision dealer in the world. sole proprietor of the following tea and coffee estates in ceylon, damba..."
coffee,1890,1,876,698,6.7458,True,"ricgibtrbed for tranbmibsioif abroad tea & coffee barrow 3 s warehouse, 93, bull street, and barrow's stores, 1 74, 76 & 78, corporation st., birmingham. broad street, supply the finest and cheapest ..."
coffee,1890,1,876,699,6.7466,True,"lipton, tea and coffee planter, ceylon, the largest tea, coffee, & provision dealer in the world. bois proprietor of the following celebrated tea and coffee estates in ceyl..."
coffee,1890,1,876,700,6.7487,True,"nv• g• hutchence wishos to call attention to his brat-class stock of tea. coffee, groceries, provisions and flour. best quality at lowest market delivered fs. rs tong as comma. w. g. hutchence, tea an"
coffee,1890,1,876,701,6.7515,True,"tea coffee, and cocoa planter, ceylon. j11)ton the largest tea, 9 coffee, dc provision dealer in the world. cuylos tea and coffee shipping i india tea shipping ..."
coffee,1890,1,876,702,6.7553,True,"lipton's teas. direct from the tea garden to the teapot, no middlemen's profits to pay. being sole proprietor of several of the most famous tea and coffee estates in ceylon, including the celebrated e"
coffee,1890,1,876,703,6.7616,True,"lipton. sole proprietor of several of the most famous tea and coffee estates in ceylon, including the celebrated estates of dambatenne, laymastotte. monerakande, makadambatenne, mousaakelle, poopraesi"
coffee,1890,1,876,704,6.7668,True,"1 the best two shilling tea in england. fowne's patent lace gloves are the best fitting, most durable, and easily barrow f tea & coffee supply fastened, s warehouse, pply the finest and cheapest to be"
coffee,1890,1,876,705,6.7669,True,"lipton, tea and coffee planter, c eylon, the largest tea, coffee, and provision dealer in the world. vole proprietor of the following tea and coffee estates in ceylon, eamb..."
coffee,1890,1,876,706,6.7686,True,"lipton lipton lipton tea and coffee planter, ceylon. lipton, the largest tea, coffee, and provision dealer in the world. sole proprietor of the following celebrated tea and coffee estat..."
coffee,1890,1,876,707,6.7719,True,"lipton, tea and coffee planter, ceylon, the largest tea, coffer, and provision dealer in the world.. tea & coffee shipping warehouses •. maddema mills, cinnamon gardens, co..."
coffee,1890,1,876,713,6.8092,True,"...1 lipton's teas. direct from the tea garden to the teapot, no middlemen's profits to pay. being sole proprietor of several of the most famous tea and coffee estates in ceylon, including th"
coffee,1890,1,876,714,6.8108,True,"1 /.,kleetro plated tea and coffee service, new / dealgn.-16, illatket-street."
coffee,1890,1,876,715,6.8139,True,"11. 1/4 per mb. li ptons tea, coffee and cocoa planter, ceylon. the largest tea, coffee, and provision dealer in the world. branches and acencies turolnlilout tilil world l ecil bilanai...."
coffee,1890,1,876,716,6.8161,True,"lipton, tea and coffee planter, ceylon, the largest tea, coffee, and provision dealer in the world. sole froprutor of the following tca and coffee zama in ceylon, dombotenn..."
coffee,1890,1,876,717,6.8319,True,"lipton, tea and coffee planter, ceylon. the i,aruest_tea,soppee, and provision"
coffee,1890,1,876,718,6.8335,True,"i fowne's patent lace cloves the best two shilling tea in england. tea & coffee supply the finest and are the best fitting, most durable, and easily barrow'a fastened, to be iiad at ° warehouse, cheap"
coffee,1890,1,876,721,6.8473,True,"an indisputable fact. it is well known that most coffee dealers and grocers charge large profits on very inferior coffees. to do away with these extortions, coffee of superior, quality, direct front t"
coffee,1890,1,876,722,6.863,True,"upton lipton lipton lipton tea and coffee planter, ceylon. 9 the largest tea, coffee, and provision dealer in the world. sole proprietor of the following celebrated tea and coffee estates in ..."
coffee,1890,1,876,724,6.8913,True,"lipton lipton tea and coffee planter, ceylon. lipton, the largest tea, coffee, and provision dealer in the world. t3.-2e proprietor of the following celebrated tea and coffee est..."
coffee,1890,1,876,725,6.8939,True,"home hints. lipton, tea and coffee planter, ceylon, the largest tea, coffee, and provision dealer in the world. sole proprietor of the following tea and coffee estates in ceylon, dainb..."
coffee,1890,1,876,726,6.8944,True,"lipton, tea and coffee planter, ceylon, the largest tea, coffee, and provision dealer in the world. sole proprietor of the following tea and coffee estates in ceylon, damba..."
coffee,1890,1,876,727,6.8998,True,"lipton, tea and coffee planter, ceylon, the largest tea, coffee, and provision dealer in the world. sole proprietor of the following tea and coffee estates ia ce,y!on, dand..."
coffee,1890,1,876,729,6.9097,True,"lipton, tea and coffee planter, ceylon, the largest tea, coffee, and provision dealer in the world. sole proprietor of the following tea and coffee estates ia ce,y!on, dand..."
coffee,1890,1,876,730,6.9118,True,"an indisputable fact. it is well known that most coffee dealers mad grocers charge large profits on very inferior coffees. to,floaway with these extortions. coffee of superior quality, &yea from the p"
coffee,1890,1,876,732,6.9149,True,"lipton, tea and coffee planter, ceylon, the largest tea, coffee, and provision dealer in the world. sole proprietor of the following tea and coffee estates in ceylon, damba..."
coffee,1890,1,876,733,6.9157,True,"tea, coffee, and cocoa planter, ceylon. lipton, = provision dealer in the world. oily lon tea and coffee smenng india tea shipping warehouses and warehouses—made..."
coffee,1890,1,876,734,6.9254,True,"lipton, tra and coffee planter, ceylon. the largest tea, coffee, and provision dealer in the world. mete p-ninictor of the following celebrated tea and coffee iktv,.4 in ce..."
coffee,1890,1,876,735,6.9391,True,"lipton, tea and coffee planter, ceylon, the largest tea, coffee, and provision dealer in the world. sole proprietor of the following tea and coffee estates in ceylon, dantb..."
coffee,1890,1,876,736,6.9395,True,"special appointment. lipton ila• leen apcalally an,inneal tea anti coffee morahan!. to ilhe exc.,llene, the right mom ith.l.d,f den. lipton tea, coffee, and it:ocoa planter, ceylon. tue largest tea. c"
coffee,1890,1,876,737,6.9495,True,"...al gegeral advertiser saturday, october 17, 1896. afternoon tea, 2/6. very superb and refreshing fragrant full flavour. bak e and co., inymag tea and coffee dealers, 11:1"
coffee,1890,1,876,738,6.9498,True,"lipton lipton lipton lipton lipton lipton tea and coffee planter, ceylon. lipton,, the largest tea, coffee, and provision dealer in the world. • sole proprietor of the following celebrated tea and cof"
coffee,1890,1,876,739,6.9553,True,"... a d 441 offee -t. .4 • ...i 111! o.clifv,"" ~(,. lanter, `,::: ~.e. likbrrs teas 'lvots liptoasws sole proprietor of the following celebrated tea and coffee estate"
coffee,1890,1,876,740,6.9609,True,"lipton's delicious teas. sunny ceylon. visitors to this beautiful island are cordially invited to call and see over lipton's tea and coffee warehouses, madero& mills, cinnamon gardens, colombo. those "
coffee,1890,1,876,741,6.9635,True,"...1 lipton's teas. direct from the tea garden to the teapot, no middlemen's profits to pay. being sole proprietor of several of the most famous tea and coffee estates in ceylon, including th"
coffee,1890,1,876,742,6.964,True,"lipton, tea and coffee planter, ceylon, the largest tea, coffee, and provision dealer in the world. sole proprietor of the following tea and coffee estates in ceylon, damba..."
coffee,1890,1,876,743,6.9827,True,"w. and c. slingsby. bigh class family grocers, celebrated tea blenders, coffee merchants, itc., 5, broadgate, coventry."
coffee,1890,1,876,745,6.9861,True,"lipton, tea and coffee planter. ceylon. the barciebt_tea,..ooi,tee, and provision dbalerin the world. tea and coffee shipp ng warenc,uses: maddenia miias cinnamon iiaruens,..."
coffee,1890,1,876,748,6.9944,True,"lipton, tea and coffee planter, ceylon, the largest tea, coffee, and provision dealer in the world. qom proprietor of the tenoning tea and coffee estates in ceylon, dambate..."
coffee,1890,1,876,749,7.0072,True,"lipton in trtp, coffee trade. important notice. • hitherto i have been selling in the ceylon and london markets thousands of bushels of coffee of my own growing. i have now..."
coffee,1890,1,876,752,7.0308,True,"lipton lipton lipton lipton tea and coffee planter, ceylon. lipt on, the largest tea, coffee, and provision dealer in the world. sole proprietor of the following celebrated tea and coffee esta..."
coffee,1890,1,876,754,7.0378,True,"tea and coffee grounds. a great many people injure themselves, and bring on indigestion, by swallowing tea-leaves and coffee-grounde. the coffee, if well made, shou..."
coffee,1890,1,876,755,7.0424,True,"lipton's delicious teas. sunny ceylon. visitors to this beautiful island are cordially invited to call and eee over i.4ton's tea and coffee warehouses, madema mills, cinnamon gardens, colombo. those d"
coffee,1890,1,876,757,7.0538,True,"lipton, tea and coffee planter, ceylon, the largest tea, coffee, and provision dealer in the world. sole proprietor of the following tea and coffee estates in ceylon, dantb..."
coffee,1890,1,876,758,7.0587,True,"no liigher price. tea and coffee planter, ceylon. lipton, the largest tea, coffee, and provision dealer in the world. sule proprietor a the following celebrated tea and coffee estate..."
coffee,1890,1,876,759,7.0694,True,"lipton, tea and coffee planter, ceylon, the largest tea, coffee, and provision dealer in the world. sok proprietor of the following teaimil coerce estates in ceylon, datuba..."
coffee,1890,1,876,760,7.0783,True,"...tober 3, 1896. aboistbred tor transmission abroad afternoon tea, 2/6 very superb and refreshing fragrant full flavour. bake and co., my 30128 tea and coffee dealers, 106"
coffee,1890,1,876,762,7.0838,True,"lipton lipton a and coffee planter, ceylon. a ~. the largest tea, coffee, and provision dealtit.‘ .1e world. sole proprietor of the following celebrated tea an& coffee estates ..."
coffee,1890,1,876,764,7.0911,True,"barrow's tea & coffee warehouse, 93, bull street, and barrow's stores, 74, 76 & 78, corporation st., birmingham. supply the best of everything at the lo supply the finest ..."
coffee,1890,1,876,765,7.0916,True,"lipton tea and coffee planter, ceylon. lipton, the largest tea, coffee, and provision dealer in the world. sole proprietor of the following celebrated tea and coffee estat..."
coffee,1890,1,876,766,7.0935,True,"tea, coffee, and cocoa planter, ceylon. t • alpton, largestprovision tea, dealer in the world. tcohfefee,ii ceylon tea and coffee shipping india tea shipping war..."
coffee,1890,1,876,768,7.1017,True,"lipton, tea and coffee planter, ceylon, the largest tea, coffee, & provision dealer in the world. bois proprietor of the following celebrated tea and coffee estates in ceyl..."
coffee,1890,1,876,770,7.1078,True,"lipton, tea and coffee planter, ceylon, the largest tea, coffee, and provision dealer in the world. qom proprietor of the tenoning tea and coffee estates in ceylon, dambate..."
coffee,1890,1,876,772,7.137,True,"weak stomach impaired digestion disordered liver & female ailments barrow)s tea and coffee warehouse, 93, bull street, and barrow's stores 74, 76 & 78, corporation street, birmin6 ham."
coffee,1890,1,876,773,7.1393,True,"l i p t_o n tea and coffee planter, ceylon. tea and coffee shipping warehouses: maddema mills, cinnamon gardens, coi,omfio. ceylon office: upper chatiiam-street, colombo 'tea a..."
coffee,1890,1,876,775,7.1478,True,"... delicious teas. lipton's delicious teas. sunny ceylon. visitors to this beautiful island are cordially invited to call and see over lipton's tea and coffee warehouses, madema mills, cinnamon "
coffee,1890,1,876,776,7.1538,True,"best stores in erdington for banows) tea and coffee warehouse, j 3, bu ll street and banows) stores 74, 76 & 78, corporation street, birmingham. fruits, cakes, pastry, etc."
coffee,1890,1,876,777,7.1641,True,"1 j .'"".....,,,- ceylon tea & coffee shipping warehouses, maddema mills, cinnamon gardens, colombo. ceylon offices, upper chatham street, colombo. indian tea shipping warehouses & export..."
coffee,1890,1,876,778,7.1691,True,"planter, i _ lipto ceylon tea & coffee shipping warehouses, maddema mills, cinnamon gardens colombo. ceylon offices, upper chatham street, colombo. indian tea shipping warehouses & export ..."
coffee,1890,1,876,779,7.1707,True,"the world can produce per 1/7 lb. no higher price. tea and coffee planter, ceylon. lipton, the largest tea, coffee, and provision dealer in the world. sole proprietor of the following celebrated tea a"
coffee,1890,1,876,780,7.1733,True,"lipton, tea and coffee planter, ceylon. the largest tea, coffee, and provision dealer is tits world. moie prillit 101. nf the followitc.: celebrated teei and coffee agates ..."
coffee,1890,1,876,781,7.1759,True,"birkenrisad. sta'nfe2o pure indian, 1/8. fine full flavoured. handsome, rich tea. bake and co., my3ed tea and coffee dealers. sol warm street. birxiinkeld."
coffee,1890,1,876,782,7.1783,True,"barrow's tea & coffee warehouse, 93, bull street, and barrow's stores, 74, 76 & 78, corporation st., birmingham. supply the finest and cheapest teas"
coffee,1890,1,876,783,7.1805,True,"...delicious teas. lipton's delicious teas. sunny ceylon. ""visitors to this beautiful island are cordially invited to call and see over lipton's tea and coffee warehouses, madema mills, cinnamon"
coffee,1890,1,876,784,7.1832,True,"now open luncheon sausages. upton, tea and coffee planter, ceylon the largest tea, coffee, and provision dealer in the world sole proprietor of the following tea and coffee eetates in ceylon, dambate..."
coffee,1890,1,876,785,7.2032,True,"... delicious teas. lipton's delicious teas. sunny ceylon. visitors to this beautiful island are cordially invited to call and see over lipton's tea and coffee warehouses, madema mills, cinnamon "
coffee,1890,1,876,787,7.2305,True,"w. and c. slingsby, high. class family grocers, celebrated tea blenders, coffee merchants, ttc., 1, broadgate, coventry. established 1780. per lb. i. d. blend of choicest teas „ superior „ „ pine ~ sp"
coffee,1890,1,876,788,7.2353,True,"best stores in erdington for barrows' tea and coffee warehouse, u 3, bull street and barrows, stores 74, 76 & 78, 'corporation street, birmingham, fruits, cakes, pastry, etc."
coffee,1890,1,876,789,7.2434,True,"lipton lipton tea and coffee planter, ceylon. là ipton, the largest tea, coffee, and provision dealer in the world. • bole proprietor of the following celebrated tea and coffee e..."
coffee,1890,1,876,790,7.2446,True,"lipton's delicious teas. sunny ceylon. visitors to this beautiful island are cordially invited to call and see over lipton's tea and coffee warehouses, madema mills, cinnamon gardens, colombo. those d"
coffee,1890,1,876,791,7.2463,True,"the best two shilling tea in england. barrow's tea & coffee supplychteticapfett'est and warehouse, 93, bull street, and teas and barrow's stores, coffees 74, 76 & 78, corporation st., that the world b"
coffee,1890,1,876,792,7.255,True,"lipton's delicious teas. sunny ceylon. visitors to this beautiful island are cordially invited to call and see over lipton's tea and coffee warehouses, madema mills, cinnamon gardens, colombo. those d"
coffee,1890,1,876,794,7.267,True,"tea and coffee planter, note the prices. no higher prices. they are lean and fresh as steak, and weigh from 10 to 161bs. each. r'7 • ;13 • „ v. • • • • milk ,aryr r..."
coffee,1890,1,876,795,7.287,True,"lipton lipton lipton lipton lipton lipton tea and coffee planter, ceylon. lipton, the largest tea, coffee, and provision dealer in the world. sole proprietor of the following celebrated tea and coffee"
coffee,1890,1,876,796,7.2933,True,"lipton, tea the largest tea, coffee,i and iprovision dealer in the world. bole propnetor of the following celebrated tea -and codes estates in ceylon dainbatanne. laymamotte. moneralian..."
coffee,1890,1,876,797,7.2973,True,"lipton lipton lipton lipton lipton tea and coffee planter, ceylon. the largest tea, coffee, and provision dealer in the world. si)le proprietor of the following celebrated tea and coffee estates in c..."
coffee,1890,1,876,799,7.3028,True,"the world can produce. tea and coffee planter, ceylon. the largest tea, coffee, and provision dealer in the world. sole proprietor of the following celebrated tea and coffee estates in ce..."
coffee,1890,1,876,800,7.3159,True,"no higher price. lipton, tea and coffee planter, ceylon. the largest tea, coffee, and provision dealer in the world. bole proprietor of the following celebrated tea and coffee rotates in ce..."
coffee,1890,1,876,801,7.3174,True,"lipton, tea and coffee planter, ceylon, the largest tea, coffee, and provision dealer in the world. tea and coffee estates ja-ceylan. lambatenne, laymastotte, monerakande, ..."
coffee,1890,1,876,802,7.3345,True,"barrow's tea & coffee warehouse, 93, bull street, and barrow's stores, 74,76 & 78, corporation st., birmingham. henry ken way, limited, wholesale bottlers of guiness's sto..."
coffee,1890,1,876,803,7.3443,True,"lipton, the largest tea, coffee, and provision dealer in the world. bole proprietor of the followinfeelebrated tea and mae estates in ceylon: dainbatenne, laymastotte. ktonerakande,..."
coffee,1890,1,876,804,7.3461,True,"lipton, tea and coffee planter, ceylon, the largest tea, coffee, and provision dealer in the world. sok proprietor of the following teaimil coerce estates in ceylon, datuba..."
coffee,1890,1,876,807,7.3962,True,"...ians, the most desireble house in town for every description of silver &electro-plated specialities they are now showing a superb assortment of tea & coffee services, tea pots, coffee"
coffee,1890,1,876,809,7.3984,True,"w. and c. slingsby. high class family -grocers, celebrated tea blenders, coffee merchants, &c., 5, broadgate, coventry. established 1780. per lb. e. d. blend of choicest teas superior „ fine „ 22 spec"
coffee,1890,1,876,811,7.4644,True,"no 1373 heiaitei, ed for thansmisiion ali 10•11 the best two shilling te fowne's pat:: \ t l v3f, gloves arc t!e durablo. and bstened, arrow s tea & coffee warehouse, to be hai) at b. ibbotson's, 93, "
coffee,1890,1,876,812,7.489,True,"(niarly oppositii tax tows hall), when you will be welted upon for orders the following monday. the above tea and coffee specialiste deliver in kenilworth on monday of ever week."
coffee,1890,1,876,813,7.4943,True,"4, 4 • 4 ---- ...-..,' 6 1 c't#,a l)i ti ~ 4 ,ij ht _(.""artlti,,,.:, nt #ntie rrgd3trbed for transmission abroad tea & coffee warehouse, and midland co 1/4 th ursa) price list leamingtoi post free. no"
coffee,1890,1,876,814,7.5132,True,"tea and coffee at importers, prices. thos. jones and company, li are now delivering tea and coffee in this distriet by their own vans at wholesale prices, for cas/i..."
coffee,1890,1,876,815,7.5198,True,"idimetant notice. hitherto i have been selling in the ceylon and loudon mankets thousands of %she's of coffee of my own growing, i have row decided to dispose of this &fide, direct to tie consumers, a"
coffee,1890,1,876,816,7.5354,True,"liptoll coffee, st provision dealer in the world. tea, coffee, and cocoa planter., ceylon. the largest tea, ceylon tea and coffee shipping india tea shipping wareho..."
coffee,1890,1,876,817,7.5359,True,"w. and c. slingsby. high class family grocers, celebrated tea blenders, coffee merchants, &c.; • 5, broadgate, coventry."
coffee,1890,1,876,819,7.5706,True,"lipton in the cotere trada. important notice. hitherto ',hare- been selling in the ceylon and lomb(' markets thousands of bu.shels of coffee of my own gro7sing i have now decided to dispose of this co"
coffee,1890,1,876,820,7.5716,True,"'r _tehae rd andtea, c) coffee 3 planter,(ffei andceylo lip t 0 n9provision dealer in the world. 3, sole proprietor of the following celebrated tea and coffee estates in ceylon: da..."
coffee,1890,1,876,822,7.5825,True,"lipton's delicious oriental blends finest coffee and chicory, i.od, il and di 20 per lb. pure coffee!! richest and best. jo 6d per lb. no 111011111 pri z. lipton, tea and cof'f'ee planter, ceylon. t..."
coffee,1890,1,876,824,7.5872,True,"lipton, tea and coffee planter, ceylon, the largest tea, coffee, and provision dealer in the world. qom proprietor of the tenoning tea and coffee estates in ceylon, dambate..."
coffee,1890,1,876,825,7.5921,True,"free tin of liiiisieue swiss coffee tasteakt bent post paid app. appliestka 6 the swiss coffee co., m. restellmr** iftwato mal"
coffee,1890,1,876,826,7.5941,True,"in england. barrow's tea & coffee supply the finest and warehouse, cheapest 93, bull street, and teas and barrow's stores, coffees 74, 76 & 78, corporation st., that the world birming..."
coffee,1890,1,876,827,7.6281,True,"lipton. sole proprietor of several of the most famous tea and coffee estates in ceylon, including the celebrated estates of dambatenne, laymastotte. monerakande, makadambatenne, mousaakelle, poopraesi"
coffee,1890,1,876,830,7.6657,True,"concert and coffee supper at blagill. a canoed and coffee supper was held at blagill in saturday, september sth, in aid of more efficient heat- ing and lighting of the ..."
coffee,1890,1,876,831,7.711,True,"the best two shilling tea in england. btea & coffee supply nu finest and arrow s warehouse, cheapest 93, bull street, and teas and barrow's stores, coffees 74, 76 & 78, corporation st., that ths world"
coffee,1890,1,876,832,7.7207,True,"a new hotel and coffee tavern foil pow ta lim% varly nest month a now hotel and coffee tavern win be opomed at port talbot, opposite the g.w.r. station. it is designed to t..."
coffee,1890,1,876,833,7.7212,True,"to all lovers of pure coffee, i offer the richest and best that money can buy, direct from the plantations at is. 6d.per lb. no higher price. an indisputable fact. it is well kno..."
coffee,1890,1,876,834,7.7231,True,"best stores in erdington for barrows, tea and coffee warehouse, 93, bull street and barrows' stores 74, 76 & 78, corporation street, birmingham, fruits, cakes, pastry, etc."
coffee,1890,1,876,837,7.7679,True,"lipton, tea and coffee planter, ceylon. tete laroebt tea coffee, and provision deal ler n the world. tea and coffee shipping warehouses: maddeasa mills, cinnamon gardens, c..."
coffee,1890,1,876,840,7.8096,True,"a new hotel and coffee tavern foil pow ta lim% varly nest month a now hotel and coffee tavern win be opomed at port talbot, opposite the g.w.r. station. it is designed to t..."
coffee,1890,1,876,841,7.8359,True,"...e list of wedding presents. wedding presents numbered in all 225, and of them were of great iutrimie value. one of tad notable was a handsome tea and coffee err. a silver, supplied by elkington, of "
coffee,1890,1,876,842,7.849,True,"lipton. sole proprietor of several of the most famous tea and coffee estates in ceylon, including the celebrated estates of dambatenne, laymastotte. monerakande, makadambatenne, mousaakelle, poopraesi"
coffee,1890,1,876,844,7.8639,True,"... delicious teas. lipton's delicious tens. sunny ceylon. visitors to this beautiful island are cordially invited to call and see over lipton's tea and coffee 'warehouses. madema mills, cinnamon"
coffee,1890,1,876,847,7.9141,True,"... the prices :- 10d., in., and is. 2d. per lb. these magnificent blends can only be obtained from lipton's markets and agencies. to all lovers of pure coffee, i offer the richest and best that mone"
coffee,1890,1,876,849,7.919,True,a coffee plant disease. a report forwarded by the british consul at guatemala calls attention to a peculiar form of disease which has attacked certain coffee ...
coffee,1890,1,876,850,7.9356,True,"lipton- in the coffeetrad,e.. important notice. hitherto l have been selling in therceylon and london markets thousands of bushels of coffee of my own growing. i have now ..."
coffee,1890,1,876,851,7.9472,True,"concert and coffee supper at blagill. a canoed and coffee supper was held at blagill in saturday, september sth, in aid of more efficient heat- ing and lighting of the ..."
coffee,1890,1,876,852,7.9723,True,"<wwwwv...annaaaaaaai quality is the important requisite which is placed first by the makers of symington's edinburgh coffee es- sence. makes a cup in a moment. the great remedy. 17% n >44l,ia 14 ra, °"
coffee,1890,1,876,853,7.9733,True,a coffee plant disease. a report forwarded by the british consul at guatemala calls attention to 'a peculiar form of disease which has attacked certain coffee...
coffee,1890,1,876,854,7.9918,True,"tea and coffee grounds. a great many people injure themselves, and bring on indigestion, by swallowing tea-leaves and coffee-grounde. the coffee, if well made, shou..."
coffee,1890,1,876,856,8.1717,True,gmlel in? rattan. by messrs. branch cl- leete. lipton in the coffee tr ade. important notice. hitherto i have bren selling in the ceylon and london markets thousands of bushels of coffee of my own gro
coffee,1890,1,876,857,8.1738,True,"tea, coffee, and cocoa planter, ceylon. lipton, coffee, & provision dealer in the world. the largest tea, ceylon tea and coffee shipping i india tea shipping war..."
coffee,1890,1,876,858,8.2477,True,"l pt 0 its in ten coffee tiitad,s.. important notiqf- hitherto l!hane been selling in the ceylon and london mark sbil thousands of bushels of ooffee of my casmgrowing. i have..."
coffee,1890,1,876,859,8.2707,True,...metery inn bowling club. on monday last a main of bowls was played o the green of the cemetery inn club the chief prize being a silver plated tea and coffee service which was kindly prese
coffee,1890,1,876,860,8.3929,True,"lipton's teas. direct from the tea garden to the teapot. no middle3ien's pposits to pay. being bole propriet.r of several of the most fam:ms tea and coffee estates m loyltn, including the eele bested "
coffee,1890,1,876,864,8.5336,True,port talbot hotel and coffee tavern. many who travel in the port talbot district will be glad to learn that the above hotel and coffee tavern (opposite the great western rail- wa...
coffee,1890,1,876,865,8.5421,True,"free. free. free. f""e. free free. free. fr ""- free. a sa'a'ple tin of delicious swiss coffee (registered) sent post paid upon application to the swiss coffee company, 102, penchurch street, e.c. free."
coffee,1890,1,876,866,8.5439,True,"a saple tin of delicious swiss coffee (registered) sent post paid upon application to the swiss coffee company, 102, fenceurch street, e.c. f""e• free. free. free. free. free. free' free' ..."
coffee,1890,1,876,868,8.5674,True,...metery inn bowling club. on monday last a main of bowls was played o the green of the cemetery inn club the chief prize being a silver plated tea and coffee service which was kindly prese
coffee,1890,1,876,869,8.5947,True,"liverpool produce. pi bst report. sugar sane fair enquiry and steady. beet easy. rice and coffee steady, but inactive. coma fair demand. linseed strong. sago. flour more demaned, full rates. dyewood's"
coffee,1890,1,876,870,8.6329,True,trad advertisemens t. the old established tea and coffee warehouse.
coffee,1890,1,876,872,8.7437,True,port talbot hotel and coffee tavern. many who travel in the port talbot district will be glad to learn that the above hotel and coffee tavern (opposite the great western rail- wa...
coffee,1890,1,876,873,8.7978,True,"tea and coffee at importers, prices. thos. jones and company, li are now delivering tea and coffee in this distriet by their own vans at wholesale prices, for cas/i..."
coffee,1890,1,876,874,8.9618,True,"...e list of wedding presents. wedding presents numbered in all 225, and of them were of great iutrimie value. one of tad notable was a handsome tea and coffee err. a silver, supplied by elkington, of "
coffee,1890,1,876,875,9.5554,True,touubol. tea-making. 3:t is essential for the perfect brewing • of tea mail coffee that the water ahould be added as noon as it reaches the boiling-point. all tea and coffee drinkers can tell by their
coffee,1890,1,876,876,9.5723,True,"!i. grand opening lipton's great tea, coffee and provision market, at 168, grange road, birkenhead, on friday, august 3rd, 1894. those premises, which have been epecially reoonstructed and sosoi..."
coffee,1890,2,3259,442,4.4451,True,"itochdale. melting of weaver9.—a meeting of weavers was held at the public coffee house, sudden, on thurs- day evening week, for the purpose of organising the weavers. mr. j. cryer, president of the r"
coffee,1890,2,3259,591,4.6033,True,".satisfactory alike to guest and host is coffee made with symington's edinburgh coffee essence. sold in small and large bottles by grocers everywh:re 411neft..534-e.z064414 ,ici.iib cycler e_ • ere..."
coffee,1890,2,3259,644,4.6533,True,"... present their comelinients. and advise soo td sex them novelties and specialties winter coatings & sititings, central buildings, 5 stockton-on-tees. coffee in perfection. pure"
coffee,1890,2,3259,667,4.672,True,"swanage. total abstinence slate cli:b.—a meeting for the starting of the club and enrolment of members was held at the figure head coffee tavern on wednesday last, the chair being taken by mr. j. webb"
coffee,1890,2,3259,700,4.6944,True,"miscellaneous. those who cannot take ordinary coffee can dr-ink syfviington's edinburgh coffee essence with comfort and pleasure. in bottles from all grocers. 79 st-nrcrw hat —new lani, c-3 15.1 per t"
coffee,1890,2,3259,980,4.9329,True,"coffee in perfection. pure coffee, whole or ground. nip nnrs.r. quality • • • finest costa rica olt ea, indian • • vs misr"" with a portion tor rincoallt. • ..."
coffee,1890,2,3259,986,4.9336,True,"edinburgh coffee essence makes delicious coree in a moment. no trouble, no waste. in &mall and large bottles. from all grocers. 100 thomas store', for *over& years bu..."
coffee,1890,2,3259,1012,4.9535,True,"brighoetsi4i,. lane head chwein,—on new year 'el day a coffee upper was provided at the primitive method. ist sunday school, about 100 partaking of the good things provided. the evening wag afterwards"
coffee,1890,2,3259,1014,4.9546,True,"... leacfort handicap hurdle race of 100 oor. second 5 soy out. of the plate. two mile and a half. first. second. and third, as placed. 11 3 mr hibbercs coffee cooler sy it nightin"
coffee,1890,2,3259,1050,4.985,True,edinburgh coffee essence makes— del itious coffee rn a moment no trouble. no waste in small and large bottles. frorn all orogen. 0 aaaaaaaaa puri. fnma to stay ii idl...
coffee,1890,2,3259,1085,5.0249,True,"edinburgh coffee essence ueda' to everybody, every day, everywhere. k irkbride corless, cabinet makers and upholsterers, 97, bing street, lancaster, respectl ully sol..."
coffee,1890,2,3259,1099,5.0368,True,"agintb wanted to sell or .oelebrated post teas. french coffee particulars tree. —oliver. oliver ll' london. -- brew -""d 'oar?. i,%ittudiatts `glanttb. fitisullantatts tn anteb. excikange tor stamped r"
coffee,1890,2,3259,1108,5.0471,True,"dimmed- ined- resatios.lll2! rawyeriat irma. nw' fruit coffee. a west hartlepool luxury. air george hall, groner, wasktrarsost, war lifardepor, to. laverinillhaill et oellaewliol. proraired tolisiello"
coffee,1890,2,3259,1109,5.0477,True,".... i) 1 son. of colue and licierfiviti, invit, • attention to tho borough c, .)ffe e tave gs, burnley, nun!. the 'market ira chancery street. with the coffee tavern i 4 ;neorpora"
coffee,1890,2,3259,1115,5.0502,True,"...e modern damascus. its bazaars and streets. cross-legged, upon is red velvet eouoh, the citizen of damascus smoke his cigarette or nargilsh, sips his coffee or arakit--a strong drink filtioured with"
coffee,1890,2,3259,1136,5.0687,True,"'4th. trade announcemeii • an licellent breakfast brink. fruit coffee (it faiiithit cd). r,2i.,,,,,,.. :,...gt.,. :..i..,,,..... a. blend of oefee which la pronounced to be of a mcet delicious flavour"
coffee,1890,2,3259,1162,5.095,True,"imes; no. 199. -- busmese announcements. pure coffee coffee, the finest quality • 2/- piz la, flnnst costa rica or east wian finest mysore • • • 1/1 mixed with a portion of chicory, ls. ia ikm• • the "
coffee,1890,2,3259,1239,5.1676,True,"edinburgh coffee essence makes delicions coffee in a rnoolf,t. no v.ollbl, no waste. in small and large bottles, i, c.n no grocers fr eade'ii pzi,ls. eade's p ills. a..."
coffee,1890,2,3259,1240,5.1679,True,"...icap plate of 100 sov, second 10 soy. two miles. first, second, and third, as placed. 10 10 mr shirley's heathvoe 4y a nightingall 10 12 mr hibbert's coffee co"
coffee,1890,2,3259,1286,5.2156,True,"swansea.,. rovicn—lf you—;;;i chop. steak. or diener try the nernst coffee invent aod cate reetasrant. oxford-street. strange. (nppoeite the market). private rooms tor ladle.; c.ll,lloltill i ttooren—"
coffee,1890,2,3259,1320,5.2556,True,p poo 000 00 0 00 000 0000 00000 0 nothing steadies the nerves and clears the brain lik2 a strong cup of symington's edinburgh coffee essence. in bottles from all grocers. i.lminnmilmom•iviimmfflim.r 
coffee,1890,2,3259,1324,5.2571,True,"hitalth willieginered. beat'estis-ellieiree-7—veittrbere. dblbruile will be one m--4 bob hall. al, queen viobeeibet., damps. fruit coffee. a west hartlepool luxury. -kilt george hall, grocer, ill lito"
coffee,1890,2,3259,1342,5.2719,True,"carnfortil women's sewing meeting.—laat eve,' ing a coffee supper wan he'd at tne congregatir,nal class-room, when the ,dibies w,re given by mn. ihmsworth, about 50 persona being preeent. a programme "
coffee,1890,2,3259,1347,5.2783,True,"miscellaneous. those who cannot take ordinary coffee can dr-ink syfviington's edinburgh coffee essence with comfort and pleasure. in bottles from all grocers. 79 st-nrcrw hat —new lani, c-3 15.1 per t"
coffee,1890,2,3259,1353,5.2922,True,"... over 40 vox. ""lile"" tool shop, north-road, lancaster. tools for the garden, the workshop, and the home. razors, scissors, &c. one trial gold iviedal coffee essen"
coffee,1890,2,3259,1356,5.2949,True,"brampton and district. notes. in connection with the temperance news. total abstinence society's band, a coffee supper was given in the tweed mill, on monday night, by the countess of carlisle. there "
coffee,1890,2,3259,1357,5.2951,True,"edinburgh coffee mak— so delitio.is coif,.. in a morn pall. no taintible. no waste. in small and iarza bottles. to am all grocers. • ^ ou aaaaaaa 0 pum,.. 100"
coffee,1890,2,3259,1376,5.3107,True,"liesoosioansoossoo.o4beseeel rsoo,4)socitzvia.-.3, g, never be without a bottle of symington's edinburgh coffee essence in the house. all grocers sell it. it makes de- licious coffee in a moment. k' q"
coffee,1890,2,3259,1381,5.3129,True,"...son. 1897. peckston and co., the fashionable tailors. novelties and specialties spring coatings & suitings. 5, central buildings, 5 stockton-on-tees. coffee in !perfection. pure coffee"
coffee,1890,2,3259,1428,5.3595,True,"fruit coffee (segisterei)). a blend of coen utscia is pronounced to be of most delicious flavour, and n,holcsoir.e, stimulati,z, and nourishing. roasted by patent..."
coffee,1890,2,3259,1468,5.4019,True,"special notice! downes' universal teas are reduced 2d. per lb. owing to the reduction in tee duty. 1/2,1/4, 1/8, 1/10, 2/- per lb. a trial solicited. coffee—fresh roasted and ground daily on the premi"
coffee,1890,2,3259,1475,5.4128,True,"taal nab ristrid atius. nelson. beer rare in barsky foe rood dinners and teas is sirrou's restaareet and coffee torero, 1, bridge street (does to tram centre). visitors to town will dad hire every oda"
coffee,1890,2,3259,1499,5.4385,True,"edinburgh coffee essence. ueedul to everybody, every day, everywhere. kirkbride & corlebk. cabinet makers and upholsterers, 47, king street, lancaster, respectfully s..."
coffee,1890,2,3259,1552,5.4859,True,"ren...«.•:%**wi1trivii%16%...%°•.!::••.-6••••••%: • .% the smoothnesa, delicacy and u'-for- 7,4 may of favour have made symio:f.:•rfs:: edinburgh coffee essence a table:: p. favourite with those who c"
coffee,1890,2,3259,1554,5.487,True,"ask your grocer for • rower, or ask at ally restaurant or coffee tamil tor a glass of beckett's winterine 7eiev ---- the best non-alcoholic subinitute for brandy. an excellent preventive against cold_"
coffee,1890,2,3259,1614,5.5376,True,"... leacfort handicap hurdle race of 100 oor. second 5 soy out. of the plate. two mile and a half. first. second. and third, as placed. 11 3 mr hibbercs coffee cooler sy it nightin"
coffee,1890,2,3259,1628,5.5506,True,"...ibbler. blagill sunday school anniversary. the above anniversary was celebrated on satur- day and sunday, 25th and 26th june, by a public meeting and coffee supper on the saturday, and special serv"
coffee,1890,2,3259,1672,5.5894,True,"the virtues of coffee are at present beim, widely discussed, and both doctors and lyman agree slut atm, freslaly-roetted, pare, well-made cotes is one ot the heat and 'met..."
coffee,1890,2,3259,1674,5.5901,True,"e•e•eoe.o.o.oose...ooesoinie2 ~satisfactory alike to guest and host is coffee made with; symington's edinburgh coffee • essence. sold in small and large g bol""-1, by grocers everywht!re. cot?). 0i6i14"
coffee,1890,2,3259,1675,5.5903,True,"for ball mior bale, cheap, cottage pianv. .12 nearly new.—apply gazette office. icior bale. 24 fourteen pound tea can. nibters, and one •poet coffee apply j. nigiviinoii.i, 89, high street, brid. micr"
coffee,1890,2,3259,1689,5.6019,True,"thief. at manchester police con rt on tim today, arthur cctiain. formerly kitchen poner at the royal oak coffee tavern, desnwate, was charged with stealing s bicycle, valued at ell 10e.. the pro- pert"
coffee,1890,2,3259,1706,5.6246,True,antibilious pills. • i. symington's edinburgh coffee essences are noted for their rich and delicious flavour. sold in small and large bottles by grocers in every town. dean's female mixture to positiv
coffee,1890,2,3259,1707,5.6253,True,"e i-- who are • reztaapimneetaseettals,,,,,-'-- 5 the finest coffee essence that. 09 money can buy is symhigten's edin- burgh gaffe° essence. makes a cup in a moment. from grocers through- ~ gout the "
coffee,1890,2,3259,1712,5.6275,True,"edinburgh coffee essence makes delicious coffee in a moment. no trouble, no waste. in small and large bottles, from all grocers. guaranteed pure. (mena coluticct all ..."
coffee,1890,2,3259,1716,5.6338,True,coffee as a disinfectant. lady m. l. w. writes to the dail l'airaph ex. oiling the virtues a codee as a disinfectant. she says: i feel yoti n ill .• ready t...
coffee,1890,2,3259,1720,5.637,True,"us mita. qit cation wanted.—wanted management of coffee tavern or club by married couple, well up in every branch (or would rent), one let-down or closed prtferred.-7. 11. harding, 66, russell-street,"
coffee,1890,2,3259,1729,5.6483,True,"charge against a publican. at st. helens, cm monday, thomas erna*, landlord cf the hammed r. 1111599 known an the coffee roam, marks.streisk was charged with perunithog drunketmens, with perfuming vio"
coffee,1890,2,3259,1746,5.6664,True,"abridged prospectus. this company has been formed for the purpose of carrying on the business of a coffee house and temperance hotel company, with subsidiary departments connected therewith, in bridli"
coffee,1890,2,3259,1774,5.6963,True,"on /tale. in balk, counthr, 16 feet long, !plywood top, ‘..r potent cub till &swa, complete; males, madame, coffee iwo, chumbeem. 10 sale, pony, c,n.aim i,rol, 'os it.uad cbp.-221, clowea-street, west"
coffee,1890,2,3259,1823,5.7368,True,"edinburgh coffee essences. sou, nir gloom evisnrsum. bicycles for this season, with all the latest innuovesuorrs, suitable fob ladies, gentlemen, girls, and boys. bas..."
coffee,1890,2,3259,1839,5.7486,True,"wyke regis. thr rrading room and coffee tarrrn.—tbe annusl etstement of accounts shows a total income of z 6,5 lls 7,1. this includes honorary members' elk- acription, amounting to £25 9314..."
coffee,1890,2,3259,1852,5.7603,True,"...er foweeit in the world. r- 11177. °4f7agi37l7:l,6llger:74l74lained, 0 0 comforting cup made in a to e 5 tao r) moment by using symington s edinburgh coffee essence. in 44"
coffee,1890,2,3259,1871,5.7831,True,"selected contributions. a novel coffee grinder. (:nmdfather,—l write you a story ""a new kind of (%iffee :—a negro ser- vant was told to grind some coffee, and prepare • cup for his mast,r'..."
coffee,1890,2,3259,1878,5.7881,True,"warrington. silver english lever watch, by harris and son, just forfeited 755. f!lcl. electroplated tea and coffee sr- vices, best quality, quite new 6113.0 d. silver english centre seconds stop _ wat"
coffee,1890,2,3259,1880,5.7895,True,"... present their comelinients. and advise soo td sex them novelties and specialties winter coatings & sititings, central buildings, 5 stockton-on-tees. coffee in perfection. pure"
coffee,1890,2,3259,1912,5.8246,True,"...s, persian la nibs, astrachans. a specia 1, line in seal phl:g 53 inches wide, 9/11 p,r. 1. papterns free on application a long-felt want supplied! a coffee liouse f"
coffee,1890,2,3259,1917,5.8291,True,"symington's edinburg* coffee essence maas deficidas (oros in i assinent— ns tierils. li. wait,. in tonal, and largo yank% treat in oman. lons."
coffee,1890,2,3259,1924,5.837,True,"a notorious coiner. the birmingham detectives have arrested a man named george davies, whose chief alias is ""coffee george,"" and who, during the greater part of a long and busy criminal existence,has "
coffee,1890,2,3259,1960,5.8651,True,"'iiie old esta.blisiied tea. and coffee warehouse. finest neav season's teas prom is. 4d. to 2s. bd. per lb. renry heath, wiiolea e family grocer, high street, crewe. -parcels deliyered pro..."
coffee,1890,2,3259,1966,5.8725,True,"edinburgh coffee eseaciiti, mehl to everybody, every day; `ever;viiger.e.: anthony bell & sons manulactarem of marble chimney pieces, monuments, tablets, & fonts. wor..."
coffee,1890,2,3259,1971,5.8812,True,"grindstonrs.—john bond. rowsley, derbyshire. 1 s. weekly will secure bicycle; stamped envelope.— .1. eustace, invercrombie, ciunnersbury. coffee (pure). 14lb canister 10s.6d.write for goods list. ceyl"
coffee,1890,2,3259,1974,5.8924,True,"one bottle oymington's edinburgh coffee essence. useful to everybody, every day, everywhere. kirkbride & corless, cabinet makers and upholsterers, 47, king street, lancaster, respectfully s..."
coffee,1890,2,3259,1979,5.8993,True,"a notorious coiner. the birmingham detectives have arrested a man named george davies, whose chief alias is ""coffee george,"" and who, during the greater part of a long and busy criminal existence,has "
coffee,1890,2,3259,1982,5.9028,True,"eddes dandelion coffee ci ‘jr the best and cheapest ever offered to the public. sold by all grocers and druggists, la canister 6d., 10d.. arid is. bd. each. wholesale by j...."
coffee,1890,2,3259,2010,5.934,True,"_ t, delicious! .)rating: table! inomical s'ciw"" have you tried it yet? also it maso6i's coffee fs‘zenicz. and prason's issfinr e_srence. y all chemists, or sample bottle of either wht post free for m"
coffee,1890,2,3259,2017,5.9402,True,"edinburgh coffee essences are the tjeading brand of the world and are noted for their delicate flavour, delicious aroma, and delightful strength. their other virtues ..."
coffee,1890,2,3259,2021,5.944,True,"*.; • .„.ez who are wu/ st coffee essence that try is 8761irigicn's edin- essence. plakes a cup lent. from crocars through- it world. ,asstt,tsa-as.vststvizeztaat t?of.';‘7.4a.7.'z' f..."
coffee,1890,2,3259,2028,5.9547,True,ti symington a edinburgh coffee essences are noted for their rich and delicious flavour. sold' in small and large bottles by grocers in every town. ikelvivavivviarvlnvivv nese tiny ...
coffee,1890,2,3259,2030,5.9565,True,"special notice! downes' universal teas are reduced 2d. per lb. owing to the reduction in tea duty. 1/2,1/4, 1/8, 1/10, 2/- per lb. a trial solicited. coffee—fresh roasted and ground daily on the premi"
coffee,1890,2,3259,2041,5.9654,True,"for sale. ""ivor sale. 24 fourteen pound tee can- nisters, and one poet coffee apply j. niorniums, 89, high street, enid. wigton. ri w. trafford, breeder and exhibitor 1,3-. (not • dealer) of high.clas"
coffee,1890,2,3259,2062,5.9869,True,"...n. 1897. peckston and co., tfle fasiiionarlr tailor.% novelties and specialties spring coatings & suitings, 5, central buildings, 5 stockton-on-teeel coffee in perfection. pure coffe"
coffee,1890,2,3259,2067,5.9913,True,"st. john ambulance brigade. presentation to dr. adams. a coffee supper and smoking concert in connection with the warrington ambulance brigade, took place in the temperance hall, buttermarket-street, "
coffee,1890,2,3259,2069,5.9926,True,"n oep .n. 'lipton's great tea, coffee and provision market, 168, grange road, birkenetead. these premises whkh have been apecially reconstructed and :r&rt.l7 fitted up as • lirron 8 berne..."
coffee,1890,2,3259,2073,5.9964,True,"essence roives a cui f deliciou coffee in _moment, f !superior to the ordinary ground cali sold in small and large utiles by grocers el./ru(111:u. prince and princess of wales at the alber..."
coffee,1890,2,3259,2076,5.9983,True,"celebrated coffee to the oldest habitues and unbend in affable con- verse. her sou, who has ""gone foreign,"" is the pivot upon which her conversation chiefly turns, ill..."
coffee,1890,2,3259,2078,6.0013,True,"symington's idiniburok coffee essence air dellslias sifts im • smorinl ni wesow as ussla op emell mid imp 1101110, trim all oresses eamtliatiell ivire."
coffee,1890,2,3259,2099,6.029,True,... universal list. meeting at littleborough. on thursday evening week a meeting of the little- borough card and blowing room operatives was held at the coffee house
coffee,1890,2,3259,2100,6.0295,True,"krabi pasha, ex-minister of war for egypt, writing from ceylon. says about lipton's coffee having vis.ted your ti and rcffee estates. i have had daay opportunit its if tasting the coffee grown on mese"
coffee,1890,2,3259,2108,6.0436,True,i satisfactory alike to guest and host is coffee made with symington's edinburgh coffee essence. sold in small and hirg. bottles by ora jen erorywhe't • ---••••.•••••••••••1 rid terme u e.......... ...
coffee,1890,2,3259,2113,6.0477,True,"...es, no. 270. win'fer coatings & suitings, *mich art ot excernomag mee, and cali. too vote stecial attention 5, central buildings, 5 stockton-on-tees. coffee in perfection"
coffee,1890,2,3259,2115,6.0514,True,"a chat with the coffee cooler. chemist, lawyer, roxf.r.-an evuitpcil career. siure the management of the gaiety came tho hand.. of mr carlton st aubm. and that gentleman fi..."
coffee,1890,2,3259,2116,6.0541,True,"slaithwaite. fresh roasted cottle, finest quality, 1. hl. per lb., pure.—city tea co., coffee roasters, slaith- waite.—adrt. cottage lecture.—on tuesday evening the rev. james evans, of sunny bank, co"
coffee,1890,2,3259,2119,6.0555,True,"lipton, tea and coffee planter, ceylon, ceylon tea and coffee shipping warehouses... indian tea shipping warehouses and export stores indian offices ...maddema mills, cinna..."
coffee,1890,2,3259,2123,6.0603,True,"warrington. silver english lever watch, by harris and son, just forfeited electro-plated tea. and coffee srlt- vices, best quality, quite new 6s. rd. silver english ()entre seconds stop watch. with al"
coffee,1890,2,3259,2129,6.0686,True,"edinburgh coffee e ssence sold iu large and small bottles by grocer.. throughout the empire. try it'. standard 11.4.1 caster and c a ounty dvertiser,"" is now the only..."
coffee,1890,2,3259,2133,6.0749,True,"working men's penny concerts the last of the season. there was a very crowded attendance, under the presidency of mr. c. c. grundy, at the station coffee palace, on monday evening, /v. lieu the workil"
coffee,1890,2,3259,2138,6.0844,True,hints for householders for filling pin cud:dom.—dry coffee grounds eaih day and keep them until you have enough for filling. needles and pine will never rust if kept in thaw for years. they elan make 
coffee,1890,2,3259,2140,6.0871,True,"coffee rouse. 31305 that's the rub for me, mister. that's the rub for me, mister. that's the rub for me, mister. that's the rub.—elliman'b. that' s the rub...."
coffee,1890,2,3259,2141,6.0873,True,"an rxciii.mt breakfast drink. fruit coffee 'geo. hall, _ rreeh every other dal"" syming' wld pea flour v medal floult. (aec ist erei)). a blood of coffee wbio a pronounced to be of most deldcio..."
coffee,1890,2,3259,2144,6.0946,True,"...otel. parlourmsida..cookn. generals.—mrs lawson's registry, albion street, darlington. a gents wanted to sell our calibrated packet it. teals, french coffee in ti"
coffee,1890,2,3259,2147,6.0972,True,"fruit coffee l!i facto- try the above. thxii 1860. the northee is now admitted bg of the best and no ""10 (evening) in 4 (registered). a blend of coffee which is p..."
coffee,1890,2,3259,2153,6.1054,True,".satisfactory alike to guest and host is coffee made with symington's edinburgh coffee essence. sold in small and large bottles by grocers everywh:re 411neft..534-e.z064414 ,ici.iib cycler e_ • ere..."
coffee,1890,2,3259,2154,6.1099,True,"st. joiin ambulance brigade. presentation to dr. adams. a coffee supper and smoking concert in connection with the warrington ambulance brigade, took place in the temperance hall, buttermarket-street,"
coffee,1890,2,3259,2155,6.1108,True,"inspection of nurseries delion coffee ci e n tn. the best and cheapest ever offered to the public. sold by all grocers and druggists, in canister 5d., 10d., and is. bd. each. wholesa:e by..."
coffee,1890,2,3259,2159,6.1138,True,"best stores in erdington for christmas fruits, cakes, pastry, etc. barrows' tea and coffee warefiouse, 93, bull street and barrow's stores • barrows'. stores 74, 76 & 78, corporation street, birld ing"
coffee,1890,2,3259,2164,6.1221,True,"me new waiter. ti coffee is so poor i can't drink it."" ""jot shut your eyes, put it out of sight, and don't say anything about it,"" was om reply a the bow waiter, who will som..."
coffee,1890,2,3259,2166,6.1238,True,"good templar& lcydge. in lieu of the ordinary lodge session a coffee supper and limelight eleibition was given in the barnard street mission hall, last evening. about 70 partook of a very subetantial "
coffee,1890,2,3259,2173,6.1378,True,"62 & 64, ludgate hill, symington's edinburgh coffee essences are noted for their rich and delicious flavour. sold in small and large bottles by grocers in every town. tdw le fe.flanyroy.al dii is stee"
coffee,1890,2,3259,2174,6.1385,True,"grain 0.971""""991•c°7991=1:19 19911•91•61 19,1=z9=9914•114.7191=.01911=9 x& 9. 19001 the ideal time coffee di • imaging autviin 1101cono. and 114nalmt anu maim.? in ink unnaii yam' takes wham ink lonia"
coffee,1890,2,3259,2178,6.1468,True,for remainder of local nora see page never be without a botth symingtcris edinburgh coffee essence in the house. al grocers sell it. it makes delicious co iev a moment. anthon f bell & n. the lancaste
coffee,1890,2,3259,2179,6.1469,True,"the examiner, saturday, august 24. 1895. americans drink eight times as much coffee as tea. the saying is attributed to von bulow that a tenor is not a man; be is an illness. among the greeks, breeche"
coffee,1890,2,3259,2181,6.1504,True,"coffee (registered). • blend gi coffee erblob ill pronounced to be of a most delicious flavour, and wholesome, stimulating, and nourishing._ ioasted by pate..."
coffee,1890,2,3259,2185,6.153,True,"the examiner, saturday, august 24. 1895. americans drink eight times as much coffee as tea. the saying is attributed to von bulow that a tenor is not a man; he is an illness. among the greeks, breeche"
coffee,1890,2,3259,2186,6.1533,True,"...elined quiet, hut at steady rates all round beet steady—may buyers 12s lid and sellers •id more. june buyers 12s 2}d and sellers id more; cane quiet. coffee "
coffee,1890,2,3259,2188,6.1549,True,"e pp s's cocoa for breakfast and supper. those who cannot take ordinary cofee can drink symington's edinburgh coffee essence with comfort and pleasure. in bottles from of grocers. 01,piol &situ, uwa.•"
coffee,1890,2,3259,2191,6.1626,True,the bishop of ripon on the coffee tavern movement the bradford coffee tavern company's 30th branch establishment was opened on saturday afternoon by tho bishop of ripen. it is in carl...
coffee,1890,2,3259,2206,6.1804,True,"... leacfort handicap hurdle race of 100 oor. second 5 soy out. of the plate. two mile and a half. first. second. and third, as placed. 11 3 mr hibbercs coffee cooler sy it nightin"
coffee,1890,2,3259,2220,6.2012,True,".... 1897. peckston and co., tiie fashionable tailors. novelties ani) specialties spring coatings & sijitings, 5, central buildings, 5 stockton-on-tees. coffee in "
coffee,1890,2,3259,2227,6.2091,True,"er-xl quality is the important requisite which is placed r!rst by the makers of sym!ngton's edinburgh coffee es- makes a cep n a moment. nv'v4"".a.y claricws n 41 pill-. ft warranted future in either s"
coffee,1890,2,3259,2228,6.2093,True,what is coffee essence' it is a liquid extract of the useful constituents of fine coffee. a teaspoonful added to boiling water gives a cup of delicious coffee in an...
coffee,1890,2,3259,2233,6.2136,True,"coffee palace co.. 4 431. 14, south much is own ton cruel ow= ea ur pies.; dons 4.1* et tow tlll~l 1.4 oesys waft. nam tim; 61 ny il lia•t tea or ■i4saiss. ..."
coffee,1890,2,3259,2234,6.2137,True,"use the original royal baking pow the beet made—absolutely pare. wotan, como= & co.. liverpool. sever be without a bottle of syzniut: edinburgh coffee ewan, in the house. grocers sell it. it makes del"
coffee,1890,2,3259,2235,6.2142,True,"the finest the world can produce per 1/7 ls. no mew om urrow, tea and coffee planter, ceylon. oiglon tea and coffee shipping wm./mums: madder. ms* clinnamon goidena colombo. oeplem calms uppm weed, co"
coffee,1890,2,3259,2248,6.2319,True,"tea & coffee bale rooms mincing-lane, london, b.c. _ wholesale tea blending; & duty paid stores bath-st. and clayton-st.. london, b.c. ce7fee roasting, blending s..."
coffee,1890,2,3259,2251,6.237,True,"swansea. • —•••—•---• nersett.—lf you 'greet • good chop, :reels. er dew try the marine coffee teems end cafe restauten,oxfordetreet. semmes (9gpoeite the narket). privets rooms for ladter xeceereial "
coffee,1890,2,3259,2256,6.2424,True,"boxing. george chrisp v. tiie coffee cooler."" the day of this great contest has arrived, as this evening the above boxers meet at cinnett's circus, newcastle, to contest the best of 20 r..."
coffee,1890,2,3259,2258,6.2442,True,"eddes dandelion coffee the best and cheapest ever offered to the public,. bold by all eiroctrs and druggists, la canister 5d., led., ant is. bd. each.i wholesale by j. grdd..."
coffee,1890,2,3259,2260,6.245,True,.... sugar: refined clut2; at steady rates all round beet steady-may buyers id more; and sellers id more. june buyers 12s 2.1 d. and sellers cane quiet. coffee firm on 
coffee,1890,2,3259,2269,6.257,True,"earby. coffee tavern-8;6-0mm- ercial hotel, victoria-road. hut dinners daily. tea, coffee, and cocoa at any hour. refreshment and commercial rooms good accommodati..."
coffee,1890,2,3259,2270,6.2582,True,"... sow relht3tl quldd at steady rates all round beet stendy—may buyers 12a 11 and sellers id more. june buyers 121,20 and selhelt meve2,r?* cane quiet. coffee firm on th"
coffee,1890,2,3259,2295,6.2998,True,"p • nothing' steadies the nervfo:4 and clears the brain strong oup of symington's,' edinburgh coffee essence. in bottles froni,all grocers. 1,:11114 p),,i 60i confectioner), sind _tqffi. roffiggt „.,t"
coffee,1890,2,3259,2296,6.3017,True,"bra ndesburton. coffee si:pper.—a tea and coffee supper was given in mr. brown's yard and 'bus-house on wednesday evening last, the proceeds of which are to be devoted towa..."
coffee,1890,2,3259,2312,6.3245,True,what is coffee essence' it is a liquid extract of the useful constituents of fine coffee. a teaspoonful added to boiling water gives a cup of delicious coffee in an...
coffee,1890,2,3259,2317,6.3297,True,"erimmercial, 4ttbnetrial, blackpool gigantic wheel co., limited bradford coffee tavern com-pan- y, limited if if willey & pearson, limited j 1 1 110 e.. j. liddle, 17, crossley street. charles mann, 3"
coffee,1890,2,3259,2318,6.33,True,"stoks-sub-habidon. entirtaininiiint. —an entertainment and coffee plipper took place at the wesleyan chapel on wednesday evening. there wai a large attend- ance, mr. a. woodhouse presiding. a programm"
coffee,1890,2,3259,2319,6.3304,True,"desperate suicide of a swansea grocer. he takf-s ""rat poison'. in a cardiff coffee tavettn. a fearful tragedy. consi.derable excitement was created in i rating circles in swansea on monday morning by "
coffee,1890,2,3259,2333,6.351,True,the queens shilling. breakfast is often spoiled by the poorness of the coffee. it can be made any strength by using symington's edinburgh coffee essence. 77 the return of the guards front omdurman has
coffee,1890,2,3259,2338,6.3567,True,";lbotro-plated tr& and coffee shr- vices, best quality, quite new fios. od. silver english .f3entre seconds stop watch. with all the latest improvements... ...... 9 carat gold, al..."
coffee,1890,2,3259,2339,6.3567,True,"... leacfort handicap hurdle race of 100 oor. second 5 soy out. of the plate. two mile and a half. first. second. and third, as placed. 11 3 mr hibbercs coffee cooler sy it nightin"
coffee,1890,2,3259,2349,6.3684,True,"edinburgh coffee essences are the i.4eading brand of the world and noted for their delicate flavour, delicious aroma, and delightful strengt°' their other virtues are..."
coffee,1890,2,3259,2357,6.3861,True,"... their comitliiients. and •dviim voll to s. tilia• novelties and specialties' isprino coatings & suitings, central 11 11 ildin s. 5 stockton-on-tees. coffee in perfection, pure coffee, whole or "
coffee,1890,2,3259,2359,6.3925,True,"... of the inca tribes. don't miss the greatest show in town. admission only sixpence, pay and night. butat am, plain teas 10. and 15. 6d. cop 0? via or coffee m. chas. iddeson, gums', meiteoz"
coffee,1890,2,3259,2366,6.4012,True,"t.!ve l. to clcii9. in rotel kek plr its. .s • —ll-, engines. pa. coffee cm,. hie f.van••l4. ai whin'. lemon 1.1,44,. cintmpig,te4 nob, sprit and tappillg cocks. beer prig. spirit m ',..-ter pots. was"
coffee,1890,2,3259,2371,6.4112,True,"special appointment. lipton ila• leen apcalally an,inneal tea anti coffee morahan!. to ilhe exc.,llene, the right mom ith.l.d,f den. lipton tea, coffee, and it:ocoa planter, ceylon. tue largest tea. c"
coffee,1890,2,3259,2375,6.4161,True,"dmaux bulb làl porter. lancaster. edin3orch sywngton's coffee z3sence makes deli6ous coffe, in a moment. no trouble, no waste. in small and large bottles. (cows all 0 aaaaaa eeo punt. eade's pzi..le. "
coffee,1890,2,3259,2376,6.417,True,"lo grcunds in symin,iton's edinburgh coffee essence. always of one standard tivality. pure and strong. from crccers ourywhcre. 72 it t!ie ini versal remedy. coughs colds! asthma bronchitis! bla..."
coffee,1890,2,3259,2379,6.4206,True,"irish national league. the fortnightly meeting of the erdington branch of the above league waa held on monday night. j(1111113xv 21. at the coffee fiouee, high street. councillor fanning (preeident) i"
coffee,1890,2,3259,2382,6.4252,True,"...alt,ttt tom uomplimoni, ono advise you to soo 11.313 novelties and specialties' 'winter coatings & suitings, 5, central buildings, 5 stockton-on-tee& coffee in perfection. pur"
coffee,1890,2,3259,2390,6.4345,True,"edinburgh coffee essence makes delicions coffee in a rnoolf,t. no v.ollbl, no waste. in small and large bottles, i, c.n no grocers fr eade'ii pzi,ls. eade's p ills. a..."
coffee,1890,2,3259,2395,6.4441,True,"kssenc es can be used i p+eszure awl cow!' tre by lb, who can. cot driuk the evi mar) coffee tuase st he cannot use ouo coffee and chi copy roma will and ot4 pure coffee faer•-• • r,” rept.cs l 1,11.0"
coffee,1890,2,3259,2399,6.4479,True,"or dandelion coffee the best and cheapest ever offered to the public. sold by all grocers and druggists, in canister 6d., 10d., an,l is. bd. each. wholesale by j.. gedde..."
coffee,1890,2,3259,2400,6.4482,True,"...es, no. 270. win'fer coatings & suitings, *mich art ot excernomag mee, and cali. too vote stecial attention 5, central buildings, 5 stockton-on-tees. coffee in perfection"
coffee,1890,2,3259,2405,6.4527,True,"42s net cash. manager: mb. charles furmage. blandford young men's christl9n association. corner coffee housr subscriptions 1 63 annually; 6d monthly reading room, open daily from 10 a.m. to 1 p.m. lib"
coffee,1890,2,3259,2409,6.4638,True,"coffee an excellent breakfast drink. fruit (registered). a blend of cot!,,e which is pronounced to be of a most delicious flavour, and wholcsonke, stimulati..."
coffee,1890,2,3259,2410,6.4665,True,"...n. 1897. peckston and co., the fashionable tailors, inovelties and specialties winter coatings & settings, 5, central buildings, 5 stockton-on-tees., coffee in perfection. pure coffe"
coffee,1890,2,3259,2411,6.4672,True,"41tianted. -- qititation wanted.—wanted management of k.. 7 coffee tavern or club by married couple, well up in every branch (or would rent), one let-down or closed rrtferred.—j. h. harding, 56, ru3se"
coffee,1890,2,3259,2421,6.4762,True,edinburgh coffee essence makes delicious coffoa in a moment no imola.. no wails. in sown and largo ninon. nem an groassis.
coffee,1890,2,3259,2422,6.4777,True,"one and a half mile bicycle handicap. find prim, tea and coffee set, with tray, value £lo 10s. ad. second prim, oak writing cam, £5 sa. ad. third prim, three-bottle spirit frame, value £.3 3s. od.—the"
coffee,1890,2,3259,2426,6.4804,True,"mazawattee coffee refreshing and exhilarating. •hrouzh the next sorummige, and relieved the dressure,dd passing hy brooke, senior and enahled the visitors to im,ain re..."
coffee,1890,2,3259,2428,6.4826,True,"dandelion coffee the beat and cheapest ever offered to the public. bold by all efrocers and druggists, in canister 5d., 10d., and 15. bd. each. wholesale by j.. gbdde..."
coffee,1890,2,3259,2433,6.4894,True,"the fashionable tailor. novelties and specialties winter coati nos & su iti ngs, cen i'ital building s, stockton-on-tees. coffee in perfection, pure meeee, whole or ground. toe itakte qv %litt • • • i"
coffee,1890,2,3259,2436,6.4979,True,"... spook, 'noah's ark, dwell, ortdo, positauj, coylton, galeottia, chaseeur, lovett°, and high treasurer—six furlong. blackwell's reminder, curzon, and coffee coojer—. six furlongs. 1)i.w"
coffee,1890,2,3259,2439,6.5001,True,"a testimony from the rev. l'armas hemmm. harking, london, accompanies the above, sod atm &om les w, b. loaythlea coffee tavern, 5, liesth-slseet, london, 1 i mast confess i amid not helium tt, andwant"
coffee,1890,2,3259,2443,6.502,True,"... powder iii aewpve,lirid. oritiwitriganzwarratigiranwrot 6 the smoothness, define/ and unifor- 6 i° mity of flavour have made symington's 6 edinburgh coffee essence a table fa"
coffee,1890,2,3259,2446,6.5056,True,"hints for householders to core croup.—roaat oche onion, oral it, and aprod it 1112 a piece of muslin. sprinkle coffee apoonfol i 4 ammonia ovwr it, aad apply warm t,, obild's throat. repeat this for •"
coffee,1890,2,3259,2451,6.5147,True,"coleshill athletic festival. monday. one hundred yards' handicap.-ist prize, handsome electro tea and coffee service, value £5; 2nd, marble timepiece, £2; 3rd, electro double jam server, £l. 42 entrie"
coffee,1890,2,3259,2452,6.5154,True,"...ts."" to the editor of the northern guardtan. si,-mr. furness last night stated at seaton that at mr. richardson's splendid meeting at the glad- stone coffee palace there were only ab"
coffee,1890,2,3259,2454,6.5171,True,"...icap plate of 100 sov, second 10 soy. two miles. first, second, and third, as placed. 10 10 mr shirley's heathvoe 4y a nightingall 10 12 mr hibbert's coffee co"
coffee,1890,2,3259,2459,6.5269,True,"...s that he overheard a woman lecturing her husband as follows on a train:—' now, i'll tell you why i wouldn't go into the restaurant and have a cup of coffee w"
coffee,1890,2,3259,2460,6.5272,True,"warrington. silver english lever watch, by harris and son, just forfeited electroplated tea. and coffee ser- vices, best quality, quite new ....... 755. ecl. 60s. od. silver english centre seconds sto"
coffee,1890,2,3259,2462,6.5302,True,"fti symington's edinburgh coffee essences are noted for their rich and delicious flavour. sold in small and large bottles by grocers in every town. ak.%, women's ailments.. dc.—a lad..."
coffee,1890,2,3259,2463,6.5323,True,"...ain clark and co loirpos have you billip-ro and a llivie stock of lnew end second-hasii tables always 1111 hned. tiwoligrts,_ cf. zdwabsis. singslan, coffee a 31"
coffee,1890,2,3259,2474,6.5453,True,...the committee appointed at the recent town's meeting to prepare a suitable wel- come to j. t. brown upon his return was held on monday evening at the coffee house. mr. harri
coffee,1890,2,3259,2480,6.5508,True,"james taylor, watchmaie4ir k je welm 1110 n. a large and choice selection of watches, clocks. and jewellerx electro-plate, ciittlery, tex and coffee services, spoons, for ls, engagement, :wedding. an "
coffee,1890,2,3259,2483,6.552,True,"_ permanently -^a removed, providing 1 grounds valunble = coffee true aroma in frehlr7r9agted arid p, 'stemma ""no rt4l. in which foinplo bottle, free for 151 stamp., from the proprietors— bearn cornel"
coffee,1890,2,3259,2484,6.5532,True,"rep•irs promptly rxecuted victoria buildiros j. stanworth & co., t. wits. street, ask your grocer for a bottle of syningmbie edinburgh coffee eseence. ton will like it! sold in every town. advertise!"
coffee,1890,2,3259,2487,6.5557,True,"liverpool. to ar hs. and hotel kii pers. de. —beer engines. pillar p.imps, coffee cr;,,. fonnels. cork-drawing machina. lemon presses. champagne stands, spirit and tapping cocks. beer piping, spirit m"
coffee,1890,2,3259,2489,6.5573,True,"value unequalled. 77, 78, 79, 80, 81, 82, 83. and 84, lynn street. telephone, 4156. an rxceli ro'r rreakrast drink. fruii coffee _ _ (ilmistered). a blend ot ooffee which so pronounced to be of a moot"
coffee,1890,2,3259,2490,6.5587,True,"...ts."" to the editor of the northern guardtan. si,-mr. furness last night stated at seaton that at mr. richardson's splendid meeting at the glad- stone coffee palace there were only ab"
coffee,1890,2,3259,2492,6.5592,True,"real coffee this t true aroma fragrant and and fine flavour. digestive. strength of the forwards, but these were neutral- ised by the nimbleness of the whole of ..."
coffee,1890,2,3259,2494,6.5595,True,"cases cutlery (by llsfprsl. illectro-plate tel asa i coffee services, dessert knives awo forics.i ylfl eateii/3 carver&"
coffee,1890,2,3259,2497,6.5676,True,"n!,l i n gto 14 s edin3urgh coffee es ec pr- makes delicious coffee in a moment. no trouble, no waste. in small and large bottles, from all 10e grocers. guarantccd pure. 7 r 7-13 i r,„..."
coffee,1890,2,3259,2499,6.568,True,"symingtc; edinburgh so io .c.f. essence makes deiicious coffee rn a moment. no trouble, no waste. in small and large bottles, from all grocers. guaranteed pure. 10c"
coffee,1890,2,3259,2513,6.5904,True,"wilkinson's tea, coffee and refreshment rooms. hot dinners mondays and wednesdays, from 12-0 o'clock to 2-0 o'clock. fungals, weddings and plc-flies supplied on the shortest..."
coffee,1890,2,3259,2516,6.5963,True,"lthe redcar ljc2i board on .1. of the plans for the erection of a room, 51ft. by 27ft. on the et tim joining the union jack coffee 1' liedley, auctioneer, of stockton. mr g i go. .tones ntimated to th"
coffee,1890,2,3259,2522,6.6052,True,symington's 'dins-brox coffee essence _ mks delleleme seen id s wassea• ile 'rouble. me webs. oa mug awl omer bollbe. lboo 1111 ossew 011401111110 e no&
coffee,1890,2,3259,2525,6.6131,True,"loudon sitvation wanted.—wanited management of' coffee tavern or club by married couple. well up in every branol..(or would rent). 4.) ne let-down or c.josed rrtferred.—.l h harding, 56. russell-stree"
coffee,1890,2,3259,2526,6.6132,True,"publications. miscellaneous. "":doyal coffee sketching prizes. _lko £10; £5; sat £1; 10 at 108; 20 at 50 (a 7 prizes) offered for best designs for advertising ""royal"" coffee, tea, and cocoa. any..."
coffee,1890,2,3259,2542,6.6487,True,"special appointment. lipton ila• leen apcalally an,inneal tea anti coffee morahan!. to ilhe exc.,llene, the right mom ith.l.d,f den. lipton tea, coffee, and it:ocoa planter, ceylon. tue largest tea. c"
coffee,1890,2,3259,2543,6.6495,True,"facts and fancies. calm kau blzowairs. • the experiments of luderitr, of vienna, tend to establish the belief in the antiseptic properties of coffee. a strong solution of coffee, for example, ended th"
coffee,1890,2,3259,2552,6.6629,True,"wanted, good, strong general servant. 'to wash and bake; £lo to £l.2.—apply coffee taveim canal- yard. thelwall."
coffee,1890,2,3259,2554,6.667,True,"weak resegeoecosomaismcsys, :, 5 the finest coffee essence that imoney can buy is symington's &lin- burgh caffee essence. makes a cup in a moment. frcm grocers through- out tha world. tosesaspeosoodrz"
coffee,1890,2,3259,2566,6.6765,True,"one bottle symington's e.dinsubgh /1 coffee essence. tefil to everybody, every day, everywhere. kibebride & corless. cabinet -masers and upholsterers, 47, sing street, lancaster. respectfully s..."
coffee,1890,2,3259,2569,6.6831,True,"supper at wombwell. --- on friday evening, the members of the wroth- well and dietrict literary society held their manual coffee sapper and musical evening in the bartieley road board schools. the pro"
coffee,1890,2,3259,2573,6.69,True,"san&-v iches egg ~ lo corned beef 10 drinks. coffee 5 ittilk .,.... 5 tea claceolate the americans have only three meals a day, but the diglibes are praetically the same at each. the elaiied bihtisher"
coffee,1890,2,3259,2576,6.6974,True,"coffee in perfeciion. wilson streei', mii)dlesi3r(jui:ii. 1 high.class upholersterers and %t pure coffee roia: or ground. ted furnishs, finfat quality • • •..."
coffee,1890,2,3259,2584,6.7195,True,"coffee services, dessert knives and yobiti, watch3i3. • mu eaters 411 d chas. _ cumin& li•tlillt goods' oazrf vajust't 1 rings. plubwmountedphotosi az =min%..."
coffee,1890,2,3259,2586,6.7228,True,"...ason. 1897. peckston and c 0 the fashionablx tailors. novelties and specialties spring coatings & sititings, 5, central buildings. 5 stockton-on-tees coffee in perfection. pure coffee, "
coffee,1890,2,3259,2591,6.7328,True,"fdinpurgh coffee essence makes delaious coffee /n a moment. no trooble, no waste. in small and large bottles, from all grocers. • 100 rymostes stork, for errant yam h..."
coffee,1890,2,3259,2592,6.7358,True,"...ondon produce. friday. sugar refined goods quiet but steady; beet quiet—december 125 sfd and 12s 4id to 135 sid combined, and january sellers 12s 6d. coffee on the spot slow; futures dull—ri"
coffee,1890,2,3259,2593,6.7367,True,"presented mrs jacob with the tea and coffee service in a few well chosen words. the chairman then called upon mr john stephens to present the address to mr jacob, which he did, addressing the m..."
coffee,1890,2,3259,2594,6.7389,True,"deliciocs blends of finest- coffee and 10d, 1. and la 2d per lb. pure odpipee, iiich&it and ben. for la td per lb. no higher price. coffee eelsence.9. upton's ewa. of oolkse. scl and 9..."
coffee,1890,2,3259,2595,6.7402,True,"always looks for the label on a bottle of coffee essence, and will take none but that of symington, edinburgh. central hall, redcar. _ tice old-established watchmaking busi- ness thoroughly reorgani..."
coffee,1890,2,3259,2597,6.7496,True,"coffee a 31b. tin of ""coramonwealth"" oopinni .1m carriage feld any part of the vim= itiodom tor 3,- .70= hjuiepd2/1, if. igesaeooz, smarr, losone. ead e's p..."
coffee,1890,2,3259,2598,6.7505,True,"delicious! wholesome! refreshin! or' have you tried n. yet? also 1-ry mason's coffee essence and mason's wm g jesseuce. sad by all chemists, &e., or sample bottle of either seut post free for nine sta"
coffee,1890,2,3259,2601,6.7541,True,"east fordington. east forilington vestry was held et the motile memorial coffee tavern. there were present :—the vicar (the rev. sidney moldier). in the chair. the rev a. acton (curate), mi. ssrs. h. "
coffee,1890,2,3259,2606,6.7657,True,"golden eve orc hest rai. society's prui)entia_l assurance company concert and coffee supper. limited. this band held a concert and supper in the congre ciiief office—holborn bars, london. gational sch"
coffee,1890,2,3259,2609,6.7685,True,"...ocoa eincgt2ijitif'aalaw444o4/4.1j34:33033 pa et a fragrant, grateful, and w g ccmfortug cup made in a 5.! g moment by using symington s ou edinburgh coffee es.sence. in "
coffee,1890,2,3259,2617,6.7751,True,"tried it yet? econoi a-17,0 try' ma,son's coffee essence and mason's win_k_r_sence. chemists, sold by au nemists, &e., or sample bottle of either sent post free for mara 13.4113ap s. ......., ~........"
coffee,1890,2,3259,2620,6.7838,True,"ablett and foyl, restaurateurs and caterers. 18, markrt-btreet, fob the beet 61t. dinner& 1, brorb road, morprth dock. dltung. tea an. coffee laeoess. strietly modems priam bakery-185, orangb road. ex"
coffee,1890,2,3259,2623,6.7905,True,"frtintlitg, sct., ts tn. i.nr sale, good house, anchor coffee j: tavern (long hiam) ahm mart dourisising business satisfactory moons for rimiest pro. priator leariog. —apply to proprietor, anchor coll"
coffee,1890,2,3259,2626,6.7948,True,coffee ist .. awl the latter part of the week let volunteer battalion royal warwiokehire regiment (battalion canteen). telegraphic address: telephon• lee. 4...
coffee,1890,2,3259,2629,6.7987,True,coffee services. dessert gniaies or. pow rum ntrztus carters.
coffee,1890,2,3259,2630,6.7991,True,coffee supper at the hartlepool seamen's mission room. the rev. j. w. boyer (chaplain of the missions to seamen society in the haitlepools) yesterday even- ...
coffee,1890,2,3259,2633,6.8085,True,"'monists pxcu whoa 1.. from blackpool to 1-j the mi op kan will and specnal adienesititi by visiting the douglas coffee palaca karim plaon, north quay. tea, coffee. oorios, confectionery. hews. orensi"
coffee,1890,2,3259,2637,6.8174,True,rniversal quaiity is the important requisite which is placed first by the makers of symington's edinburgh coffee es- sence. makes a cup in a moment. cures when all other remedies fail it acts like mag
coffee,1890,2,3259,2640,6.8237,True,"...ondon produce. friday. sugar refined goods quiet but steady; beet quiet—december 12s sid and 12s 4id to i3s bid combined, and january sellers 12s 6d. coffee on the spot slow; futures dull—ri"
coffee,1890,2,3259,2641,6.8264,True,"electro-plated tea. and coffee ser- vices, best quality, quite new silver english f3entre seconds stop watch, with all the latest improvements g carat gold albert, curb, with seal,..."
coffee,1890,2,3259,2644,6.8287,True,"stockton trades council. on tuesday the monthly meeting of stockton and thornaby trades an lshour council was held in the exchange coffee pal are. stockton, counci i lor walton thorne by 1 ',peed ing."
coffee,1890,2,3259,2658,6.8509,True,"_ permanently -^a removed, providing 1 grounds valunble = coffee true aroma in frehlr7r9agted arid p, 'stemma ""no rt4l. in which foinplo bottle, free for 151 stamp., from the proprietors— bearn cornel"
coffee,1890,2,3259,2661,6.8531,True,confectionery & biscuits. beef and kidney pies every friday & saturday. tea and coffee at any time. dinners made to order. rrcs6 h ave you heard? what wonders goldsbrough'a famous remedies are working
coffee,1890,2,3259,2663,6.8583,True,"...97. peckston and co., the fashionable tailoes, novelties and specialties 1,1 spring coatings & suitings, -- 5, cenpral buildings, 5 stockton-on-tees. coffee in perfection. _ pur"
coffee,1890,2,3259,2665,6.8621,True,"i3uppk tilinbmibsion abroad ""vorget and forgi'i4."" by /wi ithriourgaes. • ,117,0 tea & coffee vi, 0 warehouse, 93, bull street, and stores, 74, 76 & 78, corporation st., birmingham. —ly the best of ev"
coffee,1890,2,3259,2669,6.8657,True,"lipton, ta and coffee planter, ceylon. the largest tea, coffee, and provlsion dealer in tim world. sal, puler:lt:or of the following celebrated teo gall coffee odd'. in ce..."
coffee,1890,2,3259,2671,6.8673,True,"edinburgh coffee essence. tiaetul to everybody, every day, everywhere. anthony bell & sons manufacturers of marble chimney pieces, monuments, tablets, dc fonts. works..."
coffee,1890,2,3259,2680,6.8797,True,"don, e.c. 'coffee roasting and mending stores and coffee essence manutitotory 203, old-eitreer, london, e.o. general offices: dath-street, city-roid, london, e.c. loce..."
coffee,1890,2,3259,2681,6.881,True,a ci lid 8 2 nothing steadies the nerves and clears the brain likt. a strong cup of symington's edinburgh coffee essence. in bottles from all grocers. confect/one-6'y 4:slrl toffee! toffee i i 'trfee 
coffee,1890,2,3259,2683,6.8884,True,"liverpool. to clubs. and nail( kpipkiis. ae. —beer engines. pillar pound, coffee grits, ew pmiriels, cora-drawing mullins. lemon presses. clattrip,igne stands, spirit. and tapping coeks, neer piping. "
coffee,1890,2,3259,2684,6.8915,True,geddes's dandelion coffee eade'a pills. adz's puls. ar who suffer from gout or rheumatism should immediately atms plus. have recourse to bahr's pills. hundreds of testimonials...
coffee,1890,2,3259,2685,6.8937,True,"?omr coffee housn sußsciu now. its annually ad monthly. reading room, open daily from 10 a.m. to 10 p.m. library (about 200 vols.) books ex- changed wedneedsy ev..."
coffee,1890,2,3259,2693,6.9174,True,"pricic onf; rtnicy geddes's dandelion coffee the best and cheapest ever offered to the public. bold by all grocers and druggists, in caniste fid.. 10d., and is. 8d each. wholesale by j. 051ennat..."
coffee,1890,2,3259,2694,6.9179,True,"golden bee hive, 69 & 71, church street, warrington. silver english lever watch, by harris and son, just forfeited 755. m. blectro-plated tb& and coffee ser- vices, best quality, quite new 41 stk 958 "
coffee,1890,2,3259,2697,6.9246,True,"price one penny geddes's dandelion coffee corporation of the city of manchester. concentrated manure made from slaughter-house and market refuse, excrement from pail closets, blood, bones, a ..."
coffee,1890,2,3259,2700,6.9274,True,"coffee (registered). • blend gi coffee erblob ill pronounced to be of a most delicious flavour, and wholesome, stimulating, and nourishing._ ioasted by pate..."
coffee,1890,2,3259,2701,6.9315,True,"coffee is • mums mrruirs mousing. and cmuiliiit and milian? di thu nuilan _ • /air taulm tm: 1i,14111/mtilly aiiomatic add invigosating runnyiiiids"" cof7iii..."
coffee,1890,2,3259,2708,6.9515,True,-a pleasure i stephenson's furniture cream. the enlish orraneth.. what is coffee essence? it is a liquid extract of the useful constituents of fine :i coffee. a teaspoonful added to boiling water give
coffee,1890,2,3259,2709,6.9552,True,"...tel, high street. cowes, isle of wight. under new management. two minutes' walk from boats and railwai bedroom and private apartments. commercial and coffee rooms. table d'hote from"" "
coffee,1890,2,3259,2711,6.958,True,"11. 1/4 per mb. li ptons tea, coffee and cocoa planter, ceylon. the largest tea, coffee, and provision dealer in the world. branches and acencies turolnlilout tilil world l ecil bilanai...."
coffee,1890,2,3259,2717,6.9826,True,"...e than bargained for. an inquisitive paper assures its readers that the following ingredients not infrequently go to the making of a cup of tea"" ;ind coffee re- spectively .;-- a cup of tea. • in t"
coffee,1890,2,3259,2722,6.9919,True,"closing report. sugar cane firm, but not much doing; bees dull; rice, coffee and cocoa steady; linseed firm; potash 25s 3d castor oil 3s 1-16 d; gambierfirm nitrate 9s lard 33s 6d to 33s 9d; palm oil "
coffee,1890,2,3259,2723,6.9941,True,"and county advertiser. friday, february 2, 1894. pail!tered. one trial .it. ‘i gold neei;al coffee essence q ijymingtoii, edinburgh, riii bt * collvideillg proof that it in the article for the million"
coffee,1890,2,3259,2726,6.9975,True,"ra3.10303,i45333.1333330000 .: fragrant, grateful, and o 6.i o comforting cup made in a e to o moment by using symington s (,) ledinburgh coffee essence. in t bottles from all grocers. 70 t ccoccoccee"
coffee,1890,2,3259,2727,7.0008,True,"i'he examiner, frida a oroceit and his coffee. november 5. 1897 0. &an topplled plain wrapper. lo lflwwnppfi was po. nriri.re u,hlflflflthn. ell, • 1 h•,hot. provinar in that he was pre., n l'r a..."
coffee,1890,2,3259,2728,7.0012,True,"buy at lipton's and save nilp.n.. lipton planter, ~.. tea and coffee anter, ceylon. ,the largest tea coffee, & provision dealer in the world., general offices: bath street. city road, loudon, e.c.en r"
coffee,1890,2,3259,2729,7.0068,True,"2002330033303333333j30333342 a fragrant, grateful, and ccmforting cup made in a u 0 moment by using ymington a 4.4 edinburgh coffee essence. in 0 bottles from all grocers. 70 t•-: eicec.c.c.ncoccccc:c"
coffee,1890,2,3259,2739,7.0283,True,"ii vire )117611 reduced pricks ovi 8111tplus stock or fancy chinon & japasine 000116. tza and coffee sets, ornament's. a lrcms, writing cam, disks. stationzwt. and booklvm. brustics. 0011138, rta.:krr"
coffee,1890,2,3259,2743,7.0374,True,"liverpool. to clubs. and hotel kbrpicks, he —beer engines. pillar pumps. coffee urns. bar funnels. cork.airawin,c itichins. lemon mimeses, chanipigne stands. spirit and tapping cocks. beer piping. spi"
coffee,1890,2,3259,2750,7.0619,True,mrs. roesc male mixture symington's ildinsurom coffee essence makes degleiems mem 1.. anatrut no irelublih in sari and imp whim ewe grocers. aaaaaaaaa 0 pusiii.
coffee,1890,2,3259,2752,7.0647,True,"*,blaci /lead 1 the careful process by which symington's edinburgh coffee essence is made eliminates all un• pleasant properties. anyone can drink it. from grocers everywhere. 78 n fficacy • 01( 4 f a"
coffee,1890,2,3259,2756,7.0694,True,"the best two shilling tea in england. tea & coffee barrow's warehouse, 93, bull street, and barrow's stores, 74, 76 & 78, corporation st., birmingham. supply the best of everything'at the lowest possi"
coffee,1890,2,3259,2757,7.0719,True,"terrible tragedy in a coffee i tavern. alderman w. gray, of west hartlepool, knighted. a young woman shot dead. about twenty minutes to ems en wednesday a builder, named mama gif..."
coffee,1890,2,3259,2758,7.0725,True,"...s. the otter, timoroso, bay marden, grimpereau, chulee lamb, salebeia, hirailand, jim selby, talkin tarn, bruntwood, witness, go lightly, funny boat, coffee cooler, the rush, rsdiata, no"
coffee,1890,2,3259,2759,7.0734,True,"lipton, tea and coffee planter, ceylon. the largest tea, coffee, and provision dealer is tits world. moie prillit 101. nf the followitc.: celebrated teei and coffee agates ..."
coffee,1890,2,3259,2760,7.0744,True,"...ed; lyles granulated ha u, 17s 6d foreign dull beet steady.—decemlier buyei-7.3: i2;40 sellers 12s 51d and january buyers 12s 4d and sellers ~12s 6d, coffee dull"
coffee,1890,2,3259,2761,7.0775,True,coffee is • wilacino autumn 110n000.-4fp mir= and linioniaieara% pant tame whelk timm andkatic and dividona .1117101mildi coffix mixture mestid moms. tiribu...
coffee,1890,2,3259,2771,7.0939,True,"swanagr tiie figure head coffee taverii.-mr. chap- man, proprietor of this well known coffee tavern, in the high street, has just taken the house next door, which he is having alter..."
coffee,1890,2,3259,2774,7.0976,True,"tine ceini. breakfast ct-ps and raccere i!ard• t! white sal eatd. l 6 per d teapots ate.. coffee pots it.. crodlen v3rlcty of rafters. ao.l fils• and to suit at.% ri:4fm oldest estaumied,"
coffee,1890,2,3259,2777,7.107,True,",to o. bow dowitios. certain nobte rather carried a s ample tin of ma.rctors swiss coffee (regd.) sent poe paid u;on applieetk,l tem swum comm company, ip!, penctiercu street, rc. filee. free. free. f"
coffee,1890,2,3259,2784,7.1212,True,"...r, ew-ste eet .a..• 11 sun-street. lancaster. comi'letphoti,i! l'1""13‘tille11. rlt ................... have you tried symington's edinburgh dandelion coffee essence? 1 i"
coffee,1890,2,3259,2786,7.1252,True,"port talbot hotel coffee tavern. opposite port talbot station. the liixia will be opened early fl it lit • .special accommodation will be mel, fr i .111111414 vials, and a ne..."
coffee,1890,2,3259,2787,7.1256,True,"...ockton trades council and tee truck act. the ordinary monthly meeting of tits sleek ton and thornaby 'trades and labour coma wha held in the exchange coffee p3l2ce stock- ton, on tuesday, counciilor"
coffee,1890,2,3259,2788,7.126,True,"stephenson's hfiniture will not finger mark. cheam. syin etnnburgh. _ th—on ycri f.-;r4;•1 istue tor _ 'ington's ,old medal coffee essences ire welted ler their nue quality, small eciit, little troubl"
coffee,1890,2,3259,2791,7.1378,True,"...s!-.? ences can be used .11 pleasure arr.l comfort by base wbn can- not drink the _ _ ordinary cue; whilbt tboa, win cofff.e and chi- c y ""nesee pure coffee essence s svaletul beverare.--clicasis 1;1"
coffee,1890,2,3259,2793,7.1438,True,"el februa r' an satire stranger to flank, carrying a can of coffee and a plate of bread and cold ham, what place is thia, and why have i been brought here r he boldly atiked his polar, as be deemed th"
coffee,1890,2,3259,2795,7.1567,True,"a wordocao :a 0 oto busy men. tou can have a cheering and imagorafing (up sl delicious coffee made in a moment, at any time, by using symington's edinburgh coffee essence. * -di sold by all good groce"
coffee,1890,2,3259,2798,7.1643,True,"coffee in perfeciion. wilson streei', mii)dlesi3r(jui:ii. 1 high.class upholersterers and %t pure coffee roia: or ground. ted furnishs, finfat quality • • •..."
coffee,1890,2,3259,2799,7.1703,True,edinburgh coffee essence makes— del itious coffee rn a moment no trouble. no waste in small and large bottles. frorn all orogen. 0 aaaaaaaaa puri. fnma to stay ii idl...
coffee,1890,2,3259,2803,7.1773,True,coffee ii • bracing amy= is aid crow mid biiont vast tairls willi= tn. 41.01latic ibviooshtb iwnsymeds cofyie 111193111 m umw= mimmu tem mmivalled 'lion bax...
coffee,1890,2,3259,2805,7.1833,True,"11111 a utical =jew colima rms. ivolorsreß, 111113110111111223. coffee so, of the united john hampden. 17, lrewoot taiwarox boxiatip fenali, 419, rwixoos ifprotalitiiii =mi vitality. nut, vg. pam &wes"
coffee,1890,2,3259,2807,7.1876,True,"...r visitoiiii to mc iptoit, bolton abbit. is. inciiiiasid end elmomit acoomiodatiox is sow 010111 d to visitors and the public parndly by do _ skipton coffee tavern co., at the pepsine ••"
coffee,1890,2,3259,2808,7.1885,True,"uslis for fmftt coffer tins. it in often difficult to find a use for old coffee tina; in most houses,theref.,re,they are yromptly thrown away. hers, however. are two ways in which they may he made use"
coffee,1890,2,3259,2812,7.1923,True,".000000ndoo3o0oo,c0000,c i: owing to the special process, symington's edinburgh coffee z essences produce no heartburn c •or biliousness. cheap, strong, '- .?? pure. small and largo bottles. g from al"
coffee,1890,2,3259,2819,7.2222,True,"tiiazawattee coffee like mazawattee tea, is sure to become a household word throughout the land. fragrant refreshing to be obtained in every city, town, or village of im..."
coffee,1890,2,3259,2820,7.2246,True,"re•ese.ols-4,44. ***** •oc,,•44••••: ff.) grcunds in symington's eilinbjrgh coffee essence. always of one standard quality. pura and t• strong. from grocers everywhere. ;040,0,40-04..04444014445e5e•;;"
coffee,1890,2,3259,2823,7.2417,True,"chorus—lt's the unionists, &e. never be without a bottle of symington's edinburgh coffee sssence in the house. all grocers sell it. it makes de— .: o unfree in a moment. t"
coffee,1890,2,3259,2824,7.2446,True,"...ain clark and co loirpos have you billip-ro and a llivie stock of lnew end second-hasii tables always 1111 hned. tiwoligrts,_ cf. zdwabsis. singslan, coffee a 31"
coffee,1890,2,3259,2826,7.2492,True,"...laretng increase in the drunk revenue. the greatest increase was in rum—ilaughie—r)— while the receipts from other articles of consump- tion, such as coffee, tea, dried fruit, etc„ were actually £130"
coffee,1890,2,3259,2828,7.2507,True,"...,7 e ,atispacrion wu for ormlig, owl no iay.—zajwiwt mx& .. ritazaival,avasasasfilm. • its purity, strength, and cheap- ness make symihnows edinburgh coffee essen:: a universal favo"
coffee,1890,2,3259,2831,7.2649,True,"tribute to a yorkshire cricketer the lovers of cricket at dritfield oe fre last week presented a solid silver we i coffee service to the yorkshire niche, j. t. brown, in reeognition of the des he had "
coffee,1890,2,3259,2832,7.2682,True,"f auit coffee excellent breakfast drink. (rf.oistered). al, 'id of coffee which ig pronounced to he of a moat delicious flavour, atimulatititr, and nourishing. sy ..."
coffee,1890,2,3259,2834,7.2734,True,i satisfactory alike to guest and host is coffee made with symington's edinburgh coffee essence. sold in small and hirg. bottles by ora jen erorywhe't • ---••••.•••••••••••1 rid terme u e.......... ...
coffee,1890,2,3259,2837,7.2967,True,"1898. warrington. aiiddevei dandelion coffee 5.""..., tm beet ad cheapest prow offered k he publ. my by a/1 brawn and druschte, la canister m.. 10.1., and le. bd. rach.l %charade by j. geddes at ..."
coffee,1890,2,3259,2838,7.2982,True,"...ard on monday approved of the plans for the erection of a spacious auction room, 51ft. by 27ft. on the esplanade, redcar (ad- joining the -onion jack coffee palacel, by mr r. lied"
coffee,1890,2,3259,2840,7.3103,True,"the trades dimonstration. on tuesday evening, in the british workman coffee tavern, ilorsemarket-st., a meeting of the general council of the warrington united trades and labour council and marshals o"
coffee,1890,2,3259,2845,7.3251,True,dandelion coffee foe first-clasti priv ate dentistry. ineth. appointments unnecessary but may t 0 arranged liceth all consultations free. ieeth. hach patient informed...
coffee,1890,2,3259,2849,7.3339,True,"grain 0.971""""991•c°7991=1:19 19911•91•61 19,1=z9=9914•114.7191=.01911=9 x& 9. 19001 the ideal time coffee di • imaging autviin 1101cono. and 114nalmt anu maim.? in ink unnaii yam' takes wham ink lonia"
coffee,1890,2,3259,2850,7.3369,True,"police intelligence. cymmen—thursday. before the stipendiary and dr parry. wilful damaiie 'lhomas grang9r, landlord of the bryuteg coffee tavetn, 'rr-alaw. charged wiiliam flute aid cooke. with wilful"
coffee,1890,2,3259,2851,7.339,True,"edd.es dandelion coffee g the best and cheapest ever offered to the public. sold by all grocers and druggists, ia canister bd., 10d., and is. bd. each. wholesale by j. eihei..."
coffee,1890,2,3259,2863,7.3597,True,"lipton, tea and coffee planter, ceylon. the largest tea, copper, and provision dmalp.r in the world. tea and coffee shipp ng warehouses: maddema mills. cinnamon gaiadicn9, ..."
coffee,1890,2,3259,2864,7.3637,True,".... things to eat. chocolate ounces icing sugar, one ounce gratel 'chocolate, two tablespoonfuls water. put into a pan, stir well, and when melted use. coffee leing,l-six minces icing sugar, one tab"
coffee,1890,2,3259,2866,7.376,True,"n,w•al l,i quality is the important requisite which is placed first by the makers of symington's edinburgh coffee es- sri:se. makes a cup in a moment."
coffee,1890,2,3259,2867,7.3764,True,"edcar.—union jack coffee palaoss. bpeaial 1.1. -rates for retools, &c.reasonable terms for tsoard lodgers, dady or week ends."
coffee,1890,2,3259,2869,7.385,True,"w eddeb'd dandelion coffee the hest and cheeped ever offered to the public, sold by all grown and drug.,lon, li. oanlst. 110powle by j. grodrs ana 80n. warrington ths wanwnoton..."
coffee,1890,2,3259,2875,7.3919,True,"promenade concerts ialltalioon and evening. meat awd plain teas le. and la 6d. cut of tua ou coffee 9d. chas. iddisson, gensoda, managar. t he a ttal ito tebo ada. oy a l, lestee and manager mr. t. ba"
coffee,1890,2,3259,2876,7.3996,True,"...th, 1891. local intelligence. recnierrisin. owing to the increase of members in connection with the rechabita tent which has bees held in mr coombes' coffee"
coffee,1890,2,3259,2878,7.4049,True,"wirdsrasims. and a, taw moat= • bitee tee grand stand. for 1 re!realtmente durnil tor elalna coffee ran% parliontars r"" whilh stockton ramos, thrsday. and thursday, august 14 17, a. to be let by aucti"
coffee,1890,2,3259,2880,7.4102,True,"...atti, •coot duck to new york paper, litwally begin, tbe business of the day in bar bed. attoon seen. is fairly seiko her maid come into the room with coffee s"
coffee,1890,2,3259,2881,7.4129,True,"...at.on 0? food and ditreo+. a sample of milk analysed diming the qtrtrter from grangetmn was tery inferior, and the ven- dor was motioned; a sample of coffee from north ormeeby contained 70 per"
coffee,1890,2,3259,2883,7.4176,True,"ceylon. ril ilk 1\441% ceylon tea & coffee shipping warehouses, maddema mills, cinnamon gardens, colombo. ceylon offices, upper chatham street, colombo. indian tea shipping warehouses & export..."
coffee,1890,2,3259,2884,7.4186,True,• cir pf(o4-en eritc-aly ••••••••••••••••2 • • no grounds in symington's e • edinburgh coffee essence. always of one standard quality. pura and strong. from cricers everywhere. :••••••••••0000.0••••• 
coffee,1890,2,3259,2885,7.4253,True,"...kl7s. poo'it ie the _ and guaranteed brand of symington & co., edinburgh. then yeu will get rood value for your reevey 1_ __ --symington's gold medal coffee essences tze—ret- erl tor their r.ne qua"
coffee,1890,2,3259,2887,7.4313,True,"symington's. edinbutpr coffee enence l: makes delicious coffee in a moment. no trouble, no waste. in small and large bottles, from all grocers. guaranteed puri!. 100"
coffee,1890,2,3259,2889,7.4391,True,"_ a on.. theo you 6.474;,;z1 isles sof yew mauey _ look lis liil bidome bff)trg i ze3tll,, sym i ncton's gold medal 1. coffee i esse (wed sta flotad mar that. vino quality, small o=t44w.• frcalif, and"
coffee,1890,2,3259,2890,7.4394,True,"iwhat is coffee essence?' is • li extnet al om awe. as- witfforat• aff cot.. lanamoonil wad to bona% mate, al,* • ea. al item& symington & co., •mis t•lt ...... i 6...."
coffee,1890,2,3259,2891,7.442,True,"g eddes's dandelion coffee the best and cheapest ever offered to the public. sold by all grocers and druggists, ia canister 5d., 10d., and is. bd. each.f wholesale by j. geddes..."
coffee,1890,2,3259,2892,7.4473,True,"yd. per coffee 1 • planter, ceylon. wo' vph, 113:114 • “areak) :41 ir4kl***7.^, ckln 1!:40-weips1 fr= ~. •'..• ..,,,, • ...-...• _ :....,...-.,,. li) i c.'- r .t: ...."
coffee,1890,2,3259,2894,7.4511,True,"death of a child. the parents severely censured, at the rising star coffee tavern, on tuesday, the coroner (mr. w. muller), and a jury of whom mr. e. damon was foreman, enquired into the circumstances"
coffee,1890,2,3259,2895,7.4522,True,"the fin.t cotreo money can by s jung•on'a burgh coffee fence. make+ a a moment. from grocer.; throa- the world. • .•• printed and published at 2. new-street chnrcb-street,_ lancaster, by the ur"" print"
coffee,1890,2,3259,2898,7.455,True,"cr dandelion coffee eddes the best and cheapest ever offered to the public. sold by all grocers and druggists, in canister 5d., 10d., and, is. 81. each. wholesale by j. ..."
coffee,1890,2,3259,2901,7.4577,True,"iilss cheerison's picture. s-oeei:sori sat in net steam nita c.,ut•e..- ttaly sipped her coffee while the servant cloars-1 away the rest of the breakfast things. the post had brought the welcome ietel"
coffee,1890,2,3259,2904,7.4634,True,coffee coffee uethesring at all tikes. lipton's
coffee,1890,2,3259,2905,7.4647,True,"...leisrpirsoof er for_ + ‘----i:hose who cannot take ordinary aes7 tileiri:naadil roe= e:l (!,lis 1 epaotihi s+,hr: tbetrdoinbt.i all rl grocersg and d coffee pie coffee can drin"
coffee,1890,2,3259,2907,7.4729,True,"me new waiter. ti coffee is so poor i can't drink it."" ""jot shut your eyes, put it out of sight, and don't say anything about it,"" was om reply a the bow waiter, who will som..."
coffee,1890,2,3259,2911,7.4808,True,...d manners. much jewellery is vulgar. do not cut your nails in public. do not run after famous people. feeing waiters is paying blackmail. unsweetened coffee cures bad breath. short nails make the f
coffee,1890,2,3259,2913,7.4838,True,"i: mar,,,?. ompany 59 am.) 60, ch an cry a3ll. loedo3i. w.c. litlablithed 39 yevt. symington's edinburgh coffee essences are noted for their rich and delicious flavour. sold in small and large bottles"
coffee,1890,2,3259,2914,7.4851,True,co-oparattea at blackpool. quarterly ximitiag. the quertmly methyl of the bleared caceperethe socisly bolil is she /miles coffee pelee* on wednesday imam& seder the miesersoy of xt. r. lloidm them wee
coffee,1890,2,3259,2917,7.4932,True,"no higher price. lipton, ,lea andao coffee a planter.coff ee, and provision dealer in the world. bole proprietor of the following celebrated tea and coffee estates in ceylon dambatenne, laymas..."
coffee,1890,2,3259,2919,7.5047,True,..... edricia...-uae. muumuu. wse.. a lb. ei. impels lbw. rbyekir and of s.l:le.:ctory alike to guest • tams& deal mi $•(l 11:17137111•11 :.:iii best is coffee
coffee,1890,2,3259,2921,7.5097,True,"hindoo pluck. mr. router a. elliot, in his recently published ""gold, sport, and coffee in mysore,"" bears willing witness to the pluck, 1 readiness, and endurance of the natives who took to the jungle "
coffee,1890,2,3259,2931,7.5539,True,"...ffen', -41 messrs. r. watts, w.. 1. s. jc and &cat. the ladies of the british women's temperance association were most assiduous in supplying tes and coffee and other light refreshments. th"
coffee,1890,2,3259,2932,7.5541,True,"want supplied! for acocks green! where tea, coffee, cueoa, cooked meats, pastries and refresichents can be had in ?mik conditton, and at moderate charges. all these can now be obtained at the agocks g"
coffee,1890,2,3259,2933,7.5555,True,discoveries by accident. a walking adventure. how coffee first came into favour as a beverage. miss mantalini at a milliner's. who eats and how to eat snails. five hundred thousand francs' worth of sn
coffee,1890,2,3259,2934,7.5589,True,"l povey and duck worth, the people's providers, 22, buttermark et-street, warrington. gedde.b dandelion coffee the best and cheapest ever offered to the public. sold by all grocers and druggists, is c"
coffee,1890,2,3259,2935,7.5648,True,"hearts of oak association. the quarterly meeting of stockton marta el '- association was held at the viokeia coffee scalevoo. monday, mr j. williams preading.— the secretary (mr lem a. therm) presente"
coffee,1890,2,3259,2938,7.5758,True,"... a d 441 offee -t. .4 • ...i 111! o.clifv,"" ~(,. lanter, `,::: ~.e. likbrrs teas 'lvots liptoasws sole proprietor of the following celebrated tea and coffee estate"
coffee,1890,2,3259,2940,7.5806,True,"faimpexp•o•000000.0'•ip • • 4,000 • a,* ~ owing to the special process, symington 's edinburgh coffee •: essences produce no heartburn •"" or biliousness. cheap, strong (?) o c!, o pure. small and larg"
coffee,1890,2,3259,2941,7.5815,True,".... davis, chemist. prescriptions carefully dis- pensed with purest drugs, at moderate prices. 01.0 square, warwick. s- cam temperans• commereal ilstsl coffee tavern company, lim"
coffee,1890,2,3259,2943,7.5835,True,"recollections of rome. lecture by an old illankpuilltais. there was quite happy gathering of old inoltans at the stition coffee pstaco last tooeday, to sokorne mr. tatorsdl wilkinson, tour. of burnley"
coffee,1890,2,3259,2944,7.5857,True,"warki.n(3ton. (3, eddeb'b dandelion coffee tn. beet and ehearaeet ever offered to jr. poldle. told by all 0,5 501 droggleta in canister 64.. 104.. en i la. bd. aseh.l 1111winal• by j. orddrs a..."
coffee,1890,2,3259,2945,7.5901,True,"those marked thus • are winners. newmarket training notes, on tue race side. day's pilot—a mile and a half. blackwell's reminder, coffee cooler, st johann, rigmarole, beauregard, and sauterelle —a mil"
coffee,1890,2,3259,2948,7.5949,True,"e•e•eoe.o.o.oose...ooesoinie2 ~satisfactory alike to guest and host is coffee made with; symington's edinburgh coffee • essence. sold in small and large g bol""-1, by grocers everywht!re. cot?). 0i6i14"
coffee,1890,2,3259,2951,7.5969,True,miss cheerison's licture. ?fiis oheerison sat in her studio and cana tentedly sipped her coffee while the servant cleared away the rest of the breakfast-things. the post had brought the welcome intell
coffee,1890,2,3259,2953,7.6002,True,"geddes's dandelion coffee the beat and cheapest ever offered to the public. sold by all grocers and druggists, in canister 5d., 10d., and is. 8d each. wholesale by j. geddes &..."
coffee,1890,2,3259,2954,7.6031,True,"eddes dandelion coffee 10p, t. clarke. examiner office, 331 market se., earlestown stationer, newsagent, ttc., ac. la.dies satchels, purses, and a good variety of other art..."
coffee,1890,2,3259,2955,7.6243,True,"umbrellas cheap enough to lose! t owing to the special process, 8 (c), symington's edinburgh coffee 8 0 essences produce no heartburn c sor biliousness. cheap, strong, o pure. small and large bottles."
coffee,1890,2,3259,2956,7.6244,True,"s y it.l n cz, i c,,, n,s coffee eszence makes. dekcious c0b.... on a thont,,t. no trot.4le, no naste in smill and large bottle,. t, oh, all grocers 12u,117.4111,717, 100 rrinomas st..."
coffee,1890,2,3259,2960,7.635,True,"bulk. the meeting for bulk was held at the coffee 'i avert] at the wagon works, on monday even- the meeting was to have commenced at half-past cerea, ist at that time only two had arrived, and a emit..."
coffee,1890,2,3259,2961,7.6369,True,"watchmaker & jeweller. ripon. james taylor, a lahde and ohoioe selection of watches. clocks. an ii jewellery, eleu ro•plate' cutlery, 'iea •11,1 coffee services. spoons forks, lico. engaceinen r, w. d"
coffee,1890,2,3259,2962,7.6412,True,coffee as a disinfectant. lady m. l. w. writes to the dail l'airaph ex. oiling the virtues a codee as a disinfectant. she says: i feel yoti n ill .• ready t...
coffee,1890,2,3259,2963,7.6468,True,"an ""extra lucid"" somnam- bulist. the inexplicable faculty of reading the future in a saucer full of coffee grounds would net seem to be allied to sweetness of temper in those on whom it is bestowed if"
coffee,1890,2,3259,2964,7.6539,True,"of course lou navy. omen ililmid or ,s vm ngt on 'l3 edinburgh coffee essences,"
coffee,1890,2,3259,2965,7.6578,True,edinbliigh coffee essence snakes dein ions .one. a mowwnt. no troutt:a. no waste. in snmll and in bottles. t.0nt.44 groom. 011/11. nw
coffee,1890,2,3259,2967,7.661,True,",fooockroooc-eg the careful process by whico 0 symington's edinburclt coffee g essence is made eliminates all un- `(.3 pleasant properties. anyore can g drink it. from grocers every-olvere. r, 78 0 7-"
coffee,1890,2,3259,2968,7.6621,True,"a child scalia') to dram—a child 11 named mary margaret longmore, two years old, howden-le-wear, scalded herself with a jug of coffee on sunday, and died shortly after. a oonnerr oomarzav lam inua.—th"
coffee,1890,2,3259,2969,7.6703,True,"established 1862 telegraphic address—' arc 148 i shop lon don.: c.5443=1001,303cv54zvz.4.114,q • • symington's edinburgh coffee e it essences are made from a se- 4itt lection of the finest coffees gro"
coffee,1890,2,3259,2973,7.682,True,"the evening meeting. a tea was subsequently provided in the station coffee palaoe, of which a moderate number 'par- took. at the after meeting mr. peake presided, and was supported by several reverend"
coffee,1890,2,3259,2974,7.6833,True,"at nine o'clock coffee was served m the drawing' room, and ar ten o'clock, alias norreys ordered bedroom candles, and ihe evening was m er. thl lady georgina retired to her..."
coffee,1890,2,3259,2975,7.6843,True,"eyes at nine o'clock coffee was served in the drawing: room, and a, ten o'clock, miss norreys ordered bedroom candles, and the evening was ol er. th 4 lady georgina retired to h..."
coffee,1890,2,3259,2977,7.6892,True,quality is the important requisite which is placed first by the makers nisyrnlngton's edinburgh coffee es- makes a cup in a moment.
coffee,1890,2,3259,2979,7.6991,True,"symington's 101111111ircin coffee essence imalms delkiese maw fa a useallwit. ns lelpab, we seas. in sou. awe immo mew; min 0 wear& illeaftaa7ll•o imo& atmita de.. ittli wm lifter ail..."
coffee,1890,2,3259,2984,7.7244,True,"at nine o'clock coffee was served in the drawing. room, and a, ten o'clock., miss norreys ordered bedroom candles, and he evening was ol er. the lady georgina retired to he..."
coffee,1890,2,3259,2985,7.7289,True,"...n :rat =to drachm, dr un k enness cured ''out the knowledge of is patient. it le the roost oerteln led ow e. it 1 hamlet. and taste- .la • cop of tee coffee oe soy fool it cover • owed m"
coffee,1890,2,3259,2988,7.7364,True,"an excei.iy.nt breakfast drink. tru it coffee (rda' a blend of whi,;. to he of a moat de lici ous flulvnt.ilt, and atin,bei.,;,..„ goaated by patent prom's (daily', iwd prepared only by ge, o. ha..."
coffee,1890,2,3259,2990,7.7446,True,"...ng barbers. william winstanley, to whom we are indebted for the ""lives of the english poets,"" beg o 110 career by soaping faces. farr, who introdocei coffee into england; dr. john taylor, whose e"
coffee,1890,2,3259,2992,7.7592,True,"helpful home hints. coffee ae a lludeltsetant.—tbe best way to effect is to atrew 0.6.0 0. iron plate —mrs linut, noralieow. chatborvugh. to kill beetle. —take name •mall lumps..."
coffee,1890,2,3259,2993,7.7662,True,"758. 6d. electro-plated tea and coffee se.r vices, best quality, quite new silver english centre seconds stop- watch, with all the latest improvements 9 carat gold albert, curb, with seal,..."
coffee,1890,2,3259,2995,7.7784,True,"lipton. sole proprietor of several of the most famous tea and coffee estates in ceylon, including the celebrated estates of dambatenne, laymastotte. monerakande, makadambatenne, mousaakelle, poopraesi"
coffee,1890,2,3259,2997,7.7805,True,"high-class mazawatti.63 coffee. high-class mazawattee coffee,. high-class maza.wattee coffee high-class mazawattes coffee. 143. /4, 1/6, 1/8, & 2/- per lb. of leading grocers. 1421..."
coffee,1890,2,3259,3000,7.7977,True,"mazawattee coffee like mazawattee tea, is sure to 1.,7.c0n1e, a household word througho7it 1...;ze.:, land. to be obtained in every city, town, or i/iliage cf importan..."
coffee,1890,2,3259,3003,7.8045,True,"tv• to in ri.ven7...k; _ wen. as nn emulsion as a preventive of with the extract of a heat producer and 'uilify or blerfnl of cold water pure coffee does not water, wlide raul- an amber colou.. wl'. c"
coffee,1890,2,3259,3004,7.8047,True,"blablimbed over go yowl cash only. a gents wanted to seli our otestratel peek,* tem 21. freneb coffee in the. and chas. particulars tree. oliver, oliver, and clo., 241, southgate-road. london. 0011 ch"
coffee,1890,2,3259,3005,7.8078,True,"eddes dandelion coffee the beet and cheapest ever offered to the public. sold by all crocers and druggists, la canister 6d., 10d., and ls. bd. each. wholesa:e by j., giidde..."
coffee,1890,2,3259,3006,7.817,True,idinburon symington's _ coffee essence imam lise•l•us mese in • nioidipm. no trouble. um wools hi sia•m mod wipe bettls• from wawa evaitasivsite owns. _ woodford wurawii irtioiiii ...
coffee,1890,2,3259,3007,7.8209,True,"coffee is a imacinci acti:111 11011ining, ad cnlit and s 111011? is this lissan• past tam liiisse thr liquisitelt aiisimatic lsd ixviooilatisq ritnm'xidi co..."
coffee,1890,2,3259,3008,7.8308,True,"edinbetegii coffee essence. useful to everybody, every day, everywher igtcliool rromise4 include • chemistry and phvsiad -- covered"
coffee,1890,2,3259,3014,7.8424,True,"• symin gto a's edinburgh coffee essf.;:leez are, neted for their rich and deli ci ou f:avoizr. „. in f',.r.uall ,crrr.,ccrz,:iyvxrocy tewn (t) et.ll/?4,.4 •"
coffee,1890,2,3259,3015,7.8454,True,"important requisite iced first by the makers in's edinburgh coffee es- akes a cup in a moment,"
coffee,1890,2,3259,3016,7.8464,True,"glyddyr stood thinking for a few moments, and then he gulped down his coffee, and went out into the hall which he crossed, hesitated again for a few minutes, and then entered the drawing-room, where a"
coffee,1890,2,3259,3017,7.8586,True,"liverpool produce. sugar: cane sparingly offered and firm. beet, fair request, very full prices. rice idle. coffee quiet. cocoa fair enquiry. linseed fairly active. logwood and fustic rather quiet aga"
coffee,1890,2,3259,3020,7.884,True,"essences ^e, be :tie • lesole,re ,oe'dort r liv.l3l{ -0121 .1604. ullo mu' .4 cid. itimmoc• yort coffee easence crateful illeversiga peptic's ose our dandelion coffee essence. h roy urocers thbaiioiio"
coffee,1890,2,3259,3021,7.8878,True,"edinburgh coffee essence lisii h7l ,intd) tl v., 99 '44‘l c 6"
coffee,1890,2,3259,3022,7.8891,True,"=1 quality is the important requisite which is placed first by the makers of symington's edinburgh coffee es- senc,.e. makes a cup in a moment."
coffee,1890,2,3259,3023,7.9009,True,"200 yards (open) handicap flat race. first prize, silver-plated tea at.d coffee service, value £5: second, gent's silver keyless watch, value £2 third, gent's dres,icg case, value el. 27 entries. fir,"
coffee,1890,2,3259,3024,7.9071,True,"prom kefft—pll upiiodi ne. the heart! the heart f the it woodcock's liejletine acts directly coffee heart, positively stops palpitations and thorongwy cures extreme weak action. it regulate* the sebon"
coffee,1890,2,3259,3026,7.9152,True,"essences ^e, be :tie • lesole,re ,oe'dort r liv.l3l{ -0121 .1604. ullo mu' .4 cid. itimmoc• yort coffee easence crateful illeversiga peptic's ose our dandelion coffee essence. h roy urocers thbaiioiio"
coffee,1890,2,3259,3028,7.924,True,"moorl coffee 'alace.--` carver.: boys and -wanted a few waiters, i.—apply j. linip: wanted at owe, a sharp i. girapply rearm, baker, beak beeirlerei, bkelwes,l• ""..."
coffee,1890,2,3259,3029,7.9287,True,"4 •,s3 n ein r„, ot 'symington! edinburgh coffee es;enge %coffe• la 111002012 t, tel ,y grq.a.d cotko.4 sold di sara plo luici liidtiiii sy cs‘dlis trtrintat. • ..... 1:.) •,----• i __,i • ~,,sl,. i..."
coffee,1890,2,3259,3030,7.9305,True,";i024320233;4,3233;1::.:za33a329 ("") a fragrant, grateful, and a o c mforting cup made in a t. • in moment by using symingtun s :4 edinburgh coffee es.,ence. li bottles from all grocers. ccc q.c*cccvc"
coffee,1890,2,3259,3033,7.9337,True,"a little music in the evening. after the queen anti ladies have retired, coffee is served, and occasionally her majesty returns for a few minutes' conversation with each of her guests. in cases where "
coffee,1890,2,3259,3037,7.9418,True,"and ciffee planter, rroct rt.) oa= %wnw ktkc, maim i 5 ceylon tea sc coffee shipping warehouses, maddema mills, cinnamon gardens, colombo. ceylon offices, upper chatham street, colombo. indian tea shi"
coffee,1890,2,3259,3039,7.9505,True,"edinbungh coffee rnal,ss delirious coif., in a moment. no trouls,e, no waste. in small and large bottles, 1,0:n an grocers. glianal•tren"
coffee,1890,2,3259,3049,8.0653,True,"1 special blends of choice coffee bessidgby, cum-marton, are roasted daily, end ground an required, and for quality and price cannot be equalled. 1/6, 1/8, 1/10 per lb. standing order..."
coffee,1890,2,3259,3050,8.0697,True,"guinness's dublin stout bass's beer. z. 15811bezt & col fionoh coffee van houtznis pubs nollible cooo6, note the itddbein3-- g. colley, 10, 1111/40z street, bridlington quay seat doop to mr. w. wield,"
coffee,1890,2,3259,3051,8.07,True,"...e will not finger wyk. ;ream. it is tie ss.- esti rtrimu-sx,stil of synth...tat et ez.vr.bur4. tben 1111'.'i got is‘s! vte ex.ncy i fooiiagtons medal coffee _ e3sences are natae t"
coffee,1890,2,3259,3053,8.0798,True,"•e!`;': wad given on coffee supper inday school. of the senior of friends. ings _ was richardson, .amounted to in connection were preached tit chapel by sunday last, there was a..."
coffee,1890,2,3259,3054,8.0824,True,"filev4.ll, 0 fiymington's edinburgh coffee iea s3cze3 are noted for their rich n r.d delicious favour. bold in z:n.:11 and lz.. rge bottles by #grozers in evez,tzzweis.4 d/vslirsolvlbil"
coffee,1890,2,3259,3057,8.0894,True,"_ _ -4) * i k4++++++++_++ the finest bevfirage makers of mason's coffee essence. 111111111 tm -t.;p- worth a guinea a box. sole makers: inievit332i.7.al &yak pison, nottingham. • itt tit mit 'l.4t*:4:"
coffee,1890,2,3259,3058,8.0956,True,official starting prices. leichster. montroee hurdle (7)1-71-1 toi-eg-4 coffee cooler. wigton hurdle (8)-4 to 1 eget darmetatter. brost')lls steeplechase (8)- 6 to 4 apt castle warden. quern hunt (61-
coffee,1890,2,3259,3059,8.098,True,"• mum 11wictfullt nolkoted 0•111wacitiosi 00,1111•31tnim cnlsimas apossasais. the ideal_ time coffee 111 a nalicing [llk _and iiikrby and knight is mikan. van? tama kink= mk i&thirvnln amomatic and in"
coffee,1890,2,3259,3060,8.1037,True,"...23::::)3zg3237)::-.333,...):3-31linq .) a a fragrant, gratefo!, and -j0 k, co ccmfortn,g cup matio in a -...., imoment by using symington's edinburgh coffee esbence. in lbottles from all grocers."
coffee,1890,2,3259,3062,8.125,True,"0.e5.c.,,,0c4cd,c41`.9*czv04z,24t-,;7.04,7,0 4. e> 0 sylnington's ed.i.nburch coffee -p-. 0 ~' 0 6 essences are made irom a 3 se- 4 41 lection of the fin.est coffe2s gr,-,-iwn. ..z,, sol,-1 ;r1 small "
coffee,1890,2,3259,3063,8.1264,True,byminoto odineur4iii coffee essence _ mambo tialiciar coffee in • ilieassme. n• insliii. so wes4e. on small sod wes issellsi. from 0 cluys••• moo. are mu a ovoustrf root hap *nd...
coffee,1890,2,3259,3067,8.1672,True,"i er.:anar.d friday. 00 'symington edinbuggi coffee essence rialves a cu icoffee in 4 kaoment, far"
coffee,1890,2,3259,3069,8.1798,True,symin gto n's edinburgh coffee essence r•••••• illelichms coffee i. • rn•••••t. no trouble. no ~so. is smell owl kars• betties. 'mo 111 orill•onlh
coffee,1890,2,3259,3070,8.1809,True,"...lign. iltottril. ablett and foyl, restaurateurs and caterers. is, maribt-btricist. fob the boot 110. dinnobil i. shore road, morpeth door. dimgg, tee coffee boom. owlet!, mea•rste prtess. bakery-1"
coffee,1890,2,3259,3071,8.1819,True,"barnett's ironmongery stores stimminster newton. blandford young men's christian association. corner coffee houye subscrlptions 5. annytali 6d monthly reading room, open daily from 10 a.m. to 10 p.m. "
coffee,1890,2,3259,3072,8.1889,True,"...l spriggs an' t' curate at t' field day. by teddy ashton. author of ""basin o' broth,"" &c. aw t' skolars were soon seat deawn o't' grass, suppin their coffee an eitin their buns. "
coffee,1890,2,3259,3074,8.2104,True,"iii --, warrington. silver english lever watch, by harris and son jxast forfeited 7544 d. electro-plated tea. and coffee sdi- vices, best quality, quite new 608. od. silver english i)entre seconds sto"
coffee,1890,2,3259,3076,8.24,True,"...leisrpirsoof er for_ + ‘----i:hose who cannot take ordinary aes7 tileiri:naadil roe= e:l (!,lis 1 epaotihi s+,hr: tbetrdoinbt.i all rl grocersg and d coffee pie coffee can drin"
coffee,1890,2,3259,3077,8.2429,True,"...r swansea. a meeting for the purpose of forming a union i of the south wales operative bakers and con- fectioners' union has been held at the welcome coffee tsvern,sweneen. mr. graha"
coffee,1890,2,3259,3078,8.2467,True,"i place at the wis. lie commended eady to leave the room, sad then sipped the strong coffee prepared for him in ominous silence. the poor girl bad little &pp& the, and she only made • pretence of eati"
coffee,1890,2,3259,3079,8.2483,True,"rywin_kicorm*ks•it,-ltoy,iosoye,:,4.o,:woy,art * ffave you tried symiiicton'3 /edinburgh dandelion coffee esterce ct it is much used by persons of weak or it ifeeble digestion. from all croco7rs; ~ _ "
coffee,1890,2,3259,3083,8.2913,True,"the examiner. saturday, march 31, 1894. coffee starch. mix two tablespoonfuls of the best starch with sold water to a paste when free from lumps stir into this paste a pint of boiling hot coffee, ..."
coffee,1890,2,3259,3084,8.3012,True,"e who are :-eak ace „ewe asascome wows.. teg ills -finest coffee esvmee that 0c044:,` edin- burgh ccoaffneebueys,llsncsel,m :itimgatokn e': acup in a moment. fi'm crocus through- out the- world. wed t"
coffee,1890,2,3259,3086,8.3143,True,"fruit coffee. wet hartlzpool luxury. lurß george hall, groper, .1-111 illeakeenhbeei, weet hartlepool, bee mews woad celhowliehte pmeemoed toboolosisekhillosofkos..."
coffee,1890,2,3259,3087,8.3144,True,iupon on page 8. i jim 001; hot 0;0p coffee ersessee nis one mast. plante. &c.
coffee,1890,2,3259,3088,8.318,True,"sherburne. eatf cloaino.— it hi! understood that st • rueeting of tradesmen) field m the coffee 'raven) street. f estoney (monday) hionnut. a rem deeded to mom of lour ""clock ou iveduanlay• all i the "
coffee,1890,2,3259,3089,8.3211,True,"n!,l i n gto 14 s edin3urgh coffee es ec pr- makes delicious coffee in a moment. no trouble, no waste. in small and large bottles, from all 10e grocers. guarantccd pure. 7 r 7-13 i r,„..."
coffee,1890,2,3259,3091,8.3394,True,"'spring coatings & siiitings, 5, central buildings, 5 stock'fon-on-tem coffee in perfection. pere coffee, whole. or (mound. the fineat 41.1 tv • • fink, lajt:ta rica or east indian itii a rolcrlon or "
coffee,1890,2,3259,3093,8.3418,True,"...s!-.? ences can be used .11 pleasure arr.l comfort by base wbn can- not drink the _ _ ordinary cue; whilbt tboa, win cofff.e and chi- c y ""nesee pure coffee essence s svaletul beverare.--clicasis 1;1"
coffee,1890,2,3259,3094,8.3425,True,"a little hot ger poure a spoon. rmingtoni :dinburgh coffee essence ,i,gtve.s cu of deliciow )offee in t aoment, fa"
coffee,1890,2,3259,3097,8.3586,True,byminoto odineur4iii coffee essence _ mambo tialiciar coffee in • ilieassme. n• insliii. so wes4e. on small sod wes issellsi. from 0 cluys••• moo. are mu a ovoustrf root hap *nd...
coffee,1890,2,3259,3102,8.4299,True,dandelion coffee kjhemists who command public esteem. three good qualities you may depend upon. (1) the perfect freshness (2) the good quality (3) the fair price of i...
coffee,1890,2,3259,3103,8.4302,True,"(continued on page 6.) unespected induloicnce.—tommy (surprised): ""why, papa. i thought onespoouful of sugar was always enough for my coffee !"" tommy's papa ""this is a restaurant, my son. take all the"
coffee,1890,2,3259,3105,8.447,True,"have you tried the trayancore tea? the finest mixture in the hartlepool, is 6: r nd 2s per lb. geo. hall, coffee roaster, st. oktun street, west hartlepool. agent for royal caw)ridne sausage. h 4 / i-"
coffee,1890,2,3259,3106,8.4687,True,coffee house. sl3ob aches and pains.— universal embrocation. aches and pains.— elliman's universal embrocation. aches and pains.— elliman's universal embroc...
coffee,1890,2,3259,3107,8.4744,True,"...dakin & corapy.,-i st. paci:3 ciitraciitard. london. z.c.. _• mullell iptimit hoven. 7.7. c.: enavresbvily avionow piccadill2 circus, w.. %. tea [ind coffee .; xl-au"
coffee,1890,2,3259,3108,8.4759,True,"ryan 11.01111t80 dailv. i lack a green's i) runnymede coffee dklickx:ii inliarfast black ik green's 01m:11a0z. i:. pb, lb i ilack !omni claitf.ts. 1 16. i 3. 2 14 per honk. 111,ack i green'tlii i 14. "
coffee,1890,2,3259,3109,8.4812,True,"mrs. dyson, ix c0111(.1111,1 driedleld, invites attention to tho borough coffee tavern, burnley, near the market hall, chancery street. with tbo coffee taveni is incorporated a"
coffee,1890,2,3259,3112,8.5029,True,"reseerosoossieosar..4 5 the anne ccffee e:e?ef.teetal rry..ncy can buy ia sylegton.o hurzh coffee essence. i'4l,es aelp in a moment. from crosers thruog out the world, .0:4731.14:491111/7,1,34"
coffee,1890,2,3259,3114,8.5101,True,wit itud glituutir: rai coffee often furl groands for dristiog. a pretty girl it astute's edition de leek& bought by the yard and worn by chu foot—a oarpee. next to scissors 'molar...
coffee,1890,2,3259,3115,8.5226,True,"es quite 1)81, ,tes iorel6 4s loicl cora coffee on tirr: ntos 628 1001.. oil, 183 i°l4', petroleum, no busines iddlesbrougw• • • closini more.. 47s 7d cal rs 478 7d cas 10jd owl 1235 ;,.onds, ured ..."
coffee,1890,2,3259,3116,8.5342,True,riddle-me-ree. my first is in coal bnt not in peat my second „ too „ „ coffee my third „ person „ people my fourth „ rap „ „ blow my fifth „ green „ „ blue my sixth „ try „ „ sigh of a pet bird find m
coffee,1890,2,3259,3117,8.5449,True,"county hotel. lancaster. 3. (family and commercial), (oreoarrr. l..° n. w. can.. stati.). private coffee and sitting rooms for ladies and families. large stock rooms, billiard, smoking and commercial "
coffee,1890,2,3259,3118,8.5537,True,"v .1. ..',., i :, •. • coffee real coffee this time, true aroma and fine flavour. fragrant refreshing and and digestive. exhilarating. something new in the coffee pot. an absolute..."
coffee,1890,2,3259,3119,8.5555,True,edinburgh ...... coffee essence abeam delithees maps is • meow& ne ireull6ll es mese& le smell rid isms wow. om al ormore. s.
coffee,1890,2,3259,3125,8.6099,True,"publications. miscellaneous. "":doyal coffee sketching prizes. _lko £10; £5; sat £1; 10 at 108; 20 at 50 (a 7 prizes) offered for best designs for advertising ""royal"" coffee, tea, and cocoa. any..."
coffee,1890,2,3259,3126,8.6429,True,"...eston, adelaide street, fleet wood plumber, glazier, gar and watermter. ship and 0013/311 dmcobaitto paxernac. paperhanger and ship chandler, ten and coffee smits, bellfungme, &c. all kinds o"
coffee,1890,2,3259,3129,8.6861,True,"the loyal pride of wales 1.0.0. (m.u). bro. chalk the recipient of an emblem. an interesting presentation took pleas at the oxford coffee 'paver, swansea, on wednesday evening, when the members of the"
coffee,1890,2,3259,3130,8.6894,True,"ii""a_a@*,**t.4ao*@-00.0.40.0000.0 z owing to the special process, 8 •• symington's edinburgh coffee g essences produce no heartburn c •• or b.liousness. cheap, strong, 1 pure. small and large bottles."
coffee,1890,2,3259,3131,8.6917,True,ed! neuron coffee essence now- dolidao non to a memo* in bootie. no no& in wolf sod woo botiin from ni wow&
coffee,1890,2,3259,3135,8.7179,True,"lancaster trades council. the monthly meeting of this council was held m the market-street coffee 'tavern, on saturday evening, when the following delegates were present: messrs. w. knowles, (chairman"
coffee,1890,2,3259,3137,8.7528,True,"blectro-plated tea and coffee s vices, best quality, quite new silver english r:entre seconds stop watch. with all the latest improvements §—car—at gold albert. curb, with seal, h..."
coffee,1890,2,3259,3140,8.7736,True,"...his eye as he strode into the larger chamber was the tray with its contents. a glance showed him that it could not have been there very long, for the coffee was still warm."
coffee,1890,2,3259,3141,8.7806,True,"...were drowned yesterday afternoon off booty point, near rothesay. mr daniel ferguson, auctioneer, his clerk, of tire same name, and william pinkerton, coffee stall•keepr, w"
coffee,1890,2,3259,3143,8.8044,True,"luc-sours coffee paiacz co., 4 jay 11141. th anal own ken c•••••11m•11•• en the v•••i .s mon brow q 8 wel town mi a... •44447 y. bad y. mout ts./ imillepti6. 14 now m..."
coffee,1890,2,3259,3144,8.81,True,"eddes dandelion coffee 10, the best and cheapest ever offered to the publlo. sold by all grocers and druirdsts, in canister exl)., 10d.. and is. sd. each. wholesce by 3. ge..."
coffee,1890,2,3259,3146,8.8149,True,"...ne‘tr tiverton, devon.—one hundrexi successes, healthy situation fees 30gs. bix £lo scholarships offered. prospectus. x forwarded. geddes's dandelion coffee --- the "
coffee,1890,2,3259,3147,8.8172,True,"...n* 00,4juni ota.flar. t cat 1,4d1.,4 and guanst_laed wood srairltton 5i co.. atatrir. tam yod ~in goad irane ica lour icc.r2; cymington's gold medal, coffee •essence"
coffee,1890,2,3259,3155,8.9429,True,"ifdactro-silvar sa. afternoon tea seta 12s. 6d. tea sod coffee service, 30e. hewertson's teaspoons, ht. si per fah doses. solid silver, 2s. 61, each. hewertsons dessert forks 3.6 d. hall doe. dessert "
coffee,1890,2,3259,3156,8.9462,True,"mr. whiteley's eccentric conduct. a halifax case. --- a disturbance at the exchange restaurant, coffee after dinner. hali fax, faiday. a ease of more than ordinary interest came before the halifax bor"
coffee,1890,2,3259,3158,8.9638,True,"the m lüitjscu.o 4•4meie9's coffee =4= 7.7.zi0.-71.:';.;;.7,;;z:',;;;.4—.7; 'l7! i ,',h=:•=l;* =. 47z, 1.,:a 4 """"4' i ==.44"",14.7.14`,7t,t7 =."
coffee,1890,2,3259,3159,8.9927,True,bfiiincit-owb 11111191111111 coffee essence ——- prim yasuo war hi • trimard. no trailla •• weep. om swell aid law belallse. *an sil oriews. oviibibmittasib vaglia.
coffee,1890,2,3259,3160,8.9931,True,"county hotel. lancaster. (family and commercial), (greasers l. and n. w. cams session). private coffee and sitting rooms for ladies and families. large stook rooms. billiard, smoking and commercial ro"
coffee,1890,2,3259,3161,8.9998,True,"warrington. silver english lever watch, by harris and son, just forfeite4 7isz electro-plated tea and coffee s vices, best quality, quite new _ _ silver english i)entre seconds stop watch, with all th"
coffee,1890,2,3259,3162,9.0549,True,"the archduke jiart some 12 months ago, says the vienna coffee 'pendent of the standard, captain johann orth, formerly the archduke john, was spoken of as having probably been lost, together with his s"
coffee,1890,2,3259,3163,9.0559,True,"wedding & birthday presents the silveiz and electro-plate is of a very superior description, includes— 1 ake baskets, salvers, tea and coffee v) services, kettles, teapots, egg frames, toast racks, je"
coffee,1890,2,3259,3164,9.058,True,"...g completed the alters- -4.01r, is new prepared 13 cater for large or small .unetleou.s. ball and club suppers, or teas, tge qub rooms to laa. albany coffee .e 3fiailiethrouscli."
coffee,1890,2,3259,3167,9.0808,True,"...vited. james taylor, watchmaker & jeweller, ripon. a large and giloice selection of watches, clocks, ani) jewellery elec.& ro-plate, cutlery. tea sod coffee services. spoons, forks, 110. "
coffee,1890,2,3259,3169,9.0828,True,"'‘,bunneys pereoscopic pebbi,fa no better vhlu—e in tic world. smonetpas. 01. criau —save f rger t1.c.0fuiet bake contine. inte.fllotle! friewd., i coffee taves-, h. • • inc tuitionl%,a43ol4 plllllll%"
coffee,1890,2,3259,3170,9.0899,True,"extra series. five rounds at 200 yards. sergeant-instrvctor w player, silver coffee pot, 22 sergeant w h harvey, goods, 22; sergeant j a rushton, bed quilt, 22 private it shaw, bronze vase. 21 sergean"
coffee,1890,2,3259,3171,9.0924,True,"...raltar, tangiers, itc. superb climate. —apply, w. s. wadding- ton. 7, clifton street, brighton. -1)e tibbles' new essence of dande lion roots used as coffee is tho best"
coffee,1890,2,3259,3172,9.1474,True,"coffee sponge. soak half a box of nelson's gelatine in half a cup of cold water for an hour. pour over one pint of hot cotfee, add the juice of a lemon, and..."
coffee,1890,2,3259,3176,9.1922,True,"i fat. g.lll. qualitiei of mer in? filo• willingly cad the public a. bet, and 44 _ ..).crho coffee all un me can ywhere 78"
coffee,1890,2,3259,3178,9.2002,True,"the kenilworth advertiser. saturday. march 5. 1 another local law me if he likes strong coffee let him have it if he is fond of this or that, don't tall him that it's too much trouble to make it, or t"
coffee,1890,2,3259,3181,9.2588,True,"lines composed on the death of mrs tnouss, anchor coffee tavern, neath. a soul on eagle's wings has ned to be at rest, to dwell with jesus christ above, and be for ever bleat. all sufferings at an end"
coffee,1890,2,3259,3182,9.2721,True,"this morning's news failure at antwerp. antwerp, thursday. important firm trading in ugar and coffee lias failed with liabilities estimated at two million franm nailmakers' wages. the spike-nail maker"
coffee,1890,2,3259,3183,9.2893,True,"t....0.0000rc0c.w.„0.0.000 g owing to the special process, (8 synaington's edinburgh coffee 0 o essences produce no heartburn o •• or biliousness. cheap, strong, i • pure. small and largo bottles. ° f"
coffee,1890,2,3259,3184,9.2925,True,"district intelligence. ystrad rhondda. creuwo cum.—this flourishing dub held its annual meeting on monday at the greenfield coffee 'fare: n. the inoome for the past year balanced the expenditure, and "
coffee,1890,2,3259,3185,9.319,True,of what trade is the sun a tanner. what is the worst nation in business? stagna- tion. when is coffee like the earth when it is around. how many neckties had job? three miserable comforters. with what
coffee,1890,2,3259,3186,9.3244,True,"warrington. silver english lever watch, by harris and son, just forfeited :lectro-plated tea and coffee s vices, best quality, quite new 755.6& 60s. oct. • /.44-f„ g aise ‘7,c•p""- • arr • • golden bee"
coffee,1890,2,3259,3187,9.3302,True,"coffee hou amphitie next door but tummer hi: c""'"
coffee,1890,2,3259,3188,9.3376,True,"rsyn...zailligtoi7s edinburgh coffee 40., essences are noted for their r rich and deliciew, flavour. sold"
coffee,1890,2,3259,3190,9.3562,True,"... of the inca tribes. don't hiss the greatest show in town. admission only si xpenci, day and night. meat and plain teas is. and 1a.6.1. cup of tea ob coffee .2d. chas. iddeson, givsbilaz ma"
coffee,1890,2,3259,3192,9.3864,True,"osassasseriaaesisisa;a!;.:.ii, it p. ity, °) nu make sticsciori's edia'aergb z coffee enema a unror....a famerite. sell by all craws aid sterekeepea. z ei 74 t. itlettaaaatatttatit!!!ttle"
coffee,1890,2,3259,3193,9.393,True,"..., a novel. tbanslated from the german. mrs, d. m. lowrey. chapter vii. the baroness von hardenegg and her guests had sijoanned for their after-dinner coffee to the ouida, which ope"
coffee,1890,2,3259,3194,9.4149,True,"...olll a review of the year's busimns published by the joornal of commerce and commercial bulletin of new york, it appears that the yeat's sales at the coffee e"
coffee,1890,2,3259,3195,9.4158,True,"true aroma fragrantl and and fine flavour. digestive. real coffee this time, sah"
coffee,1890,2,3259,3196,9.4247,True,"look out for the lady cricketers, june 30th and july ist and 2nd. meat and plain teas 1.8. and le. gd. cup of tea ob coffee 21.. chas. iddeson, acting m anacier."
coffee,1890,2,3259,3197,9.4353,True,".... wesleyan school—the annual treat to the scholars attending the wesleyan day and sunday schaal we held on saturday afternoon. at the school hone man coffee were served, sitar which the s"
coffee,1890,2,3259,3198,9.54,True,"sandow""7-1-11%72-ftw see thismonth's caine... price id. ir. on sale ever • • 7,2 its purity, fit..ength, ners maks sykiincion's euinburgb z coffee essence a universal lveurite. z hi zit c7ocers and st"
coffee,1890,2,3259,3202,9.5759,True,"symington's e d :i 8 r coffee essr:vp'e n• r ,ste ..11:01 and • • but:.., •••"" • env ••• 1"
coffee,1890,2,3259,3203,9.5776,True,"ri67-5-61sininirtnnms-61n5"" the o a-nd clears the brai:i stror4; crap of sym•tg-ton's edir.ljur7:l coffee o bottles from all grocers. __"
coffee,1890,2,3259,3206,9.5953,True,"...ncesi of the ince tribes. don't miss the greatest show in town. admission only sixpf.ncil iday and night. anuer &bd plain tbab 13. sed cup op tb:, ob coffee ahab. iddiceion, gsviral mimagie."
coffee,1890,2,3259,3208,9.6719,True,"one trial of the g- old medal coffee essence. ic!ade by symingtoii, edinburgh, will•be •oonvinciug proof that it is the srticle for the"
coffee,1890,2,3259,3209,9.6732,True,"t 1 if direc ri fu si thie paytt e. 0., coffee levi merge ke/i w. s. v a. 11 'street"
coffee,1890,2,3259,3210,9.6826,True,"geddes's dandelion coffee the hest end cheapest ever offered to the p4hlic. sold by all grocers alui druggists, la avaister bd.. 10(1., in is. ba.each.4 wholesale by j, ,gudia..."
coffee,1890,2,3259,3211,9.8101,True,"eal coffee this time, sah true aroma fragrant and and fine flavour. digestive. refreshing to be obtained in every city, town, or village of importance and throu..."
coffee,1890,2,3259,3212,9.8404,True,"edinburgh coffee i:.'4bsences sou, ny greens es anthony bell & sons manufacturers of marble chimney pieces, monuments, tablets, & fonts. works and showrooms— parliame..."
coffee,1890,2,3259,3215,9.942,True,",isirtls, cu c; kcs —""mt. coffee 0:46.147f.da ejeisstertl symoicton•c. edimeßc"
coffee,1890,2,3259,3219,10.0972,True,"health committee. it was recommended by this committee that the appli- cation of thomas coffee to be registered as a keeper of a common lodging-house at nos. land 2 back mersey-st. be rejected, on the"
coffee,1890,2,3259,3221,10.1206,True,"...an tie will. dywenydd genym fod pwyllgor aiddgar mewn dyngarwch wedi ei ddewis yn bwyllgor gweithiol er ceisio rhoddi yr hen fardd pruddglwyfus mew"". coffee tavern. chwi feibion ac edmygwyr ceridw"
coffee,1890,2,3259,3222,10.1278,True,"m 11255:yw5.-)07-- li-1111n, s coffee j synnactcol..e. edinibrci"
coffee,1890,2,3259,3225,10.2165,True,"health committel it was recommended by this committee that the appli- cation of thomas coffee to be registered as a keeper of a common lodging-house at nos. land 2 back mersey-et. be rejected, on the "
coffee,1890,2,3259,3227,10.2681,True,"sylwadau. miss james, gordon coffee tai ern, caerdydi), —diohdi am eich atebiad cywir, oid eafodcl arall eich blaen y tro hwn. carwr cyfiawnder, brfncoch.—nid teg fyddai cvhoeddu yr eid..."
coffee,1890,2,3259,3228,10.3112,True,"store roox for abericenfig. a letter was read from mr d. major stating his interest in the old tondu coffee rooms, which the parochial committee recommended the authority to acquire as a store room fo"
coffee,1890,2,3259,3229,10.4052,True,"blaengarw. cyfaefod cystadleuol.—nos sadwrn, lonawr 98ain, cynaliwyd cyfarfod cystadleuol yn y strand coffee tavern, pryd yr enillwyd gwobrwyau gam y personau canlynol —unawd alto, goreu miss llewelly"
coffee,1890,2,3259,3230,10.45,True,"health committer. it was recommended by this committee that the appli- cation of thomas coffee to he registered as a keeper of a cemmon lodging-house at nos. 1 and 2 back mersey-st. be rejected, on th"
coffee,1890,2,3259,3231,10.5046,True,"ilectro-platad tea: 4n.15 coffee s vices, best quality, quite new silver english centre seconds stop watch, with all the latest improvements 9ss. ed. 9 carat gold albert, • curb, wit..."
coffee,1890,2,3259,3232,10.6694,True,"health committee. it was recommended by this committee that the appli- cation of thomas coffee to be registered as a keeper of a cemmon lodging-house at nos. 1 and 2 back mersey-st. be rejected, on th"
coffee,1890,2,3259,3234,10.8376,True,"bla.engarw. caniatewch ychydig ofod o'ch newiddiadur clod- wiw or mwim cyhoeddi ychydig o hanes cyfarfod cystadleuol coffee tavern, blaengarw. nos lan, y 19eg, cynaliwyd y 3ydd gyfarfed, ac yr oedd yr"
coffee,1890,2,3259,3235,10.9895,True,"eddes dandelion coffee the best and cheapest ever offered to the poblie. sold by all grooers and druggists, la canister 5d., 10d., and is. bd. each. wholesa:a by j., geddes..."
coffee,1890,2,3259,3238,11.2821,True,"symington's edinburg' coffee essence immo 4sueiss comm ki • arawaist ms twalles. 5. mote. in upon aftd wet bsn, trim grocers. niro."
coffee,1890,2,3259,3240,11.6223,True,"nil hall, darlington, from 2 to l rooms, hartlepool, from 2 to coffee rooms, linthorpe-rowl, ,m 2 to 7.30 mpersnce hall, stockton, from lay join any week. charts and instruction book."
coffee,1890,2,3259,3241,12.6734,True,...n tir ikell. dywenydd genym fod pwyllgor aiddgar mevrn dyugarwch wedi ei ddewis yn bwyllgor gweithiol er ceisio rhoddi yr hen fardd pruddglwyfus mewa coffee tavern. chwi feibion ac edmygwyr cerid
coffee,1890,2,3259,3252,20.2987,True,"til.lc for sui-.).•j- c7l • true aroma, 'ine flavour, fragrant. digestive, refreshing, exhilarating. mal coffee tins time, saii! why has english coffee become so undrinkable in recent years? for the s"
coffee,1890,2,3259,3254,20.4412,True,"fruit coffee. a west hartlepool luxury. mr george hall grocer, steektonetzwet, west harzlepool, has hit upon • blend of coffee which is pronounced to be of a meet..."
coffee,1890,2,3259,3257,20.9891,True,"trade announcements. fruit coffee. a west hartlepool luxury. 31[ er georg hall, grocer, stockton street, west hartleptol, has hit upon a blend of coffee which is pronounced to be of a..."
coffee,1890,3,2365,1,4.4069,True,"health and lioliday hints. coffee. beg to testify that good coffee, well prepared and unadulterated, is, next to tea, one of the most healthful of all drinks, and may be used with im-..."
coffee,1890,3,2365,5,4.5654,True,"health and lioliday hints. coffee. beg to testify that good coffee, well prepared and unadulterated, is, next to tea, one of the most healthful of all drinks, and may be used with im-..."
coffee,1890,3,2365,7,4.5839,True,"impoutant hitherto i have been selling in the ceylon and mondon, alarkets.thousands of bushels of coffee of my own vowing, i have now decided to. dispose of thio coffee, direet, to the consumers, at m"
coffee,1890,3,2365,9,4.5961,True,"an excellent breakfast drink. fruit coffee (registered). a blend of coffee which is pronounced to be of • most delicious flavour, and wholesome, stimulating, and nourishing. roasted by patent ..."
coffee,1890,3,2365,11,4.602,True,"a7.7.""117, aetromite. iiisedver- ad masi& yoset roar. a- wilt, mercurial or bening ooratiound• frurr coffee. a w est hartlepool luxury. air george hall, grocer, litocklanatreet, west hartlepool, has h"
coffee,1890,3,2365,12,4.6039,True,"fruit coffee. a west hartlepool luxury. of.orge hall, grocer, stockton street, west hartlepcol, has hit upon a blend of coffee which is pronounced to be of a most..."
coffee,1890,3,2365,13,4.6195,True,"trade announcements. an excellent breakfast drink. fruit coffee (ilegistmwd). a blend of coffee which is pronounced to be of s 1,135 t delicious flavour, • and wholesotre, stimulating, and nourishing."
coffee,1890,3,2365,14,4.6222,True,"fruit coffee. a west hartlepool luxury. of.orge hall, grocer, stockton street, west hartlepcol, has hit upon a blend of coffee which is pronounced to be of a most..."
coffee,1890,3,2365,15,4.6277,True,"fruit coffee. a west hartlepool luxury. air george hall, grocer, stockton-street, west hartlepool, has mt upon • blend of coffee which is pronounced to be of a mo..."
coffee,1890,3,2365,16,4.6307,True,"anaranteed pure. with the addition of the num unononnn in 5 mall per bottle. 9d. ler:e""bottle. lipton's essence of coffee & chicory, guaranteed finest ever made. moat delicious and fragmak only 4d.. p"
coffee,1890,3,2365,18,4.6451,True,"anaranteed pure. with the addition of the num unononnn in 5 mall per bottle. 9d. ler:e""bottle. lipton's essence of coffee & chicory, guaranteed finest ever made. moat delicious and fragmak only 4d.. p"
coffee,1890,3,2365,21,4.6556,True,"now open • 9 lipton s great tea, coffee, and provision market, at 59, lynn street, west hartlepool, • these premises, which have been specially reconstructed and magnificently fitted up as ..."
coffee,1890,3,2365,22,4.6572,True,"fruit coffee. hartlepooj il luxury. mr george rau, grocer, stockton street, we flartiowol, has hit upon a blend of coffee which is prowounoed to be of a most deli..."
coffee,1890,3,2365,23,4.6905,True,"now open • lipton s great tea, coffee, and .provision market, at 59 lynn street, west hartlepool, these premises, which have been specially reconstructed and magnificently fitted up as a ..."
coffee,1890,3,2365,24,4.6963,True,"the finest tea the l. per lb. sc. world can produce. no higher price. coffee! coffee! lipton's delicious blends. finest coffee and chicory, 3.0 a., is, and 3.8 2a. per lb. 3pit—t/i.m c:kifif°3ei7i ric"
coffee,1890,3,2365,26,4.7062,True,"excellent breakfast drink. fruit coffee (itegistered). 6 bleed of coffee which is pronounced to be of a moon jpelicious flavour. anti anclesune, amputating, and nourishing. • 4tosste.t by p..."
coffee,1890,3,2365,27,4.707,True,"fruit coffee. a west hartlepool luxury. ivr ceorge hall, grocer, stockton street, west liartleneol, has hit upon a blend of coffee which is pronounced to be of a ..."
coffee,1890,3,2365,28,4.7114,True,"mp october 31, 1896 origli(ll poerty. bromley's sample 6d bottle post tree 9 stamps. coffee essence. delicious coffee at one farthing per cup, prepared in two seconds. absolutely pure. no coffee groun"
coffee,1890,3,2365,29,4.7219,True,"a7.7.""117, aetromite. iiisedver- ad masi& yoset roar. a- wilt, mercurial or bening ooratiound• frurr coffee. a w est hartlepool luxury. air george hall, grocer, litocklanatreet, west hartlepool, has h"
coffee,1890,3,2365,30,4.722,True,"impoutant hitherto i have been selling in the ceylon and mondon, alarkets.thousands of bushels of coffee of my own vowing, i have now decided to. dispose of thio coffee, direet, to the consumers, at m"
coffee,1890,3,2365,31,4.7241,True,"fruit coffee. a west hartlepool luxury. air george hall, grocer, stockton-street, west hartlepool, has mt upon • blend of coffee which is pronounced to be of a mo..."
coffee,1890,3,2365,32,4.7242,True,"fruit coffee. a west hartlepool luxury. ltr r george hall, grocer, ▪ stockton-street, west hartlepool, has hit upon • blend of coffee which is pronounced to be of..."
coffee,1890,3,2365,34,4.7277,True,"grocers and provision merchants. fruit coffee. a west hartlepool luxury. r george hall, grocer, all stockton-street, west hartlepool, has hit upon a blend of coffee which is pronounced to beet a ..."
coffee,1890,3,2365,35,4.729,True,"grocers and provision merchants. fruit coffee. a west hartlepool luxury. r george hall, grocer, all stockton-street, west hartlepool, has hit upon a blend of coffee which is pronounced to beet a ..."
coffee,1890,3,2365,37,4.7301,True,"the finest tea the l. per lb. sc. world can produce. no higher price. coffee! coffee! lipton's delicious blends. finest coffee and chicory, 3.0 a., is, and 3.8 2a. per lb. 3pit—t/i.m c:kifif°3ei7i ric"
coffee,1890,3,2365,38,4.7404,True,"11&, fruir coffee. a west hartlepool luxury. mr george hall, grocer, stockton street, west hartlepool, has hit upon a blend of coffee which is pronounced to be of a mo..."
coffee,1890,3,2365,40,4.7592,True,"gut ran.teed pate, with the addition of the auger neoemary in thdi sd. bmslnkula 9d. luraottle. lipton's essence of coffee & chicory, guaranteed finest ever made. moat delicious and fragrant. 0•12 44."
coffee,1890,3,2365,44,4.7654,True,"a7.7.""117, aetromite. iiisedver- ad masi& yoset roar. a- wilt, mercurial or bening ooratiound• frurr coffee. a w est hartlepool luxury. air george hall, grocer, litocklanatreet, west hartlepool, has h"
coffee,1890,3,2365,45,4.7665,True,"a7.7.""117, aetromite. iiisedver- ad masi& yoset roar. a- wilt, mercurial or bening ooratiound• frurr coffee. a w est hartlepool luxury. air george hall, grocer, litocklanatreet, west hartlepool, has h"
coffee,1890,3,2365,46,4.7717,True,gmlel in? rattan. by messrs. branch cl- leete. lipton in the coffee tr ade. important notice. hitherto i have bren selling in the ceylon and london markets thousands of bushels of coffee of my own gro
coffee,1890,3,2365,47,4.7725,True,"anaranteed pure. with the addition of the num unononnn in 5 mall per bottle. 9d. ler:e""bottle. lipton's essence of coffee & chicory, guaranteed finest ever made. moat delicious and fragmak only 4d.. p"
coffee,1890,3,2365,48,4.7732,True,"anaranteed pure. with the addition of the num unononnn in 5 mall per bottle. 9d. ler:e""bottle. lipton's essence of coffee & chicory, guaranteed finest ever made. moat delicious and fragmak only 4d.. p"
coffee,1890,3,2365,49,4.7737,True,"fruit coffee. -- a west hartlepool luxury. mr george hall, grocer, stockton street, west harden( 01, has hit upon a blend of coffee which is pronounced to be of a..."
coffee,1890,3,2365,50,4.7748,True,"trade announcements. an excellent breakfast drink. fruit coffee (ilegistmwd). a blend of coffee which is pronounced to be of s 1,135 t delicious flavour, • and wholesotre, stimulating, and nourishing."
coffee,1890,3,2365,51,4.7763,True,"fruit coffee. a west hartlepool luxury. mr george hall, grocer, stockton street, west hartlepcol, has hit upon a blend of coffee which is pronounced to be of a mo..."
coffee,1890,3,2365,52,4.7858,True,"west hartlepool. fruit coffee. a west hartlepool luxury. mr george hall, grocer, stockton street, west hartleptol, has hit upon a blend of coffee which pronounced to iie of a most..."
coffee,1890,3,2365,53,4.7945,True,gmlel in? rattan. by messrs. branch cl- leete. lipton in the coffee tr ade. important notice. hitherto i have bren selling in the ceylon and london markets thousands of bushels of coffee of my own gro
coffee,1890,3,2365,54,4.7958,True,"anaranteed pure. with the addition of the num unononnn in 5 mall per bottle. 9d. ler:e""bottle. lipton's essence of coffee & chicory, guaranteed finest ever made. moat delicious and fragmak only 4d.. p"
coffee,1890,3,2365,56,4.8042,True,"gut ran.teed pate, with the addition of the auger neoemary in thdi sd. bmslnkula 9d. luraottle. lipton's essence of coffee & chicory, guaranteed finest ever made. moat delicious and fragrant. 0•12 44."
coffee,1890,3,2365,57,4.8048,True,"the finest tea the l. per lb. sc. world can produce. no higher price. coffee! coffee! lipton's delicious blends. finest coffee and chicory, 3.0 a., is, and 3.8 2a. per lb. 3pit—t/i.m c:kifif°3ei7i ric"
coffee,1890,3,2365,58,4.8058,True,"_fruit coffee. a west hartlepool luxury. air george hall, grocer, stockton-street, west hartlepool, has hit upon • blend of coffee which is pronounced to be of a m..."
coffee,1890,3,2365,60,4.8071,True,"fruit coffee. hartlepooj il luxury. mr george rau, grocer, stockton street, we flartiowol, has hit upon a blend of coffee which is prowounoed to be of a most deli..."
coffee,1890,3,2365,61,4.8082,True,"gut ran.teed pate, with the addition of the auger neoemary in thdi sd. bmslnkula 9d. luraottle. lipton's essence of coffee & chicory, guaranteed finest ever made. moat delicious and fragrant. 0•12 44."
coffee,1890,3,2365,62,4.8106,True,"trade announcements. fruit coffee. a west hartlepool luxury. 31[ er georg hall, grocer, stockton street, west hartleptol, has hit upon a blend of coffee which is pronounced to be of a..."
coffee,1890,3,2365,63,4.8169,True,"lipton in trtp, coffee trade. important notice. • hitherto i have been selling in the ceylon and london markets thousands of bushels of coffee of my own growing. i have now..."
coffee,1890,3,2365,64,4.8243,True,"fruit coffee. -- a west hartlepool luxury. mr george hall, grocer, stockton street, west harden( 01, has hit upon a blend of coffee which is pronounced to be of a..."
coffee,1890,3,2365,65,4.8248,True,"fruit coffee. a west hartlepool luxury. mr george hall grocer, steektonetzwet, west harzlepool, has hit upon • blend of coffee which is pronounced to be of a meet..."
coffee,1890,3,2365,66,4.8256,True,"fruir coffee. a west hartlepool luxury. afr george hall, grocer, stockton street, w est hartleptol, has hit upon a blend of coffee which is pronounced to be of a ..."
coffee,1890,3,2365,67,4.826,True,gmlel in? rattan. by messrs. branch cl- leete. lipton in the coffee tr ade. important notice. hitherto i have bren selling in the ceylon and london markets thousands of bushels of coffee of my own gro
coffee,1890,3,2365,68,4.8286,True,"til.lc for sui-.).•j- c7l • true aroma, 'ine flavour, fragrant. digestive, refreshing, exhilarating. mal coffee tins time, saii! why has english coffee become so undrinkable in recent years? for the s"
coffee,1890,3,2365,70,4.8294,True,"41111 fruit coffee. a west hartlepool luxury. mr george hill, grocer, stock- ton street, west hartlepool, has hit upon s blend of coffee whieh is pronounced to be of a ..."
coffee,1890,3,2365,71,4.8299,True,"use marshalvs flour. beet value in the hartlepools, lynn st. brunswick st. fruit coffee. a west hartlepool luxury. mr george hall, grocer, stockton street, west hartleprol, has hit upon a blend of cof"
coffee,1890,3,2365,72,4.8321,True,"gut ran.teed pate, with the addition of the auger neoemary in thdi sd. bmslnkula 9d. luraottle. lipton's essence of coffee & chicory, guaranteed finest ever made. moat delicious and fragrant. 0•12 44."
coffee,1890,3,2365,73,4.84,True,"til.lc for sui-.).•j- c7l • true aroma, 'ine flavour, fragrant. digestive, refreshing, exhilarating. mal coffee tins time, saii! why has english coffee become so undrinkable in recent years? for the s"
coffee,1890,3,2365,74,4.845,True,"gut ran.teed pate, with the addition of the auger neoemary in thdi sd. bmslnkula 9d. luraottle. lipton's essence of coffee & chicory, guaranteed finest ever made. moat delicious and fragrant. 0•12 44."
coffee,1890,3,2365,75,4.8489,True,"fruit coffee. a west hartlepool luxury. mr george ball, grocer, stockton street, west ilartlepi 01, has hit upon a blend of coffee which is pronounced to he of a ..."
coffee,1890,3,2365,76,4.8573,True,"11&, fruir coffee. a west hartlepool luxury. mr george hall, grocer, stockton street, west hartlepool, has hit upon a blend of coffee which is pronounced to be of a mo..."
coffee,1890,3,2365,77,4.8592,True,gmlel in? rattan. by messrs. branch cl- leete. lipton in the coffee tr ade. important notice. hitherto i have bren selling in the ceylon and london markets thousands of bushels of coffee of my own gro
coffee,1890,3,2365,79,4.8684,True,"fruit coffee. a west hartlepool luxury. mr george hall, grocer, stockton street, west hartlepool, has hit upon a blend of coffee which is pronounced to be of a mo..."
coffee,1890,3,2365,80,4.8729,True,"an excellent breakfast drink. fruit coffee (registered). a blend of coffee which is pronounced to be of a moot delicious flavour, and wholesome, stimulating, and nourishing. wasted by patent p..."
coffee,1890,3,2365,81,4.8778,True,"note the address- mcewen's, 48, lynn street. west hartlepool. fruit coffee. a west hartlkpool luxury. mr george. hall, grocer, stockton street, west ifartleprol, has hit upon a blend of coffeg which i"
coffee,1890,3,2365,82,4.8878,True,"lipton in trtp, coffee trade. important notice. • hitherto i have been selling in the ceylon and london markets thousands of bushels of coffee of my own growing. i have now..."
coffee,1890,3,2365,84,4.8956,True,"west hartlepool. fruit coffee. a west hartlepool luxury. mr george hall, grocer, stockton street, west hartleptol, has hit upon a blend of coffee which pronounced to iie of a most..."
coffee,1890,3,2365,85,4.9019,True,"the finest tea the l. per lb. sc. world can produce. no higher price. coffee! coffee! lipton's delicious blends. finest coffee and chicory, 3.0 a., is, and 3.8 2a. per lb. 3pit—t/i.m c:kifif°3ei7i ric"
coffee,1890,3,2365,87,4.908,True,"fruit coffee. a west hartlepool luxury. ivr ceorge hall, grocer, stockton street, west liartleneol, has hit upon a blend of coffee which is pronounced to be of a ..."
coffee,1890,3,2365,88,4.9109,True,"note the address- mcewen's, 48, lynn street. west hartlepool. fruit coffee. a west hartlkpool luxury. mr george. hall, grocer, stockton street, west ifartleprol, has hit upon a blend of coffeg which i"
coffee,1890,3,2365,89,4.9182,True,"wilson's french coffee • • an unsolicited testimonial from the city analysist. messrs. wilson and son have been favoured with the following letter from dr t. h. walker, fel..."
coffee,1890,3,2365,90,4.9192,True,"fruit coffee. a west hartlepool luxury. ivr ceorge hall, grocer, stockton street, west liartleneol, has hit upon a blend of coffee which is pronounced to be of a ..."
coffee,1890,3,2365,91,4.9246,True,"fruit coffee. a west hartlepool luxury. air george hall, grocer, 1,1 stockton-street, west hartlepool, has hit upon • blend of coffee which is pronounced to be of..."
coffee,1890,3,2365,92,4.9302,True,"fruit coffee. a west hartlepool luxury. ltr r george hall, grocer, ▪ stockton-street, west hartlepool, has hit upon • blend of coffee which is pronounced to be of..."
coffee,1890,3,2365,93,4.9326,True,"an excellent breakfast drink. fruit coffee (registered). a blend of coffee which is pronounced to be of • most delicious flavour, and wholesome, stimulating, and nourishing. roasted by patent ..."
coffee,1890,3,2365,95,4.9345,True,"fruit coffee. a west hartlepool luxury. mr george hall, grocer, stockton street, west hartlepcol, has hit upon a blend of coffee which is pronounced to be of a mo..."
coffee,1890,3,2365,96,4.9391,True,"west hartlepool. fruit coffee. a west hartlepool luxury. mr george hall, grocer, stockton street, west hartleptol, has hit upon a blend of coffee which pronounced to iie of a most..."
coffee,1890,3,2365,97,4.9404,True,terrific slaughter of big profits. by purehzaing lipton's coffee you save about half-a-dozen different middlemen's profits. and get your coffee direct from the planter. lipton's • delicious oriental b
coffee,1890,3,2365,99,4.9465,True,"use marshalvs flour. beet value in the hartlepools, lynn st. brunswick st. fruit coffee. a west hartlepool luxury. mr george hall, grocer, stockton street, west hartleprol, has hit upon a blend of cof"
coffee,1890,3,2365,101,4.9517,True,"fruit coffee. a west hartlepool luxury. mr george hall, grocer, stockton street, west hartlepcol, has hit upon a blend of coffee which is pronounced to be of a mo..."
coffee,1890,3,2365,102,4.9525,True,"til.lc for sui-.).•j- c7l • true aroma, 'ine flavour, fragrant. digestive, refreshing, exhilarating. mal coffee tins time, saii! why has english coffee become so undrinkable in recent years? for the s"
coffee,1890,3,2365,104,4.9561,True,"fruir coffee. a west hartlepool luxury. 34-r george hall, grocer, stockton street, 1. west hartlepeol, has hit upon a wend of coffee which is pronounced to be of ..."
coffee,1890,3,2365,105,4.9574,True,"gut ran.teed pate, with the addition of the auger neoemary in thdi sd. bmslnkula 9d. luraottle. lipton's essence of coffee & chicory, guaranteed finest ever made. moat delicious and fragrant. 0•12 44."
coffee,1890,3,2365,108,4.9608,True,"fruit coffee. a wbeit il4btlrpool luxury. ivir george hall, grocer, stoclrtonatreet, west hartlepool, has hit upon • blend of coffee which is pronouneed to be et ..."
coffee,1890,3,2365,109,4.963,True,"fruit coffee. a west hartlepool luxury. mr george hall, grocer, stock- ton street, went hartlepool, has hit upon a blend of coffee whish is pronounced to be of a ..."
coffee,1890,3,2365,110,4.9696,True,fruit coffee. a west hartlepool luxury. -- 3111:21valti:priloril'htrctiti uspotnenkt4a niaesntrdeeei isaffce whlch is pronounced to be of a most delicious flavour...
coffee,1890,3,2365,111,4.9698,True,"fruit coffee. a vtresr hartlepool luxury. me george hall, grocer, stockton street, west hartlepool, has hit upon a blend of coffee which is pronounced to be of a ..."
coffee,1890,3,2365,112,4.9699,True,"an excellent breakfast drink. fruit coffee (registered). a blend of coffee which ia pronounced to be of a most delicious flavour, and wholesome, stimulating, and nourishing. wasted by patent p..."
coffee,1890,3,2365,115,4.9751,True,"fruit coffee. a west hartlepool luxury. mr george hall, grocer, stockton street, west hartley. 01, has hit upon a blend of coffee which is pronounced to be of a m..."
coffee,1890,3,2365,116,4.9757,True,"fruit coffee. a west hartlepool luxury. mr george hall grocer, steektonetzwet, west harzlepool, has hit upon • blend of coffee which is pronounced to be of a meet..."
coffee,1890,3,2365,117,4.979,True,"...rice. 5,7, 10, a,nl 20 lbs., ,packed in patent aix-tight canisters, without extra charge. being bole proprietor of several of the most lam as tea and coffee es"
coffee,1890,3,2365,118,4.979,True,"til.lc for sui-.).•j- c7l • true aroma, 'ine flavour, fragrant. digestive, refreshing, exhilarating. mal coffee tins time, saii! why has english coffee become so undrinkable in recent years? for the s"
coffee,1890,3,2365,119,4.9839,True,"fruit coffee. a wfst hartlepool luxury. mr george hall, grocer, stockton street, west hartlepool, has hit upon a blend of coffee which is pronounced to be of a mo..."
coffee,1890,3,2365,120,4.9857,True,"fruir coffee. a west hartlepool luxury. 34-r george hall, grocer, stockton street, 1. west hartlepeol, has hit upon a wend of coffee which is pronounced to be of ..."
coffee,1890,3,2365,124,4.9979,True,"fruit coffee. a vtresr hartlepool luxury. me george hall, grocer, stockton street, west hartlepool, has hit upon a blend of coffee which is pronounced to be of a ..."
coffee,1890,3,2365,126,4.999,True,"grocers and provision merchants. fruit coffee. a west hartlepool luxury. r george hall, grocer, all stockton-street, west hartlepool, has hit upon a blend of coffee which is pronounced to beet a ..."
coffee,1890,3,2365,128,5.0007,True,"fruit coffee. a wirt hartlepool luxury. r george hall, grocer, stocjdou-street, west honiepool, has hit spoil • wood of coffee which is pronounced to be of • mod ..."
coffee,1890,3,2365,129,5.0008,True,"lipton in trtp, coffee trade. important notice. • hitherto i have been selling in the ceylon and london markets thousands of bushels of coffee of my own growing. i have now..."
coffee,1890,3,2365,130,5.0058,True,"til.lc for sui-.).•j- c7l • true aroma, 'ine flavour, fragrant. digestive, refreshing, exhilarating. mal coffee tins time, saii! why has english coffee become so undrinkable in recent years? for the s"
coffee,1890,3,2365,131,5.0085,True,"largest sale hi the world. coffee! coffee! lipton's delicious blends of finest coffee and chicory 108., is., and is. 2d. per lb. pure coffee, richest and best, per 18. 6d. lb. so webe..."
coffee,1890,3,2365,132,5.0124,True,"fruit coffee (registered). a blend of coffee which is pronounced to be of a most delicious flavour, and wholesome, stimulating, and nourishing. roasted by patent ..."
coffee,1890,3,2365,133,5.0126,True,terrific slaughter of big profits. by purehzaing lipton's coffee you save about half-a-dozen different middlemen's profits. and get your coffee direct from the planter. lipton's • delicious oriental b
coffee,1890,3,2365,134,5.0142,True,"amusements. now open a / lipton s great tea, coffee, and provision market, at 59, lynn street, west hartlepool, these premises, which have been specially reconstructed and magnificently fitted up as a"
coffee,1890,3,2365,135,5.0154,True,"rose & co., bed, window, and portier draperies, made to the designs of leading british and continental anima stockton on tees. coffee in perfection. pure coffee, whole tue finest quality 2/- pia 7,5, "
coffee,1890,3,2365,136,5.0211,True,"how to 31 ak e coffee. a short time ago there was a discussioa in some of the papers on how to make tea."" there is quite as much need of light and leading in the matter ot..."
coffee,1890,3,2365,138,5.0221,True,"use marshalvs flour. beet value in the hartlepools, lynn st. brunswick st. fruit coffee. a west hartlepool luxury. mr george hall, grocer, stockton street, west hartleprol, has hit upon a blend of cof"
coffee,1890,3,2365,139,5.0241,True,"101\1e.- coffee. few people know how to make coffee properly. tc do so is in itself an art. the old french way ol making coffee, prior to leos, was to put the powder..."
coffee,1890,3,2365,140,5.025,True,"used all over the world. now open lipton's great tea, coffee, and provision market, at 59, lynn street, west hartlepool, these premises, which have been specially reconstruoted and magnificently fitte"
coffee,1890,3,2365,141,5.0271,True,"_fruit coffee. a west hartlepool luxury. air george hall, grocer, stockton-street, west hartlepool, has hit upon • blend of coffee which is pronounced to be of a m..."
coffee,1890,3,2365,143,5.0292,True,"anaranteed pure. with the addition of the num unononnn in 5 mall per bottle. 9d. ler:e""bottle. lipton's essence of coffee & chicory, guaranteed finest ever made. moat delicious and fragmak only 4d.. p"
coffee,1890,3,2365,144,5.0297,True,"fruit coffee. a wirt hartlepool luxury. r george hall, grocer, stocjdou-street, west honiepool, has hit spoil • wood of coffee which is pronounced to be of • mod ..."
coffee,1890,3,2365,145,5.0332,True,"fruit coffee. a vtresr hartlepool luxury. me george hall, grocer, stockton street, west hartlepool, has hit upon a blend of coffee which is pronounced to be of a ..."
coffee,1890,3,2365,146,5.0364,True,"fruit coffee. a west hartlepool luxury. mr george hall, grocer, stockton street, west hartlepool, has hit upon a blend of coffee which is pronounced to be of a mo..."
coffee,1890,3,2365,147,5.0377,True,"now open lipton's great tea, coffee, and provision market, at 59 lynn street, west hartlepool • these premises, which have been specially reconstructed and magnificently fitted up as a ..."
coffee,1890,3,2365,148,5.0413,True,"fruit coffee (registered). a blend of coffee which is pronounced to be of a most delicious flavour, and wholesome, stimulating, and nourishing. roasted by patent ..."
coffee,1890,3,2365,149,5.0417,True,"101\1e.- coffee. few people know how to make coffee properly. tc do so is in itself an art. the old french way ol making coffee, prior to leos, was to put the powder..."
coffee,1890,3,2365,150,5.0436,True,"fruit coffee. a west hartlepool luxury. mr george hall, grocer, stockton street, west hartlepcol, has hit upon a blend of coffee which is pronounced to be of a mo..."
coffee,1890,3,2365,151,5.0442,True,"fnuir coffee. a west hartlepool luxury. m george hall, grocer, stockton street, west hurtlep 01, has kt upon a blend of wu, which is pronounced to be of a most de..."
coffee,1890,3,2365,153,5.0455,True,"amusements. now open a / lipton s great tea, coffee, and provision market, at 59, lynn street, west hartlepool, these premises, which have been specially reconstructed and magnificently fitted up as a"
coffee,1890,3,2365,154,5.0469,True,"41111 fruit coffee. a west hartlepool luxury. mr george hill, grocer, stock- ton street, west hartlepool, has hit upon s blend of coffee whieh is pronounced to be of a ..."
coffee,1890,3,2365,155,5.0489,True,"largest sale hi the world. coffee! coffee! lipton's delicious blends of finest coffee and chicory 108., is., and is. 2d. per lb. pure coffee, richest and best, per 18. 6d. lb. so webe..."
coffee,1890,3,2365,157,5.0502,True,fruit coffee. a west hartlepool luxury. -- 3111:21valti:priloril'htrctiti uspotnenkt4a niaesntrdeeei isaffce whlch is pronounced to be of a most delicious flavour...
coffee,1890,3,2365,158,5.0515,True,"an excellent breakfast drink. fruit coffee (registered). a blend of coffee which is pronounced to be of mut delicious flavour, and wholesome, stimulating, and nou'rishing. roasted by patent pr..."
coffee,1890,3,2365,159,5.0516,True,"fruit coffee. a wbeit il4btlrpool luxury. ivir george hall, grocer, stoclrtonatreet, west hartlepool, has hit upon • blend of coffee which is pronouneed to be et ..."
coffee,1890,3,2365,160,5.0519,True,fruit coffee. a west hartlepool luxury. -- 3111:21valti:priloril'htrctiti uspotnenkt4a niaesntrdeeei isaffce whlch is pronounced to be of a most delicious flavour...
coffee,1890,3,2365,161,5.0548,True,"terrific slaughter. op big profits. by purchasing lipton's coffee you save about half- a-do-:rn different middlemen's profits, ouch get your coffee direet from the planter. l 1 delicious ""oriental' bl"
coffee,1890,3,2365,162,5.0588,True,"note the address- mcewen's, 48, lynn street. west hartlepool. fruit coffee. a west hartlkpool luxury. mr george. hall, grocer, stockton street, west ifartleprol, has hit upon a blend of coffeg which i"
coffee,1890,3,2365,163,5.059,True,"the finest tea the l. per lb. sc. world can produce. no higher price. coffee! coffee! lipton's delicious blends. finest coffee and chicory, 3.0 a., is, and 3.8 2a. per lb. 3pit—t/i.m c:kifif°3ei7i ric"
coffee,1890,3,2365,164,5.0621,True,"film coffee. a west hartlepool luxury. i. george hall, grocer, stockton street, west havtloptol, has hit upon a blend of which is pronommed to he of a most delic..."
coffee,1890,3,2365,165,5.0624,True,"miscellaneous. cioffee and its effects—as an /aide of diet fruit coffee (registered) is wholesome, stimulating and nourishing. dr. paris remarks that coffee, if taken after a meal, is not found to cau"
coffee,1890,3,2365,168,5.0798,True,"trade announcements. fruit coffee. a west hartlepool luxury. 31[ er georg hall, grocer, stockton street, west hartleptol, has hit upon a blend of coffee which is pronounced to be of a..."
coffee,1890,3,2365,169,5.0808,True,"a awattee coffee mething new in the coffee pot. an absolutely pure coffee.trpitlta why has english coffee become ,so undrinkable in recent years? for the simple reaso..."
coffee,1890,3,2365,171,5.0846,True,"an excellent breakfast drink. fruit coffee (rfaistered). a blend of coffee which is pronounced to be of a most delicious flavour, and wholesome, stimulating, and nourishing. roasted by patent ..."
coffee,1890,3,2365,173,5.0882,True,"a awattee coffee mething new in the coffee pot. an absolutely pure coffee.trpitlta why has english coffee become ,so undrinkable in recent years? for the simple reaso..."
coffee,1890,3,2365,176,5.0962,True,"idimetant notice. hitherto i have been selling in the ceylon and loudon mankets thousands of %she's of coffee of my own growing, i have row decided to dispose of this &fide, direct to tie consumers, a"
coffee,1890,3,2365,177,5.1004,True,"fruit coffee. a west hartlepool luxury. mr george hall, grocer, stockton street, west hartley. 01, has hit upon a blend of coffee which is pronounced to be of a m..."
coffee,1890,3,2365,178,5.1014,True,"fruit coffee. a west hartlepool luxury. mr george hall, grocer, stockton street, west hartlepcol, has hit upon a blend of coffee which is pronounced to be of a mo..."
coffee,1890,3,2365,180,5.1122,True,"a awattee coffee mething new in the coffee pot. an absolutely pure coffee.trpitlta why has english coffee become ,so undrinkable in recent years? for the simple reaso..."
coffee,1890,3,2365,181,5.1134,True,"fruit coffee. a wirt hartlepool luxury. r george hall, grocer, stocjdou-street, west honiepool, has hit spoil • wood of coffee which is pronounced to be of • mod ..."
coffee,1890,3,2365,186,5.1228,True,"tee law and the liver. (two mtgistrates have decided that selling coffee ""con- taining 81 per cent, of chicory •' is not punishable under the adulteration act ever since drinking my morninig cup of wh"
coffee,1890,3,2365,187,5.1238,True,"...'s antibilious pills. of pure vegetable ingredients. for bile, liver, acidity, indigestion, &c. symingto n s those who cannot take ordinary edinburgh coffee can drink symington's coffee essence "
coffee,1890,3,2365,189,5.1318,True,"fruir coffee. a west hartlepool luxury. 34-r george hall, grocer, stockton street, 1. west hartlepeol, has hit upon a wend of coffee which is pronounced to be of ..."
coffee,1890,3,2365,190,5.132,True,"film coffee. a west hartlepool luxury. i. george hall, grocer, stockton street, west havtloptol, has hit upon a blend of which is pronommed to he of a most delic..."
coffee,1890,3,2365,191,5.1329,True,"a awattee coffee mething new in the coffee pot. an absolutely pure coffee.trpitlta why has english coffee become ,so undrinkable in recent years? for the simple reaso..."
coffee,1890,3,2365,193,5.1343,True,"how to 31 ak e coffee. a short time ago there was a discussioa in some of the papers on how to make tea."" there is quite as much need of light and leading in the matter ot..."
coffee,1890,3,2365,195,5.1384,True,"an excellent breakfast drink. fruit coffee (rfaistered). a blend of coffee which is pronounced to be of a most delicious flavour, and wholesome, stimulating, and nourishing. roasted by patent ..."
coffee,1890,3,2365,196,5.1408,True,"fruit coffee an excellent breakfast drink. (registered). a blend of coffee which is pronounced to be of a most delicious flavoura and wholesome, rdimulating, and ..."
coffee,1890,3,2365,199,5.1504,True,"an excellent breakfast drink. fruit coffee (registered). a blend of coffee which is pronounced to be of a most delicious flavour, and wholesou.e, stimulating, and nourishing. roasted by patent..."
coffee,1890,3,2365,202,5.156,True,"idimetant notice. hitherto i have been selling in the ceylon and loudon mankets thousands of %she's of coffee of my own growing, i have row decided to dispose of this &fide, direct to tie consumers, a"
coffee,1890,3,2365,203,5.1561,True,"the finest coffee procurable at is el.: shoat is. 4d. -i'ecial christmas blend indian and china tea, is. 10d. per lb. 31bs. for .58. 3d. ne strong liquor: will be foun..."
coffee,1890,3,2365,204,5.1565,True,"fruit coffee. a west hartlepool luxury. mr george hall, grocer, stock- ton street, went hartlepool, has hit upon a blend of coffee whish is pronounced to be of a ..."
coffee,1890,3,2365,206,5.1577,True,"101\1e.- coffee. few people know how to make coffee properly. tc do so is in itself an art. the old french way ol making coffee, prior to leos, was to put the powder..."
coffee,1890,3,2365,208,5.1758,True,"vinegar. purity and quality guaranteed. estab. over 250 years. soutuwark, london. coffee. coffee. refreshing at all times. lipton's delicious blends of finest coffee and chicory 10d., is., and is 2d p"
coffee,1890,3,2365,209,5.182,True,"fruit coffee. a west hartlepool luxury. 3 ,4-r ht.orce hall, grocer, stockton street, west hartlepcol, has mt upon a blend of coffee which is pronounced to be of ..."
coffee,1890,3,2365,210,5.185,True,"fruit coffee. a west hartlepool luxury. mr georgie hall, grocer, stockton street, west hartlepeol, has hit upon a blend of coffee which is pronounced to be of a m..."
coffee,1890,3,2365,211,5.1899,True,"lipton- in the coffeetrad,e.. important notice. hitherto l have been selling in therceylon and london markets thousands of bushels of coffee of my own growing. i have now ..."
coffee,1890,3,2365,214,5.1932,True,"lipton- in the coffeetrad,e.. important notice. hitherto l have been selling in therceylon and london markets thousands of bushels of coffee of my own growing. i have now ..."
coffee,1890,3,2365,215,5.1955,True,"a awattee coffee mething new in the coffee pot. an absolutely pure coffee.trpitlta why has english coffee become ,so undrinkable in recent years? for the simple reaso..."
coffee,1890,3,2365,216,5.2062,True,"largest sale hi the world. coffee! coffee! lipton's delicious blends of finest coffee and chicory 108., is., and is. 2d. per lb. pure coffee, richest and best, per 18. 6d. lb. so webe..."
coffee,1890,3,2365,217,5.2085,True,"a awattee coffee mething new in the coffee pot. an absolutely pure coffee.trpitlta why has english coffee become ,so undrinkable in recent years? for the simple reaso..."
coffee,1890,3,2365,218,5.2104,True,"til.lc for sui-.).•j- c7l • true aroma, 'ine flavour, fragrant. digestive, refreshing, exhilarating. mal coffee tins time, saii! why has english coffee become so undrinkable in recent years? for the s"
coffee,1890,3,2365,219,5.2198,True,"a awattee coffee mething new in the coffee pot. an absolutely pure coffee.trpitlta why has english coffee become ,so undrinkable in recent years? for the simple reaso..."
coffee,1890,3,2365,220,5.2208,True,"lipton- in the coffeetrad,e.. important notice. hitherto l have been selling in therceylon and london markets thousands of bushels of coffee of my own growing. i have now ..."
coffee,1890,3,2365,222,5.2311,True,"fruit coffee. a west hartlepool luxury. mr george hall, grocer, stockton street, west hartlepcol, has hit upon a blend of coffee which is pronounced to be of a mo..."
coffee,1890,3,2365,223,5.2319,True,"101\1e.- coffee. few people know how to make coffee properly. tc do so is in itself an art. the old french way ol making coffee, prior to leos, was to put the powder..."
coffee,1890,3,2365,224,5.235,True,"pure coffee in perfection. coffee, whole or ground. the finest quality • • fan di, finest costa rica or east indian i,s „ finest mysore • • mixed with a portion ..."
coffee,1890,3,2365,225,5.2353,True,"coffee in perfection thz finest imported. having made armattementa with messits.l r. field & bon, hull, i caa dow wpply _ their noted blend of finest peaber..."
coffee,1890,3,2365,229,5.2416,True,"mazawattee coffee which is the highest grade of coffee obtainable, acknowledge its superiority, and as it is now rapidly making its way into every part of the country,..."
coffee,1890,3,2365,233,5.2457,True,"tee law and the liver. (two mtgistrates have decided that selling coffee ""con- taining 81 per cent, of chicory •' is not punishable under the adulteration act ever since drinking my morninig cup of wh"
coffee,1890,3,2365,234,5.2482,True,to make good coffizi. remember in making coffee: that the same flavour will not suit every taste. that everyone can be suited to a nicety by pro- perly bleneing two or more kinds. that equal parts ...
coffee,1890,3,2365,235,5.2521,True,"vinegar. purity and quality guaranteed. estab. over 250 years. soutuwark, london. coffee. coffee. refreshing at all times. lipton's delicious blends of finest coffee and chicory 10d., is., and is 2d p"
coffee,1890,3,2365,236,5.2546,True,"largest sale hi the world. coffee! coffee! lipton's delicious blends of finest coffee and chicory 108., is., and is. 2d. per lb. pure coffee, richest and best, per 18. 6d. lb. so webe..."
coffee,1890,3,2365,240,5.2726,True,"lipton in the cotere trada. important notice. hitherto ',hare- been selling in the ceylon and lomb(' markets thousands of bu.shels of coffee of my own gro7sing i have now decided to dispose of this co"
coffee,1890,3,2365,241,5.2751,True,"fruit coffee. a west hartlepool luxury. mr georgie hall, grocer, stockton street, west hartlepeol, has hit upon a blend of coffee which is pronounced to be of a m..."
coffee,1890,3,2365,242,5.2765,True,"an excellent breakfast drink. fruit coffee (registered). a blend of coffee which is pronounced to be of s most delicious flavour, and wholesome, stimulating, and nourishing. boasted 14 patent ..."
coffee,1890,3,2365,243,5.2799,True,"an excellent breakfast drink. fruit coffee (registered). a blend of coffee which is pronounced to be of i most delicious flavour, and wholesome, stimulatins, sod nourishing. liensted— by paten..."
coffee,1890,3,2365,244,5.2819,True,"lipton- in the coffeetrad,e.. important notice. hitherto l have been selling in therceylon and london markets thousands of bushels of coffee of my own growing. i have now ..."
coffee,1890,3,2365,245,5.2835,True,"fnuir coffee. a west hartlepool luxury. m george hall, grocer, stockton street, west hurtlep 01, has kt upon a blend of wu, which is pronounced to be of a most de..."
coffee,1890,3,2365,246,5.2861,True,"62&64, ludgate hill, 3 never be without a b,ottle of e i 0 symington's edinburgh coffee essence in the house. all grocers sell it. it makes de- ,'; licious coffee in a moment. atyo.4o-800044:0c0&94,74"
coffee,1890,3,2365,248,5.2881,True,"idimetant notice. hitherto i have been selling in the ceylon and loudon mankets thousands of %she's of coffee of my own growing, i have row decided to dispose of this &fide, direct to tie consumers, a"
coffee,1890,3,2365,249,5.2882,True,"an excellent breakfast drink. fruit coffee (roistered) a blend of coffee which i, pronounced to btb.of most delicious flavour, and wholesome, stimulating, and naprialting. rouied by pritent (...."
coffee,1890,3,2365,250,5.2908,True,to make good coffizi. remember in making coffee: that the same flavour will not suit every taste. that everyone can be suited to a nicety by pro- perly bleneing two or more kinds. that equal parts ...
coffee,1890,3,2365,251,5.2939,True,"mazawattee coffee which is the highest grade of coffee obtainable, acknowledge its superiority, and as it is now rapidly making its way into every part of the country,..."
coffee,1890,3,2365,254,5.3078,True,"lipton in the cotere trada. important notice. hitherto ',hare- been selling in the ceylon and lomb(' markets thousands of bu.shels of coffee of my own gro7sing i have now decided to dispose of this co"
coffee,1890,3,2365,258,5.3237,True,"lipton in the cotere trada. important notice. hitherto ',hare- been selling in the ceylon and lomb(' markets thousands of bu.shels of coffee of my own gro7sing i have now decided to dispose of this co"
coffee,1890,3,2365,260,5.3252,True,"f auit coffee excellent breakfast drink. (rf.oistered). al, 'id of coffee which ig pronounced to he of a moat delicious flavour, atimulatititr, and nourishing. sy ..."
coffee,1890,3,2365,262,5.3263,True,"coffee in perfection 1 the finest imported. having made arrangements with messrs. b. field & son, hull, i can now supply their noted blend of finest peaberr..."
coffee,1890,3,2365,263,5.3278,True,"lipton's great tea, coffee, and provision market, at 59, lynn street west hartlepool, these premises, which have been specially reconstructed and magnificently fitted up as a l..."
coffee,1890,3,2365,265,5.3383,True,"the virtues of coffee are at 'present being widely dh wised, and both doctors and laymen agree that doe, freahly.ronated, pure, well-mads codes is one ot the best and most..."
coffee,1890,3,2365,266,5.3383,True,"edinburgh coffee essence ?flakes delicious coffee in a yr nment. no trouble, no waste. in small and large bottles, from all orocers. guaranteed pure. 10q"
coffee,1890,3,2365,268,5.3407,True,"how to 31 ak e coffee. a short time ago there was a discussioa in some of the papers on how to make tea."" there is quite as much need of light and leading in the matter ot..."
coffee,1890,3,2365,269,5.3407,True,"the coffee pot pure coffee. 'or 115:eakfl,'; 707: ..7.2.1:117..' for stj true aroma, 'me flavour, fragrant. digestive, refreshing, exhilarating rr.:t. corrrr, t..."
coffee,1890,3,2365,274,5.3538,True,"an excellent breakfast drink. fruit coffee (roistered) a blend of coffee which i, pronounced to btb.of most delicious flavour, and wholesome, stimulating, and naprialting. rouied by pritent (...."
coffee,1890,3,2365,276,5.356,True,"a awattee coffee mething new in the coffee pot. an absolutely pure coffee.trpitlta why has english coffee become ,so undrinkable in recent years? for the simple reaso..."
coffee,1890,3,2365,277,5.3576,True,"an indisputable fact. it is well known that most coffee dealers and grocers charge large profits on very inferior coffees. to do away with these extortions, coffee of superior, quality, direct front t"
coffee,1890,3,2365,280,5.3593,True,"an excellent breakfast drink. fruit coffee (registered). a blend of coffee which is pronounced to be of a most delicious flavour, and wholesome, stimulating, and nourishing. roasted by patent ..."
coffee,1890,3,2365,281,5.3615,True,"fruit coffee l!i facto- try the above. thxii 1860. the northee is now admitted bg of the best and no ""10 (evening) in 4 (registered). a blend of coffee which is p..."
coffee,1890,3,2365,282,5.3633,True,"the coffee pot pure coffee. 'or 115:eakfl,'; 707: ..7.2.1:117..' for stj true aroma, 'me flavour, fragrant. digestive, refreshing, exhilarating rr.:t. corrrr, t..."
coffee,1890,3,2365,283,5.364,True,"lipton in the cotere trada. important notice. hitherto ',hare- been selling in the ceylon and lomb(' markets thousands of bu.shels of coffee of my own gro7sing i have now decided to dispose of this co"
coffee,1890,3,2365,285,5.3668,True,"fruit coffee. a writ hartlepool luxury. titlt (.eorcp. hall, grocer, stooktessatreet, west hartlepool, has 1.31 upou • blend of (toffee which is prnnett aced to b..."
coffee,1890,3,2365,286,5.3674,True,"an excellent breakfast drink. fruit coffee (registered). a blend of coffee which is pronounced to be of a most delicious flavour, and wholeeome, stimulating, and nourishing. roasted by patent ..."
coffee,1890,3,2365,292,5.3758,True,"...s. epps's grateful-comforting. co co at mri-.akfast and supper. the smoothness, delicacy and nrifor- mity of flavour have made symingtnr, s edinburgh coffee essence a tall;le k favou"
coffee,1890,3,2365,293,5.3779,True,"an indisputable fact. it is well known that most coffee dealers and grocers charge large profits on very inferior coffees. to do away with these extortions, coffee of superior, quality, direct front t"
coffee,1890,3,2365,294,5.379,True,"an excellent breakfast drink. fruit coffee (registered). a blend of coffee which is pronounced to be of a most delicious flavour, and wholesome, stimulating, and nourishing. roasted by patent ..."
coffee,1890,3,2365,297,5.3833,True,"lipton's great tea, coffee, and provision market, at 59, lynn street west hartlepool, these premises, which have been specially reconstructed and magnificently fitted up as a l..."
coffee,1890,3,2365,298,5.3847,True,"police intelligence, before the stipendiary. adulkration.—david henry davies, iriorrr, of ystrud rhondda, was charged with selling adulteistpd coffee on the 10th tat inspector ratter visited the defen"
coffee,1890,3,2365,299,5.385,True,"an indisputable fact. it is well known that most coffee dealers and grocers charge large profits on very inferior coffees. to do away with these extortions, coffee of superior, quality, direct front t"
coffee,1890,3,2365,300,5.3855,True,"excellent breakfast drink. fruit coffee (itegistered). 6 bleed of coffee which is pronounced to be of a moon jpelicious flavour. anti anclesune, amputating, and nourishing. • 4tosste.t by p..."
coffee,1890,3,2365,302,5.3877,True,"coffee in perfection the finest imported. haying made amingemente with messrs. 11. field & bon, hall, i ean now eapply their noted blend of finest itaberry ..."
coffee,1890,3,2365,303,5.3905,True,b. never be without a bottle of g symington's edinburgh coffee essence in the house. all 0 grocers sell it. it makes de- licious coffee in a moment. 2 oce22.ooeatasozzaewfaatleszi;
coffee,1890,3,2365,305,5.3967,True,"fruit coffee an excellent breakfast drink. (registered). a blend of coffee wbich is pronounced to be of a most delicious flavour, and wholesowe, stirouloting, and..."
coffee,1890,3,2365,309,5.3984,True,"fruit coffee. a writ hartlepool luxury. titlt (.eorcp. hall, grocer, stooktessatreet, west hartlepool, has 1.31 upou • blend of (toffee which is prnnett aced to b..."
coffee,1890,3,2365,310,5.4064,True,"an indisputable fact. it is well known that most coffee dealers and grocers charge large profits on very inferior coffees. to do away with these extortions, coffee of superior, quality, direct front t"
coffee,1890,3,2365,311,5.4116,True,"til.lc for sui-.).•j- c7l • true aroma, 'ine flavour, fragrant. digestive, refreshing, exhilarating. mal coffee tins time, saii! why has english coffee become so undrinkable in recent years? for the s"
coffee,1890,3,2365,312,5.4125,True,"the coffee pot pure coffee. 'or 115:eakfl,'; 707: ..7.2.1:117..' for stj true aroma, 'me flavour, fragrant. digestive, refreshing, exhilarating rr.:t. corrrr, t..."
coffee,1890,3,2365,314,5.4149,True,"miscellaneous. coffee and its effects—as an article of diet fruit coffee (registered) is wholesome, stimulating and nourishing. dr. paris remarks that coffee, if taken aft..."
coffee,1890,3,2365,315,5.4179,True,"an excellent breakfast drink. fruit coffee (registered). a blend of coffee which is pronounced to be of s most delicious flavour, and wholesome, stimulating, and nourishing. boasted 14 patent ..."
coffee,1890,3,2365,316,5.4182,True,"lipton's great tea, coffee, and provision market, at 59, lynn street, west hartlepool. these premises, which have been specially reconstructed and magnificently fitted up as a ..."
coffee,1890,3,2365,317,5.4186,True,"tea and coffee grounds. a great many people injure themselves, and bring on indigestion, by swallowing tea-leaves and coffee-grounde. the coffee, if well made, shou..."
coffee,1890,3,2365,318,5.4195,True,"fnuir coffee. a west hartlepool luxury. m george hall, grocer, stockton street, west hurtlep 01, has kt upon a blend of wu, which is pronounced to be of a most de..."
coffee,1890,3,2365,324,5.4281,True,"police intelligence, before the stipendiary. adulkration.—david henry davies, iriorrr, of ystrud rhondda, was charged with selling adulteistpd coffee on the 10th tat inspector ratter visited the defen"
coffee,1890,3,2365,325,5.4295,True,to make good coffizi. remember in making coffee: that the same flavour will not suit every taste. that everyone can be suited to a nicety by pro- perly bleneing two or more kinds. that equal parts ...
coffee,1890,3,2365,326,5.4309,True,"police intelligence, before the stipendiary. adulkration.—david henry davies, iriorrr, of ystrud rhondda, was charged with selling adulteistpd coffee on the 10th tat inspector ratter visited the defen"
coffee,1890,3,2365,328,5.4323,True,"an excellent breakfast drink. fruit coffee (registered). a blend of coffee which is pronounced to be of a moot delicious flavour, and wholesome, stimulating, and nourishing. wasted by patent p..."
coffee,1890,3,2365,332,5.4398,True,"the coffee pot pure coffee. 'or 115:eakfl,'; 707: ..7.2.1:117..' for stj true aroma, 'me flavour, fragrant. digestive, refreshing, exhilarating rr.:t. corrrr, t..."
coffee,1890,3,2365,333,5.4411,True,"the coffee pot pure coffee. 'or 115:eakfl,'; 707: ..7.2.1:117..' for stj true aroma, 'me flavour, fragrant. digestive, refreshing, exhilarating rr.:t. corrrr, t..."
coffee,1890,3,2365,334,5.4418,True,a new drink. a new drink—coffee-tea—ix recommended by the british alediral journal to public notice. the leaves of coffee contain much more theist than the berries the habit of usin...
coffee,1890,3,2365,336,5.4445,True,"the coffee pot pure coffee. 'or 115:eakfl,'; 707: ..7.2.1:117..' for stj true aroma, 'me flavour, fragrant. digestive, refreshing, exhilarating rr.:t. corrrr, t..."
coffee,1890,3,2365,337,5.445,True,"mazawattee coffee which is the highest grade of coffee obtainable, acknowledge its superiority, and as it is now rapidly making its way into every part of the country,..."
coffee,1890,3,2365,342,5.46,True,"the coffee pot pure coffee. 'or 115:eakfl,'; 707: ..7.2.1:117..' for stj true aroma, 'me flavour, fragrant. digestive, refreshing, exhilarating rr.:t. corrrr, t..."
coffee,1890,3,2365,344,5.4627,True,"choice coffee mixtures is. and 14. 4d. genwine coffee, whole or ground i is. bd. snd u. 10d. birks bros.' provisions hare always been a strong point with them and ..."
coffee,1890,3,2365,346,5.4633,True,"fruit coffee. a writ hartlepool luxury. titlt (.eorcp. hall, grocer, stooktessatreet, west hartlepool, has 1.31 upou • blend of (toffee which is prnnett aced to b..."
coffee,1890,3,2365,347,5.4666,True,"vinegar. purity and quality guaranteed. estab. over 250 years. soutuwark, london. coffee. coffee. refreshing at all times. lipton's delicious blends of finest coffee and chicory 10d., is., and is 2d p"
coffee,1890,3,2365,349,5.4678,True,"the coffee pot pure coffee. 'or 115:eakfl,'; 707: ..7.2.1:117..' for stj true aroma, 'me flavour, fragrant. digestive, refreshing, exhilarating rr.:t. corrrr, t..."
coffee,1890,3,2365,350,5.4741,True,"an indisputable fact. it is well known that most coffee dealers mad grocers charge large profits on very inferior coffees. to,floaway with these extortions. coffee of superior quality, &yea from the p"
coffee,1890,3,2365,351,5.4748,True,"excellent bizearfast fruit coffee (reniffrffff.eto. a nail of coffee which is pronouni7ed to he of a nvist delicious flavour, _ lad srl-..fenotne, etbnulating, end nourishing. boasted..."
coffee,1890,3,2365,352,5.4795,True,"fruit coffee. a west hartlepool luxury. air george hall, grocer, 1,1 stockton-street, west hartlepool, has hit upon • blend of coffee which is pronounced to be of..."
coffee,1890,3,2365,353,5.4804,True,"an indisputable fact. it is well known that most coffee dealers and grocers charge large profits on very inferior coffees. to do away with these extortions, coffee of superior, quality, direct front t"
coffee,1890,3,2365,354,5.4829,True,"atuto to noustvotbto a cup of 0001) coffee. or course no well-regulated housewife buys the triply of family coffee in the state whi:th is knoww •' ground."" oround coffee may sometimes be nices..."
coffee,1890,3,2365,361,5.4866,True,"tea and coffee grounds. a great many people injure themselves, and bring on indigestion, by swallowing tea-leaves and coffee-grounde. the coffee, if well made, shou..."
coffee,1890,3,2365,362,5.4871,True,"fruit coffee (tte(iitebed). a blend of coffee which is pronounced to be of a most delicious k lavour, and wholesome, stimulating, and nourishing. ross aped by pat..."
coffee,1890,3,2365,366,5.4953,True,"wilson's french coffee • • an unsolicited testimonial from the city analysist. messrs. wilson and son have been favoured with the following letter from dr t. h. walker, fel..."
coffee,1890,3,2365,367,5.4954,True,"the coffee pot pure coffee. 'or 115:eakfl,'; 707: ..7.2.1:117..' for stj true aroma, 'me flavour, fragrant. digestive, refreshing, exhilarating rr.:t. corrrr, t..."
coffee,1890,3,2365,368,5.4981,True,the cotlee•drlnkers' jubilee. icoffee-drinkers should soon be celebrating the tercentenary of the introduction of the fragnsnt beverage into england. it is fenerally supposed that nano we...
coffee,1890,3,2365,369,5.499,True,"personal gossip. the queen buys all her coffee from a gross, at cannes. it cams about like this. when ime majesty was at g onie years ago, she was struck by the excellent* of the coffee, aiwl, fin..."
coffee,1890,3,2365,372,5.5057,True,"an indisputable fact. it is well known that most coffee dealers mad grocers charge large profits on very inferior coffees. to,floaway with these extortions. coffee of superior quality, &yea from the p"
coffee,1890,3,2365,373,5.5096,True,"an excellent breakfast drink. fruit coffee (registered). a blend or coffee which io pronounced to be of a moot delicrais flavour, and wholesome, stirouletifig, and nourishing. boasted by paten..."
coffee,1890,3,2365,375,5.5133,True,the cotlee•drlnkers' jubilee. icoffee-drinkers should soon be celebrating the tercentenary of the introduction of the fragnsnt beverage into england. it is fenerally supposed that nano we...
coffee,1890,3,2365,376,5.5148,True,"the comet. patronised by the rich, the witty, and the gay, a floating coffee house, adjacent to somerset house, of which an old engraving still survives. it was constructed on very similar lines to th"
coffee,1890,3,2365,381,5.5228,True,"miscellaneous. cioffee and its effects—as an /aide of diet fruit coffee (registered) is wholesome, stimulating and nourishing. dr. paris remarks that coffee, if taken after a meal, is not found to cau"
coffee,1890,3,2365,382,5.525,True,"fruit coffee (rfioistered). a blend of coffee which is pronounced to be of a most delicious flavour, and wholesoale, stimulating, and nourlshing. boasted by paten..."
coffee,1890,3,2365,384,5.5302,True,"trade announcements. fruit coffee. a west if .i.::tlepool luxury. lvflt geoitt; crocer, stockton street, 1. west fla.-1:^0. oh has hit 111,011 a klend of cosee wh'eh is pronounced to ..."
coffee,1890,3,2365,386,5.5354,True,"adulterated coffee at runcoen. on monday, at runcorn police court, walter collier, grocer, church-st., was summoned lor selling half a lb. of coffee, which was not of t..."
coffee,1890,3,2365,393,5.5527,True,"kssenc es can be used i p+eszure awl cow!' tre by lb, who can. cot driuk the evi mar) coffee tuase st he cannot use ouo coffee and chi copy roma will and ot4 pure coffee faer•-• • r,” rept.cs l 1,11.0"
coffee,1890,3,2365,394,5.5539,True,unroasted coffee in liver disease. it is now more than 30 years since dr. landarrabileo called attention in the medical journals to the great value of green or unroas...
coffee,1890,3,2365,395,5.5554,True,"police intelligence, before the stipendiary. adulkration.—david henry davies, iriorrr, of ystrud rhondda, was charged with selling adulteistpd coffee on the 10th tat inspector ratter visited the defen"
coffee,1890,3,2365,396,5.5583,True,"terrific slaughter of bic profits. by purchasing lipton's coffee you save about half- a-dozen dliderent middlemen's profits, and get your coffee direct from the vlanter. lipton's delicious oriental bl"
coffee,1890,3,2365,397,5.5584,True,"coffee an excellent breakfast drink. fruit (registered). a blend of coffee which is pronounced to be of a most delicious flavour, and wbole9ome, wirradritin..."
coffee,1890,3,2365,400,5.5705,True,"fruit coffee (tte(iitebed). a blend of coffee which is pronounced to be of a most delicious k lavour, and wholesome, stimulating, and nourishing. ross aped by pat..."
coffee,1890,3,2365,401,5.5715,True,"fruit coffee (registered). a blend of coffee which is pronounced to be of a most delicious flavour, and wholesome, stimulating, and nourishing. boasted by patent ..."
coffee,1890,3,2365,403,5.576,True,terrific slaughter of big profits. by purehzaing lipton's coffee you save about half-a-dozen different middlemen's profits. and get your coffee direct from the planter. lipton's • delicious oriental b
coffee,1890,3,2365,404,5.5762,True,"miscellaneous. coffee and its effects—as an article of diet fruit coffee (registered) is wholesome, stimulating and nourishing. dr. paris remarks that coffee, if taken aft..."
coffee,1890,3,2365,406,5.5768,True,"adulterated coffee at runcoen. on monday, at runcorn police court, walter collier, grocer, church-st., was summoned lor selling half a lb. of coffee, which was not of t..."
coffee,1890,3,2365,409,5.5787,True,zr; never be without a bottle of ti ci`f4 cymington'seilltiburgh coffee r 0; -essence in the house. an grocers sell it. it makes de- licious coffee in a moment. oteoseaosemageseceaseael
coffee,1890,3,2365,411,5.5801,True,"miscellaneous. coffee and its effects—as an article of diet fruit coffee (registered) is wholesome, stimulating and nourishing. dr. paris remarks that coffee, if taken aft..."
coffee,1890,3,2365,412,5.5803,True,"...ofer for • those who cannot take ordinary .... i, „...,harneises.etts of- tens s and preserves the nr. pli asant odour, allows polish' ...-i-t- • ..f coffee can drink symington'"
coffee,1890,3,2365,415,5.5819,True,"fruit __coffee _ (registered). a blend of coffee which is pronounced to be of a most delicious flavour, and wholesome, stimulating, and nourishing. routed by patent..."
coffee,1890,3,2365,416,5.5827,True,...indian blend is 1041. unrivalled indian and ceylon 8lend.........2.. pounds for 5s 6d. superb ceylon mixture 2s 4(1. 3 pounds for 66 66. birks bros.' coffees 
coffee,1890,3,2365,419,5.5915,True,"... vegetable ingredients. for bile, liver, acidity, indigestion, &pc. free c*rom mercury. those who cannot take ordinary 1 sypain g t kit n s edinburgh coffee can d"
coffee,1890,3,2365,422,5.5991,True,"the finest tea the l. per lb. sc. world can produce. no higher price. coffee! coffee! lipton's delicious blends. finest coffee and chicory, 3.0 a., is, and 3.8 2a. per lb. 3pit—t/i.m c:kifif°3ei7i ric"
coffee,1890,3,2365,424,5.6001,True,to make good coffizi. remember in making coffee: that the same flavour will not suit every taste. that everyone can be suited to a nicety by pro- perly bleneing two or more kinds. that equal parts ...
coffee,1890,3,2365,428,5.6042,True,"the coffee pot pure coffee. 'or 115:eakfl,'; 707: ..7.2.1:117..' for stj true aroma, 'me flavour, fragrant. digestive, refreshing, exhilarating rr.:t. corrrr, t..."
coffee,1890,3,2365,429,5.6052,True,"10021ifra4i)%.4i,....vaviw.oto4pww,,,.a;)arott,i.)<lmanwi 5 never be without a bottle of symington's edinburgh coffee essence in the house. all grocers sell it. it makes de- licious coffee in a moment"
coffee,1890,3,2365,430,5.6086,True,"...t the co-operative society. john anderson, manager of the carlisle co-operative society, limited, was charged with selling to c. w. hill a mixture of coffee and chicory which was not of t"
coffee,1890,3,2365,434,5.6112,True,"an indisputable fact. it is well known that most coffee dealers mad grocers charge large profits on very inferior coffees. to,floaway with these extortions. coffee of superior quality, &yea from the p"
coffee,1890,3,2365,435,5.6116,True,"use marshalvs flour. beet value in the hartlepools, lynn st. brunswick st. fruit coffee. a west hartlepool luxury. mr george hall, grocer, stockton street, west hartleprol, has hit upon a blend of cof"
coffee,1890,3,2365,436,5.612,True,"a awattee coffee mething new in the coffee pot. an absolutely pure coffee.trpitlta why has english coffee become ,so undrinkable in recent years? for the simple reaso..."
coffee,1890,3,2365,438,5.6142,True,"an excellent breakfast drink. fruit coffee (registered). a blend of coffee which is pronounced to be of mut delicious flavour, and wholesome, stimulating, and nou'rishing. roasted by patent pr..."
coffee,1890,3,2365,439,5.6148,True,"excessive coffee drinking. much has been said concerning the ruidoubtedl7 evil effects of excesaive tea drinking. dr. f. mendel, says the british medical journal, haa..."
coffee,1890,3,2365,442,5.6214,True,coffee as a disinfectant. great attention has been called to coffee as the beat beverage that can be taken by men employed laboriously in inclement weather....
coffee,1890,3,2365,444,5.6243,True,"fruit _coffee _ (registered). a bead of coffee which is pronounced to be of a most delicious flavour, and wholesome, stimulating, and nourishing. roasted ly patent..."
coffee,1890,3,2365,445,5.6252,True,april fine of 20s. and costs was inflicted—henry moon was next charged with selling coffee adulterated with chicory when asked for coffee only.—the evidence of police-constable heavyside and mr. supt.
coffee,1890,3,2365,446,5.6252,True,april fine of 20s. and costs was inflicted—henry moon was next charged with selling coffee adulterated with chicory when asked for coffee only.—the evidence of police-constable heavyside and mr. supt.
coffee,1890,3,2365,447,5.6262,True,"fruit coffee an excellent breakfast drink. (registered). a blend of coffee which is prono umed to be of a most delicious flavour, and wholesosne, stimulating. and..."
coffee,1890,3,2365,452,5.6317,True,"an excellent breakfast drink. fruit coffee (registered). a blend of coffee which ia pronounced to be of a most delicious flavour, and wholesome, stimulating, and nourishing. wasted by patent p..."
coffee,1890,3,2365,453,5.6332,True,"fdinpurgh coffee essence makes delaious coffee /n a moment. no trooble, no waste. in small and large bottles, from all grocers. • 100 rymostes stork, for errant yam h..."
coffee,1890,3,2365,459,5.6396,True,"... the prices :- 10d., in., and is. 2d. per lb. these magnificent blends can only be obtained from lipton's markets and agencies. to all lovers of pure coffee, i offer the richest and best that mone"
coffee,1890,3,2365,460,5.6403,True,"fancy ilb-tn;of masa% .7;aitzt;;;-.. .271;e lb blend 2. do very fine flavour la 10d do i3rittan'a own 1, id do coven... 1 iddo coffee. we sell more coffee than any other -- spleed id mixt:ire is ed pe"
coffee,1890,3,2365,464,5.6433,True,"an excellent breakfast drink. fruit coffee (registered). a blend of coffee whidt is pronounced to be of a nwst delicious flavour, and wholesome, stimulating, and nolrishing. itoru3ted by paten..."
coffee,1890,3,2365,465,5.6454,True,"coffee in perfection. pure coffee, whole 'or ground. the finest quality • -2/- pie l. finest costa rica or east indian • • • 1/8 finest mysore • • • 1/6 mix..."
coffee,1890,3,2365,466,5.6463,True,"fruit coffee. a west hartlepool luxury. mr george ball, grocer, stockton street, west ilartlepi 01, has hit upon a blend of coffee which is pronounced to he of a ..."
coffee,1890,3,2365,467,5.6471,True,"pure the finest quality finest costa rica or east indian finest mysore mixed with a portion of chicory, the quality of the above guaranteed. coffee in perfection. coffee, whole or ground. • 2/- pim le"
coffee,1890,3,2365,472,5.6544,True,"west hartlepool. fruit coffee. a west hartlepool luxury. mr george hall, grocer, stockton street, west hartleptol, has hit upon a blend of coffee which pronounced to iie of a most..."
coffee,1890,3,2365,476,5.6597,True,"terrific slaughter of bic profits. by purchasing lipton's coffee you save about half- a-dozen dliderent middlemen's profits, and get your coffee direct from the vlanter. lipton's delicious oriental bl"
coffee,1890,3,2365,477,5.6614,True,"to all lovers of pure coffee, i offer the richest and best that money can buy, direct from the plantations at is. 6d.per lb. no higher price. an indisputable fact. it is well kno..."
coffee,1890,3,2365,479,5.6654,True,"... the prices :- 10d., in., and is. 2d. per lb. these magnificent blends can only be obtained from lipton's markets and agencies. to all lovers of pure coffee, i offer the richest and best that mone"
coffee,1890,3,2365,483,5.6697,True,"lipton's delicious oriental blends. finest coffee and chicory, 100, 1., and is 2o per lb. pure coffee!! richest and best. is 6:. per 1.13. no molina piz."
coffee,1890,3,2365,487,5.6718,True,"fruit coffee. a west hartlepool luxury. 3 ,4-r ht.orce hall, grocer, stockton street, west hartlepcol, has mt upon a blend of coffee which is pronounced to be of ..."
coffee,1890,3,2365,489,5.6743,True,"adulteration of coffes. james phillips. grocer, penygraig, wa.4 chaiged with selling coffee adulterated to an un- usual extent. it was understood that this was a test case. pdr rowlands, market harbor"
coffee,1890,3,2365,490,5.6747,True,"special notice! downes' universal teas are reduced 2d. per lb. owing to the redaction in tea duty. 1/2,1/4, 1/8, 1/10, 2/- per lb. a trial soliciird. coffee—fresh roasted and ground daily on the premi"
coffee,1890,3,2365,491,5.676,True,"decrease in the imports of coffer. this is accounted foe by the kind of stuff which is often sold as coffee. when properly roosted, perfectly fresh, and of fine quality, coffee is a delicious and whol"
coffee,1890,3,2365,492,5.6767,True,"adulteration of coffes. james phillips. grocer, penygraig, wa.4 chaiged with selling coffee adulterated to an un- usual extent. it was understood that this was a test case. pdr rowlands, market harbor"
coffee,1890,3,2365,493,5.6781,True,"fruit coffee an excellent breakfast drink. (registered). a blend of coffee which is pronounced to be of a most delicious flavoura and wholesome, rdimulating, and ..."
coffee,1890,3,2365,497,5.6858,True,2 .• trade announcements. 1 • • the cry is still they come. an excellent breakfast drink. guaranteed fruit coffee by the best 14 1 a n-r- ci la (registered). a 'mend of coffee which is pronounced to b
coffee,1890,3,2365,498,5.6864,True,"an excellent breakfast drink. fruit coffee (registered). a blend of coffee which is pronounced to be of a most delicious flavour, and wholesome, stimulating, and nourishing. roasted by patent ..."
coffee,1890,3,2365,499,5.6884,True,"trade announcements. an excellent breakfast drink. fruit coffee (registered). a wood of coffee which is pronounced to be of a moils delicious flavour, and wholesome, stimulating, and nourishing. • roa"
coffee,1890,3,2365,501,5.6924,True,"sonsehold. tints. a judicious blend of different kinds of coffee always produces a better liquor than any single coffee, but this mixture ought always to be mada after roasting, and not before. closet"
coffee,1890,3,2365,506,5.694,True,"fine flavour. diazawattee coffee which is the highest grade of coffee obtainable, acknowledge its superiority, and as it is now rapidly making its way into every part of the country,..."
coffee,1890,3,2365,508,5.6948,True,"i•c•u•o•o•c•o•c•o•o•o•o•o•: ',ottle of § o 'freer.) t ,is $ ,•..-ore,c.. • never be without a bottle of symington's edinburgh coffee essence in the house. all grocers sell it. it makes de- licious cof"
coffee,1890,3,2365,509,5.6957,True,"()—stockton 86 thornaby likralo, saturda y, febltcke, y 22, 7896. personal gossip. the queen buys all her coffee from a gro:er at canoes. it c 3.1110 about like thin. when her majesty was at arasse wa"
coffee,1890,3,2365,510,5.6959,True,"icititer _buyyer havng visited your tea and coffee llstatea, i have had daily oportunitles of tasting the coffee grown on these mag- nifleentproperties, end i have no hesitation in saying that the cof"
coffee,1890,3,2365,511,5.6983,True,"an excellent breakfast drink. fruit coffee (registered). a blend of coffee which is pronounced to be of a most delicious flavour, and wholesome, stimulatingwand nourishing. wasted by patent pr..."
coffee,1890,3,2365,514,5.6992,True,"...t the co-operative society. john anderson, manager of the carlisle co-operative society, limited, was charged with selling to c. w. hill a mixture of coffee and chicory which was not of t"
coffee,1890,3,2365,515,5.703,True,"syraing to 4's edinburgh coffee eft.ss-,ince makes delicious coffee in a moment. no trouble, no waste. in small and lar :.,;o bottles, from alt grocers. 100 guaranteed pure."
coffee,1890,3,2365,517,5.7096,True,coffee as a disinfectant. great attention has been called to coffee as the beat beverage that can be taken by men employed laboriously in inclement weather....
coffee,1890,3,2365,527,5.7241,True,"edinburgh coffee essence makes delicious coffee in a moment. no trouble, no waste. in small and large bottles, from all grocers. guaranteed pure. (mena coluticct all ..."
coffee,1890,3,2365,530,5.7277,True,satisfactory wilts to /nest and host is coin am& with symington' edinburgh coffee essence sold in small and large bottles by grocers tverywhere. al
coffee,1890,3,2365,532,5.7316,True,"... the prices :- 10d., in., and is. 2d. per lb. these magnificent blends can only be obtained from lipton's markets and agencies. to all lovers of pure coffee, i offer the richest and best that mone"
coffee,1890,3,2365,534,5.7342,True,"an indisputable fact. it is well known that most coffee dealers mad grocers charge large profits on very inferior coffees. to,floaway with these extortions. coffee of superior quality, &yea from the p"
coffee,1890,3,2365,535,5.7345,True,coffee as a disinfectant. great attention has been called to coffee as the beat beverage that can be taken by men employed laboriously in inclement weather....
coffee,1890,3,2365,537,5.7353,True,"fit'fed free of charge. carter & co., 'stockton on tees west hartlepool. coffee in perfection. pure coffee whole or ground. tile finest quality • finrit cotta rica or emt indian • • • • ur • tin -it x"
coffee,1890,3,2365,541,5.7446,True,"...nal recipe of dr ron 1. blaud. one gross bokes post free la 2d domes drug stores, newcastle-on-tyne. 14211 pills. an excellent breakfast drink. fruit coffee (registered). a t"
coffee,1890,3,2365,543,5.7472,True,"tea, coffee and chocolate. w. h. 8., in the hotel, says the history of most of the universal articles of consumption, like that of many of the greatest schemes w..."
coffee,1890,3,2365,544,5.7472,True,"ft the smoothness, delicacy and unifor- mity of flavour have made symington's edinburgh coffee essence a tablet; favourite with those who cannot take t; the ordinary coffee. 6 a intintriretetiver..,nt"
coffee,1890,3,2365,548,5.7508,True,"coffee essence debi:iota coffee at one farthing per cup. prepared in two seconds, absolutely pure. no copier grounds quality totally eclipses thee of all pr..."
coffee,1890,3,2365,552,5.7552,True,"fine flavour. diazawattee coffee which is the highest grade of coffee obtainable, acknowledge its superiority, and as it is now rapidly making its way into every part of the country,..."
coffee,1890,3,2365,553,5.7552,True,"l pt 0 its in ten coffee tiitad,s.. important notiqf- hitherto l!hane been selling in the ceylon and london mark sbil thousands of bushels of ooffee of my casmgrowing. i have..."
coffee,1890,3,2365,554,5.7554,True,"coffee as a disinfectant. lady m. l. w. writes to the daily telegraph ex- oiling the virtues of coffee as a disinfectant. she says: ""i feel sure you will be..."
coffee,1890,3,2365,555,5.7588,True,"... the prices :- 10d., in., and is. 2d. per lb. these magnificent blends can only be obtained from lipton's markets and agencies. to all lovers of pure coffee, i offer the richest and best that mone"
coffee,1890,3,2365,558,5.763,True,"fruit coffee. a wirt hartlepool luxury. r george hall, grocer, stocjdou-street, west honiepool, has hit spoil • wood of coffee which is pronounced to be of • mod ..."
coffee,1890,3,2365,560,5.7657,True,"the -flnest coffee essence that i, money can buy is symitigton's edin- burgh coffee essence. makes a cup in a moment. from crocers through- out the world. ii3is_"" tooth..."
coffee,1890,3,2365,561,5.7658,True,"fruit coffee. a writ hartlepool luxury. titlt (.eorcp. hall, grocer, stooktessatreet, west hartlepool, has 1.31 upou • blend of (toffee which is prnnett aced to b..."
coffee,1890,3,2365,562,5.7693,True,"adulterated coffee at runcoen. on monday, at runcorn police court, walter collier, grocer, church-st., was summoned lor selling half a lb. of coffee, which was not of t..."
coffee,1890,3,2365,563,5.7701,True,"now to make good coffee. ""it is quite astonishing that so few persons really know how to make a good cup of coffee,"" said the master of a house,making a wry face over the th..."
coffee,1890,3,2365,564,5.7707,True,"the oriental cafe. what is a thing of beauty, / the oriental cafe. the place to obtain a cup of the finest coffee in the world is the r oriental cafe; public taste has become so much vitiated by the v"
coffee,1890,3,2365,570,5.7791,True,the want of the day. a pure fine coffee is supplied in the mazawattee coffee which is admitted by connoisseurs to be all. that can be desired. 14 blend of coffee and chicory (for those who ...
coffee,1890,3,2365,572,5.7847,True,"fruit coffee. a west hartlepool luxury. air george hall, grocer, stockton-street, west hartlepool, has mt upon • blend of coffee which is pronounced to be of a mo..."
coffee,1890,3,2365,576,5.7897,True,"hinton's oriental caff. finest tea and coffee, with fresh thick cream, bisclits, cakes, fruit, &c., served tastefully and quickly, and in style equal to the best continental mad oriental cafes. t..."
coffee,1890,3,2365,580,5.7942,True,"istt.thfcat i es, no 209. lusslnu3ss annoui pure coffee coffee, in perfection. whole or ground. the fines.t quality • 2/. pia lb, • • finest costa rica or east indian • • • finest mysore • 1/8 „ aimed"
coffee,1890,3,2365,586,5.8019,True,"an el ellent tire un fast drink. fruit coffee (17.111istered). a blend of coffee wnieh is pronounced to be of a most delicious flavour, and wholes° e, stimulating. and nourishing. r.casted by pat..."
coffee,1890,3,2365,588,5.8041,True,"the comet. patronised by the rich, the witty, and the gay, a floating coffee house, adjacent to somerset house, of which an old engraving still survives. it was constructed on very similar lines to th"
coffee,1890,3,2365,589,5.8041,True,"fruit coffee (registered). a blend of coffee which is pronounced to be of a most delicious flavour, and wholesome, stimulating, and nourishing. boasted by patent ..."
coffee,1890,3,2365,590,5.8064,True,r art. fancy ilb tine of mara. wattea tea .. as per lb unbeatable blend 2.e do very fine flavour le 10d do brittan'a own le id do ceyoe. le 6d do coffee. we roll more coffee than any other whop. splen
coffee,1890,3,2365,592,5.8068,True,"eu)4!.6 ...nt • v... o,'ut. g never be without a bottle of symington's edinburgh coffee essence in the house. all grocers sell it. it makes de- licious coffee in a moment."
coffee,1890,3,2365,593,5.8082,True,"fine flavour. diazawattee coffee which is the highest grade of coffee obtainable, acknowledge its superiority, and as it is now rapidly making its way into every part of the country,..."
coffee,1890,3,2365,594,5.8082,True,"before the magistrates. result of silling one's iiwn coffee thomas sutcliffe, sankey bridges, was brought before the warrington county ""magistra,tes ,on the charge of selling 41b. of coffee containing"
coffee,1890,3,2365,595,5.8092,True,the most hutrmous cocoa. s grateful-comfortavo. cocoa for ereaktast and supper. those who cannot take ordinary coffee can drink symington's edinburgh coffee essence with comfort and pleasure. in bottl
coffee,1890,3,2365,597,5.8141,True,"printing of every description, lithography standard office, forty cups of excellent coffee made one bottle symington s edinburgh coffee essence useful to everybody, every day, everywhtre. j. l. p amer"
coffee,1890,3,2365,598,5.8206,True,"selected contributions. a novel coffee grinder. (:nmdfather,—l write you a story ""a new kind of (%iffee :—a negro ser- vant was told to grind some coffee, and prepare • cup for his mast,r'..."
coffee,1890,3,2365,599,5.8207,True,"... delicious teas. lipton's delicious teas. sunny ceylon. visitors to this beautiful island are cordially invited to call and see over lipton's tea and coffee warehouses, madema mills, cinnamon "
coffee,1890,3,2365,600,5.8208,True,"... dowder powder • in the world. :wrammeawaivaosereiwiiin•it :•.,' the smoothness, delicacy and urifor- mity of flavour have made symington.. edinburgh coffee essence a table favourite "
coffee,1890,3,2365,604,5.8239,True,"boßwick,s oakmthe best in thl;it'v'l2: de e $. the smoothness, delicacy and unifor- mity of flavour have made symington edinburgh coffee essence a tabie favourite with those who cannot take*: g the or"
coffee,1890,3,2365,605,5.825,True,"atuto to noustvotbto a cup of 0001) coffee. or course no well-regulated housewife buys the triply of family coffee in the state whi:th is knoww •' ground."" oround coffee may sometimes be nices..."
coffee,1890,3,2365,606,5.8253,True,"an excellent breakfast drink. fruit coffee (registered). a blend of coffee which is pronounced to be of a most delicious k lavour, _ _ and wholesome, stimulating, and nourishing. roasted by pa..."
coffee,1890,3,2365,608,5.8274,True,"an excellent breakfast drink. fruit coffee (registered). a mend of coffee which is pronounced to be of a most delicious flavour,‘ and wholesome, stimulating, and nourishing. roasted by patent ..."
coffee,1890,3,2365,609,5.8301,True,"mazawattee coffee which is admitted by connoisseurs to be all, that can be desired. blend of coffee and chicory 1/4 (for those who prefer a small troprtion of chicory ..."
coffee,1890,3,2365,611,5.835,True,"... vegetable ingredients. for bile, liver, acidity, indigestion, &pc. free c*rom mercury. those who cannot take ordinary 1 sypain g t kit n s edinburgh coffee can d"
coffee,1890,3,2365,613,5.836,True,"borwickps the best baking powder uls ild. the smoothness, delicacy and unifor- mity of flavour have made symington's edinburgh coffee essence a table favourite with those who cannot take the ordinary "
coffee,1890,3,2365,614,5.8432,True,"an excellent breakfast drink. fruit coffee (registered). a blend of coffee which is pronounced to be of a most delicious flavour, and wholesome, stimulating, and nourishing. roasted by patent ..."
coffee,1890,3,2365,620,5.8532,True,"fruir coffee. a west hartlepool luxury. afr george hall, grocer, stockton street, w est hartleptol, has hit upon a blend of coffee which is pronounced to be of a ..."
coffee,1890,3,2365,622,5.8567,True,"...messrs. wilson and son have be following letter from dr t. h. walla extraordinary mem. royal med. soc., ""plc ""dear sirs,--some years ago i analysed a coffee. i"
coffee,1890,3,2365,623,5.8583,True,an excellent breakfast drink. fruit coffee (registered). a blend of coffee which is pronounced to be of a most
coffee,1890,3,2365,628,5.8662,True,"101\1e.- coffee. few people know how to make coffee properly. tc do so is in itself an art. the old french way ol making coffee, prior to leos, was to put the powder..."
coffee,1890,3,2365,629,5.8667,True,"fit'fed free of charge. carter & co., 'stockton on tees west hartlepool. coffee in perfection. pure coffee whole or ground. tile finest quality • finrit cotta rica or emt indian • • • • ur • tin -it x"
coffee,1890,3,2365,630,5.8669,True,"icititer _buyyer havng visited your tea and coffee llstatea, i have had daily oportunitles of tasting the coffee grown on these mag- nifleentproperties, end i have no hesitation in saying that the cof"
coffee,1890,3,2365,631,5.8672,True,"f examiner, saturday, august 24. 1895. americans drink eight times as much coffee as tea. the saying is attributed to von bulow that a tenor is not a man; be is an illness. amlng the greeks, breeches "
coffee,1890,3,2365,632,5.8679,True,"terrific slaughter. op big profits. by purchasing lipton's coffee you save about half- a-do-:rn different middlemen's profits, ouch get your coffee direet from the planter. l 1 delicious ""oriental' bl"
coffee,1890,3,2365,633,5.8679,True,"l pt 0 its in ten coffee tiitad,s.. important notiqf- hitherto l!hane been selling in the ceylon and london mark sbil thousands of bushels of ooffee of my casmgrowing. i have..."
coffee,1890,3,2365,635,5.8723,True,"... delicious teas. lipton's delicious tens. sunny ceylon. visitors to this beautiful island are cordially invited to call and see over lipton's tea and coffee 'warehouses. madema mills, cinnamon"
coffee,1890,3,2365,636,5.8725,True,"„e s ..,,!, • • symington's edinburgh coffee essences are noted for their rich and delicious flavour. sold in small aud larl.-;-e bottles byl giwors in every town."
coffee,1890,3,2365,637,5.8796,True,"cockle's never be .rvi thou t bottle of g syrnington'sledinburghcotfee • essence in the house. all • fo v grocers sell it. it makes de- licious coffee in'a moment. inbcceseei, •"
coffee,1890,3,2365,638,5.8799,True,"adulteration of coffee. important case under the adulteration of food and drugs act, at the pontypridd police court on wednes- day, david griffiths, clydach vale, was charg..."
coffee,1890,3,2365,641,5.8825,True,">empoes,e4nwi.n.o.e.go*os cowl) satisfactory alike to guest and host is coffee made with; _ • -ton's edinburgh coffee g p,ssence. sold in small and larg.e 7.4 i,es by grocers overywh!re. 9 '''t.04:4,4"
coffee,1890,3,2365,642,5.8854,True,"62&64, ludgate hill, 3 never be without a b,ottle of e i 0 symington's edinburgh coffee essence in the house. all grocers sell it. it makes de- ,'; licious coffee in a moment. atyo.4o-800044:0c0&94,74"
coffee,1890,3,2365,644,5.8871,True,"... vegetable ingredients. for bile, liver, acidity, indigestion, &pc. free c*rom mercury. those who cannot take ordinary 1 sypain g t kit n s edinburgh coffee can d"
coffee,1890,3,2365,645,5.8873,True,zr; never be without a bottle of ti ci`f4 cymington'seilltiburgh coffee r 0; -essence in the house. an grocers sell it. it makes de- licious coffee in a moment. oteoseaosemageseceaseael
coffee,1890,3,2365,646,5.8886,True,"the virtues of coffee are at 'present being widely dh wised, and both doctors and laymen agree that doe, freahly.ronated, pure, well-mads codes is one ot the best and most..."
coffee,1890,3,2365,647,5.8894,True,"ag'non= pills a meth reolrjv fat all irrrruwide*. obtainable 31117, om martin, liraniat, svuuwopto. rn, 41 pod tree those who cannot take or unary coffee can drink symington's edinburgh coffee esserce"
coffee,1890,3,2365,652,5.8936,True,"the virtues of coffee are at present beim, widely discussed, and both doctors and lyman agree slut atm, freslaly-roetted, pare, well-made cotes is one ot the heat and 'met..."
coffee,1890,3,2365,657,5.8978,True,coffee as a disinfectant. great attention has been called to coffee as the beat beverage that can be taken by men employed laboriously in inclement weather....
coffee,1890,3,2365,658,5.8986,True,b. never be without a bottle of g symington's edinburgh coffee essence in the house. all 0 grocers sell it. it makes de- licious coffee in a moment. 2 oce22.ooeatasozzaewfaatleszi;
coffee,1890,3,2365,660,5.901,True,"to all lovers of pure coffee, i offer the richest and best that money can buy, direct from the plantations at is. 6d.per lb. no higher price. an indisputable fact. it is well kno..."
coffee,1890,3,2365,662,5.905,True,"choice coffee mixtures 1.9. and is. q. genuine coffee, whole or ground etd. and is. 10d. birks bros.' provisions have always been a strong point with them and thei..."
coffee,1890,3,2365,663,5.907,True,"special notice! downes' universal teas are reduced 2d. per lb. owing to the redaction in tea duty. 1/2,1/4, 1/8, 1/10, 2/. per lb. a trial bolioited. coffee—fresh roasted and ground daily on the premi"
coffee,1890,3,2365,667,5.912,True,"real coffee this time, san! true aroma fragrant refreshing and and and fine flavour. digestive. exhilarating. blend of coffee and chicory is. 4d. per lb. (for th..."
coffee,1890,3,2365,668,5.9121,True,"mazawattee coffee which is the highest grade of coffee obtainable, acknowledge its superiority, and as it is now rapidly making its way into every part of the country,..."
coffee,1890,3,2365,674,5.9198,True,"terrific slaughter of bic profits. by purchasing lipton's coffee you save about half- a-dozen dliderent middlemen's profits, and get your coffee direct from the vlanter. lipton's delicious oriental bl"
coffee,1890,3,2365,676,5.9232,True,"made to order coffl,e.traase4 imporm&nt• notice_ hitherte. 13 have been selling in the ceylon and bbsidart markets tuousands of bu34els•ci coffee ofirny ,owngteveing. i have nowvdecided to dispo.e a t"
coffee,1890,3,2365,679,5.9241,True,gossip mu women. the best and easiest way of making good coffee is to buy the coffee in berries and grind it your- self. place a sufficient quantity of the ground coffee (according to the size of the 
coffee,1890,3,2365,680,5.9253,True,"<wwwwv...annaaaaaaai quality is the important requisite which is placed first by the makers of symington's edinburgh coffee es- sence. makes a cup in a moment. the great remedy. 17% n >44l,ia 14 ra, °"
coffee,1890,3,2365,681,5.9258,True,"an e-xcellent breakfast drink. fruit coffee (register a blend of coffee which is pronounced to be of a most. delicious flavour, and wholesome, stimulating, and nourishing. roasted by patent pro..."
coffee,1890,3,2365,684,5.9277,True,"adulteration of coffee. important case under the adulteration of food and drugs act, at the pontypridd police court on wednes- day, david griffiths, clydach vale, was charg..."
coffee,1890,3,2365,685,5.9295,True,"an excellent breakfast drink. fruit coffee' ouocanntety). a hirod of coffee which is pronounced to be atnost • delicious flavour, and wholeaome, stimulating, and nourishing. e9old'el•paten+, p..."
coffee,1890,3,2365,687,5.9316,True,"terrific slaughter. op big profits. by purchasing lipton's coffee you save about half- a-do-:rn different middlemen's profits, ouch get your coffee direet from the planter. l 1 delicious ""oriental' bl"
coffee,1890,3,2365,691,5.9357,True,"coffee (rfaiistkred). • blend of coffee waieb is prano:tneed to be of a most delicious flavour, awl wholesr)we, stirwllatiwz, and nourialllng. toasted); pat..."
coffee,1890,3,2365,692,5.936,True,"rl-i—b•-.l4oe.as<o*,i oezoo.see.6 satisfactory alike to guests % wad host is coffee made with; 1 syrsington's edinburgh coffee g t.ssence. gold in small and love c't bottles by grocers every wire. ""a*"
coffee,1890,3,2365,695,5.939,True,"l pt 0 its in ten coffee tiitad,s.. important notiqf- hitherto l!hane been selling in the ceylon and london mark sbil thousands of bushels of ooffee of my casmgrowing. i have..."
coffee,1890,3,2365,697,5.9436,True,"$4, the smoothness, delicacy and unifor- mity of flavour have made symington s:. s edinburgh coffee essence a table: 'r. favourite with those who cannot take:: the ordinary coffee. 6 atiiwantozzawvirs"
coffee,1890,3,2365,698,5.9457,True,"liesoosioansoossoo.o4beseeel rsoo,4)socitzvia.-.3, g, never be without a bottle of symington's edinburgh coffee essence in the house. all grocers sell it. it makes de- licious coffee in a moment. k' q"
coffee,1890,3,2365,699,5.9488,True,"syraing to 4's edinburgh coffee eft.ss-,ince makes delicious coffee in a moment. no trouble, no waste. in small and lar :.,;o bottles, from alt grocers. 100 guaranteed pure."
coffee,1890,3,2365,700,5.9492,True,"trade announcements. an excellent breakfast drink. fruit coffee (registered). a blend of coffee which is pronounced to be of a most delicious flavour, and wholesome, stimulating, and nourishing. [toas"
coffee,1890,3,2365,701,5.954,True,"sy7aingto n s edinburgh coffee essence makes delicious coffee in a moment. no trouble, no waste. in smatl and large bottles, from all top grocers. guaranteed pure."
coffee,1890,3,2365,702,5.9551,True,"edinburgh coffee essence ?flakes delicious coffee in a yr nment. no trouble, no waste. in small and large bottles, from all orocers. guaranteed pure. 10q"
coffee,1890,3,2365,703,5.9561,True,"the magistrates. result of sslling one's own coffee. thomas sutcliffe, sankey bridges, was brought before the warrington county magistratcs on the charge of selling alb. of coffee containing 35 per ce"
coffee,1890,3,2365,708,5.9666,True,"an e-xcellent breakfast drink. fruit coffee (register a blend of coffee which is pronounced to be of a most. delicious flavour, and wholesome, stimulating, and nourishing. roasted by patent pro..."
coffee,1890,3,2365,709,5.9676,True,symington's edinburgh coffee essence eel.vous coffee in • miffellet no trouble. -0 n•ste. in mall and inv b.us freal eu nnnnn sae purl
coffee,1890,3,2365,710,5.9725,True,coffee essence. delicious coffee at one farthing per cup. prepared in two seconds. £bbolijtely pure. no coffee ground s quality totally eclipses that of all...
coffee,1890,3,2365,711,5.9728,True,coffee essence? it is a liquid extract of the useful constituents of fine coffee. a teaspoonful added to boiling water gives a cup of delicious coffee in an...
coffee,1890,3,2365,712,5.9731,True,"before the magistrates. result of slug one's own coffee. thomas sutcliffe, sankey bridges, was brought before the warrington county- magistrati-s on the charge of selling lb. of coffee containing 35 p"
coffee,1890,3,2365,713,5.9763,True,"to all lovers of pure coffee, i offer the richest and best that money can buy, direct from the plantations at is. 6d.per lb. no higher price. an indisputable fact. it is well kno..."
coffee,1890,3,2365,714,5.9766,True,"til.lc for sui-.).•j- c7l • true aroma, 'ine flavour, fragrant. digestive, refreshing, exhilarating. mal coffee tins time, saii! why has english coffee become so undrinkable in recent years? for the s"
coffee,1890,3,2365,716,5.9839,True,"()—stockton 86 thornaby likralo, saturda y, febltcke, y 22, 7896. personal gossip. the queen buys all her coffee from a gro:er at canoes. it c 3.1110 about like thin. when her majesty was at arasse wa"
coffee,1890,3,2365,717,5.9842,True,"made to order coffl,e.traase4 imporm&nt• notice_ hitherte. 13 have been selling in the ceylon and bbsidart markets tuousands of bu34els•ci coffee ofirny ,owngteveing. i have nowvdecided to dispo.e a t"
coffee,1890,3,2365,721,5.9902,True,latest shapes in silk hats. forty cups of excellent coffee wade
coffee,1890,3,2365,723,5.9937,True,"pritningtott and gnag aytt tea, coffee and grocery establishment, 89, high street, bridlington. t -t- nightingale, begs most crytrux to announce that he has received a larue and carefully ..."
coffee,1890,3,2365,726,5.9958,True,"it! ihe north cumberlana reformer. thursday, april 16, 1: 91. t johnston's tea at is 8d per lb. johnston's french coffee at _ 10d. per lb. the tea is unquestionably superior to that ad- vertised as th"
coffee,1890,3,2365,727,5.997,True,"mazawattee coffee which is the highest grade of coffee obtainable, acknowledge its superiority, and as it is now rapidly making its way into every part of the country,..."
coffee,1890,3,2365,730,5.9998,True,"symington's. edinbutpr coffee enence l: makes delicious coffee in a moment. no trouble, no waste. in small and large bottles, from all grocers. guaranteed puri!. 100"
coffee,1890,3,2365,732,6.0017,True,"to all lovers of pure coffee, i offer the richest and best that money can buy, direct from the plantations at is. 6d.per lb. no higher price. an indisputable fact. it is well kno..."
coffee,1890,3,2365,733,6.0037,True,"made to order coffl,e.traase4 imporm&nt• notice_ hitherte. 13 have been selling in the ceylon and bbsidart markets tuousands of bu34els•ci coffee ofirny ,owngteveing. i have nowvdecided to dispo.e a t"
coffee,1890,3,2365,734,6.0067,True,">empoes,e4nwi.n.o.e.go*os cowl) satisfactory alike to guest and host is coffee made with; _ • -ton's edinburgh coffee g p,ssence. sold in small and larg.e 7.4 i,es by grocers overywh!re. 9 '''t.04:4,4"
coffee,1890,3,2365,735,6.0083,True,"prices teas, is, is 3d, is 6d, is 9d, 2s, 26 6d. coffee mixtures, is, is 4i,la bd. coffee (pure), ls 6d, is 9d, 26. *bacon, 4d to 6d per lb. rams, 6d per lb. birks bros., tea, porm, & provision mercha"
coffee,1890,3,2365,740,6.0133,True,"mazawattee coffee which is the highest grade of coffee obtainable, acknowledge its superiority, and as it is now rapidly making its way into every part of the country,..."
coffee,1890,3,2365,741,6.0133,True,"fruit coffee (rfioistered). a blend of coffee which is pronounced to be of a most delicious flavour, and wholesoale, stimulating, and nourlshing. boasted by paten..."
coffee,1890,3,2365,742,6.0136,True,"fruit coffee (ileoi3tered). a 6:cod of co2ce 1. pro:eed to be of a most delicious flavour, and aholesome, stimulating, and nourishing. roasted by patent process (..."
coffee,1890,3,2365,743,6.0168,True,"<wwwwv...annaaaaaaai quality is the important requisite which is placed first by the makers of symington's edinburgh coffee es- sence. makes a cup in a moment. the great remedy. 17% n >44l,ia 14 ra, °"
coffee,1890,3,2365,744,6.0176,True,"... vegetable ingredients. for bile, liver, acidity, indigestion, &pc. free c*rom mercury. those who cannot take ordinary 1 sypain g t kit n s edinburgh coffee can d"
coffee,1890,3,2365,745,6.0215,True,"11&, fruir coffee. a west hartlepool luxury. mr george hall, grocer, stockton street, west hartlepool, has hit upon a blend of coffee which is pronounced to be of a mo..."
coffee,1890,3,2365,746,6.0218,True,2 .• trade announcements. 1 • • the cry is still they come. an excellent breakfast drink. guaranteed fruit coffee by the best 14 1 a n-r- ci la (registered). a 'mend of coffee which is pronounced to b
coffee,1890,3,2365,747,6.0251,True,"krabi pasha, ex-minister of war for egypt, writing from ceylon. says about lipton's coffee having vis.ted your ti and rcffee estates. i have had daay opportunit its if tasting the coffee grown on mese"
coffee,1890,3,2365,748,6.0256,True,"caiburg9 ciat.i3..)o24kaft***vwo!)k. • owing to the special process, symington's edinburgh coffee essences produce no heartburn lor biliousness. cheap, strong, o pure. small and largo bottles. g from "
coffee,1890,3,2365,749,6.026,True,"warrington. silver english lever watch, by harris and son, jnst forfeited. blectro-plated tea. and coffee ser- vices, best quatity, quite new"
coffee,1890,3,2365,751,6.0271,True,... weak stomach impaired digestion. disordered liver. and female ailments. ogs getlc3.o44oz*lll).t4ooo. 01444 p satisfactory alike to guest and host is coffee made with symington's edinburg
coffee,1890,3,2365,753,6.0316,True,"now open • 9 lipton s great tea, coffee, and provision market, at 59, lynn street, west hartlepool, • these premises, which have been specially reconstructed and magnificently fitted up as ..."
coffee,1890,3,2365,757,6.0332,True,"41111 fruit coffee. a west hartlepool luxury. mr george hill, grocer, stock- ton street, west hartlepool, has hit upon s blend of coffee whieh is pronounced to be of a ..."
coffee,1890,3,2365,760,6.0395,True,"the comet. patronised by the rich, the witty, and the gay, a floating coffee house, adjacent to somerset house, of which an old engraving still survives. it was constructed on very similar lines to th"
coffee,1890,3,2365,761,6.04,True,"an excellent breakfast drink. fruit coffee (itegistimed). sa blend of coffee which is pronoun:od to be of rnott delicious flavour, and wholesome, stimulating, and nourishing. &noted by patent ..."
coffee,1890,3,2365,765,6.0475,True,"a saple tin of delicious swiss coffee (registered) sent post paid upon application to the swiss coffee company, 102, fenceurch street, e.c. f""e• free. free. free. free. free. free' free' ..."
coffee,1890,3,2365,767,6.0537,True,"of course yoe nays often heard 01 symington's edinburgh"" coffee essences, ivy no rov von mama any grocer can supply you"
coffee,1890,3,2365,768,6.0544,True,"fruir coffee. a west hartlepool luxury. afr george hall, grocer, stockton street, w est hartleptol, has hit upon a blend of coffee which is pronounced to be of a ..."
coffee,1890,3,2365,770,6.0552,True,pople who cannot use ordinary coffee can drink symington's e din 811 rg coffee essences
coffee,1890,3,2365,771,6.0558,True,"an excellent breakfast drink. fruit coffee _ (registered). a blend of coffee which is pronounced to be of a most -- delicious flavour, and wholesome, stimulating, and nourishing. roasted by pa..."
coffee,1890,3,2365,773,6.0585,True,"10021ifra4i)%.4i,....vaviw.oto4pww,,,.a;)arott,i.)<lmanwi 5 never be without a bottle of symington's edinburgh coffee essence in the house. all grocers sell it. it makes de- licious coffee in a moment"
coffee,1890,3,2365,774,6.0612,True,"film coffee. a west hartlepool luxury. i. george hall, grocer, stockton street, west havtloptol, has hit upon a blend of which is pronommed to he of a most delic..."
coffee,1890,3,2365,777,6.0646,True,s • • symington's edinburgh coffee essences are made from a' se- lection of the finest coffees grown. sold in small and large bottles grocers. 2 2 • a a 1 s
coffee,1890,3,2365,780,6.0711,True,an excellent breakfast drink. fruit coffee (registered). a blend of coffee which is pronounced to be of a most
coffee,1890,3,2365,781,6.0724,True,cadcury's cocoa what is coffee essence? it is a liquid extract of the i useful constituents of fine coffee. a teaspoonful added to boiling water gives a cup of delicious coffee in ...
coffee,1890,3,2365,786,6.0771,True,"an excellent breakfast drink. fruit coffee (registered). a blend of coffee which is pronounced to be of a most delicious flavour, and wholesou.e, stimulating, and nourishing. roasted by patent..."
coffee,1890,3,2365,789,6.0811,True,"made to order coffl,e.traase4 imporm&nt• notice_ hitherte. 13 have been selling in the ceylon and bbsidart markets tuousands of bu34els•ci coffee ofirny ,owngteveing. i have nowvdecided to dispo.e a t"
coffee,1890,3,2365,791,6.0832,True,"lipton's great tea, coffee, and provision market, at 59, lynn street, west hartlepool. these premises, which have been specially reconstructed and magnificently fitted up as a ..."
coffee,1890,3,2365,792,6.0835,True,"wisdom teolt u! ,l_. )j -- = ..-____-.4,...-,-.-..........--,•,••• re se•geo•e. clo. o••••• to „s at is fac tor y alike to guest and host is coffee made with 83931ing,ton's edinburgh coffee ts 43ence."
coffee,1890,3,2365,793,6.0852,True,"syniingtons edinburgh coffee essence makes delicious coffee in a moment. no trouble, no waste. in small and large bottles, from all grocers. 104? guarapjtzed pijcze,"
coffee,1890,3,2365,795,6.0867,True,"excessive coffee drinking. much has been said concerning the ruidoubtedl7 evil effects of excesaive tea drinking. dr. f. mendel, says the british medical journal, haa..."
coffee,1890,3,2365,796,6.0885,True,"fruit coffee. -- a west hartlepool luxury. mr george hall, grocer, stockton street, west harden( 01, has hit upon a blend of coffee which is pronounced to be of a..."
coffee,1890,3,2365,797,6.09,True,"t: the smoothness, delicacy and unifor- mity of flavour have made symington t: edinburgh coffee essence a table*: $ favourite with those who cannot take:: is the ordinary coffee. 6 t: anwaweteravvv""ri"
coffee,1890,3,2365,798,6.0911,True,"i••••••••••••••• 414••••• o g esatisf ry acto alike to guest i and host is coffee made with; symington's edinburgh coffee 0 41 pomo°. sold in small and large a bottlec; by c;rocerl everywh&e.l 4, :44."
coffee,1890,3,2365,800,6.0948,True,"pure coffee of the finest flavour roasted and ground by our patent machinery. sd. and 6d. per quarter pound tin. 'white star"" coffee and chicory. a delicious bre..."
coffee,1890,3,2365,802,6.0978,True,"goiliwitrifiiememwanunv.•.•.• the smoothness, delicacy and tin ifor- mity of flavour have made symington's edinburgh coffee essence a table oe favourite with those who cannot take the ordinary coffee."
coffee,1890,3,2365,804,6.1004,True,"symingto n 8 edinburgh coffee essence makes delicious coffee in a moment. no trouble, no waste. ln small and large bottles, from all grocers. guarauteed pure. iqq"
coffee,1890,3,2365,805,6.1004,True,"avp.riier:w.ne the smoothness, delicacy and unifor- mity of flavour have made symington 's edinburgh coffee essence a table favourite with these who cannot take the ordinary coffee. .z.swee.t"
coffee,1890,3,2365,808,6.1023,True,"fruit coffee. hartlepooj il luxury. mr george rau, grocer, stockton street, we flartiowol, has hit upon a blend of coffee which is prowounoed to be of a most deli..."
coffee,1890,3,2365,810,6.1065,True,"printing of every description, lithography standard office, forty cups of excellent coffee made one bottle symington s edinburgh coffee essence useful to everybody, every day, everywhtre. j. l. p amer"
coffee,1890,3,2365,812,6.1099,True,"niazawattee coffee like mazawattee tea, is sure to become a household refreshing. and 2b be obtained in every city, town or village of importance throughout the united...."
coffee,1890,3,2365,813,6.1104,True,"...dowder powdei in a:a world. riwerreinnwinwinoinee:"".:::.•ei: § the smoothness, delicacy and unifor- i my of flavour have made symington's:. edinburgh coffee essence a tab!e :: favo"
coffee,1890,3,2365,814,6.111,True,"cold coffee and the broil it engendered. yet another martyr of the gastronomic art. she is only a domest c, but, having regard to the magnitude of the penalty fo..."
coffee,1890,3,2365,815,6.111,True,"the smoothness, delicacy and unifor- mity of flavour have made symington's edinburgh coffee essence a table favourite with those who cannot take the ordinary coffee. 6 l'itzfitat"
coffee,1890,3,2365,816,6.1124,True,"the -flnest coffee essence that i, money can buy is symitigton's edin- burgh coffee essence. makes a cup in a moment. from crocers through- out the world. ii3is_"" tooth..."
coffee,1890,3,2365,818,6.1137,True,cockle's anti':ili4js il s 6 of pure vegetable ingredients. g00043.0.frke.g.0464)00e4)340•00 satisfactory alike to guest! o ° 0 and host is coffee made with symington's edinburgh coffee: essence. sold
coffee,1890,3,2365,819,6.1146,True,"...made. worm; opas to laspacrtori. new show room now open. laws &ocr to szlect reoa. william atkinson, 20, market street, pople \u0 cannot use ordinary coffee can drink symin"
coffee,1890,3,2365,820,6.115,True,"000****@ood00300000000000c ~1 owing to the special process, 2 symington's edinburgh coffee essences produce no heartburn or biliousness. cheap, strong, t. pure. small and large bottles.. from all groc"
coffee,1890,3,2365,823,6.1159,True,"cold coffee and the broil it engendered. yet another martyr of the gastronomic art. she is only a domest c, but, having regard to the magnitude of the penalty fo..."
coffee,1890,3,2365,825,6.1185,True,"coffee and how to make it. chemically speaking, coffee consists of a volatile aromatic oil, to which its flavour is owing; the stimulant alkaloid, caffeine;..."
coffee,1890,3,2365,826,6.1212,True,"• a symington's edinburgh coffee et essences are made from a se- lection of the finest coffees grown. sold in small and large bottles 2 by all grocers. 6.60.4>04-0-.0,*17444) 4^ 4434..."
coffee,1890,3,2365,832,6.1245,True,"george hall tea, coffee, & provision merchant, stockton street, nos. 22, 24, and 52, has received large stocks of xmas cheer and delicacies, prime prize wensleydale cheeses,..."
coffee,1890,3,2365,833,6.1255,True,"...riental cafe. what supplies a great want, / the oriental cafe. what is a thing of beauty, the oriental caf. the place to obtain a cup of the 1 finest coffee in the world is the i oriental cafe; p"
coffee,1890,3,2365,834,6.1261,True,"finest coffee and chicory 10d, is, and is. 2d. per lb. pure coffee, richest and bewa per p. 6d. lb. no bliber prim. coffee! essei!tces irzeta to be remembered. lip..."
coffee,1890,3,2365,836,6.1285,True,"an excellent breakfast drink. fruit coffee (registered). a blend of coffee which is pronounced to be of a most delicious flavour, and wholeeome, stimulating, and nourishing. roasted by patent ..."
coffee,1890,3,2365,838,6.1346,True,"fruit coffee. a west hartlepool luxury. mr george hall, grocer, stockton street, west hartlepcol, has hit upon a blend of coffee which is pronounced to be of a mo..."
coffee,1890,3,2365,840,6.1348,True,"11&, fruir coffee. a west hartlepool luxury. mr george hall, grocer, stockton street, west hartlepool, has hit upon a blend of coffee which is pronounced to be of a mo..."
coffee,1890,3,2365,841,6.1371,True,"fruit coffee. a west hartlepool luxury. mr george hall grocer, steektonetzwet, west harzlepool, has hit upon • blend of coffee which is pronounced to be of a meet..."
coffee,1890,3,2365,842,6.1372,True,"coffee essence. delicious coffee at one farthing per cup, prepared in two seconds. arsoli7tely pure. no coffee grounds quality totally eclipses that of all ..."
coffee,1890,3,2365,843,6.1376,True,"made to order coffl,e.traase4 imporm&nt• notice_ hitherte. 13 have been selling in the ceylon and bbsidart markets tuousands of bu34els•ci coffee ofirny ,owngteveing. i have nowvdecided to dispo.e a t"
coffee,1890,3,2365,844,6.1389,True,"coffee and how to make it. chemically speaking, coffee consists of a volatile aromatic oil, to which its flavour is owing; the stimulant alkaloid, caffeine;..."
coffee,1890,3,2365,846,6.1434,True,"eu)4!.6 ...nt • v... o,'ut. g never be without a bottle of symington's edinburgh coffee essence in the house. all grocers sell it. it makes de- licious coffee in a moment."
coffee,1890,3,2365,847,6.1439,True,"ka6wwwkaaiwwwwai 'those who cannot take ordinary coffee / coffee can drink symington's edinburgh coffee essence with comfort and pleasure. in bottles 5 from ail grocers. nia.ew,k'v'v-w,t'kotoo""*"
coffee,1890,3,2365,848,6.1439,True,"fruit coffee. a west hartlepool luxury. mr george hall, grocer, stockton street, west hartley. 01, has hit upon a blend of coffee which is pronounced to be of a m..."
coffee,1890,3,2365,850,6.1467,True,"fruit coffee. -- a west hartlepool luxury. mr george hall, grocer, stockton street, west harden( 01, has hit upon a blend of coffee which is pronounced to be of a..."
coffee,1890,3,2365,851,6.1489,True,terrific slaughter of big profits. by purehzaing lipton's coffee you save about half-a-dozen different middlemen's profits. and get your coffee direct from the planter. lipton's • delicious oriental b
coffee,1890,3,2365,853,6.1515,True,"fruit coffee. a west hartlepool luxury. me george hall, grocer, 1,1. iltocktonetreet, welt hartlepool, has hit up= • blend of coffee erhichis prom:mooed to be of ..."
coffee,1890,3,2365,854,6.1521,True,"trade announcements. fruit coffee. a west hartlepool luxury. 31[ er georg hall, grocer, stockton street, west hartleptol, has hit upon a blend of coffee which is pronounced to be of a..."
coffee,1890,3,2365,856,6.1535,True,the most nutritious. epps's grateful-comforting. cocoa breakfast and supper. •0c:00r..k.4) * ask your grocer for a bottle ** of symington's edinburgh coffee e3sence. you will like it! sold in every to
coffee,1890,3,2365,857,6.1554,True,4 k a.iviaavnloaaaa those who cannot take ordinary coffee can drink symington's edinburgh coffee essence with comfgrt and pleasure. in bottles from all grocers.
coffee,1890,3,2365,858,6.156,True,"fruit coffee. a west hartlepool luxury. air george hall, grocer, 1,1 stockton-street, west hartlepool, has hit upon • blend of coffee which is pronounced to be of..."
coffee,1890,3,2365,859,6.1564,True,"_fruit coffee. a west hartlepool luxury. air george hall, grocer, stockton-street, west hartlepool, has hit upon • blend of coffee which is pronounced to be of a m..."
coffee,1890,3,2365,862,6.1616,True,the most hutrmous cocoa. s grateful-comfortavo. cocoa for ereaktast and supper. those who cannot take ordinary coffee can drink symington's edinburgh coffee essence with comfort and pleasure. in bottl
coffee,1890,3,2365,863,6.1632,True,"symington's edinburgh coffee essences are noted for their $ rich and delicious flavour. sold p in small and. large bottles by iesgrocers in eery town stet,4ol/11,1evivitet"
coffee,1890,3,2365,865,6.1638,True,"an excellent breakfast drink. fruit coffee (ienistered). a blend of coffee which is pronounced to be of a most delicious flavour, and wholevome, atimul.ting, and nourishing. routed by patent p..."
coffee,1890,3,2365,868,6.1674,True,_--------'‘ those who cannot take ordinary coffee can drink symington's edinburgh coffee essence with comfort and pleasure. in bottles from all grocers. .70
coffee,1890,3,2365,871,6.1716,True,"excellent bizearfast fruit coffee (reniffrffff.eto. a nail of coffee which is pronouni7ed to he of a nvist delicious flavour, _ lad srl-..fenotne, etbnulating, end nourishing. boasted..."
coffee,1890,3,2365,872,6.1717,True,"a princess of the inca tribes. look out fob the lady cricketers, june 30m and july ist and 2nd. mem; and plain teas le. and 18.6 d. ccp of tea or coffee 11. qhak. iddeson, acting manager."
coffee,1890,3,2365,874,6.1745,True,"coffee essence. delicious coffee at one farthing per cup, prepared in two seconds. arsoli7tely pure. no coffee grounds quality totally eclipses that of all ..."
coffee,1890,3,2365,875,6.1756,True,"french coffebs, per lb. 1 french coffee as prepared in paris with chioory at le. (ii. 2 pi ls. 2d. pi op si pp it 3 „pp le. 4d. .. ip sp i. la. 6d. in ilb:, jib., ;:nd 111;1. tins."" pure co..."
coffee,1890,3,2365,878,6.1771,True,"coffee and how to make it. chemically speaking, coffee consists of a volatile aromatic oil, to which its flavour is owing; the stimulant alkaloid, caffeine;..."
coffee,1890,3,2365,879,6.1776,True,"an excellent breakfast drink. fruit coffee (registered). a blend or coffee which io pronounced to be of a moot delicrais flavour, and wholesome, stirouletifig, and nourishing. boasted by paten..."
coffee,1890,3,2365,884,6.1853,True,"fine flavour. diazawattee coffee which is the highest grade of coffee obtainable, acknowledge its superiority, and as it is now rapidly making its way into every part of the country,..."
coffee,1890,3,2365,886,6.1866,True,"of pure vegetable ingredients. for bile, liver, acidity, indigestion, &c. aekow,,wwwkat sy ming to n s those who cannot take ordinary edinburgh coffee can drink symington's coffee essence edinburgh co"
coffee,1890,3,2365,888,6.1881,True,"an excellent breakfast drink. fruit coffee (registered). a mend of coffee which is pronounced to be of a most delicious flavour,‘ and wholesome, stimulating, and nourishing. roasted by patent ..."
coffee,1890,3,2365,890,6.1904,True,"idimetant notice. hitherto i have been selling in the ceylon and loudon mankets thousands of %she's of coffee of my own growing, i have row decided to dispose of this &fide, direct to tie consumers, a"
coffee,1890,3,2365,891,6.1906,True,"wilson's french coffee • • an unsolicited testimonial from the city analysist. messrs. wilson and son have been favoured with the following letter from dr t. h. walker, fel..."
coffee,1890,3,2365,893,6.1955,True,"fruit coffee. a west hartlepool luxury. mr george hall, grocer, stockton street, west hartlepcol, has hit upon a blend of coffee which is pronounced to be of a mo..."
coffee,1890,3,2365,894,6.1958,True,"hoc be. how to pour tea and comp/dc—there is evte to be learned about pouring tea and coffee than most people are willing to believe. if those decoctions are made at the table, which is by far the bes"
coffee,1890,3,2365,895,6.1961,True,"the smoothness, delicacy and unifor-> mity of savour have made symington's:: ....edinburgh coffee essence a tabie:: fercurite with those who cannst taker: •:thri ordinary coffee. *."
coffee,1890,3,2365,896,6.1963,True,"fruit coffee. a west hartlepool luxury. of.orge hall, grocer, stockton street, west hartlepcol, has hit upon a blend of coffee which is pronounced to be of a most..."
coffee,1890,3,2365,901,6.1994,True,be desired. him-class pure coffee the coffee of coffee for connoisseurs 1/4 per 1/8 per 2/- per
coffee,1890,3,2365,902,6.1995,True,"fruir coffee. a west hartlepool luxury. 34-r george hall, grocer, stockton street, 1. west hartlepeol, has hit upon a wend of coffee which is pronounced to be of ..."
coffee,1890,3,2365,903,6.2013,True,"symingto n s edinburgh coffee essence makes delicious coffee in a moment. no trouble, no waste. in wall and large bottles, from all 14)(1 grocers. guaranteed pure."
coffee,1890,3,2365,906,6.2041,True,"essences can he used with ple:eur: nn,i comfort those ssho cam not drink tht ord'nsry coffee whilst those who cannct use our cofffe and chi- cory eseenee wil co-:a our ture coffee essence a grateful r"
coffee,1890,3,2365,907,6.2066,True,"fruit coffee an excellent breakfast drink. (registered). a blend of coffee wbich is pronounced to be of a most delicious flavour, and wholesowe, stirouloting, and..."
coffee,1890,3,2365,908,6.207,True,"fruit coffee. a west hartlepool luxury. mr georgie hall, grocer, stockton street, west hartlepeol, has hit upon a blend of coffee which is pronounced to be of a m..."
coffee,1890,3,2365,909,6.2072,True,"cuban coffee-making._ the most delicious coffee obtainable is to be found in cuba, and the secret lies in the peculiar way it is made. it is prepared by first hal..."
coffee,1890,3,2365,910,6.2082,True,"69 & 71, church street, warrington. silver english lever, watch, by harris and son, just forfeited. 755. electro-platbd tea and coffee ser- vices, beet quality, quite new 60s. od. 955. ed."
coffee,1890,3,2365,911,6.2088,True,"spent ginger for coffee. ernest torn;, perry barr, grocer, was ch under the drugs act with selling coffee artit branch establishment great barr, that had been adulterated. t..."
coffee,1890,3,2365,913,6.2104,True,"tea. coffee and chocolate always ready. chops and steaks. chlrges moderate. e. e. hann, proprietress. established in 1836 for the protection of trade. stubbs'"
coffee,1890,3,2365,915,6.2117,True,"fruit coffee. a west hartlepool luxury. air george hall, grocer, 1,1 stockton-street, west hartlepool, has hit upon • blend of coffee which is pronounced to be of..."
coffee,1890,3,2365,916,6.2124,True,"fine flavour. diazawattee coffee which is the highest grade of coffee obtainable, acknowledge its superiority, and as it is now rapidly making its way into every part of the country,..."
coffee,1890,3,2365,917,6.2155,True,"pills, for bile, liver. acidity, indigestion, &c. symington's edinburgh coffee essences are noted for their rich and delicious flavour. sold in small and large bottle-2, by grooo.rs in every town."
coffee,1890,3,2365,919,6.2165,True,"-wt. 17 3 never be without a bottle of symington'sedinburghcoffee (.9 -'str.oric,-, in the house. all grocers sell it. it makes de- licious coffee in a moment. g k63,,cliktozezeoc,-,w4,2l4talaszscno"
coffee,1890,3,2365,920,6.2204,True,"raneseoztouvaisvpoes' t 5.(4 511,""3.2e0i4 the finest coffee essence that money can buy is syrn:rigton's edin- burgh coffee essence, makes a cup in a moment. from crosers through-2 out the world. 3"
coffee,1890,3,2365,921,6.2235,True,"humus wholesome! refreshing! pal ego, igorating ,atable inomical have yol ried it yet? ako ,ry mason's coffee essence mid mason's wine usence. ld by all chemists, sm., or sample bottle el either sent "
coffee,1890,3,2365,922,6.2238,True,"coffee (rfaiistkred). • blend of coffee waieb is prano:tneed to be of a most delicious flavour, awl wholesr)we, stirwllatiwz, and nourialllng. toasted); pat..."
coffee,1890,3,2365,923,6.2285,True,"pure coffee of tiie finest flavour roasted and ground by our patent machinery. sd. and 6d. per quarter pound tin. ""white star"" coffee ani) chicory. a delicious b..."
coffee,1890,3,2365,924,6.2287,True,syraington's edinburgh coffee essences are noted for their rich and delicious flavour. sold small and large bottlefs by 'grocers in every town.
coffee,1890,3,2365,925,6.2292,True,"use marshalvs flour. beet value in the hartlepools, lynn st. brunswick st. fruit coffee. a west hartlepool luxury. mr george hall, grocer, stockton street, west hartleprol, has hit upon a blend of cof"
coffee,1890,3,2365,926,6.2294,True,"adulteration of coffes. james phillips. grocer, penygraig, wa.4 chaiged with selling coffee adulterated to an un- usual extent. it was understood that this was a test case. pdr rowlands, market harbor"
coffee,1890,3,2365,929,6.232,True,"edinburgh coffee essence makes delicious coffee in a moment. no trouble, no waste. in small and lzrgo. hottle3, feom all 100 grocers. guaranteed pure."
coffee,1890,3,2365,931,6.2356,True,"free. free. free. f""e. free free. free. fr ""- free. a sa'a'ple tin of delicious swiss coffee (registered) sent post paid upon application to the swiss coffee company, 102, penchurch street, e.c. free."
coffee,1890,3,2365,932,6.2361,True,"fruit coffee. a west hartlepool luxury. mr george hall, grocer, stockton street, west hartlepool, has hit upon a blend of coffee which is pronounced to be of a mo..."
coffee,1890,3,2365,936,6.2384,True,"5 never be without a bottle of g, .symitiglon'sedinburghgeffee r•'sc'ery‘e in the house. all e grocers sell it. it makes de- licious coffee in a moment. o.oo9oo46,3ol.x.vateiklitem3o.* •"
coffee,1890,3,2365,940,6.2416,True,"delicious blends of finest coffee and chicory 10d., is., and is. 2d. per lb. pure coffee, richest and best, per s. 6d. lb. no new moe. coffee essences lipton's essence of coffee is ma..."
coffee,1890,3,2365,941,6.2417,True,"mp october 31, 1896 origli(ll poerty. bromley's sample 6d bottle post tree 9 stamps. coffee essence. delicious coffee at one farthing per cup, prepared in two seconds. absolutely pure. no coffee groun"
coffee,1890,3,2365,943,6.242,True,"3 pounds for 66 6d. birks: bros.' coffees are roasted on the premises by the 7most approved machinery, and being perfectly fresh cannot be surpassed for richness of aroma and strength. choic..."
coffee,1890,3,2365,945,6.2444,True,"impoutant hitherto i have been selling in the ceylon and mondon, alarkets.thousands of bushels of coffee of my own vowing, i have now decided to. dispose of thio coffee, direet, to the consumers, at m"
coffee,1890,3,2365,947,6.2477,True,those who cannot take °roma: y coffee can drink symington's edinburgh coffee essence with comfort and pleasure. in bottles from all grocers.
coffee,1890,3,2365,948,6.2512,True,"fruir coffee. a west hartlepool luxury. afr george hall, grocer, stockton street, w est hartleptol, has hit upon a blend of coffee which is pronounced to be of a ..."
coffee,1890,3,2365,949,6.2535,True,grateful-comforting. cocoa for breakfast and supper. the careful process by which symington's edinburgh coffee essence is made eliminates all un- pleasant properties. anyone can drink it. from grocers
coffee,1890,3,2365,950,6.2556,True,"77( u 01411,1 symington's edinburgh coffee essences are noted for their rich and delicious flavour. sold in small and large bottles by grocers -rery town. c:•tsta„aaltit.q lb. ev, t. 4 atker,;..."
coffee,1890,3,2365,953,6.2576,True,"asthni t coffee is a very excellent remedy for asthma. those who in not, know how to cut awl, their attacks, and ha, e not tried coffee. ,hould slo in by all means. ..."
coffee,1890,3,2365,954,6.2578,True,"asthni t coffee is a very excellent remedy for asthma. those who in not, know how to cut awl, their attacks, and ha, e not tried coffee. ,hould slo in by all means. ..."
coffee,1890,3,2365,955,6.2579,True,pople who cannot use ordinary coffee can drink symington's e din 811 rg coffee essences
coffee,1890,3,2365,957,6.2633,True,"* ** plan adopted in many french households is to make extremely strong black coffee in the ordi- nary way. this is kept in a corked or stoppered bottle, and keeps good for a considerable time. when t"
coffee,1890,3,2365,958,6.264,True,"fruit coffee. a west hartlepool luxury. mr george hall, grocer, stockton street, west hartlepcol, has hit upon a blend of coffee which is pronounced to be of a mo..."
coffee,1890,3,2365,959,6.2645,True,"edinburgh coffee essence makes delicious coffee in a moment. no trouble, no waste. in small and lzrgo. hottle3, feom all 100 grocers. guaranteed pure."
coffee,1890,3,2365,960,6.2651,True,"rl-i—b•-.l4oe.as<o*,i oezoo.see.6 satisfactory alike to guests % wad host is coffee made with; 1 syrsington's edinburgh coffee g t.ssence. gold in small and love c't bottles by grocers every wire. ""a*"
coffee,1890,3,2365,961,6.2652,True,wine and spirit merchants. the store price list free on application. all goods of the best quality at london store prices. coffee roasted on the premises twice weekly. \ /
coffee,1890,3,2365,963,6.2675,True,"mazawattee coffee which is the highest grade of coffee obtainable, acknowledge its superiority, and as it is now rapidly making its way into every part of the country,..."
coffee,1890,3,2365,964,6.268,True,"fruit coffee. a west hartlepool luxury. mr george hall, grocer, stockton street, west hartlepcol, has hit upon a blend of coffee which is pronounced to be of a mo..."
coffee,1890,3,2365,965,6.2686,True,"fruit coffee. a west hartlepool luxury. of.orge hall, grocer, stockton street, west hartlepcol, has hit upon a blend of coffee which is pronounced to be of a most..."
coffee,1890,3,2365,966,6.2703,True,"sypiongto ns edinburgii coffee essence makes delicious coffee in a moment. no trouble, no waste. in small and large bottles, from all grocers. quaranteed pure. envelopes 2s, per 15..."
coffee,1890,3,2365,967,6.2715,True,"an excellent breakfast drink. fruit coffee (registered). a blend ot coffee which is pronounced to he ot a mgst delicious flavour, and wholesome, stivnulating, and nourishing. roasted by patent..."
coffee,1890,3,2365,968,6.274,True,"lipton's delicious oriental blends. finest coffee and chicory, 10d, is, amp 15 id per lb. pure coffee!! richest and best. is 6o per lb. no higher pori. lipton, tea and coffee planter, celyon. tea and..."
coffee,1890,3,2365,969,6.2753,True,"coffee essence makes delicious coffee in a moment. no trouble. no waste. in small and large bottles, from all 100 grocers. guaranteed furs. f 4,1 4 14.4, 4 ..."
coffee,1890,3,2365,970,6.2767,True,those who cannot take ordinary coffee can drink symington's edinburgh coffee essence with comfort and pleasure in betties from all grocers.
coffee,1890,3,2365,971,6.2785,True,"mazawattee coffee like mazawattee tea, is sure to become a household word throughout the land. to be obtained in every city, town, or village of importance throughout ..."
coffee,1890,3,2365,972,6.2805,True,"fruit coffee (re(istered). a blend of coffee which is pronounced to be of a most delicious flavour, and wholesome, stimulstinj, and nourishing. boasted by patent ..."
coffee,1890,3,2365,974,6.2817,True,"...years. see trade mark on wrappers. belmar of imitatiorma loud r.`e cl-u:741.3ts evvrywhere. in bottles, 1..14, z. 316 red 11k. symington's edinguilgh coffee essence@ "
coffee,1890,3,2365,976,6.2835,True,"essencw coffee lipton's essence of coffee is roads from the finest coffee in the world. meet from the plantations. roasted, ground, and prepared in hls own works."
coffee,1890,3,2365,977,6.2852,True,"personal gossip. the queen buys all her coffee from a gross, at cannes. it cams about like this. when ime majesty was at g onie years ago, she was struck by the excellent* of the coffee, aiwl, fin..."
coffee,1890,3,2365,978,6.2865,True,"wisdom teolt u! ,l_. )j -- = ..-____-.4,...-,-.-..........--,•,••• re se•geo•e. clo. o••••• to „s at is fac tor y alike to guest and host is coffee made with 83931ing,ton's edinburgh coffee ts 43ence."
coffee,1890,3,2365,979,6.287,True,"c,.::' those who cannot take ordinary coffee can drink symington's edinburgh coffee essence with comfort and pleasure. in bottles from all grocers. 79"
coffee,1890,3,2365,982,6.2893,True,"i 11.060400004440006.0•00 e. symington's edinburgh coffee essences are made from a se- lection of the finest coffees grown. sold in small and lr:rz,e bottles e by all grocers. -)44k45t.4(k)000•41•1 4 "
coffee,1890,3,2365,983,6.2907,True,"edinburgh coffee essence makes delicious coffee in a moment. no trouble, no waste. in small and large bottles, from all grocers. guaranteed' pure. 100"
coffee,1890,3,2365,985,6.2915,True,"symington's edinsurgh coffee essence makes delicious coffee in a moment. no trouble, no waste. in small and large bottles, iro.."" grocer.. gu aaaaaaa 13 pure. 100"
coffee,1890,3,2365,987,6.2925,True,"fruit coffee. a west hartlepool luxury. air george hall, grocer, stockton-street, west hartlepool, has mt upon • blend of coffee which is pronounced to be of a mo..."
coffee,1890,3,2365,989,6.2956,True,"important to advertisers. =nle'°-- *yid' crlo shipping and emigration. paditers and dicobators, people who cannot use ordinary coffee can drink symington's edinburgh coffee essences with comfort and p"
coffee,1890,3,2365,990,6.2981,True,l. 4.owcikeixsld 3 never be without a bottle of symington'sedinburghcoffee essence in the house. all grocers sell it. it makes de- licious coffee in a moment.
coffee,1890,3,2365,993,6.3026,True,"an excellent breakfast drink. fruit coffee (registered). a blend of coffee which is pronounced to be of i most delicious flavour, and wholesome, stimulatins, sod nourishing. liensted— by paten..."
coffee,1890,3,2365,995,6.3066,True,"used all over the world. now open lipton's great tea, coffee, and provision market, at 59, lynn street, west hartlepool, these premises, which have been specially reconstruoted and magnificently fitte"
coffee,1890,3,2365,997,6.308,True,"fruit coffee. a west hartlepool luxury. ltr r george hall, grocer, ▪ stockton-street, west hartlepool, has hit upon • blend of coffee which is pronounced to be of..."
coffee,1890,3,2365,999,6.3101,True,"adulterated coffee at runcoen. on monday, at runcorn police court, walter collier, grocer, church-st., was summoned lor selling half a lb. of coffee, which was not of t..."
coffee,1890,3,2365,1000,6.3101,True,"...eak stomach mpaired digestion; disordered liver. and female ailments. 240 0•04+00qm-0040.2.15,00 00.00041 0 satisfactory alike to guest i and host is coffee made with 1 symington's edin"
coffee,1890,3,2365,1001,6.3114,True,"edinburgh coffee essence makes delicious coffee in a moment. no troubie, no waste. in small and large botties, from all grocers. cuarraiteed pure. :co"
coffee,1890,3,2365,1002,6.3129,True,"french coffees. 1 french coffee preparml in paris with chicic,o_rwttb. in /lb., 5 lb., and jib. fins. pure coffees. 1 best pure coffee at 16 per lb.) 2 •inl, 5. an..."
coffee,1890,3,2365,1003,6.3132,True,".11:st tlie salt, or ashes for removing discolourations from coffee cups or other dishes? cleaning the lint from a clothes wringer with a cloth saturated in kerosene -f alcohol to remove grass stains "
coffee,1890,3,2365,1005,6.3142,True,"yesterday's police. before alderman c. t. gostenhofer and mr. bancroft cooke. marry jones, 10, hinson-street, for having sold coffce a mixture of coffee and chicory nvia lined sa. lucy matilda peer, 1"
coffee,1890,3,2365,1006,6.3169,True,"eti_ _....._,_ ~ 'io _lt ')3 _ _ a edinburgh coffee essences are noted for their rich and delicious flavour. lold in small. and large bottli grocers in sy4lington sc. tes k every town. _ _ _ _ fabosia"
coffee,1890,3,2365,1008,6.3177,True,"the first drink of coffee. in the bibliotheque nationale there is a manuscript (near the end of the sixteenth century), written by an arab, abdelcader, who declares that coffe..."
coffee,1890,3,2365,1014,6.326,True,"i•c•u•o•o•c•o•c•o•o•o•o•o•: ',ottle of § o 'freer.) t ,is $ ,•..-ore,c.. • never be without a bottle of symington's edinburgh coffee essence in the house. all grocers sell it. it makes de- licious cof"
coffee,1890,3,2365,1018,6.3334,True,"symingto n s edinbur • i coffee essence makes delicious coffee in a moment. no trouble, no waste. in small and large bottles, from all igo 'i grocers. guaranteed pure,"
coffee,1890,3,2365,1019,6.3337,True,"symingto n s edinburgh coffee essence makes delicious coffee in a moment. no trouble. no waste. in small and large bottles, from all grocers. 100 guaranteed pure."
coffee,1890,3,2365,1020,6.3338,True,"fruit coffee. a wfst hartlepool luxury. mr george hall, grocer, stockton street, west hartlepool, has hit upon a blend of coffee which is pronounced to be of a mo..."
coffee,1890,3,2365,1028,6.3435,True,"11&, fruir coffee. a west hartlepool luxury. mr george hall, grocer, stockton street, west hartlepool, has hit upon a blend of coffee which is pronounced to be of a mo..."
coffee,1890,3,2365,1029,6.3461,True,"an indisputable fact. it is well known that most coffee dealers mad grocers charge large profits on very inferior coffees. to,floaway with these extortions. coffee of superior quality, &yea from the p"
coffee,1890,3,2365,1033,6.3487,True,"41111 fruit coffee. a west hartlepool luxury. mr george hill, grocer, stock- ton street, west hartlepool, has hit upon s blend of coffee whieh is pronounced to be of a ..."
coffee,1890,3,2365,1034,6.3492,True,"grocers and provision merchants. fruit coffee. a west hartlepool luxury. r george hall, grocer, all stockton-street, west hartlepool, has hit upon a blend of coffee which is pronounced to beet a ..."
coffee,1890,3,2365,1035,6.3524,True,"a awattee coffee mething new in the coffee pot. an absolutely pure coffee.trpitlta why has english coffee become ,so undrinkable in recent years? for the simple reaso..."
coffee,1890,3,2365,1036,6.3527,True,"impoutant hitherto i have been selling in the ceylon and mondon, alarkets.thousands of bushels of coffee of my own vowing, i have now decided to. dispose of thio coffee, direet, to the consumers, at m"
coffee,1890,3,2365,1042,6.362,True,"fine flavour. diazawattee coffee which is the highest grade of coffee obtainable, acknowledge its superiority, and as it is now rapidly making its way into every part of the country,..."
coffee,1890,3,2365,1047,6.3655,True,"sypiongto ns edinburgii coffee essence makes delicious coffee in a moment. no trouble, no waste. in small and large bottles, from all grocers. quaranteed pure. envelopes 2s, per 15..."
coffee,1890,3,2365,1050,6.3703,True,symington's edinburgh coffee essences are noted for their rich and delicious flavour. sold in small and large bottles by .j grocers in every town. lvtvwz/revz.rte
coffee,1890,3,2365,1051,6.3704,True,"fruit coffee. a west hartlepool luxury. mr george hall, grocer, stockton street, west hartlepcol, has hit upon a blend of coffee which is pronounced to be of a mo..."
coffee,1890,3,2365,1052,6.3709,True,"coffee flavouring. a flavouring of coffee is one of the most delicious of the new flavourings. it may be used in custards, ice- creams, the icing of cake, a..."
coffee,1890,3,2365,1053,6.3718,True,"...'s antibilious pills. of pure vegetable ingredients. for bile, liver, acidity, indigestion, &c. symingto n s those who cannot take ordinary edinburgh coffee can drink symington's coffee essence "
coffee,1890,3,2365,1054,6.3723,True,"fruit coffee (registered). a blend of coffee which is pronounced to be of a most delicious flavour, and wholesome, stimulating, and nourishing. roasted by patent ..."
coffee,1890,3,2365,1056,6.3766,True,"fruit coffee. a wbeit il4btlrpool luxury. ivir george hall, grocer, stoclrtonatreet, west hartlepool, has hit upon • blend of coffee which is pronouneed to be et ..."
coffee,1890,3,2365,1057,6.3767,True,"edinburgh coffee essence makes delicious coffee in a moment. no trouble, no waste. in small and large bottles, from all grocers. guaranteed' pure. 100"
coffee,1890,3,2365,1058,6.3773,True,"miscellaneous. cioffee and its effects—as an /aide of diet fruit coffee (registered) is wholesome, stimulating and nourishing. dr. paris remarks that coffee, if taken after a meal, is not found to cau"
coffee,1890,3,2365,1059,6.3776,True,"c,.::' those who cannot take ordinary coffee can drink symington's edinburgh coffee essence with comfort and pleasure. in bottles from all grocers. 79"
coffee,1890,3,2365,1060,6.3826,True,"...years. see trade mark on wrappers. belmar of imitatiorma loud r.`e cl-u:741.3ts evvrywhere. in bottles, 1..14, z. 316 red 11k. symington's edinguilgh coffee essence@ "
coffee,1890,3,2365,1061,6.3838,True,"fruit coffee. a west hartlepool luxury. mr george hall, grocer, stockton street, west hartlepool, has hit upon a blend of coffee which is pronounced to be of a mo..."
coffee,1890,3,2365,1063,6.3875,True,"fruit coffee (registered). a blend of coffee which is pronounced to be of a most delicious flavour, and wholesome, stimulating, and nourishing. roasted by patent ..."
coffee,1890,3,2365,1064,6.388,True,"an excellent breakfast drink. fruit coffee (registered). a blend of coffee whidt is pronounced to be of a nwst delicious flavour, and wholesome, stimulating, and nolrishing. itoru3ted by paten..."
coffee,1890,3,2365,1065,6.3899,True,"police intelligence, before the stipendiary. adulkration.—david henry davies, iriorrr, of ystrud rhondda, was charged with selling adulteistpd coffee on the 10th tat inspector ratter visited the defen"
coffee,1890,3,2365,1066,6.3901,True,"symingto n s edinburgh coffee essence makes delicious coffee in a moment. no trouble, no waste. in wall and large bottles, from all 14)(1 grocers. guaranteed pure."
coffee,1890,3,2365,1067,6.3903,True,coffee essence? it is a liquid extract of the useful constituents of fine coffee. a teaspoonful added to boiling water gives a cup of delicious coffee in an...
coffee,1890,3,2365,1071,6.3978,True,"sy7aingto n s edinburgh coffee essence makes delicious coffee in a moment. no trouble, no waste. in smatl and large bottles, from all top grocers. guaranteed pure."
coffee,1890,3,2365,1072,6.3987,True,"mp october 31, 1896 origli(ll poerty. bromley's sample 6d bottle post tree 9 stamps. coffee essence. delicious coffee at one farthing per cup, prepared in two seconds. absolutely pure. no coffee groun"
coffee,1890,3,2365,1074,6.4004,True,"edinburgh coffee essence makes delicious coffee in a moment. no trouble, no waste. in small and large bottles, from all grocers. tor cuarainieed pure."
coffee,1890,3,2365,1075,6.4004,True,"fruit coffee. a wfst hartlepool luxury. mr george hall, grocer, stockton street, west hartlepool, has hit upon a blend of coffee which is pronounced to be of a mo..."
coffee,1890,3,2365,1076,6.4012,True,"one bottle symington's edinburgh coffee essence. zlueefoi to p.verybody, every day, everywhere. j. c_ihamberlain, wholesale chair manufacturer. wood turner, & cane worker. wringing machine ..."
coffee,1890,3,2365,1078,6.4021,True,"fruit coffee. a west hartlepool luxury. ltr r george hall, grocer, ▪ stockton-street, west hartlepool, has hit upon • blend of coffee which is pronounced to be of..."
coffee,1890,3,2365,1079,6.4026,True,"fruit coffee. a wfst hartlepool luxury. mr george hall, grocer, stockton street, west hartlepool, has hit upon a blend of coffee which is pronounced to be of a mo..."
coffee,1890,3,2365,1080,6.4034,True,"coffee essence debi:iota coffee at one farthing per cup. prepared in two seconds, absolutely pure. no copier grounds quality totally eclipses thee of all pr..."
coffee,1890,3,2365,1081,6.4041,True,"...red ,while you wait ~.o le ""me. fames hae no talent that way,"" claudia rid. latish he hack"" ish, perhaps he can get on without it. now well he.,. our coffee. i think the work will do, my do"
coffee,1890,3,2365,1082,6.4041,True,"...cups. even after tea was introduced into europe and had come into general use, tea-cups were scarce, says the ""jewellers' circular."" at the same time coffee was introduced, but apart fro"
coffee,1890,3,2365,1083,6.4056,True,"ow open lipton's great tea, coffee, and provision market, • at 59 lynn street west hartlepool, these premises, which have been specially reconstructed and magnificently fitted up as a ..."
coffee,1890,3,2365,1084,6.4082,True,"fruit coffee. a west hartlepool luxury. mr george hall, grocer, stockton street, west hartley. 01, has hit upon a blend of coffee which is pronounced to be of a m..."
coffee,1890,3,2365,1086,6.4115,True,"s i ‘4, in/a3:w syroington's edinburgh coffee essences are noted for their rich and delicious flavour. sold in small and large bottles by grocers in every town. r-.4\./i4wvwvitirivitretilb"
coffee,1890,3,2365,1087,6.413,True,"edinburgh coffee essence makes delicious coffee in a moment. no trouble, no waste. in small and large bottles, from all grocers. guaranteed pure. 100"
coffee,1890,3,2365,1088,6.413,True,"edinburgh coffee essence makes delicious coffee in a moment. no trouble, no waste. in small and large bottles, from all grocers. guaranteed pure. 100"
coffee,1890,3,2365,1089,6.413,True,"edinburgh coffee essence makes delicious coffee in a moment. no trouble, no waste. in small and large bottles, from all grocers. guaranteed pure. 100"
coffee,1890,3,2365,1090,6.413,True,"edinburgh coffee essence makes delicious coffee in a moment. no trouble, no waste. in small and large bottles, from all grocers. guaranteed pure. 100"
coffee,1890,3,2365,1092,6.4138,True,"trade announcements. fruit coffee. a west hartlepool luxury. 31[ er georg hall, grocer, stockton street, west hartleptol, has hit upon a blend of coffee which is pronounced to be of a..."
coffee,1890,3,2365,1093,6.4146,True,4 k a.iviaavnloaaaa those who cannot take ordinary coffee can drink symington's edinburgh coffee essence with comfgrt and pleasure. in bottles from all grocers.
coffee,1890,3,2365,1096,6.4196,True,"symington's edinsurgh coffee essence makes delicious coffee in a moment. no trouble, no waste. in small and large bottles, iro.."" grocer.. gu aaaaaaa 13 pure. 100"
coffee,1890,3,2365,1097,6.4208,True,"fruit coffee. a west hartlepool luxury. mr george hall, grocer, stockton street, west hartlepcol, has hit upon a blend of coffee which is pronounced to be of a mo..."
coffee,1890,3,2365,1100,6.4222,True,"coffee espence makes delicious coffee in a mo,nent. no trouble, no waste. in small and [art( bottlf‘s, from all grocers. guaranteed fu7l."
coffee,1890,3,2365,1102,6.4244,True,"... refined firm pieces in good demand beet dull • april buyers lie 9.131, and sellers lie lid june buyers 12s lid, and sellers 12s 3d cane goods quiet. coffee on th"
coffee,1890,3,2365,1103,6.4266,True,"symington's edinburgh coffee essence makes delicious coffee in a moment. no trouble, no waste. in small and large bottles, from all grocers. :00 guaranteed pure."
coffee,1890,3,2365,1105,6.4287,True,"coffee production in porto rico the territory i/arch produces the most coffee is in the high and mountainous parts ot the island, along the central range, a..."
coffee,1890,3,2365,1107,6.429,True,"... vegetable ingredients. for bile, liver, acidity, indigestion, &c. 643*01424' c;4.42442484.000.4d.00,0400 g .satisfactory alike to guest; and host is coffee made with; g symington's edinburgh c"
coffee,1890,3,2365,1108,6.4295,True,"fruit coffee. a west hartlepool luxury. mr george ball, grocer, stockton street, west ilartlepi 01, has hit upon a blend of coffee which is pronounced to he of a ..."
coffee,1890,3,2365,1109,6.4299,True,"suppeus inns 9 to 1070. iteeit and fitoct from the wood. cow:sett %sal: picnic part.et tea and coffee always eady- g. l seed, pr,opuirroz."
coffee,1890,3,2365,1110,6.4304,True,"edinburgh coffee essence makes delicious coffee in a moment. no trouble, no waste. in small and large bottles, from all grocers. quaranteisd puri!. 100"
coffee,1890,3,2365,1111,6.4321,True,"edinburgh coffee essence makes delicious coffee in a moment. no trouble, no waste. in small and large bottles, from all grocers. tor cuarainieed pure."
coffee,1890,3,2365,1116,6.4348,True,"symingto n s edinburgh coffee essence makes delicious coffee in a moment. no trouble, no waste. in small and large bottles, from all 109- grocers. guaranteed pure."
coffee,1890,3,2365,1118,6.4375,True,"...: refined firm; pieces in good demand; beet dull april buyers us 9.1 d. and sellers us 110 june buyers 126 11d, and sellers 12s 3d; cane goods quiet. coffee on"
coffee,1890,3,2365,1119,6.4382,True,"lion, “.c0000000000000c0000c:- have you tried symincton's 8 edinburgh dandelion coffee essence? s it is much used by persons of weak or ° feeble digestion. from all grocers. 0 73 \,3o®o&,,d,.ktoo••occ"
coffee,1890,3,2365,1121,6.4391,True,"an excellent breakfast drink. fruit coffee (registered). a blend of coffee whleb s prononneed to be ot a moil delicious flavour, and wholesome, stimulating, and nouriddag. routed by patemt noo..."
coffee,1890,3,2365,1122,6.4391,True,"impoutant hitherto i have been selling in the ceylon and mondon, alarkets.thousands of bushels of coffee of my own vowing, i have now decided to. dispose of thio coffee, direet, to the consumers, at m"
coffee,1890,3,2365,1124,6.4411,True,weak stomach impaired digestion disordered liver. and female ailments. • 44300•00.4900t240•60049.43. satisfactory alike to guest land host is coffee made with symington's edinburgh coffee essence. sol
coffee,1890,3,2365,1125,6.4413,True,"fruit coffee. a vtresr hartlepool luxury. me george hall, grocer, stockton street, west hartlepool, has hit upon a blend of coffee which is pronounced to be of a ..."
coffee,1890,3,2365,1126,6.4415,True,"how coffee first came into favour 18 a beverage. the greeks and romans do not seem to have been aware of the existence of coffee, although it had been used. in ..."
coffee,1890,3,2365,1128,6.4429,True,"edinburgh coffee essence makes delicious coffee in a moment. no troubie, no waste. in small and large botties, from all grocers. cuarraiteed pure. :co"
coffee,1890,3,2365,1129,6.4437,True,"symingto n s edinburgh coffee essence makes delicious coffee in a moment. no trouble. no waste. in small and large bottles, from all grocers. 100 guaranteed pure."
coffee,1890,3,2365,1130,6.4466,True,gmlel in? rattan. by messrs. branch cl- leete. lipton in the coffee tr ade. important notice. hitherto i have bren selling in the ceylon and london markets thousands of bushels of coffee of my own gro
coffee,1890,3,2365,1131,6.4469,True,lancaster. poprx cannot use ordinary coffee can drink symington's edinburgh coffee essences with comfort and pleasure. they are sold in large and small bottles
coffee,1890,3,2365,1136,6.4507,True,"essencw coffee lipton's essence of coffee is roads from the finest coffee in the world. meet from the plantations. roasted, ground, and prepared in hls own works."
coffee,1890,3,2365,1137,6.4516,True,"now open • lipton s great tea, coffee, and .provision market, at 59 lynn street, west hartlepool, these premises, which have been specially reconstructed and magnificently fitted up as a ..."
coffee,1890,3,2365,1138,6.4551,True,"an el ellent tire un fast drink. fruit coffee (17.111istered). a blend of coffee wnieh is pronounced to be of a most delicious flavour, and wholes° e, stimulating. and nourishing. r.casted by pat..."
coffee,1890,3,2365,1139,6.4553,True,april fine of 20s. and costs was inflicted—henry moon was next charged with selling coffee adulterated with chicory when asked for coffee only.—the evidence of police-constable heavyside and mr. supt.
coffee,1890,3,2365,1140,6.4554,True,"an f.xcellent rrf.akfast drink. fruit -coffee (registimed). • blend of coffee wr.ich .0 pronounced to be of &most delicious flavour, and wholetco,.e, *lunt:lasing. end nourishing. goaated by pate..."
coffee,1890,3,2365,1141,6.4561,True,elpfu i nts .00ct ccerie stui ceti. co ry ilrenvie will end 04 pure coffee fiume a yralefol itereregu chronic dye 'opium use our dandelion coffee essence. from grace= thbougdout t•4l-11111111k dupture
coffee,1890,3,2365,1143,6.4563,True,_--------'‘ those who cannot take ordinary coffee can drink symington's edinburgh coffee essence with comfort and pleasure. in bottles from all grocers. .70
coffee,1890,3,2365,1144,6.4563,True,"before the magistrates. result of silling one's iiwn coffee thomas sutcliffe, sankey bridges, was brought before the warrington county ""magistra,tes ,on the charge of selling 41b. of coffee containing"
coffee,1890,3,2365,1145,6.4575,True,"edinburgh coffee essence makes delicious coffee in a moment. no trouble, no waste. in small and large bottles, from all grocers. guaranteed pure. 100"
coffee,1890,3,2365,1146,6.4575,True,"edinburgh coffee essence makes delicious coffee in a moment. no trouble, no waste. in small and large bottles, from all grocers. guaranteed pure. 100"
coffee,1890,3,2365,1147,6.4575,True,"edinburgh coffee essence makes delicious coffee in a moment. no trouble, no waste. in small and large bottles, from all grocers. guaranteed pure. 100"
coffee,1890,3,2365,1148,6.4575,True,"edinburgh coffee essence makes delicious coffee in a moment. no trouble, no waste. in small and large bottles, from all grocers. guaranteed pure. 100"
coffee,1890,3,2365,1151,6.4621,True,"essentials of good coffee. to have the perfection of coffee these things are exsential the best quality of coffee and plenty of it. toiling water, just fifteen minutes to cook..."
coffee,1890,3,2365,1152,6.4634,True,"an excellent breakfast drink. fruit coffee (registered). a blend of coffee which is pronounced to be of a most delicious k lavour, _ _ and wholesome, stimulating, and nourishing. roasted by pa..."
coffee,1890,3,2365,1153,6.4645,True,"the westbourne arcade restaurant. breakfasts, luncheons, dinners, teas. tea. coffee and chocolate always iteady. chops and steaks. a.partments. charges moderate. e. e. hann, proprietress."
coffee,1890,3,2365,1154,6.4656,True,those who cannot take ordinary coffee can drink symington's edinburgh coffee essence with comfort and pleasure in betties from all grocers.
coffee,1890,3,2365,1155,6.4667,True,"edinburgh coffee essence makes delicious coffee in a moment. no trouble, no waste. in small arid large bottles, from all 100 grocers. guaranteed pure."
coffee,1890,3,2365,1156,6.467,True,"garstang. refreshment room, market place garstang. for a good cup of tea or coffee call st j3aittletts. 11. 13 artlett family grocer and brea!) baber. moh streat and masiet plale, garstang. nfirsiest "
coffee,1890,3,2365,1157,6.4699,True,"raneseoztouvaisvpoes' t 5.(4 511,""3.2e0i4 the finest coffee essence that money can buy is syrn:rigton's edin- burgh coffee essence, makes a cup in a moment. from crosers through-2 out the world. 3"
coffee,1890,3,2365,1158,6.47,True,"lipton, tea, and coffee planter. ceyion. largest tea, coffee, and provision dealer in the world. tea and coffee shipping ware/iouses maddema, mills, cinnamon gardens, colomb..."
coffee,1890,3,2365,1160,6.4717,True,"an f.xcelli2ct prearfast drink. fruit coffee (raci4stered). a blend of coffee oiiich i pronounced to be of a most delicious flavour, and wholesome, sthnulating, and nourishing. roasted by patent..."
coffee,1890,3,2365,1161,6.4758,True,"idimetant notice. hitherto i have been selling in the ceylon and loudon mankets thousands of %she's of coffee of my own growing, i have row decided to dispose of this &fide, direct to tie consumers, a"
coffee,1890,3,2365,1162,6.4758,True,"_fruit coffee. a west hartlepool luxury. air george hall, grocer, stockton-street, west hartlepool, has hit upon • blend of coffee which is pronounced to be of a m..."
coffee,1890,3,2365,1163,6.4771,True,"coffee essence makes delioious coffee in a moment. no trouble, no waste. in small and large bottles, from all loct grocers. guaranteed pure,"
coffee,1890,3,2365,1164,6.4799,True,a coffee plant disease. a report forwarded by the british consul at guatemala calls attention to 'a peculiar form of disease which has attacked certain coffee...
coffee,1890,3,2365,1165,6.4802,True,cadcury's cocoa what is coffee essence? it is a liquid extract of the i useful constituents of fine coffee. a teaspoonful added to boiling water gives a cup of delicious coffee in ...
coffee,1890,3,2365,1168,6.4807,True,"french coffees. per lb. 1 french coffee as prepared in pane with chioory atlls. od. is. 2d. is. 4d. is. 6d. iflilb"", ilb., .a'nd tins,"" pu re v./offers. 1 best pur..."
coffee,1890,3,2365,1169,6.4812,True,"fruit coffee. a west hartlepool luxury. mr george hall, grocer, stock- ton street, went hartlepool, has hit upon a blend of coffee whish is pronounced to be of a ..."
coffee,1890,3,2365,1170,6.4815,True,gossip mu women. the best and easiest way of making good coffee is to buy the coffee in berries and grind it your- self. place a sufficient quantity of the ground coffee (according to the size of the 
coffee,1890,3,2365,1172,6.4831,True,"a fragrant, grateful,o.l comforting cup made in a fe moment by using symington's za. edinburgh coffee essence. in ro bottles from all grocers. 70 gi"
coffee,1890,3,2365,1173,6.4837,True,"lipton's delicious oriental blends. finest coffee and chicory, no, is, liu, is 2o per lb, pure coffee!! richest and best. lo so pzr lb. no rion= pill 11. lipton, tea and coffee planter, ceylon. tea a..."
coffee,1890,3,2365,1174,6.4839,True,"for bile, liver, acidity, indigestion, &c. ithose who cannot take ordinary coffee can drink symington's edinburgh coffee essence with comfort and pleasure. in bott'es from all grocers. ovvvvvvo vswsio"
coffee,1890,3,2365,1176,6.487,True,"note the address- mcewen's, 48, lynn street. west hartlepool. fruit coffee. a west hartlkpool luxury. mr george. hall, grocer, stockton street, west ifartleprol, has hit upon a blend of coffeg which i"
coffee,1890,3,2365,1177,6.4879,True,"an excellent breakfast drink. fruit coffee (itegistimed). sa blend of coffee which is pronoun:od to be of rnott delicious flavour, and wholesome, stimulating, and nourishing. &noted by patent ..."
coffee,1890,3,2365,1179,6.4899,True,those who cannot take ordinary coffee can drink symington's edinburgh coffee essence with comfort and pleasure. in bottles from all grocers.
coffee,1890,3,2365,1182,6.493,True,"...s of the lies tribe& don't miss the greatest show in town. adigibion only 61xpencic, day and night. meat and plain teas le. and ls.e.d. cur of tea or coffee 9d. ohas. iddeson, var.:arbil manag"
coffee,1890,3,2365,1184,6.4954,True,"... it is the most delicious and healthy jam made. if you have not yet tried it, do so at once, and you will be delighted with it. symington's edinburgh coffee ess"
coffee,1890,3,2365,1186,6.4959,True,"edinburgh coffee essence makes delicious coffee in a moment. no trouble, no waste. in small arid large bottles, from all 100 grocers. guaranteed pure."
coffee,1890,3,2365,1187,6.4975,True,"coffee production in porto rico the territory i/arch produces the most coffee is in the high and mountainous parts ot the island, along the central range, a..."
coffee,1890,3,2365,1188,6.499,True,"ag'non= pills a meth reolrjv fat all irrrruwide*. obtainable 31117, om martin, liraniat, svuuwopto. rn, 41 pod tree those who cannot take or unary coffee can drink symington's edinburgh coffee esserce"
coffee,1890,3,2365,1189,6.4997,True,"edinburgh coffee essence makes delicious coffee in a moment. no trouble, no waste. in small and large bottles, from all grocers. quaranteisd puri!. 100"
coffee,1890,3,2365,1191,6.4999,True,"symingto n s edinbur • i coffee essence makes delicious coffee in a moment. no trouble, no waste. in small and large bottles, from all igo 'i grocers. guaranteed pure,"
coffee,1890,3,2365,1192,6.5004,True,"no. 826 home liints. stains on ctovinso.--the careful honeekeeper looks•over the articles for the general wash to dis- cover stains of coffee, tea, fruit, mildew, and paint, which are so frequently fo"
coffee,1890,3,2365,1193,6.5006,True,to make good coffizi. remember in making coffee: that the same flavour will not suit every taste. that everyone can be suited to a nicety by pro- perly bleneing two or more kinds. that equal parts ...
coffee,1890,3,2365,1194,6.5007,True,"edinburgh coffee essence makes delicious coffee in a moment. no trouble, no waste. in small and large bottles, from all grocers. 100 guaranteed pure."
coffee,1890,3,2365,1195,6.5021,True,"epps's grateful-com forting. cocoa breakfast and supper. • ~. ,-' nave you tried symington's /edinburgh dandelion coffee essence? it is much used by persons of weak or feeble digestion. from all crose"
coffee,1890,3,2365,1196,6.5037,True,"police intelligence, before the stipendiary. adulkration.—david henry davies, iriorrr, of ystrud rhondda, was charged with selling adulteistpd coffee on the 10th tat inspector ratter visited the defen"
coffee,1890,3,2365,1199,6.5056,True,bralineages edinbargh couee femme' are made from a rejection of the !inset coffee frown sold in small and lane bottles by all groan.
coffee,1890,3,2365,1200,6.5079,True,"fruit coffee. a west hartlepool luxury. mr georgie hall, grocer, stockton street, west hartlepeol, has hit upon a blend of coffee which is pronounced to be of a m..."
coffee,1890,3,2365,1201,6.51,True,"edinburgh coffee essence makes delicious coffee in a moment. no trouble, no waste. in small and large bottles, from all 100 grocers. guaranteed pure."
coffee,1890,3,2365,1202,6.5103,True,"symingto ns edinburgh coffee essence makes delicious coffee in a moment. no trouble, no waste. in small and large bottles, from all grocers. guaranteed pure. 10c"
coffee,1890,3,2365,1203,6.513,True,"edinburgh coffee essence makes delicious coffee in a moment. no trouble, no waste. in small and large bottles, from all grocers. 100 guaranteed pure."
coffee,1890,3,2365,1205,6.5154,True,"...ar refined firm; pieces in good demand; beet dull • april buyers us 94, and sellers us 110 june buyers 12; lid, and sellers 128 3d; cane goods quiet. coffee on the "
coffee,1890,3,2365,1206,6.5159,True,coffee essence. '•lode 'c'dßid it •vrie paithilkif plrcup:r prepared in two seconds. absolutely pure. no coffee ground.. quality totally eclipses that of al...
coffee,1890,3,2365,1207,6.5159,True,"fruit coffee. a west hartlepool luxury. mr george ball, grocer, stockton street, west ilartlepi 01, has hit upon a blend of coffee which is pronounced to he of a ..."
coffee,1890,3,2365,1208,6.5161,True,".cuents. [roe aenoun an facellent lreaufast prim 11.0 it coffee (regiitered). a ht,,rnfof coffee v.1.41,:11 is prouotiiice4 to be of• inc* delicious flavour._ and erholesoinet stiundsting. awl nourish"
coffee,1890,3,2365,1209,6.5174,True,"the first teacups. even after tea was introduced into europe, and had come into general uee, teacups were scarce. at the same time coffee was introduced, but, apart from constantinople, the first cups"
coffee,1890,3,2365,1210,6.5188,True,"scientific noteiv nothwithstanding the reduction of the duly on coffee, and the fact that the best coffee is sold in great britain cheaper than anywhere in europe, it is steadily falling, ..ys the bri"
coffee,1890,3,2365,1211,6.5191,True,"symington's edinburgh coffee essence makes delicious coffee in a moment. no trouble, no waste. in small and large bottles, from all grocers. :00 guaranteed pure."
coffee,1890,3,2365,1212,6.5217,True,"a fragrant, grateful, and comforting cup made in a moment by using symington s edinburgh coffee essence. in 3 bottles from all grocers. 70"
coffee,1890,3,2365,1213,6.524,True,"symingto n s edinburgh coffee essence makes delicious coffee in a moment. no trouble, no waste. in small and large bottles, from all 109- grocers. guaranteed pure."
coffee,1890,3,2365,1214,6.5242,True,"adulterated coffee at runcoen. on monday, at runcorn police court, walter collier, grocer, church-st., was summoned lor selling half a lb. of coffee, which was not of t..."
coffee,1890,3,2365,1215,6.5258,True,"an excellent breakfast drink. fruit coffee (registfitui) a blend of ooffee which is pronounced to be of a most delicious flavour, and wholesome, stimulating, and nourishing. fi.e.isted l.) pa ..."
coffee,1890,3,2365,1219,6.5321,True,"terrific slaughter of bic profits. by purchasing lipton's coffee you save about half- a-dozen dliderent middlemen's profits, and get your coffee direct from the vlanter. lipton's delicious oriental bl"
coffee,1890,3,2365,1221,6.5325,True,weak stomach impaired digestion disordered liver. and female ailments. • 44300•00.4900t240•60049.43. satisfactory alike to guest land host is coffee made with symington's edinburgh coffee essence. sol
coffee,1890,3,2365,1223,6.536,True,"symingto s edinburgh coffee essence makes delicious coffee in a moment. no trouble, no waste. in small and large bottles, from all grocers. :30 guaranteed pure."
coffee,1890,3,2365,1224,6.5365,True,"before the magistrates. result of slug one's own coffee. thomas sutcliffe, sankey bridges, was brought before the warrington county- magistrati-s on the charge of selling lb. of coffee containing 35 p"
coffee,1890,3,2365,1225,6.5368,True,"viitoooeiseilloolose 00000000 00,,5p 0) t its purity, strength, ant cheap- *) ness make symington's edinburgh coffee essence a universal sold by all grocers and storekeepers. 74 (e, 000000000000000 04"
coffee,1890,3,2365,1226,6.5372,True,"fruit coffee. a west hartlepool luxury. ivr ceorge hall, grocer, stockton street, west liartleneol, has hit upon a blend of coffee which is pronounced to be of a ..."
coffee,1890,3,2365,1227,6.5376,True,...indian blend is 1041. unrivalled indian and ceylon 8lend.........2.. pounds for 5s 6d. superb ceylon mixture 2s 4(1. 3 pounds for 66 66. birks bros.' coffees 
coffee,1890,3,2365,1228,6.5385,True,"west hartlepool. fruit coffee. a west hartlepool luxury. mr george hall, grocer, stockton street, west hartleptol, has hit upon a blend of coffee which pronounced to iie of a most..."
coffee,1890,3,2365,1230,6.539,True,"...eak stomach mpaired digestion; disordered liver. and female ailments. 240 0•04+00qm-0040.2.15,00 00.00041 0 satisfactory alike to guest i and host is coffee made with 1 symington's edin"
coffee,1890,3,2365,1232,6.5413,True,"delicious blends of ftnest coffee and 10d, ls, and le 2d per lb. pure coffee. richest and best, for le tel per lb. no higher price. °deere essences. llpton's essence of coffee. 5d and..."
coffee,1890,3,2365,1236,6.5451,True,what is coffee essence? it is a liquid extract of the useful constituents of fine coffee. a teaspoonful added to boiling water gives a cup of delicious coffee in an...
coffee,1890,3,2365,1237,6.5451,True,what is coffee essence? it is a liquid extract of the useful constituents of fine coffee. a teaspoonful added to boiling water gives a cup of delicious coffee in an...
coffee,1890,3,2365,1238,6.5471,True,"mazawattee coffee which is the highest grade of coffee obtainable, acknowledge its superiority, and as it is now rapidly making its way into every part of the country,..."
coffee,1890,3,2365,1239,6.5472,True,"ka6wwwkaaiwwwwai 'those who cannot take ordinary coffee / coffee can drink symington's edinburgh coffee essence with comfort and pleasure. in bottles 5 from ail grocers. nia.ew,k'v'v-w,t'kotoo""*"
coffee,1890,3,2365,1240,6.5489,True,a coffee plant disease. a report forwarded by the british consul at guatemala calls attention to a peculiar form of disease which has attacked certain coffee ...
coffee,1890,3,2365,1241,6.5505,True,"fruir coffee. a west hartlepool luxury. 34-r george hall, grocer, stockton street, 1. west hartlepeol, has hit upon a wend of coffee which is pronounced to be of ..."
coffee,1890,3,2365,1243,6.5515,True,"_coffee (registered). a .1 cf coffee which is pronounced to be el sso* delicious flavour, and who:eeome, stimulating, and nourishing. toasted by patent proce..."
coffee,1890,3,2365,1244,6.5533,True,"...ty of their spirits. but on one point error is often made, and that is concerning the drinks that are daily given to children. much too often tea and coffee are given them but the"
coffee,1890,3,2365,1245,6.5536,True,"krabi pasha, ex-minister of war for egypt, writing from ceylon. says about lipton's coffee having vis.ted your ti and rcffee estates. i have had daay opportunit its if tasting the coffee grown on mese"
coffee,1890,3,2365,1249,6.5556,True,"the oriental cafe. what is a thing of beauty, / the oriental cafe. the place to obtain a cup of the finest coffee in the world is the r oriental cafe; public taste has become so much vitiated by the v"
coffee,1890,3,2365,1250,6.5562,True,"j. leaver, ha tn.& as.. 44‘ sr""""nd roa d inlagton's edinburgh coffee essences are noted for their rich :ind delicious flavear. sold in small and large bottles by grocers in every town."
coffee,1890,3,2365,1251,6.5571,True,"an excellent breakfast drink. fruit coffee (registered). a blend ot coffee which is pronounced to he ot a mgst delicious flavour, and wholesome, stivnulating, and nourishing. roasted by patent..."
coffee,1890,3,2365,1252,6.5592,True,"lipton's delicious oriental blends. finest coffee and chicory, 101), 18, and 1% 2d per lb. p lire coffee!! richest and best. is 6n per lb. no monza pav:e. lipton, tea and coffee planter., ceylon. tea..."
coffee,1890,3,2365,1253,6.5594,True,april fine of 20s. and costs was inflicted—henry moon was next charged with selling coffee adulterated with chicory when asked for coffee only.—the evidence of police-constable heavyside and mr. supt.
coffee,1890,3,2365,1254,6.5609,True,"an excellent breakfast drink. fruit coffee (registf.red). a blend of coffee which is prmounced to be of a most delicious flavour, and wholesome, stimulating, and nourishirg. sosiffed by pstect..."
coffee,1890,3,2365,1256,6.5641,True,the want of the day. a pure fine coffee is supplied in the
coffee,1890,3,2365,1257,6.5647,True,"coffee the bacilliade. moral philosophers and medical men have both, from time to time, spoken disrespect- fully of coffee. the latter have shown up its evi..."
coffee,1890,3,2365,1258,6.5654,True,those who cannot take ordinary coffee can drink symington's edinburgh coffee essence with comfort and pleasure. in bottles from all grocers. 79
coffee,1890,3,2365,1259,6.569,True,"alterations.- to the welcome coffee-- tavern, speech by sir john llewelyn. 'the swansea coffee public home oempany started a new departure in their holism on monday afternoon, when, the..."
coffee,1890,3,2365,1261,6.5693,True,"french coffebs, per lb. 1 french coffee as prepared in paris with chioory at le. (ii. 2 pi ls. 2d. pi op si pp it 3 „pp le. 4d. .. ip sp i. la. 6d. in ilb:, jib., ;:nd 111;1. tins."" pure co..."
coffee,1890,3,2365,1262,6.5694,True,"...t the co-operative society. john anderson, manager of the carlisle co-operative society, limited, was charged with selling to c. w. hill a mixture of coffee and chicory which was not of t"
coffee,1890,3,2365,1264,6.5721,True,"excellent fruit wines, ncl. fruit coffee prepared only by g. hall. preventative of indigestion, wholesome, stimulating, and nourishing. good nervine roasted by patent process only."
coffee,1890,3,2365,1266,6.5743,True,"symingto s edinburgh coffee essence makes delicious coffee in a moment. no trouble, no waste. in small and large bottles, from all grocers. :30 guaranteed pure."
coffee,1890,3,2365,1267,6.5752,True,"edinburgh coffee essence makes delicious coffee in a moment. no trouble, no waste. in small and large bottles, from all 100 grocers. guaranteed pure."
coffee,1890,3,2365,1270,6.5798,True,"mjzzabout. at a certain fashionable bazaar a short time ago, a gentleman asked for a cup of coffee and inquired the price. the lady who served it, and who was the daughter of an earl, took a sip out o"
coffee,1890,3,2365,1271,6.5801,True,"edinburgh coffee essence makes delicious coffee in a moment. no trouble, no waste. in small and large bottles, from all grocers. guaranteed pure. :go"
coffee,1890,3,2365,1272,6.5812,True,"cuban coffee-making._ the most delicious coffee obtainable is to be found in cuba, and the secret lies in the peculiar way it is made. it is prepared by first hal..."
coffee,1890,3,2365,1274,6.587,True,e:1 satisfactory 'ube to guest! sad best is coffee nab with' 'llyningtos's ildiabergi gebel swam sold in entalland large 'bottles by grocers mryarbere.'
coffee,1890,3,2365,1276,6.5879,True,... weak stomach impaired digestion. disordered liver. and female ailments. ogs getlc3.o44oz*lll).t4ooo. 01444 p satisfactory alike to guest and host is coffee made with symington's edinburg
coffee,1890,3,2365,1277,6.5893,True,"liverpool produce. cane sugar firm, with a moderate demand. beet strong. rice fair demand and firm. coffee favours buyers. cocoa firm. linseed very dull. logwood quiet. fustic better demand again. pot"
coffee,1890,3,2365,1278,6.5905,True,"...r price. 5,7, 10, anl 20 lha, packed in patent air. tight canisters, without mart charge. being sole proprietor of several of the most famous tea and coffee i.cat"
coffee,1890,3,2365,1279,6.5937,True,"fruit coffee. a west hartlepool luxury. mr george hall, grocer, stockton street, west hartlepcol, has hit upon a blend of coffee which is pronounced to be of a mo..."
coffee,1890,3,2365,1280,6.6019,True,"delicious blends of ftnest coffee and 10d, ls, and le 2d per lb. pure coffee. richest and best, for le tel per lb. no higher price. °deere essences. llpton's essence of coffee. 5d and..."
coffee,1890,3,2365,1281,6.6034,True,"a meek man. a demure looking little man approached the haughty clerk in a grocer's shop, and meekly asked if he had any coffee to sell. ""we have ground coffee,"" said the young man. ""no other kind?"" ""n"
coffee,1890,3,2365,1282,6.6038,True,"fruit coffee. a west hartlepool luxury. mr george hall, grocer, stock- ton street, went hartlepool, has hit upon a blend of coffee whish is pronounced to be of a ..."
coffee,1890,3,2365,1284,6.6051,True,"the oriental cafe. what is a thing of beauty, / the oriental cafe. the place to obtain a cup of the finest coffee in the world is the r oriental cafe; public taste has become so much vitiated by the v"
coffee,1890,3,2365,1287,6.6066,True,"an excellent breakfast drink. fruit coffee _ (registered). a blend of coffee which is pronounced to be of a most -- delicious flavour, and wholesome, stimulating, and nourishing. roasted by pa..."
coffee,1890,3,2365,1289,6.6099,True,"coffee fruit _ _ (registered). a blend of coffee which is pronounced to be of a most delicious flavour, and wholesome, stimulating, and nouriahing. roasted ..."
coffee,1890,3,2365,1290,6.6127,True,"real coffee this time, san! true aroma fragrant refreshing and and and fine flavour. digestive. exhilarating. blend of coffee and chicory is. 4d. per lb. (for th..."
coffee,1890,3,2365,1291,6.6128,True,"t::•••-i- ~ ............ satisfactory alike to guest and host is coffee made with symington's edinburgh coffee 'essence. sold in small and large bottles by gm ,ers everywhere ••••••"
coffee,1890,3,2365,1292,6.6134,True,"du tried it yet? also try mason's coffee essence and mason's wine _usence. sold by all chemists, hm., or sample bottle of either sent post free for nine stamps. agents z7-4ts op"" 7eo newball..."
coffee,1890,3,2365,1297,6.6178,True,"french coffee ow need in peri, 11-&-ans, m-....11b. 0 6 a luxury do iddlget unknown."" irineto costa ries 11b. tun. 11-41 b. 0 7 fineet planta:ion „ 1/4.. „ 08e ric..."
coffee,1890,3,2365,1300,6.6216,True,"selected contributions. a novel coffee grinder. (:nmdfather,—l write you a story ""a new kind of (%iffee :—a negro ser- vant was told to grind some coffee, and prepare • cup for his mast,r'..."
coffee,1890,3,2365,1302,6.6248,True,"only sd. and 9d. per bottle. lipton's essence of coffee and chicory. guaranteed finest ever made. most delicious and fragrant. /71 only d. and 2d. per bottle it is handy at all times, can be be made i"
coffee,1890,3,2365,1303,6.6254,True,"coffee essence for breakfast noseatrest,lowan. bronchitis, asthma, emiump- threat dogma. catarrh. san throats. chide. ea ain food. harburn's puosphorised to..."
coffee,1890,3,2365,1304,6.6264,True,"lipton's great tea, coffee, and provision market, at 59, lynn street, west hartlepool. these premises, which have been specially reconstructed and magnificently fitted up as a ..."
coffee,1890,3,2365,1305,6.6268,True,"lipton- in the coffeetrad,e.. important notice. hitherto l have been selling in therceylon and london markets thousands of bushels of coffee of my own growing. i have now ..."
coffee,1890,3,2365,1306,6.6272,True,something for all. med's law. to prove that coffee-drinking made persons neglect religious duties they pointed to the fact that while coffee-houses were multiplying the mosques were empty. chair bey c
coffee,1890,3,2365,1307,6.6309,True,gossip mu women. the best and easiest way of making good coffee is to buy the coffee in berries and grind it your- self. place a sufficient quantity of the ground coffee (according to the size of the 
coffee,1890,3,2365,1308,6.632,True,boiling watzz or xxix. free' free' free. free. free. free. fure. free. free. free. 11 4 ree. free. free. free. free. a sample tin of delicious swiss coffee (regd.) sent poqt paid opon appli-ation to t
coffee,1890,3,2365,1311,6.6359,True,"syniingtons edinburgh coffee essence makes delicious coffee in a moment. no trouble, no waste. in small and large bottles, from all grocers. 104? guarapjtzed pijcze,"
coffee,1890,3,2365,1312,6.6384,True,"i••••••••••••••• 414••••• o g esatisf ry acto alike to guest i and host is coffee made with; symington's edinburgh coffee 0 41 pomo°. sold in small and large a bottlec; by c;rocerl everywh&e.l 4, :44."
coffee,1890,3,2365,1313,6.6408,True,"coffee and how to make it. chemically speaking, coffee consists of a volatile aromatic oil, to which its flavour is owing; the stimulant alkaloid, caffeine;..."
coffee,1890,3,2365,1316,6.6453,True,"lipton in the cotere trada. important notice. hitherto ',hare- been selling in the ceylon and lomb(' markets thousands of bu.shels of coffee of my own gro7sing i have now decided to dispose of this co"
coffee,1890,3,2365,1317,6.6454,True,"miscellaneous. coffee and its effects—as an article of diet fruit coffee (registered) is wholesome, stimulating and nourishing. dr. paris remarks that coffee, if taken aft..."
coffee,1890,3,2365,1319,6.6507,True,"...sugar refined firm; pieces in good demand beet dull april buyers us 9fd. and sellers us 110 june buyers 12s 10, and sellers 12s 3d; cane goods quiet. coffee on the spo"
coffee,1890,3,2365,1322,6.6526,True,those who cannot take ordinary coffee can drink symington's edinburgh coffee essence with comfort and pleasure. in bottles from all grocers. 79
coffee,1890,3,2365,1323,6.6529,True,"adulteration of coffes. james phillips. grocer, penygraig, wa.4 chaiged with selling coffee adulterated to an un- usual extent. it was understood that this was a test case. pdr rowlands, market harbor"
coffee,1890,3,2365,1324,6.6534,True,"coffee essence makes delicious coffee in a moment. no trouble, no waste. in small and i.7.rge bottles, from all grocers. guaranteed pure. 100"
coffee,1890,3,2365,1326,6.6535,True,"41111 fruit coffee. a west hartlepool luxury. mr george hill, grocer, stock- ton street, west hartlepool, has hit upon s blend of coffee whieh is pronounced to be of a ..."
coffee,1890,3,2365,1328,6.6548,True,...helens).—you had better place your- self in communication with a patent agent. dougrrul (wigan). you do not require a licence for selling hot tea and coffee and con- fec
coffee,1890,3,2365,1330,6.661,True,"now open lipton's great tea, coffee, and provision market, at 59 lynn street, west hartlepool • these premises, which have been specially reconstructed and magnificently fitted up as a ..."
coffee,1890,3,2365,1331,6.6649,True,"beer end stout from the wood. tea and coffee always ready. g. l. seed, proprietor. signal egg-saucepan, • (planneei, patent). cooks egos to per- i price j. each. pection. i per post i. 3d. -- 1 ..."
coffee,1890,3,2365,1332,6.6656,True,lancaster. poprx cannot use ordinary coffee can drink symington's edinburgh coffee essences with comfort and pleasure. they are sold in large and small bottles
coffee,1890,3,2365,1333,6.666,True,"* ** plan adopted in many french households is to make extremely strong black coffee in the ordi- nary way. this is kept in a corked or stoppered bottle, and keeps good for a considerable time. when t"
coffee,1890,3,2365,1334,6.6685,True,"fruit coffee (re(istered). a blend of coffee which is pronounced to be of a most delicious flavour, and wholesome, stimulstinj, and nourishing. boasted by patent ..."
coffee,1890,3,2365,1335,6.6686,True,"fruit coffee. a vtresr hartlepool luxury. me george hall, grocer, stockton street, west hartlepool, has hit upon a blend of coffee which is pronounced to be of a ..."
coffee,1890,3,2365,1337,6.6697,True,"...ure vegetable ingredients. for bile, liver, acidity, indigestion, &c. beware jrvitottz:4&3vl4o 0tt0ntiei.34,00640•044-4.64904"" isymington's edinburgh coffee essences are made from a se- lection of"
coffee,1890,3,2365,1338,6.6724,True,"atuto to noustvotbto a cup of 0001) coffee. or course no well-regulated housewife buys the triply of family coffee in the state whi:th is knoww •' ground."" oround coffee may sometimes be nices..."
coffee,1890,3,2365,1339,6.6749,True,"th lose who cannot take ordinary coffee can drink symington's edinburgh coffee essence with comfort and pleasure. in bottles from all grocers. ae:arls' r 4 'l*k; 40, • i p t d, 1 p n • :1? ..."
coffee,1890,3,2365,1342,6.6773,True,those who cannot take ordinary coffee can drink symington's edinburgh coffee essence with comfort and pleasure. in bottles from all grocers.
coffee,1890,3,2365,1344,6.6798,True,"an excellent breakfast drink. fruit coffee (registf.red). a blend of coffee which is prmounced to be of a most delicious flavour, and wholesome, stimulating, and nourishirg. sosiffed by pstect..."
coffee,1890,3,2365,1345,6.6818,True,"coffee and chocolate always ready. chops and steaks. charges moderate. e. e. hann, proprietress."
coffee,1890,3,2365,1346,6.6819,True,"americans drink eight times as much coffee as tea. the saying is attributed to von bulow that a tenor is no a man he is an illness. am )lig the greeks, breeches indicated slavery. a free man n..."
coffee,1890,3,2365,1347,6.6823,True,".... iburation. ablett and foyl, restaurateurs and caterers. 18, market-street. fob the beo.i. 6n. dinners. 1, shore road, morpeth dock. dituog. tea and coffee nooms. titrictly modem% pric"
coffee,1890,3,2365,1348,6.6823,True,"important to advertisers. =nle'°-- *yid' crlo shipping and emigration. paditers and dicobators, people who cannot use ordinary coffee can drink symington's edinburgh coffee essences with comfort and p"
coffee,1890,3,2365,1350,6.683,True,"icititer _buyyer havng visited your tea and coffee llstatea, i have had daily oportunitles of tasting the coffee grown on these mag- nifleentproperties, end i have no hesitation in saying that the cof"
coffee,1890,3,2365,1351,6.6868,True,"coffee an excellent breakfast drink. fruit (registered). a blend of coffee which is pronounced to be of a most delicious flavour, and wbole9ome, wirradritin..."
coffee,1890,3,2365,1353,6.6891,True,"free tin of liiiisieue swiss coffee tasteakt bent post paid app. appliestka 6 the swiss coffee co., m. restellmr** iftwato mal"
coffee,1890,3,2365,1355,6.69,True,"spent ginger for coffee. ernest torn;, perry barr, grocer, was ch under the drugs act with selling coffee artit branch establishment great barr, that had been adulterated. t..."
coffee,1890,3,2365,1356,6.6901,True,"fruit coffee. a vtresr hartlepool luxury. me george hall, grocer, stockton street, west hartlepool, has hit upon a blend of coffee which is pronounced to be of a ..."
coffee,1890,3,2365,1357,6.6905,True,"edinburgh coffee essence makes delicious coffee in a moment. no trouble, no waste. in small and large bottles, from all grocers. guaranteed pure. :go"
coffee,1890,3,2365,1358,6.6906,True,"fruit coffee (registered). a blend of coffee which is pronounced to be of a most delicious flavour, and wholeaome, stimulating, and nourishing. roasted by patent ..."
coffee,1890,3,2365,1359,6.6908,True,"lipton. the i.a.rgest tea and provision dealer in the world. tea and coffee shipping wareh.ouse.% madderua mills, cinnamon gardens, colombo. ceylon of/ice: upper chatham street, colombo. tea and coffe"
coffee,1890,3,2365,1360,6.692,True,"trade announcements. an excellent breakfast drink. fruit coffee (registered). a blend of coffee which is pronounced to be of a most delicious flavour, and wholesome, stimulating, and nourishing. [toas"
coffee,1890,3,2365,1362,6.6922,True,"umbrellas. !- umbrellas. ice osborn & co., coffee specialists, 10, corroration•road, middlesbro'. telephone, 5,123. i for ready choice coffee we stand unrhalled. we select mei the choiceut growths im..."
coffee,1890,3,2365,1363,6.6928,True,"french coffees. 1 french coffee preparml in paris with chicic,o_rwttb. in /lb., 5 lb., and jib. fins. pure coffees. 1 best pure coffee at 16 per lb.) 2 •inl, 5. an..."
coffee,1890,3,2365,1364,6.6951,True,"the magistrates. result of sslling one's own coffee. thomas sutcliffe, sankey bridges, was brought before the warrington county magistratcs on the charge of selling alb. of coffee containing 35 per ce"
coffee,1890,3,2365,1365,6.6959,True,"vinegar. purity and quality guaranteed. estab. over 250 years. soutuwark, london. coffee. coffee. refreshing at all times. lipton's delicious blends of finest coffee and chicory 10d., is., and is 2d p"
coffee,1890,3,2365,1366,6.697,True,"coffee essence makes delicious coffee in a moment. no trouble, no waste. in small and large bottles, from all ioe grocers. guaranteed pure."
coffee,1890,3,2365,1367,6.6975,True,"tou hays oftiin ribald of s ym i n gton's edinburgh coffee essences, buy uo you iris remit t any grocer can supply you! worth a guinea a box. beecham's pills beecham's pills isilious and nervous *diso"
coffee,1890,3,2365,1369,6.6988,True,"fruit coffee (registered). a blend of coffee which is pronounced to be of a most delicious flavour, and wholeaome, stimulating, and nourishing. roasted by patent ..."
coffee,1890,3,2365,1370,6.7018,True,"... the prices :- 10d., in., and is. 2d. per lb. these magnificent blends can only be obtained from lipton's markets and agencies. to all lovers of pure coffee, i offer the richest and best that mone"
coffee,1890,3,2365,1371,6.7031,True,"... jackson, 21, arcade, cole, has always on hand a choice selection of confectionery si biscuits. beef and kidney piez every friday & saturday. tea and coffee at any t"
coffee,1890,3,2365,1374,6.713,True,"coffee essence makes delicious coffee in a moment. no trouble, no waste. in small and i.7.rge bottles, from all grocers. guaranteed pure. 100"
coffee,1890,3,2365,1375,6.7154,True,the most nutritious epps's grateful-con:forting. cocoa reak.fast and 3upfer. roca 0. have you tried symincton's ;) edinburgh dandelion coffee essence? t it is much used by persons of weak or 8 8 feebl
coffee,1890,3,2365,1382,6.7244,True,"symingto n 8 edinburgh coffee essence makes delicious coffee in a moment. no trouble, no waste. ln small and large bottles, from all grocers. guarauteed pure. iqq"
coffee,1890,3,2365,1383,6.725,True,fruit coffee. a west hartlepool luxury. -- 3111:21valti:priloril'htrctiti uspotnenkt4a niaesntrdeeei isaffce whlch is pronounced to be of a most delicious flavour...
coffee,1890,3,2365,1384,6.7271,True,the fineat coffee naenee that money can boy is symington's }:dinborgh coffee faiien^e. makes a cup in a moment. from grocers throughout the world.
coffee,1890,3,2365,1388,6.7344,True,"...ter. p a' necessary to advertise to present customers as to prospective customers, and this is why we ask the numerous users of symington's edinburgh coffee essences to recomm"
coffee,1890,3,2365,1389,6.735,True,"trade announcements. an excellent breakfast drink. fruit coffee (registered). a wood of coffee which is pronounced to be of a moils delicious flavour, and wholesome, stimulating, and nourishing. • roa"
coffee,1890,3,2365,1390,6.7352,True,"...made. worm; opas to laspacrtori. new show room now open. laws &ocr to szlect reoa. william atkinson, 20, market street, pople \u0 cannot use ordinary coffee can drink symin"
coffee,1890,3,2365,1391,6.7354,True,"an excellent breakfast drink. fruit coffee (ienistered). a blend of coffee which is pronounced to be of a most delicious flavour, and wholevome, atimul.ting, and nourishing. routed by patent p..."
coffee,1890,3,2365,1393,6.7425,True,"the coffee pot pure coffee. 'or 115:eakfl,'; 707: ..7.2.1:117..' for stj true aroma, 'me flavour, fragrant. digestive, refreshing, exhilarating rr.:t. corrrr, t..."
coffee,1890,3,2365,1395,6.7444,True,"to-day's markets. lon don produce. sugar: cane ;low reen;d inilriott. steady, with a fair inquiry; foreign refined firm; beet quiet. coffee spot firm, and qualties realise high prices; futures steady."
coffee,1890,3,2365,1396,6.7447,True,"fruit coffee. a west hartlepool luxury. of.orge hall, grocer, stockton street, west hartlepcol, has hit upon a blend of coffee which is pronounced to be of a most..."
coffee,1890,3,2365,1400,6.7503,True,"k * **** * ,symington's edinburgh coffee ziszences are noted for their and delicious flavour. sold ill. midi and large bottles by. grocers •in every to ,n"
coffee,1890,3,2365,1402,6.7514,True,"coffee production in porto rico the territory i/arch produces the most coffee is in the high and mountainous parts ot the island, along the central range, a..."
coffee,1890,3,2365,1403,6.755,True,symington'sdinburgh coffee essences are noted for thci:. rich and delicious flavour. sold in small and large betticz 1;4 grocers in every town. 0 -4 cvevzvzvey-tre.e...wm.rz/t....
coffee,1890,3,2365,1404,6.755,True,"for bile, liver, acidity, indigestion, ez.c. thosewho cannot tdke ordinary coffee can drink symington's 1 edinburgh coffee essence with comfort and pleasure. in bottles from all grocers. c*aowt•wietok"
coffee,1890,3,2365,1405,6.7561,True,"electro-plated tea. and coffee see- vices, best quality, quite new silver english centre seconds stop watch. with all the latest improvements carat gold albert, curb, with seal, ha..."
coffee,1890,3,2365,1409,6.7626,True,"fruit coffee. a west hartlepool luxury. mr george hall, grocer, stock- ton street, went hartlepool, has hit upon a blend of coffee whish is pronounced to be of a ..."
coffee,1890,3,2365,1410,6.7628,True,"coffee essence makes delicious coffee in a moment. no trouble. no waste. in small and large bottles, from all 100 grocers. guaranteed furs. f 4,1 4 14.4, 4 ..."
coffee,1890,3,2365,1411,6.7628,True,"beer and stout from the wood. tea and coffee always reedy. g. l seed, psopararog."
coffee,1890,3,2365,1413,6.7653,True,"lipton in trtp, coffee trade. important notice. • hitherto i have been selling in the ceylon and london markets thousands of bushels of coffee of my own growing. i have now..."
coffee,1890,3,2365,1414,6.7698,True,"symingto ns edinburgh coffee essence makes delicious coffee in a moment. no trouble, no waste. in small and large bottles, from all grocers. guaranteed pure. 10c"
coffee,1890,3,2365,1417,6.7761,True,"an excellent breakfast drink. fruit coffee (registered). a blend of coffee whleb s prononneed to be ot a moil delicious flavour, and wholesome, stimulating, and nouriddag. routed by patemt noo..."
coffee,1890,3,2365,1418,6.7804,True,"lipton- in the coffeetrad,e.. important notice. hitherto l have been selling in therceylon and london markets thousands of bushels of coffee of my own growing. i have now ..."
coffee,1890,3,2365,1419,6.7836,True,something for all. med's law. to prove that coffee-drinking made persons neglect religious duties they pointed to the fact that while coffee-houses were multiplying the mosques were empty. chair bey c
coffee,1890,3,2365,1422,6.787,True,"fine flavour. diazawattee coffee which is the highest grade of coffee obtainable, acknowledge its superiority, and as it is now rapidly making its way into every part of the country,..."
coffee,1890,3,2365,1424,6.7884,True,"neaamazoa32c23333333o3a3jeq, 1 a fragrant, grateful, and lia tr, c:mforting cup made in a t.) moment by using symington s edinburgh coffee essence. in li g bottles from all grocers. 70 to occgcmccccoc"
coffee,1890,3,2365,1425,6.7888,True,terrific slaughter of big profits. by purehzaing lipton's coffee you save about half-a-dozen different middlemen's profits. and get your coffee direct from the planter. lipton's • delicious oriental b
coffee,1890,3,2365,1426,6.7889,True,"all hope of comfort in my home had died, until the matchless cleanser soap i tried. 142833. high-class mazawattee coffee high-class mazawattee come.. high-class mazaivattee coffee, high-class mazawatt"
coffee,1890,3,2365,1427,6.79,True,"fruit coffee. a west hartlepool luxury. me george hall, grocer, 1,1. iltocktonetreet, welt hartlepool, has hit up= • blend of coffee erhichis prom:mooed to be of ..."
coffee,1890,3,2365,1429,6.7908,True,"coffee fruit _ _ (registered). a blend of coffee which is pronounced to be of a most delicious flavour, and wholesome, stimulating, and nouriahing. roasted ..."
coffee,1890,3,2365,1430,6.7912,True,"how to male coftel in making coffee we must obtain two things— strength and flavour. it is evident that to obtain thefirst it must be boiled, but by hard and long boil- ing the flavour ..."
coffee,1890,3,2365,1432,6.7937,True,"french coffees. per lb. 1 french coffee as prepared in pane with chioory atlls. od. is. 2d. is. 4d. is. 6d. iflilb"", ilb., .a'nd tins,"" pu re v./offers. 1 best pur..."
coffee,1890,3,2365,1440,6.8104,True,"delicious! wholesome! refreshing! ellm- have you tried it yet? also try mason's coffee essence and mason's wine-e,ssence. sold by all chemists, b:c., or sample bottle of either sent poet free for nine"
coffee,1890,3,2365,1443,6.8126,True,"fruit coffee. a west hartlepool luxury. mr george hall, grocer, stockton street, west hartlepcol, has hit upon a blend of coffee which is pronounced to be of a mo..."
coffee,1890,3,2365,1444,6.8126,True,"an rxciii.mt breakfast drink. fruit coffee 'geo. hall, _ rreeh every other dal"" syming' wld pea flour v medal floult. (aec ist erei)). a blood of coffee wbio a pronounced to be of most deldcio..."
coffee,1890,3,2365,1445,6.8149,True,"delicious blends of finest coffee and chicory 10d., is., and is. 2d. per lb. pure coffee, richest and best, per s. 6d. lb. no new moe. coffee essences lipton's essence of coffee is ma..."
coffee,1890,3,2365,1447,6.8167,True,"tried it yet? a 174-0 fry mason's coffee essence and mason's wine_ essence. sold by all cltonlist,. ,5,.., or sample bottle of either sent poet free for nine statnps. .- i----- agentsi iagen..."
coffee,1890,3,2365,1450,6.8202,True,"... young • • .1 • • housewife 1: a who wishes to saue herself el hurry. worry, flurry, time, a trouble, and money, should •i use eyrnington's edinburgh coffee essen"
coffee,1890,3,2365,1451,6.8224,True,"the biggest show in england for sapencf. refreshments of every description and of the best possible kind. meat and plain teas cup of tea or coffee 2d a new tea bo= ban been added. chas. iddeson, secre"
coffee,1890,3,2365,1453,6.8228,True,"edinburgh coffee e ssen ce. sold in large and small bottles by grocers throughout the empire. try it. mrs. heald, the oldest established glass & china warehouse, 52, ..."
coffee,1890,3,2365,1454,6.8235,True,"...oa etz eakfast- supper.. delicious! wholesspi! refreshing! n. 0 invii 'ala' igorating ,table inomical mr"" have you tried it yet? ecoi alao try masows coffee essence and mason's wine f.ssence. tiuhi"
coffee,1890,3,2365,1456,6.8286,True,"idimetant notice. hitherto i have been selling in the ceylon and loudon mankets thousands of %she's of coffee of my own growing, i have row decided to dispose of this &fide, direct to tie consumers, a"
coffee,1890,3,2365,1457,6.8327,True,6 reakftet is mien spelled by the poorness of the coffee. it *an be made any strength by using symington's edinburgh coffee essence. 77
coffee,1890,3,2365,1458,6.8347,True,"a awattee coffee mething new in the coffee pot. an absolutely pure coffee.trpitlta why has english coffee become ,so undrinkable in recent years? for the simple reaso..."
coffee,1890,3,2365,1459,6.8383,True,to-day's markets. liverpool produce.—sugar: cane in fair request at full rates; beet quiet. rico: little passing. hemp firm. coffee and cocoa steady. linseed con- tinues firm. dyewonds in fair inquiry
coffee,1890,3,2365,1460,6.839,True,"prices: teas, is, is 3d, is 6d, is 9d, 2s, 2s 6d. coffee mixtures, is, is 4d, is bd. coffee (pure), is 6d, 13 9d, 2. bacon, 4d to 6d per lb. hams, 6d per lb. birks bros., tea, coffee, & provision merc"
coffee,1890,3,2365,1462,6.8408,True,"don't miss the greatest show in town, admission only sixpence, idly &nd night. neat and plain teas oup op tea or coffee chas. iddeson, general manager. la and 1g.6. 2."
coffee,1890,3,2365,1463,6.8458,True,"fruit coffee an excellent breakfast drink. (registered). a blend of coffee which is prono umed to be of a most delicious flavour, and wholesosne, stimulating. and..."
coffee,1890,3,2365,1465,6.8468,True,"raaaaaaaaaaaaaaaa-aaai • agents wanted delicious! wholesome! igorating amble! refreshing! economical intr have you tried it yet? also try mason's coffee essence and mason's wine essence. 5,1.1 by all "
coffee,1890,3,2365,1466,6.847,True,"l pt 0 its in ten coffee tiitad,s.. important notiqf- hitherto l!hane been selling in the ceylon and london mark sbil thousands of bushels of ooffee of my casmgrowing. i have..."
coffee,1890,3,2365,1467,6.8534,True,"prices teas, is, is 3d, is 6d, is 9d, 2s, 26 6d. coffee mixtures, is, is 4i,la bd. coffee (pure), ls 6d, is 9d, 26. *bacon, 4d to 6d per lb. rams, 6d per lb. birks bros., tea, porm, & provision mercha"
coffee,1890,3,2365,1468,6.8563,True,"of pure vegetable ingredients. for bile, liver, acidity, indigestion, &c. aekow,,wwwkat sy ming to n s those who cannot take ordinary edinburgh coffee can drink symington's coffee essence edinburgh co"
coffee,1890,3,2365,1469,6.857,True,lancaster. psople wso cannot no ordinary coffee -- drink symington's edinburgh coffee essences
coffee,1890,3,2365,1471,6.8584,True,"amusements. now open a / lipton s great tea, coffee, and provision market, at 59, lynn street, west hartlepool, these premises, which have been specially reconstructed and magnificently fitted up as a"
coffee,1890,3,2365,1472,6.8615,True,"...tea&.• direct fecol.the. tea garden,- to the mlikpot;', no middlemen's prof-ets: to 'pay.. ming sole piroprieton-of several of thmost famoua-tea and, coffee estates in. coylon, including the "
coffee,1890,3,2365,1473,6.862,True,"french coffees. per lb. f french coffee as prepared in paris with chicory at 2 18. od. ls. 2d. .. .. 3 „ „ is. 4d. 4 tt it le. 6d. _ 1. f t in lib:: fib., it'nd 11..."
coffee,1890,3,2365,1474,6.8633,True,"genti.hmen, a workitz mars opinion of your excellent cocoa may, perhaps, be of interest to you. in 1888 i was advised to give up tea and coffee and drink cocoa only, i did so, and during the last ci4h"
coffee,1890,3,2365,1475,6.8639,True,"always looks tor the label on o bottle of coffee itesmee, knit will take none foil hat •i symington, edinburgh."
coffee,1890,3,2365,1477,6.8652,True,"_fruit coffee. a west hartlepool luxury. air george hall, grocer, stockton-street, west hartlepool, has hit upon • blend of coffee which is pronounced to be of a m..."
coffee,1890,3,2365,1478,6.8656,True,secrets of long life. 'the intemperate use of tea and coffee produces i results as real as those of drunkenness. total blindness is often the result of excessive coffee drinking. this is very common i
coffee,1890,3,2365,1479,6.8657,True,"...ater-e•endered perfectly soft, carbonates of lime are depoeited magnet. water boiled much sooner. no:scale formation on interior of flavour of tea or coffee much imp, instaticrri"
coffee,1890,3,2365,1480,6.8659,True,"tea and coffee at lievrters' p titos: nes and company, are now delivering tea and coffee in this distr_t by their own vane,a iiolesale, prices, for ciis, on deliver..."
coffee,1890,3,2365,1483,6.8683,True,"impoutant hitherto i have been selling in the ceylon and mondon, alarkets.thousands of bushels of coffee of my own vowing, i have now decided to. dispose of thio coffee, direet, to the consumers, at m"
coffee,1890,3,2365,1485,6.8696,True,"medical hall, aberdare. wales. the vio!i known vitalizing effects of a cup of strong coffee eon be :secured directly by using symington's 'edinburgh coffee essence. 76 -- prkted nod publish, tt for th"
coffee,1890,3,2365,1486,6.8711,True,elpfu i nts .00ct ccerie stui ceti. co ry ilrenvie will end 04 pure coffee fiume a yralefol itereregu chronic dye 'opium use our dandelion coffee essence. from grace= thbougdout t•4l-11111111k dupture
coffee,1890,3,2365,1487,6.872,True,"coffee essence makes delicious coffee in a moment. no trouble, no waste. in small and large bottles, from all ioe grocers. guaranteed pure."
coffee,1890,3,2365,1488,6.8732,True,"an excellent breakfast drink. fruit coffee (registered). a blend of coffee which is pronounced to be of a most delicious flavour, and wholesome, stimulatingwand nourishing. wasted by patent pr..."
coffee,1890,3,2365,1489,6.8732,True,"4 extra special. late advertisements. l 1 1)..-ien solid srerl mit it) iv eli, 1 l..ll tea and coffee service, for sale. each artie'e hall.dnarked. coffee pot can be used as liot water jog, accept .21"
coffee,1890,3,2365,1491,6.8766,True,"owing to the special process, syminp,ton's edinburgh coffee essences produce no heartburn or biliousness. cheap, strong, pure. small and large bottles. from all grocers. 4"
coffee,1890,3,2365,1492,6.8777,True,"pure coffee, richest and best. plll—il no higher price. coffee essences!!.! i•sotos le be remembered. lipton's essence of coffee. made from the finest tx)ffhe in..."
coffee,1890,3,2365,1493,6.8779,True,"...t, return visit of mdlle. hirsch's grand ladies' orchestra promenade concerts apizinoon and zvenlng. keat and plain teas u. mad 11.6 d. cup ofitba or coffee —.2d. o"
coffee,1890,3,2365,1495,6.8794,True,"made to order coffl,e.traase4 imporm&nt• notice_ hitherte. 13 have been selling in the ceylon and bbsidart markets tuousands of bu34els•ci coffee ofirny ,owngteveing. i have nowvdecided to dispo.e a t"
coffee,1890,3,2365,1496,6.8803,True,"l pt 0 its in ten coffee tiitad,s.. important notiqf- hitherto l!hane been selling in the ceylon and london mark sbil thousands of bushels of ooffee of my casmgrowing. i have..."
coffee,1890,3,2365,1498,6.8837,True,"fruit coffee. a wirt hartlepool luxury. r george hall, grocer, stocjdou-street, west honiepool, has hit spoil • wood of coffee which is pronounced to be of • mod ..."
coffee,1890,3,2365,1499,6.8866,True,"...crisp. the and assortment. loose and in tins, all sizes. lipton the largest provision dealer in the world. fancy cake and biscuit manufacturer. itea, coffee and cocoa planter, ceylon. fruit g"
coffee,1890,3,2365,1501,6.8871,True,"a weird strataum. /alice, my dear,"" said mr. manson to his pretty daughter, as she was pour. out a cup of richly-creamed coffee for hi, breakfast, ""we are thinking of taking young redfern into partner"
coffee,1890,3,2365,1502,6.8886,True,"a awattee coffee mething new in the coffee pot. an absolutely pure coffee.trpitlta why has english coffee become ,so undrinkable in recent years? for the simple reaso..."
coffee,1890,3,2365,1503,6.8945,True,african coffee. of late years the production of coffee in british central africa has considerably increased. in 1891 the first few eaeks were sent to the london mar...
coffee,1890,3,2365,1504,6.8954,True,gmlel in? rattan. by messrs. branch cl- leete. lipton in the coffee tr ade. important notice. hitherto i have bren selling in the ceylon and london markets thousands of bushels of coffee of my own gro
coffee,1890,3,2365,1505,6.896,True,"beer and stout from the wood. tea and coffee always ready. g. l. seed, peoprietob.. signal egg-saucepan, (planner's patent) cooks eggs to per- fection. price is. each staffordshire warehouse, 86..."
coffee,1890,3,2365,1506,6.8992,True,"fruit coffee. a west hartlepool luxury. ivr ceorge hall, grocer, stockton street, west liartleneol, has hit upon a blend of coffee which is pronounced to be of a ..."
coffee,1890,3,2365,1509,6.9074,True,"wholesa tea blending and duty coffee roasting, blending stores, and essence manufactory old le paid btores—bath street and clayton stroet, london, e.c. br,reot, london, b.c. i wholesale ..."
coffee,1890,3,2365,1511,6.908,True,".cuents. [roe aenoun an facellent lreaufast prim 11.0 it coffee (regiitered). a ht,,rnfof coffee v.1.41,:11 is prouotiiice4 to be of• inc* delicious flavour._ and erholesoinet stiundsting. awl nourish"
coffee,1890,3,2365,1512,6.9081,True,"fruit coffee. a west hartlepool luxury. mr george hall, grocer, stockton street, west hartlepcol, has hit upon a blend of coffee which is pronounced to be of a mo..."
coffee,1890,3,2365,1513,6.9098,True,"coffee flavouring. a flavouring of coffee is one of the most delicious of the new flavourings. it may be used in custards, ice- creams, the icing of cake, a..."
coffee,1890,3,2365,1514,6.9114,True,"fruit coffee. a west hartlepool luxury. mr george hall, grocer, stockton street, west hartley. 01, has hit upon a blend of coffee which is pronounced to be of a m..."
coffee,1890,3,2365,1515,6.9117,True,"fruit coffee. a west hartlepool luxury. mr george ball, grocer, stockton street, west ilartlepi 01, has hit upon a blend of coffee which is pronounced to he of a ..."
coffee,1890,3,2365,1517,6.9148,True,"lipton, tea and coffee planter, ceylon. tete laroebt tea coffee, and provision deal ler n the world. tea and coffee shipping warehouses: maddeasa mills, cinnamon gardens, c..."
coffee,1890,3,2365,1521,6.9188,True,cocoa breakfast- supper wanteui delicious! wholesome! refreshing! age/17si loorating atable nomical eco] tar. hav :ried it yet? aitro try mason's coffee essence and mason's wine essence. sold by all c
coffee,1890,3,2365,1523,6.9203,True,"fine flavour. diazawattee coffee which is the highest grade of coffee obtainable, acknowledge its superiority, and as it is now rapidly making its way into every part of the country,..."
coffee,1890,3,2365,1524,6.9209,True,"fruit coffee. a west hartlepool luxury. ltr r george hall, grocer, ▪ stockton-street, west hartlepool, has hit upon • blend of coffee which is pronounced to be of..."
coffee,1890,3,2365,1525,6.9232,True,"delicious blends of finest coffee and chicory 10d., is., and is. 2d. per lb. pure coffee, richest and best, per s. 6d. lb. no new moe. coffee essences lipton's essence of coffee is ma..."
coffee,1890,3,2365,1528,6.9266,True,london coffee cargoes. a report has been made by the trieste exchange committee to the chamber of commerce upon the result of its inquiry into the cause of the def...
coffee,1890,3,2365,1531,6.9294,True,"electro-plated tea and coffee ser- vices, be quality, quite new"
coffee,1890,3,2365,1532,6.9321,True,"fruit coffee. -- a west hartlepool luxury. mr george hall, grocer, stockton street, west harden( 01, has hit upon a blend of coffee which is pronounced to be of a..."
coffee,1890,3,2365,1533,6.9332,True,"fruit coffee. a west hartlepool luxury. mr george hall, grocer, stockton street, west hartlepool, has hit upon a blend of coffee which is pronounced to be of a mo..."
coffee,1890,3,2365,1534,6.9341,True,"_ th? report -- tea & coffee servi egg frames, emree dishes, fish carvers, dish covers, candlebra, cups & tankards, fish forxs, spoons & knives electro-plated silver, & gilt."
coffee,1890,3,2365,1536,6.9347,True,"coffee essence. delicious coffee at one farthing per cup, prepared in two seconds. arsoli7tely pure. no coffee grounds quality totally eclipses that of all ..."
coffee,1890,3,2365,1537,6.9368,True,"...tea&.• direct fecol.the. tea garden,- to the mlikpot;', no middlemen's prof-ets: to 'pay.. ming sole piroprieton-of several of thmost famoua-tea and, coffee estates in. coylon, including the "
coffee,1890,3,2365,1538,6.9371,True,"kssenc es can be used i p+eszure awl cow!' tre by lb, who can. cot driuk the evi mar) coffee tuase st he cannot use ouo coffee and chi copy roma will and ot4 pure coffee faer•-• • r,” rept.cs l 1,11.0"
coffee,1890,3,2365,1539,6.9371,True,"...'s antibilious pills. of pure vegetable ingredients. for bile, liver, acidity, indigestion, &c. symingto n s those who cannot take ordinary edinburgh coffee can drink symington's coffee essence "
coffee,1890,3,2365,1541,6.9393,True,"hartlepool. the local committee provided a breakfast of coffee and buns for over 700 children at the temperance hall this morning, and 200 little ones were enter- tained to a like repast at the throst"
coffee,1890,3,2365,1542,6.9393,True,"to-day's markets. liverpool produce. sugar: cane firm, steady. rice: fair inquiry and steady. coffee remains firm. cocoa qu'et. sage flour, 6s 3d lowest. logwood and tustic fair demand at late rates. "
coffee,1890,3,2365,1543,6.9429,True,"...e modern damascus. its bazaars and streets. cross-legged, upon is red velvet eouoh, the citizen of damascus smoke his cigarette or nargilsh, sips his coffee or arakit--a strong drink filtioured with"
coffee,1890,3,2365,1544,6.9447,True,"the smoothnseo, ddioacy and unifor- • mity of flavour have made symington's edinbargh coffee essence • table • favourite with these who cannot take the ordinary coffee. 6 .."
coffee,1890,3,2365,1547,6.9482,True,the oriental cafe. t • he place to obtain a cup of the finest coffee in the world is the i oriental cafe public taste has become so much vitiated by the vile mixtures sold as coffee that comparatively
coffee,1890,3,2365,1548,6.9506,True,"an indisputable fact. it is well known that most coffee dealers and grocers charge large profits on very inferior coffees. to do away with these extortions, coffee of superior, quality, direct front t"
coffee,1890,3,2365,1549,6.9517,True,"fruit coffee. a west hartlepool luxury. mr georgie hall, grocer, stockton street, west hartlepeol, has hit upon a blend of coffee which is pronounced to be of a m..."
coffee,1890,3,2365,1551,6.9587,True,tea and coffee themselves. the generality of people me obeap tees 'lthey could not do anything wove. such tea is not economical—it shatters the nerves and irrdates ...
coffee,1890,3,2365,1557,6.9661,True,"terrific slaughter of bic profits. by purchasing lipton's coffee you save about half- a-dozen dliderent middlemen's profits, and get your coffee direct from the vlanter. lipton's delicious oriental bl"
coffee,1890,3,2365,1560,6.9686,True,"you navy ofinn board up s ymington's ""edinburgh coffee essences, pvt do you use then? any grocer can supply you!"
coffee,1890,3,2365,1561,6.9705,True,"61s-/n5"" 8 z nothing steadies the nerves and clears the brain lik a strong cup of symington's edinburgh coffee essence. in bottles from all grocers."
coffee,1890,3,2365,1562,6.9711,True,medicinal uses of coffee. it is said that the first use of coffee by man was made by the prior of a convent. lie wai told by a goatherd of the exciting effect of the berries ...
coffee,1890,3,2365,1563,6.9712,True,"scientific noteiv nothwithstanding the reduction of the duly on coffee, and the fact that the best coffee is sold in great britain cheaper than anywhere in europe, it is steadily falling, ..ys the bri"
coffee,1890,3,2365,1565,6.9736,True,-a pleasure i stephenson's furniture cream. the enlish orraneth.. what is coffee essence? it is a liquid extract of the useful constituents of fine :i coffee. a teaspoonful added to boiling water give
coffee,1890,3,2365,1566,6.9742,True,"lipton's essence of coffee and chicory. guaranteed finest ever made. most delicious, and fragrant. only 4d and 7.11) mtn i2,i)trie. it is handy at all times, can be male in a f..."
coffee,1890,3,2365,1568,6.9746,True,"fri?. delicious! pa eco) wholesome! 'ala (gorating table! jnomical glar have you tried it yet? alsl,4m4sows coffee essence and mason's wine essence. 5.,1.1 by ail chemists, dm., or sample bottle of ei"
coffee,1890,3,2365,1569,6.9753,True,"symington's edinburgh coffee essencea are noted for their rich and delicious flavour. sold in small and large bottles by grocers in every town. ''.l,-ww.vwvemorzit.lett.,w-."
coffee,1890,3,2365,1570,6.9754,True,"... young • • .1 • • housewife 1: a who wishes to saue herself el hurry. worry, flurry, time, a trouble, and money, should •i use eyrnington's edinburgh coffee essen"
coffee,1890,3,2365,1571,6.9759,True,"essences can he used with ple:eur: nn,i comfort those ssho cam not drink tht ord'nsry coffee whilst those who cannct use our cofffe and chi- cory eseenee wil co-:a our ture coffee essence a grateful r"
coffee,1890,3,2365,1572,6.9763,True,"c.oooo,oocv 330000.00000000 c o 0 • 0 • 0 o 0 o 0 • • 0 • * a) 0000004c•0000000000000nr owing to the special process, symington's edinburgh coffee essences produce no heartburn or biliousness. cheap, "
coffee,1890,3,2365,1573,6.9771,True,"...emark. what if i were one of those husbands, my dear, who get up cross in the morning, and bang things about, and kick like anything just because the coffee is cold 4! i would make it"
coffee,1890,3,2365,1575,6.9803,True,"fl some of coffee, the finest ever made. delicious and refreshing, only sd. 8c 9d. per bottle. essence of coffee and chicory, only 4d. a 712-d. per bottle. sold everyw..."
coffee,1890,3,2365,1576,6.9837,True,"the day after the wedding. nvife ""muffins all right, my darling t"" husband perfection, my pet."" wife how ""—(hesitates and trembles)—"" bow is the coffee ?"" husband ""excellent."" wife (greatly agitated) "
coffee,1890,3,2365,1578,6.9863,True,april fine of 20s. and costs was inflicted—henry moon was next charged with selling coffee adulterated with chicory when asked for coffee only.—the evidence of police-constable heavyside and mr. supt.
coffee,1890,3,2365,1580,6.9895,True,"...messrs. wilson and son have be following letter from dr t. h. walla extraordinary mem. royal med. soc., ""plc ""dear sirs,--some years ago i analysed a coffee. i"
coffee,1890,3,2365,1581,6.9897,True,"...ee beniee—are tbe solid sad superb article of 4 or sedibliint, ""is a !! imo3x!sp true ama in which_ peopert'el;d: i piese ""valuable m freshly-roasted coffee ""and permanently"
coffee,1890,3,2365,1583,6.9923,True,"india tea shippl'ig wareholtees and export stores—harewtreet, sirand, calcutta indian offlces—dalhousie-square. cal- cutta coffee roasting, blending stores, a n d essence manufactory-4m. tret, london,"
coffee,1890,3,2365,1586,6.9971,True,"essencw coffee lipton's essence of coffee is roads from the finest coffee in the world. meet from the plantations. roasted, ground, and prepared in hls own works."
coffee,1890,3,2365,1587,7.0011,True,"'ou tried it yet? al;otry mason's coffee essence and mason's wine s_ssence. sold by all chemists, &e.. or sample bottle of either sent poet free for stamps. ;ears iteo newball & mason, notti..."
coffee,1890,3,2365,1588,7.0053,True,rtgeeeeetoo49oo6oo6.o.o2e the finest coffee essence that money can buy is symhigton's edin- burgh cefiee essence. makes a cup liat) in a mement. from o.rocers through- mild. iibt\itizeaviicazia...
coffee,1890,3,2365,1589,7.0063,True,"beer and stout from the wood. tea sad coffee always wady. g. l. seed, pr-orairroa. notice of removal. r. a. wthiteside begs to inform tut patrons and friends tbat he has beloved !min the grapes ..."
coffee,1890,3,2365,1592,7.0079,True,"fnuir coffee. a west hartlepool luxury. m george hall, grocer, stockton street, west hurtlep 01, has kt upon a blend of wu, which is pronounced to be of a most de..."
coffee,1890,3,2365,1597,7.0175,True,"grocers and provision merchants. fruit coffee. a west hartlepool luxury. r george hall, grocer, all stockton-street, west hartlepool, has hit upon a blend of coffee which is pronounced to beet a ..."
coffee,1890,3,2365,1598,7.0183,True,"terrific slaughter. op big profits. by purchasing lipton's coffee you save about half- a-do-:rn different middlemen's profits, ouch get your coffee direet from the planter. l 1 delicious ""oriental' bl"
coffee,1890,3,2365,1599,7.0198,True,pp p 3 003 00 003 000 000 0000 pp nothing steadies the nerves and clears the brain lika. a strong cup of symingtost's edinburgh coffee essence. in bottles from all grocers.
coffee,1890,3,2365,1600,7.0224,True,"tee law and the liver. (two mtgistrates have decided that selling coffee ""con- taining 81 per cent, of chicory •' is not punishable under the adulteration act ever since drinking my morninig cup of wh"
coffee,1890,3,2365,1602,7.0261,True,"french coffees. per lb. 1 french coffee fie prepared in paris with chicory at le. od. ls. 2d, .. .. .. -, .. ~ ~ .. .. .• is. 4d. le. 6d. in ilb', pd., it.nd ltb: ..."
coffee,1890,3,2365,1603,7.0273,True,the want of the day. a pure fine coffee is supplied in the mazawattee coffee which is admitted by connoisseurs to be all. that can be desired. 14 blend of coffee and chicory (for those who ...
coffee,1890,3,2365,1604,7.0285,True,"coffee and how to make it. chemically speaking, coffee consists of a volatile aromatic oil, to which its flavour is owing; the stimulant alkaloid, caffeine;..."
coffee,1890,3,2365,1605,7.0291,True,"...jackson, 21, arcade, colne, ras always on hand a choioe selection of confectionery & biscuits. beef and kidney i'ies every friday & saturday. tea and coffee at any time. dinners made to order. rc36"
coffee,1890,3,2365,1609,7.0347,True,"coffee flavouring. a flavouring of coffee is one of the most delicious of the new flavourings. it may be used in custards, ice- creams, the icing of cake, a..."
coffee,1890,3,2365,1610,7.0388,True,"tea and coffee at lievrters' p titos: nes and company, are now delivering tea and coffee in this distr_t by their own vane,a iiolesale, prices, for ciis, on deliver..."
coffee,1890,3,2365,1611,7.0388,True,london produce. sugar canets-eittcluil ;11;in; refined goods quiet; tate's cubes quoted 3 easier; foreign refined quiet; beet quiet. coffee spot steady; futures firm. tea: indian sales met a fair dema
coffee,1890,3,2365,1614,7.0436,True,"09-.1000000.00000009c0.00.c0c have you tried symington's s e edinburgh dandelion coffee essence? c it is much used by persons of weak or feeble digestion. from all grocers. s 73 le"" *.e0.6000000:'"
coffee,1890,3,2365,1615,7.0439,True,lipton's essence of coffee and chicory. guaranteed finest ever mule. moat delicious and fragrrul only 4d and thd per borna. 111 bendy at all timu. and can be made in a few seco...
coffee,1890,3,2365,1618,7.0479,True,"wholesale tea blending and duty paid stores—bath street and cayton street, london, e.c. bonded and export stores—peerless street, london, e.c. coffee roasting, blending stores, and essence manufactort"
coffee,1890,3,2365,1619,7.0493,True,"tried it yet? alqo 'ry mason's coffee essence and mason's wine_ essence. :-, id by all chemists, &c.. or ""sample bottle or either sent post rree ror piece stamps ag en ts ii -- latetts wa..."
coffee,1890,3,2365,1620,7.0504,True,"reacoaaraosoockno333seast g a fragrant, grateful, and 6 • • q comforting cup made in a ;' moment by using symington • edinburgh coffee essence. in t • bottles from all grocers. 6 70 tj occoccoccocogcc"
coffee,1890,3,2365,1621,7.0518,True,"fine flavour. diazawattee coffee which is the highest grade of coffee obtainable, acknowledge its superiority, and as it is now rapidly making its way into every part of the country,..."
coffee,1890,3,2365,1622,7.0526,True,"art of pouring out tea. there is more to be learned about pouring tea and coffee thin most people are willing to bqpieve. it tiaoae i ie.c3ell no •re used. •!.- 11 !xe, which is far the 1:1,t way, the"
coffee,1890,3,2365,1623,7.053,True,"...ackson, 21, arcade, colne, has always on hand a choice selection of conf ec tionery & biscuits. beef and kidney pies every friday & saturday. tea and coffee at any time. di"
coffee,1890,3,2365,1624,7.054,True,mazawattee coffee which is admitted by connoisseurs to be
coffee,1890,3,2365,1625,7.0542,True,"all that can blend. of coffee and chicory (for those id."" infer dismal! propartiots of chicory with cego)."
coffee,1890,3,2365,1628,7.0611,True,"the day after the wedding. nvife ""muffins all right, my darling t"" husband perfection, my pet."" wife how ""—(hesitates and trembles)—"" bow is the coffee ?"" husband ""excellent."" wife (greatly agitated) "
coffee,1890,3,2365,1629,7.0634,True,"fruit coffee. a west hartlepool luxury. air george hall, grocer, stockton-street, west hartlepool, has mt upon • blend of coffee which is pronounced to be of a mo..."
coffee,1890,3,2365,1630,7.0635,True,"her mtossli the queen. fancy and mixed. the largest provision dealer in the world. fancy cake and biscuit tea, coffee and cocoa planter, ceylon. great variety and assortment. loose and in tins, all si"
coffee,1890,3,2365,1631,7.0639,True,"raiescar- ransley year, baue—ono 2.4 _ ,daaanter of n. josh bell, aged loan—on the eth hist., at park joe. lord, nod is mts. edinburgh coffee essencr• sold in large and small bottles by grocers throug"
coffee,1890,3,2365,1632,7.0639,True,"00000 c gooocc) c_ _ nave you tried symincton's edinburgh dandelion coffee essence? it is much used by persons of weak or c feeble digestion. from all crooers. 73 ccccctccccccc: ccocc o,lcr"
coffee,1890,3,2365,1634,7.0674,True,"mazawattee coffee which is admitted by connoisseurs to be all, that can be desired. blend of coffee and chicory 1/4 (for those who prefer a small troprtion of chicory ..."
coffee,1890,3,2365,1635,7.0684,True,"mazawattee coffee like mazawattee tea, is sure to become a household word throughout the land."
coffee,1890,3,2365,1636,7.0692,True,"amusements. now open a / lipton s great tea, coffee, and provision market, at 59, lynn street, west hartlepool, these premises, which have been specially reconstructed and magnificently fitted up as a"
coffee,1890,3,2365,1638,7.0699,True,"v .1. ..',., i :, •. • coffee real coffee this time, true aroma and fine flavour. fragrant refreshing and and digestive. exhilarating. something new in the coffee pot. an absolute..."
coffee,1890,3,2365,1639,7.0746,True,"high-olass chocolatic & confectionery at about half the prim ohara= by the trade. lipton, tpa. coffee and cocoa planter, ceylon. tea illzacnuarr it ekrzotu. artourrxrne to liza /warty till ql:flung. r"
coffee,1890,3,2365,1640,7.0768,True,"hints for the home. good coitcn. there is • simple method of preparing coffee, which, if properly carried out, does not fail tc ensure • delicious cup of this beverage. don't run the risk of spoiling "
coffee,1890,3,2365,1642,7.0801,True,"til.lc for sui-.).•j- c7l • true aroma, 'ine flavour, fragrant. digestive, refreshing, exhilarating. mal coffee tins time, saii! why has english coffee become so undrinkable in recent years? for the s"
coffee,1890,3,2365,1646,7.0943,True,"coffee essence makes delioious coffee in a moment. no trouble, no waste. in small and large bottles, from all loct grocers. guaranteed pure,"
coffee,1890,3,2365,1648,7.0966,True,the want of the day. a pure fine coffee is supplied in the mazawattee coffee which is admitted by connoisseurs to be all. that can be desired. 14 blend of coffee and chicory (for those who ...
coffee,1890,3,2365,1649,7.0968,True,"lipton in the cotere trada. important notice. hitherto ',hare- been selling in the ceylon and lomb(' markets thousands of bu.shels of coffee of my own gro7sing i have now decided to dispose of this co"
coffee,1890,3,2365,1650,7.1016,True,french coffees. per lb. i french coffee as prepared in paris with chicory at is. od. ~ ~ „ 2 „ is. 2d. ~ „ is. 41. is. 6.1. 1113'.: ilb.. and 111;: tins: p(1 uize ...
coffee,1890,3,2365,1651,7.1024,True,"a rab i pasha,. ex-minister of war from egypt,. writing from ceylon, says.ahout litton's coffee having visited a number. of your estates, and having bad daily opportunities of tasting the coffee grown"
coffee,1890,3,2365,1652,7.1025,True,terrific slaughter of big profits. by purehzaing lipton's coffee you save about half-a-dozen different middlemen's profits. and get your coffee direct from the planter. lipton's • delicious oriental b
coffee,1890,3,2365,1654,7.1031,True,"chapter xv. bolted. it was cunliffe's habit to appear at the club about ten o'clock every morning, having taken his breakfast of coffee and eggs in his rooms. like confirmed club men, his movements gr"
coffee,1890,3,2365,1655,7.1101,True,"lipton- in the coffeetrad,e.. important notice. hitherto l have been selling in therceylon and london markets thousands of bushels of coffee of my own growing. i have now ..."
coffee,1890,3,2365,1656,7.1106,True,be desired. him-class pure coffee the coffee of coffee for connoisseurs 1/4 per 1/8 per 2/- per
coffee,1890,3,2365,1658,7.1133,True,"pure coffee of the finest flavour roasted and ground by our patent machinery. sd. and 6d. per quarter pound tin. 'white star"" coffee and chicory. a delicious bre..."
coffee,1890,3,2365,1659,7.1153,True,"...g by opium. if the child is poisoned by laudanum you must at first provoke vomiting by tickling the throat with a feather, then make it swallow black coffee every ten minutes until the torpor "
coffee,1890,3,2365,1660,7.1166,True,"coffee espence makes delicious coffee in a mo,nent. no trouble, no waste. in small and [art( bottlf‘s, from all grocers. guaranteed fu7l."
coffee,1890,3,2365,1661,7.1174,True,"...res. the saturday night popular concerts. interference by the police. why a license is required. the series of saturday night concerts in the station coffee palace, if minds hill, w"
coffee,1890,3,2365,1662,7.1176,True,"...egypt, writing from ceylon, says about lipton's c'oppee 1— having visited a number of your estates, and having had daily opportunities of tasting the coffee grown "
coffee,1890,3,2365,1665,7.1232,True,"fruit coffee. a west hartlepool luxury. 3 ,4-r ht.orce hall, grocer, stockton street, west hartlepcol, has mt upon a blend of coffee which is pronounced to be of ..."
coffee,1890,3,2365,1666,7.124,True,"home helps. to make use of empty cocoa and coffee tins. take any empty coffee tins and cover the out- side with glue. put some rice, tapioca, cork- -11;4, or anything suitable in a newspaper, and dis..."
coffee,1890,3,2365,1668,7.1257,True,"til.lc for sui-.).•j- c7l • true aroma, 'ine flavour, fragrant. digestive, refreshing, exhilarating. mal coffee tins time, saii! why has english coffee become so undrinkable in recent years? for the s"
coffee,1890,3,2365,1669,7.1273,True,"coffee fruit (regis'terfd). • a blend of coffee which is pronounced to be of a most delicious flavour, and wholesome, stimuleting, and nourishing. roasted b..."
coffee,1890,3,2365,1672,7.1336,True,"pure coffee of tiie finest flavour roasted and ground by our patent machinery. sd. and 6d. per quarter pound tin. ""white star"" coffee ani) chicory. a delicious b..."
coffee,1890,3,2365,1673,7.1386,True,"...jackson, 21, arcade, colne, haft always on hand a choice selection of confectionery & biscuits. beef and kidney pies every friday & saturday. ran and coffee at any time. din"
coffee,1890,3,2365,1676,7.1416,True,"ili tried it yet? also try mason's coffee essence and mason's wine, essence. sold by all chemists, &e., or sample bottle of either sent post free for nine stamps. agew vetts newball & mason, ..."
coffee,1890,3,2365,1677,7.1443,True,"dandelion coffee g e 0 des the beet and cheapest ever offered to the public. sold by all farmers and druggists, in canister 64., 104., and is. bd. each. wholesce by j..."
coffee,1890,3,2365,1682,7.1502,True,"...t the co-operative society. john anderson, manager of the carlisle co-operative society, limited, was charged with selling to c. w. hill a mixture of coffee and chicory which was not of t"
coffee,1890,3,2365,1684,7.1537,True,"largest sale hi the world. coffee! coffee! lipton's delicious blends of finest coffee and chicory 108., is., and is. 2d. per lb. pure coffee, richest and best, per 18. 6d. lb. so webe..."
coffee,1890,3,2365,1685,7.1539,True,"the first drink of coffee. in the bibliotheque nationale there is a manuscript (near the end of the sixteenth century), written by an arab, abdelcader, who declares that coffe..."
coffee,1890,3,2365,1687,7.1553,True,the oriental cafe. t • he place to obtain a cup of the finest coffee in the world is the i oriental cafe public taste has become so much vitiated by the vile mixtures sold as coffee that comparatively
coffee,1890,3,2365,1691,7.1583,True,"a meek man. a demure looking little man approached the haughty clerk in a grocer's shop, and meekly asked if he had any coffee to sell. ""we have ground coffee,"" said the young man. ""no other kind?"" ""n"
coffee,1890,3,2365,1693,7.1602,True,the oriental cafe. t • he place to obtain a cup of the finest coffee in the world is the i oriental cafe public taste has become so much vitiated by the vile mixtures sold as coffee that comparatively
coffee,1890,3,2365,1694,7.1635,True,"earby. wesleyan band of hopil—the first annual treat in connection with this society was held on saturday in the weeleyan school. bun and coffee was partaken of, after which the evening was spent in a"
coffee,1890,3,2365,1696,7.1671,True,"lipton's delicious oriental blends finest coffee and chicory, i.od, il and di 20 per lb. pure coffee!! richest and best. jo 6d per lb. no 111011111 pri z. lipton, tea and cof'f'ee planter, ceylon. t..."
coffee,1890,3,2365,1698,7.1697,True,"g eddes's dandelion coffee the best and cheapest ever offered to the public. sold by all grocers and druggists, in canister 5d., 10d., and is. bd. each. wholesale by j. geodes ..."
coffee,1890,3,2365,1699,7.1737,True,nion has not been done. no fair trial has ever been given to the idea of a coffee and smok- ing divan which should be a perfect repro- duction of the public rooms of an ordinary inn. there are institu
coffee,1890,3,2365,1702,7.1765,True,coffee essence. delicious coffee at one farthing per cup. prepared in two seconds. £bbolijtely pure. no coffee ground s quality totally eclipses that of all...
coffee,1890,3,2365,1703,7.1777,True,"a rab i pasha,. ex-minister of war from egypt,. writing from ceylon, says.ahout litton's coffee having visited a number. of your estates, and having bad daily opportunities of tasting the coffee grown"
coffee,1890,3,2365,1704,7.1798,True,"...r. t' cleveland tea and dining rooms, 00/016r int &nd dinnern, out from the joint, with vegetables. polatoell and soup, from 64. to m. each. rigs and coffee always ready from f"
coffee,1890,3,2365,1706,7.1891,True,symington's edinburgh coffee essence eel.vous coffee in • miffellet no trouble. -0 n•ste. in mall and inv b.us freal eu nnnnn sae purl
coffee,1890,3,2365,1708,7.1925,True,coffee essence. '•lode 'c'dßid it •vrie paithilkif plrcup:r prepared in two seconds. absolutely pure. no coffee ground.. quality totally eclipses that of al...
coffee,1890,3,2365,1710,7.1934,True,"coffee fruit (registered) • blood of coffee which is pronounced to be of a moat delicious flavour, and wholecor.e, stimulating, and nourishing. aossted by p..."
coffee,1890,3,2365,1711,7.1935,True,the want of the day. a pure fine coffee is supplied in the mazawattee coffee which is admitted by connoisseurs to be all. that can be desired. 14 blend of coffee and chicory (for those who ...
coffee,1890,3,2365,1713,7.1957,True,"prices: teas, is, is 3d, is 6d, is 9d, 2s, 2s 6d. coffee mixtures, is, is 4d, is bd. coffee (pure), is 6d, 13 9d, 2. bacon, 4d to 6d per lb. hams, 6d per lb. birks bros., tea, coffee, & provision merc"
coffee,1890,3,2365,1714,7.1962,True,"more about mashonaland. coffee-tea was brought under the notice of the royal botanic society of london at a meeting on saturday. the samples of coffee-tea, or prepared coffee leave..."
coffee,1890,3,2365,1716,7.2018,True,"coffee the bacilliade. moral philosophers and medical men have both, from time to time, spoken disrespect- fully of coffee. the latter have shown up its evi..."
coffee,1890,3,2365,1717,7.2029,True,refreshaients of the best possible kind. meat and plain teas cap of tea or coffee _ 2.c1. _ __
coffee,1890,3,2365,1718,7.2037,True,"tile biggest show in england for sixpence. refreshments of every description and of the best possible kind. meat and plain teas cup of tea or coffee 2d. a new tea room has bona added. chas. iddeson, s"
coffee,1890,3,2365,1723,7.2083,True,"special blends of choice coffee are rousted dsily, and ground as required, and for quality and price cannot be equalled- 1/6, 1/8, 1/10 per ux standing orders to be delivered daily,..."
coffee,1890,3,2365,1724,7.2084,True,"how to 31 ak e coffee. a short time ago there was a discussioa in some of the papers on how to make tea."" there is quite as much need of light and leading in the matter ot..."
coffee,1890,3,2365,1728,7.218,True,"the first teacups. even after tea was introduced into europe, and had come into general uee, teacups were scarce. at the same time coffee was introduced, but, apart from constantinople, the first cups"
coffee,1890,3,2365,1730,7.2218,True,to-day's markets. london produce sugar: cane inactive; refined goods in moderate deman at yesterday's rates; foreign refined slow. beet dull. coffee spot quiet but steady; futures firin. tea: private 
coffee,1890,3,2365,1731,7.2267,True,"...mondat.—beet refined. goode quiet; unchanged. beet flat, october sellers. bs 114 d buyers, 8s 94 december sellers, 9s 041 buyers, 9s may sold 9s 744. coffee spot unaltered futures dul"
coffee,1890,3,2365,1732,7.2267,True,"edinburgh coffee essences are the t..eading brand of the world and are noted for their delicate flavour, delicious aroma, and delightful strength. their other virtues..."
coffee,1890,3,2365,1736,7.229,True,"...on _ _ 21, arcade, colni. hee always ea band a ohoiee e-irdate of confectionery & biscuits. beef and kido, y pies evtoy fri lay & illatarday. tea and coffee a& any time. dinnene made ao ardor."
coffee,1890,3,2365,1738,7.2305,True,a plincees of the inca tribes. meat and plain teas is. and l. 6d. cup of tea or coffee 2.3.
coffee,1890,3,2365,1739,7.2311,True,"miscellaneous. cioffee and its effects—as an /aide of diet fruit coffee (registered) is wholesome, stimulating and nourishing. dr. paris remarks that coffee, if taken after a meal, is not found to cau"
coffee,1890,3,2365,1742,7.2357,True,tea at 1/7 per lb. coffee and no higher price.
coffee,1890,3,2365,1743,7.2368,True,"...riental cafe. what supplies a great want, / the oriental cafe. what is a thing of beauty, the oriental caf. the place to obtain a cup of the 1 finest coffee in the world is the i oriental cafe; p"
coffee,1890,3,2365,1746,7.2379,True,"hints for the home. a 000 d cop op coffer. there is • simple method of preparing coffee, which, if properly carried mit, does not fail to ensure a delicious cup of this beverage. don't nu, the risk of"
coffee,1890,3,2365,1748,7.24,True,"arcade restaurant. breakfasts, luncheons, dinners, teas. tea. coffee and chocolate always ready."
coffee,1890,3,2365,1749,7.2401,True,"french coffees. per lb. f french coffee as prepared in paris with chicory at 2 18. od. ls. 2d. .. .. 3 „ „ is. 4d. 4 tt it le. 6d. _ 1. f t in lib:: fib., it'nd 11..."
coffee,1890,3,2365,1750,7.2412,True,"mazawattee coffee which is the highest grade of coffee obtainable, acknowledge its superiority, and as it is now rapidly making its way into every part of the country,..."
coffee,1890,3,2365,1751,7.2422,True,"fruit coffee. a west hartlepool luxury. mr george hall grocer, steektonetzwet, west harzlepool, has hit upon • blend of coffee which is pronounced to be of a meet..."
coffee,1890,3,2365,1753,7.2426,True,"-11118'8 dandelion coffee 8014 ind cheapest ever offered to the public. ""7 grocera and druggists. hk caniater 64., iod., le. bd. each.l 7 a. grimes and son. warrington astulis..."
coffee,1890,3,2365,1754,7.2432,True,"u eddes's dandelion coffee the best and cheapest ever offered to the public. sold by all grocers and druggists, ia canister 6d., 10d., and is. bd. each. wholesale by j. geddes ..."
coffee,1890,3,2365,1756,7.2492,True,"...egypt, writing from ceylon, says about lipton's c'oppee 1— having visited a number of your estates, and having had daily opportunities of tasting the coffee grown "
coffee,1890,3,2365,1757,7.2503,True,"the biggest show in england for slxpence. refm.sibients of every description and of the best possible kind. meat and plain teas cop of tea or coffee 2d. a new tea room has been added. chas. iddeson, s"
coffee,1890,3,2365,1758,7.2516,True,april fine of 20s. and costs was inflicted—henry moon was next charged with selling coffee adulterated with chicory when asked for coffee only.—the evidence of police-constable heavyside and mr. supt.
coffee,1890,3,2365,1759,7.2518,True,"lipton in trtp, coffee trade. important notice. • hitherto i have been selling in the ceylon and london markets thousands of bushels of coffee of my own growing. i have now..."
coffee,1890,3,2365,1761,7.2546,True,".vi azawattee coffee :offee this time, sah true aroma and fragrant and digestive. refreshing and exhilarating. something new in the coffee pot. an absolutely pure coffee...."
coffee,1890,3,2365,1764,7.2613,True,"essentials of good coffee. to have the perfection of coffee these things are exsential the best quality of coffee and plenty of it. toiling water, just fifteen minutes to cook..."
coffee,1890,3,2365,1767,7.2648,True,what is coffee essence? it is a liquid extract of the useful constituents of fine coffee. a teaspoonful added to boiling water gives a cup of delicious coffee in an...
coffee,1890,3,2365,1768,7.2648,True,what is coffee essence? it is a liquid extract of the useful constituents of fine coffee. a teaspoonful added to boiling water gives a cup of delicious coffee in an...
coffee,1890,3,2365,1769,7.2666,True,"it ing the great frost--tea and tobacco help i to swell the revenue to its normal bulk. cocoa, too, seems to be growing in popularity. but coffee is still on the down line, which is much to be deplore"
coffee,1890,3,2365,1771,7.2735,True,lancaster. pt.op le niv 11 0 cannot tun ordinary coffie .:4113 drink symington's edinburgh coffee essences
coffee,1890,3,2365,1773,7.2754,True,unroasted coffee in liver disease. it is now more than 30 years since dr. landarrabileo called attention in the medical journals to the great value of green or unroas...
coffee,1890,3,2365,1775,7.2781,True,"cottee essences i facts to be remembered. eiptows essencia of coffee, made from the finest coff% in the woad. direct from the plantations. ltmsted, ground, and prepared in his own workr. guaranteed pu"
coffee,1890,3,2365,1776,7.2791,True,medicinal uses of coffee. it is said that the first use of coffee by man was made by the prior of a convent. lie wai told by a goatherd of the exciting effect of the berries ...
coffee,1890,3,2365,1777,7.2791,True,"suatiovoir- 'elpful fr.: c*, nt rig4f.noft hs.n be toed with plemure valor ..iakt thane who uhl our coffee end chi- cory kleansce tr;tl fin ci our pore coffee frpcikip a grftlettil iterell2p chron.c d"
coffee,1890,3,2365,1778,7.282,True,"icititer _buyyer havng visited your tea and coffee llstatea, i have had daily oportunitles of tasting the coffee grown on these mag- nifleentproperties, end i have no hesitation in saying that the cof"
coffee,1890,3,2365,1779,7.2833,True,"symington 8 edinburgh coffee essences. gijab&ntbed to amide the whole ot the soluble conetituente et tee bed coffee, including all the codeine and the atom& influenza i was 4ory ..."
coffee,1890,3,2365,1781,7.2868,True,"a grocer heavily fined. at liverpool, on wednesday, t. stewart, grocer, 13, windsor-street, was summoned for selling as coffee a mixture of half coffee and half chicory. the police witness, who made t"
coffee,1890,3,2365,1782,7.287,True,"suatiovoir- 'elpful fr.: c*, nt rig4f.noft hs.n be toed with plemure valor ..iakt thane who uhl our coffee end chi- cory kleansce tr;tl fin ci our pore coffee frpcikip a grftlettil iterell2p chron.c d"
coffee,1890,3,2365,1783,7.2919,True,"• tea, coffee, and cocoa planter, ceylon. jipton_ the largest tea, 9 coffee, & provision dealer in the world. ceylon tea and coffee shipping i india tea shipping w..."
coffee,1890,3,2365,1784,7.2928,True,... no. 1306. perris' clarence smoking mixture. 3s now a standard article vvici-1 warrington 4310keits. try it. 19a. sinkey street. ge d des's dandelion coffee the best 
coffee,1890,3,2365,1785,7.2932,True,the want of the day. a pure fine coffee is supplied in the mazawattee coffee which is admitted by connoisseurs to be all. that can be desired. 14 blend of coffee and chicory (for those who ...
coffee,1890,3,2365,1788,7.2996,True,"coffee fruit (regis'terfd). • a blend of coffee which is pronounced to be of a most delicious flavour, and wholesome, stimuleting, and nourishing. roasted b..."
coffee,1890,3,2365,1791,7.3056,True,"lipton's great tea, coffee, and provision market, at 59, lynn street west hartlepool, these premises, which have been specially reconstructed and magnificently fitted up as a l..."
coffee,1890,3,2365,1797,7.3129,True,secrets of long life. 'the intemperate use of tea and coffee produces i results as real as those of drunkenness. total blindness is often the result of excessive coffee drinking. this is very common i
coffee,1890,3,2365,1798,7.3137,True,"...g by opium. if the child is poisoned by laudanum you must at first provoke vomiting by tickling the throat with a feather, then make it swallow black coffee every ten minutes until the torpor "
coffee,1890,3,2365,1799,7.315,True,"...on, _ _ 21, arcade, colne, has always se hand a choice nelootioo of confectionery and biseurra beef and kidney pd s every. friday a saturday. tea and coffee at any time. dinners made to order."
coffee,1890,3,2365,1802,7.317,True,"all hope of comfort in my home had died, until the matchless cleanser soap i tried. 142833. high-class mazawattee coffee high-class mazawattee come.. high-class mazaivattee coffee, high-class mazawatt"
coffee,1890,3,2365,1803,7.3172,True,"...riental cafe. what supplies a great want, / the oriental cafe. what is a thing of beauty, the oriental caf. the place to obtain a cup of the 1 finest coffee in the world is the i oriental cafe; p"
coffee,1890,3,2365,1804,7.3241,True,"look out for ter lady cricketers,, .tras 30th and july lsr and 2nd. neat and plain teas la. and la bd. oup of tea or coffee al. chas. iddeson, actiso manager. here lome cohen xs bow giving delineation"
coffee,1890,3,2365,1805,7.3245,True,"the comet. who made the first cup of coffee? in the biblioth4que nationale there is a manuscript (near the end of the sixteenth century), written by an arab, abdelcader, who declares that coffe..."
coffee,1890,3,2365,1806,7.3253,True,"fruit coffee. a west hartlepool luxury. air george hall, grocer, 1,1 stockton-street, west hartlepool, has hit upon • blend of coffee which is pronounced to be of..."
coffee,1890,3,2365,1810,7.3341,True,"an f.xcelli2ct prearfast drink. fruit coffee (raci4stered). a blend of coffee oiiich i pronounced to be of a most delicious flavour, and wholesome, sthnulating, and nourishing. roasted by patent..."
coffee,1890,3,2365,1812,7.3358,True,"* ** plan adopted in many french households is to make extremely strong black coffee in the ordi- nary way. this is kept in a corked or stoppered bottle, and keeps good for a considerable time. when t"
coffee,1890,3,2365,1813,7.3375,True,medicinal uses of coffee. it is said that the first use of coffee by man was made by the prior of a convent. lie wai told by a goatherd of the exciting effect of the berries ...
coffee,1890,3,2365,1814,7.3392,True,"liverpool produce. small demand, previous rates. beet firmer. rice sallers strong; coffee dull; cocoa firm; linseed very inactive. logwoocl and fustic continue quiet. potash, 258. 6d. castor oil, 3d. "
coffee,1890,3,2365,1817,7.347,True,"scientific noteiv nothwithstanding the reduction of the duly on coffee, and the fact that the best coffee is sold in great britain cheaper than anywhere in europe, it is steadily falling, ..ys the bri"
coffee,1890,3,2365,1818,7.3475,True,"rod. ""ton have forgotten rod's cap, chtra,"" said ben, as i entered the office, tray in hand, in obedience tc a summons for coffee and luncheon. ""it's too late to go back now,"" i replied, placing the t"
coffee,1890,3,2365,1819,7.3492,True,the fineat coffee naenee that money can boy is symington's }:dinborgh coffee faiien^e. makes a cup in a moment. from grocers throughout the world.
coffee,1890,3,2365,1822,7.3532,True,"o 000000 00 000 000 0 00 00 00 00 nothing steadies the nerves and clears the brain likt, a strong cup of symington's edinburgh coffee essence. id bottles from all grocers."
coffee,1890,3,2365,1824,7.3555,True,"...gredients. for bile, liver, acidity, indigestion, &c. nothing,r steadies the nerves and clears the brain like_ a strong cup of symingtoit's edinburgh coffee essence. in bottles fro"
coffee,1890,3,2365,1825,7.3592,True,"...eport, sugar quiet; october sold at 12s 104 d; 520 bags of crystallised demerara, just arrived, sold at full prices, 18s9d to 20s; refinedjunaltered. coffee auctions firm; finer kinds rather"
coffee,1890,3,2365,1826,7.3599,True,"asthni t coffee is a very excellent remedy for asthma. those who in not, know how to cut awl, their attacks, and ha, e not tried coffee. ,hould slo in by all means. ..."
coffee,1890,3,2365,1827,7.3657,True,"real coffee this time, san! true aroma fragrant refreshing and and and fine flavour. digestive. exhilarating. blend of coffee and chicory is. 4d. per lb. (for th..."
coffee,1890,3,2365,1828,7.3669,True,"...fectioner, &c, &sees snd pies of all kinds liade to r order on the shortest notice. 00foolit; :lod large parties tireet dinners on thursdays; tea and coffee always ready. g. "
coffee,1890,3,2365,1829,7.3703,True,"to all lovers of pure coffee, i offer the richest and best that money can buy, direct from the plantations at is. 6d.per lb. no higher price. an indisputable fact. it is well kno..."
coffee,1890,3,2365,1830,7.3717,True,"cockle's s+ 1, ls. 1 0 l nothing steadies the nerves and clears the brain lik2, a strong cup of symington's edinburgh coffee essence. in bottles from all grocers."
coffee,1890,3,2365,1832,7.3729,True,"of pure vegetable ingredients. for bile, liver, acidity, indigestion, &c. aekow,,wwwkat sy ming to n s those who cannot take ordinary edinburgh coffee can drink symington's coffee essence edinburgh co"
coffee,1890,3,2365,1834,7.3742,True,"police intelligence, before the stipendiary. adulkration.—david henry davies, iriorrr, of ystrud rhondda, was charged with selling adulteistpd coffee on the 10th tat inspector ratter visited the defen"
coffee,1890,3,2365,1836,7.3793,True,"'-rrrzil=tmcnrtmrrzrnsooonl nothing steadies the nerves o and clears the brain lik,. a strong cup of symington's edinburgh coffee essence. in o bottles from all grocers. 82"
coffee,1890,3,2365,1837,7.3814,True,"mazawattee coffee which is the highest grade of coffee obtainable, acknowledge its superiority, and as it is now rapidly making its way into every part of the country,..."
coffee,1890,3,2365,1838,7.3835,True,"ka6wwwkaaiwwwwai 'those who cannot take ordinary coffee / coffee can drink symington's edinburgh coffee essence with comfort and pleasure. in bottles 5 from ail grocers. nia.ew,k'v'v-w,t'kotoo""*"
coffee,1890,3,2365,1839,7.3845,True,"the name ""symington, edinburgh,"" on a bottle of coffee essence is a guarantee that it is made from the best materials, by the most improved processes, is always of one standard quality,"
coffee,1890,3,2365,1840,7.3852,True,"adulteration of coffee. important case under the adulteration of food and drugs act, at the pontypridd police court on wednes- day, david griffiths, clydach vale, was charg..."
coffee,1890,3,2365,1843,7.3868,True,"finest coffees, routed and ground on the premises. mixed coffee & chicory le per lb. „ 21 .., 13 44 per 11). 20 le esi „ pure coffee, whole or ground le 8,1 „ mart..."
coffee,1890,3,2365,1845,7.3909,True,"for bile, liver, acidity, indigestion, ez.c. thosewho cannot tdke ordinary coffee can drink symington's 1 edinburgh coffee essence with comfort and pleasure. in bottles from all grocers. c*aowt•wietok"
coffee,1890,3,2365,1848,7.3981,True,"scientific noteiv nothwithstanding the reduction of the duly on coffee, and the fact that the best coffee is sold in great britain cheaper than anywhere in europe, it is steadily falling, ..ys the bri"
coffee,1890,3,2365,1849,7.4022,True,"of course tov have 0/11111 mka74o 0/ s ym in gton's ""edinburgh coffee essences,"
coffee,1890,3,2365,1851,7.4028,True,"french coffees. per lb. 1 french coffee as prepared in paris with chicory at is. od. is. 2d. is. 4d. is. 6d. it f ft tf in ib., fib., and 11b. tins. pure coffees. ..."
coffee,1890,3,2365,1852,7.4049,True,touubol. tea-making. 3:t is essential for the perfect brewing • of tea mail coffee that the water ahould be added as noon as it reaches the boiling-point. all tea and coffee drinkers can tell by their
coffee,1890,3,2365,1853,7.4073,True,"the force of habit. it is a peculiar thing that the use of tea and coffee has not been replaced, more than is the case, by the use of van houten's cocoa. 'the reason for that is to be sought in the fo"
coffee,1890,3,2365,1855,7.4106,True,gossip mu women. the best and easiest way of making good coffee is to buy the coffee in berries and grind it your- self. place a sufficient quantity of the ground coffee (according to the size of the 
coffee,1890,3,2365,1857,7.4128,True,"...leasure ant comfort by thorn who can- not drink the cirictrrry colfeh whiht t hose who coon, t use our co/fee and chi- cory pan ws will find our pore coffee i.entu 1"
coffee,1890,3,2365,1859,7.4142,True,"...at is .',...;offee essence? it is a liquid cinrazt of the viscful constituents of fine of fee. a teaspoonful added .oiling water gi,res a cup of ious coffee in an instant, ,upe or to the best ground"
coffee,1890,3,2365,1860,7.4151,True,"gf edd,:.e.s dandelion coffee the best and cheapest ever offered to the public. sold by all grocers and druggists, in canister 6d., 10d., and is. bd. each. wholesale by j., grdmis..."
coffee,1890,3,2365,1862,7.4182,True,special reduction of 5 to 25 per cent. 101 carr. 25 yet cod. zkotro-platel tea & coffee i'otii 25 „ do. spoons sod yorks 10 „ love mowers l5 cutlery 10 „ oas itoviii builders —sow. spodall bargains la
coffee,1890,3,2365,1863,7.4192,True,"terrific slaughter of bic profits. by purchasing lipton's coffee you save about half- a-dozen dliderent middlemen's profits, and get your coffee direct from the vlanter. lipton's delicious oriental bl"
coffee,1890,3,2365,1865,7.4228,True,"special blends of choice coffee are rosertel daily, sad ground aa required, sad for quality sad price cannot be equalled. 1/6, 1/8, 1/10 per hz standing orders to be delivered daily..."
coffee,1890,3,2365,1866,7.4233,True,"...produce. sugar: cane quiet. but steady for crystallised we,t india; refined goods in moderate request at late rates; foreign refined dull. beet slow. coffee spot market steady"
coffee,1890,3,2365,1867,7.4238,True,"""brighter sundays."" last night, the second of the services for the poor was held in the st. james's hall. hot tea and coffee and bread was distributed to upwards of 500 men and women who attended. mr "
coffee,1890,3,2365,1868,7.4263,True,"urns, tables. glass and china. plate lent on hire. the westbourne arcade restaurant. breakfasts, luncheons, dinners, teas. tea. coffee and chocolate always ready. chops and steaks. apartments. charges"
coffee,1890,3,2365,1869,7.4307,True,"how to hake coffee. in making coffee we must obtain two things— strength and flavour. it is evident that to obtain the first it must be boiled, but by hard and long boi..."
coffee,1890,3,2365,1870,7.4335,True,"mazawattee coffee which is the highest grade of coffee obtainable, acknowledge its superiority, and as it is now rapidly making its way into every part of the country,..."
coffee,1890,3,2365,1871,7.434,True,"anaranteed pure. with the addition of the num unononnn in 5 mall per bottle. 9d. ler:e""bottle. lipton's essence of coffee & chicory, guaranteed finest ever made. moat delicious and fragmak only 4d.. p"
coffee,1890,3,2365,1872,7.4345,True,"health and lioliday hints. coffee. beg to testify that good coffee, well prepared and unadulterated, is, next to tea, one of the most healthful of all drinks, and may be used with im-..."
coffee,1890,3,2365,1873,7.4354,True,"hinton's oriental cafe, corporation-road. ifinest tea and coffee, with fresh thick cream, biscuits, cakes, fruit, &c., served tastefully sad quickly, and in style equal to the beet continental sod ori"
coffee,1890,3,2365,1874,7.4364,True,french coffees. per lb. i french coffee as prepared in paris with chicory at is. od. ~ ~ „ 2 „ is. 2d. ~ „ is. 41. is. 6.1. 1113'.: ilb.. and 111;: tins: p(1 uize ...
coffee,1890,3,2365,1876,7.4379,True,"largest tea sale in the world. coffee! coffee! p.v.freshing at all times. lipton's delicious blends of finest coffee and chicory 10a, is, and is. 2d. per la pure coffee, richest and best,..."
coffee,1890,3,2365,1877,7.4384,True,"the central glamorgan gazette-friday, december 16, 1892. but now in these days he thought a strong cup of coffee would be a very much stronger substitute for the beer which was now sold.—colonel turbe"
coffee,1890,3,2365,1878,7.4405,True,"nothing steadies the nerves and clears the brain lik2, strong cup of symington's edinburgh coffee essence. in bottles from all grocers. 82"
coffee,1890,3,2365,1883,7.4527,True,"for bile, liver, acidity, indigestion, &c. ithose who cannot take ordinary coffee can drink symington's edinburgh coffee essence with comfort and pleasure. in bott'es from all grocers. ovvvvvvo vswsio"
coffee,1890,3,2365,1885,7.4543,True,"the westbourne arcade restaurant. breakfasts, luncheons, dinners, teas. tea. coffee and chocolate always ready."
coffee,1890,3,2365,1887,7.4605,True,"... 3iiorellantous. eo be let. qlo let.—good workshop, orford-st.—apply asiito 1. and woods. solicitors, horsemarket-st., warrington. geddes's dandelion coffee th"
coffee,1890,3,2365,1890,7.4644,True,"coffee fruit (registered) • blood of coffee which is pronounced to be of a moat delicious flavour, and wholecor.e, stimulating, and nourishing. aossted by p..."
coffee,1890,3,2365,1893,7.4771,True,1 lusuussasisasusuuwwasuuts nothing steadies the nerves and clears the brain likk. a strong cup of symington's edinburgh coffee essence. in bottles from all grocers. __ z 1114 111 ii
coffee,1890,3,2365,1894,7.4832,True,"a awattee coffee mething new in the coffee pot. an absolutely pure coffee.trpitlta why has english coffee become ,so undrinkable in recent years? for the simple reaso..."
coffee,1890,3,2365,1895,7.4903,True,"• itooimapi. a••••••••••-- artlasor. your old spoons, forks, cruets, tea and coffee seta replete,' with du. eikerand • written guarantee of wear for ten years. tu firstnlaw 'petite. j. & f. brown, eli"
coffee,1890,3,2365,1897,7.4922,True,"...t. jots church, hafod. by the kindness of a few friends the choir of st. john's church, was treated to a sumptuous supper on thursday evening, at the coffee tavern, landore. with tho exception of the"
coffee,1890,3,2365,1899,7.4974,True,"...son, 21, arcade, coln*, ras always on band a choice selection of confectioni4_iry & 13!scuit-;. beef and kidney piks every friday & satun'sy. tea and coffee at any ti"
coffee,1890,3,2365,1901,7.4997,True,"tea, coffee, and cocoa planter, ceylon. lipton, coffee, & provision dealer in the world. the largest tea, ceylon tea and coffee shipping i india tea shipping war..."
coffee,1890,3,2365,1902,7.5009,True,"miscellaneous. coffee and its effects—as an article of diet fruit coffee (registered) is wholesome, stimulating and nourishing. dr. paris remarks that coffee, if taken aft..."
coffee,1890,3,2365,1903,7.5022,True,"menu, i. to 211 p.m. chemhire cheese- id. fresh made cup of tea fresh made cup of coffee 2d. plate of bread and butter 21. bovril 3d. light pastry id. halifax permanent benefit building society. estab"
coffee,1890,3,2365,1905,7.5047,True,"sick headaches. as a general palliative, strong coffee has often proved serviceable and where its own sedative virtue is not sufficient, it forms one of the best v hides for the administration of laud"
coffee,1890,3,2365,1906,7.5075,True,"...s that he overheard a woman lecturing her husband as follows on a train:—' now, i'll tell you why i wouldn't go into the restaurant and have a cup of coffee w"
coffee,1890,3,2365,1907,7.5079,True,"an excellent breakfaat drank. fruit _coffee (registered). a blend of coffee which is pronounced to be of a most delicious flavour, and wholesome, stimulating, and nourishing. roasted by patent ..."
coffee,1890,3,2365,1908,7.5095,True,"fruit coffee. a west hartlepool luxury. 3 ,4-r ht.orce hall, grocer, stockton street, west hartlepcol, has mt upon a blend of coffee which is pronounced to be of ..."
coffee,1890,3,2365,1910,7.5124,True,"scientific noteiv nothwithstanding the reduction of the duly on coffee, and the fact that the best coffee is sold in great britain cheaper than anywhere in europe, it is steadily falling, ..ys the bri"
coffee,1890,3,2365,1912,7.5169,True,"sick headaches. as a general palliative, strong coffee has often proved serviceable and where its own sedative virtue is not sufficient, it forms one of the best v hides for the administration of laud"
coffee,1890,3,2365,1915,7.5214,True,"a meek man. a demure looking little man approached the haughty clerk in a grocer's shop, and meekly asked if he had any coffee to sell. ""we have ground coffee,"" said the young man. ""no other kind?"" ""n"
coffee,1890,3,2365,1916,7.5217,True,"now open • lipton s great tea, coffee, and .provision market, at 59 lynn street, west hartlepool, these premises, which have been specially reconstructed and magnificently fitted up as a ..."
coffee,1890,3,2365,1917,7.5231,True,)4' nothing steadies the nerves 1 and clears the brain like a strong cup of symington's edinburgh coffee essence. in le= from all grocers. 82 (wl
coffee,1890,3,2365,1919,7.5273,True,"essentials of good coffee. to have the perfection of coffee these things are exsential the best quality of coffee and plenty of it. toiling water, just fifteen minutes to cook..."
coffee,1890,3,2365,1920,7.5279,True,gmlel in? rattan. by messrs. branch cl- leete. lipton in the coffee tr ade. important notice. hitherto i have bren selling in the ceylon and london markets thousands of bushels of coffee of my own gro
coffee,1890,3,2365,1921,7.5334,True,"force of habit. it is a peculiar thing that the use of tea and coffee has not been replaced, more than is the case, by the use of van houten's cocoa. the reason for that is to be sought in the force o"
coffee,1890,3,2365,1924,7.536,True,"edinburgh coffee essence. soli in large aml small bottles by grocers throughout the empire. • try it. mrs. heald,"
coffee,1890,3,2365,1927,7.5437,True,"enormous demand. per 1/7 lb. no higher price lipton, tea and coffee planter, ceylon. the largest tea, coffee, and provision dealer ni rns world. solo pe%rlotor of the following .lot...tad tee mad coff"
coffee,1890,3,2365,1928,7.5441,True,"mazawattee coffee which is admitted by connoisseurs to be all, that can be desired. blend of coffee and chicory 1/4 (for those who prefer a small troprtion of chicory ..."
coffee,1890,3,2365,1929,7.5479,True,"lipton in trtp, coffee trade. important notice. • hitherto i have been selling in the ceylon and london markets thousands of bushels of coffee of my own growing. i have now..."
coffee,1890,3,2365,1931,7.5505,True,"goodhart's joke. ""yes, dear,"" said mrs. goodhart as she handed her husband his cup of coffee across the breakfast table, ""i realise that we simply must economise, sad i'm willing mdo my pert. i've tho"
coffee,1890,3,2365,1932,7.5508,True,"lipton in trtp, coffee trade. important notice. • hitherto i have been selling in the ceylon and london markets thousands of bushels of coffee of my own growing. i have now..."
coffee,1890,3,2365,1935,7.554,True,"coffee for the inebriate. a traveller has made the observation that coffee-drinking people are very seldom given to drunkenness. in brazil, for instance, wh..."
coffee,1890,3,2365,1936,7.5596,True,"a rab i pasha,. ex-minister of war from egypt,. writing from ceylon, says.ahout litton's coffee having visited a number. of your estates, and having bad daily opportunities of tasting the coffee grown"
coffee,1890,3,2365,1937,7.5714,True,"fruit coffee. hartlepooj il luxury. mr george rau, grocer, stockton street, we flartiowol, has hit upon a blend of coffee which is prowounoed to be of a most deli..."
coffee,1890,3,2365,1938,7.5725,True,"...iseased crew. the norwegian barque margrethe, captain waalcr, lately put in at table bay for medical aid. she left padang in november with a cargo of coffee for new york. immediately after reaching"
coffee,1890,3,2365,1939,7.5748,True,"selected contributions. a novel coffee grinder. (:nmdfather,—l write you a story ""a new kind of (%iffee :—a negro ser- vant was told to grind some coffee, and prepare • cup for his mast,r'..."
coffee,1890,3,2365,1940,7.5766,True,"coffee as a disinfectant. lady m. l. w. writes to the daily telegraph ex- oiling the virtues of coffee as a disinfectant. she says: ""i feel sure you will be..."
coffee,1890,3,2365,1941,7.5779,True,"the oriental cafe. what is a thing of beauty, / the oriental cafe. the place to obtain a cup of the finest coffee in the world is the r oriental cafe; public taste has become so much vitiated by the v"
coffee,1890,3,2365,1947,7.5962,True,"geddes4s. dandelion coffee the best and cheapest ever offered to the publia. bold by all grocers and druggists, in canister. 5d., 10d., and is. bd. each. wholesale by j. icirdd..."
coffee,1890,3,2365,1949,7.6035,True,"largest tea sale in the world. coffee! coffee! p.v.freshing at all times. lipton's delicious blends of finest coffee and chicory 10a, is, and is. 2d. per la pure coffee, richest and best,..."
coffee,1890,3,2365,1950,7.6064,True,"...nri-vitat—.i--gii74ar. relined, a fair business done at yesterday's rates. foreign refined, steaty. cane, moderate demand at late prices. beet quiet, coffee no auction futures quiet"
coffee,1890,3,2365,1951,7.6071,True,"coffee as a disinfectant. lady m. l. w. writes to the daily telegraph ex- oiling the virtues of coffee as a disinfectant. she says: ""i feel sure you will be..."
coffee,1890,3,2365,1952,7.6099,True,"largest tea sale in the world. coffee! coffee! p.v.freshing at all times. lipton's delicious blends of finest coffee and chicory 10a, is, and is. 2d. per la pure coffee, richest and best,..."
coffee,1890,3,2365,1954,7.6186,True,"the coffee pot pure coffee. 'or 115:eakfl,'; 707: ..7.2.1:117..' for stj true aroma, 'me flavour, fragrant. digestive, refreshing, exhilarating rr.:t. corrrr, t..."
coffee,1890,3,2365,1955,7.6213,True,"n°w open. lipton's great tea, coffee and provision market, at 168, grange road, birkenhead. thew }rennie., which have beeo specially recoastrootod sled onarnmecintly fitted ntp as a lipt..."
coffee,1890,3,2365,1959,7.6305,True,coffee essence. delicious coffee at one farthing per cup. prepared in two seconds. £bbolijtely pure. no coffee ground s quality totally eclipses that of all...
coffee,1890,3,2365,1963,7.6495,True,"brigitotise gazette attd local railway guide, saivrda.y, november 5,119 q. benson's i drank a cup of coffee and hastened to my sister's house with my warning, but she laughed at me. why, robert,"" she "
coffee,1890,3,2365,1967,7.6677,True,"excessive coffee drinking. much has been said concerning the ruidoubtedl7 evil effects of excesaive tea drinking. dr. f. mendel, says the british medical journal, haa..."
coffee,1890,3,2365,1969,7.6802,True,"...s, persian la nibs, astrachans. a specia 1, line in seal phl:g 53 inches wide, 9/11 p,r. 1. papterns free on application a long-felt want supplied! a coffee liouse f"
coffee,1890,3,2365,1970,7.6805,True,"a rab i pasha,. ex-minister of war from egypt,. writing from ceylon, says.ahout litton's coffee having visited a number. of your estates, and having bad daily opportunities of tasting the coffee grown"
coffee,1890,3,2365,1975,7.6852,True,symin gto n's edinburgh coffee essence r•••••• illelichms coffee i. • rn•••••t. no trouble. no ~so. is smell owl kars• betties. 'mo 111 orill•onlh
coffee,1890,3,2365,1976,7.6874,True,"...ning ilinta.—a little thin glue in the water when waehing varreahed wood will leave a brilliant polish.—mrs tboinpitin, 37, garbutt street, stockton. coffeemaking.—a few gra"
coffee,1890,3,2365,1977,7.6889,True,...duce. sugar: cane;:rts quie-t-r-h;;mti refined gum% quiet and unchanged all round foreign refined quiet ready granulated 134 9d beet fiat and easier. coffee auctions offere
coffee,1890,3,2365,1980,7.7024,True,"'me. iniquity of chicory. in an article on coffee the pall mall gaza& says —against chisory, protest cannot be too urgent or violent. it is poison, rank and deadly. the liver it attacks, the nerves i..."
coffee,1890,3,2365,1983,7.7082,True,"t::•••-i- ~ ............ satisfactory alike to guest and host is coffee made with symington's edinburgh coffee 'essence. sold in small and large bottles by gm ,ers everywhere ••••••"
coffee,1890,3,2365,1985,7.7106,True,"...the commissioners of cus- toms announce an increase of £342,357 on the year. in the course of the report it is remarked that the revenue derived from coffee has"
coffee,1890,3,2365,1990,7.7156,True,"now open • 9 lipton s great tea, coffee, and provision market, at 59, lynn street, west hartlepool, • these premises, which have been specially reconstructed and magnificently fitted up as ..."
coffee,1890,3,2365,1992,7.7194,True,"excessive coffee drinking. much has been said concerning the ruidoubtedl7 evil effects of excesaive tea drinking. dr. f. mendel, says the british medical journal, haa..."
coffee,1890,3,2365,1994,7.7298,True,"t. jackson, 21, arcade colne, has always on hand a choice as tion of confectionery & biscuits, beef and'kidney pies every friday & saturday. tea and coffee at any time. dinners made to ordcr. /pcs: ft"
coffee,1890,3,2365,1995,7.7302,True,secrets of long life. 'the intemperate use of tea and coffee produces i results as real as those of drunkenness. total blindness is often the result of excessive coffee drinking. this is very common i
coffee,1890,3,2365,1996,7.7331,True,"tea, coffee and chocolate. w. h. 8., in the hotel, says the history of most of the universal articles of consumption, like that of many of the greatest schemes w..."
coffee,1890,3,2365,1997,7.7364,True,"our national beverages. what is the matter with coffee we have been accustomed to hear chancellors of the exchequer deplore the fact that the revenue from it was decreasing, but in his budget speech o"
coffee,1890,3,2365,1999,7.7373,True,"fine flavour. diazawattee coffee which is the highest grade of coffee obtainable, acknowledge its superiority, and as it is now rapidly making its way into every part of the country,..."
coffee,1890,3,2365,2000,7.7374,True,"n.s.o.)atz(tootweist.,,.6ko.e.649 • symington's edinburgh coffee • e essences are made from a se- lection of the finest coffees grown. sold in small and large bottles ?, e by all grocers. • +a 1tette."
coffee,1890,3,2365,2001,7.7378,True,"terrific slaughter of bic profits. by purchasing lipton's coffee you save about half- a-dozen dliderent middlemen's profits, and get your coffee direct from the vlanter. lipton's delicious oriental bl"
coffee,1890,3,2365,2002,7.7389,True,coffee coffee uethesring at all tikes. lipton's
coffee,1890,3,2365,2004,7.7394,True,"rod. ""ton have forgotten rod's cap, chtra,"" said ben, as i entered the office, tray in hand, in obedience tc a summons for coffee and luncheon. ""it's too late to go back now,"" i replied, placing the t"
coffee,1890,3,2365,2007,7.742,True,".vi azawattee coffee :offee this time, sah true aroma and fragrant and digestive. refreshing and exhilarating. something new in the coffee pot. an absolutely pure coffee...."
coffee,1890,3,2365,2009,7.7439,True,"eddes dandelion coffee _ the best and cheapest ever offered to the public. sold by all grocers and druggists, in canister 5d., 10d., and is. bd. each. wholesa:e by j.. gedd..."
coffee,1890,3,2365,2011,7.7484,True,"arum: privitives. ..... _ thu school had ro procession but the scholars were served with buns and coffee in the school, and indulged in games, etc."
coffee,1890,3,2365,2012,7.7484,True,"...the great variety and assortment. loose and in tins, all sizes. the largest provision dealer in the nvorld. fancy cake and biscuit manufacturer. tea, coffee and cocoa. planter, ceylon. pd4li"
coffee,1890,3,2365,2013,7.7494,True,"coffee and come planter, ceylon, • fruit grower, cocoa and chocolate manufacturer. maker of soups, sauces, potted moats, bottled fruits, jams, jellies. and ..."
coffee,1890,3,2365,2016,7.753,True,"drinks of mankind. tea, which rivals coffee in favour, is a native of china, where it has been grown for over a thousand years. pepys mentions having dtank it in 1660, showing that it was then ..."
coffee,1890,3,2365,2018,7.7634,True,"french coffees. per lb. 1 french coffee as prepared in paris with chicory at is. od. is. 2d. is. 4d. is. 6d. it f ft tf in ib., fib., and 11b. tins. pure coffees. ..."
coffee,1890,3,2365,2021,7.7677,True,"slxpence. refreshments of every description and of the best possible kind. meat and plain teas cup of tea or coffee 2d. a new tea room has been added. july uth, re•engaoexent op the faiioi7b brescian "
coffee,1890,3,2365,2022,7.7682,True,the biggest show in england for sixpence. refreshments of every description and of the best possible kind. meat and plain teas cup of tea or coffee 2d. a new tea room has been added.
coffee,1890,3,2365,2026,7.7825,True,"fliontp. ea bt let. pensons wanting hous'ns. shops &c., in blackl pool should write.—william rawson. 15, foxhal square. blackpool. geddes's dandelion coffee _ the best and cheapest ever offered to the"
coffee,1890,3,2365,2028,7.7831,True,"deliciocs blends of finest- coffee and 10d, 1. and la 2d per lb. pure odpipee, iiich&it and ben. for la td per lb. no higher price. coffee eelsence.9. upton's ewa. of oolkse. scl and 9..."
coffee,1890,3,2365,2029,7.7837,True,a new drink. a new drink—coffee-tea—ix recommended by the british alediral journal to public notice. the leaves of coffee contain much more theist than the berries the habit of usin...
coffee,1890,3,2365,2031,7.7855,True,"...a cups. a novelty across which i came in my recent -shopping (writes madge in truth), is a tea cup made with a percolator at one side, so that tea or coffee can b"
coffee,1890,3,2365,2032,7.786,True,"mazawattee coffee which is admitted by connoisseurs to be all, that can be desired. blend of coffee and chicory 1/4 (for those who prefer a small troprtion of chicory ..."
coffee,1890,3,2365,2033,7.7864,True,"coffee for the inebriate. a traveller has made the observation that coffee-drinking people are very seldom given to drunkenness. in brazil, for instance, wh..."
coffee,1890,3,2365,2037,7.7903,True,"the coffee pot pure coffee. 'or 115:eakfl,'; 707: ..7.2.1:117..' for stj true aroma, 'me flavour, fragrant. digestive, refreshing, exhilarating rr.:t. corrrr, t..."
coffee,1890,3,2365,2038,7.7915,True,... even. _.„ friday 11 6 15 5 11 36 sourday sunday monday tuesday wednesday ihuradny friday july. r•or••••••mooto•sx.•00.••0•0i • symington's edinburgh coffee • t essences
coffee,1890,3,2365,2039,7.7935,True,hilalth. things to be remembered.—that a little soda water will relieve sick headache caused by indigestion. that a cup of strong coffee will remove the odour of onions from the breath. that a cup of 
coffee,1890,3,2365,2040,7.7963,True,"french coffees. per lb. 1 french coffee fie prepared in paris with chicory at le. od. ls. 2d, .. .. .. -, .. ~ ~ .. .. .• is. 4d. le. 6d. in ilb', pd., it.nd ltb: ..."
coffee,1890,3,2365,2043,7.808,True,lancaster. psople wso cannot no ordinary coffee -- drink symington's edinburgh coffee essences
coffee,1890,3,2365,2044,7.8097,True,"arcade restaurant. breakfasts, luncheons, dinners, teas. tea, coffee and chocolate always ready,"
coffee,1890,3,2365,2045,7.8151,True,...al intelligence lunn and gantia kin passing the rocking stone towards the graig yr-helfa road should call at mrs bdordecai's for a good cup of too or coffee and other light refreahntentk. a magnifl
coffee,1890,3,2365,2047,7.8217,True,"vinegar. purity and quality guaranteed. estab. over 250 years. soutuwark, london. coffee. coffee. refreshing at all times. lipton's delicious blends of finest coffee and chicory 10d., is., and is 2d p"
coffee,1890,3,2365,2048,7.8224,True,be desired. him-class pure coffee the coffee of coffee for connoisseurs 1/4 per 1/8 per 2/- per
coffee,1890,3,2365,2049,7.8224,True,"real coffee this time, san! true aroma fragrant refreshing and and and fine flavour. digestive. exhilarating. blend of coffee and chicory is. 4d. per lb. (for th..."
coffee,1890,3,2365,2051,7.8251,True,"largest sale hi the world. coffee! coffee! lipton's delicious blends of finest coffee and chicory 108., is., and is. 2d. per lb. pure coffee, richest and best, per 18. 6d. lb. so webe..."
coffee,1890,3,2365,2052,7.8277,True,have you tried symington's 0 g edinburgh dandelion coffee essence? 8 it is much used by persons of weak or 8 feeble digestion. from all crooers. o 73 ..
coffee,1890,3,2365,2056,7.8347,True,"...intsmatsto t. jackson, a 21, arcade, col ham always as baud • choice .election confectionery & biscl beef and kidney pies every friday & sate tea and coffee at any time. dinner@ made tx"
coffee,1890,3,2365,2057,7.8385,True,"dancing dancing !! dancing !!! annual select long-night dance, mm.., roo., shrove tuesday. ike burr. tickets as usual. pancakes and coffee free. admission same as saturdays. —wrens sac grace, assembly"
coffee,1890,3,2365,2063,7.8483,True,"• .. ablett and foyl, restaurateurs and caterers. 1l marsimstrbbt. 101 tall bisx as. dinniusel a, shore road. morpbtr door_ muss, tea and coffee boma miiotli *edemas rime. baerry-1/18, orange road. is"
coffee,1890,3,2365,2066,7.8556,True,".vi azawattee coffee :offee this time, sah true aroma and fragrant and digestive. refreshing and exhilarating. something new in the coffee pot. an absolutely pure coffee...."
coffee,1890,3,2365,2067,7.8556,True,the biggest show in england for sixpence. refreshments of evely description and of the best possible kind. meat and plain teas cop of tea or coffee 2d. _
coffee,1890,3,2365,2068,7.8585,True,"a awattee coffee mething new in the coffee pot. an absolutely pure coffee.trpitlta why has english coffee become ,so undrinkable in recent years? for the simple reaso..."
coffee,1890,3,2365,2070,7.8634,True,"geddes's dandelion coffee the best and cheapest ever offered to the public. bold by all grocers and druggists, in canister 1041., and is. 8d each. wholesale by j. geddes s. so..."
coffee,1890,3,2365,2073,7.8744,True,"fruit coffee. a west hartlepool luxury. me george hall, grocer, 1,1. iltocktonetreet, welt hartlepool, has hit up= • blend of coffee erhichis prom:mooed to be of ..."
coffee,1890,3,2365,2074,7.8752,True,a new drink. a new drink—coffee-tea—ix recommended by the british alediral journal to public notice. the leaves of coffee contain much more theist than the berries the habit of usin...
coffee,1890,3,2365,2076,7.886,True,"more about mashonaland. coffee-tea was brought under the notice of the royal botanic society of london at a meeting on saturday. the samples of coffee-tea, or prepared coffee leave..."
coffee,1890,3,2365,2077,7.8892,True,"• geddes's dandelion coffee the best and cheapest ever offered to the publlo. bold by all grocers and druggists, in ganlate bd., 10d.. and 1.. 8d each. wholesale by j. giarnms i..."
coffee,1890,3,2365,2078,7.8912,True,"ow open lipton's great tea, coffee, and provision market, • at 59 lynn street west hartlepool, these premises, which have been specially reconstructed and magnificently fitted up as a ..."
coffee,1890,3,2365,2080,7.8978,True,"wheatley__ lane. pentation of j l'bille medal;.:--01 satur- day, about 250 scholars and parents took part in the annual treat of buns and coffee for the scholars attending the wesleyan day and sun- da"
coffee,1890,3,2365,2082,7.9008,True,"...egypt, writing from ceylon, says about lipton's c'oppee 1— having visited a number of your estates, and having had daily opportunities of tasting the coffee grown "
coffee,1890,3,2365,2085,7.916,True,the oriental cafe. t • he place to obtain a cup of the finest coffee in the world is the i oriental cafe public taste has become so much vitiated by the vile mixtures sold as coffee that comparatively
coffee,1890,3,2365,2088,7.9243,True,"a rab i pasha,. ex-minister of war from egypt,. writing from ceylon, says.ahout litton's coffee having visited a number. of your estates, and having bad daily opportunities of tasting the coffee grown"
coffee,1890,3,2365,2089,7.9265,True,"lipton's delicious oriental blends finest coffee and chicory, i.od, il and di 20 per lb. pure coffee!! richest and best. jo 6d per lb. no 111011111 pri z. lipton, tea and cof'f'ee planter, ceylon. t..."
coffee,1890,3,2365,2090,7.9313,True,"asthni t coffee is a very excellent remedy for asthma. those who in not, know how to cut awl, their attacks, and ha, e not tried coffee. ,hould slo in by all means. ..."
coffee,1890,3,2365,2091,7.9327,True,"now open lipton's great tea, coffee, and provision market, at 59 lynn street, west hartlepool • these premises, which have been specially reconstructed and magnificently fitted up as a ..."
coffee,1890,3,2365,2094,7.9417,True,"ow open lipton's great tea, coffee, and provision market, • at 59 lynn street west hartlepool, these premises, which have been specially reconstructed and magnificently fitted up as a ..."
coffee,1890,3,2365,2095,7.9464,True,"edde.s dandelion coffee the best and cheapest ever offered to the public. sold by all grocers and druggists, in canister 6d., 10d., and is. bd. er.ch. wholesale by j. geddes..."
coffee,1890,3,2365,2096,7.9494,True,"...riental cafe. what supplies a great want, / the oriental cafe. what is a thing of beauty, the oriental caf. the place to obtain a cup of the 1 finest coffee in the world is the i oriental cafe; p"
coffee,1890,3,2365,2099,7.9535,True,a new drink. a new drink—coffee-tea—ix recommended by the british alediral journal to public notice. the leaves of coffee contain much more theist than the berries the habit of usin...
coffee,1890,3,2365,2101,7.9548,True,london coffee cargoes. a report has been made by the trieste exchange committee to the chamber of commerce upon the result of its inquiry into the cause of the def...
coffee,1890,3,2365,2102,7.9563,True,"...ollowing quantities of the provisions con- sumed in the steerage only during the voyage were supplied by mr. bryden, the chief steward tea.. lbs. 150 coffee sugar... "
coffee,1890,3,2365,2103,7.9675,True,"trade announcements. fruit coffee. a west if .i.::tlepool luxury. lvflt geoitt; crocer, stockton street, 1. west fla.-1:^0. oh has hit 111,011 a klend of cosee wh'eh is pronounced to ..."
coffee,1890,3,2365,2104,7.9789,True,"our national beverages. what is the matter with coffee we have been accustomed to hear chancellors of the exchequer deplore the fact that the revenue from it was decreasing, but in his budget speech o"
coffee,1890,3,2365,2106,7.98,True,"more about mashonaland. coffee-tea was brought under the notice of the royal botanic society of london at a meeting on saturday. the samples of coffee-tea, or prepared coffee leave..."
coffee,1890,3,2365,2110,7.9905,True,"vinegar. purity and quality guaranteed. estab. over 250 years. soutuwark, london. coffee. coffee. refreshing at all times. lipton's delicious blends of finest coffee and chicory 10d., is., and is 2d p"
coffee,1890,3,2365,2112,7.9937,True,a coffee plant disease. a report forwarded by the british consul at guatemala calls attention to a peculiar form of disease which has attacked certain coffee ...
coffee,1890,3,2365,2114,8.004,True,"fifty years ago. tobacco, tea, and coffee in 1841 make an interest- ing comparison with the present day. we smoke just twice as much-26 ounces a head as against 13. and the increase in comfor..."
coffee,1890,3,2365,2116,8.0092,True,"edd:e.s dandelion coffee the best and cheapest ever offered to the public. bold by all grocers and druggists, in °muster 5d., 10d., arid is. bd. each. wholesale by j. gbddes ..."
coffee,1890,3,2365,2117,8.0115,True,"v .1. ..',., i :, •. • coffee real coffee this time, true aroma and fine flavour. fragrant refreshing and and digestive. exhilarating. something new in the coffee pot. an absolute..."
coffee,1890,3,2365,2118,8.0182,True,"now open lipton's great tea, coffee, and provision market, at 59 lynn street, west hartlepool • these premises, which have been specially reconstructed and magnificently fitted up as a ..."
coffee,1890,3,2365,2119,8.0228,True,"liverpool produce. sugar cane and beet opened very firm, with moderate inquiry rice quiet coffee and cocoa steady; linseed in good request; logwood and fustic quiet; potash, 258 3d; castor oil, 3d; cu"
coffee,1890,3,2365,2120,8.0236,True,"til.lc for sui-.).•j- c7l • true aroma, 'ine flavour, fragrant. digestive, refreshing, exhilarating. mal coffee tins time, saii! why has english coffee become so undrinkable in recent years? for the s"
coffee,1890,3,2365,2121,8.0255,True,"...egypt, writing from ceylon, says about lipton's c'oppee 1— having visited a number of your estates, and having had daily opportunities of tasting the coffee grown "
coffee,1890,3,2365,2122,8.0266,True,a coffee plant disease. a report forwarded by the british consul at guatemala calls attention to 'a peculiar form of disease which has attacked certain coffee...
coffee,1890,3,2365,2126,8.0396,True,"essences can he used with ple:eur: nn,i comfort those ssho cam not drink tht ord'nsry coffee whilst those who cannct use our cofffe and chi- cory eseenee wil co-:a our ture coffee essence a grateful r"
coffee,1890,3,2365,2128,8.0413,True,"...miioad.. tit= were 400 selokars in the ranks, sod they were headed by aldersley, tovnisley, holgate. and leaver. air. crowther conducted the singing. coffee and huoi were prov"
coffee,1890,3,2365,2131,8.0548,True,"suatiovoir- 'elpful fr.: c*, nt rig4f.noft hs.n be toed with plemure valor ..iakt thane who uhl our coffee end chi- cory kleansce tr;tl fin ci our pore coffee frpcikip a grftlettil iterell2p chron.c d"
coffee,1890,3,2365,2135,8.0677,True,"now open • 9 lipton s great tea, coffee, and provision market, at 59, lynn street, west hartlepool, • these premises, which have been specially reconstructed and magnificently fitted up as ..."
coffee,1890,3,2365,2136,8.0692,True,"a can of boiling coffee until, through exhaustion, he allowed the scalding liquid to fall in streams over his head and shoulders. another sergeant named pflug habitually str..."
coffee,1890,3,2365,2141,8.0782,True,"eddes dandelion coffee g- tbe best and cheapest ever offered to the public. sold by all grocers and druggists, ia canister 5d., lod. aut is. bd. each.; wholesale by j. gedd..."
coffee,1890,3,2365,2142,8.0909,True,"medical hall, aberdare. wales. the vio!i known vitalizing effects of a cup of strong coffee eon be :secured directly by using symington's 'edinburgh coffee essence. 76 -- prkted nod publish, tt for th"
coffee,1890,3,2365,2143,8.0936,True,"coffee flavouring. a flavouring of coffee is one of the most delicious of the new flavourings. it may be used in custards, ice- creams, the icing of cake, a..."
coffee,1890,3,2365,2145,8.0963,True,""". '' i z 1 .•„,xlr t ~ ~,,„.., irds uf wisdosi fult ulat wivte. ;44 sestees•osentommitoos satisfactory alike to guest aalcl host is coffee made with ajraington's alinhargii coao 4!s'selce. sold in sm"
coffee,1890,3,2365,2147,8.0977,True,"used all over the world. now open lipton's great tea, coffee, and provision market, at 59, lynn street, west hartlepool, these premises, which have been specially reconstruoted and magnificently fitte"
coffee,1890,3,2365,2149,8.1027,True,"edd.es dandelion coffee the beet and cheapest ever offered lo the public. sold by all grocers and druggists, in canister m., 10d., and is. bd. each. wholesa:e by j. geddes a..."
coffee,1890,3,2365,2152,8.1123,True,"geddes's dandelion coffee the best and cheapest ever offered to the public. bold by all grocers and druggists, in canister 5d., 10d., and is. 8d each. wholesale by j. genngs 8..."
coffee,1890,3,2365,2153,8.1125,True,"used all over the world. now open lipton's great tea, coffee, and provision market, at 59, lynn street, west hartlepool, these premises, which have been specially reconstruoted and magnificently fitte"
coffee,1890,3,2365,2154,8.1209,True,"tea and coffee grounds. a great many people injure themselves, and bring on indigestion, by swallowing tea-leaves and coffee-grounde. the coffee, if well made, shou..."
coffee,1890,3,2365,2156,8.1368,True,"the comet. who made the first cup of coffee? in the biblioth4que nationale there is a manuscript (near the end of the sixteenth century), written by an arab, abdelcader, who declares that coffe..."
coffee,1890,3,2365,2157,8.1462,True,"the first drink of coffee. in the bibliotheque nationale there is a manuscript (near the end of the sixteenth century), written by an arab, abdelcader, who declares that coffe..."
coffee,1890,3,2365,2158,8.1527,True,"geddes's dandelion coffee the best and cheapest ever offered to the public. bold by all grocers and druggists, in canister 6d., 10d., and is. 8d each. wholesale by j. geddes &..."
coffee,1890,3,2365,2159,8.1544,True,"scarlet and white were quite the decorative colours of the evening. in the dainty refreshment room, off the small ball roam, where the tea and coffee and cake were served, even the sugar tongs were ad"
coffee,1890,3,2365,2165,8.1758,True,after dinner coffee. after-dinner or black coffee is made by simply doubling the proportion of coffee to the amount of water. use two tablespoonsful of coffee to every c...
coffee,1890,3,2365,2168,8.1784,True,"sick headaches. as a general palliative, strong coffee has often proved serviceable and where its own sedative virtue is not sufficient, it forms one of the best v hides for the administration of laud"
coffee,1890,3,2365,2169,8.1784,True,"gut ran.teed pate, with the addition of the auger neoemary in thdi sd. bmslnkula 9d. luraottle. lipton's essence of coffee & chicory, guaranteed finest ever made. moat delicious and fragrant. 0•12 44."
coffee,1890,3,2365,2170,8.1802,True,"the biggest show in england for sixpence. refreshments of every description and of the best possible kind. meat and plain teas cup of tea or coffee 2d. a new tee room hes been added. chas. iddeson, se"
coffee,1890,3,2365,2171,8.1824,True,after dinner coffee. after-dinner or black coffee is made by simply doubling the proportion of coffee to the amount of water. use two tablespoonsful of coffee to every c...
coffee,1890,3,2365,2173,8.1856,True,".vi azawattee coffee :offee this time, sah true aroma and fragrant and digestive. refreshing and exhilarating. something new in the coffee pot. an absolutely pure coffee...."
coffee,1890,3,2365,2174,8.1997,True,"...jackson, 11, •rc•dif. coln'. has slimy§ on hand • choice aeleotioa et confectionery & biscuits. reef and kidney pies every friday & saturday. tea and coffee at any time. dinnerv:made to order. rir"
coffee,1890,3,2365,2175,8.2022,True,"final heat. j. benson 1 b. wildman 2 j. h. mawsou 3 time, 3m. 3secs. 440 yards' flat race handicap.—first prize, silver-plated tea and coffee service second, calved oak aneroid barometer; third, inkst"
coffee,1890,3,2365,2176,8.2099,True,"...s. t. jackson, 21, arcade, cor,nr,, has alwava on hand a choice vdertion ~f confecffehy & bs cut. beef and kidney iie ev-ry frid.ly sotorday. tea and coffee at any tinie. 'pitmen"
coffee,1890,3,2365,2177,8.2122,True,"lipton's great tea, coffee, and provision market, at 59, lynn street, west hartlepool. these premises, which have been specially reconstructed and magnificently fitted up as a ..."
coffee,1890,3,2365,2178,8.2128,True,"lipton's great tea, coffee, and provision market, at 59, lynn street west hartlepool, these premises, which have been specially reconstructed and magnificently fitted up as a l..."
coffee,1890,3,2365,2180,8.2145,True,...st show in england for sixpence. refreshments of every description and of the best possible kind. meat and plain teas • is. and is. 6d. cup of tea or coffee 2d. a new tea room has been added.
coffee,1890,3,2365,2182,8.2195,True,"edde6 da delion coffee the best and cheapest ever offered to the public. sold by all grocers and druggists, in canister 6d., 10d., and is. bd. each. wholess:a by j., geddin..."
coffee,1890,3,2365,2183,8.2224,True,"the first drink of coffee. in the bibliotheque nationale there is a manuscript (near the end of the sixteenth century), written by an arab, abdelcader, who declares that coffe..."
coffee,1890,3,2365,2184,8.2229,True,"geddes dandelion coffee the best and cheapest ever offered to the public. bold by all grocers and druggists, in canister 5d., 10d., and is. bd. each.' wholesale by 1., gedde..."
coffee,1890,3,2365,2185,8.2233,True,"the comet. who made the first cup of coffee? in the biblioth4que nationale there is a manuscript (near the end of the sixteenth century), written by an arab, abdelcader, who declares that coffe..."
coffee,1890,3,2365,2189,8.2349,True,"...leasure ant comfort by thorn who can- not drink the cirictrrry colfeh whiht t hose who coon, t use our co/fee and chi- cory pan ws will find our pore coffee i.entu 1"
coffee,1890,3,2365,2190,8.235,True,".vi azawattee coffee :offee this time, sah true aroma and fragrant and digestive. refreshing and exhilarating. something new in the coffee pot. an absolutely pure coffee...."
coffee,1890,3,2365,2192,8.2374,True,"geddes's dandelion coffee the best and cheapest ever offered to the public. bold by all grocers and druggists, in canister bd., 10t1., and is. 8d each. wholesale by j. gamma &..."
coffee,1890,3,2365,2193,8.2381,True,"now open • lipton s great tea, coffee, and .provision market, at 59 lynn street, west hartlepool, these premises, which have been specially reconstructed and magnificently fitted up as a ..."
coffee,1890,3,2365,2194,8.2406,True,".... jackson, 21 arcade, colne. has always on hand a choioe selection et confectionery & biscuits. epef and kidnry pies every friday & saturday, tea and coffee at way tine. dinners"
coffee,1890,3,2365,2195,8.2439,True,"lipton's great tea, coffee, and provision market, at 59, lynn street west hartlepool, these premises, which have been specially reconstructed and magnificently fitted up as a l..."
coffee,1890,3,2365,2196,8.245,True,"v .1. ..',., i :, •. • coffee real coffee this time, true aroma and fine flavour. fragrant refreshing and and digestive. exhilarating. something new in the coffee pot. an absolute..."
coffee,1890,3,2365,2197,8.2458,True,...lebrated original superfatted gold cream soap. guaran- teed pure and neutral. from all chemists. dr tibbles' new essence of dande- lion roots used as coffee le th
coffee,1890,3,2365,2198,8.2556,True,"a grocer heavily fined. at liverpool, on wednesday, t. stewart, grocer, 13, windsor-street, was summoned for selling as coffee a mixture of half coffee and half chicory. the police witness, who made t"
coffee,1890,3,2365,2199,8.2574,True,"...t.&,. before e. clark, w. sharpie., and r. preston, ewqrs. alleoria false pretence, edward andrews, wir4 charged with obtaining a quantity of tea and coffee on the 20th march, by talkie pr"
coffee,1890,3,2365,2202,8.2688,True,".... james's gazdie, is always one of the most interesting questions answered in the budget. it appears from sir w. harcourt's statement that while less coffee and coco"
coffee,1890,3,2365,2203,8.2697,True,the wickedness of a pint of beer. i see that the bridgend and cowbridge guardians have decided in favour of tea and coffee instead of beer for the inmates of the workhouse at christmas time. i was nev
coffee,1890,3,2365,2210,8.3058,True,after dinner coffee. after-dinner or black coffee is made by simply doubling the proportion of coffee to the amount of water. use two tablespoonsful of coffee to every c...
coffee,1890,3,2365,2211,8.3084,True,the want of the day. a pure fine coffee is supplied in the mazawattee coffee which is admitted by connoisseurs to be all. that can be desired. 14 blend of coffee and chicory (for those who ...
coffee,1890,3,2365,2213,8.3253,True,the wickedness of a pint of beer. i see that the bridgencl and cowbridge guardians have decided in favour of tea and coffee instead of beer for the inmates of the workhouse at christmas time. i was ne
coffee,1890,3,2365,2214,8.3299,True,"th lose who cannot take ordinary coffee can drink symington's edinburgh coffee essence with comfort and pleasure. in bottles from all grocers. ae:arls' r 4 'l*k; 40, • i p t d, 1 p n • :1? ..."
coffee,1890,3,2365,2215,8.3338,True,"the comet. patronised by the rich, the witty, and the gay, a floating coffee house, adjacent to somerset house, of which an old engraving still survives. it was constructed on very similar lines to th"
coffee,1890,3,2365,2218,8.3378,True,"...ss he prefers to work in hp, cell, which he will be permitted to do. he will work at carpentry, bookbinding, making ty)ots or wooden shoes, sort- ing coffee grains, etc., et"
coffee,1890,3,2365,2219,8.3481,True,"liverpool produce. cane firm, with moderate inquiry. beet slow. rice dull. linseed soaroe, sellers strong. coffee and cocoa unchanged. logwood full prices. fustic quiet. potash 2s 6d. castor oil same "
coffee,1890,3,2365,2222,8.3598,True,"the ragged school. coffee and buns were distributed to fifty or sixty children attending the ragged school, held in connection with the good tempters lodge, in the victoria ha..."
coffee,1890,3,2365,2225,8.3721,True,"v .1. ..',., i :, •. • coffee real coffee this time, true aroma and fine flavour. fragrant refreshing and and digestive. exhilarating. something new in the coffee pot. an absolute..."
coffee,1890,3,2365,2227,8.3854,True,"lipton's great tea, coffee, and provision market, at 59, lynn street, west hartlepool. these premises, which have been specially reconstructed and magnificently fitted up as a ..."
coffee,1890,3,2365,2228,8.3868,True,"a grocer heavily fined. at liverpool, on wednesday, t. stewart, grocer, 13, windsor-street, was summoned for selling as coffee a mixture of half coffee and half chicory. the police witness, who made t"
coffee,1890,3,2365,2229,8.3921,True,"a nsw mincing machin& sausage machines we know, and fruit and vege- table mincers, and coffee mills also, but the ""ideal"" food cutter is all of them in one, and can be used indifferently for all kinds"
coffee,1890,3,2365,2231,8.3938,True,a broad hint. oscar wilde does not appear to have lost his nimble wit. at a dinner party in london the other night the coffee had been sipped and the men wsre becoming weary of the tardiness in bringi
coffee,1890,3,2365,2232,8.4064,True,after dinner coffee. after-dinner or black coffee is made by simply doubling the proportion of coffee to the amount of water. use two tablespoonsful of coffee to every c...
coffee,1890,3,2365,2234,8.419,True,"fifty years ago. tobacco, tea, and coffee in 1841 make an interest- ing comparison with the present day. we smoke just twice as much-26 ounces a head as against 13. and the increase in comfor..."
coffee,1890,3,2365,2235,8.4199,True,sixpence. refreshments of every description and of the best possible kind. meat and plain teas cup of tea or coffee 2d. a new tea room bee been added. july uth. rs-engagement 02. tem faxoct.3 brescian
coffee,1890,3,2365,2237,8.4263,True,"'twas ever thus. _ wife: john, i wish you'd go into coffee and co.'s when you're down town and see why they haven't sant up the groceries i ordered by post- card two days ago. it's shameful to neglect"
coffee,1890,3,2365,2238,8.4444,True,"etbe.kotork, ged des's dandelion coffee the best and cheapest ever offered to the public. bold by all grocers and druggists, ia canister 5d.. 10d., and is. bd. each. wholesale by l. geddrb ..."
coffee,1890,3,2365,2239,8.4453,True,"v .1. ..',., i :, •. • coffee real coffee this time, true aroma and fine flavour. fragrant refreshing and and digestive. exhilarating. something new in the coffee pot. an absolute..."
coffee,1890,3,2365,2240,8.449,True,"...ossip. evreare non a lie...vras on ..f000s"" irr asi.usw the consumptioe of cocoa happily mcreases year by year. i say • happily,' because, as tea and coffee are not foods, while cocoa le a tr"
coffee,1890,3,2365,2242,8.4556,True,"64,0.9.10.0.00.200•04.6.006.0441 0 symington's edinburgh coffee 0 essences are made from a se- lection of the finest coffees grown. e. sold in small and large bottles by all grocers. 0•006.0.000•04,11"
coffee,1890,3,2365,2243,8.4565,True,"...n, 21, aiicai)f, 1'77, has always on hand a choice aelectioti ..f confectionery (v, biscuits. beef and kidney pies ev..?ry friday & salnelay. tea and coffee at any tim"
coffee,1890,3,2365,2244,8.4596,True,"for bile, liver, acidity, indigestion, ez.c. thosewho cannot tdke ordinary coffee can drink symington's 1 edinburgh coffee essence with comfort and pleasure. in bottles from all grocers. c*aowt•wietok"
coffee,1890,3,2365,2247,8.4803,True,"rddes dandelion coffee the be and cheapest ever offered to the public. sold by all grocers and druggists, ir canister 5d., 10d., al u 1 le. ed. each. wholesale by j., gedde..."
coffee,1890,3,2365,2250,8.4937,True,"amusements. now open a / lipton s great tea, coffee, and provision market, at 59, lynn street, west hartlepool, these premises, which have been specially reconstructed and magnificently fitted up as a"
coffee,1890,3,2365,2251,8.4958,True,"...ofer for • those who cannot take ordinary .... i, „...,harneises.etts of- tens s and preserves the nr. pli asant odour, allows polish' ...-i-t- • ..f coffee can drink symington'"
coffee,1890,3,2365,2252,8.4965,True,"hoc be. how to pour tea and comp/dc—there is evte to be learned about pouring tea and coffee than most people are willing to believe. if those decoctions are made at the table, which is by far the bes"
coffee,1890,3,2365,2253,8.504,True,"... jackson, 21, arcade, colne, has always on hand a choice selection of confectionery & biscuits, beef and kidney pies every friday & saturday. tea and coffee at any time. "
coffee,1890,3,2365,2257,8.5267,True,"coffee flavouring. a flavouring of coffee is one of the most delicious of the new flavourings. it may be used in custards, ice- creams, the icing of cake, a..."
coffee,1890,3,2365,2261,8.5412,True,"atuto to noustvotbto a cup of 0001) coffee. or course no well-regulated housewife buys the triply of family coffee in the state whi:th is knoww •' ground."" oround coffee may sometimes be nices..."
coffee,1890,3,2365,2263,8.5471,True,"the coffee pot pure coffee. 'or 115:eakfl,'; 707: ..7.2.1:117..' for stj true aroma, 'me flavour, fragrant. digestive, refreshing, exhilarating rr.:t. corrrr, t..."
coffee,1890,3,2365,2264,8.5505,True,"fifty years ago. tobacco, tea, and coffee in 1841 make an interest- ing comparison with the present day. we smoke just twice as much-26 ounces a head as against 13. and the increase in comfor..."
coffee,1890,3,2365,2265,8.5516,True,"the westbourne arcade restaurant. breakfasts, luncheons, dinners, teas tea, coffee and chocolate always ready. chops and steaks. a.p.lbtments. cne.rges moden.a.te. e. e. hann, proprietress."
coffee,1890,3,2365,2266,8.5642,True,"vinegar. purity and quality guaranteed. estab. over 250 years. soutuwark, london. coffee. coffee. refreshing at all times. lipton's delicious blends of finest coffee and chicory 10d., is., and is 2d p"
coffee,1890,3,2365,2267,8.5662,True,"coffee the bacilliade. moral philosophers and medical men have both, from time to time, spoken disrespect- fully of coffee. the latter have shown up its evi..."
coffee,1890,3,2365,2268,8.5744,True,"liverpool produce. sugar cane firm. beet rathrr dearer. coffee and cocoa buietly steady. rice quiet. linseed firm inquiry. log-wood steady. ustic rather weaker, potash, 255. 6d. pearl unchanged. casto"
coffee,1890,3,2365,2272,8.6039,True,"...ckson, 21, arcade, .colne, has always on hand a choice selection of confectionery and biscuits. beef and kidney pies every friday & saturday. tea and coffee at any time. d"
coffee,1890,3,2365,2277,8.6256,True,"...ldren. a letter was read from the head-teachers of the ward-jackson school stating that dinners on alternate days of soup and bread and pudding, with coffee and bread, had been supp"
coffee,1890,3,2365,2278,8.6343,True,"garotting at a coffee stall. frederick bateman, a rough-looking young fellow, was charged at southwark with being eon- cerned, with other two men not in custody, with robb..."
coffee,1890,3,2365,2279,8.6442,True,"jackson, 21, arcade colne, has always on hand a choice sb ection of confectionery & biscuits beef and 'kidney pies every friday & saturday. tea and coffee at any time. dinners made to order' lirc3o"
coffee,1890,3,2365,2280,8.6443,True,"...ty of their spirits. but on one point error is often made, and that is concerning the drinks that are daily given to children. much too often tea and coffee are given them but the"
coffee,1890,3,2365,2282,8.6628,True,"&ddss dandelion coffee the bast sod cheapest ever offered to the public. sold by all grocers and druggists, la diabase bd.. 10d.. mai is. bd. each.. wholegail by d.. 011dob..."
coffee,1890,3,2365,2284,8.6749,True,"coffee for the inebriate. a traveller has made the observation that coffee-drinking people are very seldom given to drunkenness. in brazil, for instance, wh..."
coffee,1890,3,2365,2285,8.6756,True,"ge d des'b dandelion coffee the best and cheapest ever offered to the public. sold by all grocers and druggists, in canister 5d.. icd.. and is. 8d each. wholesale hv i grubem & ..."
coffee,1890,3,2365,2287,8.6815,True,"pr littu, one could buy 251 b. of coal, 6oz. of tea, 6oz. of coffee, two loaves of bread, 111 b. of sugar, and sitb. of flour. he also had 20. beds in his lodging-house. besides this he established a "
coffee,1890,3,2365,2288,8.6995,True,"dr. haine's golden specific. it can be given in • cup of coffee or tea, or in articles of food, without the knowledge of the patient, if necessary; it is absolutely hermless and will effect a permanen"
coffee,1890,3,2365,2291,8.7193,True,those who cannot take °roma: y coffee can drink symington's edinburgh coffee essence with comfort and pleasure. in bottles from all grocers.
coffee,1890,3,2365,2293,8.7382,True,"geddes's dandelion coffee the best and cheapest ever offered to the pub'ie. sou by ku groom and druggists. in oanister bd., 104.. and is. 8d efteh. wholesale by j. gamma i sox..."
coffee,1890,3,2365,2298,8.7568,True,"of pure vegetable ingredients. for bile, liver, acidity, indigestion, &c. aekow,,wwwkat sy ming to n s those who cannot take ordinary edinburgh coffee can drink symington's coffee essence edinburgh co"
coffee,1890,3,2365,2299,8.7655,True,"a grocer heavily fined. at liverpool, on wednesday, t. stewart, grocer, 13, windsor-street, was summoned for selling as coffee a mixture of half coffee and half chicory. the police witness, who made t"
coffee,1890,3,2365,2300,8.7819,True,"...n, _ _ _ 21, arcade, colne, ha a always on hand a choice election of confectionery & biscuits,. beef and kidney pies every friday & saturday, tea and coffee at any ti"
coffee,1890,3,2365,2302,8.7888,True,"mazawattee coffee which is admitted by connoisseurs to be all, that can be desired. blend of coffee and chicory 1/4 (for those who prefer a small troprtion of chicory ..."
coffee,1890,3,2365,2303,8.7892,True,"!the alleged plague on a sunderland steamer. new yin's. saitril, the tica!t% office, hoe decided to discharge the coffee on board the british steamer j. w. tolor, detained here in quarantine on snapte"
coffee,1890,3,2365,2308,8.8466,True,"dandelion coffee the beat and cheapest ever offered to the public. sold by all firocere and druggists, in canister 5d., 10d., and is. bd. each. wholesale by j. grddes..."
coffee,1890,3,2365,2310,8.8602,True,after dinner coffee. after-dinner or black coffee is made by simply doubling the proportion of coffee to the amount of water. use two tablespoonsful of coffee to every c...
coffee,1890,3,2365,2312,8.8761,True,"...ackson, 21, arcade, colne, has always on hand a choice selection of conf ec tionery & biscuits. beef and kidney pies every friday & saturday. tea and coffee at any time. dtnners made to order. rec"
coffee,1890,3,2365,2315,8.9014,True,"eddes dandelion coffee the best and cheapest ever offered to the public. sold by all grocers and druggists, la canister 5d.. 10d., and ls. bd. each. wholesale by j., gbddbs..."
coffee,1890,3,2365,2316,8.9075,True,"...'s antibilious pills. of pure vegetable ingredients. for bile, liver, acidity, indigestion, &c. symingto n s those who cannot take ordinary edinburgh coffee can drink symington's coffee essence "
coffee,1890,3,2365,2319,8.929,True,posters handbills tea cik coffee papers biscuit bags pamphlets
coffee,1890,3,2365,2322,8.9549,True,"lovers of good coffee should drink and enjoy weeldig's 11 pure is. 6d-, is. scl, and is. 10.1.• pound. weed 10d., is., 3. 4d., and is. f3d. • pound. lovers of good tea sho..."
coffee,1890,3,2365,2324,9.0173,True,"for bile, liver, acidity, indigestion, ez.c. thosewho cannot tdke ordinary coffee can drink symington's 1 edinburgh coffee essence with comfort and pleasure. in bottles from all grocers. c*aowt•wietok"
coffee,1890,3,2365,2329,9.0774,True,"...,jackson, 21, arcade ccilne, has always on hand a choice stiration of confectionery & biscuits. beef and kidney pies every friday & saturday. tea and coffee at any time. dinners made to order. rrc3"
coffee,1890,3,2365,2332,9.1492,True,"tea and coffee are served in their cafe, 84, the parade. ""household"" self-basting enamelled steel roasting and basting pan. b. & c., ltd., have been appointed speci..."
coffee,1890,3,2365,2336,9.2094,True,"••••••=0.9 (d. 6., 4.6••••••• e+ isymington's edinburgh coffee e essences are made from a se- e lection of the finest coffees grown. sold in small and large bottles 1106, by all grocers. 44,414.0.0.14"
coffee,1890,3,2365,2337,9.2167,True,"delicious blends of ftnest coffee and 10d, ls, and le 2d per lb. pure coffee. richest and best, for le tel per lb. no higher price. °deere essences. llpton's essence of coffee. 5d and..."
coffee,1890,3,2365,2338,9.222,True,"geddes's dandelion coffee the best and cheapest ever offered to the public. sold by all grocers and druggists, in canister 5d., 10d., and is. bd. each. wholesale by 1. gbddiis..."
coffee,1890,3,2365,2339,9.2334,True,"they must givic people something beyond in switzerland and germany they had recreation grounds in nearly every town and village, where tea and coffee were sold just at, freely as beer. the english pso"
coffee,1890,3,2365,2341,9.3097,True,"geddes dandelion coffee the best and cheapest over offered to the public. sold by all grocers and druggists, hi canister 100.., and ls. bd. each. wholesa:o by j. 03;iddr3 in..."
coffee,1890,3,2365,2347,9.5923,True,"q.eddes dandelion coffee the best and cheapest ever offered to the publle. sold by all grocers and druggists, in canister 5d., 10d., and is. bd. each. wholesa:e by j. geddes ..."
coffee,1890,3,2365,2350,9.6594,True,"no. 826 home liints. stains on ctovinso.--the careful honeekeeper looks•over the articles for the general wash to dis- cover stains of coffee, tea, fruit, mildew, and paint, which are so frequently fo"
coffee,1890,3,2365,2351,9.6777,True,"cooking arrangsmicnts and bill of iiie-:-.:ii-itiea-f;w:m—sunday two! companies had bacon, oread, and coffee; two, tinned meat, bread, and coffee whilst the men in the remaining two companies hada cou"
coffee,1890,3,2365,2355,9.8737,True,"gedde's dandelion coffee the best and cheapest ever offered to the public. sold by all grocers and drt4gists, in canister lod., and is. bd. eaala. wholesa:e i,yy d. geddes aw..."
coffee,1890,3,2365,2356,9.951,True,"diet and theatmfint. the plea for uniformity of diet and treatment in all casual warde needs no elaboration. if one union gives gruel or coffee, and its neighbour offer,. only bread and cold water, th"
coffee,1890,3,2365,2360,10.2091,True,"geddes's dandelion coffee the but and cheapest ever offered to the public. sold by sal grocers and druggists, in oanister ed., 10d., and 18. 8d eae.h. wholesae by t. geddes & ..."
coffee,1890,3,2365,2361,10.2973,True,"i the coffee cooler defeated i (reateep telegram.) tom r. of syracuse. defeated frank craig. the coffee cooler, in a fight at the tenth round ye.iierday. (neater'..."
coffee,1890,3,2365,2363,11.0784,True,"-hints for the household. ••• •- tea and coffee. to ensure having good tea and coffee, among other things, be careful that no water is used which has been standing in the tea-kettle for hours. empt..."
coffee,1890,3,2365,2364,11.0838,True,"malt•oovnz (pimuirras.): malt-w/17le nrnawier"" malt-coffee th.paa.:44, *t°varri. dongeoiioil nil 4 lt-coffee li. malt-coffee 0' ""f""'""alah.v.. mow • malt-coffee h o. woad.) to iv= dauer. gales% malt-co"
coffee,1890,3,2365,2365,11.5221,True,"'twas ever thus. _ wife: john, i wish you'd go into coffee and co.'s when you're down town and see why they haven't sant up the groceries i ordered by post- card two days ago. it's shameful to neglect"
